Samra (SEPGCO),Amman East (IPP1),Qatrana (IPP2),Zarqa (ACWA),IPP4 (Levant),IPP3 (Amman Asia),Rehab,Risha,Aqaba steam
868.1293574211384,294.1624812652108,296.02013105714883,0.0,0.0,0.0,65.0,35.0,55.0
797.9282318897705,270.791174877128,272.90555492863217,0.0,0.0,0.0,65.0,35.0,55.0
745.4601581079478,253.32354286032248,255.6298022029203,0.0,0.0,0.0,65.0,35.0,55.0
728.4866737354655,247.67274309407995,250.04107561592815,0.0,0.0,0.0,65.0,35.0,55.0
741.8713128270117,252.12874716430898,254.44813115659784,0.0,0.0,0.0,65.0,35.0,55.0
785.2245633446862,266.5618790136714,268.72271723943317,0.0,0.0,0.0,65.0,35.0,55.0
911.064998913587,308.45658302915643,310.1572142789905,0.0,0.0,0.0,65.0,35.0,55.0
1056.2106650843978,356.7783700276375,357.9481937687762,0.0,0.0,0.0,65.0,35.0,55.0
1111.1376153686076,375.06460937691486,373.0,0.0,0.0,0.0,65.0,35.0,55.0
1117.1969053311645,377.0818636750083,373.0,0.0,0.0,0.0,65.0,35.0,55.0
1129.9491649450122,380.0,373.0,0.0,0.0,0.0,65.0,35.0,55.0
1150.0,380.0,373.0,0.0,0.0,0.0,132.50408839980835,35.0,55.0
1150.0,380.0,373.0,0.0,0.0,0.0,200.98944050716142,35.0,55.0
1150.0,380.0,373.0,0.0,0.0,0.0,202.08359075293745,35.0,55.0
1150.0,380.0,373.0,0.0,0.0,0.0,191.23440484948947,35.0,55.0
1150.0,380.0,373.0,0.0,0.0,0.0,206.46566583087767,35.0,55.0
1150.0,380.0,373.0,0.0,0.0,0.0,260.14891364089874,35.0,55.0
1150.0,380.0,373.0,0.0,0.0,0.0,297.0,35.0,155.0899371659501
1150.0,380.0,373.0,0.0,250.0,0.0,297.0,35.0,98.45889850102063
1150.0,380.0,373.0,0.0,250.0,0.0,297.0,35.0,80.85040841695616
1150.0,380.0,373.0,0.0,250.0,0.0,228.00098349081105,35.0,55.0
1150.0,380.0,373.0,0.0,181.84837046730595,0.0,65.0,35.0,55.0
1004.461733248532,339.55015421147345,340.909227293017,0.0,147.04468872212507,0.0,65.0,35.0,55.0
892.8400808305863,302.3891568847537,304.1564378914771,0.0,125.36744028153853,0.0,65.0,35.0,55.0
871.7004648502161,295.35137168880436,297.1959616995741,0.0,121.26206558390142,0.0,65.0,35.0,55.0
805.3804887215902,273.27217466710033,275.3593013118207,0.0,112.5,0.0,65.0,35.0,55.0
829.6599522885057,281.35527558130326,283.3536105871933,0.0,0.0,0.0,65.0,35.0,55.0
824.9158789333169,279.7758822158491,281.79156661855666,0.0,0.0,0.0,65.0,35.0,55.0
851.6667736145588,288.68177013457307,290.5996247078704,0.0,0.0,0.0,65.0,35.0,55.0
921.039988118938,311.7774490006273,313.44160104092634,0.0,0.0,0.0,65.0,35.0,55.0
1011.4545339293162,341.87819220209485,343.21169213904443,0.0,0.0,0.0,65.0,35.0,55.0
1126.7875026502386,380.0,373.0,0.0,0.0,0.0,65.0,35.0,55.0
1150.0,380.0,373.0,0.0,0.0,0.0,157.3624405704485,35.0,55.0
1150.0,380.0,373.0,0.0,0.0,0.0,86.4658496807962,35.0,55.0
1150.0,380.0,373.0,0.0,0.0,0.0,110.08062369896975,35.0,55.0
1150.0,380.0,373.0,0.0,0.0,0.0,121.19778223100792,35.0,55.0
1150.0,380.0,373.0,0.0,0.0,0.0,208.42031408946295,35.0,55.0
1150.0,380.0,373.0,0.0,0.0,0.0,297.0,35.0,82.16370114465893
1150.0,380.0,373.0,0.0,0.0,0.0,297.0,35.0,175.75175285484224
1150.0,380.0,373.0,0.0,250.0,0.0,246.0592360293618,35.0,55.0
1150.0,380.0,373.0,0.0,250.0,0.0,297.0,35.0,92.18388703540892
1150.0,380.0,373.0,0.0,250.0,445.08155326663365,65.0,35.0,55.0
1150.0,380.0,373.0,0.0,250.0,573.0,166.40423037254578,35.0,55.0
1150.0,380.0,373.0,0.0,250.0,573.0,140.56389687726696,35.0,55.0
1150.0,380.0,373.0,0.0,250.0,523.2075726075498,65.0,35.0,55.0
1150.0,380.0,373.0,0.0,250.0,250.02337125532063,65.0,35.0,55.0
1075.7862433337702,363.29545694792546,364.39369147668225,0.0,160.89611531838875,143.25,65.0,35.0,55.0
1027.5202054141755,347.2267635784207,348.50151026919093,0.0,151.52271085284426,0.0,65.0,35.0,55.0
936.1576502878734,316.8104098220865,318.41927555033163,0.0,133.779837828316,0.0,65.0,35.0,55.0
879.315040651667,297.8864105891632,299.70315358170933,0.0,122.74083827577739,0.0,65.0,35.0,55.0
835.6437293040159,283.3473901653489,285.32384209436873,0.0,114.25974302855238,0.0,65.0,35.0,55.0
817.1340407520688,277.1851584486758,279.22930155943186,0.0,112.5,0.0,65.0,35.0,55.0
876.300751634693,296.88289573630726,298.7106621874643,0.0,0.0,0.0,65.0,35.0,55.0
885.9141381646868,300.0833772146157,301.875986861655,0.0,0.0,0.0,65.0,35.0,55.0
991.032749943808,335.07938709884485,336.48757087973166,0.0,0.0,0.0,65.0,35.0,55.0
1100.9164081371498,371.66177268370893,372.6681045017317,0.0,0.0,0.0,65.0,35.0,55.0
1128.9288736239223,380.0,373.0,0.0,0.0,0.0,65.0,35.0,55.0
1104.728051302815,372.93074208544596,373.0,0.0,0.0,0.0,65.0,35.0,55.0
1123.2424898162512,379.09455515575763,373.0,0.0,0.0,0.0,65.0,35.0,55.0
1138.8413623478766,380.0,373.0,0.0,0.0,0.0,65.0,35.0,55.0
1150.0,380.0,373.0,0.0,0.0,0.0,268.64114950109956,35.0,55.0
1150.0,380.0,373.0,0.0,0.0,0.0,246.03706965891632,35.0,55.0
1150.0,380.0,373.0,0.0,0.0,0.0,297.0,35.0,157.98366485819935
1150.0,380.0,373.0,0.0,0.0,0.0,297.0,35.0,195.78268343059386
1150.0,380.0,373.0,0.0,250.0,0.0,257.71794671073144,35.0,55.0
1150.0,380.0,373.0,0.0,250.0,0.0,297.0,35.0,174.9188754689632
1150.0,380.0,373.0,0.0,250.0,573.0,65.02466390886136,35.0,55.0
1150.0,380.0,373.0,0.0,250.0,564.6447083306505,65.0,35.0,55.0
1150.0,380.0,373.0,0.0,250.0,476.38787466048336,65.0,35.0,55.0
1150.0,380.0,373.0,0.0,250.0,246.93234787114164,65.0,35.0,55.0
1082.812899932317,365.63476622545403,366.7073037962379,0.0,162.26071239694707,143.25,65.0,35.0,55.0
1034.9467671576574,349.6992089787351,350.9467962313958,0.0,152.96497066969434,0.0,65.0,35.0,55.0
941.698931918394,318.65520917237166,320.243810059269,0.0,134.85597078264902,0.0,65.0,35.0,55.0
879.9731008341755,298.10549149464424,299.91982791663776,0.0,122.86863547064135,0.0,65.0,35.0,55.0
833.5127300071161,282.63793946774746,284.62218460518795,0.0,113.8458967882849,0.0,65.0,35.0,55.0
815.6952364246218,276.7061527843829,278.7555576997846,0.0,112.5,0.0,65.0,35.0,55.0
883.4637620420692,299.26759982224115,301.0691706603331,0.0,0.0,0.0,65.0,35.0,55.0
912.6992105001123,309.00064353249644,310.6952983601348,0.0,0.0,0.0,65.0,35.0,55.0
1015.7760913080748,343.3169218635946,344.6346175732019,0.0,0.0,0.0,65.0,35.0,55.0
1150.0,380.0,373.0,0.0,0.0,0.0,89.03096482765292,35.0,55.0
1150.0,380.0,373.0,0.0,0.0,0.0,120.77347591753336,35.0,55.0
1150.0,380.0,373.0,0.0,0.0,0.0,71.94517224682261,35.0,55.0
1150.0,380.0,373.0,0.0,0.0,0.0,122.14076935134037,35.0,55.0
1150.0,380.0,373.0,0.0,0.0,0.0,135.87409532630818,35.0,55.0
1150.0,380.0,373.0,0.0,0.0,0.0,243.9015527043523,35.0,55.0
1150.0,380.0,373.0,0.0,0.0,0.0,256.4442086818626,35.0,55.0
1150.0,380.0,373.0,0.0,0.0,0.0,297.0,35.0,107.1946952026822
1150.0,380.0,373.0,0.0,0.0,0.0,297.0,35.0,155.78713218189606
1150.0,380.0,373.0,0.0,250.0,0.0,230.7918836145681,35.0,55.0
1150.0,380.0,373.0,0.0,250.0,0.0,297.0,35.0,159.33466183324506
1150.0,380.0,373.0,0.0,250.0,538.9361863725451,65.0,35.0,55.0
1150.0,380.0,373.0,0.0,250.0,501.506308877266,65.0,35.0,55.0
1150.0,380.0,373.0,0.0,250.0,383.96388365391806,65.0,35.0,55.0
1150.0,380.0,373.0,0.0,231.5513558654578,143.25,65.0,35.0,55.0
1074.8096264604135,362.97032238636075,364.0721284690135,0.0,160.70645349080934,0.0,65.0,35.0,55.0
937.4450454281717,317.23900845264546,318.8431660898731,0.0,134.02985369614208,0.0,65.0,35.0,55.0
838.0936385518163,284.1630121261073,286.1305045714673,0.0,114.73552250566146,0.0,65.0,35.0,55.0
763.8042445203253,259.4306424361202,261.66981621519597,0.0,112.5,0.0,65.0,35.0,55.0
774.0520848675442,262.84234580637445,265.04404254085273,0.0,0.0,0.0,65.0,35.0,55.0
755.0020131964349,256.5002101444399,258.77157427823494,0.0,0.0,0.0,65.0,35.0,55.0
765.1925943282356,259.8928508193748,262.12694730939216,0.0,0.0,0.0,65.0,35.0,55.0
834.7601928808593,283.05324387788806,285.0329269593081,0.0,0.0,0.0,65.0,35.0,55.0
988.4799870832009,334.2295231899719,335.64704259713045,0.0,0.0,0.0,65.0,35.0,55.0
1133.2786789854235,380.0,373.0,0.0,0.0,0.0,65.0,35.0,55.0
1150.0,380.0,373.0,0.0,0.0,0.0,119.32689137544017,35.0,55.0
1150.0,380.0,373.0,0.0,0.0,0.0,109.0925013271266,35.0,55.0
1150.0,380.0,373.0,0.0,0.0,0.0,66.49555865041718,35.0,55.0
1150.0,380.0,373.0,0.0,0.0,0.0,180.45569369742228,35.0,55.0
1150.0,380.0,373.0,0.0,0.0,0.0,264.60869509639633,35.0,55.0
1150.0,380.0,373.0,0.0,0.0,0.0,286.89610441999906,35.0,55.0
1150.0,380.0,373.0,0.0,0.0,0.0,292.3929609430363,35.0,55.0
1150.0,380.0,373.0,0.0,0.0,0.0,297.0,35.0,65.29564603504568
1150.0,380.0,373.0,0.0,0.0,0.0,297.0,35.0,131.5111866105474
1150.0,380.0,373.0,0.0,250.0,0.0,272.1992922345758,35.0,55.0
1150.0,380.0,373.0,0.0,250.0,417.4753003954824,65.0,35.0,55.0
1150.0,380.0,373.0,0.0,250.0,391.2914395430823,65.0,35.0,55.0
1150.0,380.0,373.0,0.0,250.0,271.4911153757077,65.0,35.0,55.0
1103.7157558919,372.59372945175005,373.0,0.0,166.32010761228642,143.25,65.0,35.0,55.0
1028.4899683762853,347.54961634096156,348.8208165430524,0.0,151.71104163099315,0.0,65.0,35.0,55.0
899.1785364487464,304.4993508048368,306.2434516510744,0.0,126.59838673492034,0.0,65.0,35.0,55.0
726.9757020896157,247.16971153993364,249.54356978718724,0.0,112.5,0.0,65.0,35.0,55.0
730.5222302723381,248.35041905915054,250.71130741320061,0.0,0.0,0.0,65.0,35.0,55.0
683.795509551611,232.79419402417557,235.32596515323107,0.0,0.0,0.0,65.0,35.0,55.0
674.8557304461891,229.8179694275879,232.38243393289378,0.0,0.0,0.0,65.0,35.0,55.0
698.1456643477673,237.5716368631444,240.05092850646875,0.0,0.0,0.0,65.0,35.0,55.0
781.8018265156709,265.4223840196638,267.595739425284,0.0,0.0,0.0,65.0,35.0,55.0
951.1606780877033,321.80520665482493,323.3592052966498,0.0,0.0,0.0,65.0,35.0,55.0
1084.2160405297307,366.10189874732595,367.16930493813476,0.0,0.0,0.0,65.0,35.0,55.0
1107.5031679851384,373.8546318629151,373.0,0.0,0.0,0.0,65.0,35.0,55.0
1150.0,380.0,373.0,0.0,0.0,0.0,116.73777699743908,35.0,55.0
1150.0,380.0,373.0,0.0,0.0,0.0,122.04951671011781,35.0,55.0
1150.0,380.0,373.0,0.0,0.0,0.0,104.26617164738198,35.0,55.0
1150.0,380.0,373.0,0.0,0.0,0.0,166.9589823598575,35.0,55.0
1150.0,380.0,373.0,0.0,0.0,0.0,202.23075465486204,35.0,55.0
1150.0,380.0,373.0,0.0,0.0,0.0,219.36762773775033,35.0,55.0
1150.0,380.0,373.0,0.0,0.0,0.0,240.45246592159293,35.0,55.0
1150.0,380.0,373.0,0.0,0.0,0.0,297.0,35.0,81.00455307333746
1150.0,380.0,373.0,0.0,250.0,0.0,233.67109643120725,35.0,55.0
1150.0,380.0,373.0,0.0,250.0,384.8146873677976,65.0,35.0,55.0
1150.0,380.0,373.0,0.0,250.0,374.9410865960111,65.0,35.0,55.0
1150.0,380.0,373.0,0.0,250.0,275.66492865253053,65.0,35.0,55.0
1118.407340946233,377.48484099778887,373.0,0.0,169.1732560141424,143.25,65.0,35.0,55.0
1046.3717215453462,353.5027962779905,354.70860170047,0.0,155.18372992759333,0.0,65.0,35.0,55.0
930.2348226176289,314.8385864486387,316.46911235788,0.0,132.62960752713812,0.0,65.0,35.0,55.0
843.8358456203528,286.0747034234585,288.02119622956735,0.0,115.85067576244968,0.0,65.0,35.0,55.0
781.577694107362,265.34776602534487,267.5219410983269,0.0,112.5,0.0,65.0,35.0,55.0
801.0903645402863,271.8439097222687,273.9467256410042,0.0,0.0,0.0,65.0,35.0,55.0
786.342154650681,266.9339466782759,269.0906977971159,0.0,0.0,0.0,65.0,35.0,55.0
797.3403990841603,270.5954740176206,272.7120038134147,0.0,0.0,0.0,65.0,35.0,55.0
862.0294589187782,292.1317076023132,294.01166513524527,0.0,0.0,0.0,65.0,35.0,55.0
980.0557065590765,331.42491799684734,332.8732455671121,0.0,0.0,0.0,65.0,35.0,55.0
1073.6388941235928,362.5805630493819,363.6866505792969,0.0,0.0,0.0,65.0,35.0,55.0
1088.9625196434345,367.68209303611184,368.7321410320817,0.0,0.0,0.0,65.0,35.0,55.0
1066.5488015894662,360.22013472746147,361.35215120485213,0.0,0.0,0.0,65.0,35.0,55.0
1055.292578170477,356.47272121654345,357.6459024635616,0.0,0.0,0.0,65.0,35.0,55.0
1080.7594384978192,364.9511293752114,366.03117659321384,0.0,0.0,0.0,65.0,35.0,55.0
1150.0,380.0,373.0,0.0,0.0,0.0,91.18594560272543,35.0,55.0
1150.0,380.0,373.0,0.0,0.0,0.0,167.10392508758838,35.0,55.0
1150.0,380.0,373.0,0.0,0.0,0.0,275.1019210543191,35.0,55.0
1150.0,380.0,373.0,0.0,0.0,0.0,291.802005703593,35.0,55.0
1150.0,380.0,373.0,0.0,0.0,0.0,297.0,35.0,95.16887458984108
1150.0,380.0,373.0,0.0,250.0,0.0,217.44150671712495,35.0,55.0
1150.0,380.0,373.0,0.0,250.0,0.0,297.0,35.0,170.81867353307877
1150.0,380.0,373.0,0.0,250.0,0.0,297.0,35.0,151.1955314034179
1150.0,380.0,373.0,0.0,250.0,0.0,287.3144403157922,35.0,55.0
1150.0,380.0,373.0,0.0,219.97294679501806,0.0,65.0,35.0,55.0
1009.1907820515813,341.1245456142278,342.46632424475627,0.0,147.9630837070651,0.0,65.0,35.0,55.0
886.3123679852376,300.21595558965623,302.0071088833334,0.0,124.09973952606502,0.0,65.0,35.0,55.0
871.4916954616318,295.2818683395614,297.1272218340918,0.0,121.22152196350969,0.0,65.0,35.0,55.0
812.5971141338368,275.6747282204942,277.7354631784538,0.0,112.5,0.0,65.0,35.0,55.0
831.370722489373,281.92482392146775,283.9169025251363,0.0,0.0,0.0,65.0,35.0,55.0
811.7686264088297,275.39890870459124,277.4626734981422,0.0,0.0,0.0,65.0,35.0,55.0
812.7760892156351,275.7343124713289,277.794392905321,0.0,0.0,0.0,65.0,35.0,55.0
870.676107506688,295.01034340549313,296.85867956028414,0.0,0.0,0.0,65.0,35.0,55.0
1008.2446334812294,340.8095545373901,342.1547932971717,0.0,0.0,0.0,65.0,35.0,55.0
1112.4157410766577,375.4901220349986,373.0,0.0,0.0,0.0,65.0,35.0,55.0
1150.0,380.0,373.0,0.0,0.0,0.0,99.16966106122682,35.0,55.0
1150.0,380.0,373.0,0.0,0.0,0.0,82.2464707688821,35.0,55.0
1150.0,380.0,373.0,0.0,0.0,0.0,71.98560884791961,35.0,55.0
1150.0,380.0,373.0,0.0,0.0,0.0,114.13383337858723,35.0,55.0
1150.0,380.0,373.0,0.0,0.0,0.0,201.62341147049676,35.0,55.0
1150.0,380.0,373.0,0.0,0.0,0.0,297.0,35.0,92.84314252631937
1150.0,380.0,373.0,0.0,250.0,0.0,207.7161340147563,35.0,55.0
1150.0,380.0,373.0,0.0,250.0,0.0,251.98419557175896,35.0,55.0
1150.0,380.0,373.0,0.0,250.0,0.0,297.0,35.0,90.99118613961464
1150.0,380.0,373.0,0.0,250.0,431.04133413341106,65.0,35.0,55.0
1150.0,380.0,373.0,0.0,250.0,573.0,140.84387012159033,35.0,55.0
1150.0,380.0,373.0,0.0,250.0,573.0,120.64501593814366,35.0,55.0
1150.0,380.0,373.0,0.0,250.0,521.3667732698391,65.0,35.0,55.0
1150.0,380.0,373.0,0.0,250.0,264.619454323061,65.0,35.0,55.0
1083.8367226974203,365.9756165373146,367.04440991906665,0.0,162.4595417455324,143.25,65.0,35.0,55.0
1034.9647786118726,349.7052053386478,350.9527267222034,0.0,152.96846854631008,0.0,65.0,35.0,55.0
940.5379667512452,318.26870151424015,319.86154812920023,0.0,134.6305079820723,0.0,65.0,35.0,55.0
879.0813737957303,297.8086183936463,299.6262159216736,0.0,122.69545949505924,0.0,65.0,35.0,55.0
831.8179985348202,282.0737307291446,284.06417361409245,0.0,113.51677502409989,0.0,65.0,35.0,55.0
814.5650367395076,276.3298875475995,278.3834256796174,0.0,112.5,0.0,65.0,35.0,55.0
890.7505595490826,301.69351501712265,303.4684375443617,0.0,0.0,0.0,65.0,35.0,55.0
912.4144745616481,308.90584945608856,310.6015455822935,0.0,0.0,0.0,65.0,35.0,55.0
1007.5338925512403,340.572935196723,341.9207731841104,0.0,0.0,0.0,65.0,35.0,55.0
1101.9244865418227,371.9973813948299,373.0,0.0,0.0,0.0,65.0,35.0,55.0
1121.0973315506824,378.38039066486016,373.0,0.0,0.0,0.0,65.0,35.0,55.0
1095.8644986256575,369.97989473454135,371.00470172700574,0.0,0.0,0.0,65.0,35.0,55.0
1085.5339573246947,366.5406586244072,367.60324510444497,0.0,0.0,0.0,65.0,35.0,55.0
1129.568998607293,380.0,373.0,0.0,0.0,0.0,65.0,35.0,55.0
1150.0,380.0,373.0,0.0,0.0,0.0,118.96101332208964,35.0,55.0
1150.0,380.0,373.0,0.0,0.0,0.0,221.22458516082136,35.0,55.0
1150.0,380.0,373.0,0.0,0.0,0.0,297.0,35.0,101.89743302025853
1150.0,380.0,373.0,0.0,0.0,0.0,297.0,35.0,178.07047635716904
1150.0,380.0,373.0,0.0,250.0,0.0,249.72395897325427,35.0,55.0
1150.0,380.0,373.0,0.0,250.0,0.0,297.0,35.0,165.6358877691299
1150.0,380.0,373.0,0.0,250.0,551.8511056655524,65.0,35.0,55.0
1150.0,380.0,373.0,0.0,250.0,538.3308449666652,65.0,35.0,55.0
1150.0,380.0,373.0,0.0,250.0,445.98718128297105,65.0,35.0,55.0
1150.0,380.0,373.0,0.0,245.495428283591,204.86049528816764,65.0,35.0,55.0
1057.1325013275045,357.08526706260966,358.25171958631876,0.0,157.27350455195452,143.25,65.0,35.0,55.0
1011.2314200515717,341.8039132962122,343.13822917568854,0.0,148.359381521556,0.0,65.0,35.0,55.0
917.1570375554334,310.48473999314996,312.16309224603117,0.0,130.08986376143636,0.0,65.0,35.0,55.0
855.58983460308,289.987832674851,291.8913403490316,0.0,118.13333449242862,0.0,65.0,35.0,55.0
810.6052604381601,275.011601772741,277.07962107425544,0.0,112.5,0.0,65.0,35.0,55.0
866.8660669505332,293.7419075433199,295.6041772738696,0.0,0.0,0.0,65.0,35.0,55.0
879.789959952721,298.04452036889296,299.8595265494648,0.0,0.0,0.0,65.0,35.0,55.0
902.1493927236011,305.4884060615586,307.221642285658,0.0,0.0,0.0,65.0,35.0,55.0
996.2591793293428,336.8193660744018,338.2084364498753,0.0,0.0,0.0,65.0,35.0,55.0
1088.7722975543938,367.6187644400088,368.66950809101166,0.0,0.0,0.0,65.0,35.0,55.0
1103.9178804062597,372.66102059441886,373.0,0.0,0.0,0.0,65.0,35.0,55.0
1083.8920766433648,365.9940449317408,367.06263588037234,0.0,0.0,0.0,65.0,35.0,55.0
1081.0879101138003,365.0604839007802,366.13932987588817,0.0,0.0,0.0,65.0,35.0,55.0
1106.008187912014,373.3569242112414,373.0,0.0,0.0,0.0,65.0,35.0,55.0
1150.0,380.0,373.0,0.0,0.0,0.0,161.0657018699879,35.0,55.0
1150.0,380.0,373.0,0.0,0.0,0.0,257.3594756088156,35.0,55.0
1150.0,380.0,373.0,0.0,0.0,0.0,297.0,35.0,117.12155595819937
1150.0,380.0,373.0,0.0,0.0,0.0,297.0,35.0,172.3232418938809
1150.0,380.0,373.0,0.0,250.0,0.0,241.02051018568585,35.0,55.0
1150.0,380.0,373.0,0.0,250.0,0.0,297.0,35.0,136.52745056846416
1150.0,380.0,373.0,0.0,250.0,463.8823166540839,65.0,35.0,55.0
1150.0,380.0,373.0,0.0,250.0,393.29078787598917,65.0,35.0,55.0
1150.0,380.0,373.0,0.0,250.0,264.85313599819466,65.0,35.0,55.0
1098.1862397949283,370.75284707412465,371.7691633022527,0.0,165.2462595586716,143.25,65.0,35.0,55.0
1022.3761492460733,345.51420823301515,346.80776708477663,0.0,150.52372023469107,0.0,65.0,35.0,55.0
916.7500989611591,310.3492622996524,312.02910275446976,0.0,130.01083510689614,0.0,65.0,35.0,55.0
850.4431736807843,288.27441015662083,290.19673951755476,0.0,117.13383802346104,0.0,65.0,35.0,55.0
803.8748432925435,272.77091631308224,274.86354920487327,0.0,112.5,0.0,65.0,35.0,55.0
830.5855274126734,281.6634173617715,283.65836747689127,0.0,0.0,0.0,65.0,35.0,55.0
822.2979773438738,278.90433236992266,280.92959061563477,0.0,0.0,0.0,65.0,35.0,55.0
833.0231044896975,282.47493370542674,284.4609694364685,0.0,0.0,0.0,65.0,35.0,55.0
845.3117531941867,286.56606147288403,288.5071567852681,0.0,0.0,0.0,65.0,35.0,55.0
932.5436518120333,315.60724014317327,317.22932250804286,0.0,0.0,0.0,65.0,35.0,55.0
1018.7943234702957,344.3217494654271,345.62840729607495,0.0,0.0,0.0,65.0,35.0,55.0
1021.7725197051146,345.31324833614946,346.6090147019295,0.0,0.0,0.0,65.0,35.0,55.0
1008.8896693947758,341.0242994129559,342.36717923281645,0.0,0.0,0.0,65.0,35.0,55.0
1019.6361075037314,344.60199557842185,345.90557494797997,0.0,0.0,0.0,65.0,35.0,55.0
1031.8985774461587,348.6844079319256,349.9431426203278,0.0,0.0,0.0,65.0,35.0,55.0
1089.8751202055728,367.98591533505976,369.0326258891094,0.0,0.0,0.0,65.0,35.0,55.0
1150.0,380.0,373.0,0.0,0.0,0.0,133.3996922575291,35.0,55.0
1150.0,380.0,373.0,0.0,0.0,0.0,288.69424095856397,35.0,55.0
1150.0,380.0,373.0,0.0,0.0,0.0,297.0,35.0,141.68666789956583
1150.0,380.0,373.0,0.0,250.0,0.0,211.8515523399824,35.0,55.0
1150.0,380.0,373.0,0.0,250.0,0.0,297.0,35.0,126.16858693607364
1150.0,380.0,373.0,0.0,250.0,517.0903854145952,65.0,35.0,55.0
1150.0,380.0,373.0,0.0,250.0,496.58790742132675,65.0,35.0,55.0
1150.0,380.0,373.0,0.0,250.0,384.81193504456365,65.0,35.0,55.0
1150.0,380.0,373.0,0.0,234.28095495593675,143.25,65.0,35.0,55.0
1094.3338781707348,369.4703217135236,370.5007262884158,0.0,164.49811976498765,0.0,65.0,35.0,55.0
976.6274625914434,330.2835895703558,331.74445446045706,0.0,141.63919268147308,0.0,65.0,35.0,55.0
892.3599339714914,302.2293067502972,303.9983436865279,0.0,125.27419436977227,0.0,65.0,35.0,55.0
837.9628299619097,284.1194634278526,286.0874342490647,0.0,114.71011909834625,0.0,65.0,35.0,55.0
793.2074655899866,269.21954087918755,271.35118509203267,0.0,112.5,0.0,65.0,35.0,55.0
845.4725881490114,286.6196065261673,288.5601136542539,0.0,0.0,0.0,65.0,35.0,55.0
853.0509712303431,289.1425961731199,291.05538864220597,0.0,0.0,0.0,65.0,35.0,55.0
884.8048126551588,299.7140613928101,301.510727918195,0.0,0.0,0.0,65.0,35.0,55.0
974.9359745341956,329.7204606270733,331.1875114032939,0.0,0.0,0.0,65.0,35.0,55.0
1064.1134536502598,359.40936050670706,360.5502832160681,0.0,0.0,0.0,65.0,35.0,55.0
1089.1943336877837,367.7592683949759,368.8084686313219,0.0,0.0,0.0,65.0,35.0,55.0
1075.1484568558224,363.08312554905586,364.18369250605775,0.0,0.0,0.0,65.0,35.0,55.0
1069.483049978264,361.19700251404265,362.318288246808,0.0,0.0,0.0,65.0,35.0,55.0
1104.0204567326225,372.69517022853717,373.0,0.0,0.0,0.0,65.0,35.0,55.0
1150.0,380.0,373.0,0.0,0.0,0.0,118.55252625065826,35.0,55.0
1150.0,380.0,373.0,0.0,0.0,0.0,238.6176277259466,35.0,55.0
1150.0,380.0,373.0,0.0,0.0,0.0,297.0,35.0,142.2037413979316
1150.0,380.0,373.0,0.0,250.0,0.0,203.5075272723752,35.0,55.0
1150.0,380.0,373.0,0.0,250.0,0.0,286.1000039772759,35.0,55.0
1150.0,380.0,373.0,0.0,250.0,388.6694362345764,65.0,35.0,55.0
1150.0,380.0,373.0,0.0,250.0,573.0,104.65798488974796,35.0,55.0
1150.0,380.0,373.0,0.0,250.0,573.0,85.5309273617273,35.0,55.0
1150.0,380.0,373.0,0.0,250.0,474.9995508459577,65.0,35.0,55.0
1150.0,380.0,373.0,0.0,245.29004888081974,203.3833866795692,65.0,35.0,55.0
1038.3535782287597,350.8334019812884,352.0685302956635,0.0,153.6265832545171,143.25,65.0,35.0,55.0
976.733382723813,330.3188524218776,331.7793299548977,0.0,141.65976267819414,0.0,65.0,35.0,55.0
799.5724916434447,271.33858060878606,273.44694749126813,0.0,112.5,0.0,65.0,35.0,55.0
792.1839635359725,268.8787973382239,271.01418456723866,0.0,0.0,0.0,65.0,35.0,55.0
733.8431863039988,249.4560292659643,251.80477265940925,0.0,0.0,0.0,65.0,35.0,55.0
713.5885607411957,242.71287442021125,245.13569034794662,0.0,0.0,0.0,65.0,35.0,55.0
717.1471575326875,243.89759981166438,246.3074017104785,0.0,0.0,0.0,65.0,35.0,55.0
742.1292915967214,252.21463326403838,254.53307381053477,0.0,0.0,0.0,65.0,35.0,55.0
851.1365126269881,288.5052360418166,290.4250298153753,0.0,0.0,0.0,65.0,35.0,55.0
946.4261468328289,320.2289900382953,321.8003031808321,0.0,0.0,0.0,65.0,35.0,55.0
969.5305814951158,327.9209012053672,329.4077198691748,0.0,0.0,0.0,65.0,35.0,55.0
955.5099834330863,323.2531741486916,324.7912670869854,0.0,0.0,0.0,65.0,35.0,55.0
955.8808166360307,323.37663166221836,324.91336843843175,0.0,0.0,0.0,65.0,35.0,55.0
1002.1424205733156,338.7780103643207,340.14556532903373,0.0,0.0,0.0,65.0,35.0,55.0
1072.0669107234862,362.05721950748307,363.16905588691134,0.0,0.0,0.0,65.0,35.0,55.0
1150.0,380.0,373.0,0.0,0.0,0.0,80.7445518405651,35.0,55.0
1150.0,380.0,373.0,0.0,0.0,0.0,173.88999574323847,35.0,55.0
1150.0,380.0,373.0,0.0,0.0,0.0,240.9058688667377,35.0,55.0
1150.0,380.0,373.0,0.0,0.0,0.0,297.0,35.0,80.81713517545137
1150.0,380.0,373.0,0.0,250.0,0.0,224.37841296172354,35.0,55.0
1150.0,380.0,373.0,0.0,250.0,367.0272291013542,65.0,35.0,55.0
1150.0,380.0,373.0,0.0,250.0,360.51691423790066,65.0,35.0,55.0
1150.0,380.0,373.0,0.0,250.0,270.1974465204954,65.0,35.0,55.0
1120.673927004673,378.23943113898383,373.0,0.0,169.6134335965061,143.25,65.0,35.0,55.0
1044.2526068918019,352.7973022069969,354.0108573749532,0.0,154.77219171951373,0.0,65.0,35.0,55.0
920.9539802244338,311.74881531649424,313.413281893475,0.0,130.8272410333872,0.0,65.0,35.0,55.0
828.096160660802,280.8346592381671,282.8387131357053,0.0,112.7939833210297,0.0,65.0,35.0,55.0
825.0293594370863,279.81366206058226,281.8289314574197,0.0,0.0,0.0,65.0,35.0,55.0
772.3017938953859,262.25964024048824,264.4677379073191,0.0,0.0,0.0,65.0,35.0,55.0
750.3005830367498,254.93501351984912,257.2235711014143,0.0,0.0,0.0,65.0,35.0,55.0
758.5509104937545,257.68170638752275,259.94009196410207,0.0,0.0,0.0,65.0,35.0,55.0
808.1027885686984,274.17848070315625,276.2556517133896,0.0,0.0,0.0,65.0,35.0,55.0
894.8368000487197,303.0539031586167,304.81388202824087,0.0,0.0,0.0,65.0,35.0,55.0
984.2656548926802,332.82649085822095,334.2594223629631,0.0,0.0,0.0,65.0,35.0,55.0
1009.9452159532451,341.3757111864587,342.7147308012316,0.0,0.0,0.0,65.0,35.0,55.0
992.3709594993263,335.52490282664473,336.92819268476404,0.0,0.0,0.0,65.0,35.0,55.0
978.1180908139715,330.7798484071726,332.2352619691422,0.0,0.0,0.0,65.0,35.0,55.0
998.9154107868936,337.7036766714498,339.0830330290012,0.0,0.0,0.0,65.0,35.0,55.0
1042.719327579393,352.28684400112655,353.50600647513227,0.0,0.0,0.0,65.0,35.0,55.0
1097.332643539003,370.4686684448228,371.4881063321364,0.0,0.0,0.0,65.0,35.0,55.0
1150.0,380.0,373.0,0.0,0.0,0.0,137.2596002436877,35.0,55.0
1150.0,380.0,373.0,0.0,0.0,0.0,205.55488583087808,35.0,55.0
1150.0,380.0,373.0,0.0,0.0,0.0,286.01168097122286,35.0,55.0
1150.0,380.0,373.0,0.0,0.0,0.0,297.0,35.0,195.66848798238274
1150.0,380.0,373.0,0.0,250.0,0.0,297.0,35.0,130.62753930035564
1150.0,380.0,373.0,0.0,250.0,0.0,297.0,35.0,89.97441862640693
1150.0,380.0,373.0,0.0,250.0,0.0,208.8292013587762,35.0,55.0
1132.4500202019922,380.0,373.0,0.0,171.9003850290289,0.0,65.0,35.0,55.0
988.9239971503958,334.3773426906033,335.79323832294426,0.0,144.02721533495082,0.0,65.0,35.0,55.0
882.383574571536,298.9079846146599,300.71350577131994,0.0,123.33675645731716,0.0,65.0,35.0,55.0
875.8175509098793,296.7220289111519,298.5515624600095,0.0,122.0616156302708,0.0,65.0,35.0,55.0
821.4837973349049,278.633276168179,280.6615119251981,0.0,112.5,0.0,65.0,35.0,55.0
844.0753241104309,286.1544304238821,288.1000474409711,0.0,0.0,0.0,65.0,35.0,55.0
836.3843757429536,283.5939656257654,285.56770896071254,0.0,0.0,0.0,65.0,35.0,55.0
857.7712180233158,290.71405721724005,292.60958742485656,0.0,0.0,0.0,65.0,35.0,55.0
911.5519420079082,308.61869576117886,310.3175462272143,0.0,0.0,0.0,65.0,35.0,55.0
1077.6989960705205,363.93224916339017,365.0234886261437,0.0,0.0,0.0,65.0,35.0,55.0
1150.0,380.0,373.0,0.0,0.0,0.0,151.59133518030134,35.0,55.0
1150.0,380.0,373.0,0.0,0.0,0.0,217.21924587679231,35.0,55.0
1150.0,380.0,373.0,0.0,0.0,0.0,194.86226062167555,35.0,55.0
1150.0,380.0,373.0,0.0,0.0,0.0,180.30410183633205,35.0,55.0
1150.0,380.0,373.0,0.0,0.0,0.0,148.95814725943697,35.0,55.0
1150.0,380.0,373.0,0.0,0.0,0.0,280.1934965322002,35.0,55.0
1150.0,380.0,373.0,0.0,0.0,0.0,297.0,35.0,85.2644858491768
1150.0,380.0,373.0,0.0,0.0,0.0,297.0,35.0,150.1022434646904
1150.0,380.0,373.0,0.0,250.0,0.0,238.28042372429252,35.0,55.0
1150.0,380.0,373.0,0.0,250.0,0.0,297.0,35.0,71.0264832438191
1150.0,380.0,373.0,0.0,250.0,409.19328990068794,65.0,35.0,55.0
1150.0,380.0,373.0,0.0,250.0,573.0,120.46799988592527,35.0,55.0
1150.0,380.0,373.0,0.0,250.0,573.0,107.58898351328168,35.0,55.0
1150.0,380.0,373.0,0.0,250.0,510.60429908436544,65.0,35.0,55.0
1150.0,380.0,373.0,0.0,250.0,252.6077574078538,65.0,35.0,55.0
1081.715457568511,365.26940653166525,366.3459575233279,0.0,162.04758590890364,143.25,65.0,35.0,55.0
1033.5673021992638,349.2399585329594,350.4925905821836,0.0,152.6970745763252,0.0,65.0,35.0,55.0
939.4256982893182,317.89840592691536,319.49532018279683,0.0,134.4145022227995,0.0,65.0,35.0,55.0
877.0843740122793,297.1437787141869,298.9686794053597,0.0,122.3076363487079,0.0,65.0,35.0,55.0
829.5252697613658,281.31043717475234,283.30926472374466,0.0,113.07152045070441,0.0,65.0,35.0,55.0
874.9339755617423,296.42786966481555,298.26063450842463,0.0,0.0,0.0,65.0,35.0,55.0
881.958238489092,298.7663820431133,300.57345868256687,0.0,0.0,0.0,65.0,35.0,55.0
919.5428592701736,311.2790259801691,312.9486531218292,0.0,0.0,0.0,65.0,35.0,55.0
1034.344828297552,349.49881194207893,350.74860052582414,0.0,0.0,0.0,65.0,35.0,55.0
1150.0,380.0,373.0,0.0,0.0,0.0,65.17536061071198,35.0,55.0
1150.0,380.0,373.0,0.0,0.0,0.0,108.78991064397643,35.0,55.0
1150.0,380.0,373.0,0.0,0.0,0.0,83.09235838141159,35.0,55.0
1145.6697342239272,380.0,373.0,0.0,0.0,0.0,65.0,35.0,55.0
1150.0,380.0,373.0,0.0,0.0,0.0,100.7385253588291,35.0,55.0
1150.0,380.0,373.0,0.0,0.0,0.0,175.23139197040868,35.0,55.0
1150.0,380.0,373.0,0.0,0.0,0.0,250.52373257085551,35.0,55.0
1150.0,380.0,373.0,0.0,0.0,0.0,297.0,35.0,123.7460425557095
1150.0,380.0,373.0,0.0,250.0,0.0,205.92270250401822,35.0,55.0
1150.0,380.0,373.0,0.0,250.0,0.0,289.0096482397986,35.0,55.0
1150.0,380.0,373.0,0.0,250.0,388.60923340151965,65.0,35.0,55.0
1150.0,380.0,373.0,0.0,250.0,573.0,99.25961889739408,35.0,55.0
1150.0,380.0,373.0,0.0,250.0,573.0,79.59631954308237,35.0,55.0
1150.0,380.0,373.0,0.0,250.0,476.72152066048363,65.0,35.0,55.0
1150.0,380.0,373.0,0.0,247.6721170429389,220.51545221806663,65.0,35.0,55.0
1063.0706719999653,359.06219841691956,360.2069346492366,0.0,158.42671450863529,143.25,65.0,35.0,55.0
1018.3927993612684,344.1880743583224,345.49620058976797,0.0,149.75014214112028,0.0,65.0,35.0,55.0
927.1395805723182,313.80812077392653,315.4499661924734,0.0,132.0285025502227,0.0,65.0,35.0,55.0
862.621087897159,292.32867228083006,294.2064661866117,0.0,119.49882426258308,0.0,65.0,35.0,55.0
808.4782067872122,274.303464656649,276.37926273709024,0.0,112.5,0.0,65.0,35.0,55.0
857.0029382575527,290.4582820902531,292.35662194888573,0.0,0.0,0.0,65.0,35.0,55.0
869.2836930534688,294.54678182355184,296.4002101320839,0.0,0.0,0.0,65.0,35.0,55.0
906.0214504231456,306.7774886248852,308.496564472342,0.0,0.0,0.0,65.0,35.0,55.0
1015.5097037928717,343.2282363305829,344.5469062373332,0.0,0.0,0.0,65.0,35.0,55.0
1133.6534364516162,380.0,373.0,0.0,0.0,0.0,65.0,35.0,55.0
1150.0,380.0,373.0,0.0,0.0,0.0,104.90972509059557,35.0,55.0
1150.0,380.0,373.0,0.0,0.0,0.0,89.69081459663379,35.0,55.0
1150.0,380.0,373.0,0.0,0.0,0.0,81.96650546167099,35.0,55.0
1150.0,380.0,373.0,0.0,0.0,0.0,134.74508423290612,35.0,55.0
1150.0,380.0,373.0,0.0,0.0,0.0,284.59002495435897,35.0,55.0
1150.0,380.0,373.0,0.0,0.0,0.0,297.0,35.0,170.64688809878015
1150.0,380.0,373.0,0.0,0.0,0.0,297.0,35.0,197.38458354961548
1150.0,380.0,373.0,0.0,250.0,0.0,270.5938580293614,35.0,55.0
1150.0,380.0,373.0,0.0,250.0,0.0,297.0,35.0,115.1352624562502
1150.0,380.0,373.0,0.0,250.0,454.74499956680046,65.0,35.0,55.0
1150.0,380.0,373.0,0.0,250.0,573.0,167.50694287445697,35.0,55.0
1150.0,380.0,373.0,0.0,250.0,573.0,149.2131233319269,35.0,55.0
1150.0,380.0,373.0,0.0,250.0,542.1093107002873,65.0,35.0,55.0
1150.0,380.0,373.0,0.0,250.0,276.25472124963557,65.0,35.0,55.0
1085.8749148029722,366.65416993394547,367.7155095094467,0.0,162.85536456023374,143.25,65.0,35.0,55.0
1028.9133937032104,347.6905827852049,348.9602344922643,0.0,151.79327205680175,0.0,65.0,35.0,55.0
927.2987903950307,313.8611247894383,315.50238796690564,0.0,132.05942155927121,0.0,65.0,35.0,55.0
860.853558363849,291.7402276660138,293.6244855467309,0.0,119.15556490394027,0.0,65.0,35.0,55.0
812.4736513426582,275.63362508007697,277.6948115498063,0.0,112.5,0.0,65.0,35.0,55.0
861.26605333196,291.8775551833477,293.7603045420941,0.0,0.0,0.0,65.0,35.0,55.0
863.3448973934804,292.56964239886,294.4447892844058,0.0,0.0,0.0,65.0,35.0,55.0
892.0466053223403,302.1249936099587,303.895176410231,0.0,0.0,0.0,65.0,35.0,55.0
987.460306408357,333.89005185971337,335.3113003079997,0.0,0.0,0.0,65.0,35.0,55.0
1067.7738821548949,360.6279876362005,361.7555239111845,0.0,0.0,0.0,65.0,35.0,55.0
1091.037120987368,368.3727677692475,369.41522880792155,0.0,0.0,0.0,65.0,35.0,55.0
1066.618662003236,360.2433926043439,361.3751535974809,0.0,0.0,0.0,65.0,35.0,55.0
1045.3826443977323,353.17351345120727,354.38293599564764,0.0,0.0,0.0,65.0,35.0,55.0
1063.6190137669578,359.24475194928476,360.38748285870844,0.0,0.0,0.0,65.0,35.0,55.0
1106.137455022627,373.3999597213585,373.0,0.0,0.0,0.0,65.0,35.0,55.0
1150.0,380.0,373.0,0.0,0.0,0.0,93.48577489756505,35.0,55.0
1150.0,380.0,373.0,0.0,0.0,0.0,233.9447665909771,35.0,55.0
1150.0,380.0,373.0,0.0,0.0,0.0,297.0,35.0,68.2055758825119
1150.0,380.0,373.0,0.0,0.0,0.0,297.0,35.0,130.30623003138825
1150.0,380.0,373.0,0.0,250.0,0.0,274.05216680118804,35.0,55.0
1150.0,380.0,373.0,0.0,250.0,422.3484198935707,65.0,35.0,55.0
1150.0,380.0,373.0,0.0,250.0,401.9069441492967,65.0,35.0,55.0
1150.0,380.0,373.0,0.0,250.0,287.2343659452607,65.0,35.0,55.0
1114.6535355935086,376.2351269176272,373.0,0.0,168.4442561340481,143.25,65.0,35.0,55.0
1033.59483619797,349.24912513128635,350.5016564868168,0.0,152.7024217586826,0.0,65.0,35.0,55.0
909.8949172759061,308.0670403224502,309.7719506398959,0.0,128.67953895352818,0.0,65.0,35.0,55.0
819.6168655125309,278.01173861737624,280.0468018702186,0.0,112.5,0.0,65.0,35.0,55.0
825.1135008469032,279.8416743560244,281.85663604204063,0.0,0.0,0.0,65.0,35.0,55.0
780.8293744888164,265.0986360156924,267.2755477440835,0.0,0.0,0.0,65.0,35.0,55.0
769.3819800080859,261.28757797738706,263.5063536008959,0.0,0.0,0.0,65.0,35.0,55.0
786.7769725810303,267.07870593955994,269.23386689984795,0.0,0.0,0.0,65.0,35.0,55.0
849.4900057564025,287.95708220167137,289.88289736211044,0.0,0.0,0.0,65.0,35.0,55.0
965.9388075871116,326.725130513013,328.2250845366988,0.0,0.0,0.0,65.0,35.0,55.0
1114.0957960930625,376.04944469884515,373.0,0.0,0.0,0.0,65.0,35.0,55.0
1150.0,380.0,373.0,0.0,0.0,0.0,83.70593612305662,35.0,55.0
1147.0565330202046,380.0,373.0,0.0,0.0,0.0,65.0,35.0,55.0
1136.9698650402738,380.0,373.0,0.0,0.0,0.0,65.0,35.0,55.0
1150.0,380.0,373.0,0.0,0.0,0.0,188.8746518840668,35.0,55.0
1150.0,380.0,373.0,0.0,0.0,0.0,268.4730130688571,35.0,55.0
1150.0,380.0,373.0,0.0,0.0,0.0,297.0,35.0,78.58872817025014
1150.0,380.0,373.0,0.0,0.0,0.0,297.0,35.0,115.57577515863744
1150.0,380.0,373.0,0.0,0.0,0.0,297.0,35.0,166.18163617621138
1150.0,380.0,373.0,0.0,250.0,0.0,236.82677540615828,35.0,55.0
1150.0,380.0,373.0,0.0,250.0,0.0,297.0,35.0,155.60768923291235
1150.0,380.0,373.0,0.0,250.0,562.6007983649004,65.0,35.0,55.0
1150.0,380.0,373.0,0.0,250.0,559.58861499902,65.0,35.0,55.0
1150.0,380.0,373.0,0.0,250.0,465.82005360098407,65.0,35.0,55.0
1150.0,380.0,373.0,0.0,248.0053586961009,222.91215854785082,65.0,35.0,55.0
1066.8425483248875,360.3179286716763,361.448870897407,0.0,159.15922382391005,143.25,65.0,35.0,55.0
1018.9022345516681,344.35767514220703,345.6639383347387,0.0,149.84907593171965,0.0,65.0,35.0,55.0
857.7794736867336,290.71680568655177,292.61230570264934,0.0,118.55856874925409,0.0,65.0,35.0,55.0
803.9024560249585,272.780109123377,274.8726410335397,0.0,112.5,0.0,65.0,35.0,55.0
830.0991304816032,281.50148645801147,283.4982153595741,0.0,0.0,0.0,65.0,35.0,55.0
818.940666993673,277.7866191104769,279.8241552669935,0.0,0.0,0.0,65.0,35.0,55.0
832.0838313585574,282.16223159468694,284.15170231103605,0.0,0.0,0.0,65.0,35.0,55.0
867.0729027171163,293.8107671525674,295.67228047074286,0.0,0.0,0.0,65.0,35.0,55.0
973.4684101957287,329.2318802013477,330.7042979595176,0.0,0.0,0.0,65.0,35.0,55.0
1082.038361795443,365.3769075662215,366.45227767530764,0.0,0.0,0.0,65.0,35.0,55.0
1101.447623939419,371.8386246526632,372.84301377860277,0.0,0.0,0.0,65.0,35.0,55.0
1087.0536428580488,367.04659119948656,368.1036200868436,0.0,0.0,0.0,65.0,35.0,55.0
1072.4543604358353,362.1862089769359,363.2966284265861,0.0,0.0,0.0,65.0,35.0,55.0
1093.6554903215529,369.2444733364046,370.27735882150006,0.0,0.0,0.0,65.0,35.0,55.0
1149.6654115374868,380.0,373.0,0.0,0.0,0.0,65.0,35.0,55.0
1150.0,380.0,373.0,0.0,0.0,0.0,137.6277219320132,35.0,55.0
1150.0,380.0,373.0,0.0,0.0,0.0,254.24879869320702,35.0,55.0
1150.0,380.0,373.0,0.0,0.0,0.0,297.0,35.0,98.38891884916329
1150.0,380.0,373.0,0.0,0.0,0.0,297.0,35.0,167.9821071574016
1150.0,380.0,373.0,0.0,250.0,0.0,297.0,35.0,61.57455283966018
1150.0,380.0,373.0,0.0,250.0,400.765989499357,65.0,35.0,55.0
1150.0,380.0,373.0,0.0,250.0,319.01749068719965,65.0,35.0,55.0
1150.0,380.0,373.0,0.0,242.85485152134473,185.86921079444818,65.0,35.0,55.0
1061.119768392125,358.4127050418871,359.56457586052073,0.0,158.04784337319967,143.25,65.0,35.0,55.0
989.1481375767374,334.45196335427977,335.86703928993643,0.0,144.07074405542875,0.0,65.0,35.0,55.0
869.8696891993885,294.74187122368414,296.5931565047147,0.0,120.90652364591462,0.0,65.0,35.0,55.0
776.3668670577293,263.6129813678274,265.8062127874261,0.0,112.5,0.0,65.0,35.0,55.0
778.2086773926777,264.2261554917605,266.412651286513,0.0,0.0,0.0,65.0,35.0,55.0
727.4148382426089,247.31590842068172,249.68816071735134,0.0,0.0,0.0,65.0,35.0,55.0
709.2637711040458,241.27306867765694,243.7117006533219,0.0,0.0,0.0,65.0,35.0,55.0
718.2361109790382,244.26013338138117,246.6659529038613,0.0,0.0,0.0,65.0,35.0,55.0
768.208362435266,260.89685808978993,263.11992571206406,0.0,0.0,0.0,65.0,35.0,55.0
855.1713729099613,289.8485187198748,291.7535567367427,0.0,0.0,0.0,65.0,35.0,55.0
930.7850815458349,315.02177824088614,316.650291816046,0.0,0.0,0.0,65.0,35.0,55.0
974.1274380885114,329.451283276212,330.9212909248474,0.0,0.0,0.0,65.0,35.0,55.0
982.0403860573439,332.0856560161463,333.5267254793809,0.0,0.0,0.0,65.0,35.0,55.0
993.3361853976196,335.8462451132815,337.24600507507034,0.0,0.0,0.0,65.0,35.0,55.0
1051.9421576931356,355.35730172843466,356.54273568952675,0.0,0.0,0.0,65.0,35.0,55.0
1106.4732572117202,373.5117547358641,373.0,0.0,0.0,0.0,65.0,35.0,55.0
1150.0,380.0,373.0,0.0,0.0,0.0,136.17974704853904,35.0,55.0
1150.0,380.0,373.0,0.0,0.0,0.0,221.8195674808404,35.0,55.0
1150.0,380.0,373.0,0.0,0.0,0.0,247.9532743941657,35.0,55.0
1150.0,380.0,373.0,0.0,0.0,0.0,297.0,35.0,58.25660926854136
1150.0,380.0,373.0,0.0,0.0,0.0,297.0,35.0,174.79773100256924
1150.0,380.0,373.0,0.0,250.0,0.0,297.0,35.0,95.64332766796524
1150.0,380.0,373.0,0.0,250.0,0.0,297.0,35.0,58.678544596010724
1150.0,380.0,373.0,0.0,250.0,0.0,198.67604349081088,35.0,55.0
1136.9581630333473,380.0,373.0,0.0,172.77587943395878,0.0,65.0,35.0,55.0
1001.0349816530189,338.4093226243958,339.7809275680702,0.0,146.37920362966312,0.0,65.0,35.0,55.0
899.5118874311092,304.6103297654247,306.3532115245952,0.0,126.66312446192994,0.0,65.0,35.0,55.0
881.6501053776827,298.6637985973274,300.47200210038994,0.0,123.19431461387322,0.0,65.0,35.0,55.0
810.1325921171289,274.85424138760266,276.92398926910533,0.0,112.5,0.0,65.0,35.0,55.0
817.551576961791,277.3241642924094,279.36678044503356,0.0,0.0,0.0,65.0,35.0,55.0
792.9146250121689,269.1220486122868,271.25476376291226,0.0,0.0,0.0,65.0,35.0,55.0
793.0531647048971,269.16817114353046,271.3003796451385,0.0,0.0,0.0,65.0,35.0,55.0
836.8548536522147,283.75059678064986,285.7226195460926,0.0,0.0,0.0,65.0,35.0,55.0
940.4941150693944,318.25410244500284,319.84710942852655,0.0,0.0,0.0,65.0,35.0,55.0
1039.7051365458522,351.28336176884216,352.51354734312673,0.0,0.0,0.0,65.0,35.0,55.0
1070.5983802275275,361.5683174293254,362.68552432400617,0.0,0.0,0.0,65.0,35.0,55.0
1057.8200622128898,357.3141693201044,358.4781073871971,0.0,0.0,0.0,65.0,35.0,55.0
1047.465219290808,353.86684273238023,355.0686491597168,0.0,0.0,0.0,65.0,35.0,55.0
1076.6316977868491,363.5769250142921,364.6720676589865,0.0,0.0,0.0,65.0,35.0,55.0
1150.0,380.0,373.0,0.0,0.0,0.0,121.01098667864763,35.0,55.0
1150.0,380.0,373.0,0.0,0.0,0.0,214.14695845461742,35.0,55.0
1150.0,380.0,373.0,0.0,0.0,0.0,297.0,35.0,94.91812404697878
1150.0,380.0,373.0,0.0,0.0,0.0,297.0,35.0,166.1277161932645
1150.0,380.0,373.0,0.0,250.0,0.0,263.4481568730698,35.0,55.0
1150.0,380.0,373.0,0.0,250.0,377.0241705010205,65.0,35.0,55.0
1150.0,380.0,373.0,0.0,250.0,573.0,84.47343263879236,35.0,55.0
1150.0,380.0,373.0,0.0,250.0,557.5834330586199,65.0,35.0,55.0
1150.0,380.0,373.0,0.0,250.0,425.8642417995895,65.0,35.0,55.0
1150.0,380.0,373.0,0.0,239.9682100162911,165.1082047757415,65.0,35.0,55.0
1018.587212712342,344.25279830625743,345.5602135549416,0.0,149.7878977774157,143.25,65.0,35.0,55.0
962.8007866028195,325.68042290582014,327.19185288428184,0.0,138.95401212716064,0.0,65.0,35.0,55.0
852.5362618075403,288.97123949571477,290.885914291939,0.0,117.54032180459917,0.0,65.0,35.0,55.0
774.6258064772688,263.0333487770654,265.2329473728505,0.0,112.5,0.0,65.0,35.0,55.0
785.175536805997,266.54555713495256,268.706574654079,0.0,0.0,0.0,65.0,35.0,55.0
769.5215901505615,261.3340568819628,263.55232194174715,0.0,0.0,0.0,65.0,35.0,55.0
780.8814553643114,265.1159747419441,267.2926960070544,0.0,0.0,0.0,65.0,35.0,55.0
842.7726369545225,285.720740786884,287.67112181892486,0.0,0.0,0.0,65.0,35.0,55.0
959.9121412321946,324.71873724205926,326.2407311918274,0.0,0.0,0.0,65.0,35.0,55.0
1098.2525244374388,370.77491450790455,371.7909883286161,0.0,0.0,0.0,65.0,35.0,55.0
1150.0,380.0,373.0,0.0,0.0,0.0,120.75196002895817,35.0,55.0
1150.0,380.0,373.0,0.0,0.0,0.0,133.39469649899868,35.0,55.0
1150.0,380.0,373.0,0.0,0.0,0.0,102.8673345846693,35.0,55.0
1150.0,380.0,373.0,0.0,0.0,0.0,117.19026712293396,35.0,55.0
1150.0,380.0,373.0,0.0,0.0,0.0,163.88202292003447,35.0,55.0
1150.0,380.0,373.0,0.0,0.0,0.0,181.55055870600305,35.0,55.0
1150.0,380.0,373.0,0.0,0.0,0.0,297.0,35.0,99.54633186404881
1150.0,380.0,373.0,0.0,250.0,0.0,202.65002926100496,35.0,55.0
1150.0,380.0,373.0,0.0,250.0,0.0,297.0,35.0,73.66300703540881
1150.0,380.0,373.0,0.0,250.0,442.9054683998557,65.0,35.0,55.0
1150.0,380.0,373.0,0.0,250.0,573.0,173.12383536872323,35.0,55.0
1150.0,380.0,373.0,0.0,250.0,573.0,162.66232039280476,35.0,55.0
1150.0,380.0,373.0,0.0,250.0,556.1636447930234,65.0,35.0,55.0
1150.0,380.0,373.0,0.0,250.0,288.64895170723895,65.0,35.0,55.0
1092.4118201301944,368.83043158325677,369.8678652542769,0.0,164.124850522332,143.25,65.0,35.0,55.0
1039.6479665447696,351.2643287746929,352.4947234235344,0.0,153.87795721733642,0.0,65.0,35.0,55.0
942.7236536150584,318.99635875585744,320.58121216626944,0.0,135.05497470634904,0.0,65.0,35.0,55.0
878.3688705182781,297.57141233357527,299.3916155342321,0.0,122.55708929335113,0.0,65.0,35.0,55.0
829.3525431555552,281.2529331618862,283.2523923837471,0.0,113.03797644319916,0.0,65.0,35.0,55.0
878.0734663485814,297.4730665975769,299.29435011124275,0.0,0.0,0.0,65.0,35.0,55.0
884.1037649559878,299.48066911532214,301.27989941951273,0.0,0.0,0.0,65.0,35.0,55.0
923.4368534543572,312.5754116216116,314.23079816342255,0.0,0.0,0.0,65.0,35.0,55.0
1023.9729130944852,346.0458016632939,347.3335210417682,0.0,0.0,0.0,65.0,35.0,55.0
1150.0,380.0,373.0,0.0,0.0,0.0,138.7938706461366,35.0,55.0
1150.0,380.0,373.0,0.0,0.0,0.0,203.49743051943423,35.0,55.0
1150.0,380.0,373.0,0.0,0.0,0.0,104.645638657162,35.0,55.0
1150.0,380.0,373.0,0.0,0.0,0.0,74.08831706996422,35.0,55.0
1150.0,380.0,373.0,0.0,0.0,0.0,113.23953052958079,35.0,55.0
1150.0,380.0,373.0,0.0,0.0,0.0,196.9288015236446,35.0,55.0
1150.0,380.0,373.0,0.0,0.0,0.0,283.7222351484338,35.0,55.0
1150.0,380.0,373.0,0.0,0.0,0.0,297.0,35.0,168.1471828995756
1150.0,380.0,373.0,0.0,250.0,0.0,247.47814018758032,35.0,55.0
1150.0,380.0,373.0,0.0,250.0,0.0,297.0,35.0,91.69427124381913
1150.0,380.0,373.0,0.0,250.0,434.0699850339097,65.0,35.0,55.0
1150.0,380.0,373.0,0.0,250.0,573.0,143.74165513305852,35.0,55.0
1150.0,380.0,373.0,0.0,250.0,573.0,123.75439981638972,35.0,55.0
1150.0,380.0,373.0,0.0,250.0,521.5572248459573,65.0,35.0,55.0
1150.0,380.0,373.0,0.0,250.0,258.4579134078537,65.0,35.0,55.0
1080.9875076557628,365.02705798928446,366.1062711429657,0.0,161.90621592584816,143.25,65.0,35.0,55.0
1031.367293397532,348.5075332424449,349.7682108725118,0.0,152.26982649019172,0.0,65.0,35.0,55.0
935.4171085482279,316.56386921808036,318.1754431575058,0.0,133.63602247597908,0.0,65.0,35.0,55.0
872.5379157474339,295.63017521731905,297.4717026135711,0.0,121.424700975535,0.0,65.0,35.0,55.0
825.3835194023422,279.9315687322451,281.94554294215897,0.0,112.5,0.0,65.0,35.0,55.0
878.0061837712534,297.45066693208133,299.2721965026788,0.0,0.0,0.0,65.0,35.0,55.0
885.7787964574377,300.0383193543141,301.8314239551219,0.0,0.0,0.0,65.0,35.0,55.0
929.7380112934505,314.67318839288737,316.30553117471084,0.0,0.0,0.0,65.0,35.0,55.0
1014.9563539562959,343.0440155154247,344.36470905991723,0.0,0.0,0.0,65.0,35.0,55.0
1150.0,380.0,373.0,0.0,0.0,0.0,85.96811814936137,35.0,55.0
1150.0,380.0,373.0,0.0,0.0,0.0,179.62456171847106,35.0,55.0
1150.0,380.0,373.0,0.0,0.0,0.0,161.85167991441716,35.0,55.0
1150.0,380.0,373.0,0.0,0.0,0.0,111.75842077427549,35.0,55.0
1150.0,380.0,373.0,0.0,0.0,0.0,156.41773934758862,35.0,55.0
1150.0,380.0,373.0,0.0,0.0,0.0,297.0,35.0,85.15910366662386
1150.0,380.0,373.0,0.0,0.0,0.0,297.0,35.0,89.39600367545205
1150.0,380.0,373.0,0.0,0.0,0.0,297.0,35.0,132.5171135151742
1150.0,380.0,373.0,0.0,0.0,0.0,297.0,35.0,171.1582960293614
1150.0,380.0,373.0,0.0,250.0,0.0,238.0746998770921,35.0,55.0
1150.0,380.0,373.0,0.0,250.0,0.0,297.0,35.0,155.61000756679974
1150.0,380.0,373.0,0.0,250.0,554.817847125413,65.0,35.0,55.0
1150.0,380.0,373.0,0.0,250.0,544.1178290288192,65.0,35.0,55.0
1150.0,380.0,373.0,0.0,250.0,415.28085941550995,65.0,35.0,55.0
1150.0,380.0,373.0,0.0,239.6397060413024,162.7455722874433,65.0,35.0,55.0
1022.278513414356,345.4817033846919,346.7756192972872,0.0,150.50475907316917,143.25,65.0,35.0,55.0
978.817320733886,331.0126355109454,332.4654919418508,0.0,142.06446948015036,0.0,65.0,35.0,55.0
878.4912510951539,297.61215518401343,299.4319108306313,0.0,122.58085595610672,0.0,65.0,35.0,55.0
821.7564792801802,278.7240572381589,280.75129577887895,0.0,112.5,0.0,65.0,35.0,55.0
836.5651270298792,283.65414120948725,285.6272235247647,0.0,0.0,0.0,65.0,35.0,55.0
817.511303292549,277.310756412463,279.3535198486168,0.0,0.0,0.0,65.0,35.0,55.0
830.3730088871337,281.5926658526477,283.5883931623753,0.0,0.0,0.0,65.0,35.0,55.0
883.4544504918888,299.26449982789535,301.06610471895544,0.0,0.0,0.0,65.0,35.0,55.0
977.0219292339597,330.4149151109699,331.8743374099053,0.0,0.0,0.0,65.0,35.0,55.0
1124.9205126792822,379.6532012766176,373.0,0.0,0.0,0.0,65.0,35.0,55.0
1150.0,380.0,373.0,0.0,0.0,0.0,132.96677871462038,35.0,55.0
1150.0,380.0,373.0,0.0,0.0,0.0,181.85108599524452,35.0,55.0
1150.0,380.0,373.0,0.0,0.0,0.0,193.98567485077788,35.0,55.0
1150.0,380.0,373.0,0.0,0.0,0.0,293.73892685919355,35.0,55.0
1150.0,380.0,373.0,0.0,0.0,0.0,297.0,35.0,89.48215089706105
1150.0,380.0,373.0,0.0,0.0,0.0,297.0,35.0,135.4419570058006
1150.0,380.0,373.0,0.0,250.0,0.0,197.35811599498254,35.0,55.0
1150.0,380.0,373.0,0.0,250.0,0.0,242.58389232306084,35.0,55.0
1150.0,380.0,373.0,0.0,250.0,0.0,297.0,35.0,64.14863383101988
1150.0,380.0,373.0,0.0,250.0,393.3586819985248,65.0,35.0,55.0
1150.0,380.0,373.0,0.0,250.0,573.0,92.83525434960944,35.0,55.0
1150.0,380.0,373.0,0.0,250.0,573.0,76.76713296922162,35.0,55.0
1150.0,380.0,373.0,0.0,250.0,447.8641674553124,65.0,35.0,55.0
1150.0,380.0,373.0,0.0,240.29963188611976,167.49182304707793,65.0,35.0,55.0
1013.6153927245259,342.597583701618,343.9231812319441,0.0,148.8223559247094,143.25,65.0,35.0,55.0
959.6003299969445,324.6149292780257,326.13806354255036,0.0,138.3324741776139,0.0,65.0,35.0,55.0
799.2356389478515,271.2264358604395,273.3360346359906,0.0,112.5,0.0,65.0,35.0,55.0
812.8497289405497,275.75882855366075,277.81863968220296,0.0,0.0,0.0,65.0,35.0,55.0
774.0443968286446,262.8397863101942,265.04151116035024,0.0,0.0,0.0,65.0,35.0,55.0
765.0420174156,259.8427208658514,262.0773680258127,0.0,0.0,0.0,65.0,35.0,55.0
785.2738447325365,266.5782857365831,268.73894373697954,0.0,0.0,0.0,65.0,35.0,55.0
871.9684320656947,295.44058313445436,297.2841931710106,0.0,0.0,0.0,65.0,35.0,55.0
1007.6309764079678,340.60525628194404,341.9527392271074,0.0,0.0,0.0,65.0,35.0,55.0
1150.0,380.0,373.0,0.0,0.0,0.0,68.61235085303451,35.0,55.0
1150.0,380.0,373.0,0.0,0.0,0.0,144.9525802188485,35.0,55.0
1150.0,380.0,373.0,0.0,0.0,0.0,102.46187368121124,35.0,55.0
1150.0,380.0,373.0,0.0,0.0,0.0,125.10940210566349,35.0,55.0
1150.0,380.0,373.0,0.0,0.0,0.0,178.34928868057295,35.0,55.0
1150.0,380.0,373.0,0.0,0.0,0.0,245.38820605724172,35.0,55.0
1150.0,380.0,373.0,0.0,0.0,0.0,268.40299651695665,35.0,55.0
1150.0,380.0,373.0,0.0,0.0,0.0,284.3914507084823,35.0,55.0
1150.0,380.0,373.0,0.0,0.0,0.0,297.0,35.0,87.37131497644857
1150.0,380.0,373.0,0.0,0.0,0.0,297.0,35.0,153.73802144569515
1150.0,380.0,373.0,0.0,250.0,0.0,297.0,35.0,58.67372802322793
1150.0,380.0,373.0,0.0,250.0,443.19607156679933,65.0,35.0,55.0
1150.0,380.0,373.0,0.0,250.0,424.4068715520768,65.0,35.0,55.0
1150.0,380.0,373.0,0.0,250.0,321.87364290330146,65.0,35.0,55.0
1150.0,380.0,373.0,0.0,180.93779037659098,143.25,65.0,35.0,55.0
1065.9636950135343,360.02534148230654,361.1594977339811,0.0,158.98854796344435,0.0,65.0,35.0,55.0
944.1487527393875,319.4708016941434,321.05044342076366,0.0,135.33173308701586,0.0,65.0,35.0,55.0
854.7260115362349,289.7002493432802,291.6069160767849,0.0,117.96557754901231,0.0,65.0,35.0,55.0
791.1731578361713,268.54228065804165,270.68136447180086,0.0,112.5,0.0,65.0,35.0,55.0
809.855118324412,274.7618650193441,276.8326276412557,0.0,0.0,0.0,65.0,35.0,55.0
794.4327133551561,269.62744945193964,271.75461285091745,0.0,0.0,0.0,65.0,35.0,55.0
807.9516413831586,274.1281608948026,276.2058846605065,0.0,0.0,0.0,65.0,35.0,55.0
848.0652779896241,287.48276289546436,289.4137883816156,0.0,0.0,0.0,65.0,35.0,55.0
953.6515345043192,322.63446071650577,324.1793501281076,0.0,0.0,0.0,65.0,35.0,55.0
1069.600600749533,361.23613742919804,362.3569932708499,0.0,0.0,0.0,65.0,35.0,55.0
1088.826465920699,367.6367981321452,368.6873436857723,0.0,0.0,0.0,65.0,35.0,55.0
1077.489116978904,363.86237637264077,364.95438337741393,0.0,0.0,0.0,65.0,35.0,55.0
1065.8205434379195,359.9776835664497,361.112363333109,0.0,0.0,0.0,65.0,35.0,55.0
1129.0960941346789,380.0,373.0,0.0,0.0,0.0,65.0,35.0,55.0
1150.0,380.0,373.0,0.0,0.0,0.0,184.68773847454082,35.0,55.0
1150.0,380.0,373.0,0.0,0.0,0.0,236.938148354844,35.0,55.0
1150.0,380.0,373.0,0.0,0.0,0.0,281.41974999026735,35.0,55.0
1150.0,380.0,373.0,0.0,0.0,0.0,297.0,35.0,115.28174723102059
1150.0,380.0,373.0,0.0,0.0,0.0,297.0,35.0,196.081210013255
1150.0,380.0,373.0,0.0,250.0,0.0,297.0,35.0,104.11016418660918
1150.0,380.0,373.0,0.0,250.0,491.2355354993571,65.0,35.0,55.0
1150.0,380.0,373.0,0.0,250.0,474.1563286871992,65.0,35.0,55.0
1150.0,380.0,373.0,0.0,250.0,368.53557831579195,65.0,35.0,55.0
1150.0,380.0,373.0,0.0,225.2271484131609,143.25,65.0,35.0,55.0
1091.7596937362828,368.61332615025265,369.6531446915596,0.0,163.99820568641292,0.0,65.0,35.0,55.0
971.9726304192294,328.73390631302243,330.211794238905,0.0,140.73521078136196,0.0,65.0,35.0,55.0
951.6517739977822,321.9687019391742,323.52090461007253,0.0,136.78884156328382,0.0,65.0,35.0,55.0
884.9031162123963,299.7467885398159,301.5430955624496,0.0,123.82605874699148,0.0,65.0,35.0,55.0
834.7172622688968,283.03895145055145,285.01879153212025,0.0,114.07982044492057,0.0,65.0,35.0,55.0
817.3535980299778,277.2582532939921,279.3015934689473,0.0,112.5,0.0,65.0,35.0,55.0
898.5361020602855,304.28547202706346,306.03192229926907,0.0,0.0,0.0,65.0,35.0,55.0
940.7839011377498,318.3505778068901,319.94252502318096,0.0,0.0,0.0,65.0,35.0,55.0
1070.2221378523527,361.44305909821134,362.56164193668087,0.0,0.0,0.0,65.0,35.0,55.0
1150.0,380.0,373.0,0.0,0.0,0.0,88.65112458232997,35.0,55.0
1150.0,380.0,373.0,0.0,0.0,0.0,150.2281132198205,35.0,55.0
1150.0,380.0,373.0,0.0,0.0,0.0,178.41746109333633,35.0,55.0
1150.0,380.0,373.0,0.0,0.0,0.0,239.824844902827,35.0,55.0
1150.0,380.0,373.0,0.0,0.0,0.0,297.0,35.0,62.09753861452576
1150.0,380.0,373.0,0.0,0.0,0.0,297.0,35.0,133.93277196951175
1150.0,380.0,373.0,0.0,0.0,0.0,297.0,35.0,181.48879733339882
1150.0,380.0,373.0,0.0,250.0,0.0,228.48513051684102,35.0,55.0
1150.0,380.0,373.0,0.0,250.0,0.0,286.6653563344299,35.0,55.0
1150.0,380.0,373.0,0.0,250.0,0.0,297.0,35.0,125.32018593120372
1150.0,380.0,373.0,0.0,250.0,473.49154009969,65.0,35.0,55.0
1150.0,380.0,373.0,0.0,250.0,573.0,193.27533261585486,35.0,55.0
1150.0,380.0,373.0,0.0,250.0,573.0,175.43570869591252,35.0,55.0
1150.0,380.0,373.0,0.0,250.0,570.8012203162078,65.0,35.0,55.0
1150.0,380.0,373.0,0.0,250.0,305.3047830914174,65.0,35.0,55.0
1104.1359003721886,372.73360363897655,373.0,0.0,166.40170088816853,143.25,65.0,35.0,55.0
1051.1834991040294,355.1047296764093,356.29293810322434,0.0,156.11819107667097,0.0,65.0,35.0,55.0
952.5842339691573,322.27913581784316,323.82792841961975,0.0,136.9699279925074,0.0,65.0,35.0,55.0
885.8977040619114,300.0779059853688,301.8705757330324,0.0,124.01921059023067,0.0,65.0,35.0,55.0
835.6552973978029,283.35124140651027,285.3276510302295,0.0,114.26198958589653,0.0,65.0,35.0,55.0
817.108876409762,277.17678075459105,279.2210158930473,0.0,112.5,0.0,65.0,35.0,55.0
894.9470090923847,303.0905938712903,304.85016969899493,0.0,0.0,0.0,65.0,35.0,55.0
928.9078639688558,314.39681636432664,316.0321950510093,0.0,0.0,0.0,65.0,35.0,55.0
1031.35907743978,348.5047979919139,349.7655056682935,0.0,0.0,0.0,65.0,35.0,55.0
1150.0,380.0,373.0,0.0,0.0,0.0,69.16796680883552,35.0,55.0
1150.0,380.0,373.0,0.0,0.0,0.0,132.5178545093584,35.0,55.0
1150.0,380.0,373.0,0.0,0.0,0.0,113.3350612885802,35.0,55.0
1150.0,380.0,373.0,0.0,0.0,0.0,95.3332290629218,35.0,55.0
1150.0,380.0,373.0,0.0,0.0,0.0,135.3429772903546,35.0,55.0
1150.0,380.0,373.0,0.0,0.0,0.0,216.64446439740217,35.0,55.0
1150.0,380.0,373.0,0.0,0.0,0.0,285.27098821996736,35.0,55.0
1150.0,380.0,373.0,0.0,0.0,0.0,297.0,35.0,154.47028883979627
1150.0,380.0,373.0,0.0,250.0,0.0,250.23149065086758,35.0,55.0
1150.0,380.0,373.0,0.0,250.0,0.0,297.0,35.0,93.58199866466002
1150.0,380.0,373.0,0.0,250.0,443.46400330035584,65.0,35.0,55.0
1150.0,380.0,373.0,0.0,250.0,573.0,167.94541062350106,35.0,55.0
1150.0,380.0,373.0,0.0,250.0,573.0,159.4651500896967,35.0,55.0
1150.0,380.0,373.0,0.0,250.0,559.8949147930236,65.0,35.0,55.0
1150.0,380.0,373.0,0.0,250.0,298.5324957072387,65.0,35.0,55.0
1102.4842272657347,372.1837298594366,373.0,0.0,166.0809411834369,143.25,65.0,35.0,55.0
1052.4806373606282,355.53657197798503,356.72003668254797,0.0,156.3700990859235,0.0,65.0,35.0,55.0
955.3444530080911,323.1980658829789,324.7367641772218,0.0,137.50597053050322,0.0,65.0,35.0,55.0
889.276687080717,301.20283449349284,302.98314707193845,0.0,124.67541888663638,0.0,65.0,35.0,55.0
836.5081022190743,283.635156551977,285.60844741084077,0.0,114.42760675408547,0.0,65.0,35.0,55.0
813.2756241845267,275.9006172808481,277.9588708817053,0.0,112.5,0.0,65.0,35.0,55.0
874.9581232404935,296.4359088920271,298.26858542594334,0.0,0.0,0.0,65.0,35.0,55.0
897.8832817918444,304.0681355898682,305.8169732699066,0.0,0.0,0.0,65.0,35.0,55.0
1004.6407034520239,339.60973683822607,340.96815541364236,0.0,0.0,0.0,65.0,35.0,55.0
1104.2573198486925,372.77402652059527,373.0,0.0,0.0,0.0,65.0,35.0,55.0
1150.0,380.0,373.0,0.0,0.0,0.0,71.76925328091559,35.0,55.0
1149.1049840670362,380.0,373.0,0.0,0.0,0.0,65.0,35.0,55.0
1131.81279898988,380.0,373.0,0.0,0.0,0.0,65.0,35.0,55.0
1150.0,380.0,373.0,0.0,0.0,0.0,88.2672013739382,35.0,55.0
1150.0,380.0,373.0,0.0,0.0,0.0,165.761700254679,35.0,55.0
1150.0,380.0,373.0,0.0,0.0,0.0,241.73350429525777,35.0,55.0
1150.0,380.0,373.0,0.0,0.0,0.0,297.0,35.0,113.84141492428182
1150.0,380.0,373.0,0.0,250.0,0.0,205.97545188819683,35.0,55.0
1150.0,380.0,373.0,0.0,250.0,0.0,297.0,35.0,57.63270571475202
1150.0,380.0,373.0,0.0,250.0,409.5811870676328,65.0,35.0,55.0
1150.0,380.0,373.0,0.0,250.0,573.0,131.70625738401333,35.0,55.0
1150.0,380.0,373.0,0.0,250.0,573.0,120.39755427105067,35.0,55.0
1150.0,380.0,373.0,0.0,250.0,525.6253714155099,65.0,35.0,55.0
1150.0,380.0,373.0,0.0,250.0,267.76317986545797,65.0,35.0,55.0
1087.145555137166,367.0771905669442,368.13388332488597,0.0,163.10212659614965,143.25,65.0,35.0,55.0
1036.4300881038241,350.1930350825521,351.4351977302846,0.0,153.25303589692095,0.0,65.0,35.0,55.0
940.7085514578106,318.325492447606,319.91771522276775,0.0,134.6636360265357,0.0,65.0,35.0,55.0
877.3658957297647,297.23750271454225,299.06137386177176,0.0,122.36230868224854,0.0,65.0,35.0,55.0
828.1907434240364,280.86614766120664,282.8698556631887,0.0,112.81235156780276,0.0,65.0,35.0,55.0
876.5287701495537,296.95880749032295,298.78574006236397,0.0,0.0,0.0,65.0,35.0,55.0
872.0936967933334,295.48228617421483,297.32543810919793,0.0,0.0,0.0,65.0,35.0,55.0
887.2804777894759,300.5382579841107,302.32587083481843,0.0,0.0,0.0,65.0,35.0,55.0
987.0552275725092,333.755193315605,335.1779231645653,0.0,0.0,0.0,65.0,35.0,55.0
1077.4172017191383,363.83843439796107,364.9307044016985,0.0,0.0,0.0,65.0,35.0,55.0
1100.061890741792,371.3772873893538,372.3867442352313,0.0,0.0,0.0,65.0,35.0,55.0
1088.7406996687942,367.6082448954862,368.65910410209176,0.0,0.0,0.0,65.0,35.0,55.0
1079.9131123817845,364.66937111546315,365.7525134052583,0.0,0.0,0.0,65.0,35.0,55.0
1105.8163229423296,373.2930486685391,373.0,0.0,0.0,0.0,65.0,35.0,55.0
1150.0,380.0,373.0,0.0,0.0,0.0,104.2625189906908,35.0,55.0
1150.0,380.0,373.0,0.0,0.0,0.0,187.9831343798185,35.0,55.0
1150.0,380.0,373.0,0.0,0.0,0.0,297.0,35.0,72.15303914563215
1150.0,380.0,373.0,0.0,0.0,0.0,297.0,35.0,177.52759112552476
1150.0,380.0,373.0,0.0,250.0,0.0,268.72635450232127,35.0,55.0
1150.0,380.0,373.0,0.0,250.0,365.69699880118765,65.0,35.0,55.0
1150.0,380.0,373.0,0.0,250.0,550.5988216349696,65.0,35.0,55.0
1150.0,380.0,373.0,0.0,250.0,485.8554981194972,65.0,35.0,55.0
1150.0,380.0,373.0,0.0,250.0,352.2329618923262,65.0,35.0,55.0
1150.0,380.0,373.0,0.0,192.86545571292322,143.25,65.0,35.0,55.0
1065.1294958815986,359.74762052906584,360.8848275033328,0.0,158.82654407405397,0.0,65.0,35.0,55.0
938.5771385806396,317.6159040611689,319.2159215572423,0.0,134.24970946778078,0.0,65.0,35.0,55.0
846.3957190224811,286.9269345685149,288.86406574462126,0.0,116.34781059706592,0.0,65.0,35.0,55.0
781.2964611699463,265.254138165435,267.4293417262721,0.0,112.5,0.0,65.0,35.0,55.0
798.0086572774718,270.8179500372572,272.93203596768416,0.0,0.0,0.0,65.0,35.0,55.0
781.3672454160439,265.2777036038874,267.4526483019537,0.0,0.0,0.0,65.0,35.0,55.0
780.8143305285353,265.0936275916485,267.2705943368189,0.0,0.0,0.0,65.0,35.0,55.0
811.1567601268158,275.1952066380326,277.26120906792073,0.0,0.0,0.0,65.0,35.0,55.0
940.6366228763312,318.3015460378713,319.8940318607157,0.0,0.0,0.0,65.0,35.0,55.0
1047.9854863809153,354.0400496642421,355.2399534396757,0.0,0.0,0.0,65.0,35.0,55.0
1081.5978045227746,365.2302375673704,366.3072188241711,0.0,0.0,0.0,65.0,35.0,55.0
1078.10502563949,364.06742422486076,365.1571788100451,0.0,0.0,0.0,65.0,35.0,55.0
1076.0697748040773,363.3898500336923,364.4870476687039,0.0,0.0,0.0,65.0,35.0,55.0
1103.4903809813507,372.5186978045112,373.0,0.0,0.0,0.0,65.0,35.0,55.0
1150.0,380.0,373.0,0.0,0.0,0.0,100.39767754444932,35.0,55.0
1150.0,380.0,373.0,0.0,0.0,0.0,190.42675334620725,35.0,55.0
1150.0,380.0,373.0,0.0,0.0,0.0,297.0,35.0,74.48612724776956
1150.0,380.0,373.0,0.0,0.0,0.0,297.0,35.0,168.51704097299006
1150.0,380.0,373.0,0.0,250.0,0.0,246.9309490273674,35.0,55.0
1150.0,380.0,373.0,0.0,250.0,0.0,297.0,35.0,163.76498570168644
1150.0,380.0,373.0,0.0,250.0,535.5604821445262,65.0,35.0,55.0
1150.0,380.0,373.0,0.0,250.0,489.3351329070656,65.0,35.0,55.0
1150.0,380.0,373.0,0.0,250.0,353.30954932277365,65.0,35.0,55.0
1150.0,380.0,373.0,0.0,179.81175940785414,143.25,65.0,35.0,55.0
1063.7367492448998,359.2839483568481,360.4262486996735,0.0,158.55606864026026,0.0,65.0,35.0,55.0
955.2257938091675,323.1585619509149,324.69769418986607,0.0,137.48292657013258,0.0,65.0,35.0,55.0
805.8083059674285,273.41460326571485,275.5001653538595,0.0,112.5,0.0,65.0,35.0,55.0
816.4431919491988,276.95516158014266,279.00183117165153,0.0,0.0,0.0,65.0,35.0,55.0
775.2053175181628,263.2262791608661,265.42375844561707,0.0,0.0,0.0,65.0,35.0,55.0
768.9378478656888,261.1397178355704,263.3601176803341,0.0,0.0,0.0,65.0,35.0,55.0
761.9180170598484,258.80268099586203,261.0487528362134,0.0,0.0,0.0,65.0,35.0,55.0
782.3690566203313,265.6112258433272,267.7825068501268,0.0,0.0,0.0,65.0,35.0,55.0
875.7692729687217,296.7059562549652,298.53566635951586,0.0,0.0,0.0,65.0,35.0,55.0
959.6992987252129,324.6478778732753,326.17065020247327,0.0,0.0,0.0,65.0,35.0,55.0
983.4373638590253,332.5507368246563,333.98669744567627,0.0,0.0,0.0,65.0,35.0,55.0
972.5130569618057,328.91382471477453,330.38973626427423,0.0,0.0,0.0,65.0,35.0,55.0
967.353352758855,327.19605983727047,328.6908407736821,0.0,0.0,0.0,65.0,35.0,55.0
989.9555940143398,334.72078114965547,336.1329041625599,0.0,0.0,0.0,65.0,35.0,55.0
1052.5311266450267,355.5533808329152,356.73666089475347,0.0,0.0,0.0,65.0,35.0,55.0
1084.039092134504,366.0429892194741,367.1110425225207,0.0,0.0,0.0,65.0,35.0,55.0
1150.0,380.0,373.0,0.0,0.0,0.0,81.21040030969652,35.0,55.0
1150.0,380.0,373.0,0.0,0.0,0.0,162.9960799025986,35.0,55.0
1150.0,380.0,373.0,0.0,0.0,0.0,232.64491233764895,35.0,55.0
1150.0,380.0,373.0,0.0,0.0,0.0,297.0,35.0,147.9482803898902
1150.0,380.0,373.0,0.0,250.0,0.0,297.0,35.0,116.9948444031835
1150.0,380.0,373.0,0.0,250.0,0.0,297.0,35.0,113.58708871427343
1150.0,380.0,373.0,0.0,250.0,0.0,251.0300489166017,35.0,55.0
1150.0,380.0,373.0,0.0,193.5497014490214,0.0,65.0,35.0,55.0
1003.8978550365825,339.36242829743315,340.7235635196991,0.0,146.9351819389349,0.0,65.0,35.0,55.0
894.7328835322838,303.0193073494182,304.7796662487646,0.0,125.73502805259284,0.0,65.0,35.0,55.0
810.5187063312364,274.9827862439763,277.05112207970825,0.0,112.5,0.0,65.0,35.0,55.0
808.6995408028703,274.3771510121724,276.4521396591628,0.0,0.0,0.0,65.0,35.0,55.0
759.4525052628035,257.9818646460384,260.2369530296265,0.0,0.0,0.0,65.0,35.0,55.0
738.3874253642564,250.9688939468948,253.30101875104162,0.0,0.0,0.0,65.0,35.0,55.0
734.8187256629793,249.78080510224603,252.12598088233787,0.0,0.0,0.0,65.0,35.0,55.0
765.4604240107415,259.98201647765006,262.2151334964212,0.0,0.0,0.0,65.0,35.0,55.0
853.4594215744889,289.2785771572579,291.1898758958364,0.0,0.0,0.0,65.0,35.0,55.0
941.2411903127861,318.50281817820655,320.0930930570852,0.0,0.0,0.0,65.0,35.0,55.0
952.11770630742,322.12381977642,323.67431850137893,0.0,0.0,0.0,65.0,35.0,55.0
951.5342083983829,321.9295620874487,323.482194703688,0.0,0.0,0.0,65.0,35.0,55.0
972.6239036185301,328.9507277011126,330.4262338768987,0.0,0.0,0.0,65.0,35.0,55.0
997.5086192637057,337.2353286860903,338.6198297752991,0.0,0.0,0.0,65.0,35.0,55.0
1004.8446447196619,339.6776328130422,341.03530556146245,0.0,0.0,0.0,65.0,35.0,55.0
1079.8336862387969,364.6429286231393,365.7263613797062,0.0,0.0,0.0,65.0,35.0,55.0
1150.0,380.0,373.0,0.0,0.0,0.0,81.17968731462037,35.0,55.0
1150.0,380.0,373.0,0.0,0.0,0.0,132.274168247885,35.0,55.0
1150.0,380.0,373.0,0.0,0.0,0.0,201.19955129561566,35.0,55.0
1150.0,380.0,373.0,0.0,0.0,0.0,297.0,35.0,106.27263149176599
1150.0,380.0,373.0,0.0,250.0,0.0,295.47971967129234,35.0,55.0
1150.0,380.0,373.0,0.0,250.0,0.0,288.86905044403073,35.0,55.0
1150.0,380.0,373.0,0.0,250.0,0.0,197.23097841505964,35.0,55.0
1130.594827402224,380.0,373.0,0.0,171.54010120994351,0.0,65.0,35.0,55.0
987.100136579956,333.77014438889165,335.1927100025772,0.0,143.67301632561902,0.0,65.0,35.0,55.0
878.9815183716981,297.77537460030396,299.5933373063641,0.0,122.6760672822762,0.0,65.0,35.0,55.0
865.7873763898016,293.38279068583404,295.24900526065164,0.0,120.11372666550207,0.0,65.0,35.0,55.0
805.9046387881228,273.4466743165795,275.5318841090897,0.0,112.5,0.0,65.0,35.0,55.0
828.361274781583,280.922920833657,282.9260051909416,0.0,0.0,0.0,65.0,35.0,55.0
814.1777054421779,276.2009375007866,278.2558921295309,0.0,0.0,0.0,65.0,35.0,55.0
817.9386028900082,277.45301267596494,279.4942134486182,0.0,0.0,0.0,65.0,35.0,55.0
830.5233505724003,281.6427174944508,283.6378949944767,0.0,0.0,0.0,65.0,35.0,55.0
911.6813187325632,308.66176776392115,310.36014509053246,0.0,0.0,0.0,65.0,35.0,55.0
992.3297417173827,335.5111806334014,336.9146212277344,0.0,0.0,0.0,65.0,35.0,55.0
1084.5117092862163,366.2003325693609,367.2666574795489,0.0,0.0,0.0,65.0,35.0,55.0
1094.8119359693696,369.6294763595288,370.658132644749,0.0,0.0,0.0,65.0,35.0,55.0
1110.9921203257893,375.01617127570324,373.0,0.0,0.0,0.0,65.0,35.0,55.0
1150.0,380.0,373.0,0.0,0.0,0.0,65.7926569824663,35.0,55.0
1150.0,380.0,373.0,0.0,0.0,0.0,107.54321602218761,35.0,55.0
1150.0,380.0,373.0,0.0,0.0,0.0,222.07098330400046,35.0,55.0
1150.0,380.0,373.0,0.0,0.0,0.0,292.9077743449283,35.0,55.0
1150.0,380.0,373.0,0.0,0.0,0.0,297.0,35.0,84.91891729511258
1150.0,380.0,373.0,0.0,0.0,0.0,297.0,35.0,151.06493380689483
1150.0,380.0,373.0,0.0,250.0,0.0,283.8140268382375,35.0,55.0
1150.0,380.0,373.0,0.0,250.0,407.2050572095133,65.0,35.0,55.0
1150.0,380.0,373.0,0.0,250.0,375.30605323741764,65.0,35.0,55.0
1150.0,380.0,373.0,0.0,250.0,271.7585813490377,65.0,35.0,55.0
1121.4623659817678,378.5019176555818,373.0,0.0,169.76655073118826,143.25,65.0,35.0,55.0
1050.476875477521,354.86948106534805,356.0602736625119,0.0,155.98096272021857,0.0,65.0,35.0,55.0
935.3193111701297,316.5313105878563,318.1432421789017,0.0,133.61702994168172,0.0,65.0,35.0,55.0
848.2111893054938,287.53133958199,289.4618314605998,0.0,116.7003801882597,0.0,65.0,35.0,55.0
786.0047918638323,266.8216321107288,268.9796169880759,0.0,112.5,0.0,65.0,35.0,55.0
808.3350207137651,274.2557952557995,276.3321169773864,0.0,0.0,0.0,65.0,35.0,55.0
795.9334177934431,270.1270628549967,272.24873807644093,0.0,0.0,0.0,65.0,35.0,55.0
805.3998756078114,273.27862893481125,275.36568468037865,0.0,0.0,0.0,65.0,35.0,55.0
861.1436983273674,291.8368208464149,293.7200176656807,0.0,0.0,0.0,65.0,35.0,55.0
958.151579159093,324.1326122289025,325.66104467313335,0.0,0.0,0.0,65.0,35.0,55.0
1069.9437056150978,361.3503636453115,362.4699647292864,0.0,0.0,0.0,65.0,35.0,55.0
1081.2453305762313,365.1128922038007,366.1911624816406,0.0,0.0,0.0,65.0,35.0,55.0
1080.4564464917564,364.8502575023855,365.9314127826273,0.0,0.0,0.0,65.0,35.0,55.0
1091.0306317777024,368.3706073864023,369.41309215655457,0.0,0.0,0.0,65.0,35.0,55.0
1150.0,380.0,373.0,0.0,0.0,0.0,65.95259410750195,35.0,55.0
1150.0,380.0,373.0,0.0,0.0,0.0,142.53845167500762,35.0,55.0
1150.0,380.0,373.0,0.0,0.0,0.0,217.21984737721806,35.0,55.0
1150.0,380.0,373.0,0.0,0.0,0.0,277.0528451862698,35.0,55.0
1150.0,380.0,373.0,0.0,0.0,0.0,297.0,35.0,60.1947140691538
1150.0,380.0,373.0,0.0,0.0,0.0,297.0,35.0,124.9540100153046
1150.0,380.0,373.0,0.0,250.0,0.0,265.2592888719584,35.0,55.0
1150.0,380.0,373.0,0.0,250.0,398.5549584642916,65.0,35.0,55.0
1150.0,380.0,373.0,0.0,250.0,378.1549327827572,65.0,35.0,55.0
1150.0,380.0,373.0,0.0,250.0,278.46443734903795,65.0,35.0,55.0
1129.1996897105512,380.0,373.0,0.0,171.2691614263433,143.25,65.0,35.0,55.0
1058.2764716675536,357.4661168155701,358.62838576244746,0.0,157.49566690784812,0.0,65.0,35.0,55.0
940.8793849457988,318.3823662050977,319.97396423065067,0.0,134.69681238507255,0.0,65.0,35.0,55.0
852.9887776448826,289.1218907310039,291.0349106462344,0.0,117.62820169185115,0.0,65.0,35.0,55.0
791.8972588510328,268.7833478282067,270.91978355562696,0.0,112.5,0.0,65.0,35.0,55.0
812.5322348521722,275.6531286583997,277.7141008842762,0.0,0.0,0.0,65.0,35.0,55.0
797.6338173154091,270.6931585964711,272.80861534196725,0.0,0.0,0.0,65.0,35.0,55.0
806.1915771350168,273.54220161716034,275.62636205674744,0.0,0.0,0.0,65.0,35.0,55.0
834.1244089820091,282.84157917615903,284.8235873622572,0.0,0.0,0.0,65.0,35.0,55.0
928.3143164831123,314.1992129777686,315.8367623077126,0.0,0.0,0.0,65.0,35.0,55.0
1020.8040051122422,344.9908111797646,346.2901194688534,0.0,0.0,0.0,65.0,35.0,55.0
1038.791120965747,350.97906838316743,352.2125965741885,0.0,0.0,0.0,65.0,35.0,55.0
1068.316790974508,360.80873243577355,361.93428325651985,0.0,0.0,0.0,65.0,35.0,55.0
1091.2295257435242,368.43682301725966,369.4785804187396,0.0,0.0,0.0,65.0,35.0,55.0
1150.0,380.0,373.0,0.0,0.0,0.0,74.91581366050103,35.0,55.0
1150.0,380.0,373.0,0.0,0.0,0.0,92.79760742719095,35.0,55.0
1150.0,380.0,373.0,0.0,0.0,0.0,120.82432606759511,35.0,55.0
1150.0,380.0,373.0,0.0,0.0,0.0,215.39156452803215,35.0,55.0
1150.0,380.0,373.0,0.0,0.0,0.0,284.87959853244115,35.0,55.0
1150.0,380.0,373.0,0.0,0.0,0.0,297.0,35.0,119.26090343614618
1150.0,380.0,373.0,0.0,250.0,0.0,271.5190565717907,35.0,55.0
1150.0,380.0,373.0,0.0,250.0,412.80747070760185,65.0,35.0,55.0
1150.0,380.0,373.0,0.0,250.0,402.5769284498494,65.0,35.0,55.0
1150.0,380.0,373.0,0.0,250.0,306.10090024973454,65.0,35.0,55.0
1150.0,380.0,373.0,0.0,175.64675389956594,143.25,65.0,35.0,55.0
1067.3471291724973,360.4859133513774,361.61501029085383,0.0,159.25721488706904,0.0,65.0,35.0,55.0
948.9173712796329,321.05836662431204,322.62056919071455,0.0,136.25781262961425,0.0,65.0,35.0,55.0
855.8885941406929,290.08729547743513,291.98971056779953,0.0,118.19135446060272,0.0,65.0,35.0,55.0
788.0170746416976,267.4915597932976,269.6421856165559,0.0,112.5,0.0,65.0,35.0,55.0
807.9027636579094,274.11188855894324,276.18979107379107,0.0,0.0,0.0,65.0,35.0,55.0
791.8006423303972,268.75118232816897,270.88797138873366,0.0,0.0,0.0,65.0,35.0,55.0
800.7515836646771,271.73112304566837,273.83517790895746,0.0,0.0,0.0,65.0,35.0,55.0
844.77820816125,286.388434058192,288.3314805808132,0.0,0.0,0.0,65.0,35.0,55.0
935.4053358085615,316.5599498463653,318.17156683949526,0.0,0.0,0.0,65.0,35.0,55.0
1026.4589313332367,346.87344500240624,348.1520728442009,0.0,0.0,0.0,65.0,35.0,55.0
1142.9213227162816,380.0,373.0,0.0,0.0,0.0,65.0,35.0,55.0
1150.0,380.0,373.0,0.0,0.0,0.0,121.58320717280169,35.0,55.0
1150.0,380.0,373.0,0.0,0.0,0.0,121.8514395878104,35.0,55.0
1150.0,380.0,373.0,0.0,0.0,0.0,137.105054704834,35.0,55.0
1150.0,380.0,373.0,0.0,0.0,0.0,102.71149556649094,35.0,55.0
1150.0,380.0,373.0,0.0,0.0,0.0,159.76780372780553,35.0,55.0
1150.0,380.0,373.0,0.0,0.0,0.0,233.18359587533695,35.0,55.0
1150.0,380.0,373.0,0.0,0.0,0.0,280.67584053244116,35.0,55.0
1150.0,380.0,373.0,0.0,0.0,0.0,297.0,35.0,102.08120349025845
1150.0,380.0,373.0,0.0,250.0,0.0,225.79353967129248,35.0,55.0
1150.0,380.0,373.0,0.0,250.0,0.0,297.0,35.0,161.40102320186793
1150.0,380.0,373.0,0.0,250.0,0.0,297.0,35.0,118.37726660140305
1150.0,380.0,373.0,0.0,250.0,0.0,243.76786872655055,35.0,55.0
1150.0,380.0,373.0,0.0,192.29881174703104,0.0,65.0,35.0,55.0
1009.8815448628078,341.35451385448704,342.6937663187399,0.0,148.09723184721634,0.0,65.0,35.0,55.0
898.0265498924426,304.11583229913566,305.86414603804957,0.0,126.3746676065947,0.0,65.0,35.0,55.0
816.0704484803209,276.8310681023051,278.879100841866,0.0,112.5,0.0,65.0,35.0,55.0
831.4637290445767,281.9557875945045,283.9475260669162,0.0,0.0,0.0,65.0,35.0,55.0
789.6983050577494,268.0512737703185,270.19575122034445,0.0,0.0,0.0,65.0,35.0,55.0
770.139002880951,261.53960546798066,263.7556126076913,0.0,0.0,0.0,65.0,35.0,55.0
758.8319519310733,257.775270493363,260.03262828241606,0.0,0.0,0.0,65.0,35.0,55.0
777.9832735894042,264.15111422557754,266.3384343372691,0.0,0.0,0.0,65.0,35.0,55.0
868.6756044790344,294.3443374285849,296.19998955812224,0.0,0.0,0.0,65.0,35.0,55.0
1018.3549822650857,344.1754843188479,345.4837488499695,0.0,0.0,0.0,65.0,35.0,55.0
1087.445235205732,367.1769598320071,368.23255663968877,0.0,0.0,0.0,65.0,35.0,55.0
1090.9133217502892,368.33155261951197,369.37446640036114,0.0,0.0,0.0,65.0,35.0,55.0
1087.039728114345,367.04195871338396,368.0990384878989,0.0,0.0,0.0,65.0,35.0,55.0
1088.5418721811445,367.5420513964923,368.593637728655,0.0,0.0,0.0,65.0,35.0,55.0
1098.7244855327162,370.93203944397214,371.94638727106775,0.0,0.0,0.0,65.0,35.0,55.0
1150.0,380.0,373.0,0.0,0.0,0.0,131.93124219322013,35.0,55.0
1150.0,380.0,373.0,0.0,0.0,0.0,228.26087862973472,35.0,55.0
1150.0,380.0,373.0,0.0,0.0,0.0,297.0,35.0,67.94055837422266
1150.0,380.0,373.0,0.0,0.0,0.0,297.0,35.0,132.27650291110032
1150.0,380.0,373.0,0.0,250.0,0.0,265.3815500051799,35.0,55.0
1150.0,380.0,373.0,0.0,250.0,379.5375534681152,65.0,35.0,55.0
1150.0,380.0,373.0,0.0,250.0,336.10235881255664,65.0,35.0,55.0
1150.0,380.0,373.0,0.0,246.71076904048078,213.60134403034624,65.0,35.0,55.0
1085.275721843548,366.4546870604974,367.5182179251388,0.0,162.73899955072238,143.25,65.0,35.0,55.0
1024.1537008142316,346.1059893762033,347.3930476017706,0.0,150.8689259015508,0.0,65.0,35.0,55.0
917.9551572993106,310.75044942340975,312.4258828984585,0.0,130.24486092908788,0.0,65.0,35.0,55.0
772.2425102810874,262.2399035838025,264.44821805481666,0.0,112.5,0.0,65.0,35.0,55.0
786.1060053071594,266.85532801484266,269.01294274778854,0.0,0.0,0.0,65.0,35.0,55.0
737.2463207837536,250.58899826046652,252.92529616116883,0.0,0.0,0.0,65.0,35.0,55.0
705.5691893255957,240.04307126570092,242.49521457657298,0.0,0.0,0.0,65.0,35.0,55.0
678.7791579015966,231.1241539717484,233.67427023774343,0.0,0.0,0.0,65.0,35.0,55.0
697.1306600948204,237.2337224037782,239.71672598623957,0.0,0.0,0.0,65.0,35.0,55.0
767.7681538601038,260.75030417905265,262.9749816738311,0.0,0.0,0.0,65.0,35.0,55.0
953.4397807194717,322.5639638042832,324.10962761378454,0.0,0.0,0.0,65.0,35.0,55.0
1089.22019975373,367.7678797063717,368.8169853487667,0.0,0.0,0.0,65.0,35.0,55.0
1089.6859964823154,367.92295240607467,368.97035459835934,0.0,0.0,0.0,65.0,35.0,55.0
1077.4248203220802,363.84097077757406,364.93321291956573,0.0,0.0,0.0,65.0,35.0,55.0
1087.3756504681942,367.15379373305046,368.2096450168191,0.0,0.0,0.0,65.0,35.0,55.0
1092.991478163643,369.0234109037092,370.05872472613345,0.0,0.0,0.0,65.0,35.0,55.0
1071.2514836375558,361.78574812980685,362.90056658118687,0.0,0.0,0.0,65.0,35.0,55.0
1111.8667558531272,375.3073542835623,373.0,0.0,0.0,0.0,65.0,35.0,55.0
1150.0,380.0,373.0,0.0,0.0,0.0,71.46118344760048,35.0,55.0
1150.0,380.0,373.0,0.0,0.0,0.0,123.69079921155176,35.0,55.0
1150.0,380.0,373.0,0.0,0.0,0.0,245.65750508331303,35.0,55.0
1150.0,380.0,373.0,0.0,0.0,0.0,297.0,35.0,182.2755401063448
1150.0,380.0,373.0,0.0,0.0,0.0,297.0,35.0,170.35156217378767
1150.0,380.0,373.0,0.0,0.0,0.0,297.0,35.0,74.53466307523684
1150.0,380.0,373.0,0.0,0.0,0.0,87.34313802988414,35.0,55.0
990.4868339471204,334.89764115212154,336.30782138469584,0.0,0.0,0.0,65.0,35.0,55.0
864.0958533035986,292.81965008073786,294.6920506697781,0.0,0.0,0.0,65.0,35.0,55.0
770.229839373281,261.569846685303,263.7855216298234,0.0,0.0,0.0,65.0,35.0,55.0
722.8660142683807,245.80151733360944,248.19040498691737,0.0,0.0,0.0,65.0,35.0,55.0
695.3586504424802,236.64378627107365,239.1332702125685,0.0,0.0,0.0,65.0,35.0,55.0
680.761827940426,231.78422300330902,234.3270885110028,0.0,0.0,0.0,65.0,35.0,55.0
673.1178228663994,229.23938653145916,231.81020668221493,0.0,0.0,0.0,65.0,35.0,55.0
714.0432771751408,242.86425827648117,245.28541127549238,0.0,0.0,0.0,65.0,35.0,55.0
807.2340787976884,273.88927049367715,275.9696184342419,0.0,0.0,0.0,65.0,35.0,55.0
968.9121481932586,327.715012851457,329.2040931676371,0.0,0.0,0.0,65.0,35.0,55.0
1042.2096017051188,352.11714644298314,353.3381730189533,0.0,0.0,0.0,65.0,35.0,55.0
1045.823629002763,353.3203257172299,354.5281355511723,0.0,0.0,0.0,65.0,35.0,55.0
1025.8375153242519,346.6665636478622,347.94746404999086,0.0,0.0,0.0,65.0,35.0,55.0
1070.1555378960861,361.4208866904107,362.5397130894205,0.0,0.0,0.0,65.0,35.0,55.0
1093.9604321618563,369.3459943465926,370.3777646387731,0.0,0.0,0.0,65.0,35.0,55.0
1039.024282847349,351.05669246300516,352.2893679652705,0.0,0.0,0.0,65.0,35.0,55.0
1100.7009166619625,371.5900314224044,372.59715130731274,0.0,0.0,0.0,65.0,35.0,55.0
1150.0,380.0,373.0,0.0,0.0,0.0,104.96379837517081,35.0,55.0
1150.0,380.0,373.0,0.0,0.0,0.0,191.51971615146917,35.0,55.0
1150.0,380.0,373.0,0.0,0.0,0.0,297.0,35.0,101.33256349176612
1150.0,380.0,373.0,0.0,250.0,0.0,272.26183800518027,35.0,55.0
1150.0,380.0,373.0,0.0,250.0,0.0,241.31845838323903,35.0,55.0
1150.0,380.0,373.0,0.0,250.0,0.0,141.66090726664004,35.0,55.0
1103.979276289935,372.6814604662511,373.0,0.0,166.37128403741204,0.0,65.0,35.0,55.0
976.6791109627537,330.3007843076368,331.7614603161542,0.0,141.649222944887,0.0,65.0,35.0,55.0
870.0986841548122,294.8181080535643,296.6685558845697,0.0,120.95099513001138,0.0,65.0,35.0,55.0
851.1587847845302,288.5126508719052,290.4323631946788,0.0,117.27281177404359,0.0,65.0,35.0,55.0
788.2603065509088,267.57253637922133,269.72227268695246,0.0,112.5,0.0,65.0,35.0,55.0
809.9895921058534,274.80663393043267,276.87690477263914,0.0,0.0,0.0,65.0,35.0,55.0
797.9456966247199,270.79698922367015,272.9113054054585,0.0,0.0,0.0,65.0,35.0,55.0
806.1772961275742,273.5374471948068,275.6216598610031,0.0,0.0,0.0,65.0,35.0,55.0
859.1859912001804,291.18506244879245,293.0754187353048,0.0,0.0,0.0,65.0,35.0,55.0
967.5060780140404,327.2469050153943,328.7411274252281,0.0,0.0,0.0,65.0,35.0,55.0
1041.4245187125505,351.8557771982523,353.07967487577446,0.0,0.0,0.0,65.0,35.0,55.0
1096.4001636821463,370.1582279458941,371.181075975052,0.0,0.0,0.0,65.0,35.0,55.0
1084.065528163517,366.05179028254923,367.1197469072514,0.0,0.0,0.0,65.0,35.0,55.0
1104.6587981476928,372.9076863766599,373.0,0.0,0.0,0.0,65.0,35.0,55.0
1140.7150754726476,380.0,373.0,0.0,0.0,0.0,65.0,35.0,55.0
1150.0,380.0,373.0,0.0,0.0,0.0,134.67295224101846,35.0,55.0
1150.0,380.0,373.0,0.0,0.0,0.0,191.11840278641066,35.0,55.0
1150.0,380.0,373.0,0.0,0.0,0.0,242.15920602745757,35.0,55.0
1150.0,380.0,373.0,0.0,0.0,0.0,278.6812186792903,35.0,55.0
1150.0,380.0,373.0,0.0,0.0,0.0,297.0,35.0,124.74405044016727
1150.0,380.0,373.0,0.0,250.0,0.0,287.05038820418156,35.0,55.0
1150.0,380.0,373.0,0.0,250.0,441.81561494326644,65.0,35.0,55.0
1150.0,380.0,373.0,0.0,250.0,431.0224104200503,65.0,35.0,55.0
1150.0,380.0,373.0,0.0,250.0,331.0646196272481,65.0,35.0,55.0
1150.0,380.0,373.0,0.0,194.04618097299021,143.25,65.0,35.0,55.0
1076.0762937662075,363.39202032170584,364.48919411643243,0.0,160.95244395309396,0.0,65.0,35.0,55.0
957.8055496533565,324.0174123437629,325.5471102412775,0.0,137.9839226326272,0.0,65.0,35.0,55.0
871.1490812106812,295.1678054584996,297.0144119164962,0.0,121.1549852828903,0.0,65.0,35.0,55.0
811.8944818862383,275.4408084163248,277.50411294789075,0.0,112.5,0.0,65.0,35.0,55.0
830.9295432213628,281.7779468483911,283.7716388744533,0.0,0.0,0.0,65.0,35.0,55.0
809.7644349770858,274.73167478694234,276.8027690439826,0.0,0.0,0.0,65.0,35.0,55.0
815.770377070251,276.7311685521203,278.7802986731037,0.0,0.0,0.0,65.0,35.0,55.0
854.932035040276,289.76883853468763,291.67475182631705,0.0,0.0,0.0,65.0,35.0,55.0
951.1288141540147,321.7945985377708,323.34871370815426,0.0,0.0,0.0,65.0,35.0,55.0
1085.5551920015066,366.5477280571843,367.6102368805742,0.0,0.0,0.0,65.0,35.0,55.0
1150.0,380.0,373.0,0.0,0.0,0.0,144.63654807894684,35.0,55.0
1150.0,380.0,373.0,0.0,0.0,0.0,137.3139653490126,35.0,55.0
1108.7468948702654,374.26869249051015,373.0,0.0,0.0,0.0,65.0,35.0,55.0
1126.9386703834225,380.0,373.0,0.0,0.0,0.0,65.0,35.0,55.0
1150.0,380.0,373.0,0.0,0.0,0.0,200.79453129606844,35.0,55.0
1150.0,380.0,373.0,0.0,0.0,0.0,268.0784772805919,35.0,55.0
1150.0,380.0,373.0,0.0,0.0,0.0,297.0,35.0,79.71929155966681
1150.0,380.0,373.0,0.0,0.0,0.0,297.0,35.0,178.49295065086812
1150.0,380.0,373.0,0.0,250.0,0.0,268.1283517688657,35.0,55.0
1150.0,380.0,373.0,0.0,250.0,391.49541076746647,65.0,35.0,55.0
1150.0,380.0,373.0,0.0,250.0,573.0,126.61926913305861,35.0,55.0
1150.0,380.0,373.0,0.0,250.0,573.0,119.90223596794266,35.0,55.0
1150.0,380.0,373.0,0.0,250.0,522.3660606075501,65.0,35.0,55.0
1150.0,380.0,373.0,0.0,250.0,260.0200967920324,65.0,35.0,55.0
1079.6370128498907,364.57745226509354,365.6616042695329,0.0,161.6439459200701,143.25,65.0,35.0,55.0
1029.2768139776947,347.811572392114,349.0798950466732,0.0,151.8638493274987,0.0,65.0,35.0,55.0
933.3683872752367,315.8818104588733,317.5008767104265,0.0,133.23815486644165,0.0,65.0,35.0,55.0
871.1134334368243,295.15593762819685,297.0026744525112,0.0,121.1480623818804,0.0,65.0,35.0,55.0
824.7127970322982,279.7082723407273,281.7246994276692,0.0,112.5,0.0,65.0,35.0,55.0
873.1475591153136,295.833137232961,297.672435122223,0.0,0.0,0.0,65.0,35.0,55.0
870.0659659397385,294.8072155297882,296.6577830135169,0.0,0.0,0.0,65.0,35.0,55.0
896.0096687876976,303.4443737450094,305.2000633544042,0.0,0.0,0.0,65.0,35.0,55.0
994.9002839993906,336.36696365399536,337.76100360151116,0.0,0.0,0.0,65.0,35.0,55.0
1108.0267756011622,374.0289509201752,373.0,0.0,0.0,0.0,65.0,35.0,55.0
1132.2369863686345,380.0,373.0,0.0,0.0,0.0,65.0,35.0,55.0
1129.1550226122326,380.0,373.0,0.0,0.0,0.0,65.0,35.0,55.0
1119.6710859550255,377.9055660441943,373.0,0.0,0.0,0.0,65.0,35.0,55.0
1150.0,380.0,373.0,0.0,0.0,0.0,66.48046634490335,35.0,55.0
1150.0,380.0,373.0,0.0,0.0,0.0,194.33786986303187,35.0,55.0
1150.0,380.0,373.0,0.0,0.0,0.0,247.31134308129177,35.0,55.0
1150.0,380.0,373.0,0.0,0.0,0.0,297.0,35.0,72.58165161952282
1150.0,380.0,373.0,0.0,0.0,0.0,297.0,35.0,174.2676100464153
1150.0,380.0,373.0,0.0,250.0,0.0,230.68904786904926,35.0,55.0
1150.0,380.0,373.0,0.0,250.0,0.0,297.0,35.0,120.82744116879651
1150.0,380.0,373.0,0.0,250.0,464.980961406951,65.0,35.0,55.0
1150.0,380.0,373.0,0.0,250.0,398.8899200275432,65.0,35.0,55.0
1150.0,380.0,373.0,0.0,250.0,258.95362304456364,65.0,35.0,55.0
1100.3128010827663,371.4608202730571,372.46935952286356,0.0,165.65924392471553,143.25,65.0,35.0,55.0
1024.835195033976,346.3328719238947,347.61743787905175,0.0,151.00127405437078,0.0,65.0,35.0,55.0
900.0741027507303,304.79750207059044,306.5383277703482,0.0,126.77230830660997,0.0,65.0,35.0,55.0
802.1989543366635,272.2129806110005,274.31174234194316,0.0,112.5,0.0,65.0,35.0,55.0
799.4241174326157,271.28918397710635,273.3980934741031,0.0,0.0,0.0,65.0,35.0,55.0
747.6285903138125,254.0454556940762,256.343784933576,0.0,0.0,0.0,65.0,35.0,55.0
730.0172733638556,248.18230918154396,250.54504419712833,0.0,0.0,0.0,65.0,35.0,55.0
739.4906459688726,251.3361773283074,253.6642675801584,0.0,0.0,0.0,65.0,35.0,55.0
807.2436304849697,273.8924504342875,275.9727634436865,0.0,0.0,0.0,65.0,35.0,55.0
925.8335197684713,313.3733079845713,315.0199297557285,0.0,0.0,0.0,65.0,35.0,55.0
1033.762809760148,349.30504676440904,350.5569638292726,0.0,0.0,0.0,65.0,35.0,55.0
1067.482662514344,360.5310350105264,361.6596362954137,0.0,0.0,0.0,65.0,35.0,55.0
1083.3404087471774,365.8103840669232,366.88099250232733,0.0,0.0,0.0,65.0,35.0,55.0
1096.9502055070482,370.34134746027144,371.3621839493092,0.0,0.0,0.0,65.0,35.0,55.0
1122.5843979518474,378.8754637027636,373.0,0.0,0.0,0.0,65.0,35.0,55.0
1150.0,380.0,373.0,0.0,0.0,0.0,184.75700917590672,35.0,55.0
1150.0,380.0,373.0,0.0,0.0,0.0,249.8052720802858,35.0,55.0
1150.0,380.0,373.0,0.0,0.0,0.0,297.0,35.0,68.24322265740155
1150.0,380.0,373.0,0.0,0.0,0.0,297.0,35.0,129.21572082614074
1150.0,380.0,373.0,0.0,0.0,0.0,297.0,35.0,203.3358233900742
1150.0,380.0,373.0,0.0,250.0,0.0,297.0,35.0,105.18877787029372
1150.0,380.0,373.0,0.0,250.0,490.3787324337093,65.0,35.0,55.0
1150.0,380.0,373.0,0.0,250.0,489.2764145418026,65.0,35.0,55.0
1150.0,380.0,373.0,0.0,250.0,397.6717410974977,65.0,35.0,55.0
1150.0,380.0,373.0,0.0,239.56723201173102,162.22433202899876,65.0,35.0,55.0
1029.6391011264607,347.93218475965347,349.1991825056299,0.0,151.93420654189674,143.25,65.0,35.0,55.0
986.2675411609109,333.49295734255116,334.91856781394273,0.0,143.5113238819204,0.0,65.0,35.0,55.0
893.5952906305674,302.64058076847414,304.4050999219294,0.0,125.51410421370879,0.0,65.0,35.0,55.0
832.6414963834884,282.347889019136,284.33532031680744,0.0,113.67670069326154,0.0,65.0,35.0,55.0
782.2754109087368,265.5800493828212,267.75167285831577,0.0,112.5,0.0,65.0,35.0,55.0
833.701138256271,282.7006642016276,284.68422031737015,0.0,0.0,0.0,65.0,35.0,55.0
840.2336844591365,284.875474614507,286.83514076738084,0.0,0.0,0.0,65.0,35.0,55.0
891.1795592880069,301.83633729045397,303.6096909366602,0.0,0.0,0.0,65.0,35.0,55.0
996.3423747064522,336.8470634173401,338.23582954169797,0.0,0.0,0.0,65.0,35.0,55.0
1076.1122458299276,363.4039894559629,364.5010317715632,0.0,0.0,0.0,65.0,35.0,55.0
1147.5879433073246,380.0,373.0,0.0,0.0,0.0,65.0,35.0,55.0
1112.245699532016,375.4335119306955,373.0,0.0,0.0,0.0,65.0,35.0,55.0
1093.949324216283,369.34229629763155,370.3741072123196,0.0,0.0,0.0,65.0,35.0,55.0
1131.303095113483,380.0,373.0,0.0,0.0,0.0,65.0,35.0,55.0
1150.0,380.0,373.0,0.0,0.0,0.0,121.29466943541108,35.0,55.0
1150.0,380.0,373.0,0.0,0.0,0.0,162.93463725600972,35.0,55.0
1150.0,380.0,373.0,0.0,0.0,0.0,266.857288754013,35.0,55.0
1150.0,380.0,373.0,0.0,0.0,0.0,297.0,35.0,136.57135174703112
1150.0,380.0,373.0,0.0,250.0,0.0,205.24369170671025,35.0,55.0
1150.0,380.0,373.0,0.0,250.0,0.0,297.0,35.0,127.40530240318384
1150.0,380.0,373.0,0.0,250.0,534.4852124184189,65.0,35.0,55.0
1150.0,380.0,373.0,0.0,250.0,533.4391715728801,65.0,35.0,55.0
1150.0,380.0,373.0,0.0,250.0,432.2811583293402,65.0,35.0,55.0
1150.0,380.0,373.0,0.0,243.73774171197596,192.21904278067257,65.0,35.0,55.0
1053.8751625348048,356.0008362595742,357.17920109134695,0.0,156.6409199168505,143.25,65.0,35.0,55.0
1012.1834989153798,342.12087868192714,343.45171274466645,0.0,148.5442779965564,0.0,65.0,35.0,55.0
851.8846298524437,288.7542986709124,290.67135652922724,0.0,117.41377299013114,0.0,65.0,35.0,55.0
790.6696917409648,268.3746671008797,270.5155921241684,0.0,112.5,0.0,65.0,35.0,55.0
808.6456950100413,274.35922471095733,276.43441027565046,0.0,0.0,0.0,65.0,35.0,55.0
785.2200315062844,266.5603702774085,268.7212250764095,0.0,0.0,0.0,65.0,35.0,55.0
786.2858914794851,266.91521558525665,269.0721724623154,0.0,0.0,0.0,65.0,35.0,55.0
828.1514581198862,280.8530688270299,282.8569204980238,0.0,0.0,0.0,65.0,35.0,55.0
925.0622203436669,313.11652755494697,314.76597002021754,0.0,0.0,0.0,65.0,35.0,55.0
1027.4606154946289,347.20692494682004,348.4818895619525,0.0,0.0,0.0,65.0,35.0,55.0
1072.6473036528812,362.2504434889463,363.36015733221456,0.0,0.0,0.0,65.0,35.0,55.0
1071.200811417762,361.7688783721612,362.883882135273,0.0,0.0,0.0,65.0,35.0,55.0
1054.5717643507196,356.2327484169223,357.40856572878477,0.0,0.0,0.0,65.0,35.0,55.0
1096.9727382309995,370.34884903793477,371.3696031232785,0.0,0.0,0.0,65.0,35.0,55.0
1088.050339353185,367.3784106537679,368.43179455469533,0.0,0.0,0.0,65.0,35.0,55.0
1144.6076348139336,380.0,373.0,0.0,0.0,0.0,65.0,35.0,55.0
1150.0,380.0,373.0,0.0,0.0,0.0,168.0219951878753,35.0,55.0
1150.0,380.0,373.0,0.0,0.0,0.0,220.3875679581644,35.0,55.0
1150.0,380.0,373.0,0.0,0.0,0.0,280.14473058984146,35.0,55.0
1150.0,380.0,373.0,0.0,0.0,0.0,297.0,35.0,194.97314802322782
1150.0,380.0,373.0,0.0,250.0,0.0,297.0,35.0,143.8928881334112
1150.0,380.0,373.0,0.0,250.0,0.0,297.0,35.0,107.58064737302243
1150.0,380.0,373.0,0.0,250.0,0.0,224.0859157415825,35.0,55.0
1120.8371273684916,378.2937636824662,373.0,0.0,169.6451275802042,0.0,65.0,35.0,55.0
968.502690812678,327.5786966054997,329.0692743349877,0.0,140.06133845197374,0.0,65.0,35.0,55.0
851.9291657375969,288.76912552460317,290.6860205121767,0.0,117.4224219881174,0.0,65.0,35.0,55.0
758.407493289782,257.633960038871,259.892870101856,0.0,112.5,0.0,65.0,35.0,55.0
763.8227488421174,259.4368028811392,261.67590898865984,0.0,0.0,0.0,65.0,35.0,55.0
719.2413326055125,244.59479101603347,246.99693437510263,0.0,0.0,0.0,65.0,35.0,55.0
705.7992711221,240.11966992590357,242.57097181209917,0.0,0.0,0.0,65.0,35.0,55.0
713.1356343174729,242.56208649281035,244.98655880308158,0.0,0.0,0.0,65.0,35.0,55.0
749.4318719670539,254.64580287801246,256.93753739465836,0.0,0.0,0.0,65.0,35.0,55.0
865.2868241863235,293.2161472193345,295.0841923473826,0.0,0.0,0.0,65.0,35.0,55.0
949.9702545321189,321.408891731972,322.9672438331767,0.0,0.0,0.0,65.0,35.0,55.0
982.5639762453992,332.25996927130006,333.6991239298379,0.0,0.0,0.0,65.0,35.0,55.0
976.1128078364072,330.11225109290274,331.5749981102185,0.0,0.0,0.0,65.0,35.0,55.0
956.5740300266126,323.6074157475301,325.1416173955336,0.0,0.0,0.0,65.0,35.0,55.0
1015.4004760525702,343.19187231269365,344.51094167267075,0.0,0.0,0.0,65.0,35.0,55.0
1034.3967073244228,349.51608346903714,350.7656823276756,0.0,0.0,0.0,65.0,35.0,55.0
1087.432887819557,367.1728491494048,368.228491112312,0.0,0.0,0.0,65.0,35.0,55.0
1150.0,380.0,373.0,0.0,0.0,0.0,83.09875079837028,35.0,55.0
1150.0,380.0,373.0,0.0,0.0,0.0,162.78269204887923,35.0,55.0
1150.0,380.0,373.0,0.0,0.0,0.0,267.45230316642716,35.0,55.0
1150.0,380.0,373.0,0.0,250.0,0.0,204.95410724764014,35.0,55.0
1150.0,380.0,373.0,0.0,250.0,368.83828186696655,65.0,35.0,55.0
1150.0,380.0,373.0,0.0,250.0,359.6897117311322,65.0,35.0,55.0
1150.0,380.0,373.0,0.0,250.0,265.8518763884594,65.0,35.0,55.0
1112.2831352313538,375.44597499581664,373.0,0.0,167.98391751299192,143.25,65.0,35.0,55.0
1039.5529532889686,351.232697032389,352.46343915112703,0.0,153.85950536765915,0.0,65.0,35.0,55.0
928.0003800855411,314.094697506279,315.7333949228417,0.0,132.19567231076164,0.0,65.0,35.0,55.0
912.5698503406602,308.9575770446292,310.65270495111156,0.0,129.19901870813257,0.0,65.0,35.0,55.0
853.1082658250633,289.1616706468901,291.0742535857719,0.0,117.65140664278479,0.0,65.0,35.0,55.0
805.7066711906056,273.3807670915675,275.4667008649585,0.0,112.5,0.0,65.0,35.0,55.0
857.1653738066325,290.51236001218274,292.41010583303665,0.0,0.0,0.0,65.0,35.0,55.0
865.7596469829422,293.3735590323703,295.23987501550243,0.0,0.0,0.0,65.0,35.0,55.0
912.6146256129322,308.9724835949011,310.6674477551873,0.0,0.0,0.0,65.0,35.0,55.0
1009.6477805453658,341.27668921215854,342.61679656831575,0.0,0.0,0.0,65.0,35.0,55.0
1120.9443504060769,378.3294602962213,373.0,0.0,0.0,0.0,65.0,35.0,55.0
1139.8622557722763,380.0,373.0,0.0,0.0,0.0,65.0,35.0,55.0
1113.5019415863017,375.8517390990788,373.0,0.0,0.0,0.0,65.0,35.0,55.0
1111.2327500380607,375.0962815401613,373.0,0.0,0.0,0.0,65.0,35.0,55.0
1150.0,380.0,373.0,0.0,0.0,0.0,116.20955210918578,35.0,55.0
1150.0,380.0,373.0,0.0,0.0,0.0,198.39180799173127,35.0,55.0
1150.0,380.0,373.0,0.0,0.0,0.0,253.04142428220862,35.0,55.0
1150.0,380.0,373.0,0.0,0.0,0.0,297.0,35.0,90.97871260835439
1150.0,380.0,373.0,0.0,0.0,0.0,297.0,35.0,144.39500236285303
1150.0,380.0,373.0,0.0,250.0,0.0,202.33888854839267,35.0,55.0
1150.0,380.0,373.0,0.0,250.0,0.0,297.0,35.0,114.90824557012785
1150.0,380.0,373.0,0.0,250.0,506.2826611789308,65.0,35.0,55.0
1150.0,380.0,373.0,0.0,250.0,498.2397892995728,65.0,35.0,55.0
1150.0,380.0,373.0,0.0,250.0,410.6149791902338,65.0,35.0,55.0
1150.0,380.0,373.0,0.0,242.19574228157913,181.1288331376445,65.0,35.0,55.0
1039.439091878382,351.1947903764422,352.42594889405234,0.0,153.83739315169015,143.25,65.0,35.0,55.0
992.3447535747188,335.51617836975674,336.9195640647131,0.0,144.69153614779034,0.0,65.0,35.0,55.0
898.7555991532212,304.35854683564327,306.1041943921486,0.0,126.51625108622413,0.0,65.0,35.0,55.0
839.4791514052197,284.6242760325819,286.5867015638178,0.0,115.00459311777168,0.0,65.0,35.0,55.0
795.1161439353638,269.8549766513131,271.9796406984796,0.0,112.5,0.0,65.0,35.0,55.0
846.694261831209,287.02632521788024,288.9623646027625,0.0,0.0,0.0,65.0,35.0,55.0
839.516577148128,284.63673578301604,286.5990244457812,0.0,0.0,0.0,65.0,35.0,55.0
884.3905387494774,299.57614163290623,301.3743231859567,0.0,0.0,0.0,65.0,35.0,55.0
995.2241017774898,336.47476882732525,337.8676245513462,0.0,0.0,0.0,65.0,35.0,55.0
1081.7255579447497,365.27276914139435,366.3492831952986,0.0,0.0,0.0,65.0,35.0,55.0
1139.9630537962294,380.0,373.0,0.0,0.0,0.0,65.0,35.0,55.0
1130.5596620471783,380.0,373.0,0.0,0.0,0.0,65.0,35.0,55.0
1113.4914937661665,375.8482608185866,373.0,0.0,0.0,0.0,65.0,35.0,55.0
1150.0,380.0,373.0,0.0,0.0,0.0,135.39216972138618,35.0,55.0
1150.0,380.0,373.0,0.0,0.0,0.0,147.05585196283337,35.0,55.0
1150.0,380.0,373.0,0.0,0.0,0.0,212.2540286622634,35.0,55.0
1150.0,380.0,373.0,0.0,0.0,0.0,297.0,35.0,90.83011571852911
1150.0,380.0,373.0,0.0,0.0,0.0,297.0,35.0,152.83879605209972
1150.0,380.0,373.0,0.0,250.0,0.0,221.53762776082334,35.0,55.0
1150.0,380.0,373.0,0.0,250.0,0.0,297.0,35.0,137.09318610301804
1150.0,380.0,373.0,0.0,250.0,535.3123849203299,65.0,35.0,55.0
1150.0,380.0,373.0,0.0,250.0,534.939356966665,65.0,35.0,55.0
1150.0,380.0,373.0,0.0,250.0,443.39297304456323,65.0,35.0,55.0
1150.0,380.0,373.0,0.0,244.96610586968987,201.0535570862472,65.0,35.0,55.0
1050.213331336828,354.781742146459,355.97349854235307,0.0,155.92978168419998,143.25,65.0,35.0,55.0
1002.746973406473,338.97927764293706,340.3446217170895,0.0,146.71167739047883,0.0,65.0,35.0,55.0
909.7743620847782,308.02690517807474,309.73225637400026,0.0,128.6561267859758,0.0,65.0,35.0,55.0
848.0478594237695,287.47696391950285,289.4080531065264,0.0,116.66866105180888,0.0,65.0,35.0,55.0
797.9483685794337,270.797878768842,272.9121851791114,0.0,112.5,0.0,65.0,35.0,55.0
843.3315966236723,285.90682922332144,287.85516610208333,0.0,0.0,0.0,65.0,35.0,55.0
838.9169829271668,284.43711932187614,286.40160074122207,0.0,0.0,0.0,65.0,35.0,55.0
879.7865834831698,298.04339627716655,299.85841480571577,0.0,0.0,0.0,65.0,35.0,55.0
988.7902216000792,334.3328062341004,335.7491910926681,0.0,0.0,0.0,65.0,35.0,55.0
1090.0071062634627,368.0298560350777,369.0760839071953,0.0,0.0,0.0,65.0,35.0,55.0
1150.0,380.0,373.0,0.0,0.0,0.0,99.94616245907555,35.0,55.0
1150.0,380.0,373.0,0.0,0.0,0.0,65.70968989457616,35.0,55.0
1083.9063063054673,365.998782260242,367.0673211700377,0.0,0.0,0.0,65.0,35.0,55.0
1150.0,380.0,373.0,0.0,0.0,0.0,83.27254256692433,35.0,55.0
1150.0,380.0,373.0,0.0,0.0,0.0,161.26706263282043,35.0,55.0
1150.0,380.0,373.0,0.0,0.0,0.0,229.06295464166394,35.0,55.0
1150.0,380.0,373.0,0.0,0.0,0.0,297.0,35.0,99.66826431422886
1150.0,380.0,373.0,0.0,0.0,0.0,297.0,35.0,157.3036788204561
1150.0,380.0,373.0,0.0,250.0,0.0,200.54425454839344,35.0,55.0
1150.0,380.0,373.0,0.0,250.0,0.0,297.0,35.0,87.50726047062719
1150.0,380.0,373.0,0.0,250.0,463.5099584413553,65.0,35.0,55.0
1150.0,380.0,373.0,0.0,250.0,449.76861087470996,65.0,35.0,55.0
1150.0,380.0,373.0,0.0,250.0,360.27801595839196,65.0,35.0,55.0
1150.0,380.0,373.0,0.0,227.8385948147713,143.25,65.0,35.0,55.0
1093.9624947975583,369.34668103773316,370.37844378671554,0.0,164.42599603744324,0.0,65.0,35.0,55.0
974.828265050987,329.68460206620387,331.15204674328254,0.0,141.28978330405113,0.0,65.0,35.0,55.0
885.5420190173963,299.9594915854557,301.75346209736074,0.0,123.95013552361469,0.0,65.0,35.0,55.0
826.277473198212,280.2291831636651,282.23988812414285,0.0,112.5,0.0,65.0,35.0,55.0
845.6218554710454,286.66930049176364,288.6092617391676,0.0,0.0,0.0,65.0,35.0,55.0
827.3151495881307,280.5746456139734,282.58155572177736,0.0,0.0,0.0,65.0,35.0,55.0
827.3377570074342,280.5821720591577,282.5889994901017,0.0,0.0,0.0,65.0,35.0,55.0
877.563798382874,297.30338831831034,299.1265357221651,0.0,0.0,0.0,65.0,35.0,55.0
953.7288356162001,322.66019574505737,324.2048024612699,0.0,0.0,0.0,65.0,35.0,55.0
1021.203733758182,345.12388854263645,346.4217349970574,0.0,0.0,0.0,65.0,35.0,55.0
1036.8347324635313,350.32774898118754,351.5684318171547,0.0,0.0,0.0,65.0,35.0,55.0
1038.40131151712,350.84929331207167,352.0842470625859,0.0,0.0,0.0,65.0,35.0,55.0
1023.929501206528,346.0313490099119,347.31922714859377,0.0,0.0,0.0,65.0,35.0,55.0
1037.164786163213,350.43763021288277,351.6771060201684,0.0,0.0,0.0,65.0,35.0,55.0
1090.5241509765976,368.20199017559963,369.24632718026453,0.0,0.0,0.0,65.0,35.0,55.0
1150.0,380.0,373.0,0.0,0.0,0.0,68.64431194505035,35.0,55.0
1150.0,380.0,373.0,0.0,0.0,0.0,206.40747360847556,35.0,55.0
1150.0,380.0,373.0,0.0,0.0,0.0,297.0,35.0,104.79632697867578
1150.0,380.0,373.0,0.0,0.0,0.0,297.0,35.0,189.62207312755191
1150.0,380.0,373.0,0.0,250.0,0.0,297.0,35.0,93.86701473707161
1150.0,380.0,373.0,0.0,250.0,473.780472190399,65.0,35.0,55.0
1150.0,380.0,373.0,0.0,250.0,452.1711725716029,65.0,35.0,55.0
1150.0,380.0,373.0,0.0,250.0,356.09558867361653,65.0,35.0,55.0
1150.0,380.0,373.0,0.0,220.7462400464153,143.25,65.0,35.0,55.0
1087.3278180592129,367.1378694031039,368.19389561322424,0.0,163.1375225839095,0.0,65.0,35.0,55.0
967.8822812895996,327.37215032949354,328.8649969385285,0.0,139.94085312430343,0.0,65.0,35.0,55.0
878.2786423096379,297.5413736256056,299.36190679691816,0.0,122.53956671370217,0.0,65.0,35.0,55.0
818.5930224749533,277.6708815564187,279.70968907243065,0.0,112.5,0.0,65.0,35.0,55.0
839.7174348298405,284.70360517270416,286.66515928535534,0.0,0.0,0.0,65.0,35.0,55.0
822.2078281316091,278.87431996136746,280.8999078888402,0.0,0.0,0.0,65.0,35.0,55.0
822.9954873451434,279.13654687966215,281.1592542841687,0.0,0.0,0.0,65.0,35.0,55.0
883.7789326408015,299.3725261830613,301.17294442097756,0.0,0.0,0.0,65.0,35.0,55.0
1020.4489526834658,344.8726073898117,346.1732141296235,0.0,0.0,0.0,65.0,35.0,55.0
1150.0,380.0,373.0,0.0,0.0,0.0,87.49669641829011,35.0,55.0
1150.0,380.0,373.0,0.0,0.0,0.0,166.4890350144373,35.0,55.0
1150.0,380.0,373.0,0.0,0.0,0.0,132.67564419862126,35.0,55.0
1150.0,380.0,373.0,0.0,0.0,0.0,91.4224114363018,35.0,55.0
1150.0,380.0,373.0,0.0,0.0,0.0,99.80673888825659,35.0,55.0
1150.0,380.0,373.0,0.0,0.0,0.0,132.5656279574951,35.0,55.0
1150.0,380.0,373.0,0.0,0.0,0.0,217.41278699529988,35.0,55.0
1150.0,380.0,373.0,0.0,0.0,0.0,297.0,35.0,103.78349965034674
1150.0,380.0,373.0,0.0,0.0,0.0,297.0,35.0,164.7920163571692
1150.0,380.0,373.0,0.0,250.0,0.0,243.84099613157258,35.0,55.0
1150.0,380.0,373.0,0.0,250.0,0.0,297.0,35.0,160.24956290235158
1150.0,380.0,373.0,0.0,250.0,545.0282169126841,65.0,35.0,55.0
1150.0,380.0,373.0,0.0,250.0,511.0045728151123,65.0,35.0,55.0
1150.0,380.0,373.0,0.0,250.0,389.4280239054581,65.0,35.0,55.0
1150.0,380.0,373.0,0.0,237.35890230727088,146.34181034928145,65.0,35.0,55.0
1025.1095304888124,346.4242034790451,347.707766170907,0.0,151.0545507948752,143.25,65.0,35.0,55.0
982.179494055249,332.1319677471259,333.5725284830126,0.0,142.71741328458899,0.0,65.0,35.0,55.0
822.5365420631999,278.98375515846857,281.0081409568822,0.0,112.5,0.0,65.0,35.0,55.0
829.40586543484,281.27068517536236,283.269949394045,0.0,0.0,0.0,65.0,35.0,55.0
786.8376827734253,267.0989175315622,269.2538564705744,0.0,0.0,0.0,65.0,35.0,55.0
770.4309744044981,261.6368084099815,263.85174779010197,0.0,0.0,0.0,65.0,35.0,55.0
770.2771871695171,261.58560967833563,263.80111146876584,0.0,0.0,0.0,65.0,35.0,55.0
796.9595131089345,270.46866974263855,272.5865924641806,0.0,0.0,0.0,65.0,35.0,55.0
885.0120616487824,299.783058573296,301.5789671751074,0.0,0.0,0.0,65.0,35.0,55.0
977.2564226811076,330.4929824946166,331.9515472351711,0.0,0.0,0.0,65.0,35.0,55.0
1006.9822494102389,340.38928257338335,341.73913795701196,0.0,0.0,0.0,65.0,35.0,55.0
997.4090222638608,337.20217092713574,338.5870362493027,0.0,0.0,0.0,65.0,35.0,55.0
1011.1207104594206,341.7670559413097,343.1017766932452,0.0,0.0,0.0,65.0,35.0,55.0
1010.9020344008503,341.69425447087883,343.0297749359365,0.0,0.0,0.0,65.0,35.0,55.0
1048.5674608296558,354.233800163947,355.4315756194975,0.0,0.0,0.0,65.0,35.0,55.0
1084.2079396679817,366.0992018144704,367.166637630678,0.0,0.0,0.0,65.0,35.0,55.0
1150.0,380.0,373.0,0.0,0.0,0.0,96.03195552273125,35.0,55.0
1150.0,380.0,373.0,0.0,0.0,0.0,249.7741691578793,35.0,55.0
1150.0,380.0,373.0,0.0,0.0,0.0,297.0,35.0,101.64170859886609
1150.0,380.0,373.0,0.0,250.0,0.0,255.61707034951675,35.0,55.0
1150.0,380.0,373.0,0.0,250.0,387.32328483490807,65.0,35.0,55.0
1150.0,380.0,373.0,0.0,250.0,379.5144411331761,65.0,35.0,55.0
1150.0,380.0,373.0,0.0,250.0,289.5254971673736,65.0,35.0,55.0
1137.5749668377032,380.0,373.0,0.0,172.8956645206018,143.25,65.0,35.0,55.0
1057.9299678217105,357.3507590134758,358.5142951483307,0.0,157.42837485662645,0.0,65.0,35.0,55.0
938.0564704651365,317.4425636202313,319.04448523478464,0.0,134.14859421056713,0.0,65.0,35.0,55.0
846.3740889872571,286.91973351330995,288.8569437919166,0.0,116.34360998152968,0.0,65.0,35.0,55.0
778.3413712651944,264.2703318368965,266.45634236119105,0.0,112.5,0.0,65.0,35.0,55.0
790.4417262945107,268.2987730143583,270.4405317226883,0.0,0.0,0.0,65.0,35.0,55.0
761.4791051483159,258.65655876941395,260.9042357402831,0.0,0.0,0.0,65.0,35.0,55.0
735.757847913229,250.09345698183225,252.43519832839831,0.0,0.0,0.0,65.0,35.0,55.0
739.836327588633,251.45126139550712,253.77808746631692,0.0,0.0,0.0,65.0,35.0,55.0
831.6185307561112,282.0073240649284,283.9984964170211,0.0,0.0,0.0,65.0,35.0,55.0
874.8246881223515,296.39148577195004,298.22465028710957,0.0,0.0,0.0,65.0,35.0,55.0
882.2256644592524,298.85541329777544,300.6615119423861,0.0,0.0,0.0,65.0,35.0,55.0
865.7310798020725,293.36404846780744,295.23046892305035,0.0,0.0,0.0,65.0,35.0,55.0
860.1641445312422,291.51070852671114,293.3974876403979,0.0,0.0,0.0,65.0,35.0,55.0
887.4219881246146,300.58536949941157,302.3724648372618,0.0,0.0,0.0,65.0,35.0,55.0
955.8571519177092,323.3687532218331,324.9055765415204,0.0,0.0,0.0,65.0,35.0,55.0
1009.1819924115889,341.1216193738328,342.4634301486686,0.0,0.0,0.0,65.0,35.0,55.0
1072.243122016515,362.1158836398206,363.22707560264365,0.0,0.0,0.0,65.0,35.0,55.0
1150.0,380.0,373.0,0.0,0.0,0.0,98.95089470288218,35.0,55.0
1150.0,380.0,373.0,0.0,0.0,0.0,227.6279260403299,35.0,55.0
1150.0,380.0,373.0,0.0,0.0,0.0,297.0,35.0,158.52875532885759
1150.0,380.0,373.0,0.0,250.0,0.0,297.0,35.0,107.29876866962883
1150.0,380.0,373.0,0.0,250.0,0.0,297.0,35.0,87.37627850482312
1150.0,380.0,373.0,0.0,250.0,0.0,243.80619466583087,35.0,55.0
1150.0,380.0,373.0,0.0,199.10317452145205,0.0,65.0,35.0,55.0
1011.7866570728119,341.98876239148217,343.3210477316544,0.0,148.46721016046348,0.0,65.0,35.0,55.0
902.7178960805729,305.67767177543243,307.40882894434156,0.0,127.28574063443448,0.0,65.0,35.0,55.0
884.9981027959509,299.77841140241543,301.5743710526948,0.0,123.84450541684122,0.0,65.0,35.0,55.0
820.6198412665162,278.34564855783344,280.37704386057226,0.0,112.5,0.0,65.0,35.0,55.0
836.855430292505,283.7507887553055,285.7228094119357,0.0,0.0,0.0,65.0,35.0,55.0
815.4800513350137,276.634513524737,278.68470538655146,0.0,0.0,0.0,65.0,35.0,55.0
814.4594473950317,276.29473482173677,278.34865910112205,0.0,0.0,0.0,65.0,35.0,55.0
850.4011611763898,288.2604233849715,290.1829063884728,0.0,0.0,0.0,65.0,35.0,55.0
948.9514877984603,321.06972467033165,322.63180247031954,0.0,0.0,0.0,65.0,35.0,55.0
1034.8520413036308,349.6676729180157,350.9156065895252,0.0,0.0,0.0,65.0,35.0,55.0
1050.240866084036,354.79090899397664,355.98256469343966,0.0,0.0,0.0,65.0,35.0,55.0
1029.7732249460985,347.97683716171923,349.24334440782445,0.0,0.0,0.0,65.0,35.0,55.0
1017.5566000492404,343.90968750661614,345.2208717754479,0.0,0.0,0.0,65.0,35.0,55.0
1025.6618486191878,346.60808081934397,347.88962364648285,0.0,0.0,0.0,65.0,35.0,55.0
1095.117790756917,369.7313013074327,370.7588390610282,0.0,0.0,0.0,65.0,35.0,55.0
1132.1508468539198,380.0,373.0,0.0,0.0,0.0,65.0,35.0,55.0
1150.0,380.0,373.0,0.0,0.0,0.0,152.69636890049068,35.0,55.0
1150.0,380.0,373.0,0.0,0.0,0.0,267.3863827007522,35.0,55.0
1150.0,380.0,373.0,0.0,0.0,0.0,297.0,35.0,148.2828532357774
1150.0,380.0,373.0,0.0,250.0,0.0,297.0,35.0,101.01597520251849
1150.0,380.0,373.0,0.0,250.0,516.8395954145951,65.0,35.0,55.0
1150.0,380.0,373.0,0.0,250.0,506.6849045120033,65.0,35.0,55.0
1150.0,380.0,373.0,0.0,250.0,394.6557983822741,65.0,35.0,55.0
1150.0,380.0,373.0,0.0,238.56356763957243,155.00588040115827,65.0,35.0,55.0
1026.5647957474407,346.90868930427786,348.1869299927565,0.0,151.33716752626097,143.25,65.0,35.0,55.0
981.1144230814048,331.7773851123554,333.2218408847604,0.0,142.51057341430618,0.0,65.0,35.0,55.0
882.3363154088025,298.8922511294269,300.69794511603834,0.0,123.32757859093124,0.0,65.0,35.0,55.0
817.8268003357872,277.4157914529448,279.45740109509336,0.0,112.5,0.0,65.0,35.0,55.0
824.5593989502656,279.657203165591,281.674191239684,0.0,0.0,0.0,65.0,35.0,55.0
796.7718806337838,270.40620327886165,272.5248121850437,0.0,0.0,0.0,65.0,35.0,55.0
808.9565847938709,274.4627259060708,276.5367745258176,0.0,0.0,0.0,65.0,35.0,55.0
879.7050741375846,298.0162602465866,299.83157686032024,0.0,0.0,0.0,65.0,35.0,55.0
997.491155153331,337.2295145474811,338.6140795041215,0.0,0.0,0.0,65.0,35.0,55.0
1113.8108214255897,375.95457114495355,373.0,0.0,0.0,0.0,65.0,35.0,55.0
1150.0,380.0,373.0,0.0,0.0,0.0,84.66704748027372,35.0,55.0
1150.0,380.0,373.0,0.0,0.0,0.0,109.14051590505922,35.0,55.0
1129.8961653879976,380.0,373.0,0.0,0.0,0.0,65.0,35.0,55.0
1142.1405384124753,380.0,373.0,0.0,0.0,0.0,65.0,35.0,55.0
1150.0,380.0,373.0,0.0,0.0,0.0,153.18301867246433,35.0,55.0
1150.0,380.0,373.0,0.0,0.0,0.0,219.32375604495365,35.0,55.0
1150.0,380.0,373.0,0.0,0.0,0.0,297.0,35.0,78.18373869618449
1150.0,380.0,373.0,0.0,250.0,0.0,201.59406213187032,35.0,55.0
1150.0,380.0,373.0,0.0,250.0,0.0,293.91077687307046,35.0,55.0
1150.0,380.0,373.0,0.0,250.0,395.91122880118814,65.0,35.0,55.0
1150.0,380.0,373.0,0.0,250.0,573.0,110.12259964261551,35.0,55.0
1150.0,380.0,373.0,0.0,250.0,573.0,95.19009045240401,35.0,55.0
1150.0,380.0,373.0,0.0,250.0,499.98653051481296,65.0,35.0,55.0
1150.0,380.0,373.0,0.0,250.0,245.84226787114147,65.0,35.0,55.0
1079.77702847753,364.6240661634877,365.707706121316,0.0,161.67113736080006,143.25,65.0,35.0,55.0
1033.2822232420342,349.1450502589997,350.39872486123323,0.0,152.64171141651536,0.0,65.0,35.0,55.0
936.0253949763961,316.7663794823649,318.37572887722064,0.0,133.75415346347842,0.0,65.0,35.0,55.0
863.0797913212642,292.4813834828924,294.35749987925743,0.0,119.58790579711945,0.0,65.0,35.0,55.0
797.3673950308266,270.6044614880635,272.7208925578566,0.0,112.5,0.0,65.0,35.0,55.0
829.3251799159957,281.243823412567,283.24338270364393,0.0,0.0,0.0,65.0,35.0,55.0
821.5675026704131,278.6611432860873,280.68907292703847,0.0,0.0,0.0,65.0,35.0,55.0
869.0552585199259,294.4707315689065,296.32499527796307,0.0,0.0,0.0,65.0,35.0,55.0
964.814835253276,326.3509384813758,327.8550029478333,0.0,0.0,0.0,65.0,35.0,55.0
1118.8047359805319,377.6171414564125,373.0,0.0,0.0,0.0,65.0,35.0,55.0
1126.9169576511044,380.0,373.0,0.0,0.0,0.0,65.0,35.0,55.0
1099.0329700101909,371.0347398662866,372.0479595448038,0.0,0.0,0.0,65.0,35.0,55.0
1091.5340030593645,368.53818937830965,369.57883328567203,0.0,0.0,0.0,65.0,35.0,55.0
1119.171166380401,377.7391331920212,373.0,0.0,0.0,0.0,65.0,35.0,55.0
1150.0,380.0,373.0,0.0,0.0,0.0,100.88559241274669,35.0,55.0
1150.0,380.0,373.0,0.0,0.0,0.0,159.11891056205778,35.0,55.0
1150.0,380.0,373.0,0.0,0.0,0.0,267.48337624505785,35.0,55.0
1150.0,380.0,373.0,0.0,0.0,0.0,297.0,35.0,147.52459352146897
1150.0,380.0,373.0,0.0,250.0,0.0,229.6669835524137,35.0,55.0
1150.0,380.0,373.0,0.0,250.0,0.0,297.0,35.0,155.86263546896294
1150.0,380.0,373.0,0.0,250.0,563.1042936579064,65.0,35.0,55.0
1150.0,380.0,373.0,0.0,250.0,556.5647043306503,65.0,35.0,55.0
1150.0,380.0,373.0,0.0,250.0,456.9943516141155,65.0,35.0,55.0
1150.0,380.0,373.0,0.0,245.32047253727953,203.60219657119123,65.0,35.0,55.0
1050.3615861965714,354.83109904386424,356.02231326171864,0.0,155.95857320768636,143.25,65.0,35.0,55.0
1002.0107297154269,338.7341679420671,340.10220450914574,0.0,146.56869673163803,0.0,65.0,35.0,55.0
909.0459466295009,307.78440164762213,309.49241670808675,0.0,128.5146663932118,0.0,65.0,35.0,55.0
849.2071462984125,287.8629128417443,289.78976243833404,0.0,116.89379792311637,0.0,65.0,35.0,55.0
800.4027047292304,271.61497453051345,273.72030526764325,0.0,112.5,0.0,65.0,35.0,55.0
849.85145379132,288.07741521205384,290.00190853260614,0.0,0.0,0.0,65.0,35.0,55.0
839.2450653778559,284.54634428682607,286.5096258864812,0.0,0.0,0.0,65.0,35.0,55.0
854.0583196763176,289.47796186693506,291.3870703946875,0.0,0.0,0.0,65.0,35.0,55.0
946.887321080125,320.3825238249728,321.9521504221256,0.0,0.0,0.0,65.0,35.0,55.0
1043.2177309558265,352.452772081728,353.6701118609089,0.0,0.0,0.0,65.0,35.0,55.0
1078.1539869347605,364.0837243827893,365.1732999132085,0.0,0.0,0.0,65.0,35.0,55.0
1066.5641745446214,360.22525268023367,361.35721293768853,0.0,0.0,0.0,65.0,35.0,55.0
1056.1437384732606,356.75608887014084,357.92615736641875,0.0,0.0,0.0,65.0,35.0,55.0
1078.2348580039873,364.1106479188797,365.1999276983343,0.0,0.0,0.0,65.0,35.0,55.0
1142.250489736792,380.0,373.0,0.0,0.0,0.0,65.0,35.0,55.0
1150.0,380.0,373.0,0.0,0.0,0.0,115.11988546228662,35.0,55.0
1150.0,380.0,373.0,0.0,0.0,0.0,239.6043642604558,35.0,55.0
1150.0,380.0,373.0,0.0,0.0,0.0,297.0,35.0,138.9500725002385
1150.0,380.0,373.0,0.0,250.0,0.0,218.33910233998273,35.0,55.0
1150.0,380.0,373.0,0.0,250.0,0.0,297.0,35.0,137.75816980285128
1150.0,380.0,373.0,0.0,250.0,534.7986244184186,65.0,35.0,55.0
1150.0,380.0,373.0,0.0,250.0,521.5819485120032,65.0,35.0,55.0
1150.0,380.0,373.0,0.0,250.0,420.6197867134182,65.0,35.0,55.0
1150.0,380.0,373.0,0.0,240.85344409721802,171.4748942485815,65.0,35.0,55.0
1031.3212091784321,348.49219091857066,349.7530370817408,0.0,152.2608768012651,143.25,65.0,35.0,55.0
983.6941911074763,332.63623956078663,334.07126094720513,0.0,143.01157184255774,0.0,65.0,35.0,55.0
889.6232203623883,301.3182020953412,303.09724737816043,0.0,124.74271665438125,0.0,65.0,35.0,55.0
827.5368052847346,280.6484390632776,282.6545385612217,0.0,112.68535488567746,0.0,65.0,35.0,55.0
842.8118496145154,285.733795436422,287.6840330651157,0.0,0.0,0.0,65.0,35.0,55.0
822.0450237749017,278.82011925627734,280.8463025702832,0.0,0.0,0.0,65.0,35.0,55.0
815.3118973385184,276.57853182155594,278.62933863389776,0.0,0.0,0.0,65.0,35.0,55.0
835.2042354983829,283.2010742151506,285.1791334027143,0.0,0.0,0.0,65.0,35.0,55.0
922.59487536909,312.2951009050257,313.95356661758706,0.0,0.0,0.0,65.0,35.0,55.0
1013.7673789136825,342.6481828304304,343.973224536993,0.0,0.0,0.0,65.0,35.0,55.0
1047.6971125496016,353.94404446325814,355.14500284127826,0.0,0.0,0.0,65.0,35.0,55.0
1039.5087384109522,351.217977048155,352.4488808636895,0.0,0.0,0.0,65.0,35.0,55.0
1046.3259973610052,353.48757381661983,354.6935464555311,0.0,0.0,0.0,65.0,35.0,55.0
1070.109610703197,361.40559664358557,362.524591001443,0.0,0.0,0.0,65.0,35.0,55.0
1098.513030616924,370.8616420310127,371.87676316302344,0.0,0.0,0.0,65.0,35.0,55.0
1150.0,380.0,373.0,0.0,0.0,0.0,73.24747094669782,35.0,55.0
1150.0,380.0,373.0,0.0,0.0,0.0,206.97775177101238,35.0,55.0
1150.0,380.0,373.0,0.0,0.0,0.0,297.0,35.0,85.79456441774289
1150.0,380.0,373.0,0.0,0.0,0.0,297.0,35.0,166.0483544401671
1150.0,380.0,373.0,0.0,250.0,0.0,297.0,35.0,80.54357190401595
1150.0,380.0,373.0,0.0,250.0,482.5457526846653,65.0,35.0,55.0
1150.0,380.0,373.0,0.0,250.0,470.0933763902494,65.0,35.0,55.0
1150.0,380.0,373.0,0.0,250.0,348.6403887663532,65.0,35.0,55.0
1150.0,380.0,373.0,0.0,186.7142160464153,143.25,65.0,35.0,55.0
1065.8805676161628,359.99766677113195,361.1321270253156,0.0,158.97240438192583,0.0,65.0,35.0,55.0
944.7611877003666,319.6746930848793,321.25209509546494,0.0,135.4506697316118,0.0,65.0,35.0,55.0
788.7387448378603,267.73181769711323,269.87980432370085,0.0,112.5,0.0,65.0,35.0,55.0
797.7696505883545,270.7383801084579,272.8533401024966,0.0,0.0,0.0,65.0,35.0,55.0
752.8611636611176,255.78748011280638,258.0666734780095,0.0,0.0,0.0,65.0,35.0,55.0
735.6560725503103,250.05957400386677,252.401687549812,0.0,0.0,0.0,65.0,35.0,55.0
728.9070875697038,247.81270695442262,250.17950199447162,0.0,0.0,0.0,65.0,35.0,55.0
747.2189154913661,253.90906705753505,256.2088945055423,0.0,0.0,0.0,65.0,35.0,55.0
817.2065455973404,277.2092967077228,279.25317466336054,0.0,0.0,0.0,65.0,35.0,55.0
893.7650499177023,302.69709690381836,304.46099523608996,0.0,0.0,0.0,65.0,35.0,55.0
973.0116487655483,329.0798155264553,330.55390369203883,0.0,0.0,0.0,65.0,35.0,55.0
991.9541407434486,335.3861358371104,336.7909500295844,0.0,0.0,0.0,65.0,35.0,55.0
998.2208561483218,337.4724460588569,338.8543424496527,0.0,0.0,0.0,65.0,35.0,55.0
1012.3338089411267,342.1709197836665,343.5012041524852,0.0,0.0,0.0,65.0,35.0,55.0
1020.6364935532888,344.93504335641114,346.23496424658987,0.0,0.0,0.0,65.0,35.0,55.0
1026.752152651159,346.97106402501885,348.2486195366409,0.0,0.0,0.0,65.0,35.0,55.0
1099.5725137840866,371.2143643773476,372.2256109078266,0.0,0.0,0.0,65.0,35.0,55.0
1150.0,380.0,373.0,0.0,0.0,0.0,122.26003707677954,35.0,55.0
1150.0,380.0,373.0,0.0,0.0,0.0,196.53007329561615,35.0,55.0
1150.0,380.0,373.0,0.0,0.0,0.0,297.0,35.0,93.74526410397286
1150.0,380.0,373.0,0.0,250.0,0.0,276.6641917050138,35.0,55.0
1150.0,380.0,373.0,0.0,250.0,0.0,267.9979202345801,35.0,55.0
1150.0,380.0,373.0,0.0,250.0,0.0,178.7561255174116,35.0,55.0
1122.702794970984,378.9148803501284,373.0,0.0,170.00744563634044,0.0,65.0,35.0,55.0
981.8547963896901,332.0238696423187,333.4656178195082,0.0,142.65435605678476,0.0,65.0,35.0,55.0
874.0095799756035,296.1201205752687,297.9562659959978,0.0,121.71050243433896,0.0,65.0,35.0,55.0
787.4762245150572,267.31150037225456,269.4641041209713,0.0,112.5,0.0,65.0,35.0,55.0
793.7690650761306,269.4065081615312,271.5360985671081,0.0,0.0,0.0,65.0,35.0,55.0
746.7824084966666,253.7637454742065,256.06516925778817,0.0,0.0,0.0,65.0,35.0,55.0
727.3293637745425,247.2874523244807,249.66001720705557,0.0,0.0,0.0,65.0,35.0,55.0
715.7555916408162,243.43432073213458,245.84921168144353,0.0,0.0,0.0,65.0,35.0,55.0
729.4613152391432,247.99722001704345,250.36198820905608,0.0,0.0,0.0,65.0,35.0,55.0
810.0837934623528,274.83799537582627,276.9079217173068,0.0,0.0,0.0,65.0,35.0,55.0
920.4715540263709,311.5882063462074,313.25443718839216,0.0,0.0,0.0,65.0,35.0,55.0
1010.8162510865233,341.66569555381096,343.0015297342455,0.0,0.0,0.0,65.0,35.0,55.0
1039.9137934297883,351.3528276631215,352.58225016508254,0.0,0.0,0.0,65.0,35.0,55.0
1028.4958075765317,347.5515603231554,348.82273917089634,0.0,0.0,0.0,65.0,35.0,55.0
1044.0172171149536,352.71893641793434,353.93335242220996,0.0,0.0,0.0,65.0,35.0,55.0
1047.017718954832,353.7178612540677,354.92130422037064,0.0,0.0,0.0,65.0,35.0,55.0
1015.7237848227514,343.2995080274869,344.6173950254455,0.0,0.0,0.0,65.0,35.0,55.0
1090.40530115443,368.1624227813873,369.2071944278826,0.0,0.0,0.0,65.0,35.0,55.0
1150.0,380.0,373.0,0.0,0.0,0.0,108.78922894667893,35.0,55.0
1150.0,380.0,373.0,0.0,0.0,0.0,166.1522342535838,35.0,55.0
1150.0,380.0,373.0,0.0,0.0,0.0,289.69836124669513,35.0,55.0
1150.0,380.0,373.0,0.0,250.0,0.0,220.6473934722907,35.0,55.0
1150.0,380.0,373.0,0.0,250.0,0.0,207.8107174879633,35.0,55.0
1150.0,380.0,373.0,0.0,250.0,0.0,114.75990784085015,35.0,55.0
1080.4591474407846,364.8511567003228,365.9323021030116,0.0,161.80360684062052,0.0,65.0,35.0,55.0
945.0221004376758,319.76155595891515,321.3380037939906,0.0,135.50133974146607,0.0,65.0,35.0,55.0
839.4873540220744,284.62700684167146,286.58940237538326,0.0,115.00618608974057,0.0,65.0,35.0,55.0
826.9902444042414,280.46647842231835,282.47457673033364,0.0,112.57921117845125,0.0,65.0,35.0,55.0
829.5477404019125,281.31791808365483,283.3166634559964,0.0,0.0,0.0,65.0,35.0,55.0
779.6924485679177,264.720131485505,266.90120102881104,0.0,0.0,0.0,65.0,35.0,55.0
750.8343448823842,255.1127131156628,257.39931869409213,0.0,0.0,0.0,65.0,35.0,55.0
722.4247755048949,245.6546204533434,248.04512174662392,0.0,0.0,0.0,65.0,35.0,55.0
734.9592356364637,249.8275835778905,252.17224550351503,0.0,0.0,0.0,65.0,35.0,55.0
817.9130251075253,277.4444973396849,279.48579165201704,0.0,0.0,0.0,65.0,35.0,55.0
972.0827476073976,328.7705664452325,330.24805166511726,0.0,0.0,0.0,65.0,35.0,55.0
1057.3062287559026,357.14310426858566,358.30892145935036,0.0,0.0,0.0,65.0,35.0,55.0
1080.996735090523,365.03012997998724,366.1093093883161,0.0,0.0,0.0,65.0,35.0,55.0
1081.0979815627895,365.063836880071,366.1426460232095,0.0,0.0,0.0,65.0,35.0,55.0
1102.6507720350894,372.2391758199174,373.0,0.0,0.0,0.0,65.0,35.0,55.0
1118.8288120985958,377.62515685969345,373.0,0.0,0.0,0.0,65.0,35.0,55.0
1088.2675709344692,367.4507312298973,368.50332070025365,0.0,0.0,0.0,65.0,35.0,55.0
1140.750532413733,380.0,373.0,0.0,0.0,0.0,65.0,35.0,55.0
1150.0,380.0,373.0,0.0,0.0,0.0,202.01950168608903,35.0,55.0
1150.0,380.0,373.0,0.0,0.0,0.0,297.0,35.0,66.56845659446422
1150.0,380.0,373.0,0.0,250.0,0.0,247.47628140484773,35.0,55.0
1150.0,380.0,373.0,0.0,250.0,417.3954364490006,65.0,35.0,55.0
1150.0,380.0,373.0,0.0,250.0,410.5025225716035,65.0,35.0,55.0
1150.0,380.0,373.0,0.0,250.0,297.1092284352092,65.0,35.0,55.0
1122.1322029737669,378.72491928770074,373.0,0.0,169.896635016591,143.25,65.0,35.0,55.0
1036.9115815971438,350.353333537471,351.5937353309638,0.0,153.34654332895695,0.0,65.0,35.0,55.0
904.9093794646602,306.40725879025905,308.1304015563538,0.0,127.71133305974999,0.0,65.0,35.0,55.0
801.762372249503,272.0676340279458,274.1679923690811,0.0,112.5,0.0,65.0,35.0,55.0
798.5822425122303,271.00890760609605,273.1208958965623,0.0,0.0,0.0,65.0,35.0,55.0
745.1438047331033,253.21822273056057,255.5256389988262,0.0,0.0,0.0,65.0,35.0,55.0
706.9606573641466,240.50631776797627,242.9533723862097,0.0,0.0,0.0,65.0,35.0,55.0
665.0364792810536,226.54895164838751,229.14932581869218,0.0,0.0,0.0,65.0,35.0,55.0
670.4027616616414,228.33549037881923,230.91623969185778,0.0,0.0,0.0,65.0,35.0,55.0
810.9762258267444,275.13510329341256,277.20176594943473,0.0,0.0,0.0,65.0,35.0,55.0
1001.0611689759047,338.41804088841246,339.78955006327755,0.0,0.0,0.0,65.0,35.0,55.0
1093.8931434828087,369.3235926497171,370.3556090211436,0.0,0.0,0.0,65.0,35.0,55.0
1113.9037002343111,375.9854922887267,373.0,0.0,0.0,0.0,65.0,35.0,55.0
1115.4890866844332,376.51329796404684,373.0,0.0,0.0,0.0,65.0,35.0,55.0
1145.1591428120723,380.0,373.0,0.0,0.0,0.0,65.0,35.0,55.0
1150.0,380.0,373.0,0.0,0.0,0.0,65.20444626368712,35.0,55.0
1098.4496801691012,370.84055144714125,371.85590425602027,0.0,0.0,0.0,65.0,35.0,55.0
1124.3499500663745,379.46324999679246,373.0,0.0,0.0,0.0,65.0,35.0,55.0
1150.0,380.0,373.0,0.0,0.0,0.0,219.3536043473408,35.0,55.0
1150.0,380.0,373.0,0.0,0.0,0.0,297.0,35.0,95.46468743614572
1150.0,380.0,373.0,0.0,250.0,0.0,261.0107180051799,35.0,55.0
1150.0,380.0,373.0,0.0,250.0,405.0645109585583,65.0,35.0,55.0
1150.0,380.0,373.0,0.0,250.0,391.405770601403,65.0,35.0,55.0
1150.0,380.0,373.0,0.0,250.0,288.52812377291866,65.0,35.0,55.0
1133.9994073880314,380.0,373.0,0.0,172.2012805115351,143.25,65.0,35.0,55.0
1061.9223541457593,358.67990129278644,359.8288370010883,0.0,158.20370785289097,0.0,65.0,35.0,55.0
947.9938948090083,320.7509235260172,322.31650330827216,0.0,136.07847082227556,0.0,65.0,35.0,55.0
862.6093925206121,292.3247786647871,294.202615341351,0.0,119.49655298655803,0.0,65.0,35.0,55.0
803.7265906473016,272.7215601529272,274.8147352146593,0.0,112.5,0.0,65.0,35.0,55.0
824.7526008154657,279.72152378655204,281.73780530836933,0.0,0.0,0.0,65.0,35.0,55.0
803.88553006369,272.7744741449671,274.86706795451386,0.0,0.0,0.0,65.0,35.0,55.0
784.4588704334111,266.3069651003525,268.4706035168288,0.0,0.0,0.0,65.0,35.0,55.0
790.745270083097,268.3998285862107,270.5404772143953,0.0,0.0,0.0,65.0,35.0,55.0
861.0672659546784,291.81137503786755,293.6948513754848,0.0,0.0,0.0,65.0,35.0,55.0
1025.3953817859403,346.5193688798281,347.80188619418135,0.0,0.0,0.0,65.0,35.0,55.0
1120.7545689117524,378.26627838258287,373.0,0.0,0.0,0.0,65.0,35.0,55.0
1140.9854644740287,380.0,373.0,0.0,0.0,0.0,65.0,35.0,55.0
1124.2073915446133,379.4157895199825,373.0,0.0,0.0,0.0,65.0,35.0,55.0
1141.1243780622387,380.0,373.0,0.0,0.0,0.0,65.0,35.0,55.0
1147.2146082652216,380.0,373.0,0.0,0.0,0.0,65.0,35.0,55.0
1088.2808561516665,367.4551541345046,368.507695019924,0.0,0.0,0.0,65.0,35.0,55.0
1150.0,380.0,373.0,0.0,0.0,0.0,115.64616509617737,35.0,55.0
1150.0,380.0,373.0,0.0,0.0,0.0,279.1158457249795,35.0,55.0
1150.0,380.0,373.0,0.0,0.0,0.0,297.0,35.0,122.45464459446393
1150.0,380.0,373.0,0.0,250.0,0.0,255.79266117212404,35.0,55.0
1150.0,380.0,373.0,0.0,250.0,377.86727797002584,65.0,35.0,55.0
1150.0,380.0,373.0,0.0,250.0,347.55020172187875,65.0,35.0,55.0
1150.0,380.0,373.0,0.0,250.0,237.9916252563008,65.0,35.0,55.0
1100.519212681781,371.5295386687539,372.5373230573955,0.0,165.69932965553866,143.25,65.0,35.0,55.0
1033.7871581639422,349.31315281685227,350.56498083795793,0.0,152.7397712419294,0.0,65.0,35.0,55.0
919.5948523320029,311.29633547156067,312.9657724710805,0.0,130.56329445717594,0.0,65.0,35.0,55.0
833.1846528071629,282.5287162508686,284.5141611887976,0.0,113.78218324510559,0.0,65.0,35.0,55.0
767.6176343194993,260.7001933257831,262.92542128069215,0.0,112.5,0.0,65.0,35.0,55.0
780.7387033683484,265.06844985384714,267.24569317265247,0.0,0.0,0.0,65.0,35.0,55.0
747.6733451905131,254.06035545426968,256.35852102216126,0.0,0.0,0.0,65.0,35.0,55.0
705.3722720754306,239.9775137215466,242.43037717210822,0.0,0.0,0.0,65.0,35.0,55.0
691.1605173724176,235.2461469384317,237.75098373623212,0.0,0.0,0.0,65.0,35.0,55.0
874.7003542009564,296.35009261551045,298.18371182822176,0.0,0.0,0.0,65.0,35.0,55.0
1097.94123326002,370.6712796811366,371.68849191471793,0.0,0.0,0.0,65.0,35.0,55.0
1150.0,380.0,373.0,0.0,0.0,0.0,160.53671865816926,35.0,55.0
1150.0,380.0,373.0,0.0,0.0,0.0,198.02371755806928,35.0,55.0
1150.0,380.0,373.0,0.0,0.0,0.0,235.79803071718956,35.0,55.0
1150.0,380.0,373.0,0.0,0.0,0.0,213.91113014546596,35.0,55.0
1150.0,380.0,373.0,0.0,0.0,0.0,207.88327893080137,35.0,55.0
1150.0,380.0,373.0,0.0,0.0,0.0,138.59892043248774,35.0,55.0
1118.3655352427534,377.47092307414596,373.0,0.0,0.0,0.0,65.0,35.0,55.0
1150.0,380.0,373.0,0.0,0.0,0.0,169.22250010800212,35.0,55.0
1150.0,380.0,373.0,0.0,0.0,0.0,289.1266570653969,35.0,55.0
1150.0,380.0,373.0,0.0,250.0,0.0,206.99057203890118,35.0,55.0
1150.0,380.0,373.0,0.0,250.0,0.0,297.0,35.0,169.7652779623801
1150.0,380.0,373.0,0.0,250.0,0.0,297.0,35.0,174.64330444984915
1150.0,380.0,373.0,0.0,250.0,0.0,297.0,35.0,91.07616905769528
1150.0,380.0,373.0,0.0,250.0,0.0,93.1206235888124,35.0,55.0
1049.4910930124684,354.5412951018274,355.7356927720754,0.0,155.7895209081649,0.0,65.0,35.0,55.0
935.9704522086612,316.74808797708175,318.3576383013515,0.0,133.74348341872988,0.0,65.0,35.0,55.0
854.2808714160966,289.55205362626515,291.4603482672674,0.0,117.87913004742023,0.0,65.0,35.0,55.0
795.5257144286884,269.99133055468087,272.11449677487855,0.0,112.5,0.0,65.0,35.0,55.0
814.071268168723,276.1655024830402,278.22084636008543,0.0,0.0,0.0,65.0,35.0,55.0
787.1388664295913,267.19918736988825,269.3530248599189,0.0,0.0,0.0,65.0,35.0,55.0
774.8075942090599,263.0938694132393,265.29280319900585,0.0,0.0,0.0,65.0,35.0,55.0
793.3261716129364,269.2590603998715,271.3902704967697,0.0,0.0,0.0,65.0,35.0,55.0
864.991302165312,293.1177622483642,294.9868881204116,0.0,0.0,0.0,65.0,35.0,55.0
947.8432547075954,320.7007725357331,322.2669032190177,0.0,0.0,0.0,65.0,35.0,55.0
975.7902135629913,330.00485324784006,331.4687800142114,0.0,0.0,0.0,65.0,35.0,55.0
961.9972833461953,325.41292120050923,326.92728964467324,0.0,0.0,0.0,65.0,35.0,55.0
968.3859343095957,327.539826117517,329.03083083342597,0.0,0.0,0.0,65.0,35.0,55.0
996.4769012183327,336.89184988340713,338.2801240352211,0.0,0.0,0.0,65.0,35.0,55.0
1074.2955895134469,362.7991895891097,363.90287553961105,0.0,0.0,0.0,65.0,35.0,55.0
1127.9774170542805,380.0,373.0,0.0,0.0,0.0,65.0,35.0,55.0
1150.0,380.0,373.0,0.0,0.0,0.0,191.5214385959756,35.0,55.0
1150.0,380.0,373.0,0.0,0.0,0.0,297.0,35.0,60.234275332030144
1150.0,380.0,373.0,0.0,0.0,0.0,297.0,35.0,179.58201207745947
1150.0,380.0,373.0,0.0,250.0,0.0,297.0,35.0,127.48813890235188
1150.0,380.0,373.0,0.0,250.0,554.3464529050391,65.0,35.0,55.0
1150.0,380.0,373.0,0.0,250.0,556.9523812399727,65.0,35.0,55.0
1150.0,380.0,373.0,0.0,250.0,464.9179877068522,65.0,35.0,55.0
1150.0,380.0,373.0,0.0,248.215480286712,224.42337343189527,65.0,35.0,55.0
1069.581170521017,361.2296687320026,362.35059563131307,0.0,159.69107219243375,143.25,65.0,35.0,55.0
1023.6917115803709,345.9521842648062,347.24093201621844,0.0,150.77920625323583,0.0,65.0,35.0,55.0
861.0705763110111,291.8124771192305,293.6959413506509,0.0,119.19771041831669,0.0,65.0,35.0,55.0
797.9209184690188,270.7887400985424,272.9031468957204,0.0,112.5,0.0,65.0,35.0,55.0
814.1465776205192,276.19057444960094,278.2456429148923,0.0,0.0,0.0,65.0,35.0,55.0
791.8066332617371,268.7531768245654,270.8899439758893,0.0,0.0,0.0,65.0,35.0,55.0
782.7688278063923,265.7443173686245,267.9141363851841,0.0,0.0,0.0,65.0,35.0,55.0
795.7529597778548,270.0669849069499,272.1893200755507,0.0,0.0,0.0,65.0,35.0,55.0
887.0234427119516,300.4526860576803,302.2412389030344,0.0,0.0,0.0,65.0,35.0,55.0
953.3605771649633,322.53759541594997,324.0835488782019,0.0,0.0,0.0,65.0,35.0,55.0
972.7914253431433,329.00649890880993,330.48139244632966,0.0,0.0,0.0,65.0,35.0,55.0
956.4820026450066,323.5767780602377,325.11131625859406,0.0,0.0,0.0,65.0,35.0,55.0
948.2693371444708,320.8426235830407,322.4071960540632,0.0,0.0,0.0,65.0,35.0,55.0
973.5927743296231,329.27328341611,330.74524636623903,0.0,0.0,0.0,65.0,35.0,55.0
1024.3930147105832,346.18566158020604,347.471844618684,0.0,0.0,0.0,65.0,35.0,55.0
1063.670840458131,359.26200605268156,360.40454742839364,0.0,0.0,0.0,65.0,35.0,55.0
1136.1941981952582,380.0,373.0,0.0,0.0,0.0,65.0,35.0,55.0
1150.0,380.0,373.0,0.0,0.0,0.0,178.41735338613498,35.0,55.0
1150.0,380.0,373.0,0.0,0.0,0.0,259.40345384512653,35.0,55.0
1150.0,380.0,373.0,0.0,0.0,0.0,297.0,35.0,186.08700153308408
1150.0,380.0,373.0,0.0,250.0,0.0,297.0,35.0,166.64772313507532
1150.0,380.0,373.0,0.0,250.0,0.0,297.0,35.0,172.28739167034058
1150.0,380.0,373.0,0.0,250.0,0.0,297.0,35.0,89.48865181425053
1150.0,380.0,373.0,0.0,250.0,0.0,98.47044046730565,35.0,55.0
1053.4417862297391,355.8565569431052,357.03650666130886,0.0,156.55675698224357,0.0,65.0,35.0,55.0
939.7295761423371,317.9995727152496,319.5953756692895,0.0,134.47351618266117,0.0,65.0,35.0,55.0
853.8635357935544,289.41311456186605,291.32293542743935,0.0,117.79808225985408,0.0,65.0,35.0,55.0
793.735900318761,269.3954669752267,271.52517866656234,0.0,112.5,0.0,65.0,35.0,55.0
813.2681970356796,275.8981446399897,277.9564254024321,0.0,0.0,0.0,65.0,35.0,55.0
789.9128904613709,268.1227133829528,270.26640607965805,0.0,0.0,0.0,65.0,35.0,55.0
774.4020488429586,262.9588555522267,265.1592724447998,0.0,0.0,0.0,65.0,35.0,55.0
786.9507437759877,267.1365577162662,269.29108318355253,0.0,0.0,0.0,65.0,35.0,55.0
871.8654351748766,295.40629348633104,297.25028018947654,0.0,0.0,0.0,65.0,35.0,55.0
958.9767655710722,324.4073326741328,325.93274735589716,0.0,0.0,0.0,65.0,35.0,55.0
986.777398203297,333.6626985690847,335.0864444588211,0.0,0.0,0.0,65.0,35.0,55.0
978.0067510711476,330.7427812629778,332.1986020019101,0.0,0.0,0.0,65.0,35.0,55.0
971.9148486099753,328.71466963615273,330.1927688740161,0.0,0.0,0.0,65.0,35.0,55.0
992.1430005919271,335.44901091710074,336.8531344363476,0.0,0.0,0.0,65.0,35.0,55.0
1034.067053612522,349.40633540097576,350.6571398255134,0.0,0.0,0.0,65.0,35.0,55.0
1067.126501806994,360.41246225329684,361.5423660419567,0.0,0.0,0.0,65.0,35.0,55.0
1145.183923261891,380.0,373.0,0.0,0.0,0.0,65.0,35.0,55.0
1150.0,380.0,373.0,0.0,0.0,0.0,199.94354395456116,35.0,55.0
1150.0,380.0,373.0,0.0,0.0,0.0,295.72826784512586,35.0,55.0
1150.0,380.0,373.0,0.0,250.0,0.0,204.96207553308415,35.0,55.0
1150.0,380.0,373.0,0.0,250.0,0.0,297.0,35.0,179.45622600185263
1150.0,380.0,373.0,0.0,250.0,0.0,297.0,35.0,174.69239438655978
1150.0,380.0,373.0,0.0,250.0,0.0,297.0,35.0,80.23683194628542
1150.0,380.0,373.0,0.0,250.0,0.0,81.86627719444986,35.0,55.0
1042.9905528152267,352.3771401044849,353.59531068947643,0.0,154.52709715971508,0.0,65.0,35.0,55.0
928.2612937333566,314.18156068343995,315.8193039211626,0.0,132.24634249743886,0.0,65.0,35.0,55.0
910.4225925882735,308.2427135941452,309.94569416731844,0.0,128.7820150286836,0.0,65.0,35.0,55.0
849.6087337489546,287.9966090364589,289.92199000060674,0.0,116.97178737003324,0.0,65.0,35.0,55.0
801.6889466485546,272.04318923160525,274.1438160951246,0.0,112.5,0.0,65.0,35.0,55.0
845.2928873564761,286.5597806722549,288.50094497828223,0.0,0.0,0.0,65.0,35.0,55.0
825.4871715605591,279.9660765315024,281.9796716784698,0.0,0.0,0.0,65.0,35.0,55.0
832.7581336598635,282.38671981425216,284.37372456152275,0.0,0.0,0.0,65.0,35.0,55.0
913.8829322625598,309.39472729937347,311.0850531765423,0.0,0.0,0.0,65.0,35.0,55.0
1004.0695373923293,339.41958465934636,340.7800920276367,0.0,0.0,0.0,65.0,35.0,55.0
1034.6834971093201,349.6115613104688,350.8601113594855,0.0,0.0,0.0,65.0,35.0,55.0
1044.1239434728998,352.75446767747417,353.96849337624724,0.0,0.0,0.0,65.0,35.0,55.0
1064.5880948476386,359.5673777003686,360.7065646147993,0.0,0.0,0.0,65.0,35.0,55.0
1087.6524429441395,367.2459432778372,368.30078231281846,0.0,0.0,0.0,65.0,35.0,55.0
1100.0673281486704,371.3790976067991,372.38853456771216,0.0,0.0,0.0,65.0,35.0,55.0
1112.4003037290036,375.48498264472363,373.0,0.0,0.0,0.0,65.0,35.0,55.0
1150.0,380.0,373.0,0.0,0.0,0.0,145.52467756697047,35.0,55.0
1150.0,380.0,373.0,0.0,0.0,0.0,297.0,35.0,65.68004982170824
1150.0,380.0,373.0,0.0,0.0,0.0,297.0,35.0,185.81766623175653
1150.0,380.0,373.0,0.0,250.0,0.0,297.0,35.0,101.48497100351624
1150.0,380.0,373.0,0.0,250.0,495.9096216808429,65.0,35.0,55.0
1150.0,380.0,373.0,0.0,250.0,478.4650840871416,65.0,35.0,55.0
1150.0,380.0,373.0,0.0,250.0,371.3969334815772,65.0,35.0,55.0
1150.0,380.0,373.0,0.0,225.04338327805925,143.25,65.0,35.0,55.0
1090.4025930458251,368.1615211998891,369.20630275012047,0.0,163.73465279870086,0.0,65.0,35.0,55.0
974.1908159561457,329.4723829886666,330.94215886015763,0.0,141.1659888421544,0.0,65.0,35.0,55.0
888.2825070370228,300.8718528143499,302.6558011763922,0.0,124.48234624046967,0.0,65.0,35.0,55.0
833.8970007549987,282.7658705987195,284.7487104320698,0.0,113.92052328135195,0.0,65.0,35.0,55.0
787.2396940505342,267.2327548263016,269.38622358290945,0.0,112.5,0.0,65.0,35.0,55.0
830.9022291380447,281.76885346413115,283.7626453796417,0.0,0.0,0.0,65.0,35.0,55.0
813.3322657392254,275.9194743450211,277.9775208038855,0.0,0.0,0.0,65.0,35.0,55.0
822.8497066891174,279.08801369231435,281.11125422653043,0.0,0.0,0.0,65.0,35.0,55.0
892.9389006379012,302.4220559013504,304.1889755173612,0.0,0.0,0.0,65.0,35.0,55.0
979.2609040534367,331.1603129390691,332.61154715580193,0.0,0.0,0.0,65.0,35.0,55.0
1086.8657875813824,366.9840505607951,368.0417664475923,0.0,0.0,0.0,65.0,35.0,55.0
1128.4381117071903,380.0,373.0,0.0,0.0,0.0,65.0,35.0,55.0
1123.4213914660468,379.15411495966475,373.0,0.0,0.0,0.0,65.0,35.0,55.0
1150.0,380.0,373.0,0.0,0.0,0.0,81.59270105215313,35.0,55.0
1113.3485997074838,375.80068863507483,373.0,0.0,0.0,0.0,65.0,35.0,55.0
1101.8857529884428,371.9844862491084,372.98727310751127,0.0,0.0,0.0,65.0,35.0,55.0
1150.0,380.0,373.0,0.0,0.0,0.0,140.34209862832412,35.0,55.0
1150.0,380.0,373.0,0.0,0.0,0.0,297.0,35.0,58.78854809305709
1150.0,380.0,373.0,0.0,0.0,0.0,297.0,35.0,174.9118704942801
1150.0,380.0,373.0,0.0,250.0,0.0,297.0,35.0,89.86940873707142
1150.0,380.0,373.0,0.0,250.0,477.3200691865757,65.0,35.0,55.0
1150.0,380.0,373.0,0.0,250.0,458.85772117781903,65.0,35.0,55.0
1150.0,380.0,373.0,0.0,250.0,349.3817631504323,65.0,35.0,55.0
1150.0,380.0,373.0,0.0,205.63965758881236,143.25,65.0,35.0,55.0
1078.8199578033734,364.30543890799214,365.39257893794513,0.0,161.48527146176096,0.0,65.0,35.0,55.0
957.2174388616131,323.8216189373191,325.3534675957378,0.0,137.8697098122017,0.0,65.0,35.0,55.0
866.9960928636374,293.78519567339674,295.6469898903964,0.0,120.348462908247,0.0,65.0,35.0,55.0
805.5018088356791,273.31256446905786,275.39924743792335,0.0,112.5,0.0,65.0,35.0,55.0
822.5685751702389,278.99441959658833,281.01868824776506,0.0,0.0,0.0,65.0,35.0,55.0
799.1335368631023,271.1924441104857,273.30241628025976,0.0,0.0,0.0,65.0,35.0,55.0
780.9355317539832,265.1339778132883,267.31050131738766,0.0,0.0,0.0,65.0,35.0,55.0
790.1961497217627,268.2170158447975,270.3596726432477,0.0,0.0,0.0,65.0,35.0,55.0
866.7184437115,293.69276092461064,295.55557052332045,0.0,0.0,0.0,65.0,35.0,55.0
1040.313222627957,351.48580533406465,352.71376709645847,0.0,0.0,0.0,65.0,35.0,55.0
1142.187250443069,380.0,373.0,0.0,0.0,0.0,65.0,35.0,55.0
1150.0,380.0,373.0,0.0,0.0,0.0,75.76518282496214,35.0,55.0
1138.5685161553606,380.0,373.0,0.0,0.0,0.0,65.0,35.0,55.0
1139.6028913141442,380.0,373.0,0.0,0.0,0.0,65.0,35.0,55.0
1140.3756084781437,380.0,373.0,0.0,0.0,0.0,65.0,35.0,55.0
1088.4854048084612,367.5232523208661,368.57504515802617,0.0,0.0,0.0,65.0,35.0,55.0
1150.0,380.0,373.0,0.0,0.0,0.0,95.20519826964723,35.0,55.0
1150.0,380.0,373.0,0.0,0.0,0.0,251.46320122498224,35.0,55.0
1150.0,380.0,373.0,0.0,0.0,0.0,297.0,35.0,118.7643775443718
1150.0,380.0,373.0,0.0,250.0,0.0,288.4328479377379,35.0,55.0
1150.0,380.0,373.0,0.0,250.0,439.1466641980449,65.0,35.0,55.0
1150.0,380.0,373.0,0.0,250.0,417.5396490560646,65.0,35.0,55.0
1150.0,380.0,373.0,0.0,250.0,307.9282927265505,65.0,35.0,55.0
1141.783258485426,380.0,373.0,0.0,173.71292695653636,143.25,65.0,35.0,55.0
1063.3651450807224,359.1602341754822,360.30389349984534,0.0,158.48390203446348,0.0,65.0,35.0,55.0
945.5067341056313,319.92289983843324,321.49757533543817,0.0,135.59545700451827,0.0,65.0,35.0,55.0
855.455231379395,289.9430206699471,291.84702059721195,0.0,118.1071941562347,0.0,65.0,35.0,55.0
792.5539139986512,269.0019609705194,271.1359952656946,0.0,112.5,0.0,65.0,35.0,55.0
810.4408797818918,274.9568762871759,277.02549673985754,0.0,0.0,0.0,65.0,35.0,55.0
791.9073028225814,268.78669165972843,270.92309065566616,0.0,0.0,0.0,65.0,35.0,55.0
791.5462126846406,268.66647780014074,270.80419732711175,0.0,0.0,0.0,65.0,35.0,55.0
800.5882262606895,271.6767382204899,273.78139049284346,0.0,0.0,0.0,65.0,35.0,55.0
877.4025558421932,297.2497075718477,299.0734446505689,0.0,0.0,0.0,65.0,35.0,55.0
1037.8555520249251,350.66759946870746,351.9045490985617,0.0,0.0,0.0,65.0,35.0,55.0
1138.5586904862894,380.0,373.0,0.0,0.0,0.0,65.0,35.0,55.0
1128.3274436124975,380.0,373.0,0.0,0.0,0.0,65.0,35.0,55.0
1119.1865453295188,377.7442531402989,373.0,0.0,0.0,0.0,65.0,35.0,55.0
1146.011082441881,380.0,373.0,0.0,0.0,0.0,65.0,35.0,55.0
1055.151496982702,356.425752572663,357.59944976311766,0.0,0.0,0.0,65.0,35.0,55.0
1133.4642118470103,380.0,373.0,0.0,0.0,0.0,65.0,35.0,55.0
1150.0,380.0,373.0,0.0,0.0,0.0,167.89061812453647,35.0,55.0
1150.0,380.0,373.0,0.0,0.0,0.0,297.0,35.0,87.68376381124622
1150.0,380.0,373.0,0.0,0.0,0.0,297.0,35.0,190.54680976082358
1150.0,380.0,373.0,0.0,250.0,0.0,297.0,35.0,87.7589110035164
1150.0,380.0,373.0,0.0,250.0,462.5988231865759,65.0,35.0,55.0
1150.0,380.0,373.0,0.0,250.0,450.7020016324807,65.0,35.0,55.0
1150.0,380.0,373.0,0.0,250.0,354.42595324316875,65.0,35.0,55.0
1150.0,380.0,373.0,0.0,220.35843743059397,143.25,65.0,35.0,55.0
1092.3689762818435,368.81616804119705,369.8537583950656,0.0,164.11653012279717,0.0,65.0,35.0,55.0
971.3270741289832,328.5189881940336,329.99923696288994,0.0,140.6098418786185,0.0,65.0,35.0,55.0
877.2685006157378,297.2050780057731,299.02930533351554,0.0,122.34339426879984,0.0,65.0,35.0,55.0
816.9948195318154,277.1388090237964,279.18346127596215,0.0,112.5,0.0,65.0,35.0,55.0
839.5123912784181,284.63534222639214,286.5976461971657,0.0,0.0,0.0,65.0,35.0,55.0
814.697935368496,276.37413206010746,278.42718417285914,0.0,0.0,0.0,65.0,35.0,55.0
793.7721083244207,269.40752131748366,271.537100593696,0.0,0.0,0.0,65.0,35.0,55.0
806.4593738313854,273.6313562937154,275.7145373826888,0.0,0.0,0.0,65.0,35.0,55.0
892.1883850314573,302.17219480504366,303.94185910733967,0.0,0.0,0.0,65.0,35.0,55.0
987.0697734136475,333.7600359061952,335.1827125600315,0.0,0.0,0.0,65.0,35.0,55.0
1017.4190167247482,343.8638833687728,345.17557078911875,0.0,0.0,0.0,65.0,35.0,55.0
1005.3436892745939,339.84377435431145,341.19962206307383,0.0,0.0,0.0,65.0,35.0,55.0
996.7134467356957,336.97060044074044,338.358009529614,0.0,0.0,0.0,65.0,35.0,55.0
1020.6874426370888,344.9520052874154,346.251739853352,0.0,0.0,0.0,65.0,35.0,55.0
1072.1414735697315,362.08204291468024,363.19360661274163,0.0,0.0,0.0,65.0,35.0,55.0
1118.7060879829112,377.58429963857117,373.0,0.0,0.0,0.0,65.0,35.0,55.0
1150.0,380.0,373.0,0.0,0.0,0.0,150.47136847091014,35.0,55.0
1150.0,380.0,373.0,0.0,0.0,0.0,297.0,35.0,63.25819744743365
1150.0,380.0,373.0,0.0,0.0,0.0,297.0,35.0,187.62553181493612
1150.0,380.0,373.0,0.0,250.0,0.0,297.0,35.0,132.19534060218552
1150.0,380.0,373.0,0.0,250.0,554.3116846540834,65.0,35.0,55.0
1150.0,380.0,373.0,0.0,250.0,561.7420072399735,65.0,35.0,55.0
1150.0,380.0,373.0,0.0,250.0,471.1089161836693,65.0,35.0,55.0
1150.0,380.0,373.0,0.0,248.00699045822358,222.92389433949356,65.0,35.0,55.0
1063.7692235874085,359.2947596907516,360.4369412727122,0.0,158.562375251704,143.25,65.0,35.0,55.0
1015.5047095875249,343.2265736634612,344.54526183435786,0.0,149.18926673578457,0.0,65.0,35.0,55.0
851.7706655108467,288.7163577472503,290.63383238086294,0.0,117.39164078466156,0.0,65.0,35.0,55.0
788.2672745695194,267.57485616678355,269.7245669919998,0.0,112.5,0.0,65.0,35.0,55.0
808.2841098798051,274.23884605890356,276.3153539648503,0.0,0.0,0.0,65.0,35.0,55.0
786.3359503582724,266.9318811498716,269.0886549582281,0.0,0.0,0.0,65.0,35.0,55.0
767.0402292420341,260.5079640577574,262.7353036220501,0.0,0.0,0.0,65.0,35.0,55.0
775.3413205265745,263.2715571810578,265.4685390936172,0.0,0.0,0.0,65.0,35.0,55.0
852.6844200593695,289.0205642304852,290.9346972019714,0.0,0.0,0.0,65.0,35.0,55.0
931.0380315668568,315.10599017335056,316.7335786931917,0.0,0.0,0.0,65.0,35.0,55.0
948.2483465461397,320.8356354086895,322.4002846437484,0.0,0.0,0.0,65.0,35.0,55.0
947.292690206992,320.51747901255084,322.0856231474159,0.0,0.0,0.0,65.0,35.0,55.0
966.2484511741076,326.8282168252055,328.32703846137093,0.0,0.0,0.0,65.0,35.0,55.0
988.1725877323626,334.1271840272084,335.5458276145639,0.0,0.0,0.0,65.0,35.0,55.0
1007.0389103462177,340.40814608995765,341.75779426071483,0.0,0.0,0.0,65.0,35.0,55.0
1016.3785752837321,343.517500379714,344.83299276471246,0.0,0.0,0.0,65.0,35.0,55.0
1083.8978887974931,365.99597990976116,367.0645496029523,0.0,0.0,0.0,65.0,35.0,55.0
1150.0,380.0,373.0,0.0,0.0,0.0,132.27132496937958,35.0,55.0
1150.0,380.0,373.0,0.0,0.0,0.0,236.95111785415136,35.0,55.0
1150.0,380.0,373.0,0.0,0.0,0.0,297.0,35.0,148.60379059411557
1150.0,380.0,373.0,0.0,250.0,0.0,297.0,35.0,86.28773123623944
1150.0,380.0,373.0,0.0,250.0,0.0,297.0,35.0,64.06092960954852
1150.0,380.0,373.0,0.0,250.0,0.0,194.9882548572339,35.0,55.0
1104.4746944908431,372.84639472444167,373.0,0.0,166.4674956880232,0.0,65.0,35.0,55.0
944.2491703912194,319.5042326639458,321.0835071564281,0.0,135.35123448606728,0.0,65.0,35.0,55.0
818.3380854731964,277.586008119809,279.62574795766244,0.0,112.5,0.0,65.0,35.0,55.0
787.7420067670228,267.39998440148037,269.5516161665427,0.0,0.0,0.0,65.0,35.0,55.0
723.9619234554635,246.16636660334635,248.5512464427064,0.0,0.0,0.0,65.0,35.0,55.0
678.3141957965817,230.96935913430247,233.52117579813304,0.0,0.0,0.0,65.0,35.0,55.0
650.9571677141523,221.86167773543156,224.51354089947702,0.0,0.0,0.0,65.0,35.0,55.0
629.4378747233279,214.69749075215088,217.42805142472483,0.0,0.0,0.0,65.0,35.0,55.0
640.2283339427615,218.28984239290642,220.98094162700235,0.0,0.0,0.0,65.0,35.0,55.0
699.8921896068155,238.15308875062874,240.62599323306787,0.0,0.0,0.0,65.0,35.0,55.0
789.9191999441022,268.12481393124096,270.2684835537416,0.0,0.0,0.0,65.0,35.0,55.0
916.1542278849427,310.150885345086,311.8329049406921,0.0,0.0,0.0,65.0,35.0,55.0
977.0798723563759,330.43420549209725,331.8934158891188,0.0,0.0,0.0,65.0,35.0,55.0
1015.1801905512625,343.11853502778627,344.43840998672636,0.0,0.0,0.0,65.0,35.0,55.0
1049.829756057419,354.6540425503328,355.84720170694186,0.0,0.0,0.0,65.0,35.0,55.0
1095.016046330519,369.6974286288306,370.7253384686684,0.0,0.0,0.0,65.0,35.0,55.0
1084.3626817714132,366.1507184402091,367.21758835408855,0.0,0.0,0.0,65.0,35.0,55.0
1053.5539370876972,355.8938941231459,357.073433698084,0.0,0.0,0.0,65.0,35.0,55.0
1136.8349188637565,380.0,373.0,0.0,0.0,0.0,65.0,35.0,55.0
1150.0,380.0,373.0,0.0,0.0,0.0,108.72704901634812,35.0,55.0
1150.0,380.0,373.0,0.0,0.0,0.0,207.83824659364333,35.0,55.0
1150.0,380.0,373.0,0.0,0.0,0.0,297.0,35.0,118.02080290567956
1150.0,380.0,373.0,0.0,0.0,0.0,297.0,35.0,95.13937656229352
1150.0,380.0,373.0,0.0,0.0,0.0,255.16295061976226,35.0,55.0
1133.305415684597,380.0,373.0,0.0,0.0,0.0,65.0,35.0,55.0
987.8269972197799,334.0121302913423,335.432037726554,0.0,0.0,0.0,65.0,35.0,55.0
876.6511218978883,296.99954074318464,298.82602586661466,0.0,0.0,0.0,65.0,35.0,55.0
867.9624694181751,294.1069210356528,295.9651811482944,0.0,0.0,0.0,65.0,35.0,55.0
810.8665215355395,275.09858062255176,277.16564447457966,0.0,0.0,0.0,65.0,35.0,55.0
769.1379091263698,261.2063220813624,263.42599028857757,0.0,0.0,0.0,65.0,35.0,55.0
749.7109922780944,254.7387274039241,257.0294411587323,0.0,0.0,0.0,65.0,35.0,55.0
732.5487815659359,249.02509700534213,251.37857412437722,0.0,0.0,0.0,65.0,35.0,55.0
752.9855722721405,255.82889813486116,258.1076365293675,0.0,0.0,0.0,65.0,35.0,55.0
880.708076600321,298.35017907890136,300.1618276448557,0.0,0.0,0.0,65.0,35.0,55.0
1119.6405205845588,377.89539024384015,373.0,0.0,0.0,0.0,65.0,35.0,55.0
1150.0,380.0,373.0,0.0,0.0,0.0,240.5641497895554,35.0,55.0
1150.0,380.0,373.0,0.0,0.0,0.0,297.0,35.0,59.62450758270677
1150.0,380.0,373.0,0.0,0.0,0.0,297.0,35.0,73.9500849294574
1150.0,380.0,373.0,0.0,0.0,0.0,297.0,35.0,110.02885297457463
1150.0,380.0,373.0,0.0,0.0,0.0,297.0,35.0,136.27966211478144
1150.0,380.0,373.0,0.0,0.0,0.0,292.5357669925609,35.0,55.0
1150.0,380.0,373.0,0.0,0.0,0.0,129.93590271465106,35.0,55.0
1150.0,380.0,373.0,0.0,0.0,0.0,161.3870455673205,35.0,55.0
1150.0,380.0,373.0,0.0,0.0,0.0,255.52686684894513,35.0,55.0
1150.0,380.0,373.0,0.0,0.0,0.0,297.0,35.0,151.76038847395444
1150.0,380.0,373.0,0.0,250.0,0.0,297.0,35.0,89.94108349105174
1150.0,380.0,373.0,0.0,250.0,0.0,297.0,35.0,76.97866590323328
1150.0,380.0,373.0,0.0,250.0,0.0,235.4873799715243,35.0,55.0
1150.0,380.0,373.0,0.0,205.7353634476469,0.0,65.0,35.0,55.0
1025.5350170464928,346.56585614669524,347.8478628054655,0.0,151.1371815176711,0.0,65.0,35.0,55.0
924.7974583246569,313.0283831809163,314.6787938987803,0.0,131.57365562096672,0.0,65.0,35.0,55.0
845.0749003817212,286.4872086110943,288.4291701102177,0.0,116.09130378857054,0.0,65.0,35.0,55.0
785.533199501147,266.66462993284097,268.82433945532404,0.0,112.5,0.0,65.0,35.0,55.0
806.425269951107,273.62000245531215,275.70330826448014,0.0,0.0,0.0,65.0,35.0,55.0
781.6726789577459,265.3793883109385,267.55321601790456,0.0,0.0,0.0,65.0,35.0,55.0
755.7188402535313,256.7388556740074,259.0075983228185,0.0,0.0,0.0,65.0,35.0,55.0
763.158284902487,259.2155900416101,261.45712613865584,0.0,0.0,0.0,65.0,35.0,55.0
914.3711291551169,309.5572574449701,311.24579795311536,0.0,0.0,0.0,65.0,35.0,55.0
1130.5812014780104,380.0,373.0,0.0,0.0,0.0,65.0,35.0,55.0
1150.0,380.0,373.0,0.0,0.0,0.0,213.19358667184042,35.0,55.0
1150.0,380.0,373.0,0.0,0.0,0.0,234.66019742101557,35.0,55.0
1150.0,380.0,373.0,0.0,0.0,0.0,205.4300554059584,35.0,55.0
1150.0,380.0,373.0,0.0,0.0,0.0,207.33241707879364,35.0,55.0
1150.0,380.0,373.0,0.0,0.0,0.0,221.71046836876414,35.0,55.0
1150.0,380.0,373.0,0.0,0.0,0.0,155.5101666871713,35.0,55.0
1112.3500360821226,375.4682475771906,373.0,0.0,0.0,0.0,65.0,35.0,55.0
1150.0,380.0,373.0,0.0,0.0,0.0,183.63092778127256,35.0,55.0
1150.0,380.0,373.0,0.0,0.0,0.0,287.6031793820336,35.0,55.0
1150.0,380.0,373.0,0.0,250.0,0.0,219.48143887195855,35.0,55.0
1150.0,380.0,373.0,0.0,250.0,388.74790870760177,65.0,35.0,55.0
1150.0,380.0,373.0,0.0,250.0,394.41475275295613,65.0,35.0,55.0
1150.0,380.0,373.0,0.0,250.0,308.9597615345112,65.0,35.0,55.0
1150.0,380.0,373.0,0.0,180.8155472837436,143.25,65.0,35.0,55.0
1072.543585418436,362.21591369164025,363.3260068395001,0.0,160.26638175222237,0.0,65.0,35.0,55.0
957.5519262483425,323.9329762288017,325.4636016442458,0.0,137.9346682322332,0.0,65.0,35.0,55.0
872.6594672308214,295.6706420465711,297.51172492083515,0.0,121.44830662593202,0.0,65.0,35.0,55.0
815.3326428045938,276.5854383866593,278.6361693314299,0.0,112.5,0.0,65.0,35.0,55.0
832.2041070508484,282.20227368851795,284.19130454853337,0.0,0.0,0.0,65.0,35.0,55.0
796.8200856622849,270.42225166102105,272.5406842781567,0.0,0.0,0.0,65.0,35.0,55.0
758.8728114543011,257.7888734153817,260.0460817783974,0.0,0.0,0.0,65.0,35.0,55.0
769.6512608648909,261.3772267595284,263.5950176047486,0.0,0.0,0.0,65.0,35.0,55.0
838.0467982901789,284.14741810111497,286.1150818444768,0.0,0.0,0.0,65.0,35.0,55.0
982.7015708922117,332.3057771785619,333.7444286441791,0.0,0.0,0.0,65.0,35.0,55.0
1106.8051841268114,373.62225959703727,373.0,0.0,0.0,0.0,65.0,35.0,55.0
1150.0,380.0,373.0,0.0,0.0,0.0,104.73470184284484,35.0,55.0
1150.0,380.0,373.0,0.0,0.0,0.0,147.25026594994407,35.0,55.0
1150.0,380.0,373.0,0.0,0.0,0.0,201.93818759776073,35.0,55.0
1150.0,380.0,373.0,0.0,0.0,0.0,239.47136940379778,35.0,55.0
1150.0,380.0,373.0,0.0,0.0,0.0,175.78771983048424,35.0,55.0
1138.1553477175319,380.0,373.0,0.0,0.0,0.0,65.0,35.0,55.0
1150.0,380.0,373.0,0.0,0.0,0.0,200.99201785089642,35.0,55.0
1150.0,380.0,373.0,0.0,0.0,0.0,292.737042277828,35.0,55.0
1150.0,380.0,373.0,0.0,0.0,0.0,297.0,35.0,202.47658713840255
1150.0,380.0,373.0,0.0,250.0,0.0,297.0,35.0,164.59087370377966
1150.0,380.0,373.0,0.0,250.0,0.0,297.0,35.0,161.24062951072597
1150.0,380.0,373.0,0.0,250.0,0.0,297.0,35.0,67.21062786565594
1150.0,380.0,373.0,0.0,250.0,0.0,67.74529312552491,35.0,55.0
1028.0547001620382,347.40470717149793,348.67749917885936,0.0,151.62651128213935,0.0,65.0,35.0,55.0
905.3014809982438,306.5377969405701,308.2595057648622,0.0,127.7874803140981,0.0,65.0,35.0,55.0
809.6082554197319,274.6796796051152,276.7513450213498,0.0,112.5,0.0,65.0,35.0,55.0
808.4351791992051,274.28913994411994,276.36509537935785,0.0,0.0,0.0,65.0,35.0,55.0
754.571627351025,256.3569264095705,258.6298644934834,0.0,0.0,0.0,65.0,35.0,55.0
717.3626882198578,243.96935412739313,246.37836781592083,0.0,0.0,0.0,65.0,35.0,55.0
683.2973203372884,232.62833724226442,235.16193028293938,0.0,0.0,0.0,65.0,35.0,55.0
712.0500430581386,242.2006722598891,244.62911465074924,0.0,0.0,0.0,65.0,35.0,55.0
835.4312631258485,283.2766560836733,285.2538850158631,0.0,0.0,0.0,65.0,35.0,55.0
1089.6840943659665,367.9223191549175,368.9697283033702,0.0,0.0,0.0,65.0,35.0,55.0
1150.0,380.0,373.0,0.0,0.0,0.0,219.30834352549948,35.0,55.0
1150.0,380.0,373.0,0.0,0.0,0.0,297.0,35.0,56.57814642594501
1150.0,380.0,373.0,0.0,0.0,0.0,297.0,35.0,107.73467724047417
1150.0,380.0,373.0,0.0,0.0,0.0,297.0,35.0,158.50280185654688
1150.0,380.0,373.0,0.0,250.0,0.0,202.7099134769468,35.0,55.0
1150.0,380.0,373.0,0.0,250.0,0.0,89.31689282735356,35.0,55.0
1106.9315615642913,373.66433307932874,373.0,0.0,166.94462639504067,0.0,65.0,35.0,55.0
1085.7785680481265,366.6220942441335,367.6837861662274,0.0,162.83665374117678,0.0,65.0,35.0,55.0
1150.0,380.0,373.0,0.0,176.10348279483267,0.0,65.0,35.0,55.0
1150.0,380.0,373.0,0.0,250.0,0.0,148.92117764089858,35.0,55.0
1150.0,380.0,373.0,0.0,250.0,0.0,297.0,35.0,107.18359674582992
1150.0,380.0,373.0,0.0,250.0,0.0,297.0,35.0,67.68011099391006
1150.0,380.0,373.0,0.0,250.0,0.0,164.7479708324201,35.0,55.0
1091.8097406290067,368.6299877244762,369.6696232409148,0.0,164.00792493804335,0.0,65.0,35.0,55.0
950.4895166086628,321.5817640754674,323.1382172001716,0.0,136.56312780945484,0.0,65.0,35.0,55.0
838.6747228332326,284.35646627197013,286.3218336528491,0.0,114.84837075741478,0.0,65.0,35.0,55.0
747.1693392981676,253.8925621882466,256.1925709397422,0.0,112.5,0.0,65.0,35.0,55.0
755.2961613489098,256.598137728121,258.8684261422468,0.0,0.0,0.0,65.0,35.0,55.0
716.3058090105912,243.61749868878016,246.03037745598962,0.0,0.0,0.0,65.0,35.0,55.0
694.3794451809713,236.31778998525454,238.81085494655574,0.0,0.0,0.0,65.0,35.0,55.0
671.8704475797871,228.82411128076092,231.3994931672251,0.0,0.0,0.0,65.0,35.0,55.0
685.3868665155667,233.32398739851112,235.84993882762126,0.0,0.0,0.0,65.0,35.0,55.0
919.6070951618245,311.30041134533985,312.96980357200374,0.0,0.0,0.0,65.0,35.0,55.0
1143.347733604836,380.0,373.0,0.0,0.0,0.0,65.0,35.0,55.0
1150.0,380.0,373.0,0.0,0.0,0.0,272.3032971275298,35.0,55.0
1150.0,380.0,373.0,0.0,0.0,0.0,297.0,35.0,96.68719097589322
1150.0,380.0,373.0,0.0,0.0,0.0,297.0,35.0,134.9747953109369
1150.0,380.0,373.0,0.0,0.0,0.0,297.0,35.0,173.79970801642563
1150.0,380.0,373.0,0.0,0.0,0.0,297.0,35.0,199.31625209900164
1150.0,380.0,373.0,0.0,0.0,0.0,297.0,35.0,68.53434919293181
1150.0,380.0,373.0,0.0,0.0,0.0,197.20410128731024,35.0,55.0
1134.1646290643664,380.0,373.0,0.0,0.0,0.0,65.0,35.0,55.0
1126.3028812116522,380.0,373.0,0.0,0.0,0.0,65.0,35.0,55.0
1150.0,380.0,373.0,0.0,0.0,0.0,186.01902004223,35.0,55.0
1150.0,380.0,373.0,0.0,0.0,0.0,297.0,35.0,124.47768402354416
1150.0,380.0,373.0,0.0,0.0,0.0,297.0,35.0,92.47250568952536
1150.0,380.0,373.0,0.0,0.0,0.0,228.19080989191946,35.0,55.0
1094.9083066614164,369.6615600184959,370.6898638695835,0.0,0.0,0.0,65.0,35.0,55.0
941.8761557553211,318.71421040006913,320.30216316741974,0.0,0.0,0.0,65.0,35.0,55.0
820.7034177536558,278.3734727796389,280.404562437517,0.0,0.0,0.0,65.0,35.0,55.0
665.3967037638288,226.66887731470274,229.2679341197335,0.0,0.0,0.0,65.0,35.0,55.0
626.5101510287703,213.7227951619131,216.46406271786464,0.0,0.0,0.0,65.0,35.0,55.0
604.780036834373,206.48842174067275,209.30915779253942,0.0,0.0,0.0,65.0,35.0,55.0
595.0007070517959,203.2326945583986,206.08919428007056,0.0,0.0,0.0,65.0,35.0,55.0
619.1462337662331,211.27120531550315,214.0394032144645,0.0,0.0,0.0,65.0,35.0,55.0
652.7169065053271,222.44752866218292,225.09295634256333,0.0,0.0,0.0,65.0,35.0,55.0
759.1365921612584,257.87669109173515,260.13293479088185,0.0,0.0,0.0,65.0,35.0,55.0
883.7055048625978,299.34808066187054,301.1487674301332,0.0,0.0,0.0,65.0,35.0,55.0
951.5499592047353,321.9348058341598,323.48738084863595,0.0,0.0,0.0,65.0,35.0,55.0
972.9216194020523,329.0498430178629,330.52426042691195,0.0,0.0,0.0,65.0,35.0,55.0
964.4102884190715,326.2162570508581,327.7218009724235,0.0,0.0,0.0,65.0,35.0,55.0
983.3101542676949,332.5083863023252,333.94481213741625,0.0,0.0,0.0,65.0,35.0,55.0
965.2905094067457,326.50929956600925,328.0116244599461,0.0,0.0,0.0,65.0,35.0,55.0
1047.75315938748,353.96270353475063,355.16345694569753,0.0,0.0,0.0,65.0,35.0,55.0
1083.2892765131148,365.79336116167,366.8641565911091,0.0,0.0,0.0,65.0,35.0,55.0
1150.0,380.0,373.0,0.0,0.0,0.0,84.85980552618248,35.0,55.0
1150.0,380.0,373.0,0.0,0.0,0.0,178.34102795626575,35.0,55.0
1150.0,380.0,373.0,0.0,0.0,0.0,297.0,35.0,90.87533096125048
1150.0,380.0,373.0,0.0,250.0,0.0,285.4177365043485,35.0,55.0
1150.0,380.0,373.0,0.0,250.0,0.0,279.67573462308536,35.0,55.0
1150.0,380.0,373.0,0.0,250.0,0.0,190.83094138537632,35.0,55.0
1134.7690387044538,380.0,373.0,0.0,172.35074514399977,0.0,65.0,35.0,55.0
993.4901394796802,335.8974993915328,337.29669633284084,0.0,144.913973410493,0.0,65.0,35.0,55.0
888.1824154725482,300.83853040530744,302.62284480896415,0.0,124.46290816852823,0.0,65.0,35.0,55.0
807.1016899277868,273.8451956897844,275.9260277853919,0.0,112.5,0.0,65.0,35.0,55.0
817.816544468769,277.41237707734126,279.4540242258885,0.0,0.0,0.0,65.0,35.0,55.0
775.3304443161408,263.2679362811867,265.4649579687826,0.0,0.0,0.0,65.0,35.0,55.0
758.4111946826965,257.6351923038413,259.8940888305823,0.0,0.0,0.0,65.0,35.0,55.0
750.171192245033,254.8919368339111,257.1809676063445,0.0,0.0,0.0,65.0,35.0,55.0
772.5049057322167,262.32726008181817,264.53461495493747,0.0,0.0,0.0,65.0,35.0,55.0
864.169382080961,292.8441292264933,294.7162609158264,0.0,0.0,0.0,65.0,35.0,55.0
957.8797578658074,324.0421176865416,325.571544199609,0.0,0.0,0.0,65.0,35.0,55.0
987.7832152198437,333.9975544205561,335.4176219694999,0.0,0.0,0.0,65.0,35.0,55.0
963.5205506209109,325.92004620625306,327.42884395906606,0.0,0.0,0.0,65.0,35.0,55.0
995.229985596127,336.4767276638405,337.8695618703391,0.0,0.0,0.0,65.0,35.0,55.0
1044.8897773847173,353.0094285325886,354.2206535249986,0.0,0.0,0.0,65.0,35.0,55.0
1079.2653192983637,364.4537083249578,365.5392196378305,0.0,0.0,0.0,65.0,35.0,55.0
1054.7051228696005,356.27714603563044,357.45247564637833,0.0,0.0,0.0,65.0,35.0,55.0
1062.8106608389119,358.97563569497885,360.12132280568085,0.0,0.0,0.0,65.0,35.0,55.0
1150.0,380.0,373.0,0.0,0.0,0.0,72.36488984945792,35.0,55.0
1150.0,380.0,373.0,0.0,0.0,0.0,181.44694577008687,35.0,55.0
1150.0,380.0,373.0,0.0,0.0,0.0,297.0,35.0,102.21197292040512
1150.0,380.0,373.0,0.0,250.0,0.0,297.0,35.0,57.6814156375711
1150.0,380.0,373.0,0.0,250.0,0.0,291.99938972781075,35.0,55.0
1150.0,380.0,373.0,0.0,250.0,0.0,197.49493041505983,35.0,55.0
1128.8011439313495,380.0,373.0,0.0,171.1917626808172,0.0,65.0,35.0,55.0
974.1937973699618,329.4733755587321,330.94314052699133,0.0,141.16656784135927,0.0,65.0,35.0,55.0
846.4692293991365,286.9514075883207,288.88826993201246,0.0,116.36208652528596,0.0,65.0,35.0,55.0
813.866310260074,276.0972680488564,278.15336147082263,0.0,112.5,0.0,65.0,35.0,55.0
798.883776752232,271.1092941605314,273.22017971990726,0.0,0.0,0.0,65.0,35.0,55.0
735.1608218821349,249.89469552054874,252.23862023165165,0.0,0.0,0.0,65.0,35.0,55.0
696.5528109208786,237.04134528748457,239.52646210342036,0.0,0.0,0.0,65.0,35.0,55.0
671.4781681028077,228.69351388966714,231.27033036868502,0.0,0.0,0.0,65.0,35.0,55.0
697.7453237915089,237.43835578354532,239.919111499335,0.0,0.0,0.0,65.0,35.0,55.0
803.939847808307,272.7925575680197,274.8849527339042,0.0,0.0,0.0,65.0,35.0,55.0
1052.2001391419417,355.4431887200869,356.62767922558885,0.0,0.0,0.0,65.0,35.0,55.0
1150.0,380.0,373.0,0.0,0.0,0.0,179.59897649593225,35.0,55.0
1150.0,380.0,373.0,0.0,0.0,0.0,297.0,35.0,79.98436509320096
1150.0,380.0,373.0,0.0,0.0,0.0,297.0,35.0,129.43517264766044
1150.0,380.0,373.0,0.0,250.0,0.0,199.56781760433884,35.0,55.0
1150.0,380.0,373.0,0.0,250.0,0.0,262.42359964111,35.0,55.0
1150.0,380.0,373.0,0.0,250.0,0.0,202.69323896626156,35.0,55.0
1150.0,380.0,373.0,0.0,179.68761608350204,0.0,65.0,35.0,55.0
1066.258523232218,360.123495473123,361.25657351808024,0.0,159.0458044580873,0.0,65.0,35.0,55.0
1130.4034216598943,380.0,373.0,0.0,171.50292965998383,0.0,65.0,35.0,55.0
1150.0,380.0,373.0,0.0,250.0,0.0,111.89010570834162,35.0,55.0
1150.0,380.0,373.0,0.0,250.0,0.0,297.0,35.0,63.956117764943784
1150.0,380.0,373.0,0.0,250.0,0.0,297.0,35.0,57.64498765972453
1150.0,380.0,373.0,0.0,250.0,0.0,208.5759060773926,35.0,55.0
1144.6153266598067,380.0,373.0,0.0,174.26292280489434,0.0,65.0,35.0,55.0
998.2960916251186,337.49749339771597,338.87911464728944,0.0,145.84730324743322,0.0,65.0,35.0,55.0
891.2384115272,301.8559303340611,303.62906875365195,0.0,125.0563914603012,0.0,65.0,35.0,55.0
809.3439376130862,274.59168311793377,276.6643151622472,0.0,112.5,0.0,65.0,35.0,55.0
818.9351381115769,277.78477843917045,279.82233481518244,0.0,0.0,0.0,65.0,35.0,55.0
773.6387884862372,262.7047514831567,264.90795967042794,0.0,0.0,0.0,65.0,35.0,55.0
750.2732602892219,254.92591725110688,257.21457475380595,0.0,0.0,0.0,65.0,35.0,55.0
740.473211412342,251.6632922834003,253.9877892270325,0.0,0.0,0.0,65.0,35.0,55.0
773.3568872021034,262.61090111775565,264.81514023707103,0.0,0.0,0.0,65.0,35.0,55.0
993.7270049164306,335.97635645619005,337.37468716459085,0.0,0.0,0.0,65.0,35.0,55.0
1150.0,380.0,373.0,0.0,0.0,0.0,220.03365363252996,35.0,55.0
1150.0,380.0,373.0,0.0,250.0,0.0,199.1967288128838,35.0,55.0
1150.0,380.0,373.0,0.0,250.0,0.0,227.39146399504185,35.0,55.0
1150.0,380.0,373.0,0.0,250.0,0.0,147.68105937540767,35.0,55.0
1150.0,380.0,373.0,0.0,250.0,0.0,113.01201036662299,35.0,55.0
1150.0,380.0,373.0,0.0,250.0,0.0,116.15608411363256,35.0,55.0
1150.0,380.0,373.0,0.0,207.01041539699307,0.0,65.0,35.0,55.0
1096.5783607512035,370.217553181307,371.2397495317425,0.0,164.93400478786128,0.0,65.0,35.0,55.0
1089.7268613071992,367.93655709311673,368.98380983997555,0.0,163.60342373641697,0.0,65.0,35.0,55.0
1136.6611376545789,380.0,373.0,0.0,172.71819624445882,0.0,65.0,35.0,55.0
1150.0,380.0,373.0,0.0,250.0,0.0,107.02226197478646,35.0,55.0
1150.0,380.0,373.0,0.0,250.0,0.0,283.32091301207623,35.0,55.0
1150.0,380.0,373.0,0.0,250.0,0.0,254.40498935661714,35.0,55.0
1150.0,380.0,373.0,0.0,250.0,0.0,156.78498726943295,35.0,55.0
1106.2420393507784,373.4347778579356,373.0,0.0,166.81071918256134,0.0,65.0,35.0,55.0
970.4145683054923,328.2151974354056,329.6987832997165,0.0,140.43263060275214,0.0,65.0,35.0,55.0
842.927382207089,285.77225846103033,287.72207357922645,0.0,115.67424953436658,0.0,65.0,35.0,55.0
723.6664946520677,246.0680126663152,248.45397290877145,0.0,112.5,0.0,65.0,35.0,55.0
739.8567709149838,251.45806737247858,253.78481868066257,0.0,0.0,0.0,65.0,35.0,55.0
731.329630488668,248.61921813738215,250.977153774285,0.0,0.0,0.0,65.0,35.0,55.0
711.8282132577597,242.12682084808594,244.55607448551515,0.0,0.0,0.0,65.0,35.0,55.0
712.2407339973394,242.26415694523794,244.69190196644843,0.0,0.0,0.0,65.0,35.0,55.0
755.5036320694188,256.66720872575627,258.93673840543835,0.0,0.0,0.0,65.0,35.0,55.0
986.173211168649,333.4615530718354,334.88750851438255,0.0,0.0,0.0,65.0,35.0,55.0
1150.0,380.0,373.0,0.0,0.0,0.0,230.28650326439077,35.0,55.0
1150.0,380.0,373.0,0.0,0.0,0.0,297.0,35.0,159.2192732066949
1150.0,380.0,373.0,0.0,0.0,0.0,297.0,35.0,182.72070859525542
1150.0,380.0,373.0,0.0,0.0,0.0,297.0,35.0,199.69597523695134
1150.0,380.0,373.0,0.0,250.0,0.0,245.61303753114532,35.0,55.0
1150.0,380.0,373.0,0.0,250.0,0.0,277.98708306892826,35.0,55.0
1150.0,380.0,373.0,0.0,250.0,0.0,168.6129789407893,35.0,55.0
1150.0,380.0,373.0,0.0,208.0638844759335,0.0,65.0,35.0,55.0
1089.891391279406,367.9913322888328,369.03798333846595,0.0,163.63537593391803,0.0,65.0,35.0,55.0
1085.302834604255,366.46371342058376,367.5271451320272,0.0,162.74426492743942,0.0,65.0,35.0,55.0
1113.7660946944939,375.93968075497384,373.0,0.0,168.27191253916695,0.0,65.0,35.0,55.0
1150.0,380.0,373.0,0.0,250.0,0.0,74.05186089923816,35.0,55.0
1150.0,380.0,373.0,0.0,203.8633691131092,0.0,65.0,35.0,55.0
1109.459915923141,374.50607092798924,373.0,0.0,167.43564014009263,0.0,65.0,35.0,55.0
996.4080138272057,336.86891594449776,338.25744202215583,0.0,145.48063306638926,0.0,65.0,35.0,55.0
870.2583167818998,294.87125282879344,296.7211168724952,0.0,120.98199624889506,0.0,65.0,35.0,55.0
766.3904820902468,260.29165072026797,262.52136645379824,0.0,112.5,0.0,65.0,35.0,55.0
781.2337204920611,265.23325058571675,267.4086835934523,0.0,0.0,0.0,65.0,35.0,55.0
745.9623252169176,253.49072395995466,255.7951468435035,0.0,0.0,0.0,65.0,35.0,55.0
721.9012520137982,245.48032940289127,247.8727452569533,0.0,0.0,0.0,65.0,35.0,55.0
714.8980073246498,243.14881440078975,245.56684159389,0.0,0.0,0.0,65.0,35.0,55.0
682.1160041632793,232.23505434209744,234.7729675358424,0.0,0.0,0.0,65.0,35.0,55.0
721.0869861986228,245.20924463460932,247.60463831377746,0.0,0.0,0.0,65.0,35.0,55.0
845.5861805822922,286.65742363438994,288.59751534727263,0.0,0.0,0.0,65.0,35.0,55.0
983.5231892562477,332.5793097519304,334.01495650367343,0.0,0.0,0.0,65.0,35.0,55.0
1014.9056490270428,343.02713486817026,344.3480138440152,0.0,0.0,0.0,65.0,35.0,55.0
994.5209650980146,336.2406810880714,337.6361082304402,0.0,0.0,0.0,65.0,35.0,55.0
978.3653882243525,330.8621784767156,332.3166876553455,0.0,0.0,0.0,65.0,35.0,55.0
1000.3703225973634,338.18804482698505,339.562080473737,0.0,0.0,0.0,65.0,35.0,55.0
1046.1240344958867,353.4203364900959,354.6270477208515,0.0,0.0,0.0,65.0,35.0,55.0
1081.6531725273007,365.2486706421692,366.32544941443615,0.0,0.0,0.0,65.0,35.0,55.0
1142.5875975772656,380.0,373.0,0.0,0.0,0.0,65.0,35.0,55.0
1150.0,380.0,373.0,0.0,0.0,0.0,171.61118319270682,35.0,55.0
1150.0,380.0,373.0,0.0,0.0,0.0,270.4506348109164,35.0,55.0
1150.0,380.0,373.0,0.0,0.0,0.0,297.0,35.0,196.75338300351623
1150.0,380.0,373.0,0.0,250.0,370.05441717893115,65.0,35.0,55.0
1150.0,380.0,373.0,0.0,250.0,401.8182152995733,65.0,35.0,55.0
1150.0,380.0,373.0,0.0,250.0,308.1628063822741,65.0,35.0,55.0
1146.3105216145502,380.0,373.0,0.0,174.59213457871414,143.25,65.0,35.0,55.0
1064.9703948849153,359.6946527438347,360.83244156119696,0.0,158.79564619933578,0.0,65.0,35.0,55.0
947.6938732998005,320.65104058879024,322.21771756997686,0.0,136.02020577555984,0.0,65.0,35.0,55.0
864.7005648202181,293.02097018813424,294.89115930629777,0.0,119.90266470851051,0.0,65.0,35.0,55.0
804.1304624715766,272.8560168596424,274.94771493482347,0.0,112.5,0.0,65.0,35.0,55.0
821.7481728442492,278.7212918656998,280.7485607836174,0.0,0.0,0.0,65.0,35.0,55.0
800.4412359227433,271.6278023067389,273.73299213269047,0.0,0.0,0.0,65.0,35.0,55.0
780.426622043227,264.96455197169496,267.1429365929936,0.0,0.0,0.0,65.0,35.0,55.0
790.2387414557089,268.2311954531175,270.37369649071866,0.0,0.0,0.0,65.0,35.0,55.0
890.7674829768443,301.6991491520793,303.47400978919956,0.0,0.0,0.0,65.0,35.0,55.0
1001.4582142139193,338.55022489311796,339.9202820467192,0.0,0.0,0.0,65.0,35.0,55.0
1046.5013988242208,353.54596834101955,354.7512995249279,0.0,0.0,0.0,65.0,35.0,55.0
1047.2678925471646,353.8011488599623,355.00367692453386,0.0,0.0,0.0,65.0,35.0,55.0
1041.5813950743654,351.9080043597013,353.1313283297681,0.0,0.0,0.0,65.0,35.0,55.0
1060.0122868273243,358.0440031047857,359.19992405833455,0.0,0.0,0.0,65.0,35.0,55.0
1101.4001202988609,371.822809776055,372.8273726260179,0.0,0.0,0.0,65.0,35.0,55.0
1150.0,380.0,373.0,0.0,0.0,0.0,67.71607166908984,35.0,55.0
1150.0,380.0,373.0,0.0,0.0,0.0,167.77748289927868,35.0,55.0
1150.0,380.0,373.0,0.0,0.0,0.0,297.0,35.0,69.52799623574833
1150.0,380.0,373.0,0.0,0.0,0.0,297.0,35.0,188.82646407745938
1150.0,380.0,373.0,0.0,250.0,0.0,297.0,35.0,117.40351376912969
1150.0,380.0,373.0,0.0,250.0,532.668120159817,65.0,35.0,55.0
1150.0,380.0,373.0,0.0,250.0,534.7434260275425,65.0,35.0,55.0
1150.0,380.0,373.0,0.0,250.0,429.9688272829714,65.0,35.0,55.0
1150.0,380.0,373.0,0.0,242.3010486318521,181.88620663483755,65.0,35.0,55.0
1041.6896051226859,351.9440295683346,353.16695780694295,0.0,154.27444934696075,143.25,65.0,35.0,55.0
997.3432347741518,337.18026900509597,338.565374916558,0.0,145.66225568507153,0.0,65.0,35.0,55.0
838.6700408091797,284.3549075360121,286.3202920393694,0.0,114.8474614947726,0.0,65.0,35.0,55.0
777.946346263534,264.1388204077723,266.3262755651898,0.0,112.5,0.0,65.0,35.0,55.0
794.5650371478135,269.67150259036475,271.79818207229164,0.0,0.0,0.0,65.0,35.0,55.0
768.9428572015345,261.1413855399265,263.3617670652105,0.0,0.0,0.0,65.0,35.0,55.0
747.9253814057564,254.14426316319543,256.44150701761777,0.0,0.0,0.0,65.0,35.0,55.0
756.1216542062571,256.87296019491487,259.1402297258827,0.0,0.0,0.0,65.0,35.0,55.0
837.6516945092292,284.01588044484845,285.9849891094344,0.0,0.0,0.0,65.0,35.0,55.0
927.1200121668093,313.80160607494963,315.4435230564777,0.0,0.0,0.0,65.0,35.0,55.0
953.9001895193819,322.7172427587875,324.2612228221976,0.0,0.0,0.0,65.0,35.0,55.0
940.5815339076013,318.28320585946176,319.8758931463872,0.0,0.0,0.0,65.0,35.0,55.0
972.9178197250611,329.04857803223103,330.5230093369556,0.0,0.0,0.0,65.0,35.0,55.0
1034.4288756043852,349.5267929088258,350.7762741258909,0.0,0.0,0.0,65.0,35.0,55.0
1048.8097162478502,354.31445165720925,355.5113411683261,0.0,0.0,0.0,65.0,35.0,55.0
1037.4585387518432,350.53542610574357,351.7738276399637,0.0,0.0,0.0,65.0,35.0,55.0
1056.4191655862123,356.84778385929746,358.01684510001263,0.0,0.0,0.0,65.0,35.0,55.0
1150.0,380.0,373.0,0.0,0.0,0.0,69.98643072073959,35.0,55.0
1150.0,380.0,373.0,0.0,0.0,0.0,181.1788470073231,35.0,55.0
1150.0,380.0,373.0,0.0,0.0,0.0,297.0,35.0,90.21222296125076
1150.0,380.0,373.0,0.0,250.0,0.0,276.60222933740533,35.0,55.0
1150.0,380.0,373.0,0.0,250.0,0.0,265.12899883253647,35.0,55.0
1150.0,380.0,373.0,0.0,250.0,0.0,183.4694139595852,35.0,55.0
1127.7789586717602,380.0,373.0,0.0,170.9932513405491,0.0,65.0,35.0,55.0
988.3440341981603,334.18426185681557,335.60227845286107,0.0,143.91458484857463,0.0,65.0,35.0,55.0
872.9183564569875,295.75683125478537,297.59696735365617,0.0,121.49858366405702,0.0,65.0,35.0,55.0
761.6486642896112,258.7130082723545,260.9600651539868,0.0,112.5,0.0,65.0,35.0,55.0
748.5040794683197,254.33692289085621,256.6320504073611,0.0,0.0,0.0,65.0,35.0,55.0
681.0293559262543,231.87328822095122,234.41517536072394,0.0,0.0,0.0,65.0,35.0,55.0
653.458444434045,222.6944009167126,225.3371167427819,0.0,0.0,0.0,65.0,35.0,55.0
650.1775703867215,221.60213477424966,224.256848978399,0.0,0.0,0.0,65.0,35.0,55.0
698.1226611044474,237.5639786405236,240.04335440826313,0.0,0.0,0.0,65.0,35.0,55.0
777.3361472613971,263.93567341078756,266.1253601071871,0.0,0.0,0.0,65.0,35.0,55.0
877.5652867685308,297.30388383055384,299.1270257912817,0.0,0.0,0.0,65.0,35.0,55.0
988.1815548500149,334.13016935333366,335.548780147334,0.0,0.0,0.0,65.0,35.0,55.0
1057.899781178417,357.34070929868983,358.50435582813896,0.0,0.0,0.0,65.0,35.0,55.0
1049.6907586924153,354.6077676511763,355.8014351305413,0.0,0.0,0.0,65.0,35.0,55.0
1062.9120290683163,359.00938313035823,360.1546995305958,0.0,0.0,0.0,65.0,35.0,55.0
1091.6767057755053,368.58569786020496,369.625819894092,0.0,0.0,0.0,65.0,35.0,55.0
1086.9805589095765,367.0222601458336,368.0795563061285,0.0,0.0,0.0,65.0,35.0,55.0
1041.778991746798,351.9737880966105,353.1963894422946,0.0,0.0,0.0,65.0,35.0,55.0
1134.1873636226317,380.0,373.0,0.0,0.0,0.0,65.0,35.0,55.0
1150.0,380.0,373.0,0.0,0.0,0.0,160.82351796529093,35.0,55.0
1150.0,380.0,373.0,0.0,0.0,0.0,297.0,35.0,72.02666875702401
1150.0,380.0,373.0,0.0,250.0,0.0,264.34805027162537,35.0,55.0
1150.0,380.0,373.0,0.0,250.0,0.0,263.0789596974147,35.0,55.0
1150.0,380.0,373.0,0.0,250.0,0.0,179.35212970881435,35.0,55.0
1125.1553800575243,379.7313931491256,373.0,0.0,170.48374476908882,0.0,65.0,35.0,55.0
978.984340182517,331.06823950129706,332.5204851307933,0.0,142.09690514118884,0.0,65.0,35.0,55.0
856.8248992856387,290.3990094884233,292.2980004476064,0.0,118.37318763367914,0.0,65.0,35.0,55.0
825.7326117854371,280.047788308232,282.06048586371264,0.0,112.5,0.0,65.0,35.0,55.0
814.497841849899,276.3075170750342,278.3613009433037,0.0,0.0,0.0,65.0,35.0,55.0
754.9638289011403,256.4874978573108,258.75900163365384,0.0,0.0,0.0,65.0,35.0,55.0
715.744559942222,243.430648067261,245.84557936023714,0.0,0.0,0.0,65.0,35.0,55.0
696.562921725222,237.04471136893056,239.5297912089717,0.0,0.0,0.0,65.0,35.0,55.0
738.8410049238316,251.11989931579686,253.4503653488459,0.0,0.0,0.0,65.0,35.0,55.0
872.9852723319499,295.7791088380027,297.61900022099724,0.0,0.0,0.0,65.0,35.0,55.0
1094.7895791672854,369.62203334964227,370.6507713951984,0.0,0.0,0.0,65.0,35.0,55.0
1150.0,380.0,373.0,0.0,0.0,0.0,183.3703205327903,35.0,55.0
1150.0,380.0,373.0,0.0,0.0,0.0,253.38981629262682,35.0,55.0
1150.0,380.0,373.0,0.0,0.0,0.0,276.1069631265908,35.0,55.0
1150.0,380.0,373.0,0.0,0.0,0.0,297.0,35.0,73.69793164387207
1150.0,380.0,373.0,0.0,0.0,0.0,297.0,35.0,132.37653188237385
1150.0,380.0,373.0,0.0,0.0,0.0,294.695578199129,35.0,55.0
1150.0,380.0,373.0,0.0,0.0,0.0,141.38735406467748,35.0,55.0
1150.0,380.0,373.0,0.0,0.0,0.0,145.2438869222144,35.0,55.0
1150.0,380.0,373.0,0.0,0.0,0.0,237.98233895717078,35.0,55.0
1150.0,380.0,373.0,0.0,0.0,0.0,297.0,35.0,160.5437032732888
1150.0,380.0,373.0,0.0,250.0,0.0,297.0,35.0,127.508035985317
1150.0,380.0,373.0,0.0,250.0,0.0,297.0,35.0,129.89307405478678
1150.0,380.0,373.0,0.0,250.0,0.0,297.0,35.0,58.055733971524354
1150.0,380.0,373.0,0.0,250.0,0.0,78.79934667929045,35.0,55.0
1042.4255079029217,352.18902577343175,353.40926276584776,0.0,154.41736379993407,0.0,65.0,35.0,55.0
925.5195996944678,313.26879794751176,314.91656774559124,0.0,131.71389756814742,0.0,65.0,35.0,55.0
840.3427435948778,284.9117825006917,286.871049816937,0.0,115.17230522416905,0.0,65.0,35.0,55.0
778.6469638142581,264.37206948055996,266.55696243225367,0.0,112.5,0.0,65.0,35.0,55.0
799.125679160981,271.18982813015214,273.2998290360738,0.0,0.0,0.0,65.0,35.0,55.0
776.7434985986743,263.7383692597196,265.9302233123241,0.0,0.0,0.0,65.0,35.0,55.0
768.3165612637212,260.9328795631141,263.15555149496157,0.0,0.0,0.0,65.0,35.0,55.0
787.6084361996434,267.3555161877441,269.50763642939677,0.0,0.0,0.0,65.0,35.0,55.0
869.8781316768891,294.7446818870011,296.59593629332096,0.0,0.0,0.0,65.0,35.0,55.0
1076.4839175584405,363.5277261307971,364.6234092177723,0.0,0.0,0.0,65.0,35.0,55.0
1150.0,380.0,373.0,0.0,0.0,0.0,190.59686827372946,35.0,55.0
1150.0,380.0,373.0,0.0,0.0,0.0,252.60201056097594,35.0,55.0
1150.0,380.0,373.0,0.0,0.0,0.0,233.4495274722771,35.0,55.0
1150.0,380.0,373.0,0.0,0.0,0.0,219.1905425224344,35.0,55.0
1150.0,380.0,373.0,0.0,0.0,0.0,145.3111171436481,35.0,55.0
1127.126306434969,380.0,373.0,0.0,0.0,0.0,65.0,35.0,55.0
1150.0,380.0,373.0,0.0,0.0,0.0,100.94682001423456,35.0,55.0
1150.0,380.0,373.0,0.0,0.0,0.0,187.21383905265748,35.0,55.0
1150.0,380.0,373.0,0.0,0.0,0.0,296.395471644556,35.0,55.0
1150.0,380.0,373.0,0.0,250.0,0.0,218.71469030534732,35.0,55.0
1150.0,380.0,373.0,0.0,250.0,384.9930482056902,65.0,35.0,55.0
1150.0,380.0,373.0,0.0,250.0,399.9678430560652,65.0,35.0,55.0
1150.0,380.0,373.0,0.0,250.0,307.47165905769526,65.0,35.0,55.0
1150.0,380.0,373.0,0.0,182.70851020463422,143.25,65.0,35.0,55.0
1077.2340835470695,363.7774708326015,364.87041051186753,0.0,161.17729008444977,0.0,65.0,35.0,55.0
964.0663259885459,326.101745334857,327.6085471502725,0.0,139.1997835440988,0.0,65.0,35.0,55.0
877.6107281908115,297.31901215499016,299.14198793336624,0.0,122.40985585584313,0.0,65.0,35.0,55.0
819.5773875635789,277.9985956480357,280.0338032744048,0.0,112.5,0.0,65.0,35.0,55.0
836.5250123213076,283.6407862506087,285.61401526808595,0.0,0.0,0.0,65.0,35.0,55.0
798.8221174454827,271.08876659008564,273.1998776417126,0.0,0.0,0.0,65.0,35.0,55.0
760.0894512526112,258.19391623022284,260.44667525928764,0.0,0.0,0.0,65.0,35.0,55.0
769.7907973214432,261.42368113264143,263.6409616836115,0.0,0.0,0.0,65.0,35.0,55.0
847.6679732604189,287.35049250114514,289.282970957537,0.0,0.0,0.0,65.0,35.0,55.0
1031.416018600812,348.523754800804,349.7842542395102,0.0,0.0,0.0,65.0,35.0,55.0
1150.0,380.0,373.0,0.0,0.0,0.0,116.09815410459082,35.0,55.0
1150.0,380.0,373.0,0.0,0.0,0.0,211.88356122026437,35.0,55.0
1150.0,380.0,373.0,0.0,0.0,0.0,256.79192964066254,35.0,55.0
1150.0,380.0,373.0,0.0,0.0,0.0,297.0,35.0,62.99782409409609
1150.0,380.0,373.0,0.0,0.0,0.0,297.0,35.0,101.51066436460758
1150.0,380.0,373.0,0.0,0.0,0.0,297.0,35.0,80.16128418911983
1150.0,380.0,373.0,0.0,0.0,0.0,186.5178273687278,35.0,55.0
1150.0,380.0,373.0,0.0,0.0,0.0,94.03337803542648,35.0,55.0
1150.0,380.0,373.0,0.0,0.0,0.0,147.24403784492435,35.0,55.0
1150.0,380.0,373.0,0.0,0.0,0.0,278.0047571417301,35.0,55.0
1150.0,380.0,373.0,0.0,0.0,0.0,297.0,35.0,197.71569951398737
1150.0,380.0,373.0,0.0,0.0,0.0,297.0,35.0,155.29071350817102
1150.0,380.0,373.0,0.0,0.0,0.0,286.5315563158009,35.0,55.0
1139.5699794647005,380.0,373.0,0.0,0.0,0.0,65.0,35.0,55.0
976.7165970871446,330.313264160229,331.7738030794566,0.0,0.0,0.0,65.0,35.0,55.0
860.5941320446163,291.6538596491761,293.53906626947213,0.0,0.0,0.0,65.0,35.0,55.0
775.4015530354615,263.29160974302266,265.4883713812272,0.0,0.0,0.0,65.0,35.0,55.0
720.3585106452907,244.96672109635716,247.364778859847,0.0,0.0,0.0,65.0,35.0,55.0
680.9125388066019,231.83439755254523,234.37671190041783,0.0,0.0,0.0,65.0,35.0,55.0
666.3683821568653,226.99236776108012,229.58787107257112,0.0,0.0,0.0,65.0,35.0,55.0
674.9958336259764,229.86461247377795,232.42856461228857,0.0,0.0,0.0,65.0,35.0,55.0
706.5798153732553,240.37952813622613,242.82797551935377,0.0,0.0,0.0,65.0,35.0,55.0
816.976326114288,277.13265220901707,279.1773720928603,0.0,0.0,0.0,65.0,35.0,55.0
981.3221139604348,331.8465294050014,333.2902256378281,0.0,0.0,0.0,65.0,35.0,55.0
1095.9968451860916,370.0239554527977,371.04827844494787,0.0,0.0,0.0,65.0,35.0,55.0
1117.848867946938,377.2989145831167,373.0,0.0,0.0,0.0,65.0,35.0,55.0
1132.948747248146,380.0,373.0,0.0,0.0,0.0,65.0,35.0,55.0
1150.0,380.0,373.0,0.0,0.0,0.0,73.88712448507466,35.0,55.0
1150.0,380.0,373.0,0.0,0.0,0.0,107.40346145759604,35.0,55.0
1150.0,380.0,373.0,0.0,0.0,0.0,88.01994505815928,35.0,55.0
1150.0,380.0,373.0,0.0,0.0,0.0,97.77325396148865,35.0,55.0
1150.0,380.0,373.0,0.0,0.0,0.0,192.4046524369891,35.0,55.0
1150.0,380.0,373.0,0.0,0.0,0.0,291.1843590112838,35.0,55.0
1150.0,380.0,373.0,0.0,250.0,0.0,197.89940467295625,35.0,55.0
1150.0,380.0,373.0,0.0,250.0,0.0,297.0,35.0,159.39642447958317
1150.0,380.0,373.0,0.0,250.0,0.0,297.0,35.0,149.6182869641101
1150.0,380.0,373.0,0.0,250.0,0.0,297.0,35.0,62.11911501789265
1150.0,380.0,373.0,0.0,250.0,0.0,79.12508360018144,35.0,55.0
1045.9464548003814,353.36121679022585,354.568577441927,0.0,155.10114189306395,0.0,65.0,35.0,55.0
931.9969775466077,315.42524175418686,317.04932334378395,0.0,132.97182312204123,0.0,65.0,35.0,55.0
845.8301928144198,286.7386600048374,288.6778593484993,0.0,116.23798376825403,0.0,65.0,35.0,55.0
782.1899867985977,265.5516100517438,267.7235459289813,0.0,112.5,0.0,65.0,35.0,55.0
793.3763287298846,269.27575866986166,271.40678533879407,0.0,0.0,0.0,65.0,35.0,55.0
748.5615736938756,254.35606382557546,256.6509810818125,0.0,0.0,0.0,65.0,35.0,55.0
713.6316047191551,242.727204589271,245.14986310227053,0.0,0.0,0.0,65.0,35.0,55.0
728.5137518800143,247.68175792978064,250.04999142502456,0.0,0.0,0.0,65.0,35.0,55.0
845.6997637613744,286.6952376617117,288.6349139932336,0.0,0.0,0.0,65.0,35.0,55.0
1032.1336462806635,348.7626668731024,350.02054189889316,0.0,0.0,0.0,65.0,35.0,55.0
1150.0,380.0,373.0,0.0,0.0,0.0,71.3733147845382,35.0,55.0
1150.0,380.0,373.0,0.0,0.0,0.0,136.06524840053424,35.0,55.0
1150.0,380.0,373.0,0.0,0.0,0.0,159.84551851162246,35.0,55.0
1150.0,380.0,373.0,0.0,0.0,0.0,207.8000187291574,35.0,55.0
1150.0,380.0,373.0,0.0,0.0,0.0,242.14422172311296,35.0,55.0
1150.0,380.0,373.0,0.0,0.0,0.0,211.94212201679818,35.0,55.0
1150.0,380.0,373.0,0.0,0.0,0.0,115.42842968716249,35.0,55.0
1150.0,380.0,373.0,0.0,0.0,0.0,161.436620404603,35.0,55.0
1150.0,380.0,373.0,0.0,0.0,0.0,266.5435715363306,35.0,55.0
1150.0,380.0,373.0,0.0,0.0,0.0,297.0,35.0,165.14633753973422
1150.0,380.0,373.0,0.0,250.0,0.0,297.0,35.0,106.09988797767149
1150.0,380.0,373.0,0.0,250.0,0.0,297.0,35.0,86.53307157032613
1150.0,380.0,373.0,0.0,250.0,0.0,231.6263143026694,35.0,55.0
1150.0,380.0,373.0,0.0,182.25281036853792,0.0,65.0,35.0,55.0
994.5763041740429,336.25910453201624,337.65432929564474,0.0,145.1249097424417,0.0,65.0,35.0,55.0
874.1818201939521,296.1774626603836,298.0129781869959,0.0,121.74395198398929,0.0,65.0,35.0,55.0
705.5190927806041,240.02639316128136,242.47871967860348,0.0,112.5,0.0,65.0,35.0,55.0
703.2452194452602,239.26937694529107,241.73001917104642,0.0,0.0,0.0,65.0,35.0,55.0
643.4980715656674,219.37840100525273,222.05754258792518,0.0,0.0,0.0,65.0,35.0,55.0
603.82539025237,206.17060151213013,208.99482877105277,0.0,0.0,0.0,65.0,35.0,55.0
577.4386598940641,197.38595090837117,200.30667622316844,0.0,0.0,0.0,65.0,35.0,55.0
600.2963605424591,204.99571957143928,207.832852730468,0.0,0.0,0.0,65.0,35.0,55.0
737.3304954817713,250.6170216381917,252.95301170633562,0.0,0.0,0.0,65.0,35.0,55.0
924.9376415880105,313.07505288846755,314.72495094666533,0.0,0.0,0.0,65.0,35.0,55.0
1075.3624003612265,363.154351461414,364.2541360125605,0.0,0.0,0.0,65.0,35.0,55.0
1104.3382078594673,372.8009556968532,373.0,0.0,0.0,0.0,65.0,35.0,55.0
1150.0,380.0,373.0,0.0,0.0,0.0,88.71100793930492,35.0,55.0
1150.0,380.0,373.0,0.0,0.0,0.0,177.44516605104187,35.0,55.0
1150.0,380.0,373.0,0.0,0.0,0.0,203.44851450399685,35.0,55.0
1150.0,380.0,373.0,0.0,0.0,0.0,199.73945231350424,35.0,55.0
1150.0,380.0,373.0,0.0,0.0,0.0,111.05217682436454,35.0,55.0
1098.180328275366,370.7508790154381,371.7672168623927,0.0,0.0,0.0,65.0,35.0,55.0
1128.962138653016,380.0,373.0,0.0,0.0,0.0,65.0,35.0,55.0
1150.0,380.0,373.0,0.0,0.0,0.0,194.65757345044852,35.0,55.0
1150.0,380.0,373.0,0.0,0.0,0.0,297.0,35.0,165.58496904056597
1150.0,380.0,373.0,0.0,0.0,0.0,297.0,35.0,187.58927414339144
1150.0,380.0,373.0,0.0,0.0,0.0,297.0,35.0,118.61068720727316
1150.0,380.0,373.0,0.0,0.0,0.0,153.90003552074091,35.0,55.0
1045.7984561869823,353.3119452021626,354.5198470947932,0.0,0.0,0.0,65.0,35.0,55.0
929.7813442937739,314.68761478305714,316.3197990931704,0.0,0.0,0.0,65.0,35.0,55.0
844.0717188074037,286.15323014908546,288.09886035101124,0.0,0.0,0.0,65.0,35.0,55.0
789.4441145588208,267.966648858874,270.1120559007302,0.0,0.0,0.0,65.0,35.0,55.0
747.1263949687949,253.87826519412005,256.17843099592994,0.0,0.0,0.0,65.0,35.0,55.0
721.6753827291014,245.40513316897983,247.798375042278,0.0,0.0,0.0,65.0,35.0,55.0
692.0689211020052,235.54857203101488,238.05008673499523,0.0,0.0,0.0,65.0,35.0,55.0
700.5113843361853,238.35923059841895,240.82987064389374,0.0,0.0,0.0,65.0,35.0,55.0
809.2290521326365,274.5534355294114,276.62648771768966,0.0,0.0,0.0,65.0,35.0,55.0
993.5031536464754,335.90183205824223,337.3009814058629,0.0,0.0,0.0,65.0,35.0,55.0
1090.963386388704,368.34822010161776,369.39095079270135,0.0,0.0,0.0,65.0,35.0,55.0
1150.0,380.0,373.0,0.0,0.0,0.0,81.7550119168482,35.0,55.0
1150.0,380.0,373.0,0.0,0.0,0.0,81.034996063129,35.0,55.0
1127.6632479050186,380.0,373.0,0.0,0.0,0.0,65.0,35.0,55.0
1103.8646014185963,372.643282993557,373.0,0.0,0.0,0.0,65.0,35.0,55.0
1069.3083859193773,361.1388534857425,362.2607779767732,0.0,0.0,0.0,65.0,35.0,55.0
1012.6470509560583,342.2752040818052,343.6043429034095,0.0,0.0,0.0,65.0,35.0,55.0
1069.9161621126466,361.34119388300485,362.46089569542926,0.0,0.0,0.0,65.0,35.0,55.0
1150.0,380.0,373.0,0.0,0.0,0.0,68.34222263496646,35.0,55.0
1150.0,380.0,373.0,0.0,0.0,0.0,277.467894757024,35.0,55.0
1150.0,380.0,373.0,0.0,250.0,0.0,272.66850423790305,35.0,55.0
1150.0,380.0,373.0,0.0,250.0,0.0,289.38140208592046,35.0,55.0
1150.0,380.0,373.0,0.0,250.0,0.0,212.49956925333993,35.0,55.0
1150.0,380.0,373.0,0.0,179.87650886673813,0.0,65.0,35.0,55.0
1005.387948331096,339.85850904641404,341.2141948968162,0.0,147.2245623758404,0.0,65.0,35.0,55.0
895.4762112334002,303.26677545364083,305.0244159533575,0.0,125.8793844467227,0.0,65.0,35.0,55.0
880.9876598946307,298.4432577408579,300.2538838518135,0.0,123.06566578093266,0.0,65.0,35.0,55.0
821.7701938793007,278.728623092276,280.7558114777804,0.0,112.5,0.0,65.0,35.0,55.0
837.9606026401455,284.118721909551,286.08670087622926,0.0,0.0,0.0,65.0,35.0,55.0
806.022166865028,273.4858016763442,275.57058166073574,0.0,0.0,0.0,65.0,35.0,55.0
780.8437974196403,265.10343768707224,267.28029666983076,0.0,0.0,0.0,65.0,35.0,55.0
793.4618058019379,269.30421563298,271.43492970648424,0.0,0.0,0.0,65.0,35.0,55.0
886.9546025143383,300.4297678304003,302.21857242900865,0.0,0.0,0.0,65.0,35.0,55.0
986.4919028365468,333.5676516643778,334.9924416299614,0.0,0.0,0.0,65.0,35.0,55.0
1020.2354641792043,344.80153295609483,346.10292043779214,0.0,0.0,0.0,65.0,35.0,55.0
1027.8038716569588,347.32120153253976,348.5949108366928,0.0,0.0,0.0,65.0,35.0,55.0
1026.0636372076926,346.74184397675924,348.0219174358811,0.0,0.0,0.0,65.0,35.0,55.0
1027.83519995358,347.3316313257007,348.6052260601561,0.0,0.0,0.0,65.0,35.0,55.0
1058.2181942940697,357.4467151558264,358.60919722699634,0.0,0.0,0.0,65.0,35.0,55.0
1085.959324806893,366.6822716495365,367.74330253194984,0.0,0.0,0.0,65.0,35.0,55.0
1139.9008159175548,380.0,373.0,0.0,0.0,0.0,65.0,35.0,55.0
1150.0,380.0,373.0,0.0,0.0,0.0,176.57791178213682,35.0,55.0
1150.0,380.0,373.0,0.0,0.0,0.0,297.0,35.0,56.28243896521287
1150.0,380.0,373.0,0.0,250.0,0.0,244.43036020418126,35.0,55.0
1150.0,380.0,373.0,0.0,250.0,442.3968629356207,65.0,35.0,55.0
1150.0,380.0,373.0,0.0,250.0,467.1951346933571,65.0,35.0,55.0
1150.0,380.0,373.0,0.0,250.0,388.0145008590894,65.0,35.0,55.0
1150.0,380.0,373.0,0.0,239.23440482718192,159.83060659772636,65.0,35.0,55.0
1033.3783392226278,349.1770491196197,350.4303722192177,0.0,152.6603774185437,143.25,65.0,35.0,55.0
991.5313457477812,335.24537924227945,336.6517396246209,0.0,144.53356999009523,0.0,65.0,35.0,55.0
901.6069076870292,305.3078023475198,307.0430224760537,0.0,127.06998346815209,0.0,65.0,35.0,55.0
841.483557180163,285.29158130920905,287.246676593088,0.0,115.39385452913749,0.0,65.0,35.0,55.0
791.5108073788195,268.6546906921158,270.79253969868256,0.0,112.5,0.0,65.0,35.0,55.0
824.3803694532311,279.5976007988764,281.6152435959371,0.0,0.0,0.0,65.0,35.0,55.0
793.6893968190323,269.37998506475805,271.5098668225344,0.0,0.0,0.0,65.0,35.0,55.0
806.2221945192218,273.5523947338895,275.63644320363375,0.0,0.0,0.0,65.0,35.0,55.0
897.8710296863273,304.06405662803144,305.8129391148476,0.0,0.0,0.0,65.0,35.0,55.0
993.3037687712555,335.8354529941939,337.2353315057757,0.0,0.0,0.0,65.0,35.0,55.0
1024.4909184415976,346.21825561736364,347.50408061528185,0.0,0.0,0.0,65.0,35.0,55.0
1012.2867822838704,342.1552637039837,343.4857200524655,0.0,0.0,0.0,65.0,35.0,55.0
1014.8236682625404,342.9998418931558,344.321020678196,0.0,0.0,0.0,65.0,35.0,55.0
1040.6761191038083,351.60662055832324,352.83325518378393,0.0,0.0,0.0,65.0,35.0,55.0
1087.1323993772394,367.0728107611549,368.12955163059974,0.0,0.0,0.0,65.0,35.0,55.0
1150.0,380.0,373.0,0.0,0.0,0.0,78.98471490087171,35.0,55.0
1150.0,380.0,373.0,0.0,0.0,0.0,128.60978287538722,35.0,55.0
1150.0,380.0,373.0,0.0,0.0,0.0,259.0916155083655,35.0,55.0
1150.0,380.0,373.0,0.0,0.0,0.0,297.0,35.0,165.3330611275517
1150.0,380.0,373.0,0.0,250.0,0.0,297.0,35.0,100.58778696979533
1150.0,380.0,373.0,0.0,250.0,513.0302949203294,65.0,35.0,55.0
1150.0,380.0,373.0,0.0,250.0,510.36605051200405,65.0,35.0,55.0
1150.0,380.0,373.0,0.0,250.0,414.5718024750102,65.0,35.0,55.0
1150.0,380.0,373.0,0.0,242.0802955582369,180.29852909263172,65.0,35.0,55.0
1044.106387865195,352.74862307764204,353.96271297845874,0.0,154.7437955607234,143.25,65.0,35.0,55.0
1000.4311322493493,338.2082895310002,339.58210279274596,0.0,146.26193432518235,0.0,65.0,35.0,55.0
909.2319097127364,307.84631233868686,309.55364731959054,0.0,128.55078096299957,0.0,65.0,35.0,55.0
847.2488090409462,287.21094466161884,289.1449560298842,0.0,116.51348315137653,0.0,65.0,35.0,55.0
795.738612725111,270.0622084968439,272.184596133586,0.0,112.5,0.0,65.0,35.0,55.0
829.3035506326964,281.2366226076922,283.2362609985197,0.0,0.0,0.0,65.0,35.0,55.0
799.8389144061503,271.42727787637,273.5346704328067,0.0,0.0,0.0,65.0,35.0,55.0
813.3337667369192,275.91997405605457,277.978015025669,0.0,0.0,0.0,65.0,35.0,55.0
909.3285715090617,307.8784929118735,309.5854743940565,0.0,0.0,0.0,65.0,35.0,55.0
1007.8016325544459,340.6620709990324,342.00892984313685,0.0,0.0,0.0,65.0,35.0,55.0
1037.5038731222085,350.550518790536,351.78875453390043,0.0,0.0,0.0,65.0,35.0,55.0
1027.7151950232583,347.29167937374257,348.5657129743369,0.0,0.0,0.0,65.0,35.0,55.0
1022.8630869853082,345.67631918222634,346.96809726977295,0.0,0.0,0.0,65.0,35.0,55.0
1046.9552224220024,353.6970549549394,354.9007264752858,0.0,0.0,0.0,65.0,35.0,55.0
1091.0868102798456,368.38931029146363,369.4315896130376,0.0,0.0,0.0,65.0,35.0,55.0
1130.9329045414054,380.0,373.0,0.0,0.0,0.0,65.0,35.0,55.0
1150.0,380.0,373.0,0.0,0.0,0.0,128.60679020418004,35.0,55.0
1150.0,380.0,373.0,0.0,0.0,0.0,248.2048545943203,35.0,55.0
1150.0,380.0,373.0,0.0,0.0,0.0,297.0,35.0,122.23683159848414
1150.0,380.0,373.0,0.0,250.0,0.0,292.62447703723814,35.0,55.0
1150.0,380.0,373.0,0.0,250.0,465.22584668466556,65.0,35.0,55.0
1150.0,380.0,373.0,0.0,250.0,467.0577320871422,65.0,35.0,55.0
1150.0,380.0,373.0,0.0,250.0,373.1475187663536,65.0,35.0,55.0
1150.0,380.0,373.0,0.0,235.35296819894964,143.25,65.0,35.0,55.0
1096.2350959447854,370.1032737178038,371.12672541083083,0.0,164.86734176748445,0.0,65.0,35.0,55.0
975.0988620933377,329.77468903185604,331.2411441172666,0.0,141.3423340340149,0.0,65.0,35.0,55.0
884.1231430464856,299.48712045476736,301.2862798919717,0.0,123.67458569737984,0.0,65.0,35.0,55.0
824.4183897758329,279.6102584963389,281.6277622505108,0.0,112.5,0.0,65.0,35.0,55.0
842.625466916337,285.6717450474633,287.62266429027807,0.0,0.0,0.0,65.0,35.0,55.0
812.0768338322629,275.5015168902808,277.5641545484586,0.0,0.0,0.0,65.0,35.0,55.0
780.8634020823589,265.1099644567724,267.28675174395465,0.0,0.0,0.0,65.0,35.0,55.0
794.4942969256432,269.6479518083254,271.7748899920247,0.0,0.0,0.0,65.0,35.0,55.0
888.9995194209047,301.1105600427727,302.89188624207844,0.0,0.0,0.0,65.0,35.0,55.0
990.93404755567,335.04652717335296,336.4550719155425,0.0,0.0,0.0,65.0,35.0,55.0
1106.7667637837797,373.60946872507145,373.0,0.0,0.0,0.0,65.0,35.0,55.0
1121.1663525868441,378.40336909677495,373.0,0.0,0.0,0.0,65.0,35.0,55.0
1146.9900384290347,380.0,373.0,0.0,0.0,0.0,65.0,35.0,55.0
1146.669870092847,380.0,373.0,0.0,0.0,0.0,65.0,35.0,55.0
1150.0,380.0,373.0,0.0,0.0,0.0,82.15109487324928,35.0,55.0
1129.8424281968203,380.0,373.0,0.0,0.0,0.0,65.0,35.0,55.0
1150.0,380.0,373.0,0.0,0.0,0.0,76.31342743812829,35.0,55.0
1150.0,380.0,373.0,0.0,0.0,0.0,216.13512545662113,35.0,55.0
1150.0,380.0,373.0,0.0,0.0,0.0,297.0,35.0,92.902219961192
1150.0,380.0,373.0,0.0,250.0,0.0,243.9290640389012,35.0,55.0
1150.0,380.0,373.0,0.0,250.0,382.12902546811506,65.0,35.0,55.0
1150.0,380.0,373.0,0.0,250.0,368.4375724796487,65.0,35.0,55.0
1150.0,380.0,373.0,0.0,250.0,270.1106318258543,65.0,35.0,55.0
1120.8196271109484,378.28793750976865,373.0,0.0,169.64172897946395,143.25,65.0,35.0,55.0
1049.686034052485,354.60619472757213,355.79987948526457,0.0,155.82737902318263,0.0,65.0,35.0,55.0
932.5711716625899,315.6164020313089,317.2383837542254,0.0,133.08333328369574,0.0,65.0,35.0,55.0
844.5653886622102,286.31758234919494,288.2614071671044,0.0,115.99235513579593,0.0,65.0,35.0,55.0
782.1005626929128,265.5218390451307,267.69410195236514,0.0,112.5,0.0,65.0,35.0,55.0
799.5985757896268,271.34726452329136,273.4555360142884,0.0,0.0,0.0,65.0,35.0,55.0
770.7614058085497,261.74681538673406,263.9605463568826,0.0,0.0,0.0,65.0,35.0,55.0
740.5994513202328,251.70531997944343,254.02935525520243,0.0,0.0,0.0,65.0,35.0,55.0
753.8842492098213,256.12808499113254,258.4035368633541,0.0,0.0,0.0,65.0,35.0,55.0
902.8732756834255,305.72940063700327,307.45998957220576,0.0,0.0,0.0,65.0,35.0,55.0
1100.1458808437246,371.4052493114879,372.4143989998874,0.0,0.0,0.0,65.0,35.0,55.0
1150.0,380.0,373.0,0.0,0.0,0.0,177.69407086932716,35.0,55.0
1150.0,380.0,373.0,0.0,0.0,0.0,212.03710116613487,35.0,55.0
1150.0,380.0,373.0,0.0,0.0,0.0,210.01432177152236,35.0,55.0
1150.0,380.0,373.0,0.0,0.0,0.0,228.2630247292663,35.0,55.0
1150.0,380.0,373.0,0.0,0.0,0.0,239.33366977416838,35.0,55.0
1150.0,380.0,373.0,0.0,0.0,0.0,200.07865059286482,35.0,55.0
1150.0,380.0,373.0,0.0,0.0,0.0,102.62715875152516,35.0,55.0
1150.0,380.0,373.0,0.0,0.0,0.0,144.98635524548533,35.0,55.0
1150.0,380.0,373.0,0.0,0.0,0.0,253.8416897988536,35.0,55.0
1150.0,380.0,373.0,0.0,0.0,0.0,297.0,35.0,173.6954332732887
1150.0,380.0,373.0,0.0,250.0,0.0,297.0,35.0,144.26254148340522
1150.0,380.0,373.0,0.0,250.0,0.0,297.0,35.0,141.82593620634103
1150.0,380.0,373.0,0.0,250.0,0.0,294.83817092515596,35.0,55.0
1150.0,380.0,373.0,0.0,250.0,0.0,65.5434083742221,35.0,55.0
1037.7706398132475,350.6393305584844,351.87659071803427,0.0,153.51337492454812,0.0,65.0,35.0,55.0
926.4531164509025,313.5795836502751,315.22393951449845,0.0,131.89518922809268,0.0,65.0,35.0,55.0
772.6334908789783,262.3700685530382,264.5769531815872,0.0,112.5,0.0,65.0,35.0,55.0
782.8653781963717,265.7764608524934,267.945926777753,0.0,0.0,0.0,65.0,35.0,55.0
737.7108096953361,250.74363556270768,253.07823479607472,0.0,0.0,0.0,65.0,35.0,55.0
708.152892521628,240.9032358079825,243.34593034168554,0.0,0.0,0.0,65.0,35.0,55.0
670.6782982059266,228.42722179977383,231.00696345705188,0.0,0.0,0.0,65.0,35.0,55.0
680.2545555078566,231.61534224314926,234.1600628804054,0.0,0.0,0.0,65.0,35.0,55.0
826.0520310932934,280.154129146127,282.1656585636156,0.0,0.0,0.0,65.0,35.0,55.0
993.6498171270194,335.95065915487055,337.3492721442328,0.0,0.0,0.0,65.0,35.0,55.0
1078.3291618067742,364.142043470615,365.2309783746907,0.0,0.0,0.0,65.0,35.0,55.0
1096.388606834593,370.1543804488205,371.1772707421508,0.0,0.0,0.0,65.0,35.0,55.0
1091.1229479697981,368.4013412242677,369.44348838786766,0.0,0.0,0.0,65.0,35.0,55.0
1098.6716965188657,370.91446496482683,371.9290058449131,0.0,0.0,0.0,65.0,35.0,55.0
1098.2613779505857,370.7778620129025,371.79390345571824,0.0,0.0,0.0,65.0,35.0,55.0
1062.200503617358,358.77250260755466,359.92042110444424,0.0,0.0,0.0,65.0,35.0,55.0
1005.2798949563877,339.82253599744286,341.17861700633745,0.0,0.0,0.0,65.0,35.0,55.0
1045.7830068607097,353.3068018239749,354.5147602158357,0.0,0.0,0.0,65.0,35.0,55.0
1127.9686756860222,380.0,373.0,0.0,0.0,0.0,65.0,35.0,55.0
1150.0,380.0,373.0,0.0,0.0,0.0,231.30440389974697,35.0,55.0
1150.0,380.0,373.0,0.0,250.0,0.0,215.34424003890186,35.0,55.0
1150.0,380.0,373.0,0.0,250.0,0.0,231.29544766701923,35.0,55.0
1150.0,380.0,373.0,0.0,250.0,0.0,153.89249481116602,35.0,55.0
1110.9986880135123,375.0183577854048,373.0,0.0,167.73447414025168,0.0,65.0,35.0,55.0
975.5613356175113,329.92865537282313,331.3934191613064,0.0,141.43214773291237,0.0,65.0,35.0,55.0
869.1272058764281,294.49468422920785,296.3486848219202,0.0,120.76233123247012,0.0,65.0,35.0,55.0
783.1100175240364,265.85790599511967,268.02647725782765,0.0,112.5,0.0,65.0,35.0,55.0
792.4381805847204,268.96343108861447,271.09788862870454,0.0,0.0,0.0,65.0,35.0,55.0
745.7666854628724,253.42559171885637,255.73073007020514,0.0,0.0,0.0,65.0,35.0,55.0
710.7661654680701,241.77324468953088,244.20638230748966,0.0,0.0,0.0,65.0,35.0,55.0
677.9556052134235,230.8499774246299,233.40310547845314,0.0,0.0,0.0,65.0,35.0,55.0
678.391684602324,230.99515664975456,233.54668993178663,0.0,0.0,0.0,65.0,35.0,55.0
790.7119518762532,268.3887363136217,270.5295067887401,0.0,0.0,0.0,65.0,35.0,55.0
953.5209895442038,322.5909997856847,324.13636660902665,0.0,0.0,0.0,65.0,35.0,55.0
1041.4490731151225,351.86395183165513,353.0877597120679,0.0,0.0,0.0,65.0,35.0,55.0
1055.1871524877017,356.437622976812,357.6111897726757,0.0,0.0,0.0,65.0,35.0,55.0
1048.996390052934,354.376598961262,355.5728057936601,0.0,0.0,0.0,65.0,35.0,55.0
1058.7193904008911,357.6135729901471,358.7742221532885,0.0,0.0,0.0,65.0,35.0,55.0
1065.969771086206,360.02736432389173,361.1614983549579,0.0,0.0,0.0,65.0,35.0,55.0
1036.351523483096,350.16687940757674,351.40932937143583,0.0,0.0,0.0,65.0,35.0,55.0
982.7001854029966,332.30531592252504,333.7439724549699,0.0,0.0,0.0,65.0,35.0,55.0
1021.5158308015918,345.2277916577096,346.5244967521543,0.0,0.0,0.0,65.0,35.0,55.0
1068.1112484433509,360.7403033695001,361.8666058731714,0.0,0.0,0.0,65.0,35.0,55.0
1150.0,380.0,373.0,0.0,0.0,0.0,142.2135398997465,35.0,55.0
1150.0,380.0,373.0,0.0,0.0,0.0,297.0,35.0,179.39290860551293
1150.0,380.0,373.0,0.0,250.0,0.0,220.56212930890945,35.0,55.0
1150.0,380.0,373.0,0.0,250.0,0.0,157.30985216428905,35.0,55.0
1112.9894930730513,375.6811351219967,373.0,0.0,168.1210942532636,0.0,65.0,35.0,55.0
977.6165551484585,330.6128775272254,332.0701252390126,0.0,141.83127732298038,0.0,65.0,35.0,55.0
869.7583601022792,294.7048076236527,296.55650004271394,0.0,120.88490321256295,0.0,65.0,35.0,55.0
854.906033971843,289.7601822783646,291.6661906576582,0.0,118.00053842781158,0.0,65.0,35.0,55.0
795.0576814648026,269.8355133691884,271.9603912175601,0.0,112.5,0.0,65.0,35.0,55.0
814.7060723484542,276.37684101741036,278.4298633726765,0.0,0.0,0.0,65.0,35.0,55.0
779.0591998404284,264.5093107911359,266.692696167827,0.0,0.0,0.0,65.0,35.0,55.0
745.5560229889097,253.35545812504026,255.66136688329078,0.0,0.0,0.0,65.0,35.0,55.0
752.0913475721682,255.53119351424925,257.8132021489062,0.0,0.0,0.0,65.0,35.0,55.0
850.9289387526871,288.4361307022978,290.3566835875406,0.0,0.0,0.0,65.0,35.0,55.0
1031.1140621288946,348.42322767723397,349.6848313911612,0.0,0.0,0.0,65.0,35.0,55.0
1150.0,380.0,373.0,0.0,0.0,0.0,65.04605594849082,35.0,55.0
1150.0,380.0,373.0,0.0,0.0,0.0,117.53164492074498,35.0,55.0
1150.0,380.0,373.0,0.0,0.0,0.0,119.48482548425433,35.0,55.0
1150.0,380.0,373.0,0.0,0.0,0.0,132.81691694426559,35.0,55.0
1150.0,380.0,373.0,0.0,0.0,0.0,130.7307460395263,35.0,55.0
1145.2921763354882,380.0,373.0,0.0,0.0,0.0,65.0,35.0,55.0
1078.3672537236491,364.1547250031895,365.2435206025513,0.0,0.0,0.0,65.0,35.0,55.0
1150.0,380.0,373.0,0.0,0.0,0.0,114.04410923134579,35.0,55.0
1150.0,380.0,373.0,0.0,0.0,0.0,230.06743506539667,35.0,55.0
1150.0,380.0,373.0,0.0,0.0,0.0,297.0,35.0,148.51960147229016
1150.0,380.0,373.0,0.0,250.0,0.0,297.0,35.0,148.17579846429138
1150.0,380.0,373.0,0.0,250.0,0.0,297.0,35.0,178.86001984363375
1150.0,380.0,373.0,0.0,250.0,0.0,297.0,35.0,95.69493048814302
1150.0,380.0,373.0,0.0,250.0,0.0,100.53704405209949,35.0,55.0
1037.6990009487838,350.61548060112256,351.85300274884037,0.0,153.49946244942038,0.0,65.0,35.0,55.0
897.7147277692247,304.01202071028797,305.7614748037763,0.0,126.31411084643354,0.0,65.0,35.0,55.0
779.309931915719,264.5927843267606,266.7752527593104,0.0,112.5,0.0,65.0,35.0,55.0
759.2921490805376,257.9284789853586,260.18415380234046,0.0,0.0,0.0,65.0,35.0,55.0
690.8934953183102,235.1572501552009,237.66306347069587,0.0,0.0,0.0,65.0,35.0,55.0
637.9529855356348,217.53233509711765,220.231755434084,0.0,0.0,0.0,65.0,35.0,55.0
604.2620846140376,206.31598547353002,209.13861571166453,0.0,0.0,0.0,65.0,35.0,55.0
634.2280259115971,216.29222431545045,219.00526708145784,0.0,0.0,0.0,65.0,35.0,55.0
807.8886810991048,274.10720020396235,276.18515421967925,0.0,0.0,0.0,65.0,35.0,55.0
1056.931009616605,357.01818659239717,358.18537598490786,0.0,0.0,0.0,65.0,35.0,55.0
1150.0,380.0,373.0,0.0,0.0,0.0,190.93679883536606,35.0,55.0
1150.0,380.0,373.0,0.0,0.0,0.0,293.3724035791931,35.0,55.0
1150.0,380.0,373.0,0.0,0.0,0.0,297.0,35.0,90.24752651764031
1150.0,380.0,373.0,0.0,0.0,0.0,297.0,35.0,145.62082018311625
1150.0,380.0,373.0,0.0,0.0,0.0,297.0,35.0,191.76178037223227
1150.0,380.0,373.0,0.0,0.0,0.0,297.0,35.0,150.96560300017737
1150.0,380.0,373.0,0.0,0.0,0.0,273.1146992837682,35.0,55.0
1150.0,380.0,373.0,0.0,0.0,0.0,124.52605238430034,35.0,55.0
1150.0,380.0,373.0,0.0,0.0,0.0,213.8602590573549,35.0,55.0
1150.0,380.0,373.0,0.0,0.0,0.0,297.0,35.0,134.02760794106442
1150.0,380.0,373.0,0.0,250.0,0.0,297.0,35.0,97.02869174965222
1150.0,380.0,373.0,0.0,250.0,0.0,297.0,35.0,95.58552823614116
1150.0,380.0,373.0,0.0,250.0,0.0,256.3594185940114,35.0,55.0
1150.0,380.0,373.0,0.0,215.99448499004413,0.0,65.0,35.0,55.0
1017.237278199388,343.80337911436715,345.1157311647804,0.0,149.52573658214638,0.0,65.0,35.0,55.0
898.2590330226751,304.1932304095733,305.940693941971,0.0,126.41981650434997,0.0,65.0,35.0,55.0
803.274467194816,272.5710395501121,274.66586805786,0.0,112.5,0.0,65.0,35.0,55.0
803.6076129576059,272.68195018915276,274.77556036033536,0.0,0.0,0.0,65.0,35.0,55.0
751.4193167766896,255.30746152271107,257.5919278193963,0.0,0.0,0.0,65.0,35.0,55.0
711.0862218864572,241.87979763378897,244.31176478379945,0.0,0.0,0.0,65.0,35.0,55.0
678.358640492882,230.9841556294683,233.5358097560414,0.0,0.0,0.0,65.0,35.0,55.0
733.109917290489,249.21190989252253,251.56333490029695,0.0,0.0,0.0,65.0,35.0,55.0
984.7402302877003,332.9844861450103,334.41568209546574,0.0,0.0,0.0,65.0,35.0,55.0
1150.0,380.0,373.0,0.0,0.0,0.0,185.3541091921535,35.0,55.0
1150.0,380.0,373.0,0.0,0.0,0.0,297.0,35.0,136.20113819488452
1150.0,380.0,373.0,0.0,0.0,0.0,297.0,35.0,199.4375464872027
1150.0,380.0,373.0,0.0,250.0,0.0,221.52985601335126,35.0,55.0
1150.0,380.0,373.0,0.0,250.0,0.0,269.8581045646393,35.0,55.0
1150.0,380.0,373.0,0.0,250.0,0.0,297.0,35.0,76.33759052333805
1150.0,380.0,373.0,0.0,250.0,0.0,279.7855221569907,35.0,55.0
1150.0,380.0,373.0,0.0,250.0,0.0,165.24040629069722,35.0,55.0
1150.0,380.0,373.0,0.0,221.93711492271018,0.0,65.0,35.0,55.0
1140.1049918405968,380.0,373.0,0.0,173.38700270956954,0.0,65.0,35.0,55.0
1150.0,380.0,373.0,0.0,236.0325517757844,0.0,65.0,35.0,55.0
1150.0,380.0,373.0,0.0,250.0,0.0,250.26686777258882,35.0,55.0
1150.0,380.0,373.0,0.0,250.0,0.0,243.36298259884742,35.0,55.0
1150.0,380.0,373.0,0.0,250.0,0.0,161.68116079261765,35.0,55.0
1120.5303287191873,378.1916245048096,373.0,0.0,169.58554639323785,0.0,65.0,35.0,55.0
989.7942746443014,334.6670748252203,336.0797877939613,0.0,144.19622574681074,0.0,65.0,35.0,55.0
885.6181368330456,299.98483267190784,301.7785248158178,0.0,123.96491782404512,0.0,65.0,35.0,55.0
803.832731145623,272.75689636851746,274.8496832672753,0.0,112.5,0.0,65.0,35.0,55.0
812.3164698427437,275.58129633227935,277.64305762537464,0.0,0.0,0.0,65.0,35.0,55.0
767.1235189745022,260.5356928134114,262.7627277815245,0.0,0.0,0.0,65.0,35.0,55.0
732.1772898603713,248.90142026361377,251.25625595291785,0.0,0.0,0.0,65.0,35.0,55.0
698.464216219098,237.67768891471783,240.1558155923242,0.0,0.0,0.0,65.0,35.0,55.0
788.2735797369457,267.57695527842367,269.7266430452166,0.0,0.0,0.0,65.0,35.0,55.0
1004.6277097332235,339.6054109790478,340.96387707337175,0.0,0.0,0.0,65.0,35.0,55.0
1150.0,380.0,373.0,0.0,0.0,0.0,195.06285604870882,35.0,55.0
1150.0,380.0,373.0,0.0,0.0,0.0,297.0,35.0,133.77432788582632
1150.0,380.0,373.0,0.0,0.0,0.0,297.0,35.0,173.0941383105527
1150.0,380.0,373.0,0.0,0.0,0.0,297.0,35.0,135.3985257729188
1150.0,380.0,373.0,0.0,0.0,0.0,297.0,35.0,114.53294508492503
1150.0,380.0,373.0,0.0,0.0,0.0,297.0,35.0,101.09341678135245
1150.0,380.0,373.0,0.0,0.0,0.0,262.3066450174063,35.0,55.0
1150.0,380.0,373.0,0.0,0.0,0.0,130.9556495805948,35.0,55.0
1091.1279686198934,368.40301269535524,369.44514149809856,0.0,0.0,0.0,65.0,35.0,55.0
1150.0,380.0,373.0,0.0,0.0,0.0,140.33989916558176,35.0,55.0
1150.0,380.0,373.0,0.0,0.0,0.0,297.0,35.0,124.79606783990005
1150.0,380.0,373.0,0.0,250.0,0.0,297.0,35.0,147.79575497384772
1150.0,380.0,373.0,0.0,250.0,0.0,297.0,35.0,171.94064278275658
1150.0,380.0,373.0,0.0,250.0,0.0,297.0,35.0,90.46678991859024
1150.0,380.0,373.0,0.0,250.0,0.0,92.03261621031868,35.0,55.0
1039.0184789345637,351.0547602286865,352.2874569562531,0.0,153.7557088988327,0.0,65.0,35.0,55.0
917.5416130828028,310.61277259108164,312.2897184252734,0.0,130.16454944356317,0.0,65.0,35.0,55.0
830.1643317629506,281.52319322000045,283.5196836760715,0.0,113.1956281437658,0.0,65.0,35.0,55.0
834.4522926191195,282.9507379522405,284.93154704572254,0.0,0.0,0.0,65.0,35.0,55.0
779.3041594107488,264.5908625487084,266.77335209169894,0.0,0.0,0.0,65.0,35.0,55.0
730.7133335278988,248.41404101255463,250.77423048908628,0.0,0.0,0.0,65.0,35.0,55.0
690.2031226300098,234.92741179437542,237.43574984944007,0.0,0.0,0.0,65.0,35.0,55.0
749.9746468170435,254.82650307651832,257.11625262886247,0.0,0.0,0.0,65.0,35.0,55.0
942.7031412810135,318.9895298048959,320.57445823029957,0.0,0.0,0.0,65.0,35.0,55.0
1119.6212926682072,377.88898890025973,373.0,0.0,0.0,0.0,65.0,35.0,55.0
1150.0,380.0,373.0,0.0,0.0,0.0,151.15487593534291,35.0,55.0
1150.0,380.0,373.0,0.0,0.0,0.0,130.67712178646133,35.0,55.0
1150.0,380.0,373.0,0.0,0.0,0.0,85.95423171082462,35.0,55.0
1150.0,380.0,373.0,0.0,0.0,0.0,73.24160813600058,35.0,55.0
1146.6456367418034,380.0,373.0,0.0,0.0,0.0,65.0,35.0,55.0
1099.5214609822608,371.1973679166155,372.20880115064045,0.0,0.0,0.0,65.0,35.0,55.0
1081.333560876346,365.1422657695532,366.2202133832239,0.0,0.0,0.0,65.0,35.0,55.0
1115.1449037640994,376.3987128427431,373.0,0.0,0.0,0.0,65.0,35.0,55.0
1150.0,380.0,373.0,0.0,0.0,0.0,186.18792000726336,35.0,55.0
1150.0,380.0,373.0,0.0,0.0,0.0,297.0,35.0,90.90288904056601
1150.0,380.0,373.0,0.0,250.0,0.0,297.0,35.0,66.1151802439182
1150.0,380.0,373.0,0.0,250.0,0.0,297.0,35.0,81.13085869080186
1150.0,380.0,373.0,0.0,250.0,0.0,200.68803354764245,35.0,55.0
1129.5109518623635,380.0,373.0,0.0,171.3296094384344,0.0,65.0,35.0,55.0
993.4954212222117,335.89925778531966,337.29843541093834,0.0,144.914999140202,0.0,65.0,35.0,55.0
891.1087600308363,301.81276685452633,303.5863794184,0.0,125.03121276390591,0.0,65.0,35.0,55.0
740.148254290695,251.55510780066567,253.8807931344491,0.0,112.5,0.0,65.0,35.0,55.0
751.2598522164662,255.25437270017707,257.5394221695341,0.0,0.0,0.0,65.0,35.0,55.0
699.9395408437314,238.16885288912994,240.64158420489616,0.0,0.0,0.0,65.0,35.0,55.0
643.9514354006463,219.529334555283,222.20681815577706,0.0,0.0,0.0,65.0,35.0,55.0
583.6078678162727,199.43979901166543,202.33796311623712,0.0,0.0,0.0,65.0,35.0,55.0
641.9853168151529,218.87477582123054,221.5594496502426,0.0,0.0,0.0,65.0,35.0,55.0
730.7729953975268,248.4339035977227,250.79387488676574,0.0,0.0,0.0,65.0,35.0,55.0
805.0335496777176,273.1566719792024,275.24506740344884,0.0,0.0,0.0,65.0,35.0,55.0
837.5820477382938,283.9926936937793,285.96205706131263,0.0,0.0,0.0,65.0,35.0,55.0
883.8521295353523,299.39689483863856,301.19704539056545,0.0,0.0,0.0,65.0,35.0,55.0
914.7956718775432,309.6985958916909,311.38558381841386,0.0,0.0,0.0,65.0,35.0,55.0
968.4102037980216,327.54790589751474,329.03882185826467,0.0,0.0,0.0,65.0,35.0,55.0
1000.825936551346,338.33972748495694,339.7120969206932,0.0,0.0,0.0,65.0,35.0,55.0
975.9124231632998,330.04553917688685,331.50901901449214,0.0,0.0,0.0,65.0,35.0,55.0
938.2887416182721,317.51989115941177,319.1209633426636,0.0,0.0,0.0,65.0,35.0,55.0
1004.3118582428646,339.50025793629476,340.8598791208611,0.0,0.0,0.0,65.0,35.0,55.0
1092.9527132658868,369.01050532284125,370.045960911116,0.0,0.0,0.0,65.0,35.0,55.0
1150.0,380.0,373.0,0.0,0.0,0.0,186.3930024302616,35.0,55.0
1150.0,380.0,373.0,0.0,0.0,0.0,297.0,35.0,176.55458637278994
1150.0,380.0,373.0,0.0,0.0,0.0,297.0,35.0,197.02468909945836
1150.0,380.0,373.0,0.0,0.0,0.0,297.0,35.0,126.34820345804391
1150.0,380.0,373.0,0.0,0.0,0.0,156.90060193916855,35.0,55.0
1041.657180304577,351.9332347220574,353.15628154041656,0.0,0.0,0.0,65.0,35.0,55.0
924.1461541465098,312.8115514793717,314.46434406062394,0.0,0.0,0.0,65.0,35.0,55.0
840.0300003732464,284.80766426044676,286.7680752997856,0.0,0.0,0.0,65.0,35.0,55.0
777.8479528588329,264.1060633488159,266.29387833756283,0.0,0.0,0.0,65.0,35.0,55.0
725.3054661954503,246.61365785094443,248.99362426372105,0.0,0.0,0.0,65.0,35.0,55.0
696.8703134060207,237.14704797819024,239.6310036660842,0.0,0.0,0.0,65.0,35.0,55.0
664.474544253419,226.36187265782098,228.9643018624917,0.0,0.0,0.0,65.0,35.0,55.0
677.3255466418568,230.6402187945928,233.19565101518538,0.0,0.0,0.0,65.0,35.0,55.0
765.1493441815554,259.87845201277815,262.1127066715043,0.0,0.0,0.0,65.0,35.0,55.0
860.9262884988541,291.7644409283509,293.64843283004996,0.0,0.0,0.0,65.0,35.0,55.0
896.7471360242939,303.689890787752,305.4428834296318,0.0,0.0,0.0,65.0,35.0,55.0
887.1726625241507,300.50236420633786,302.29037134475595,0.0,0.0,0.0,65.0,35.0,55.0
874.9701245585435,296.4399043618873,298.27253700617246,0.0,0.0,0.0,65.0,35.0,55.0
889.8209269291627,301.3840224181928,303.1623446747382,0.0,0.0,0.0,65.0,35.0,55.0
917.1298985790048,310.4757049053452,312.1541564072969,0.0,0.0,0.0,65.0,35.0,55.0
929.6397262755224,314.64046741797466,316.2731696347498,0.0,0.0,0.0,65.0,35.0,55.0
958.7959419773024,324.34713301807034,325.87320898393534,0.0,0.0,0.0,65.0,35.0,55.0
1025.1797112946658,346.44756802062113,347.7308740565339,0.0,0.0,0.0,65.0,35.0,55.0
1118.9778572041955,377.67477684516024,373.0,0.0,0.0,0.0,65.0,35.0,55.0
1150.0,380.0,373.0,0.0,0.0,0.0,225.40119043073554,35.0,55.0
1150.0,380.0,373.0,0.0,250.0,0.0,229.9457135701278,35.0,55.0
1150.0,380.0,373.0,0.0,250.0,0.0,276.71140686293217,35.0,55.0
1150.0,380.0,373.0,0.0,250.0,0.0,219.12782550411168,35.0,55.0
1150.0,380.0,373.0,0.0,194.95334277602277,0.0,65.0,35.0,55.0
1016.9073545901026,343.69354119226966,345.00709979561503,0.0,149.46166446092286,0.0,65.0,35.0,55.0
912.1782898987279,308.82721903414745,310.5237789036237,0.0,129.12297653535154,0.0,65.0,35.0,55.0
901.0541617209494,305.12378257247707,306.86102413035803,0.0,126.96263859937717,0.0,65.0,35.0,55.0
844.379921096334,286.2558366254001,288.20033971073,0.0,115.95633679691562,0.0,65.0,35.0,55.0
794.4784914859854,269.642689873135,271.7696858583951,0.0,112.5,0.0,65.0,35.0,55.0
824.3780194840851,279.5968184488999,281.61446983995654,0.0,0.0,0.0,65.0,35.0,55.0
788.7529349128422,267.73654184629976,269.8844765788243,0.0,0.0,0.0,65.0,35.0,55.0
795.0302066344241,269.82636646913693,271.95134479481976,0.0,0.0,0.0,65.0,35.0,55.0
889.9464763546553,301.42582023935057,303.2036833531636,0.0,0.0,0.0,65.0,35.0,55.0
991.5891503168289,335.2646234963226,336.67077248344924,0.0,0.0,0.0,65.0,35.0,55.0
1025.0931858241038,346.4187620254527,347.7023844908578,0.0,0.0,0.0,65.0,35.0,55.0
1068.9157059611973,361.0081227667459,362.13148331491715,0.0,0.0,0.0,65.0,35.0,55.0
1097.0094939753903,370.36108573296167,371.3817054000647,0.0,0.0,0.0,65.0,35.0,55.0
1146.5292905882857,380.0,373.0,0.0,0.0,0.0,65.0,35.0,55.0
1150.0,380.0,373.0,0.0,0.0,0.0,117.00534318611483,35.0,55.0
1150.0,380.0,373.0,0.0,0.0,0.0,103.0382700773644,35.0,55.0
1139.6771233509387,380.0,373.0,0.0,0.0,0.0,65.0,35.0,55.0
1150.0,380.0,373.0,0.0,0.0,0.0,183.0977811547431,35.0,55.0
1150.0,380.0,373.0,0.0,0.0,0.0,297.0,35.0,67.75059790707904
1150.0,380.0,373.0,0.0,250.0,0.0,220.40141147229082,35.0,55.0
1150.0,380.0,373.0,0.0,250.0,373.39060996238004,65.0,35.0,55.0
1150.0,380.0,373.0,0.0,250.0,374.6902584498495,65.0,35.0,55.0
1150.0,380.0,373.0,0.0,250.0,278.867093296103,65.0,35.0,55.0
1121.082451275741,378.37543673481764,373.0,0.0,169.69277019407585,143.25,65.0,35.0,55.0
1037.0581510200511,350.402129320501,351.6419950997105,0.0,153.37500753572448,0.0,65.0,35.0,55.0
900.433401117085,304.91711941491724,306.6566311362714,0.0,126.84208509080061,0.0,65.0,35.0,55.0
790.0870664658332,268.18069992853776,270.32375565182565,0.0,112.5,0.0,65.0,35.0,55.0
774.0024408609025,262.82581836068505,265.0276966466501,0.0,0.0,0.0,65.0,35.0,55.0
703.4619560250267,239.34153272588412,241.80138233132237,0.0,0.0,0.0,65.0,35.0,55.0
646.2874134318917,220.30702662034355,222.97596739133508,0.0,0.0,0.0,65.0,35.0,55.0
628.0401119120813,214.2321485988415,216.96782098446312,0.0,0.0,0.0,65.0,35.0,55.0
641.7826041632983,218.80728887626523,221.49270403914247,0.0,0.0,0.0,65.0,35.0,55.0
734.8294665153403,249.78438093880845,252.12951743887743,0.0,0.0,0.0,65.0,35.0,55.0
944.9870633531957,319.74989143886467,321.3264674069255,0.0,0.0,0.0,65.0,35.0,55.0
1081.1463699948781,365.079946320816,366.15857850418877,0.0,0.0,0.0,65.0,35.0,55.0
1150.0,380.0,373.0,0.0,0.0,0.0,86.98151608098014,35.0,55.0
1150.0,380.0,373.0,0.0,0.0,0.0,168.1064170488234,35.0,55.0
1150.0,380.0,373.0,0.0,0.0,0.0,262.2023919712358,35.0,55.0
1150.0,380.0,373.0,0.0,0.0,0.0,297.0,35.0,100.28858104670155
1150.0,380.0,373.0,0.0,0.0,0.0,297.0,35.0,90.26879215239722
1150.0,380.0,373.0,0.0,0.0,0.0,257.0803402229242,35.0,55.0
1150.0,380.0,373.0,0.0,0.0,0.0,122.17646052243126,35.0,55.0
1150.0,380.0,373.0,0.0,0.0,0.0,242.6176568489461,35.0,55.0
1150.0,380.0,373.0,0.0,0.0,0.0,297.0,35.0,162.4555250068439
1150.0,380.0,373.0,0.0,250.0,0.0,297.0,35.0,141.00075047958336
1150.0,380.0,373.0,0.0,250.0,0.0,297.0,35.0,150.60515802498708
1150.0,380.0,373.0,0.0,250.0,0.0,297.0,35.0,72.99342087222186
1150.0,380.0,373.0,0.0,250.0,0.0,92.07200405778447,35.0,55.0
1046.7869086009882,353.64102004309865,354.8453070984615,0.0,155.26436045723977,0.0,65.0,35.0,55.0
926.2005272313544,313.4954918355684,315.1407714356351,0.0,131.84613566951379,0.0,65.0,35.0,55.0
829.1162552759166,281.1742683771121,283.1745917197149,0.0,112.99208865208094,0.0,65.0,35.0,55.0
812.6039276618783,275.6769965751714,277.73770661559854,0.0,0.0,0.0,65.0,35.0,55.0
752.2913168951324,255.59776715220502,257.879044485536,0.0,0.0,0.0,65.0,35.0,55.0
727.2265919939439,247.25323761988392,249.62617834580473,0.0,0.0,0.0,65.0,35.0,55.0
700.7404545347598,238.4354924781928,240.9052947984731,0.0,0.0,0.0,65.0,35.0,55.0
745.5293037496853,253.34656277583258,255.6525692481464,0.0,0.0,0.0,65.0,35.0,55.0
866.0282845729146,293.4629936585971,295.32832721591086,0.0,0.0,0.0,65.0,35.0,55.0
996.820037870928,337.0060866820351,338.39310595992475,0.0,0.0,0.0,65.0,35.0,55.0
1073.5956713724618,362.5661733632911,363.6724189617276,0.0,0.0,0.0,65.0,35.0,55.0
1060.5861501943182,358.2350532692011,359.3888755656408,0.0,0.0,0.0,65.0,35.0,55.0
1084.3860183365555,366.15848763208254,367.2252722025664,0.0,0.0,0.0,65.0,35.0,55.0
1150.0,380.0,373.0,0.0,0.0,0.0,87.28892779874174,35.0,55.0
1150.0,380.0,373.0,0.0,0.0,0.0,95.27884146078092,35.0,55.0
1150.0,380.0,373.0,0.0,0.0,0.0,78.75104624984364,35.0,55.0
1150.0,380.0,373.0,0.0,0.0,0.0,115.32354126005679,35.0,55.0
1150.0,380.0,373.0,0.0,0.0,0.0,198.1917044857236,35.0,55.0
1150.0,380.0,373.0,0.0,0.0,0.0,297.0,35.0,79.5633978610077
1150.0,380.0,373.0,0.0,250.0,0.0,249.6986770709597,35.0,55.0
1150.0,380.0,373.0,0.0,250.0,411.5829309432671,65.0,35.0,55.0
1150.0,380.0,373.0,0.0,250.0,412.2169065716035,65.0,35.0,55.0
1150.0,380.0,373.0,0.0,250.0,328.9750809120245,65.0,35.0,55.0
1150.0,380.0,373.0,0.0,205.90781189388085,143.25,65.0,35.0,55.0
1085.1095516383123,366.399365799624,367.463504359934,0.0,162.70672881521287,0.0,65.0,35.0,55.0
966.3039548935795,326.84669508212284,328.3453137374358,0.0,139.63433756333723,0.0,65.0,35.0,55.0
877.9497086891682,297.43186528984677,299.25360139363545,0.0,122.47568685117618,0.0,65.0,35.0,55.0
819.3630314877865,277.9272323830514,279.9632239240738,0.0,112.5,0.0,65.0,35.0,55.0
834.2039144994627,282.86804809377094,284.8497655228195,0.0,0.0,0.0,65.0,35.0,55.0
802.2595742894628,272.23316216050387,274.33170220018303,0.0,0.0,0.0,65.0,35.0,55.0
783.0828885216868,265.8488742278778,268.01754470318053,0.0,0.0,0.0,65.0,35.0,55.0
797.8184249425848,270.75461803011467,272.8693996530443,0.0,0.0,0.0,65.0,35.0,55.0
905.1367932427912,306.48296921577344,308.2052803143152,0.0,0.0,0.0,65.0,35.0,55.0
1026.3795478025559,346.8470166965398,348.1259348492701,0.0,0.0,0.0,65.0,35.0,55.0
1094.9897072568294,369.6886598440495,370.71666600765946,0.0,0.0,0.0,65.0,35.0,55.0
1101.8774727980317,371.98172961428827,372.98454675390695,0.0,0.0,0.0,65.0,35.0,55.0
1150.0,380.0,373.0,0.0,0.0,0.0,87.11509455888108,35.0,55.0
1150.0,380.0,373.0,0.0,0.0,0.0,90.84593558121885,35.0,55.0
1150.0,380.0,373.0,0.0,0.0,0.0,147.00785113081602,35.0,55.0
1150.0,380.0,373.0,0.0,0.0,0.0,208.82519176582957,35.0,55.0
1150.0,380.0,373.0,0.0,0.0,0.0,200.15549404981374,35.0,55.0
1150.0,380.0,373.0,0.0,0.0,0.0,297.0,35.0,58.439077250209884
1150.0,380.0,373.0,0.0,0.0,0.0,297.0,35.0,145.60955875680278
1150.0,380.0,373.0,0.0,250.0,0.0,297.0,35.0,55.393275603849006
1150.0,380.0,373.0,0.0,250.0,451.1982811865764,65.0,35.0,55.0
1150.0,380.0,373.0,0.0,250.0,436.43008332937256,65.0,35.0,55.0
1150.0,380.0,373.0,0.0,250.0,330.73682619680056,65.0,35.0,55.0
1150.0,380.0,373.0,0.0,194.67895589388064,143.25,65.0,35.0,55.0
1079.011325870725,364.3691490223402,365.45558920634016,0.0,161.52243569513067,0.0,65.0,35.0,55.0
961.6242911360143,325.2887449119024,326.80447741378214,0.0,138.72553329737528,0.0,65.0,35.0,55.0
875.0384994612502,296.4626676835337,298.2950502761796,0.0,121.91032158082689,0.0,65.0,35.0,55.0
820.4535041261473,278.29027172103986,280.3222753299404,0.0,112.5,0.0,65.0,35.0,55.0
839.1110708021191,284.5017349125435,286.46550653941614,0.0,0.0,0.0,65.0,35.0,55.0
800.6389033989733,271.69360961559556,273.79807655823015,0.0,0.0,0.0,65.0,35.0,55.0
756.9715978492524,257.1559227990425,259.42008402867714,0.0,0.0,0.0,65.0,35.0,55.0
779.1125812343997,264.52708248502944,266.71027264235585,0.0,0.0,0.0,65.0,35.0,55.0
879.8759799978252,298.0731580981947,299.88784969764924,0.0,0.0,0.0,65.0,35.0,55.0
975.2802398176998,329.8350731686623,331.3008649434791,0.0,0.0,0.0,65.0,35.0,55.0
1002.3132723954685,338.8348902256089,340.2018203736638,0.0,0.0,0.0,65.0,35.0,55.0
982.2793931745659,332.1652260874699,333.6054214855271,0.0,0.0,0.0,65.0,35.0,55.0
967.5302417327096,327.2549495826034,328.7490836240853,0.0,0.0,0.0,65.0,35.0,55.0
992.7279061752657,335.6437372479513,337.04572172795775,0.0,0.0,0.0,65.0,35.0,55.0
1047.1161606729397,353.75063439748743,354.95371735577555,0.0,0.0,0.0,65.0,35.0,55.0
1128.7107498151547,380.0,373.0,0.0,0.0,0.0,65.0,35.0,55.0
1137.4832464830813,380.0,373.0,0.0,0.0,0.0,65.0,35.0,55.0
1150.0,380.0,373.0,0.0,0.0,0.0,134.26347017254744,35.0,55.0
1150.0,380.0,373.0,0.0,0.0,0.0,270.6737289111,35.0,55.0
1150.0,380.0,373.0,0.0,250.0,0.0,232.48405223790328,35.0,55.0
1150.0,380.0,373.0,0.0,250.0,421.7543114451783,65.0,35.0,55.0
1150.0,380.0,373.0,0.0,250.0,436.22704672315734,65.0,35.0,55.0
1150.0,380.0,373.0,0.0,250.0,350.31690019679974,65.0,35.0,55.0
1150.0,380.0,373.0,0.0,213.7899740464152,143.25,65.0,35.0,55.0
1084.0496556242194,366.04650600859674,367.11452068024767,0.0,162.50089393711366,0.0,65.0,35.0,55.0
954.4278154045345,322.89289957521095,324.4349500751074,0.0,137.32795685097196,0.0,65.0,35.0,55.0
784.3842531785104,266.2821235794663,268.44603487628564,0.0,112.5,0.0,65.0,35.0,55.0
785.0569928501315,266.5060915695215,268.66754261190465,0.0,0.0,0.0,65.0,35.0,55.0
736.0517316950113,250.1912965514194,252.53196314513775,0.0,0.0,0.0,65.0,35.0,55.0
700.9813572501935,238.51569363066017,240.9846149534323,0.0,0.0,0.0,65.0,35.0,55.0
671.4808254277519,228.69439856430697,231.271205325308,0.0,0.0,0.0,65.0,35.0,55.0
671.9560253593295,228.85260177134145,231.4276706940834,0.0,0.0,0.0,65.0,35.0,55.0
739.7950939669331,251.43753392890395,253.76451079385444,0.0,0.0,0.0,65.0,35.0,55.0
851.7726508257174,288.71701869679737,290.63448606997935,0.0,0.0,0.0,65.0,35.0,55.0
879.0712516834767,297.8052485475793,299.622883092855,0.0,0.0,0.0,65.0,35.0,55.0
857.0400872286801,290.4706496980321,292.3688537003672,0.0,0.0,0.0,65.0,35.0,55.0
869.197681770732,294.51814701141086,296.37188986901566,0.0,0.0,0.0,65.0,35.0,55.0
887.3723333442352,300.56883846693745,302.35611539567475,0.0,0.0,0.0,65.0,35.0,55.0
899.3710691779628,304.5634486575449,306.3068453985823,0.0,0.0,0.0,65.0,35.0,55.0
910.1025731809192,308.1361729715726,309.84032387734226,0.0,0.0,0.0,65.0,35.0,55.0
959.1454505936158,324.4634911661101,325.9882889553489,0.0,0.0,0.0,65.0,35.0,55.0
1063.1111712034965,359.0756813815735,360.22026950556665,0.0,0.0,0.0,65.0,35.0,55.0
1150.0,380.0,373.0,0.0,0.0,0.0,105.08791996529014,35.0,55.0
1150.0,380.0,373.0,0.0,0.0,0.0,273.6288780631272,35.0,55.0
1150.0,380.0,373.0,0.0,250.0,0.0,231.53448200518042,35.0,55.0
1150.0,380.0,373.0,0.0,250.0,0.0,236.2653391298542,35.0,55.0
1150.0,380.0,373.0,0.0,250.0,0.0,153.254966811166,35.0,55.0
1112.5515813873208,375.535345889977,373.0,0.0,168.03605053458548,0.0,65.0,35.0,55.0
978.1112910478718,330.77758463411084,332.23302306328446,0.0,141.92735646866353,0.0,65.0,35.0,55.0
871.0988392366394,295.151078937949,296.9978691342396,0.0,121.14522814590246,0.0,65.0,35.0,55.0
786.5088918146583,266.9894566906311,269.14559804039595,0.0,112.5,0.0,65.0,35.0,55.0
792.7174527470747,269.0564061687523,271.1898423916742,0.0,0.0,0.0,65.0,35.0,55.0
745.0124909678532,253.17450584970712,255.4824023412852,0.0,0.0,0.0,65.0,35.0,55.0
703.7474894219457,239.4365922915665,241.89539768207868,0.0,0.0,0.0,65.0,35.0,55.0
663.0746285284399,225.89581375807637,228.50336254914583,0.0,0.0,0.0,65.0,35.0,55.0
658.9240867403378,224.51401847955293,227.13674608239404,0.0,0.0,0.0,65.0,35.0,55.0
762.6916727568635,259.0602458738745,261.3034884030659,0.0,0.0,0.0,65.0,35.0,55.0
915.0407223976723,309.78017792820594,311.4662696886187,0.0,0.0,0.0,65.0,35.0,55.0
997.8779991862613,337.3583023745933,338.7414526164662,0.0,0.0,0.0,65.0,35.0,55.0
1029.709663612964,347.95567637006707,349.2224160642624,0.0,0.0,0.0,65.0,35.0,55.0
1038.365432881288,350.83734862337235,352.07243358448216,0.0,0.0,0.0,65.0,35.0,55.0
1084.358675196024,366.14938457411677,367.2162691403131,0.0,0.0,0.0,65.0,35.0,55.0
1108.1639568833464,374.07462121039305,373.0,0.0,0.0,0.0,65.0,35.0,55.0
1076.0855236092054,363.3950931141573,364.49223315472443,0.0,0.0,0.0,65.0,35.0,55.0
1045.1571835618433,353.09845319776844,354.3087002677201,0.0,0.0,0.0,65.0,35.0,55.0
1073.995411804025,362.69925464982396,363.8040383704917,0.0,0.0,0.0,65.0,35.0,55.0
1150.0,380.0,373.0,0.0,0.0,0.0,97.05296026260868,35.0,55.0
1150.0,380.0,373.0,0.0,0.0,0.0,249.9656690424686,35.0,55.0
1150.0,380.0,373.0,0.0,250.0,0.0,199.05500297312219,35.0,55.0
1150.0,380.0,373.0,0.0,250.0,0.0,199.8756803528428,35.0,55.0
1150.0,380.0,373.0,0.0,250.0,0.0,113.01934075179871,35.0,55.0
1083.4706454304535,365.85374236644856,366.9238745175019,0.0,162.38844847919387,0.0,65.0,35.0,55.0
947.182992716517,320.48095860578405,322.049503911784,0.0,135.9209912854729,0.0,65.0,35.0,55.0
835.6785076222627,283.35896853713786,285.33529327949793,0.0,114.26649707876264,0.0,65.0,35.0,55.0
808.9997495021428,274.47709626857625,276.55098703206824,0.0,112.5,0.0,65.0,35.0,55.0
798.0074040543531,270.81753281515057,272.9316233286992,0.0,0.0,0.0,65.0,35.0,55.0
729.9825527658791,248.1707500259443,250.53361201710158,0.0,0.0,0.0,65.0,35.0,55.0
664.1874224016668,226.26628426493951,228.86976349362297,0.0,0.0,0.0,65.0,35.0,55.0
635.4447678544147,216.6973011361649,219.405894194672,0.0,0.0,0.0,65.0,35.0,55.0
656.273879619068,223.63171350004944,226.26413308940784,0.0,0.0,0.0,65.0,35.0,55.0
852.7909091985031,289.0560165153148,290.9697600488237,0.0,0.0,0.0,65.0,35.0,55.0
1053.225687185259,355.7846134102844,356.9653534172956,0.0,0.0,0.0,65.0,35.0,55.0
1150.0,380.0,373.0,0.0,0.0,0.0,101.6678549485251,35.0,55.0
1150.0,380.0,373.0,0.0,0.0,0.0,187.55300153570983,35.0,55.0
1150.0,380.0,373.0,0.0,0.0,0.0,227.73458834004984,35.0,55.0
1150.0,380.0,373.0,0.0,0.0,0.0,297.0,35.0,152.00003728079304
1150.0,380.0,373.0,0.0,0.0,0.0,297.0,35.0,169.31901965468543
1150.0,380.0,373.0,0.0,0.0,0.0,297.0,35.0,134.49391098498776
1150.0,380.0,373.0,0.0,0.0,0.0,297.0,35.0,120.75524738388066
1150.0,380.0,373.0,0.0,0.0,0.0,294.1290845354888,35.0,55.0
1150.0,380.0,373.0,0.0,0.0,0.0,261.1941329337015,35.0,55.0
1150.0,380.0,373.0,0.0,0.0,0.0,297.0,35.0,67.3108272091739
1150.0,380.0,373.0,0.0,250.0,0.0,200.61465127067765,35.0,55.0
1150.0,380.0,373.0,0.0,250.0,0.0,118.49862350817119,35.0,55.0
1150.0,380.0,373.0,0.0,222.48801760057782,0.0,65.0,35.0,55.0
1075.3615711219888,363.1540753917051,364.2538629754355,0.0,160.81364274392683,0.0,65.0,35.0,55.0
957.2023312838558,323.8165893337925,325.34849324164384,0.0,137.86677587681115,0.0,65.0,35.0,55.0
852.8718104217469,289.08295009025807,290.99639776252707,0.0,117.60548631808275,0.0,65.0,35.0,55.0
674.7864250568119,229.79489632901266,232.35961428881046,0.0,112.5,0.0,65.0,35.0,55.0
633.3068861372403,215.9855591483354,218.70197058473914,0.0,0.0,0.0,65.0,35.0,55.0
547.2697709222206,187.34214687799343,190.3732018582759,0.0,0.0,0.0,65.0,35.0,55.0
517.5,176.01217021325638,179.16768327053785,0.0,0.0,0.0,65.0,35.0,55.0
0.0,380.0,373.0,0.0,0.0,0.0,136.7919587843645,35.0,55.0
0.0,380.0,373.0,0.0,0.0,0.0,194.64582949998425,35.0,55.0
0.0,380.0,373.0,0.0,0.0,0.0,297.0,35.0,257.48636358221046
919.7075047271904,311.333839623002,313.0028646451007,0.0,0.0,0.0,65.0,35.0,55.0
1070.9717687754767,361.6926256664066,362.80846705393765,0.0,0.0,0.0,65.0,35.0,55.0
1150.0,380.0,373.0,0.0,0.0,0.0,74.96623548274106,35.0,55.0
1150.0,380.0,373.0,0.0,0.0,0.0,112.42433546660693,35.0,55.0
1150.0,380.0,373.0,0.0,0.0,0.0,165.89240471738046,35.0,55.0
1150.0,380.0,373.0,0.0,0.0,0.0,217.63110909428525,35.0,55.0
1150.0,380.0,373.0,0.0,0.0,0.0,180.7167067361807,35.0,55.0
1150.0,380.0,373.0,0.0,0.0,0.0,93.70440690248176,35.0,55.0
1070.3008776565139,361.4692730951246,362.58756797680985,0.0,0.0,0.0,65.0,35.0,55.0
1051.6988351775356,355.27629497789957,356.4626187858725,0.0,0.0,0.0,65.0,35.0,55.0
1150.0,380.0,373.0,0.0,0.0,0.0,66.54244140960266,35.0,55.0
1150.0,380.0,373.0,0.0,0.0,0.0,259.6872939073428,35.0,55.0
1150.0,380.0,373.0,0.0,0.0,0.0,244.80851321772016,35.0,55.0
1150.0,380.0,373.0,0.0,0.0,0.0,142.50275566274647,35.0,55.0
1041.6362365506093,351.9262621430967,353.1493855541793,0.0,0.0,0.0,65.0,35.0,55.0
890.5765562807059,301.6355859787065,303.41114484765546,0.0,0.0,0.0,65.0,35.0,55.0
767.6603693471585,260.7144206393392,262.9394923093645,0.0,0.0,0.0,65.0,35.0,55.0
744.948724457176,253.1532767505003,255.46140644051664,0.0,0.0,0.0,65.0,35.0,55.0
681.5483700681634,232.04607802223276,234.58606709221868,0.0,0.0,0.0,65.0,35.0,55.0
629.702037955036,214.7854357783593,217.51503038814533,0.0,0.0,0.0,65.0,35.0,55.0
589.822829507161,201.5088794255264,204.38431499524884,0.0,0.0,0.0,65.0,35.0,55.0
548.5384157827348,187.764503179382,190.79091863968708,0.0,0.0,0.0,65.0,35.0,55.0
600.4199859921641,205.0368768640119,207.87355791641764,0.0,0.0,0.0,65.0,35.0,55.0
840.6683942881252,285.02019788676665,286.97827427642244,0.0,0.0,0.0,65.0,35.0,55.0
1104.6704513264856,372.91156594425803,373.0,0.0,0.0,0.0,65.0,35.0,55.0
1150.0,380.0,373.0,0.0,0.0,0.0,235.29198451518937,35.0,55.0
1150.0,380.0,373.0,0.0,0.0,0.0,297.0,35.0,102.34451788927926
1150.0,380.0,373.0,0.0,0.0,0.0,297.0,35.0,143.15032324293847
1150.0,380.0,373.0,0.0,0.0,0.0,297.0,35.0,203.64097152122693
1150.0,380.0,373.0,0.0,250.0,0.0,197.9956586973104,35.0,55.0
1150.0,380.0,373.0,0.0,250.0,0.0,114.44142392101963,35.0,55.0
1150.0,380.0,373.0,0.0,185.48975361455027,0.0,65.0,35.0,55.0
1091.897672150587,368.6592618211017,369.69857576602436,0.0,164.02500149440823,0.0,65.0,35.0,55.0
1092.0485105160333,368.7094788173,369.74824113612806,0.0,164.05429474219056,0.0,65.0,35.0,55.0
1150.0,380.0,373.0,0.0,247.16680920917386,0.0,65.0,35.0,55.0
1150.0,380.0,373.0,0.0,250.0,0.0,245.74883078405742,35.0,55.0
1150.0,380.0,373.0,0.0,250.0,0.0,234.83757232553938,35.0,55.0
1150.0,380.0,373.0,0.0,250.0,0.0,142.48203413032812,35.0,55.0
1094.7783789581888,369.6183045843779,370.6470835898554,0.0,164.58444310631933,0.0,65.0,35.0,55.0
956.6792471072066,323.64244453957883,325.1762614016091,0.0,137.7651914135199,0.0,65.0,35.0,55.0
848.0510631326017,287.4780304958594,289.40910796670323,0.0,116.66928322135021,0.0,65.0,35.0,55.0
756.5645629665848,257.02041304928485,259.2860628329888,0.0,112.5,0.0,65.0,35.0,55.0
756.8988910060322,257.13171729098906,259.3961444144621,0.0,0.0,0.0,65.0,35.0,55.0
688.4201896676573,234.33383908144316,236.8486974428241,0.0,0.0,0.0,65.0,35.0,55.0
630.7225452404033,215.1251823031772,217.85104484886486,0.0,0.0,0.0,65.0,35.0,55.0
599.3198925276647,204.6706345677562,207.51133873629507,0.0,0.0,0.0,65.0,35.0,55.0
689.394508869691,234.65820870398355,237.1695039142078,0.0,0.0,0.0,65.0,35.0,55.0
945.9740163108912,320.0784670819235,321.6514336963295,0.0,0.0,0.0,65.0,35.0,55.0
1150.0,380.0,373.0,0.0,0.0,0.0,149.79997329682098,35.0,55.0
1150.0,380.0,373.0,0.0,0.0,0.0,297.0,35.0,99.46838408226078
1150.0,380.0,373.0,0.0,0.0,0.0,297.0,35.0,132.03625317429834
1150.0,380.0,373.0,0.0,0.0,0.0,297.0,35.0,128.0431405294665
1150.0,380.0,373.0,0.0,0.0,0.0,297.0,35.0,197.90027809936618
1150.0,380.0,373.0,0.0,250.0,0.0,224.11188385681518,35.0,55.0
1150.0,380.0,373.0,0.0,250.0,0.0,169.03589160505322,35.0,55.0
1150.0,380.0,373.0,0.0,250.0,0.0,105.3422812289282,35.0,55.0
1150.0,380.0,373.0,0.0,250.0,0.0,88.22578412680723,35.0,55.0
1150.0,380.0,373.0,0.0,250.0,0.0,121.36697257727978,35.0,55.0
1150.0,380.0,373.0,0.0,250.0,0.0,238.24622582027075,35.0,55.0
1150.0,380.0,373.0,0.0,250.0,0.0,297.0,35.0,162.1386103484946
1150.0,380.0,373.0,0.0,250.0,0.0,297.0,35.0,91.61571681057977
1150.0,380.0,373.0,0.0,250.0,0.0,150.50852777079595,35.0,55.0
1073.5833281285666,362.5620640597334,363.6683547982468,0.0,160.46830280027672,0.0,65.0,35.0,55.0
931.637847448542,315.30568042961346,316.9310753822456,0.0,132.90207901604006,0.0,65.0,35.0,55.0
815.2897877222714,276.5711711045942,278.6220587732966,0.0,112.5,0.0,65.0,35.0,55.0
795.1088334672396,269.85254285571403,271.9772336377564,0.0,0.0,0.0,65.0,35.0,55.0
732.4444850534275,248.99037468813432,251.344233226563,0.0,0.0,0.0,65.0,35.0,55.0
677.2537822976179,230.61632706259775,233.17202173024634,0.0,0.0,0.0,65.0,35.0,55.0
642.5604812667043,219.06625914174703,221.74882955549583,0.0,0.0,0.0,65.0,35.0,55.0
648.3549226132683,220.99534023600683,223.65671998622022,0.0,0.0,0.0,65.0,35.0,55.0
800.0303293336452,271.49100359136213,273.597696130475,0.0,0.0,0.0,65.0,35.0,55.0
1031.11592750981,348.42384869845796,349.6854455905612,0.0,0.0,0.0,65.0,35.0,55.0
1150.0,380.0,373.0,0.0,0.0,0.0,211.9882035008254,35.0,55.0
1150.0,380.0,373.0,0.0,0.0,0.0,297.0,35.0,80.96873930451231
1150.0,380.0,373.0,0.0,0.0,0.0,297.0,35.0,109.32223808843482
1150.0,380.0,373.0,0.0,250.0,0.0,215.73347782647937,35.0,55.0
1150.0,380.0,373.0,0.0,250.0,0.0,297.0,35.0,74.23188685606476
1150.0,380.0,373.0,0.0,250.0,0.0,276.0604900792033,35.0,55.0
1150.0,380.0,373.0,0.0,250.0,0.0,189.07933332434152,35.0,55.0
1150.0,380.0,373.0,0.0,250.0,0.0,99.0637873932006,35.0,55.0
1150.0,380.0,373.0,0.0,190.00065341170446,0.0,65.0,35.0,55.0
1108.4093350187854,374.15631231635285,373.0,0.0,167.2316142833047,0.0,65.0,35.0,55.0
1134.4347894663026,380.0,373.0,0.0,172.2858329731124,0.0,65.0,35.0,55.0
1150.0,380.0,373.0,0.0,250.0,0.0,99.95918088184952,35.0,55.0
1150.0,380.0,373.0,0.0,250.0,0.0,93.15730771932436,35.0,55.0
1150.0,380.0,373.0,0.0,207.4721865144063,0.0,65.0,35.0,55.0
1052.3748423253155,355.50135077368213,356.6852023778378,0.0,156.34955338341348,0.0,65.0,35.0,55.0
928.9340255719139,314.4055260657174,316.04080907764995,0.0,132.37698897043404,0.0,65.0,35.0,55.0
832.8756648477615,282.42584820972627,284.41242313750115,0.0,113.72217688777256,0.0,65.0,35.0,55.0
689.5967768549094,234.72554761086374,237.23610311339877,0.0,112.5,0.0,65.0,35.0,55.0
708.6656903294572,241.07395607195545,243.51477526942546,0.0,0.0,0.0,65.0,35.0,55.0
668.9780047528878,227.86116137068763,230.44712111601248,0.0,0.0,0.0,65.0,35.0,55.0
633.9549372176293,216.20130783099907,218.91534930081292,0.0,0.0,0.0,65.0,35.0,55.0
646.8298177155434,220.4876034501804,223.15456061205626,0.0,0.0,0.0,65.0,35.0,55.0
713.9011302382852,242.8169348242112,245.2386076641754,0.0,0.0,0.0,65.0,35.0,55.0
873.1387002836614,295.8301879573302,297.66951824393817,0.0,0.0,0.0,65.0,35.0,55.0
1039.4643922029363,351.20321334163543,352.43427933424914,0.0,0.0,0.0,65.0,35.0,55.0
1140.7307535546263,380.0,373.0,0.0,0.0,0.0,65.0,35.0,55.0
1150.0,380.0,373.0,0.0,0.0,0.0,71.12611966741056,35.0,55.0
1116.150359034746,376.7334482620392,373.0,0.0,0.0,0.0,65.0,35.0,55.0
1072.9631875672512,362.3556073262769,363.464165960726,0.0,0.0,0.0,65.0,35.0,55.0
1058.7758468034053,357.63236841359276,358.7928111118555,0.0,0.0,0.0,65.0,35.0,55.0
1042.6629998401963,352.2680914121766,353.48745988053065,0.0,0.0,0.0,65.0,35.0,55.0
1071.7137081772487,361.93963157904625,363.05275964405206,0.0,0.0,0.0,65.0,35.0,55.0
1103.3243609622778,372.46342654350315,373.0,0.0,0.0,0.0,65.0,35.0,55.0
1119.5887388556569,377.8781511092492,373.0,0.0,0.0,0.0,65.0,35.0,55.0
1150.0,380.0,373.0,0.0,0.0,0.0,140.15988316453132,35.0,55.0
1150.0,380.0,373.0,0.0,0.0,0.0,297.0,35.0,67.24961547561801
1150.0,380.0,373.0,0.0,0.0,0.0,297.0,35.0,62.80646512653286
1150.0,380.0,373.0,0.0,0.0,0.0,239.97752167604727,35.0,55.0
1109.9261539966774,374.6612905599244,373.0,0.0,0.0,0.0,65.0,35.0,55.0
934.0221212951081,316.09945110151375,317.71612660358335,0.0,0.0,0.0,65.0,35.0,55.0
838.2377220643278,284.21098030170117,286.17794582392025,0.0,0.0,0.0,65.0,35.0,55.0
768.0500207790092,260.8441431036075,263.0677897920177,0.0,0.0,0.0,65.0,35.0,55.0
712.5189927074916,242.35679462762403,244.78352203792952,0.0,0.0,0.0,65.0,35.0,55.0
667.2037106905908,227.2704647139229,229.8629131725228,0.0,0.0,0.0,65.0,35.0,55.0
638.2165115431001,217.6200679791061,220.31852458365665,0.0,0.0,0.0,65.0,35.0,55.0
643.3330544384304,219.3234636262471,222.00320868770407,0.0,0.0,0.0,65.0,35.0,55.0
744.8119322353799,253.10773598597692,255.4163659343914,0.0,0.0,0.0,65.0,35.0,55.0
879.7865018622578,298.04336910399337,299.85838793103574,0.0,0.0,0.0,65.0,35.0,55.0
1061.6474870379434,358.58839274012223,359.7383336560101,0.0,0.0,0.0,65.0,35.0,55.0
1150.0,380.0,373.0,0.0,0.0,0.0,112.95997866658546,35.0,55.0
1150.0,380.0,373.0,0.0,0.0,0.0,215.27247046613783,35.0,55.0
1150.0,380.0,373.0,0.0,0.0,0.0,206.95358936163447,35.0,55.0
1150.0,380.0,373.0,0.0,0.0,0.0,233.25419880616116,35.0,55.0
1150.0,380.0,373.0,0.0,0.0,0.0,195.33875192895266,35.0,55.0
1150.0,380.0,373.0,0.0,0.0,0.0,82.16568045774207,35.0,55.0
1090.6390376701117,368.24023816797455,369.2841550242383,0.0,0.0,0.0,65.0,35.0,55.0
1060.8247359489728,358.3144830608128,359.46743283302646,0.0,0.0,0.0,65.0,35.0,55.0
1078.8595149764092,364.3186082525556,365.4056036192539,0.0,0.0,0.0,65.0,35.0,55.0
1150.0,380.0,373.0,0.0,0.0,0.0,121.26552251147952,35.0,55.0
1150.0,380.0,373.0,0.0,0.0,0.0,277.4433474756178,35.0,55.0
1150.0,380.0,373.0,0.0,0.0,0.0,260.6740518427521,35.0,55.0
1150.0,380.0,373.0,0.0,0.0,0.0,213.8879829698013,35.0,55.0
1102.7918724266403,372.2861508571046,373.0,0.0,0.0,0.0,65.0,35.0,55.0
920.589277263409,311.62739867853816,313.29319899889043,0.0,0.0,0.0,65.0,35.0,55.0
732.4188198777011,248.98183025696085,251.33578265467133,0.0,0.0,0.0,65.0,35.0,55.0
695.4754813509076,236.68268153002836,239.17173821299681,0.0,0.0,0.0,65.0,35.0,55.0
632.6315573730868,215.76072919952404,218.4796103588503,0.0,0.0,0.0,65.0,35.0,55.0
587.8815531539548,200.862591148931,203.74512609744937,0.0,0.0,0.0,65.0,35.0,55.0
559.8121546031177,191.5177479046772,194.50293454034838,0.0,0.0,0.0,65.0,35.0,55.0
547.40294441591,187.38648289825278,190.41705085407028,0.0,0.0,0.0,65.0,35.0,55.0
631.5054872619734,215.38583877743906,218.10883805125036,0.0,0.0,0.0,65.0,35.0,55.0
863.1434320008219,292.5025706904967,294.37845434859645,0.0,0.0,0.0,65.0,35.0,55.0
1084.1923010248472,366.0939954090542,367.16148841683645,0.0,0.0,0.0,65.0,35.0,55.0
1150.0,380.0,373.0,0.0,0.0,0.0,132.40440300260985,35.0,55.0
1150.0,380.0,373.0,0.0,0.0,0.0,132.25417809746554,35.0,55.0
1150.0,380.0,373.0,0.0,0.0,0.0,102.11893452555474,35.0,55.0
1150.0,380.0,373.0,0.0,0.0,0.0,74.09854025790573,35.0,55.0
1096.6139145800355,370.229389735502,371.2514560631831,0.0,0.0,0.0,65.0,35.0,55.0
1045.0431763648971,353.06049800673543,354.2711620087098,0.0,0.0,0.0,65.0,35.0,55.0
1005.6312755882702,339.93951737551055,341.29431336169154,0.0,0.0,0.0,65.0,35.0,55.0
1052.884043693415,355.67087371362084,356.85286313396654,0.0,0.0,0.0,65.0,35.0,55.0
1150.0,380.0,373.0,0.0,0.0,0.0,100.40386921969387,35.0,55.0
1150.0,380.0,373.0,0.0,0.0,0.0,297.0,35.0,87.04803037278974
1150.0,380.0,373.0,0.0,250.0,0.0,297.0,35.0,112.80530521715907
1150.0,380.0,373.0,0.0,250.0,0.0,297.0,35.0,150.41084354052526
1150.0,380.0,373.0,0.0,250.0,0.0,297.0,35.0,71.47147920336671
1150.0,380.0,373.0,0.0,250.0,0.0,76.67780297867581,35.0,55.0
1048.0893845012797,354.0746393490342,355.2741631620212,0.0,155.51730505236884,0.0,65.0,35.0,55.0
941.5989288078415,318.621916211343,320.2108828163728,0.0,134.83654988871564,0.0,65.0,35.0,55.0
860.5068771069542,291.6248108003644,293.51033651786327,0.0,119.0882383989781,0.0,65.0,35.0,55.0
797.9325043204118,270.7925972515527,272.9069616784893,0.0,112.5,0.0,65.0,35.0,55.0
804.6213065514737,273.0194283048752,275.1093313300897,0.0,0.0,0.0,65.0,35.0,55.0
748.0013407710829,254.16955149848425,256.466517564375,0.0,0.0,0.0,65.0,35.0,55.0
703.8659291356279,239.47602315276754,241.9343954012438,0.0,0.0,0.0,65.0,35.0,55.0
665.0269278780456,226.54577180241716,229.14618090284802,0.0,0.0,0.0,65.0,35.0,55.0
716.7607467349854,243.76895621690147,246.18017124611262,0.0,0.0,0.0,65.0,35.0,55.0
810.5129399591481,274.98086650767857,277.0492234314229,0.0,0.0,0.0,65.0,35.0,55.0
881.8124919278208,298.7178602065659,300.52546985104215,0.0,0.0,0.0,65.0,35.0,55.0
921.0297264075805,311.7740326793306,313.4382222474015,0.0,0.0,0.0,65.0,35.0,55.0
924.9035263270787,313.0636952612257,314.71371808123786,0.0,0.0,0.0,65.0,35.0,55.0
974.8116472668185,329.6790696858844,331.1465751353226,0.0,0.0,0.0,65.0,35.0,55.0
986.2216652068979,333.47768435413445,334.90346259698964,0.0,0.0,0.0,65.0,35.0,55.0
957.7439190252338,323.99689432098415,325.5268176058702,0.0,0.0,0.0,65.0,35.0,55.0
971.9859763765201,328.7383494391764,330.2161885579913,0.0,0.0,0.0,65.0,35.0,55.0
1047.4212486709637,353.85220406639485,355.0541712972593,0.0,0.0,0.0,65.0,35.0,55.0
1145.6922657988528,380.0,373.0,0.0,0.0,0.0,65.0,35.0,55.0
1150.0,380.0,373.0,0.0,0.0,0.0,276.78897753973445,35.0,55.0
1150.0,380.0,373.0,0.0,250.0,0.0,288.2187154757598,35.0,55.0
1150.0,380.0,373.0,0.0,250.0,0.0,297.0,35.0,116.23068617654137
1150.0,380.0,373.0,0.0,250.0,0.0,297.0,35.0,59.153319110629376
1150.0,380.0,373.0,0.0,250.0,0.0,79.99226728942831,35.0,55.0
1048.8532113146737,354.3289320024374,355.52566244915596,0.0,155.6656424335207,0.0,65.0,35.0,55.0
941.0967959014621,318.45474649841174,320.0455494374093,0.0,134.73903422283905,0.0,65.0,35.0,55.0
860.1644402363798,291.5108069726452,293.39758500491826,0.0,119.02173616614192,0.0,65.0,35.0,55.0
800.2133937677189,271.5519492663084,273.6579723264162,0.0,112.5,0.0,65.0,35.0,55.0
812.2571689016092,275.56155390715634,277.62353206780034,0.0,0.0,0.0,65.0,35.0,55.0
770.1348577164816,261.53822546291514,263.7542477617723,0.0,0.0,0.0,65.0,35.0,55.0
735.6287602839493,250.05048122450685,252.39269465325566,0.0,0.0,0.0,65.0,35.0,55.0
738.1051263053855,250.87491115462473,253.2080683455048,0.0,0.0,0.0,65.0,35.0,55.0
815.1207999279281,276.51491181405504,278.5664174825399,0.0,0.0,0.0,65.0,35.0,55.0
901.3667915874852,305.2278630746281,306.96396132396274,0.0,0.0,0.0,65.0,35.0,55.0
976.4458158911308,330.22311588627656,331.68464507063476,0.0,0.0,0.0,65.0,35.0,55.0
996.1240591798012,336.77438197492705,338.16394649391754,0.0,0.0,0.0,65.0,35.0,55.0
1004.0100460941851,339.39977886070955,340.7605037926971,0.0,0.0,0.0,65.0,35.0,55.0
1027.0717010088179,347.077447826078,348.35383472776414,0.0,0.0,0.0,65.0,35.0,55.0
1055.037085094739,356.3876626521983,357.5617782546581,0.0,0.0,0.0,65.0,35.0,55.0
1048.9648421194463,354.36609604675925,355.56241825208184,0.0,0.0,0.0,65.0,35.0,55.0
1033.7451555658026,349.2991693431859,350.5511509706311,0.0,0.0,0.0,65.0,35.0,55.0
1109.0544425429614,374.37108103247607,373.0,0.0,0.0,0.0,65.0,35.0,55.0
1150.0,380.0,373.0,0.0,0.0,0.0,196.5745846946485,35.0,55.0
1150.0,380.0,373.0,0.0,0.0,0.0,297.0,35.0,150.1763658061789
1150.0,380.0,373.0,0.0,250.0,0.0,297.0,35.0,135.32172147576046
1150.0,380.0,373.0,0.0,250.0,0.0,297.0,35.0,145.71666172187872
1150.0,380.0,373.0,0.0,250.0,0.0,293.3637345410772,35.0,55.0
1150.0,380.0,373.0,0.0,220.07356344764705,0.0,65.0,35.0,55.0
1003.831688166622,339.3404000724029,340.70177727138315,0.0,146.92233214100054,0.0,65.0,35.0,55.0
878.2012938387265,297.51562283032086,299.33643887021793,0.0,122.52454541645272,0.0,65.0,35.0,55.0
784.8998535234904,266.45377686201863,268.6158025735372,0.0,112.5,0.0,65.0,35.0,55.0
790.4584601889836,268.30434405003376,270.446041561381,0.0,0.0,0.0,65.0,35.0,55.0
726.5761893009299,247.0367060400979,249.41202533261483,0.0,0.0,0.0,65.0,35.0,55.0
656.6278537425535,223.74955830140863,226.38068338347935,0.0,0.0,0.0,65.0,35.0,55.0
619.3520091007765,211.33971188650645,214.1071572511651,0.0,0.0,0.0,65.0,35.0,55.0
776.6980476455512,263.7232377622824,265.9152580320935,0.0,0.0,0.0,65.0,35.0,55.0
960.3686385187073,324.8707139784387,326.39103848678445,0.0,0.0,0.0,65.0,35.0,55.0
1126.3658099964937,380.0,373.0,0.0,0.0,0.0,65.0,35.0,55.0
1150.0,380.0,373.0,0.0,0.0,0.0,184.36550106712838,35.0,55.0
1150.0,380.0,373.0,0.0,0.0,0.0,174.66150041137317,35.0,55.0
1150.0,380.0,373.0,0.0,0.0,0.0,157.05860733499048,35.0,55.0
1150.0,380.0,373.0,0.0,0.0,0.0,151.84513222732,35.0,55.0
1150.0,380.0,373.0,0.0,0.0,0.0,198.45520424633781,35.0,55.0
1150.0,380.0,373.0,0.0,0.0,0.0,234.9145973223839,35.0,55.0
1150.0,380.0,373.0,0.0,0.0,0.0,186.32239642443133,35.0,55.0
1150.0,380.0,373.0,0.0,0.0,0.0,126.94255223193183,35.0,55.0
1150.0,380.0,373.0,0.0,0.0,0.0,110.74888876904633,35.0,55.0
1150.0,380.0,373.0,0.0,0.0,0.0,253.68292714410006,35.0,55.0
1150.0,380.0,373.0,0.0,0.0,0.0,297.0,35.0,184.63087365864322
1150.0,380.0,373.0,0.0,0.0,0.0,297.0,35.0,125.28438241336573
1150.0,380.0,373.0,0.0,0.0,0.0,212.27057713195597,35.0,55.0
1102.2586337400057,372.1086254309952,373.0,0.0,0.0,0.0,65.0,35.0,55.0
988.3130123119334,334.17393407357486,335.59206411875437,0.0,0.0,0.0,65.0,35.0,55.0
879.843630758382,298.0623884135105,299.87719831631955,0.0,0.0,0.0,65.0,35.0,55.0
817.7496597193307,277.3901098564102,279.43200160700553,0.0,0.0,0.0,65.0,35.0,55.0
780.5402383428215,265.002377025473,267.18034614428694,0.0,0.0,0.0,65.0,35.0,55.0
739.856315251164,251.4579156732193,253.78466864779665,0.0,0.0,0.0,65.0,35.0,55.0
698.372642119963,237.6472021338878,240.12566370416235,0.0,0.0,0.0,65.0,35.0,55.0
670.9546928946828,228.51923891354608,231.09796977677135,0.0,0.0,0.0,65.0,35.0,55.0
761.2242422320704,258.5717099972975,260.8203190190725,0.0,0.0,0.0,65.0,35.0,55.0
919.6403776393133,311.31149172293857,312.98076223333345,0.0,0.0,0.0,65.0,35.0,55.0
1070.6169215425605,361.57449019010653,362.69162927794537,0.0,0.0,0.0,65.0,35.0,55.0
1150.0,380.0,373.0,0.0,0.0,0.0,65.03186473358345,35.0,55.0
1144.945146155264,380.0,373.0,0.0,0.0,0.0,65.0,35.0,55.0
1119.428643433685,377.8248522606921,373.0,0.0,0.0,0.0,65.0,35.0,55.0
1120.2869306037044,378.11059258561784,373.0,0.0,0.0,0.0,65.0,35.0,55.0
1124.5860202052868,379.54184229148626,373.0,0.0,0.0,0.0,65.0,35.0,55.0
1077.8883240489065,363.9952800928404,365.08582717038405,0.0,0.0,0.0,65.0,35.0,55.0
1025.2723090594548,346.4783955994577,347.7613629990878,0.0,0.0,0.0,65.0,35.0,55.0
1020.4793624155759,344.8827313751602,346.1832269045268,0.0,0.0,0.0,65.0,35.0,55.0
1150.0,380.0,373.0,0.0,0.0,0.0,65.17443458642202,35.0,55.0
1150.0,380.0,373.0,0.0,0.0,0.0,297.0,35.0,61.008371273288645
1150.0,380.0,373.0,0.0,250.0,0.0,297.0,35.0,80.83106222862692
1150.0,380.0,373.0,0.0,250.0,0.0,297.0,35.0,112.87315787343353
1150.0,380.0,373.0,0.0,250.0,0.0,281.31720934903717,35.0,55.0
1150.0,380.0,373.0,0.0,237.62986867360658,0.0,65.0,35.0,55.0
1029.8128819959134,347.9900397571855,349.2564019747799,0.0,151.9679552904571,0.0,65.0,35.0,55.0
919.476599118898,311.25696669999286,312.9268361595034,0.0,130.54032934042806,0.0,65.0,35.0,55.0
761.2534381520342,258.58142988121085,260.8299321315338,0.0,112.5,0.0,65.0,35.0,55.0
772.6851076439855,262.3872527679723,264.593948630524,0.0,0.0,0.0,65.0,35.0,55.0
720.6856955482464,245.07564725038463,247.47250847657645,0.0,0.0,0.0,65.0,35.0,55.0
686.7700393689184,233.7844722739127,236.305365346437,0.0,0.0,0.0,65.0,35.0,55.0
642.0653011170624,218.90140413540658,221.58578545642203,0.0,0.0,0.0,65.0,35.0,55.0
636.7325464980848,217.12602744238055,219.8299110073724,0.0,0.0,0.0,65.0,35.0,55.0
704.2145031837102,239.59207016504837,242.04916765467758,0.0,0.0,0.0,65.0,35.0,55.0
782.2962749365835,265.58699541942104,267.75854259375603,0.0,0.0,0.0,65.0,35.0,55.0
840.3955850607356,284.92937444212015,286.8884485135543,0.0,0.0,0.0,65.0,35.0,55.0
851.6860162377025,288.6881763743278,290.60596057605204,0.0,0.0,0.0,65.0,35.0,55.0
839.0722081429119,284.4887967850062,286.45271053524954,0.0,0.0,0.0,65.0,35.0,55.0
843.9541467858236,286.1140881592923,288.06014833004537,0.0,0.0,0.0,65.0,35.0,55.0
868.1556848760673,294.1712461818828,296.0287996925392,0.0,0.0,0.0,65.0,35.0,55.0
852.8327366889574,289.06994169226107,290.9835322598111,0.0,0.0,0.0,65.0,35.0,55.0
911.4683316164161,308.5908602519616,310.29001648684823,0.0,0.0,0.0,65.0,35.0,55.0
992.8840829712033,335.6957315104498,337.0971448413606,0.0,0.0,0.0,65.0,35.0,55.0
1096.417211035658,370.1639033381192,371.18668902395336,0.0,0.0,0.0,65.0,35.0,55.0
1150.0,380.0,373.0,0.0,0.0,0.0,217.58301267533344,35.0,55.0
1150.0,380.0,373.0,0.0,250.0,0.0,210.53162400518008,35.0,55.0
1150.0,380.0,373.0,0.0,250.0,0.0,240.65875859268849,35.0,55.0
1150.0,380.0,373.0,0.0,250.0,0.0,175.00361867913128,35.0,55.0
1126.8026831525237,380.0,373.0,0.0,170.80365580492926,0.0,65.0,35.0,55.0
987.9041090764416,334.0378023131875,335.4574277451289,0.0,143.8291501147916,0.0,65.0,35.0,55.0
878.0838419437235,297.4765208329782,299.29776640239163,0.0,122.50173591800286,0.0,65.0,35.0,55.0
790.6304560717438,268.3616047911266,270.50267330190877,0.0,112.5,0.0,65.0,35.0,55.0
795.8493418768238,270.0990723635011,272.22105505625336,0.0,0.0,0.0,65.0,35.0,55.0
749.2010319457479,254.56895179017394,256.86153050437565,0.0,0.0,0.0,65.0,35.0,55.0
710.2904523121582,241.61487062023355,244.0497479533475,0.0,0.0,0.0,65.0,35.0,55.0
664.5186064283043,226.37654180424244,228.97880987056232,0.0,0.0,0.0,65.0,35.0,55.0
665.4980801892991,226.70262747871027,229.30131354330305,0.0,0.0,0.0,65.0,35.0,55.0
742.8530863430221,252.45559847150253,254.7713920517048,0.0,0.0,0.0,65.0,35.0,55.0
829.5787704666736,281.32824858968706,283.3268804829851,0.0,0.0,0.0,65.0,35.0,55.0
907.1978759935528,307.16914334894625,308.88391692860085,0.0,0.0,0.0,65.0,35.0,55.0
926.9160723026243,313.73371056737005,315.3763733707617,0.0,0.0,0.0,65.0,35.0,55.0
917.6430417360266,310.64654014271395,312.3231150454673,0.0,0.0,0.0,65.0,35.0,55.0
931.0361325728487,315.1053579616808,316.7329534262713,0.0,0.0,0.0,65.0,35.0,55.0
917.8928293467701,310.72969924790556,312.40536066048827,0.0,0.0,0.0,65.0,35.0,55.0
901.9526007375631,305.4228902202441,307.15684612593367,0.0,0.0,0.0,65.0,35.0,55.0
912.4620401161154,308.9216849450292,310.6172071207875,0.0,0.0,0.0,65.0,35.0,55.0
987.5692753173844,333.92632970768767,335.3471796493107,0.0,0.0,0.0,65.0,35.0,55.0
1089.7792205669593,367.95398849885055,369.0010497643585,0.0,0.0,0.0,65.0,35.0,55.0
1150.0,380.0,373.0,0.0,0.0,0.0,203.26696189974624,35.0,55.0
1150.0,380.0,373.0,0.0,250.0,0.0,208.46793917212406,35.0,55.0
1150.0,380.0,373.0,0.0,250.0,0.0,241.6711611298543,35.0,55.0
1150.0,380.0,373.0,0.0,250.0,0.0,167.94252848772808,35.0,55.0
1120.0697031239772,378.0382733749757,373.0,0.0,169.49609156750137,0.0,65.0,35.0,55.0
984.0867774277398,332.76693910591786,334.200524777636,0.0,143.08781324388428,0.0,65.0,35.0,55.0
878.9383936866388,297.7610175622966,299.579137978244,0.0,122.66769234343859,0.0,65.0,35.0,55.0
864.0389686705255,292.80071209109366,294.67332071108075,0.0,119.7741808185702,0.0,65.0,35.0,55.0
803.3168768815967,272.5851585514255,274.6798319640831,0.0,112.5,0.0,65.0,35.0,55.0
814.4495907014367,276.2914533386517,278.3454136646315,0.0,0.0,0.0,65.0,35.0,55.0
768.0067470732081,260.8297364537259,263.0535413970022,0.0,0.0,0.0,65.0,35.0,55.0
731.696770756477,248.74144620169616,251.09803918183192,0.0,0.0,0.0,65.0,35.0,55.0
731.5858067630195,248.7045041517004,251.06150293465808,0.0,0.0,0.0,65.0,35.0,55.0
812.6280340758861,275.68502206455537,277.7456439461976,0.0,0.0,0.0,65.0,35.0,55.0
939.0669476866386,317.778970943663,319.3771971747393,0.0,0.0,0.0,65.0,35.0,55.0
1033.4485143728498,349.20041177832707,350.45347824265895,0.0,0.0,0.0,65.0,35.0,55.0
1067.9687482865095,360.6928623234958,361.8196859598694,0.0,0.0,0.0,65.0,35.0,55.0
1085.7547736850759,366.6141726425216,367.675951582209,0.0,0.0,0.0,65.0,35.0,55.0
1126.6677004078583,380.0,373.0,0.0,0.0,0.0,65.0,35.0,55.0
1150.0,380.0,373.0,0.0,0.0,0.0,90.13985366875156,35.0,55.0
1150.0,380.0,373.0,0.0,0.0,0.0,68.62978408361371,35.0,55.0
1122.247697282308,378.7633695668176,373.0,0.0,0.0,0.0,65.0,35.0,55.0
1150.0,380.0,373.0,0.0,0.0,0.0,87.64182572561589,35.0,55.0
1150.0,380.0,373.0,0.0,0.0,0.0,226.28161037801172,35.0,55.0
1150.0,380.0,373.0,0.0,0.0,0.0,297.0,35.0,133.78052267295632
1150.0,380.0,373.0,0.0,250.0,0.0,297.0,35.0,114.3785887228929
1150.0,380.0,373.0,0.0,250.0,0.0,297.0,35.0,146.50200663120327
1150.0,380.0,373.0,0.0,250.0,0.0,297.0,35.0,85.38921991859044
1150.0,380.0,373.0,0.0,250.0,0.0,109.77527697867576,35.0,55.0
1061.8599779312501,358.6591350499436,359.8082988722767,0.0,158.19159421123265,0.0,65.0,35.0,55.0
949.570602787234,321.27583997094195,322.83565362558227,0.0,136.38467208181504,0.0,65.0,35.0,55.0
863.9875576092077,292.7835963588786,294.6563929925907,0.0,119.76419664144471,0.0,65.0,35.0,55.0
805.4544685706437,273.296803983307,275.3836600787205,0.0,112.5,0.0,65.0,35.0,55.0
817.8188081750027,277.4131307087333,279.4547695787539,0.0,0.0,0.0,65.0,35.0,55.0
771.5551125978444,262.01105565944334,264.22188399023264,0.0,0.0,0.0,65.0,35.0,55.0
732.0685162310924,248.8652074280278,251.220440909844,0.0,0.0,0.0,65.0,35.0,55.0
722.1983559911216,245.57924103757784,247.97057036231945,0.0,0.0,0.0,65.0,35.0,55.0
845.7732630044044,286.71970697491923,288.65911451474307,0.0,0.0,0.0,65.0,35.0,55.0
1026.2103515298868,346.79068799955184,348.07022491448396,0.0,0.0,0.0,65.0,35.0,55.0
1150.0,380.0,373.0,0.0,0.0,0.0,71.71836739666188,35.0,55.0
1150.0,380.0,373.0,0.0,0.0,0.0,156.88242012908856,35.0,55.0
1150.0,380.0,373.0,0.0,0.0,0.0,205.32371231296386,35.0,55.0
1150.0,380.0,373.0,0.0,0.0,0.0,278.81306791648376,35.0,55.0
1150.0,380.0,373.0,0.0,0.0,0.0,297.0,35.0,93.9860683093867
1150.0,380.0,373.0,0.0,0.0,0.0,297.0,35.0,73.78336669782985
1150.0,380.0,373.0,0.0,0.0,0.0,265.3915296747658,35.0,55.0
1150.0,380.0,373.0,0.0,0.0,0.0,137.07019090126568,35.0,55.0
1150.0,380.0,373.0,0.0,0.0,0.0,138.7510118990375,35.0,55.0
1150.0,380.0,373.0,0.0,0.0,0.0,292.8792136408987,35.0,55.0
1150.0,380.0,373.0,0.0,250.0,0.0,270.75512049487423,35.0,55.0
1150.0,380.0,373.0,0.0,250.0,0.0,297.0,35.0,56.39986314546405
1150.0,380.0,373.0,0.0,250.0,0.0,232.51181987878797,35.0,55.0
1150.0,380.0,373.0,0.0,200.58587837422257,0.0,65.0,35.0,55.0
1010.209521099406,341.463703458721,342.8017564917152,0.0,148.16092578301945,0.0,65.0,35.0,55.0
898.2321371123471,304.1842762431536,305.9318381357127,0.0,126.41459324060513,0.0,65.0,35.0,55.0
1042.9347640730543,352.35856695802255,353.5769415662138,0.0,154.5162628242787,0.0,65.0,35.0,55.0
922.2993696041459,312.19672134601325,313.85626774312436,0.0,131.08851955060663,0.0,65.0,35.0,55.0
817.7499664297915,277.3902119662282,279.43210259516263,0.0,112.5,0.0,65.0,35.0,55.0
776.4438799186189,263.6386204320739,265.83157021043655,0.0,0.0,0.0,65.0,35.0,55.0
688.9379487388381,234.5062110455133,237.01917592698592,0.0,0.0,0.0,65.0,35.0,55.0
657.9451786047549,224.18812111267565,226.81442864871352,0.0,0.0,0.0,65.0,35.0,55.0
705.3165789351468,239.95897240279373,242.41203952693257,0.0,0.0,0.0,65.0,35.0,55.0
819.6687373655557,278.02900775602296,280.0638813099938,0.0,0.0,0.0,65.0,35.0,55.0
1014.5941100217838,342.9234175347424,344.2454358297803,0.0,0.0,0.0,65.0,35.0,55.0
1150.0,380.0,373.0,0.0,0.0,0.0,235.14670046456632,35.0,55.0
1150.0,380.0,373.0,0.0,0.0,0.0,297.0,35.0,192.4850257324432
1150.0,380.0,373.0,0.0,250.0,0.0,251.69490465622977,35.0,55.0
1150.0,380.0,373.0,0.0,250.0,0.0,252.69988725041102,35.0,55.0
1150.0,380.0,373.0,0.0,250.0,0.0,275.7229304719163,35.0,55.0
1150.0,380.0,373.0,0.0,250.0,0.0,262.3630466916865,35.0,55.0
1150.0,380.0,373.0,0.0,250.0,0.0,123.34638089859818,35.0,55.0
1095.2745187229166,369.7834790650574,370.8104436538911,0.0,164.6807948867157,0.0,65.0,35.0,55.0
1082.430699123394,365.50752421701765,366.58145952198515,0.0,162.18648789202584,0.0,65.0,35.0,55.0
1141.203161020378,380.0,373.0,0.0,173.60027034738212,0.0,65.0,35.0,55.0
1150.0,380.0,373.0,0.0,250.0,0.0,134.78099712605643,35.0,55.0
1150.0,380.0,373.0,0.0,250.0,0.0,297.0,35.0,95.59862372854475
1150.0,380.0,373.0,0.0,250.0,0.0,297.0,35.0,80.08855850252381
1150.0,380.0,373.0,0.0,250.0,0.0,197.67742179129996,35.0,55.0
1081.367182867818,365.15345917789415,366.2312838336702,0.0,161.97994995253714,0.0,65.0,35.0,55.0
892.7966987874771,302.3747141672962,304.1421538250826,0.0,125.35901536302168,0.0,65.0,35.0,55.0
766.7003722736167,260.39481912914147,262.6234015733318,0.0,112.5,0.0,65.0,35.0,55.0
732.3428472044187,248.95653749119728,251.31076772610746,0.0,0.0,0.0,65.0,35.0,55.0
638.9119876674042,217.85160537204212,220.5475185734127,0.0,0.0,0.0,65.0,35.0,55.0
533.0371788612946,182.6038429372131,185.6869474683602,0.0,0.0,0.0,65.0,35.0,55.0
556.1071734719972,190.28428834798115,193.2830243499948,0.0,0.0,0.0,65.0,35.0,55.0
593.7973273165275,202.83206627386204,205.69296683653837,0.0,0.0,0.0,65.0,35.0,55.0
698.5927193375104,237.72047007712098,240.1981268101403,0.0,0.0,0.0,65.0,35.0,55.0
942.5124706656683,318.9260518857499,320.5116776064775,0.0,0.0,0.0,65.0,35.0,55.0
1150.0,380.0,373.0,0.0,0.0,0.0,174.61853262776458,35.0,55.0
1150.0,380.0,373.0,0.0,0.0,0.0,297.0,35.0,195.09786751884957
1150.0,380.0,373.0,0.0,250.0,0.0,285.95481111840223,35.0,55.0
1150.0,380.0,373.0,0.0,250.0,0.0,297.0,35.0,89.52459411588083
1150.0,380.0,373.0,0.0,250.0,0.0,297.0,35.0,152.11115715575272
1150.0,380.0,373.0,0.0,250.0,0.0,297.0,35.0,151.648660031133
1150.0,380.0,373.0,0.0,250.0,0.0,200.75458153518625,35.0,55.0
1118.1955075079727,377.4143175674115,373.0,0.0,169.13211734642226,0.0,65.0,35.0,55.0
1039.264180008624,351.1365588471314,352.3683570292681,0.0,153.80342475959222,0.0,65.0,35.0,55.0
1038.2545288531276,350.80042653697853,352.03591708161315,0.0,153.6073475786697,0.0,65.0,35.0,55.0
1085.5831269030575,366.5570281237876,367.6194347873549,0.0,162.7986985043083,0.0,65.0,35.0,55.0
1150.0,380.0,373.0,0.0,213.88577594539888,0.0,65.0,35.0,55.0
1150.0,380.0,373.0,0.0,177.1923718445417,0.0,65.0,35.0,55.0
1094.3183411854686,369.4651491519692,370.49561054666634,0.0,164.49510243741423,0.0,65.0,35.0,55.0
977.1467165005944,330.4564591947688,331.9154251382382,0.0,141.740033295714,0.0,65.0,35.0,55.0
845.7821510243608,286.7226659678985,288.6620410036328,0.0,116.22865391337301,0.0,65.0,35.0,55.0
728.0811828350699,247.53774736574945,249.9075627952195,0.0,112.5,0.0,65.0,35.0,55.0
700.5226075964624,238.36296703786522,240.8335660391188,0.0,0.0,0.0,65.0,35.0,55.0
607.6170162317768,207.4329068071376,210.24326783365296,0.0,0.0,0.0,65.0,35.0,55.0
583.793082667276,199.50146060181316,202.39894736315972,0.0,0.0,0.0,65.0,35.0,55.0
601.5782593856077,205.42248837884776,208.254933547189,0.0,0.0,0.0,65.0,35.0,55.0
636.0670578166944,216.90447344658844,219.6107907486553,0.0,0.0,0.0,65.0,35.0,55.0
741.9003546210174,252.13841573672332,254.45769352120914,0.0,0.0,0.0,65.0,35.0,55.0
959.5010729602095,324.58188469933634,326.10538195355105,0.0,0.0,0.0,65.0,35.0,55.0
1150.0,380.0,373.0,0.0,0.0,0.0,201.367437542708,35.0,55.0
1150.0,380.0,373.0,0.0,250.0,0.0,237.10260189702524,35.0,55.0
1150.0,380.0,373.0,0.0,250.0,0.0,297.0,35.0,99.27978495884858
1150.0,380.0,373.0,0.0,250.0,0.0,297.0,35.0,185.93991205514197
1150.0,380.0,373.0,0.0,250.0,442.84843513633894,65.0,35.0,55.0
1150.0,380.0,373.0,0.0,250.0,436.33435129241326,65.0,35.0,55.0
1150.0,380.0,373.0,0.0,247.16472166905385,216.86621541722045,65.0,35.0,55.0
1084.3930761340514,366.1608373087644,367.2275960684059,0.0,162.5675871955448,143.25,65.0,35.0,55.0
1089.767849689595,367.95020291483365,368.99730576440845,0.0,163.6113837990852,0.0,65.0,35.0,55.0
1064.625470490016,359.57982077137126,360.71887100055227,0.0,158.72866088206544,0.0,65.0,35.0,55.0
1103.0675095902825,372.37791577618043,373.0,0.0,166.1942163015375,0.0,65.0,35.0,55.0
1150.0,380.0,373.0,0.0,234.49436520313492,0.0,65.0,35.0,55.0
1150.0,380.0,373.0,0.0,177.23297184454145,0.0,65.0,35.0,55.0
1095.635589961446,369.9036866326672,370.929330759584,0.0,164.7509159678214,0.0,65.0,35.0,55.0
978.6866131361918,330.96912043494285,332.42245487236494,0.0,142.03908568581554,0.0,65.0,35.0,55.0
542.2463615408444,185.66975717090173,188.71918309872422,0.0,112.5,0.0,65.0,35.0,55.0
555.7412811034975,190.16247573337506,193.1625498285037,0.0,0.0,0.0,65.0,35.0,55.0
517.5,171.0,173.38220123958817,0.0,0.0,0.0,65.0,35.0,55.0
0.0,0.0,373.0,0.0,0.0,0.0,297.0,35.0,238.19608786696938
0.0,0.0,373.0,0.0,250.0,0.0,297.0,35.0,99.51040220696362
0.0,0.0,373.0,0.0,250.0,0.0,297.0,35.0,286.2395306408778
0.0,380.0,373.0,0.0,250.0,0.0,297.0,35.0,236.55620175352772
991.8053114271379,335.33658769205283,336.74194616339304,0.0,144.5867749191297,0.0,65.0,35.0,55.0
1144.8222032430124,380.0,373.0,0.0,174.3030988369952,0.0,65.0,35.0,55.0
1150.0,380.0,373.0,0.0,250.0,0.0,96.23286469063012,35.0,55.0
1150.0,380.0,373.0,0.0,250.0,0.0,147.80979982992002,35.0,55.0
1150.0,380.0,373.0,0.0,250.0,0.0,216.41451192704608,35.0,55.0
1150.0,380.0,373.0,0.0,250.0,0.0,276.56735007167646,35.0,55.0
1150.0,380.0,373.0,0.0,250.0,0.0,272.9929605574555,35.0,55.0
1150.0,380.0,373.0,0.0,250.0,0.0,228.1344012877195,35.0,55.0
1150.0,380.0,373.0,0.0,250.0,0.0,131.36755180810286,35.0,55.0
1150.0,380.0,373.0,0.0,250.0,0.0,66.60722899877209,35.0,55.0
1150.0,380.0,373.0,0.0,250.0,0.0,117.79111457782275,35.0,55.0
1150.0,380.0,373.0,0.0,250.0,0.0,217.53841182027145,35.0,55.0
1150.0,380.0,373.0,0.0,250.0,0.0,89.78241149502112,35.0,55.0
1081.783808078064,365.2921617323612,366.36846276159196,0.0,162.06085977597624,0.0,65.0,35.0,55.0
944.0558994245737,319.439889037783,321.01987033524966,0.0,135.313700704139,0.0,65.0,35.0,55.0
800.0350286877076,271.49256809681395,273.5992434500715,0.0,112.5,0.0,65.0,35.0,55.0
751.0866248283065,255.19670196722453,257.482384940845,0.0,0.0,0.0,65.0,35.0,55.0
669.1049566175768,227.90342609085738,230.48892156463492,0.0,0.0,0.0,65.0,35.0,55.0
615.8421878017022,210.1712247956345,212.95150581394287,0.0,0.0,0.0,65.0,35.0,55.0
568.1991139574442,194.30992816176973,197.26444312037435,0.0,0.0,0.0,65.0,35.0,55.0
544.4401831479813,186.4001226252032,189.44152559917163,0.0,0.0,0.0,65.0,35.0,55.0
632.5933213918178,215.74799970513882,218.4670206960322,0.0,0.0,0.0,65.0,35.0,55.0
776.7955149483874,263.75568650409616,265.94735032939496,0.0,0.0,0.0,65.0,35.0,55.0
983.6637573528152,332.62610757786837,334.0612402625841,0.0,0.0,0.0,65.0,35.0,55.0
1150.0,380.0,373.0,0.0,0.0,0.0,174.9629276673897,35.0,55.0
1150.0,380.0,373.0,0.0,0.0,0.0,297.0,35.0,146.07163357744074
1150.0,380.0,373.0,0.0,0.0,0.0,297.0,35.0,202.63366580376558
1150.0,380.0,373.0,0.0,250.0,0.0,203.8283273201268,35.0,55.0
1150.0,380.0,373.0,0.0,250.0,0.0,273.3421470178419,35.0,55.0
1150.0,380.0,373.0,0.0,250.0,0.0,272.87611794837045,35.0,55.0
1150.0,380.0,373.0,0.0,250.0,0.0,207.2410512331683,35.0,55.0
1150.0,380.0,373.0,0.0,250.0,0.0,105.3656396963616,35.0,55.0
1125.3272694579882,379.78861844021174,373.0,0.0,170.51712618888905,0.0,65.0,35.0,55.0
1082.6784517040376,365.59000582150514,366.66303507854457,0.0,162.23460216131022,0.0,65.0,35.0,55.0
1123.3190750257666,379.1200518466274,373.0,0.0,170.1271290092982,0.0,65.0,35.0,55.0
1150.0,380.0,373.0,0.0,250.0,0.0,87.53114711558646,35.0,55.0
1150.0,380.0,373.0,0.0,209.22331146992948,0.0,65.0,35.0,55.0
1101.2725506714462,371.7803393907791,372.78536877148935,0.0,165.84563007672003,0.0,65.0,35.0,55.0
999.5446458893816,337.913161152775,339.2902163550391,0.0,146.08977610455096,0.0,65.0,35.0,55.0
881.7367822203782,298.6926549871937,300.50054150718574,0.0,123.21114750796188,0.0,65.0,35.0,55.0
782.1097966544435,265.52491320872105,267.69714234673415,0.0,112.5,0.0,65.0,35.0,55.0
1073.1327250756215,362.41204962720013,363.5199882515255,0.0,0.0,0.0,65.0,35.0,55.0
945.2731936535178,319.84514972518303,321.4206792954017,0.0,0.0,0.0,65.0,35.0,55.0
847.9871733275962,287.4567603495968,289.3880714697745,0.0,0.0,0.0,65.0,35.0,55.0
769.2809849948896,261.2539547928696,263.4730997619659,0.0,0.0,0.0,65.0,35.0,55.0
780.8914579299403,265.119304788638,267.29598947368993,0.0,0.0,0.0,65.0,35.0,55.0
793.5902524819234,269.34697800594415,271.47722234126053,0.0,0.0,0.0,65.0,35.0,55.0
827.0102570075686,280.4731410033018,282.4811661238745,0.0,0.0,0.0,65.0,35.0,55.0
926.5223575153034,313.6026353338272,315.2467379787994,0.0,0.0,0.0,65.0,35.0,55.0
1119.9490184078816,377.99809510924456,373.0,0.0,0.0,0.0,65.0,35.0,55.0
1150.0,380.0,373.0,0.0,0.0,0.0,297.0,35.0,98.37134188610717
1150.0,380.0,373.0,0.0,250.0,0.0,233.86399097739778,35.0,55.0
1150.0,380.0,373.0,0.0,250.0,0.0,253.89698869637783,35.0,55.0
1150.0,380.0,373.0,0.0,250.0,0.0,265.92401282303484,35.0,55.0
1150.0,380.0,373.0,0.0,250.0,0.0,297.0,35.0,92.75467306821228
1150.0,380.0,373.0,0.0,250.0,0.0,297.0,35.0,109.8368855636601
1150.0,380.0,373.0,0.0,250.0,0.0,189.93537968806646,35.0,55.0
1137.448524803061,380.0,373.0,0.0,172.87110911097565,0.0,65.0,35.0,55.0
1062.7940146061815,358.9700938435854,360.11584183068527,0.0,158.37298684085704,0.0,65.0,35.0,55.0
1071.6287152010145,361.91133578074715,363.0247746708101,0.0,160.0887113042014,0.0,65.0,35.0,55.0
1150.0,380.0,373.0,0.0,223.32162830881427,0.0,65.0,35.0,55.0
1150.0,380.0,373.0,0.0,250.0,0.0,220.5003797735756,35.0,55.0
1150.0,380.0,373.0,0.0,250.0,0.0,227.98499956663602,35.0,55.0
1150.0,380.0,373.0,0.0,250.0,0.0,159.5185050802303,35.0,55.0
1110.3575072135789,374.8048963513897,373.0,0.0,167.60995497040955,0.0,65.0,35.0,55.0
969.885757550477,328.0391461529906,329.52466591396444,0.0,140.3299340213434,0.0,65.0,35.0,55.0
852.6091771045938,288.995514402063,290.909922542119,0.0,117.55448216663564,0.0,65.0,35.0,55.0
737.3304272295615,250.61699891571683,252.95298923346374,0.0,112.5,0.0,65.0,35.0,55.0
713.2101672326322,242.58689993537268,245.011099673737,0.0,0.0,0.0,65.0,35.0,55.0
748.8043678747991,254.4368946833239,256.73092402483576,0.0,0.0,0.0,65.0,35.0,55.0
753.4349485850867,255.97850416202834,258.2555991569938,0.0,0.0,0.0,65.0,35.0,55.0
732.6048607098837,249.0437668321471,251.3970388659635,0.0,0.0,0.0,65.0,35.0,55.0
768.0081580644048,260.8302061998634,263.05400598304965,0.0,0.0,0.0,65.0,35.0,55.0
933.4193137740481,315.8987648709,317.51764488080585,0.0,0.0,0.0,65.0,35.0,55.0
1150.0,380.0,373.0,0.0,0.0,0.0,110.83333992475508,35.0,55.0
1150.0,380.0,373.0,0.0,0.0,0.0,297.0,35.0,135.70875926040623
1150.0,380.0,373.0,0.0,250.0,0.0,297.0,35.0,62.74286418258301
1150.0,380.0,373.0,0.0,250.0,0.0,297.0,35.0,157.670181616629
1150.0,380.0,373.0,0.0,250.0,405.39986458818333,65.0,35.0,55.0
1150.0,380.0,373.0,0.0,250.0,413.66063570109515,65.0,35.0,55.0
1150.0,380.0,373.0,0.0,250.0,339.60054056258735,65.0,35.0,55.0
1150.0,380.0,373.0,0.0,250.0,260.141875561643,65.0,35.0,55.0
1150.0,380.0,373.0,0.0,247.8828594817559,222.03113230269673,65.0,35.0,55.0
1150.0,380.0,373.0,0.0,249.95493194440016,236.93367866768259,65.0,35.0,55.0
1150.0,380.0,373.0,0.0,250.0,336.54341243484504,65.0,35.0,55.0
1150.0,380.0,373.0,0.0,250.0,483.130667038234,65.0,35.0,55.0
1150.0,380.0,373.0,0.0,250.0,396.3501009274286,65.0,35.0,55.0
1150.0,380.0,373.0,0.0,248.59599947360059,227.1601043752414,65.0,35.0,55.0
1061.652808432743,358.5901643349127,359.74008579010024,0.0,158.15136129413128,143.25,65.0,35.0,55.0
973.5229138352755,329.25002551240175,330.722243947079,0.0,141.03628031433323,0.0,65.0,35.0,55.0
853.2665461655852,289.21436521988375,291.1263693168652,0.0,117.68214514369772,0.0,65.0,35.0,55.0
774.5485968390495,263.007644201857,265.20752515850614,0.0,112.5,0.0,65.0,35.0,55.0
819.6915348851395,278.0365974892509,280.07138767115214,0.0,0.0,0.0,65.0,35.0,55.0
818.1839060140294,277.53467880917947,279.574982491733,0.0,0.0,0.0,65.0,35.0,55.0
842.313602941962,285.5679195255595,287.5199792760013,0.0,0.0,0.0,65.0,35.0,55.0
878.6818859391275,297.6756211941811,299.49467967629334,0.0,0.0,0.0,65.0,35.0,55.0
968.564212248513,327.5991782760634,329.0895310175035,0.0,0.0,0.0,65.0,35.0,55.0
1150.0,380.0,373.0,0.0,0.0,0.0,74.46757241575088,35.0,55.0
1150.0,380.0,373.0,0.0,0.0,0.0,297.0,35.0,95.15418078307924
1150.0,380.0,373.0,0.0,0.0,0.0,297.0,35.0,203.1569907659388
1150.0,380.0,373.0,0.0,0.0,0.0,297.0,35.0,184.36772499276083
1150.0,380.0,373.0,0.0,0.0,0.0,297.0,35.0,179.1517922942672
1150.0,380.0,373.0,0.0,0.0,0.0,297.0,35.0,184.45813921742155
1150.0,380.0,373.0,0.0,0.0,0.0,297.0,35.0,170.94816375347884
1150.0,380.0,373.0,0.0,0.0,0.0,297.0,35.0,70.17609145425861
1150.0,380.0,373.0,0.0,0.0,0.0,198.20576445288145,35.0,55.0
1150.0,380.0,373.0,0.0,0.0,0.0,155.72287512130904,35.0,55.0
1150.0,380.0,373.0,0.0,0.0,0.0,176.64816731634886,35.0,55.0
1150.0,380.0,373.0,0.0,0.0,0.0,297.0,35.0,95.9833741410172
1150.0,380.0,373.0,0.0,250.0,0.0,297.0,35.0,62.27306462414088
1150.0,380.0,373.0,0.0,250.0,0.0,297.0,35.0,60.40549803457928
1150.0,380.0,373.0,0.0,250.0,0.0,203.272896451646,35.0,55.0
1138.141402032918,380.0,373.0,0.0,173.00566787735366,0.0,65.0,35.0,55.0
994.7321243808196,336.3109800791171,337.7056349977206,0.0,145.1551704782505,0.0,65.0,35.0,55.0
889.1497429306964,301.16057234168477,302.9413491634646,0.0,124.65076596474833,0.0,65.0,35.0,55.0
801.2988300978917,271.9133119203286,274.015365466434,0.0,112.5,0.0,65.0,35.0,55.0
788.1596340268477,267.5390205575463,269.68912503150034,0.0,0.0,0.0,65.0,35.0,55.0
718.0360727723876,244.19353681071985,246.60008788643827,0.0,0.0,0.0,65.0,35.0,55.0
725.4148643875835,246.6500786155304,249.0296449517263,0.0,0.0,0.0,65.0,35.0,55.0
753.7548260426073,256.0849975267681,258.36092270825725,0.0,0.0,0.0,65.0,35.0,55.0
845.1075645666605,286.49808314719826,288.43992519119024,0.0,0.0,0.0,65.0,35.0,55.0
1021.4444837685554,345.204038856649,346.50100487201445,0.0,0.0,0.0,65.0,35.0,55.0
1150.0,380.0,373.0,0.0,0.0,0.0,133.09858513173918,35.0,55.0
1150.0,380.0,373.0,0.0,0.0,0.0,277.9155908812983,35.0,55.0
1150.0,380.0,373.0,0.0,0.0,0.0,297.0,35.0,78.02998696195534
1150.0,380.0,373.0,0.0,0.0,0.0,297.0,35.0,57.4762486765201
1150.0,380.0,373.0,0.0,0.0,0.0,297.0,35.0,60.539531127128065
1150.0,380.0,373.0,0.0,0.0,0.0,297.0,35.0,78.98722415805082
1150.0,380.0,373.0,0.0,0.0,0.0,220.16669406710167,35.0,55.0
1150.0,380.0,373.0,0.0,0.0,0.0,73.64167959800247,35.0,55.0
1112.6223925917398,375.5589203033737,373.0,0.0,0.0,0.0,65.0,35.0,55.0
1150.0,380.0,373.0,0.0,0.0,0.0,168.58127052479242,35.0,55.0
1150.0,380.0,373.0,0.0,0.0,0.0,297.0,35.0,134.53110295222618
1150.0,380.0,373.0,0.0,250.0,0.0,297.0,35.0,108.3117451203685
1150.0,380.0,373.0,0.0,250.0,0.0,297.0,35.0,99.67107705833429
1150.0,380.0,373.0,0.0,250.0,0.0,240.95513125799783,35.0,55.0
1150.0,380.0,373.0,0.0,194.29151687910175,0.0,65.0,35.0,55.0
723.7429082618631,246.09345222833403,248.47913302105596,0.0,112.5,0.0,65.0,35.0,55.0
734.394028645208,249.63941528763397,251.98614421341662,0.0,0.0,0.0,65.0,35.0,55.0
685.787154720678,233.45725104940533,235.98173859750185,0.0,0.0,0.0,65.0,35.0,55.0
651.1686258148071,221.93207620869305,224.58316605617617,0.0,0.0,0.0,65.0,35.0,55.0
670.8051282258997,228.46944595549155,231.04872378681668,0.0,0.0,0.0,65.0,35.0,55.0
769.9507382513344,261.4769285478102,263.6936241839924,0.0,0.0,0.0,65.0,35.0,55.0
960.0103486422579,324.7514323798195,326.2730671784532,0.0,0.0,0.0,65.0,35.0,55.0
1150.0,380.0,373.0,0.0,0.0,0.0,94.93696087349696,35.0,55.0
1150.0,380.0,373.0,0.0,0.0,0.0,233.79801793141579,35.0,55.0
1150.0,380.0,373.0,0.0,0.0,0.0,297.0,35.0,64.14030342251604
1150.0,380.0,373.0,0.0,0.0,0.0,261.5543837062608,35.0,55.0
1150.0,380.0,373.0,0.0,0.0,0.0,248.89191679838305,35.0,55.0
1150.0,380.0,373.0,0.0,0.0,0.0,293.78724174219343,35.0,55.0
1150.0,380.0,373.0,0.0,0.0,0.0,296.5595744816451,35.0,55.0
1150.0,380.0,373.0,0.0,0.0,0.0,275.6682786937209,35.0,55.0
1150.0,380.0,373.0,0.0,0.0,0.0,209.5680345864643,35.0,55.0
1150.0,380.0,373.0,0.0,0.0,0.0,156.33110983189954,35.0,55.0
1150.0,380.0,373.0,0.0,0.0,0.0,206.32195318556097,35.0,55.0
1150.0,380.0,373.0,0.0,0.0,0.0,297.0,35.0,103.93831621402508
1150.0,380.0,373.0,0.0,0.0,0.0,297.0,35.0,69.07169947306544
1150.0,380.0,373.0,0.0,0.0,0.0,211.58136057623545,35.0,55.0
1094.0820065577502,369.3864688038592,370.4177944902591,0.0,0.0,0.0,65.0,35.0,55.0
955.5807027942097,323.27671798568673,324.81455229849837,0.0,0.0,0.0,65.0,35.0,55.0
841.6834455049553,285.3581279813138,287.3124922600826,0.0,0.0,0.0,65.0,35.0,55.0
759.3688650007435,257.954019192334,260.209413454012,0.0,0.0,0.0,65.0,35.0,55.0
706.247428772729,240.26887023692046,242.71853318030563,0.0,0.0,0.0,65.0,35.0,55.0
665.2199035115038,226.6100171064753,229.20972048197524,0.0,0.0,0.0,65.0,35.0,55.0
644.4533722692267,219.69643900345633,222.37208698690608,0.0,0.0,0.0,65.0,35.0,55.0
701.4786558967097,238.68125392540097,241.14835659342026,0.0,0.0,0.0,65.0,35.0,55.0
809.8214476361234,274.7506553988952,276.821541156789,0.0,0.0,0.0,65.0,35.0,55.0
984.2039038602318,332.8059327505238,334.23909008296414,0.0,0.0,0.0,65.0,35.0,55.0
1150.0,380.0,373.0,0.0,0.0,0.0,109.54900320417032,35.0,55.0
1150.0,380.0,373.0,0.0,0.0,0.0,281.02974844574686,35.0,55.0
1150.0,380.0,373.0,0.0,0.0,0.0,297.0,35.0,122.98335875175883
1150.0,380.0,373.0,0.0,0.0,0.0,297.0,35.0,122.14197604946696
1150.0,380.0,373.0,0.0,0.0,0.0,297.0,35.0,181.54880047600327
1150.0,380.0,373.0,0.0,0.0,0.0,297.0,35.0,137.51549327844043
1150.0,380.0,373.0,0.0,0.0,0.0,297.0,35.0,131.10462440190548
1150.0,380.0,373.0,0.0,0.0,0.0,292.9029754320275,35.0,55.0
1150.0,380.0,373.0,0.0,0.0,0.0,163.55176642987743,35.0,55.0
1150.0,380.0,373.0,0.0,0.0,0.0,115.9273192070537,35.0,55.0
1150.0,380.0,373.0,0.0,0.0,0.0,219.283465872853,35.0,55.0
1150.0,380.0,373.0,0.0,0.0,0.0,297.0,35.0,135.62640266480568
1150.0,380.0,373.0,0.0,0.0,0.0,297.0,35.0,96.90876147933861
1150.0,380.0,373.0,0.0,0.0,0.0,222.73938569035536,35.0,55.0
1088.1398315710221,367.408204336228,368.4612609580678,0.0,0.0,0.0,65.0,35.0,55.0
951.8696693890997,322.0412435104451,323.59264932317416,0.0,0.0,0.0,65.0,35.0,55.0
846.7522098278025,287.04561722171513,288.98144468685825,0.0,0.0,0.0,65.0,35.0,55.0
769.9674452022907,261.4824906134702,263.6991251512039,0.0,0.0,0.0,65.0,35.0,55.0
717.9683946540201,244.17100546199623,246.5778040411666,0.0,0.0,0.0,65.0,35.0,55.0
671.6149359184402,228.7390465289088,231.3153628387835,0.0,0.0,0.0,65.0,35.0,55.0
627.159185968428,213.9388713902712,216.67776538159305,0.0,0.0,0.0,65.0,35.0,55.0
689.1906332213059,234.5903345750802,237.10237537232652,0.0,0.0,0.0,65.0,35.0,55.0
817.9762380376175,277.465542141256,279.5066052796314,0.0,0.0,0.0,65.0,35.0,55.0
1015.6439551768442,343.27293120127183,344.59111014163955,0.0,0.0,0.0,65.0,35.0,55.0
1150.0,380.0,373.0,0.0,0.0,0.0,173.25100400769665,35.0,55.0
1150.0,380.0,373.0,0.0,0.0,0.0,297.0,35.0,86.8660264209815
1150.0,380.0,373.0,0.0,0.0,0.0,297.0,35.0,98.02027884778508
1150.0,380.0,373.0,0.0,0.0,0.0,297.0,35.0,110.87694940817647
1150.0,380.0,373.0,0.0,0.0,0.0,297.0,35.0,97.81139354409252
1150.0,380.0,373.0,0.0,0.0,0.0,297.0,35.0,97.45444308563575
1150.0,380.0,373.0,0.0,0.0,0.0,243.58666856177084,35.0,55.0
1150.0,380.0,373.0,0.0,0.0,0.0,100.65492463527673,35.0,55.0
1150.0,380.0,373.0,0.0,0.0,0.0,66.96935616940853,35.0,55.0
1150.0,380.0,373.0,0.0,0.0,0.0,94.87113404018164,35.0,55.0
1150.0,380.0,373.0,0.0,0.0,0.0,180.3904778463348,35.0,55.0
1150.0,380.0,373.0,0.0,0.0,0.0,297.0,35.0,98.8575399886343
1150.0,380.0,373.0,0.0,0.0,0.0,297.0,35.0,70.35878747620278
1150.0,380.0,373.0,0.0,0.0,0.0,200.73530257623563,35.0,55.0
1083.4685858948849,365.8530567074021,366.92319639031615,0.0,0.0,0.0,65.0,35.0,55.0
950.4714140882634,321.5757373978685,323.13225672471305,0.0,0.0,0.0,65.0,35.0,55.0
847.522500622041,287.3020618588032,289.23507231846315,0.0,0.0,0.0,65.0,35.0,55.0
1073.7448968530623,362.6158533990686,363.7215532698394,0.0,0.0,0.0,65.0,35.0,55.0
955.6887094325867,323.31267547523333,324.8501148004704,0.0,0.0,0.0,65.0,35.0,55.0
856.21831840345,290.19706703323504,292.098276299691,0.0,0.0,0.0,65.0,35.0,55.0
776.7042774226342,263.7253117750255,265.9173092621209,0.0,0.0,0.0,65.0,35.0,55.0
745.2710521403192,253.26058584252812,255.56753675842745,0.0,0.0,0.0,65.0,35.0,55.0
760.1528629840623,258.21502721659414,260.4675543446723,0.0,0.0,0.0,65.0,35.0,55.0
745.9952928051314,253.50169950485068,255.8060018237018,0.0,0.0,0.0,65.0,35.0,55.0
800.4344165907025,271.6255320197986,273.73074678450826,0.0,0.0,0.0,65.0,35.0,55.0
922.8676289477446,312.3859058231368,314.043374057431,0.0,0.0,0.0,65.0,35.0,55.0
1083.2806771265655,365.7904982603095,366.8613251382863,0.0,0.0,0.0,65.0,35.0,55.0
1150.0,380.0,373.0,0.0,0.0,0.0,150.0549648838479,35.0,55.0
1150.0,380.0,373.0,0.0,0.0,0.0,297.0,35.0,113.87542009256828
1150.0,380.0,373.0,0.0,0.0,0.0,297.0,35.0,145.89762003871246
1150.0,380.0,373.0,0.0,0.0,0.0,297.0,35.0,197.6463658443175
1150.0,380.0,373.0,0.0,0.0,0.0,297.0,35.0,172.01328735886102
1150.0,380.0,373.0,0.0,0.0,0.0,297.0,35.0,86.52628914135926
1150.0,380.0,373.0,0.0,0.0,0.0,246.00433559800294,35.0,55.0
1150.0,380.0,373.0,0.0,0.0,0.0,166.17691455139047,35.0,55.0
1150.0,380.0,373.0,0.0,0.0,0.0,242.74345254959627,35.0,55.0
1150.0,380.0,373.0,0.0,0.0,0.0,297.0,35.0,147.7259022569044
1150.0,380.0,373.0,0.0,250.0,0.0,297.0,35.0,90.59512084804074
1150.0,380.0,373.0,0.0,250.0,0.0,297.0,35.0,78.27345463789985
1150.0,380.0,373.0,0.0,250.0,0.0,231.10709967705378,35.0,55.0
1150.0,380.0,373.0,0.0,199.39545887910185,0.0,65.0,35.0,55.0
1016.9851671335647,343.71944648624213,345.03272052385825,0.0,149.4767758824068,0.0,65.0,35.0,55.0
909.2845037670563,307.8638219120505,309.5709645529438,0.0,128.56099488079502,0.0,65.0,35.0,55.0
818.5489752737923,277.6562173950384,279.69518599464124,0.0,112.5,0.0,65.0,35.0,55.0
789.0930763148842,267.849781468346,269.99647228078,0.0,0.0,0.0,65.0,35.0,55.0
697.5824284624739,237.38412479201563,239.86547622703046,0.0,0.0,0.0,65.0,35.0,55.0
707.8074134145082,240.78821916114012,243.23217713528197,0.0,0.0,0.0,65.0,35.0,55.0
727.6020076689891,247.37822072660703,249.74978853203731,0.0,0.0,0.0,65.0,35.0,55.0
806.1470596954711,273.5273809043675,275.6117041472391,0.0,0.0,0.0,65.0,35.0,55.0
982.5583604392423,332.25809966130004,333.69727485722046,0.0,0.0,0.0,65.0,35.0,55.0
1150.0,380.0,373.0,0.0,0.0,0.0,106.83595210175123,35.0,55.0
1150.0,380.0,373.0,0.0,0.0,0.0,270.16447503544885,35.0,55.0
1150.0,380.0,373.0,0.0,0.0,0.0,291.10970390600454,35.0,55.0
1150.0,380.0,373.0,0.0,0.0,0.0,293.29708724445254,35.0,55.0
1150.0,380.0,373.0,0.0,0.0,0.0,297.0,35.0,78.71143831041371
1150.0,380.0,373.0,0.0,0.0,0.0,297.0,35.0,82.27572911929305
1150.0,380.0,373.0,0.0,0.0,0.0,233.96348809467892,35.0,55.0
1150.0,380.0,373.0,0.0,0.0,0.0,111.47674210577082,35.0,55.0
1136.3104448951135,380.0,373.0,0.0,0.0,0.0,65.0,35.0,55.0
1150.0,380.0,373.0,0.0,0.0,0.0,177.79335565701857,35.0,55.0
1150.0,380.0,373.0,0.0,0.0,0.0,297.0,35.0,136.50127729988583
1150.0,380.0,373.0,0.0,250.0,0.0,297.0,35.0,129.36100044867064
1150.0,380.0,373.0,0.0,250.0,0.0,297.0,35.0,141.47601720086402
1150.0,380.0,373.0,0.0,250.0,0.0,297.0,35.0,56.169511581772326
1150.0,380.0,373.0,0.0,250.0,0.0,70.10895969122849,35.0,55.0
1040.136703700391,351.4270387842663,352.6556460883057,0.0,153.97287138958757,0.0,65.0,35.0,55.0
928.8960015664403,314.39286714215604,316.02828921044585,0.0,132.36960459835657,0.0,65.0,35.0,55.0
835.6585593025784,283.35232735741687,285.32872505213,0.0,114.26262305725874,0.0,65.0,35.0,55.0
734.6257508415115,249.71656006851512,252.06244157056838,0.0,112.5,0.0,65.0,35.0,55.0
703.6533771535513,239.40526050531844,241.8644100707553,0.0,0.0,0.0,65.0,35.0,55.0
672.9585777675773,229.1863707718513,231.75777329269368,0.0,0.0,0.0,65.0,35.0,55.0
687.5856078366988,234.05599072032905,236.57390120385858,0.0,0.0,0.0,65.0,35.0,55.0
774.617668455659,263.03063947297665,265.2302678300567,0.0,0.0,0.0,65.0,35.0,55.0
954.9491868506439,323.0664741684499,324.6066179777387,0.0,0.0,0.0,65.0,35.0,55.0
1150.0,380.0,373.0,0.0,0.0,0.0,93.51332191600335,35.0,55.0
1150.0,380.0,373.0,0.0,0.0,0.0,243.7248974285862,35.0,55.0
1150.0,380.0,373.0,0.0,0.0,0.0,257.8793875734788,35.0,55.0
1150.0,380.0,373.0,0.0,0.0,0.0,260.4236316537259,35.0,55.0
1150.0,380.0,373.0,0.0,0.0,0.0,283.68805359655505,35.0,55.0
1150.0,380.0,373.0,0.0,0.0,0.0,268.2875145940819,35.0,55.0
1150.0,380.0,373.0,0.0,0.0,0.0,160.86010344754354,35.0,55.0
1130.6188000746956,380.0,373.0,0.0,0.0,0.0,65.0,35.0,55.0
1150.0,380.0,373.0,0.0,0.0,0.0,71.39723027000736,35.0,55.0
1150.0,380.0,373.0,0.0,0.0,0.0,207.9493853429552,35.0,55.0
1150.0,380.0,373.0,0.0,0.0,0.0,297.0,35.0,174.55034176343344
1150.0,380.0,373.0,0.0,250.0,0.0,297.0,35.0,169.2919670568469
1150.0,380.0,373.0,0.0,250.0,0.0,297.0,35.0,171.66167357378825
1150.0,380.0,373.0,0.0,250.0,0.0,297.0,35.0,79.30753337224422
1150.0,380.0,373.0,0.0,250.0,0.0,87.49154686308957,35.0,55.0
1047.6359072315788,353.92366803440086,355.1248502444047,0.0,155.42923845216603,0.0,65.0,35.0,55.0
932.8842270623203,315.72062420165395,317.34146105982046,0.0,133.14412954973034,0.0,65.0,35.0,55.0
838.8514911005594,284.4153158317758,286.3800367591569,0.0,114.88269966730142,0.0,65.0,35.0,55.0
739.304811016725,251.2743092945489,253.60307915737684,0.0,112.5,0.0,65.0,35.0,55.0
707.5838709385023,240.7137975666437,243.15857305072512,0.0,0.0,0.0,65.0,35.0,55.0
667.6015367139776,227.4029086571125,229.99390223906377,0.0,0.0,0.0,65.0,35.0,55.0
665.9311057768789,226.8467900345753,229.44389249533472,0.0,0.0,0.0,65.0,35.0,55.0
737.6800058757563,250.73338037805252,253.0680922630692,0.0,0.0,0.0,65.0,35.0,55.0
906.6511061174621,306.98711312932846,308.70388628336525,0.0,0.0,0.0,65.0,35.0,55.0
1089.544867393471,367.87596781500594,368.92388612590463,0.0,0.0,0.0,65.0,35.0,55.0
1150.0,380.0,373.0,0.0,0.0,0.0,158.98972386150496,35.0,55.0
1150.0,380.0,373.0,0.0,0.0,0.0,212.54662083922156,35.0,55.0
1150.0,380.0,373.0,0.0,0.0,0.0,223.64042732106068,35.0,55.0
1150.0,380.0,373.0,0.0,0.0,0.0,254.55679781221028,35.0,55.0
1150.0,380.0,373.0,0.0,0.0,0.0,275.54227309232124,35.0,55.0
1150.0,380.0,373.0,0.0,0.0,0.0,182.17460933385806,35.0,55.0
1139.5221273130426,380.0,373.0,0.0,0.0,0.0,65.0,35.0,55.0
1150.0,380.0,373.0,0.0,0.0,0.0,83.6724657855921,35.0,55.0
1150.0,380.0,373.0,0.0,0.0,0.0,219.76183076444002,35.0,55.0
1150.0,380.0,373.0,0.0,0.0,0.0,297.0,35.0,188.8852838793206
1150.0,380.0,373.0,0.0,250.0,0.0,297.0,35.0,174.22448905684692
1150.0,380.0,373.0,0.0,250.0,0.0,297.0,35.0,170.2523042246183
1150.0,380.0,373.0,0.0,250.0,0.0,297.0,35.0,71.76034498494883
1150.0,380.0,373.0,0.0,250.0,0.0,77.04246700378233,35.0,55.0
1043.1181294590656,352.41961282566353,353.6373168542481,0.0,154.55187291373593,0.0,65.0,35.0,55.0
928.9206777012905,314.4010823025782,316.0364141285755,0.0,132.37439677526947,0.0,65.0,35.0,55.0
834.1530943695833,282.8511290940098,284.8330323757073,0.0,113.97025740360462,0.0,65.0,35.0,55.0
726.9837623995484,247.17239497230875,249.5462237424643,0.0,112.5,0.0,65.0,35.0,55.0
684.9046934813366,233.1634627113389,235.69117747981568,0.0,0.0,0.0,65.0,35.0,55.0
643.548406152732,219.39515835846183,222.07411586414827,0.0,0.0,0.0,65.0,35.0,55.0
617.9215629432654,210.8634888179189,213.63616542083096,0.0,0.0,0.0,65.0,35.0,55.0
674.6825128227671,229.76030194550455,232.32539991936363,0.0,0.0,0.0,65.0,35.0,55.0
834.9766244754092,283.1252981230301,285.10418969948455,0.0,0.0,0.0,65.0,35.0,55.0
1010.0718325908621,341.4178643030815,342.7564208722551,0.0,0.0,0.0,65.0,35.0,55.0
1105.3622283556983,373.14187183721333,373.0,0.0,0.0,0.0,65.0,35.0,55.0
1146.0215329774132,380.0,373.0,0.0,0.0,0.0,65.0,35.0,55.0
1150.0,380.0,373.0,0.0,0.0,0.0,113.93460982242894,35.0,55.0
1150.0,380.0,373.0,0.0,0.0,0.0,160.4990101626212,35.0,55.0
1150.0,380.0,373.0,0.0,0.0,0.0,196.60859135870925,35.0,55.0
1150.0,380.0,373.0,0.0,0.0,0.0,136.02922702631173,35.0,55.0
1135.6893078208118,380.0,373.0,0.0,0.0,0.0,65.0,35.0,55.0
1150.0,380.0,373.0,0.0,0.0,0.0,101.54158978559195,35.0,55.0
1150.0,380.0,373.0,0.0,0.0,0.0,234.79486847518191,35.0,55.0
1150.0,380.0,373.0,0.0,0.0,0.0,297.0,35.0,192.64846993726425
1150.0,380.0,373.0,0.0,250.0,0.0,297.0,35.0,178.64007988892283
1150.0,380.0,373.0,0.0,250.0,0.0,297.0,35.0,182.2688262721277
1150.0,380.0,373.0,0.0,250.0,0.0,297.0,35.0,92.05316235636354
1150.0,380.0,373.0,0.0,250.0,0.0,103.1536010661222,35.0,55.0
759.9690016251662,258.15381623003,260.40701575152116,0.0,112.5,0.0,65.0,35.0,55.0
771.1689273802365,261.8824871646372,264.09472780086185,0.0,0.0,0.0,65.0,35.0,55.0
721.2525864488945,245.26437614650098,247.65916421436427,0.0,0.0,0.0,65.0,35.0,55.0
668.0464744087706,227.55103698283241,230.14040339756932,0.0,0.0,0.0,65.0,35.0,55.0
624.1558589035238,212.93900598232793,215.68888334366127,0.0,0.0,0.0,65.0,35.0,55.0
666.5457764224952,227.0514257277743,229.64628029644933,0.0,0.0,0.0,65.0,35.0,55.0
808.3861142328495,274.27280527209103,276.34894014122625,0.0,0.0,0.0,65.0,35.0,55.0
959.4945845833257,324.5797245937402,326.1032455763876,0.0,0.0,0.0,65.0,35.0,55.0
1032.1129192563271,348.75576644760895,350.0137172735283,0.0,0.0,0.0,65.0,35.0,55.0
1034.3081221373395,349.4865917545796,350.73651457523295,0.0,0.0,0.0,65.0,35.0,55.0
1039.9508539440105,351.36516582189364,352.59445279105,0.0,0.0,0.0,65.0,35.0,55.0
1046.9102869012215,353.68209505485333,354.8859309074355,0.0,0.0,0.0,65.0,35.0,55.0
1079.460346072432,364.5186364932191,365.603434580001,0.0,0.0,0.0,65.0,35.0,55.0
1068.5113324477304,360.873499038039,361.9983384074725,0.0,0.0,0.0,65.0,35.0,55.0
1046.8647136767713,353.66692285093706,354.87092536788043,0.0,0.0,0.0,65.0,35.0,55.0
1020.7929048083005,344.9871156748498,346.2864645585002,0.0,0.0,0.0,65.0,35.0,55.0
1017.1625436427621,343.77849854147803,345.0911239012147,0.0,0.0,0.0,65.0,35.0,55.0
1127.858279368758,380.0,373.0,0.0,0.0,0.0,65.0,35.0,55.0
1150.0,380.0,373.0,0.0,0.0,0.0,291.4306436408985,35.0,55.0
1150.0,380.0,373.0,0.0,0.0,0.0,297.0,35.0,102.70614957583
1150.0,380.0,373.0,0.0,0.0,0.0,297.0,35.0,60.60806133930811
1150.0,380.0,373.0,0.0,0.0,0.0,111.8485826297417,35.0,55.0
1026.4418457193772,346.8677568725748,348.1464471976138,0.0,0.0,0.0,65.0,35.0,55.0
913.7403223767852,309.34724972249444,311.0380971336517,0.0,0.0,0.0,65.0,35.0,55.0
828.4181135942753,280.9418435688141,282.94472006272014,0.0,0.0,0.0,65.0,35.0,55.0
772.9759418935977,262.48407708958234,264.68970935163145,0.0,0.0,0.0,65.0,35.0,55.0
722.3628136690432,245.63399216513437,248.02472005703538,0.0,0.0,0.0,65.0,35.0,55.0
671.1279847005352,228.57693109238883,231.15502821577076,0.0,0.0,0.0,65.0,35.0,55.0
629.9988762380017,214.8842589582783,217.61276801040614,0.0,0.0,0.0,65.0,35.0,55.0
657.3079550294678,223.97597711494035,226.6046150206503,0.0,0.0,0.0,65.0,35.0,55.0
808.5856215372863,274.339225095183,276.4146303526251,0.0,0.0,0.0,65.0,35.0,55.0
974.7360928717161,329.65391617298076,331.1216979299471,0.0,0.0,0.0,65.0,35.0,55.0
1063.0950928744799,359.07032859626105,360.2149755197899,0.0,0.0,0.0,65.0,35.0,55.0
1089.6360590135575,367.9063272611963,368.95391207817846,0.0,0.0,0.0,65.0,35.0,55.0
1108.5418268090275,374.2004213844087,373.0,0.0,0.0,0.0,65.0,35.0,55.0
1109.6210848356163,374.5597271622047,373.0,0.0,0.0,0.0,65.0,35.0,55.0
1132.1301070938412,380.0,373.0,0.0,0.0,0.0,65.0,35.0,55.0
1125.907388528034,379.9817512486245,373.0,0.0,0.0,0.0,65.0,35.0,55.0
1112.2160105917803,375.42362791084065,373.0,0.0,0.0,0.0,65.0,35.0,55.0
1082.9195972961254,365.67028783228716,366.7424352036021,0.0,0.0,0.0,65.0,35.0,55.0
1036.4591531535702,350.2027113972502,351.44476775213184,0.0,0.0,0.0,65.0,35.0,55.0
1103.9080145366936,372.6577360564764,373.0,0.0,0.0,0.0,65.0,35.0,55.0
1150.0,380.0,373.0,0.0,0.0,0.0,271.0463171080083,35.0,55.0
1150.0,380.0,373.0,0.0,0.0,0.0,297.0,35.0,86.97975482921485
1150.0,380.0,373.0,0.0,0.0,0.0,290.6068214713435,35.0,55.0
1150.0,380.0,373.0,0.0,0.0,0.0,99.62426786602828,35.0,55.0
1015.1893998523861,343.1216009814523,344.44144226135586,0.0,0.0,0.0,65.0,35.0,55.0
900.199071658264,304.83910662614204,306.57947530616076,0.0,0.0,0.0,65.0,35.0,55.0
1150.0,380.0,373.0,0.0,0.0,0.0,68.9633553047645,35.0,55.0
1012.7539290773175,342.3107858662741,343.6395338273672,0.0,0.0,0.0,65.0,35.0,55.0
907.3154279798462,307.2082786686067,308.9226223527044,0.0,0.0,0.0,65.0,35.0,55.0
805.1124282701904,273.18293218141696,275.2710391413209,0.0,0.0,0.0,65.0,35.0,55.0
700.109718313749,238.22550824560784,240.6976172108673,0.0,0.0,0.0,65.0,35.0,55.0
644.9375036934537,219.85761567636666,222.53149315848518,0.0,0.0,0.0,65.0,35.0,55.0
654.9197202645146,223.18088777704287,225.81825961866156,0.0,0.0,0.0,65.0,35.0,55.0
738.8824804187716,251.13370730665886,253.46402166102038,0.0,0.0,0.0,65.0,35.0,55.0
922.9407541528738,312.41025061192516,314.0674514224031,0.0,0.0,0.0,65.0,35.0,55.0
1124.3478263226773,379.46254296162374,373.0,0.0,0.0,0.0,65.0,35.0,55.0
1150.0,380.0,373.0,0.0,0.0,0.0,226.31363425308757,35.0,55.0
1150.0,380.0,373.0,0.0,0.0,0.0,297.0,35.0,55.94094433859974
1150.0,380.0,373.0,0.0,0.0,0.0,279.9212733143668,35.0,55.0
1150.0,380.0,373.0,0.0,0.0,0.0,297.0,35.0,69.95214230930394
1150.0,380.0,373.0,0.0,0.0,0.0,297.0,35.0,105.96480790525693
1150.0,380.0,373.0,0.0,0.0,0.0,268.73207671595895,35.0,55.0
1150.0,380.0,373.0,0.0,0.0,0.0,104.04227168537697,35.0,55.0
1109.0636281431814,374.3741390956549,373.0,0.0,0.0,0.0,65.0,35.0,55.0
1150.0,380.0,373.0,0.0,0.0,0.0,151.2637030785022,35.0,55.0
1150.0,380.0,373.0,0.0,0.0,0.0,297.0,35.0,128.95764747371655
1150.0,380.0,373.0,0.0,250.0,0.0,297.0,35.0,129.63202328074635
1150.0,380.0,373.0,0.0,250.0,0.0,297.0,35.0,142.3302182246183
1150.0,380.0,373.0,0.0,250.0,0.0,297.0,35.0,62.55116196906838
1150.0,380.0,373.0,0.0,250.0,0.0,79.20717437867542,35.0,55.0
1047.3100988310364,353.8152001445308,355.01757385787033,0.0,155.36596551640855,0.0,65.0,35.0,55.0
935.789922901521,316.6879862947046,318.298196826849,0.0,133.7084241040099,0.0,65.0,35.0,55.0
841.5525224133797,285.3145411632489,287.26938423661005,0.0,115.40724777732741,0.0,65.0,35.0,55.0
738.0884925315975,250.86937345105306,253.20259147276784,0.0,112.5,0.0,65.0,35.0,55.0
696.498605148769,237.02329914223563,239.50861419234272,0.0,0.0,0.0,65.0,35.0,55.0
672.3979945310621,228.9997418185767,231.57319443019367,0.0,0.0,0.0,65.0,35.0,55.0
686.5892801322923,233.7242940435825,236.24584816484904,0.0,0.0,0.0,65.0,35.0,55.0
773.550795885205,262.67545705200564,264.87898703416454,0.0,0.0,0.0,65.0,35.0,55.0
966.1715596899289,326.8026181696032,328.30172100312177,0.0,0.0,0.0,65.0,35.0,55.0
1150.0,380.0,373.0,0.0,0.0,0.0,133.21126052852563,35.0,55.0
1150.0,380.0,373.0,0.0,0.0,0.0,297.0,35.0,97.24326671052208
1150.0,380.0,373.0,0.0,0.0,0.0,297.0,35.0,173.81624891263948
1150.0,380.0,373.0,0.0,250.0,0.0,222.6918054964099,35.0,55.0
1150.0,380.0,373.0,0.0,250.0,0.0,282.41302856760814,35.0,55.0
1150.0,380.0,373.0,0.0,250.0,0.0,297.0,35.0,70.97334201487084
1150.0,380.0,373.0,0.0,250.0,0.0,215.1155369832938,35.0,55.0
1150.0,380.0,373.0,0.0,215.6848002553772,0.0,65.0,35.0,55.0
1082.9410778617284,365.6774391261774,366.7495079416125,0.0,162.28560492236903,0.0,65.0,35.0,55.0
1068.1056512914245,360.73843996985255,361.86476294268664,0.0,159.40452208117955,0.0,65.0,35.0,55.0
1150.0,380.0,373.0,0.0,240.38746231484785,0.0,65.0,35.0,55.0
1150.0,380.0,373.0,0.0,250.0,0.0,296.72118040024316,35.0,55.0
1150.0,380.0,373.0,0.0,250.0,0.0,297.0,35.0,71.28672440750466
1150.0,380.0,373.0,0.0,250.0,0.0,241.58522122623776,35.0,55.0
1150.0,380.0,373.0,0.0,212.22021045702627,0.0,65.0,35.0,55.0
1023.1557256533231,345.77374422946605,347.06445211763014,0.0,150.67511623262075,0.0,65.0,35.0,55.0
913.1584338920103,309.15352784184887,310.8465032585133,0.0,129.31332333984406,0.0,65.0,35.0,55.0
817.1739104815775,277.19843184930727,279.2424291537685,0.0,112.5,0.0,65.0,35.0,55.0
779.4457881043169,264.6380134678093,266.8199850650976,0.0,0.0,0.0,65.0,35.0,55.0
731.2116205099742,248.57993034323312,250.938297550602,0.0,0.0,0.0,65.0,35.0,55.0
743.8398649647569,252.7841160747633,255.09630093886915,0.0,0.0,0.0,65.0,35.0,55.0
766.984033101161,260.48925528042327,262.71680035780025,0.0,0.0,0.0,65.0,35.0,55.0
866.349711932507,293.57000301557946,295.4341610913203,0.0,0.0,0.0,65.0,35.0,55.0
1077.4825662391397,363.86019550524105,364.9522264665121,0.0,0.0,0.0,65.0,35.0,55.0
1150.0,380.0,373.0,0.0,0.0,0.0,297.0,35.0,90.8770218952103
1150.0,380.0,373.0,0.0,250.0,0.0,294.9334020867199,35.0,55.0
1150.0,380.0,373.0,0.0,250.0,0.0,297.0,35.0,131.5909694925759
1150.0,380.0,373.0,0.0,250.0,0.0,297.0,35.0,170.05548204632007
1150.0,380.0,373.0,0.0,250.0,399.4899838497093,65.0,35.0,55.0
1150.0,380.0,373.0,0.0,250.0,358.6100972532553,65.0,35.0,55.0
1150.0,380.0,373.0,0.0,232.82134574475668,143.25,65.0,35.0,55.0
1119.4370759917092,377.82765962162443,373.0,0.0,169.37323354471312,0.0,65.0,35.0,55.0
1064.8828712494299,359.6655144403438,360.80362333755505,0.0,158.77864885563278,0.0,65.0,35.0,55.0
1069.2891826235477,361.13246033880796,362.2544550575891,0.0,159.63436729640352,0.0,65.0,35.0,55.0
1150.0,380.0,373.0,0.0,245.46448025690438,0.0,65.0,35.0,55.0
1150.0,380.0,373.0,0.0,250.0,0.0,292.7436755681668,35.0,55.0
1150.0,380.0,373.0,0.0,250.0,0.0,296.9211020345789,35.0,55.0
1150.0,380.0,373.0,0.0,250.0,0.0,213.31542645164507,35.0,55.0
1150.0,380.0,373.0,0.0,183.08374108213394,0.0,65.0,35.0,55.0
1006.9778678855388,340.38782387944593,341.7376952866064,0.0,147.53332936177569,0.0,65.0,35.0,55.0
897.8350271835676,304.0520707016468,305.8010848520483,0.0,126.33747334139287,0.0,65.0,35.0,55.0
801.3258009642457,271.9222910410527,274.0242459528773,0.0,112.5,0.0,65.0,35.0,55.0
770.3530716457699,261.61087308160984,263.8260973573829,0.0,0.0,0.0,65.0,35.0,55.0
720.1821590093539,244.90801024116325,247.30671293450183,0.0,0.0,0.0,65.0,35.0,55.0
739.7568048706237,251.42478675149903,253.75190364226196,0.0,0.0,0.0,65.0,35.0,55.0
781.9506443225041,265.47192833299465,267.64473950183964,0.0,0.0,0.0,65.0,35.0,55.0
902.299253005177,305.5382974348037,307.27098560972735,0.0,0.0,0.0,65.0,35.0,55.0
1142.8413950616887,380.0,373.0,0.0,0.0,0.0,65.0,35.0,55.0
1150.0,380.0,373.0,0.0,250.0,0.0,198.86709533636648,35.0,55.0
1150.0,380.0,373.0,0.0,250.0,0.0,297.0,35.0,181.66958828257833
1150.0,380.0,373.0,0.0,250.0,438.00683486786795,65.0,35.0,55.0
1150.0,380.0,373.0,0.0,250.0,474.3790111500965,65.0,35.0,55.0
1150.0,380.0,373.0,0.0,250.0,519.5362411502399,65.0,35.0,55.0
1150.0,380.0,373.0,0.0,250.0,481.95705956019884,65.0,35.0,55.0
1150.0,380.0,373.0,0.0,250.0,238.61961046933962,65.0,35.0,55.0
1097.3256230318523,370.4663311828149,371.48579474459746,0.0,165.0791252887409,143.25,65.0,35.0,55.0
1129.2693527408298,380.0,373.0,0.0,171.28269018874522,0.0,65.0,35.0,55.0
1136.9657271049848,380.0,373.0,0.0,172.77734839859565,0.0,65.0,35.0,55.0
1150.0,380.0,373.0,0.0,241.4381696195267,0.0,65.0,35.0,55.0
1150.0,380.0,373.0,0.0,250.0,0.0,277.43612212791453,35.0,55.0
1150.0,380.0,373.0,0.0,250.0,0.0,277.90568296331537,35.0,55.0
1150.0,380.0,373.0,0.0,250.0,0.0,191.53004767705366,35.0,55.0
1134.674724629894,380.0,373.0,0.0,172.33242907734612,0.0,65.0,35.0,55.0
993.334068339365,335.8455403038253,337.24530800783924,0.0,144.88366394266367,0.0,65.0,35.0,55.0
886.8471589212077,300.39399778945744,302.18319531654583,0.0,124.20359747594905,0.0,65.0,35.0,55.0
795.6018548906618,270.0166791805304,272.1395669499138,0.0,112.5,0.0,65.0,35.0,55.0
765.9283844448472,260.13780951658214,262.3692151724256,0.0,0.0,0.0,65.0,35.0,55.0
721.3733769595588,245.30458963328115,247.6989359620851,0.0,0.0,0.0,65.0,35.0,55.0
746.6763204269921,253.72842671312233,256.0302384679432,0.0,0.0,0.0,65.0,35.0,55.0
807.0379713520132,273.82398254902995,275.90504766777457,0.0,0.0,0.0,65.0,35.0,55.0
935.5227465424799,316.5990381403903,318.21022575453287,0.0,0.0,0.0,65.0,35.0,55.0
1150.0,380.0,373.0,0.0,0.0,0.0,113.02077377109643,35.0,55.0
1150.0,380.0,373.0,0.0,250.0,0.0,248.89106357750708,35.0,55.0
1150.0,380.0,373.0,0.0,250.0,381.5285860120919,65.0,35.0,55.0
1150.0,380.0,373.0,0.0,250.0,404.0630979679518,65.0,35.0,55.0
1150.0,380.0,373.0,0.0,250.0,349.24385964889694,65.0,35.0,55.0
1150.0,380.0,373.0,0.0,250.0,338.6901769311858,65.0,35.0,55.0
1150.0,380.0,373.0,0.0,250.0,295.19037053769244,65.0,35.0,55.0
1150.0,380.0,373.0,0.0,238.58446482566322,155.15617499279543,65.0,35.0,55.0
1100.4859611670681,371.5184685992594,372.5263745909371,0.0,165.6928721150002,143.25,65.0,35.0,55.0
1144.2606015339609,380.0,373.0,0.0,174.19403415726634,0.0,65.0,35.0,55.0
1141.942230305588,380.0,373.0,0.0,173.74379974479976,0.0,65.0,35.0,55.0
1150.0,380.0,373.0,0.0,245.34164095932306,0.0,65.0,35.0,55.0
1150.0,380.0,373.0,0.0,250.0,0.0,272.1403762398641,35.0,55.0
1150.0,380.0,373.0,0.0,250.0,0.0,272.7524779395606,35.0,55.0
1150.0,380.0,373.0,0.0,250.0,0.0,184.92951588658215,35.0,55.0
1125.9498633550822,379.99589193638707,373.0,0.0,170.6380357283247,0.0,65.0,35.0,55.0
696.1657400868136,236.91248195390762,239.39901431403803,0.0,112.5,0.0,65.0,35.0,55.0
709.0832440096513,241.2129677319455,243.6522599073929,0.0,0.0,0.0,65.0,35.0,55.0
658.5546036296598,224.39101043773718,227.01508926528007,0.0,0.0,0.0,65.0,35.0,55.0
612.0909620631894,208.92236951871348,211.71636902301833,0.0,0.0,0.0,65.0,35.0,55.0
681.6129393543781,232.0675743808732,234.60732731661648,0.0,0.0,0.0,65.0,35.0,55.0
779.6513479283244,264.7064482912056,266.8876681423278,0.0,0.0,0.0,65.0,35.0,55.0
972.2808445376108,328.8365167275892,330.31327749361475,0.0,0.0,0.0,65.0,35.0,55.0
1150.0,380.0,373.0,0.0,0.0,0.0,121.12657700285315,35.0,55.0
1150.0,380.0,373.0,0.0,0.0,0.0,295.93573895068175,35.0,55.0
1150.0,380.0,373.0,0.0,0.0,0.0,297.0,35.0,73.92392195502472
1150.0,380.0,373.0,0.0,0.0,0.0,293.7869241465879,35.0,55.0
1150.0,380.0,373.0,0.0,0.0,0.0,297.0,35.0,61.603492066954615
1150.0,380.0,373.0,0.0,0.0,0.0,297.0,35.0,72.20904404558983
1150.0,380.0,373.0,0.0,0.0,0.0,256.60271904914805,35.0,55.0
1150.0,380.0,373.0,0.0,0.0,0.0,188.981965915776,35.0,55.0
1150.0,380.0,373.0,0.0,0.0,0.0,119.99123365625076,35.0,55.0
1150.0,380.0,373.0,0.0,0.0,0.0,71.93719384743343,35.0,55.0
1150.0,380.0,373.0,0.0,0.0,0.0,118.73100118556093,35.0,55.0
1150.0,380.0,373.0,0.0,0.0,0.0,245.3052328616819,35.0,55.0
1150.0,380.0,373.0,0.0,0.0,0.0,244.44763020086197,35.0,55.0
1150.0,380.0,373.0,0.0,0.0,0.0,198.8356206463632,35.0,55.0
1100.9169172366405,371.6619421727319,372.6682721289435,0.0,0.0,0.0,65.0,35.0,55.0
963.888257474314,326.04246289782077,327.5499159218249,0.0,0.0,0.0,65.0,35.0,55.0
852.6912882137128,289.02285077131006,290.93695862549174,0.0,0.0,0.0,65.0,35.0,55.0
768.7772780897691,261.08626106545057,263.3072481247345,0.0,0.0,0.0,65.0,35.0,55.0
712.9523393657581,242.5010640741028,244.92620670639772,0.0,0.0,0.0,65.0,35.0,55.0
660.8853816679042,225.16697132500363,227.7825263397697,0.0,0.0,0.0,65.0,35.0,55.0
622.7500583932621,212.4709879242532,215.22600639304267,0.0,0.0,0.0,65.0,35.0,55.0
690.5521763863526,235.04361851077277,237.55068005266486,0.0,0.0,0.0,65.0,35.0,55.0
771.499248122285,261.99245729987825,264.2034899308294,0.0,0.0,0.0,65.0,35.0,55.0
942.7558882167128,319.00709027541444,320.5918258017101,0.0,0.0,0.0,65.0,35.0,55.0
1115.8167460377963,376.62238207175034,373.0,0.0,0.0,0.0,65.0,35.0,55.0
1150.0,380.0,373.0,0.0,0.0,0.0,165.46695149026297,35.0,55.0
1150.0,380.0,373.0,0.0,0.0,0.0,178.9233886594218,35.0,55.0
1150.0,380.0,373.0,0.0,0.0,0.0,153.3463967688765,35.0,55.0
1150.0,380.0,373.0,0.0,0.0,0.0,158.59484599031362,35.0,55.0
1150.0,380.0,373.0,0.0,0.0,0.0,162.58006899706032,35.0,55.0
1150.0,380.0,373.0,0.0,0.0,0.0,123.4722200060046,35.0,55.0
1150.0,380.0,373.0,0.0,0.0,0.0,103.97745678544607,35.0,55.0
1150.0,380.0,373.0,0.0,0.0,0.0,93.79236774165591,35.0,55.0
1150.0,380.0,373.0,0.0,0.0,0.0,93.95674819576932,35.0,55.0
1150.0,380.0,373.0,0.0,0.0,0.0,149.46312584633458,35.0,55.0
1150.0,380.0,373.0,0.0,0.0,0.0,286.5727328616827,35.0,55.0
1150.0,380.0,373.0,0.0,0.0,0.0,269.33327291708207,35.0,55.0
1150.0,380.0,373.0,0.0,0.0,0.0,204.2190687783976,35.0,55.0
1097.769668077082,370.61416232830754,371.6320019873556,0.0,0.0,0.0,65.0,35.0,55.0
960.0874569859022,324.7771032321135,326.29845604032425,0.0,0.0,0.0,65.0,35.0,55.0
847.5580549585094,287.31389858200015,289.2467790170492,0.0,0.0,0.0,65.0,35.0,55.0
1070.5084618615406,361.5383818739409,362.6559176061619,0.0,0.0,0.0,65.0,35.0,55.0
949.2434946556388,321.1669393755786,322.72794928675887,0.0,0.0,0.0,65.0,35.0,55.0
846.4050359360084,286.93003634842216,288.8671334519462,0.0,0.0,0.0,65.0,35.0,55.0
778.0931256344517,264.18768608653744,266.3746044618776,0.0,0.0,0.0,65.0,35.0,55.0
772.6362026563784,262.37097135594905,264.5778460673449,0.0,0.0,0.0,65.0,35.0,55.0
725.2144105583783,246.58334367611798,248.96364308551196,0.0,0.0,0.0,65.0,35.0,55.0
685.7435764200875,233.44274299405348,235.96738991093983,0.0,0.0,0.0,65.0,35.0,55.0
737.8013576915889,250.77378073413098,253.1080488273574,0.0,0.0,0.0,65.0,35.0,55.0
907.2040747906826,307.1712070478665,308.8859579581012,0.0,0.0,0.0,65.0,35.0,55.0
1092.0380639328378,368.70600094860885,369.7448014712975,0.0,0.0,0.0,65.0,35.0,55.0
1150.0,380.0,373.0,0.0,0.0,0.0,163.46253129402115,35.0,55.0
1150.0,380.0,373.0,0.0,0.0,0.0,206.30599628526485,35.0,55.0
1150.0,380.0,373.0,0.0,0.0,0.0,221.6738253247067,35.0,55.0
1150.0,380.0,373.0,0.0,0.0,0.0,271.90360057140396,35.0,55.0
1150.0,380.0,373.0,0.0,0.0,0.0,297.0,35.0,72.41237556803782
1150.0,380.0,373.0,0.0,0.0,0.0,271.0918446551415,35.0,55.0
1150.0,380.0,373.0,0.0,0.0,0.0,213.15111812106764,35.0,55.0
1150.0,380.0,373.0,0.0,0.0,0.0,162.15198261353999,35.0,55.0
1150.0,380.0,373.0,0.0,0.0,0.0,168.93667380074655,35.0,55.0
1150.0,380.0,373.0,0.0,0.0,0.0,297.0,35.0,105.44443819896131
1150.0,380.0,373.0,0.0,250.0,0.0,297.0,35.0,79.41120956816675
1150.0,380.0,373.0,0.0,250.0,0.0,297.0,35.0,82.45895203457924
1150.0,380.0,373.0,0.0,250.0,0.0,243.74140304846938,35.0,55.0
1150.0,380.0,373.0,0.0,207.15619991027168,0.0,65.0,35.0,55.0
1018.4360958954106,344.20248860819834,345.510456501293,0.0,149.7585504535479,0.0,65.0,35.0,55.0
906.8882196434654,307.06605278767495,308.7819588015253,0.0,128.0956295582426,0.0,65.0,35.0,55.0
809.4634118342191,274.6314583865842,276.7036535055981,0.0,112.5,0.0,65.0,35.0,55.0
768.5954575831249,261.025729517897,263.24738150705934,0.0,0.0,0.0,65.0,35.0,55.0
715.2793581011292,243.27577341705867,245.6924059846014,0.0,0.0,0.0,65.0,35.0,55.0
647.7042667048453,220.77872435593557,223.44248359877093,0.0,0.0,0.0,65.0,35.0,55.0
613.8530447517657,209.50900077404071,212.29655622288934,0.0,0.0,0.0,65.0,35.0,55.0
672.9600179108098,229.1868502232629,231.75824747740415,0.0,0.0,0.0,65.0,35.0,55.0
841.993344585207,285.4612993521305,287.41453030902284,0.0,0.0,0.0,65.0,35.0,55.0
1041.8058489952791,351.982729391757,353.20523251866865,0.0,0.0,0.0,65.0,35.0,55.0
1125.5828190829122,379.8736958308696,373.0,0.0,0.0,0.0,65.0,35.0,55.0
1150.0,380.0,373.0,0.0,0.0,0.0,123.93056073089684,35.0,55.0
1150.0,380.0,373.0,0.0,0.0,0.0,84.90700476720873,35.0,55.0
1150.0,380.0,373.0,0.0,0.0,0.0,100.37499417499929,35.0,55.0
1150.0,380.0,373.0,0.0,0.0,0.0,137.6798557783809,35.0,55.0
1150.0,380.0,373.0,0.0,0.0,0.0,86.18682155117318,35.0,55.0
1129.291837541047,380.0,373.0,0.0,0.0,0.0,65.0,35.0,55.0
1150.0,380.0,373.0,0.0,0.0,0.0,77.10569841069875,35.0,55.0
1150.0,380.0,373.0,0.0,0.0,0.0,211.49879136776025,35.0,55.0
1150.0,380.0,373.0,0.0,0.0,0.0,297.0,35.0,162.76047518399974
1150.0,380.0,373.0,0.0,250.0,0.0,297.0,35.0,134.965628784519
1150.0,380.0,373.0,0.0,250.0,0.0,297.0,35.0,131.6645761295988
1150.0,380.0,373.0,0.0,250.0,0.0,279.2114124198852,35.0,55.0
1150.0,380.0,373.0,0.0,233.20443128516462,0.0,65.0,35.0,55.0
1028.1341131386118,347.431145280469,348.7036468692092,0.0,151.64193351237247,0.0,65.0,35.0,55.0
916.1423779567943,310.1469402758391,311.8290032074331,0.0,129.89281392633836,0.0,65.0,35.0,55.0
822.6817604491365,279.0321011552772,281.0559558802411,0.0,112.5,0.0,65.0,35.0,55.0
788.9544349497734,267.8036250884085,269.95082292168263,0.0,0.0,0.0,65.0,35.0,55.0
685.7740544614184,233.4528897208568,235.97742517748662,0.0,0.0,0.0,65.0,35.0,55.0
610.0805781290387,208.25307399777884,211.05442561197276,0.0,0.0,0.0,65.0,35.0,55.0
613.0270210262079,209.2340015709979,212.02457784442538,0.0,0.0,0.0,65.0,35.0,55.0
682.3278998201139,232.30559848623616,234.84273676324628,0.0,0.0,0.0,65.0,35.0,55.0
878.6300463008836,297.6583627804551,299.47761084362725,0.0,0.0,0.0,65.0,35.0,55.0
1053.0559894271184,355.7281177591271,356.9094783623063,0.0,0.0,0.0,65.0,35.0,55.0
1150.0,380.0,373.0,0.0,0.0,0.0,84.80028372991394,35.0,55.0
1150.0,380.0,373.0,0.0,0.0,0.0,139.17236313306995,35.0,55.0
1150.0,380.0,373.0,0.0,0.0,0.0,173.12163244937855,35.0,55.0
1150.0,380.0,373.0,0.0,0.0,0.0,162.03273857843493,35.0,55.0
1150.0,380.0,373.0,0.0,0.0,0.0,205.21341714740808,35.0,55.0
1150.0,380.0,373.0,0.0,0.0,0.0,181.41025455469952,35.0,55.0
1150.0,380.0,373.0,0.0,0.0,0.0,139.24257651931103,35.0,55.0
1150.0,380.0,373.0,0.0,0.0,0.0,108.23436331304276,35.0,55.0
1150.0,380.0,373.0,0.0,0.0,0.0,203.53998168182238,35.0,55.0
1150.0,380.0,373.0,0.0,0.0,0.0,297.0,35.0,148.7054407204522
1150.0,380.0,373.0,0.0,250.0,0.0,297.0,35.0,118.08842723231855
1150.0,380.0,373.0,0.0,250.0,0.0,297.0,35.0,106.93547938374935
1150.0,380.0,373.0,0.0,250.0,0.0,251.29628585482118,35.0,55.0
1150.0,380.0,373.0,0.0,210.1395335665486,0.0,65.0,35.0,55.0
1019.4669543663637,344.54568124200625,345.8498792160174,0.0,149.95874615660253,0.0,65.0,35.0,55.0
738.8624525968783,251.1270396591217,253.45742725658118,0.0,112.5,0.0,65.0,35.0,55.0
752.0587503131825,255.52034125908386,257.8024691041195,0.0,0.0,0.0,65.0,35.0,55.0
698.4798733225227,237.68290146592008,240.16097088444127,0.0,0.0,0.0,65.0,35.0,55.0
720.2891883879894,244.94364238212515,247.34195366179407,0.0,0.0,0.0,65.0,35.0,55.0
798.6360145689553,271.02680935914236,273.13860100156376,0.0,0.0,0.0,65.0,35.0,55.0
955.096686691019,323.1155797053698,324.6551840977758,0.0,0.0,0.0,65.0,35.0,55.0
1135.5889570029576,380.0,373.0,0.0,0.0,0.0,65.0,35.0,55.0
1150.0,380.0,373.0,0.0,0.0,0.0,208.31908733472417,35.0,55.0
1150.0,380.0,373.0,0.0,0.0,0.0,255.88240009102827,35.0,55.0
1150.0,380.0,373.0,0.0,0.0,0.0,278.5845799167831,35.0,55.0
1150.0,380.0,373.0,0.0,0.0,0.0,297.0,35.0,90.47651968378317
1150.0,380.0,373.0,0.0,0.0,0.0,297.0,35.0,147.96216796051272
1150.0,380.0,373.0,0.0,0.0,0.0,297.0,35.0,132.94311479013584
1150.0,380.0,373.0,0.0,0.0,0.0,297.0,35.0,100.93526175027982
1150.0,380.0,373.0,0.0,0.0,0.0,260.15741960629776,35.0,55.0
1150.0,380.0,373.0,0.0,0.0,0.0,194.43132829903013,35.0,55.0
1150.0,380.0,373.0,0.0,0.0,0.0,260.4570831155863,35.0,55.0
1150.0,380.0,373.0,0.0,0.0,0.0,297.0,35.0,172.64320928596902
1150.0,380.0,373.0,0.0,250.0,0.0,224.31010293175507,35.0,55.0
1150.0,380.0,373.0,0.0,250.0,0.0,160.9527761303276,35.0,55.0
1115.0571177740135,376.36948719635427,373.0,0.0,168.52263296330554,0.0,65.0,35.0,55.0
979.0045466684772,331.0749666295422,332.52713836255396,0.0,142.10082929933185,0.0,65.0,35.0,55.0
871.4601745903275,295.27137443458054,297.1168432030672,0.0,121.21540051893754,0.0,65.0,35.0,55.0
719.4335117391413,244.65877114996206,247.06021169695398,0.0,112.5,0.0,65.0,35.0,55.0
730.6771277156614,248.40198740053026,250.76230928416365,0.0,0.0,0.0,65.0,35.0,55.0
680.9012356391023,231.83063451044598,234.37299019476592,0.0,0.0,0.0,65.0,35.0,55.0
625.8331888610097,213.4974214215903,216.24116467393176,0.0,0.0,0.0,65.0,35.0,55.0
674.0502185936074,229.5497990220079,232.1172093385872,0.0,0.0,0.0,65.0,35.0,55.0
722.800878390435,245.77983234567222,248.16895820528703,0.0,0.0,0.0,65.0,35.0,55.0
859.3609976266724,291.24332545786064,293.1330417340461,0.0,0.0,0.0,65.0,35.0,55.0
1015.1664190859333,343.11395024181326,344.43387556393265,0.0,0.0,0.0,65.0,35.0,55.0
1101.124821132505,371.7311573827838,372.73672702040005,0.0,0.0,0.0,65.0,35.0,55.0
1121.752797160906,378.59860778727005,373.0,0.0,0.0,0.0,65.0,35.0,55.0
1119.651727460975,377.8991212287837,373.0,0.0,0.0,0.0,65.0,35.0,55.0
1150.0,380.0,373.0,0.0,0.0,0.0,70.1446933186284,35.0,55.0
1150.0,380.0,373.0,0.0,0.0,0.0,116.17569077030808,35.0,55.0
1150.0,380.0,373.0,0.0,0.0,0.0,104.61579019728507,35.0,55.0
1150.0,380.0,373.0,0.0,0.0,0.0,99.9757506208378,35.0,55.0
1150.0,380.0,373.0,0.0,0.0,0.0,75.93506930190468,35.0,55.0
1140.720687463065,380.0,373.0,0.0,0.0,0.0,65.0,35.0,55.0
1150.0,380.0,373.0,0.0,0.0,0.0,115.73508715904396,35.0,55.0
1150.0,380.0,373.0,0.0,0.0,0.0,245.04595550933993,35.0,55.0
1150.0,380.0,373.0,0.0,0.0,0.0,270.1783500218071,35.0,55.0
1150.0,380.0,373.0,0.0,0.0,0.0,211.06197529323984,35.0,55.0
1105.99426378987,373.35228860287543,373.0,0.0,0.0,0.0,65.0,35.0,55.0
967.579046655208,327.2711976810252,328.7651532396078,0.0,0.0,0.0,65.0,35.0,55.0
854.4491729014452,289.6080844313253,291.5157635824235,0.0,0.0,0.0,65.0,35.0,55.0
769.2950055109822,261.258622492637,263.4777161877587,0.0,0.0,0.0,65.0,35.0,55.0
711.3111002402658,241.95466396772773,244.38580872240325,0.0,0.0,0.0,65.0,35.0,55.0
662.4312266126132,225.68161287181357,228.29151462716393,0.0,0.0,0.0,65.0,35.0,55.0
645.9724299370187,220.20216255000074,222.8722552369165,0.0,0.0,0.0,65.0,35.0,55.0
703.7311780597142,239.43116192500995,241.89002696727596,0.0,0.0,0.0,65.0,35.0,55.0
823.3645660562378,279.25942028906996,281.28077794779136,0.0,0.0,0.0,65.0,35.0,55.0
1014.1455498708746,342.77408322363226,344.09774193345135,0.0,0.0,0.0,65.0,35.0,55.0
1150.0,380.0,373.0,0.0,0.0,0.0,190.9666481025973,35.0,55.0
1150.0,380.0,373.0,0.0,0.0,0.0,297.0,35.0,128.00733873905963
1150.0,380.0,373.0,0.0,0.0,0.0,297.0,35.0,186.6588543700342
1150.0,380.0,373.0,0.0,250.0,0.0,210.83171999817114,35.0,55.0
1150.0,380.0,373.0,0.0,250.0,0.0,253.76422350700125,35.0,55.0
1150.0,380.0,373.0,0.0,250.0,0.0,268.9607018536016,35.0,55.0
1150.0,380.0,373.0,0.0,250.0,0.0,220.94522559324867,35.0,55.0
1150.0,380.0,373.0,0.0,250.0,0.0,185.1964788162367,35.0,55.0
1150.0,380.0,373.0,0.0,238.41280288650358,0.0,65.0,35.0,55.0
1115.0627980430445,376.37137826728633,373.0,0.0,168.5237360880159,0.0,65.0,35.0,55.0
1150.0,380.0,373.0,0.0,250.0,0.0,66.31727927395475,35.0,55.0
1150.0,380.0,373.0,0.0,250.0,0.0,214.34921539800456,35.0,55.0
1150.0,380.0,373.0,0.0,250.0,0.0,153.83660953893212,35.0,55.0
1150.0,380.0,373.0,0.0,241.3150068586536,0.0,65.0,35.0,55.0
1060.0695249791684,358.0630587876356,359.2187704173956,0.0,157.84388305821966,0.0,65.0,35.0,55.0
929.2296126476626,314.50393269466235,316.138134724686,0.0,132.43439283731857,0.0,65.0,35.0,55.0
817.4626276386961,277.29455135006225,279.3374927963713,0.0,112.5,0.0,65.0,35.0,55.0
794.3470898709953,269.5989437454116,271.72642027525654,0.0,0.0,0.0,65.0,35.0,55.0
730.7265100348498,248.41842772542773,250.7785690145831,0.0,0.0,0.0,65.0,35.0,55.0
696.1169334311836,236.89623327849293,239.38294412786084,0.0,0.0,0.0,65.0,35.0,55.0
695.683692482277,236.75199902469546,239.24029426548765,0.0,0.0,0.0,65.0,35.0,55.0
734.9642467388645,249.82925187036682,252.17389547005126,0.0,0.0,0.0,65.0,35.0,55.0
848.5910136600064,287.65779042299545,289.586893258276,0.0,0.0,0.0,65.0,35.0,55.0
1041.5537514610376,351.8988012685561,353.1222263331847,0.0,0.0,0.0,65.0,35.0,55.0
1150.0,380.0,373.0,0.0,0.0,0.0,229.038073367231,35.0,55.0
1150.0,380.0,373.0,0.0,0.0,0.0,297.0,35.0,140.7832987735704
1150.0,380.0,373.0,0.0,0.0,0.0,297.0,35.0,119.23712305763449
1150.0,380.0,373.0,0.0,0.0,0.0,297.0,35.0,68.4484807476646
1150.0,380.0,373.0,0.0,0.0,0.0,297.0,35.0,80.48758474041391
1150.0,380.0,373.0,0.0,0.0,0.0,297.0,35.0,96.85553674432344
1150.0,380.0,373.0,0.0,0.0,0.0,265.6746680284938,35.0,55.0
1150.0,380.0,373.0,0.0,0.0,0.0,177.70039367220892,35.0,55.0
1150.0,380.0,373.0,0.0,0.0,0.0,110.53494578352385,35.0,55.0
1150.0,380.0,373.0,0.0,0.0,0.0,105.35726694740342,35.0,55.0
1150.0,380.0,373.0,0.0,0.0,0.0,177.2301378640131,35.0,55.0
1150.0,380.0,373.0,0.0,0.0,0.0,297.0,35.0,59.2619937632436
1150.0,380.0,373.0,0.0,0.0,0.0,250.68237727519187,35.0,55.0
1150.0,380.0,373.0,0.0,0.0,0.0,196.95045477839813,35.0,55.0
1101.9285039179172,371.99871885668495,373.0,0.0,0.0,0.0,65.0,35.0,55.0
967.2612021092647,327.16538111169257,328.66049904925643,0.0,0.0,0.0,65.0,35.0,55.0
857.6625997448676,290.6778961009368,292.57382353293696,0.0,0.0,0.0,65.0,35.0,55.0
843.3046573333858,285.89786061487825,287.84629601244495,0.0,0.0,0.0,65.0,35.0,55.0
787.592894064464,267.3503419116844,269.5025189919756,0.0,0.0,0.0,65.0,35.0,55.0
737.8153180601481,250.77842840962646,253.11264544884176,0.0,0.0,0.0,65.0,35.0,55.0
688.2796813289406,234.28706115004428,236.8024333599141,0.0,0.0,0.0,65.0,35.0,55.0
717.7898519230291,244.11156514907003,246.51901667107177,0.0,0.0,0.0,65.0,35.0,55.0
823.166042436925,279.1933279536962,281.21541162670775,0.0,0.0,0.0,65.0,35.0,55.0
1005.5570931598535,339.9148206167333,341.26988789306756,0.0,0.0,0.0,65.0,35.0,55.0
1150.0,380.0,373.0,0.0,0.0,0.0,158.78145341025618,35.0,55.0
1150.0,380.0,373.0,0.0,0.0,0.0,297.0,35.0,65.4105480897812
1150.0,380.0,373.0,0.0,0.0,0.0,297.0,35.0,91.58358975445462
1150.0,380.0,373.0,0.0,0.0,0.0,297.0,35.0,115.99380446947214
1150.0,380.0,373.0,0.0,0.0,0.0,297.0,35.0,146.12603284515183
1150.0,380.0,373.0,0.0,0.0,0.0,297.0,35.0,183.72764714547375
1150.0,380.0,373.0,0.0,0.0,0.0,297.0,35.0,153.37646037366204
1150.0,380.0,373.0,0.0,0.0,0.0,297.0,35.0,105.68033435556787
1150.0,380.0,373.0,0.0,0.0,0.0,297.0,35.0,58.83655517184518
1150.0,380.0,373.0,0.0,0.0,0.0,268.6716771322039,35.0,55.0
1150.0,380.0,373.0,0.0,0.0,0.0,297.0,35.0,75.19409401714776
1150.0,380.0,373.0,0.0,0.0,0.0,297.0,35.0,194.7719128992386
1150.0,380.0,373.0,0.0,0.0,0.0,297.0,35.0,192.60965832553967
1150.0,380.0,373.0,0.0,0.0,0.0,297.0,35.0,147.17365389191974
1150.0,380.0,373.0,0.0,0.0,0.0,191.31250223874179,35.0,55.0
1068.1903528985222,360.76663876575594,361.8926519790896,0.0,0.0,0.0,65.0,35.0,55.0
951.8284052098519,322.0275058706458,323.57906258926664,0.0,0.0,0.0,65.0,35.0,55.0
865.2980154277329,293.21987299908324,295.08787720000527,0.0,0.0,0.0,65.0,35.0,55.0
806.787718625081,273.74066859770346,275.82264890758006,0.0,0.0,0.0,65.0,35.0,55.0
752.3552327389552,255.6190459672914,257.90008955606265,0.0,0.0,0.0,65.0,35.0,55.0
696.9355719986352,237.16877382020348,239.6524908530147,0.0,0.0,0.0,65.0,35.0,55.0
711.4109241274288,241.98789726183912,244.4186769538142,0.0,0.0,0.0,65.0,35.0,55.0
814.0351764901377,276.1534868683062,278.2089627350587,0.0,0.0,0.0,65.0,35.0,55.0
985.5984567413886,333.2702062563003,334.6982636146242,0.0,0.0,0.0,65.0,35.0,55.0
1150.0,380.0,373.0,0.0,0.0,0.0,96.33211231008487,35.0,55.0
1150.0,380.0,373.0,0.0,0.0,0.0,227.0258533599187,35.0,55.0
1150.0,380.0,373.0,0.0,0.0,0.0,254.65928573581223,35.0,55.0
1150.0,380.0,373.0,0.0,0.0,0.0,277.5590018208222,35.0,55.0
1150.0,380.0,373.0,0.0,0.0,0.0,297.0,35.0,98.70179533645911
1150.0,380.0,373.0,0.0,0.0,0.0,297.0,35.0,161.69438009660394
1150.0,380.0,373.0,0.0,0.0,0.0,297.0,35.0,161.7561159397748
1150.0,380.0,373.0,0.0,0.0,0.0,297.0,35.0,152.4176852937952
1150.0,380.0,373.0,0.0,0.0,0.0,297.0,35.0,121.55712847519756
1150.0,380.0,373.0,0.0,0.0,0.0,297.0,35.0,82.98965027201545
1150.0,380.0,373.0,0.0,0.0,0.0,297.0,35.0,130.35749801714806
1150.0,380.0,373.0,0.0,250.0,0.0,256.9850982615528,35.0,55.0
1150.0,380.0,373.0,0.0,250.0,0.0,211.08021882450728,35.0,55.0
1150.0,380.0,373.0,0.0,250.0,0.0,100.98095642166999,35.0,55.0
1086.7846719817871,366.95704561583665,368.0150581478626,0.0,163.03204204133695,0.0,65.0,35.0,55.0
959.7383478790049,324.6608780884508,326.1835076122548,0.0,138.35927765036183,0.0,65.0,35.0,55.0
859.4469681602786,291.27194670383136,293.16134857996644,0.0,118.88240100933386,0.0,65.0,35.0,55.0
779.1765005025536,264.54836244014155,266.7313188403853,0.0,112.5,0.0,65.0,35.0,55.0
793.2088746186911,269.22000997197364,271.3516490319056,0.0,0.0,0.0,65.0,35.0,55.0
740.2734525834344,251.59678872296897,253.9220161981362,0.0,0.0,0.0,65.0,35.0,55.0
687.2034236076541,233.92875423165327,236.44806238873267,0.0,0.0,0.0,65.0,35.0,55.0
737.3386651698149,250.61974148464594,252.9557016756887,0.0,0.0,0.0,65.0,35.0,55.0
849.7560640900551,288.04565814380663,289.970500310942,0.0,0.0,0.0,65.0,35.0,55.0
1038.8090709522044,350.9850442792799,352.21850682598773,0.0,0.0,0.0,65.0,35.0,55.0
1150.0,380.0,373.0,0.0,0.0,0.0,226.83547549392733,35.0,55.0
1150.0,380.0,373.0,0.0,0.0,0.0,297.0,35.0,118.99540917136088
1150.0,380.0,373.0,0.0,0.0,0.0,297.0,35.0,87.04575675575131
1150.0,380.0,373.0,0.0,0.0,0.0,297.0,35.0,63.19183080060454
1150.0,380.0,373.0,0.0,0.0,0.0,297.0,35.0,74.03499738641369
1150.0,380.0,373.0,0.0,0.0,0.0,297.0,35.0,80.6119960523164
1150.0,380.0,373.0,0.0,0.0,0.0,253.1121831015852,35.0,55.0
1150.0,380.0,373.0,0.0,0.0,0.0,198.75986272407744,35.0,55.0
1150.0,380.0,373.0,0.0,0.0,0.0,177.2062386110134,35.0,55.0
1150.0,380.0,373.0,0.0,0.0,0.0,187.62557627492285,35.0,55.0
1150.0,380.0,373.0,0.0,0.0,0.0,254.3086295378524,35.0,55.0
1150.0,380.0,373.0,0.0,0.0,0.0,297.0,35.0,188.47948803119027
1150.0,380.0,373.0,0.0,250.0,0.0,221.87124368952522,35.0,55.0
1150.0,380.0,373.0,0.0,250.0,0.0,161.80135822306508,35.0,55.0
1118.805061969643,377.6172499844645,373.0,0.0,169.25049458970315,0.0,65.0,35.0,55.0
981.6548217393799,331.9572942307869,333.3997737287849,0.0,142.61552040005787,0.0,65.0,35.0,55.0
874.9088692167467,296.4195112791524,298.2523679383616,0.0,121.88514701160446,0.0,65.0,35.0,55.0
794.4734569695171,269.6410137856648,271.76802818249183,0.0,112.5,0.0,65.0,35.0,55.0
804.5159316738196,272.9843469791469,275.07463536740914,0.0,0.0,0.0,65.0,35.0,55.0
750.1311488493554,254.87860561646812,257.1677828303052,0.0,0.0,0.0,65.0,35.0,55.0
700.1089825261299,238.22526328774214,240.69737494382662,0.0,0.0,0.0,65.0,35.0,55.0
705.1812040323509,239.91390349105544,242.36746569036112,0.0,0.0,0.0,65.0,35.0,55.0
796.9817037486708,270.47605743387993,272.5938990027531,0.0,0.0,0.0,65.0,35.0,55.0
966.2356727345909,326.8239626366459,328.32283100442805,0.0,0.0,0.0,65.0,35.0,55.0
1126.5004312432052,380.0,373.0,0.0,0.0,0.0,65.0,35.0,55.0
1150.0,380.0,373.0,0.0,0.0,0.0,146.71355789016621,35.0,55.0
1150.0,380.0,373.0,0.0,0.0,0.0,161.7006928512739,35.0,55.0
1150.0,380.0,373.0,0.0,0.0,0.0,174.4126834292366,35.0,55.0
1150.0,380.0,373.0,0.0,0.0,0.0,227.66805489287287,35.0,55.0
1150.0,380.0,373.0,0.0,0.0,0.0,277.1125974657286,35.0,55.0
1150.0,380.0,373.0,0.0,0.0,0.0,266.8145716875458,35.0,55.0
1150.0,380.0,373.0,0.0,0.0,0.0,255.8105572636885,35.0,55.0
1150.0,380.0,373.0,0.0,0.0,0.0,241.4737377924823,35.0,55.0
1150.0,380.0,373.0,0.0,0.0,0.0,241.8471765834452,35.0,55.0
1150.0,380.0,373.0,0.0,0.0,0.0,297.0,35.0,62.41760711558642
1150.0,380.0,373.0,0.0,0.0,0.0,297.0,35.0,203.06904022677526
1150.0,380.0,373.0,0.0,0.0,0.0,297.0,35.0,194.46861971932478
1150.0,380.0,373.0,0.0,0.0,0.0,297.0,35.0,125.11835003759168
1150.0,380.0,373.0,0.0,0.0,0.0,155.5506942444269,35.0,55.0
1042.4158992363764,352.1858268633273,353.4060989952861,0.0,0.0,0.0,65.0,35.0,55.0
921.6694674862262,311.9870148024077,313.64886479412655,0.0,0.0,0.0,65.0,35.0,55.0
831.6058271361002,282.0030947852229,283.99431359531235,0.0,0.0,0.0,65.0,35.0,55.0
773.2949007375348,262.59026463017256,264.79473043817734,0.0,0.0,0.0,65.0,35.0,55.0
719.5420112160884,244.69489271495812,247.09593647203152,0.0,0.0,0.0,65.0,35.0,55.0
720.4633922940831,245.00163821670046,247.3993124209138,0.0,0.0,0.0,65.0,35.0,55.0
786.4874542754995,266.9823197210726,269.1385394693667,0.0,0.0,0.0,65.0,35.0,55.0
873.738029177144,296.0297160858437,297.8668545861915,0.0,0.0,0.0,65.0,35.0,55.0
1035.0763961296063,349.7423649594585,350.9894781502098,0.0,0.0,0.0,65.0,35.0,55.0
1150.0,380.0,373.0,0.0,0.0,0.0,167.17541064553902,35.0,55.0
1150.0,380.0,373.0,0.0,0.0,0.0,297.0,35.0,59.11919294188221
1150.0,380.0,373.0,0.0,0.0,0.0,297.0,35.0,92.21537184267605
1150.0,380.0,373.0,0.0,0.0,0.0,297.0,35.0,110.34061218845383
1150.0,380.0,373.0,0.0,0.0,0.0,297.0,35.0,157.1215540754664
1150.0,380.0,373.0,0.0,0.0,0.0,297.0,35.0,200.10826345827167
1150.0,380.0,373.0,0.0,0.0,0.0,297.0,35.0,176.49643135570668
1150.0,380.0,373.0,0.0,0.0,0.0,297.0,35.0,161.22581433337857
1150.0,380.0,373.0,0.0,0.0,0.0,297.0,35.0,125.79269305234939
1150.0,380.0,373.0,0.0,0.0,0.0,297.0,35.0,100.14047493062611
1150.0,380.0,373.0,0.0,0.0,0.0,297.0,35.0,153.32887472183316
1150.0,380.0,373.0,0.0,250.0,0.0,288.1633976586434,35.0,55.0
1150.0,380.0,373.0,0.0,250.0,0.0,223.16504308467483,35.0,55.0
1150.0,380.0,373.0,0.0,250.0,0.0,89.5468245765973,35.0,55.0
1071.3490619379284,361.8182338248377,362.9326954257799,0.0,160.03440182992088,0.0,65.0,35.0,55.0
947.1338767516531,320.46460695536973,322.03333188177197,0.0,135.91145282273123,0.0,65.0,35.0,55.0
847.653268955785,287.34559715500615,289.2781293860336,0.0,116.59203043918582,0.0,65.0,35.0,55.0
698.9626110398599,237.84361414697148,240.3199181610417,0.0,112.5,0.0,65.0,35.0,55.0
715.3049441558456,243.2842915073245,245.7008305049363,0.0,0.0,0.0,65.0,35.0,55.0
667.6007591572378,227.40264979350226,229.99364621903104,0.0,0.0,0.0,65.0,35.0,55.0
649.7717442279601,221.4670274319539,224.12322576978758,0.0,0.0,0.0,65.0,35.0,55.0
702.9119006190308,239.15840869009918,241.62026988532446,0.0,0.0,0.0,65.0,35.0,55.0
790.1083029156796,268.1877699515922,270.330748011748,0.0,0.0,0.0,65.0,35.0,55.0
958.5205483402373,324.255449173681,325.7825322726851,0.0,0.0,0.0,65.0,35.0,55.0
1150.0,380.0,373.0,0.0,0.0,0.0,65.8347220240963,35.0,55.0
1150.0,380.0,373.0,0.0,0.0,0.0,221.75972291671656,35.0,55.0
1150.0,380.0,373.0,0.0,0.0,0.0,243.7182307980119,35.0,55.0
1150.0,380.0,373.0,0.0,0.0,0.0,213.77306838797722,35.0,55.0
1150.0,380.0,373.0,0.0,0.0,0.0,221.42082236210064,35.0,55.0
1150.0,380.0,373.0,0.0,0.0,0.0,228.14734900393447,35.0,55.0
1150.0,380.0,373.0,0.0,0.0,0.0,173.92499076138427,35.0,55.0
1150.0,380.0,373.0,0.0,0.0,0.0,109.87958386115774,35.0,55.0
1147.4739737147152,380.0,373.0,0.0,0.0,0.0,65.0,35.0,55.0
1146.791505535795,380.0,373.0,0.0,0.0,0.0,65.0,35.0,55.0
1150.0,380.0,373.0,0.0,0.0,0.0,125.9983725159479,35.0,55.0
1150.0,380.0,373.0,0.0,0.0,0.0,239.1632028616823,35.0,55.0
1150.0,380.0,373.0,0.0,0.0,0.0,226.40995037991755,35.0,55.0
1150.0,380.0,373.0,0.0,0.0,0.0,181.90667580808193,35.0,55.0
1096.6268284287023,370.2336890043749,371.2557081052389,0.0,0.0,0.0,65.0,35.0,55.0
967.0024357530764,327.0792328092597,328.575297072873,0.0,0.0,0.0,65.0,35.0,55.0
860.7168241065724,291.69470619899505,293.5794641261302,0.0,0.0,0.0,65.0,35.0,55.0
781.1967294809485,265.2209355658681,267.39650385223075,0.0,0.0,0.0,65.0,35.0,55.0
731.0928642071947,248.5403940834258,250.89919559061832,0.0,0.0,0.0,65.0,35.0,55.0
687.7939495811943,234.1253516986207,236.64250026231295,0.0,0.0,0.0,65.0,35.0,55.0
642.3688543613166,219.00246285523284,221.6857340615229,0.0,0.0,0.0,65.0,35.0,55.0
618.189729620465,210.9527666682164,213.7244625674699,0.0,0.0,0.0,65.0,35.0,55.0
708.6811121011291,241.07909027668595,243.51985307569493,0.0,0.0,0.0,65.0,35.0,55.0
892.4555628602462,302.26114344866534,304.0298306635882,0.0,0.0,0.0,65.0,35.0,55.0
1082.2479277820005,365.44667611826793,366.5212798303808,0.0,0.0,0.0,65.0,35.0,55.0
1150.0,380.0,373.0,0.0,0.0,0.0,150.18988984593955,35.0,55.0
1150.0,380.0,373.0,0.0,0.0,0.0,209.4298767474178,35.0,55.0
1150.0,380.0,373.0,0.0,0.0,0.0,229.39387241961973,35.0,55.0
1150.0,380.0,373.0,0.0,0.0,0.0,265.573809569427,35.0,55.0
1150.0,380.0,373.0,0.0,0.0,0.0,281.24423701295217,35.0,55.0
1150.0,380.0,373.0,0.0,0.0,0.0,227.3856812956472,35.0,55.0
1150.0,380.0,373.0,0.0,0.0,0.0,179.10484411227682,35.0,55.0
1150.0,380.0,373.0,0.0,0.0,0.0,113.36082343579945,35.0,55.0
1142.670767917951,380.0,373.0,0.0,0.0,0.0,65.0,35.0,55.0
1150.0,380.0,373.0,0.0,0.0,0.0,93.58026517672228,35.0,55.0
1150.0,380.0,373.0,0.0,0.0,0.0,206.31680996012116,35.0,55.0
1150.0,380.0,373.0,0.0,0.0,0.0,237.81624948464298,35.0,55.0
1150.0,380.0,373.0,0.0,0.0,0.0,199.31355199948538,35.0,55.0
1114.0597529366632,376.03744523808115,373.0,0.0,0.0,0.0,65.0,35.0,55.0
983.1133066904622,332.44285195363165,333.87999767361356,0.0,0.0,0.0,65.0,35.0,55.0
876.658902059291,297.00213090871995,298.82858757957405,0.0,0.0,0.0,65.0,35.0,55.0
861.7877529577763,292.05123903392996,293.9320805018935,0.0,0.0,0.0,65.0,35.0,55.0
802.7450937981084,272.3948009534443,274.4915654154737,0.0,0.0,0.0,65.0,35.0,55.0
748.4751391318779,254.32728809561846,256.62252144888913,0.0,0.0,0.0,65.0,35.0,55.0
696.7896749784832,237.1202018929976,239.60445248106984,0.0,0.0,0.0,65.0,35.0,55.0
718.0392482930665,244.19459400269741,246.60113346532216,0.0,0.0,0.0,65.0,35.0,55.0
831.9443700244627,282.11580223128647,284.1057829671578,0.0,0.0,0.0,65.0,35.0,55.0
1031.9432395513309,348.699276806691,349.9578481627567,0.0,0.0,0.0,65.0,35.0,55.0
1150.0,380.0,373.0,0.0,0.0,0.0,249.99217018478922,35.0,55.0
1150.0,380.0,373.0,0.0,250.0,0.0,214.5216167532054,35.0,55.0
1150.0,380.0,373.0,0.0,250.0,0.0,297.0,35.0,60.68819449905717
1150.0,380.0,373.0,0.0,250.0,0.0,297.0,35.0,101.58641036176073
1150.0,380.0,373.0,0.0,250.0,0.0,297.0,35.0,172.61092455851568
1150.0,380.0,373.0,0.0,250.0,392.47738389608753,65.0,35.0,55.0
1150.0,380.0,373.0,0.0,250.0,294.7048817951228,65.0,35.0,55.0
1150.0,380.0,373.0,0.0,243.9766628784732,193.93738701114313,65.0,35.0,55.0
1150.0,380.0,373.0,0.0,199.23377252807975,143.25,65.0,35.0,55.0
1150.0,380.0,373.0,0.0,250.0,0.0,67.61782080157141,35.0,55.0
1150.0,380.0,373.0,0.0,250.0,0.0,66.9018687218332,35.0,55.0
1150.0,380.0,373.0,0.0,250.0,0.0,164.38548293401593,35.0,55.0
1150.0,380.0,373.0,0.0,250.0,0.0,135.90735171932468,35.0,55.0
1150.0,380.0,373.0,0.0,250.0,0.0,101.02664108395886,35.0,55.0
1093.4459133413584,369.1747011243648,370.2083530466379,0.0,164.32567442131167,0.0,65.0,35.0,55.0
967.6006615393945,327.27839369215815,328.7722702036487,0.0,139.8861617525245,0.0,65.0,35.0,55.0
862.5777157564215,292.3142328600628,294.1921853806938,0.0,119.49040126713551,0.0,65.0,35.0,55.0
778.9037261229759,264.45755059700264,266.64150455158386,0.0,112.5,0.0,65.0,35.0,55.0
787.9853421512319,267.4809954362232,269.63173730734337,0.0,0.0,0.0,65.0,35.0,55.0
736.367599557392,250.29645504473373,252.63596648833612,0.0,0.0,0.0,65.0,35.0,55.0
687.9442543359964,234.17539104556104,236.69198993460887,0.0,0.0,0.0,65.0,35.0,55.0
712.1193860771767,242.22375788610304,244.65194668485705,0.0,0.0,0.0,65.0,35.0,55.0
831.0348274427848,281.8129979929142,283.8063049874646,0.0,0.0,0.0,65.0,35.0,55.0
1043.7153029974538,352.6184233949655,353.8339435195692,0.0,0.0,0.0,65.0,35.0,55.0
1150.0,380.0,373.0,0.0,0.0,0.0,290.60212869156777,35.0,55.0
1150.0,380.0,373.0,0.0,250.0,0.0,275.15313797431196,35.0,55.0
1150.0,380.0,373.0,0.0,250.0,0.0,297.0,35.0,130.81694313793224
1150.0,380.0,373.0,0.0,250.0,0.0,297.0,35.0,178.16898477484233
1150.0,380.0,373.0,0.0,250.0,433.3463976856909,65.0,35.0,55.0
1150.0,380.0,373.0,0.0,250.0,493.8687687663718,65.0,35.0,55.0
1150.0,380.0,373.0,0.0,250.0,464.88508293985126,65.0,35.0,55.0
1150.0,380.0,373.0,0.0,250.0,363.6317604027497,65.0,35.0,55.0
1150.0,380.0,373.0,0.0,248.85968360676011,229.0565462666153,65.0,35.0,55.0
1150.0,380.0,373.0,0.0,222.96068367135624,143.25,65.0,35.0,55.0
1150.0,380.0,373.0,0.0,250.0,0.0,208.97994500425153,35.0,55.0
1150.0,380.0,373.0,0.0,250.0,0.0,297.0,35.0,93.89350972819712
1150.0,380.0,373.0,0.0,250.0,0.0,255.20679187910466,35.0,55.0
1150.0,380.0,373.0,0.0,250.0,0.0,111.31918649311584,35.0,55.0
1074.1664465184217,362.7561953994616,363.86035363462196,0.0,160.58154608178484,0.0,65.0,35.0,55.0
952.7394411674422,322.3308072826138,323.87903228117887,0.0,137.00006968029027,0.0,65.0,35.0,55.0
851.8583073205234,288.7455353932048,290.6626895147975,0.0,117.40866107813503,0.0,65.0,35.0,55.0
767.793247165185,260.7586582234772,262.9832439503434,0.0,112.5,0.0,65.0,35.0,55.0
776.095684854896,263.5226995909835,265.71692274222175,0.0,0.0,0.0,65.0,35.0,55.0
722.4511728109832,245.6634086248113,248.0538133813598,0.0,0.0,0.0,65.0,35.0,55.0
721.763200486874,245.43436939144323,247.82729010926738,0.0,0.0,0.0,65.0,35.0,55.0
791.1025397644793,268.5187705422485,270.65811261106757,0.0,0.0,0.0,65.0,35.0,55.0
924.1178506048099,312.8021286853648,314.45502477458143,0.0,0.0,0.0,65.0,35.0,55.0
1150.0,380.0,373.0,0.0,0.0,0.0,85.55632076872843,35.0,55.0
1150.0,380.0,373.0,0.0,0.0,0.0,297.0,35.0,202.4874365221542
1150.0,380.0,373.0,0.0,250.0,0.0,297.0,35.0,156.0179067542806
1150.0,380.0,373.0,0.0,250.0,394.06019254084583,65.0,35.0,55.0
1150.0,380.0,373.0,0.0,250.0,415.5815629661186,65.0,35.0,55.0
1150.0,380.0,373.0,0.0,250.0,462.0928049601215,65.0,35.0,55.0
1150.0,380.0,373.0,0.0,250.0,455.7401301646024,65.0,35.0,55.0
1150.0,380.0,373.0,0.0,250.0,378.1966215765034,65.0,35.0,55.0
1150.0,380.0,373.0,0.0,250.0,323.74371196060036,65.0,35.0,55.0
1150.0,380.0,373.0,0.0,249.74272795172507,235.40748694577724,65.0,35.0,55.0
1150.0,380.0,373.0,0.0,224.5367910972321,143.25,65.0,35.0,55.0
1150.0,380.0,373.0,0.0,250.0,0.0,185.33630122964158,35.0,55.0
1150.0,380.0,373.0,0.0,250.0,0.0,297.0,35.0,96.61113574558543
1150.0,380.0,373.0,0.0,250.0,0.0,273.1717877420576,35.0,55.0
1150.0,380.0,373.0,0.0,250.0,0.0,136.38738368731444,35.0,55.0
1080.0330133185437,364.7092884459619,365.7919922499296,0.0,161.72085035890996,0.0,65.0,35.0,55.0
934.0957401125638,316.1239602233499,317.74036649642966,0.0,133.37940889571968,0.0,65.0,35.0,55.0
831.9034623781137,282.1021832881541,284.09231362605226,0.0,113.53337235018877,0.0,65.0,35.0,55.0
744.7037423786735,253.0717174995206,255.38074310555146,0.0,112.5,0.0,65.0,35.0,55.0
752.9926912178861,255.83126816897274,258.1099805290134,0.0,0.0,0.0,65.0,35.0,55.0
692.2909593031449,235.622492823444,238.12319551871965,0.0,0.0,0.0,65.0,35.0,55.0
721.6085510245155,245.38288360770153,247.7763698890592,0.0,0.0,0.0,65.0,35.0,55.0
799.8358046216241,271.4262425692234,273.53364649835225,0.0,0.0,0.0,65.0,35.0,55.0
894.6657810410707,302.99696763805775,304.7575719357487,0.0,0.0,0.0,65.0,35.0,55.0
1086.5667086101057,366.8844814125937,367.94329105139764,0.0,0.0,0.0,65.0,35.0,55.0
1150.0,380.0,373.0,0.0,0.0,0.0,297.0,35.0,89.6329332533761
1150.0,380.0,373.0,0.0,250.0,0.0,263.9253910246298,35.0,55.0
1150.0,380.0,373.0,0.0,250.0,0.0,297.0,35.0,55.793849285168804
1150.0,380.0,373.0,0.0,250.0,0.0,280.37525168147437,35.0,55.0
1150.0,380.0,373.0,0.0,250.0,0.0,281.7884453489707,35.0,55.0
1150.0,380.0,373.0,0.0,250.0,0.0,297.0,35.0,61.73612790815314
1150.0,380.0,373.0,0.0,250.0,0.0,232.4121708644331,35.0,55.0
1150.0,380.0,373.0,0.0,250.0,0.0,122.34972922688236,35.0,55.0
1150.0,380.0,373.0,0.0,194.76578991098614,0.0,65.0,35.0,55.0
1130.4562600336974,380.0,373.0,0.0,171.51319102533108,0.0,65.0,35.0,55.0
1150.0,380.0,373.0,0.0,187.45924734097727,0.0,65.0,35.0,55.0
1150.0,380.0,373.0,0.0,250.0,0.0,108.95812953692487,35.0,55.0
1150.0,380.0,373.0,0.0,250.0,0.0,154.67970293175512,35.0,55.0
1150.0,380.0,373.0,0.0,250.0,0.0,106.33862941510476,35.0,55.0
1093.5259472470655,369.20134595260015,370.23470518547225,0.0,164.3412172377823,0.0,65.0,35.0,55.0
965.0075249617001,326.41508859548475,327.9184483826585,0.0,139.3825671127983,0.0,65.0,35.0,55.0
859.0297624462013,291.1330508884615,293.0239785140836,0.0,118.8013784503681,0.0,65.0,35.0,55.0
772.004959624482,262.16081839626185,264.37000160607846,0.0,112.5,0.0,65.0,35.0,55.0
778.0237288468292,264.16458255972645,266.35175472380814,0.0,0.0,0.0,65.0,35.0,55.0
728.8960123970691,247.80901981620386,250.1758553589075,0.0,0.0,0.0,65.0,35.0,55.0
681.8846930416498,232.15804641589034,234.69680553003684,0.0,0.0,0.0,65.0,35.0,55.0
646.5855603800967,220.40628548011864,223.07413590757474,0.0,0.0,0.0,65.0,35.0,55.0
733.9885924841676,249.50443778308883,251.85264941630777,0.0,0.0,0.0,65.0,35.0,55.0
932.1678810691086,315.4821388275164,317.10559541138366,0.0,0.0,0.0,65.0,35.0,55.0
1150.0,380.0,373.0,0.0,0.0,0.0,113.42457772577296,35.0,55.0
1150.0,380.0,373.0,0.0,0.0,0.0,297.0,35.0,99.40769767822562
1150.0,380.0,373.0,0.0,0.0,0.0,297.0,35.0,184.07421359593528
1150.0,380.0,373.0,0.0,250.0,0.0,203.33927163907106,35.0,55.0
1150.0,380.0,373.0,0.0,250.0,0.0,230.02706426880138,35.0,55.0
1150.0,380.0,373.0,0.0,250.0,0.0,218.51444543255957,35.0,55.0
1150.0,380.0,373.0,0.0,250.0,0.0,141.46900104527464,35.0,55.0
1150.0,380.0,373.0,0.0,237.90829698207713,0.0,65.0,35.0,55.0
1125.3045032696618,379.7810391377626,373.0,0.0,170.5127049291271,0.0,65.0,35.0,55.0
1092.6024030642106,368.8938803116,369.9306170079528,0.0,164.16186228053223,0.0,65.0,35.0,55.0
1102.4427075535214,372.1699071477929,373.0,0.0,166.0728779349781,0.0,65.0,35.0,55.0
1150.0,380.0,373.0,0.0,250.0,0.0,140.48721827450083,35.0,55.0
1150.0,380.0,373.0,0.0,250.0,0.0,193.81079090195587,35.0,55.0
1150.0,380.0,373.0,0.0,250.0,0.0,146.19291431580115,35.0,55.0
1119.035280918968,377.693894305482,373.0,0.0,169.29520377696338,0.0,65.0,35.0,55.0
987.5097177532344,333.90650184782163,335.32756959548107,0.0,143.75255817666152,0.0,65.0,35.0,55.0
882.0752722706095,298.805344842426,300.61199348143253,0.0,123.27688325684738,0.0,65.0,35.0,55.0
729.9141556357356,248.1479793043562,250.51109142843998,0.0,112.5,0.0,65.0,35.0,55.0
743.4621204844417,252.65835766392544,254.97192396512003,0.0,0.0,0.0,65.0,35.0,55.0
699.0880337766863,237.88536979103296,240.36121512567976,0.0,0.0,0.0,65.0,35.0,55.0
657.5303878937385,224.05002929832486,226.67785375202038,0.0,0.0,0.0,65.0,35.0,55.0
626.9585497625224,213.8720757341436,216.61170346562744,0.0,0.0,0.0,65.0,35.0,55.0
665.7562818032353,226.7885877675735,229.38632957141738,0.0,0.0,0.0,65.0,35.0,55.0
855.0037776016642,289.79272301475226,291.69837393898706,0.0,0.0,0.0,65.0,35.0,55.0
1072.9369333396737,362.3468667884002,363.4555214363335,0.0,0.0,0.0,65.0,35.0,55.0
1150.0,380.0,373.0,0.0,0.0,0.0,179.20884192264353,35.0,55.0
1150.0,380.0,373.0,0.0,0.0,0.0,255.98278834440964,35.0,55.0
1150.0,380.0,373.0,0.0,0.0,0.0,291.4286093798179,35.0,55.0
1150.0,380.0,373.0,0.0,0.0,0.0,297.0,35.0,103.12580138146274
1150.0,380.0,373.0,0.0,0.0,0.0,297.0,35.0,123.8483167167555
1150.0,380.0,373.0,0.0,0.0,0.0,284.584731233771,35.0,55.0
1150.0,380.0,373.0,0.0,0.0,0.0,215.0306065764238,35.0,55.0
1150.0,380.0,373.0,0.0,0.0,0.0,132.45960370451257,35.0,55.0
1127.8349248116936,380.0,373.0,0.0,0.0,0.0,65.0,35.0,55.0
1143.419571828657,380.0,373.0,0.0,0.0,0.0,65.0,35.0,55.0
1150.0,380.0,373.0,0.0,0.0,0.0,208.66614090900754,35.0,55.0
1150.0,380.0,373.0,0.0,0.0,0.0,268.5113096940941,35.0,55.0
1150.0,380.0,373.0,0.0,0.0,0.0,227.9389852205733,35.0,55.0
1133.8496238294576,380.0,373.0,0.0,0.0,0.0,65.0,35.0,55.0
993.5441663747839,335.91548598518216,337.3144853464842,0.0,0.0,0.0,65.0,35.0,55.0
884.3784339089252,299.57211169841185,301.3703375196822,0.0,0.0,0.0,65.0,35.0,55.0
802.7339389774427,272.3910872988624,274.4878925548247,0.0,0.0,0.0,65.0,35.0,55.0
750.1543625092235,254.88633389080928,257.17542621072374,0.0,0.0,0.0,65.0,35.0,55.0
704.1082462459286,239.55669518451984,242.01418126295033,0.0,0.0,0.0,65.0,35.0,55.0
657.3166909722162,223.97888547848885,226.6074914362659,0.0,0.0,0.0,65.0,35.0,55.0
619.5552888655044,211.4073876342668,214.17408959109022,0.0,0.0,0.0,65.0,35.0,55.0
705.7454418103266,240.1017491115492,242.55324785517521,0.0,0.0,0.0,65.0,35.0,55.0
904.3118801487683,306.2083397633534,307.93366762481946,0.0,0.0,0.0,65.0,35.0,55.0
1125.7786406492326,379.93888860077504,373.0,0.0,0.0,0.0,65.0,35.0,55.0
1150.0,380.0,373.0,0.0,0.0,0.0,261.52921750562984,35.0,55.0
1150.0,380.0,373.0,0.0,0.0,0.0,297.0,35.0,102.94530497784831
1150.0,380.0,373.0,0.0,0.0,0.0,297.0,35.0,145.80480883937096
1150.0,380.0,373.0,0.0,250.0,0.0,200.29949863255945,35.0,55.0
1150.0,380.0,373.0,0.0,250.0,0.0,249.0269058759782,35.0,55.0
1150.0,380.0,373.0,0.0,250.0,0.0,194.89476375363972,35.0,55.0
1150.0,380.0,373.0,0.0,250.0,0.0,130.86722579354586,35.0,55.0
1150.0,380.0,373.0,0.0,242.74271526482812,0.0,65.0,35.0,55.0
1129.0387071705018,380.0,373.0,0.0,171.23789815044964,0.0,65.0,35.0,55.0
1136.9375412713619,380.0,373.0,0.0,172.771874628008,0.0,65.0,35.0,55.0
1150.0,380.0,373.0,0.0,250.0,0.0,78.94035201714826,35.0,55.0
1150.0,380.0,373.0,0.0,184.43967346992963,0.0,65.0,35.0,55.0
1101.6595928448191,371.9091931826598,372.9128071239895,0.0,165.92079478865043,0.0,65.0,35.0,55.0
1008.6663870248566,340.949964412784,342.2936607913586,0.0,147.86124467288957,0.0,65.0,35.0,55.0
893.3847322649812,302.570481834341,304.3357710139667,0.0,125.47321316879781,0.0,65.0,35.0,55.0
794.9088979805689,269.78598048251183,271.91140244213864,0.0,112.5,0.0,65.0,35.0,55.0
848.211665086683,287.53149797870884,289.4619881173547,0.0,0.0,0.0,65.0,35.0,55.0
789.5560712097666,268.0039213836609,270.14891899247965,0.0,0.0,0.0,65.0,35.0,55.0
737.9629032176473,250.8275623502597,253.1612396605817,0.0,0.0,0.0,65.0,35.0,55.0
689.4088568091897,234.6629854093074,237.1742281481474,0.0,0.0,0.0,65.0,35.0,55.0
696.213587442094,236.92841125976494,239.41476863888403,0.0,0.0,0.0,65.0,35.0,55.0
820.7986755481311,278.40518593357604,280.4359272272631,0.0,0.0,0.0,65.0,35.0,55.0
1054.6359677157368,356.25412295335036,357.42970546916877,0.0,0.0,0.0,65.0,35.0,55.0
1150.0,380.0,373.0,0.0,0.0,0.0,297.0,35.0,101.18018221527433
1150.0,380.0,373.0,0.0,250.0,0.0,297.0,35.0,97.47012404167198
1150.0,380.0,373.0,0.0,250.0,375.69574661948286,65.0,35.0,55.0
1150.0,380.0,373.0,0.0,250.0,428.949979282218,65.0,35.0,55.0
1150.0,380.0,373.0,0.0,250.0,495.65528217414493,65.0,35.0,55.0
1150.0,380.0,373.0,0.0,250.0,534.4611788667588,65.0,35.0,55.0
1150.0,380.0,373.0,0.0,250.0,424.6810036764359,65.0,35.0,55.0
1150.0,380.0,373.0,0.0,250.0,303.1754095825265,65.0,35.0,55.0
1150.0,380.0,373.0,0.0,243.48583131043597,190.4072787104232,65.0,35.0,55.0
1150.0,380.0,373.0,0.0,209.3897320984799,143.25,65.0,35.0,55.0
1150.0,380.0,373.0,0.0,250.0,0.0,178.68114942651803,35.0,55.0
1150.0,380.0,373.0,0.0,250.0,0.0,292.2111870035697,35.0,55.0
1150.0,380.0,373.0,0.0,250.0,0.0,208.9281286874601,35.0,55.0
1150.0,380.0,373.0,0.0,250.0,0.0,82.77522042167007,35.0,55.0
1080.6160543183737,364.9033940210605,365.9839656046957,0.0,161.83407861105084,0.0,65.0,35.0,55.0
953.3965064155254,322.5495569552676,324.09537902182245,0.0,137.12767365600496,0.0,65.0,35.0,55.0
850.430311621731,288.27012812950744,290.1925045278604,0.0,117.13134017431155,0.0,65.0,35.0,55.0
766.334646660898,260.2730620307457,262.5029819582138,0.0,112.5,0.0,65.0,35.0,55.0
776.6656217586929,263.7124425601978,265.9045814136682,0.0,0.0,0.0,65.0,35.0,55.0
727.8052922266496,247.44589807002694,249.81672245009392,0.0,0.0,0.0,65.0,35.0,55.0
681.010080291263,231.86687099091685,234.40882862298918,0.0,0.0,0.0,65.0,35.0,55.0
713.8608195613622,242.8035146236952,245.2253348825287,0.0,0.0,0.0,65.0,35.0,55.0
841.4439162548655,285.278384081905,287.23362433532634,0.0,0.0,0.0,65.0,35.0,55.0
1081.0951567639706,365.06289645015363,366.1417159237723,0.0,0.0,0.0,65.0,35.0,55.0
1150.0,380.0,373.0,0.0,0.0,0.0,297.0,35.0,150.93696085284145
1150.0,380.0,373.0,0.0,250.0,0.0,297.0,35.0,145.32236970080572
1150.0,380.0,373.0,0.0,250.0,401.3625498862301,65.0,35.0,55.0
1150.0,380.0,373.0,0.0,250.0,435.8836839680526,65.0,35.0,55.0
1150.0,380.0,373.0,0.0,250.0,475.1995710016242,65.0,35.0,55.0
1150.0,380.0,373.0,0.0,250.0,465.367377518202,65.0,35.0,55.0
1150.0,380.0,373.0,0.0,250.0,351.89208092785555,65.0,35.0,55.0
1150.0,380.0,373.0,0.0,250.0,268.2296043423501,65.0,35.0,55.0
1150.0,380.0,373.0,0.0,244.3732680026035,196.78980957719568,65.0,35.0,55.0
1150.0,380.0,373.0,0.0,230.06858833002227,143.25,65.0,35.0,55.0
1150.0,380.0,373.0,0.0,250.0,0.0,211.24812787729903,35.0,55.0
1150.0,380.0,373.0,0.0,250.0,0.0,297.0,35.0,98.12729369342021
1150.0,380.0,373.0,0.0,250.0,0.0,259.72207201615157,35.0,55.0
1150.0,380.0,373.0,0.0,250.0,0.0,116.36210521543602,35.0,55.0
1075.8851976124488,363.32840073262844,364.4262733789017,0.0,160.91533252613212,0.0,65.0,35.0,55.0
947.7887169994748,320.6826158825948,322.2489460139631,0.0,136.03862469694585,0.0,65.0,35.0,55.0
843.929905351596,286.1060177190774,288.0521665423934,0.0,115.86894243489402,0.0,65.0,35.0,55.0
759.3660251735345,257.95307375917616,260.20847840629415,0.0,112.5,0.0,65.0,35.0,55.0
769.5689268462977,261.3498161794253,263.5679081257148,0.0,0.0,0.0,65.0,35.0,55.0
719.2303974902376,244.59115050560652,246.99333385513114,0.0,0.0,0.0,65.0,35.0,55.0
692.3028497705507,235.62645138899026,238.12711060002314,0.0,0.0,0.0,65.0,35.0,55.0
744.9610250758284,253.1573718632939,255.46545656911664,0.0,0.0,0.0,65.0,35.0,55.0
859.3342288941632,291.23441363138545,293.1242278026345,0.0,0.0,0.0,65.0,35.0,55.0
1088.0671811468883,367.3840176111747,368.4373399205246,0.0,0.0,0.0,65.0,35.0,55.0
1150.0,380.0,373.0,0.0,0.0,0.0,297.0,35.0,154.7745516399067
1150.0,380.0,373.0,0.0,250.0,0.0,297.0,35.0,140.31488827045376
1150.0,380.0,373.0,0.0,250.0,373.4930695814929,65.0,35.0,55.0
1150.0,380.0,373.0,0.0,250.0,377.66268642612283,65.0,35.0,55.0
1150.0,380.0,373.0,0.0,250.0,390.46656692489825,65.0,35.0,55.0
1150.0,380.0,373.0,0.0,250.0,386.17635801764277,65.0,35.0,55.0
1150.0,380.0,373.0,0.0,250.0,307.59140681683516,65.0,35.0,55.0
1150.0,380.0,373.0,0.0,250.0,255.01274280068776,65.0,35.0,55.0
1150.0,380.0,373.0,0.0,242.2301397065028,181.3762227579412,65.0,35.0,55.0
1150.0,380.0,373.0,0.0,200.47483160521895,143.25,65.0,35.0,55.0
1150.0,380.0,373.0,0.0,250.0,0.0,174.79648097573835,35.0,55.0
1150.0,380.0,373.0,0.0,250.0,0.0,297.0,35.0,74.01611369342042
1150.0,380.0,373.0,0.0,250.0,0.0,244.44597001615165,35.0,55.0
1150.0,380.0,373.0,0.0,250.0,0.0,96.59518993775825,35.0,55.0
1079.3588821274125,364.48485719226846,365.5700263395533,0.0,161.58993212758884,0.0,65.0,35.0,55.0
952.4027556230694,322.2187181821269,323.7681744624777,0.0,136.93468437167292,0.0,65.0,35.0,55.0
847.596506603824,287.32669987509865,289.25943968988264,0.0,116.58100702590643,0.0,65.0,35.0,55.0
761.6053975600572,258.6986039449999,260.94581905598574,0.0,112.5,0.0,65.0,35.0,55.0
770.9710336609585,261.81660453511364,264.0295688820414,0.0,0.0,0.0,65.0,35.0,55.0
719.048182310522,244.53048756378817,246.9333372865373,0.0,0.0,0.0,65.0,35.0,55.0
683.0059638727539,232.53133906525173,235.0659976162045,0.0,0.0,0.0,65.0,35.0,55.0
747.088739929644,253.8657291065518,256.1660326153842,0.0,0.0,0.0,65.0,35.0,55.0
862.1665106262873,292.1773347546268,294.0567910802039,0.0,0.0,0.0,65.0,35.0,55.0
1068.2097650699418,360.77310145139626,361.8990436731073,0.0,0.0,0.0,65.0,35.0,55.0
1150.0,380.0,373.0,0.0,0.0,0.0,297.0,35.0,62.66584473085061
1150.0,380.0,373.0,0.0,250.0,0.0,255.4521602942686,35.0,55.0
1150.0,380.0,373.0,0.0,250.0,0.0,297.0,35.0,77.59725055816436
1150.0,380.0,373.0,0.0,250.0,0.0,297.0,35.0,84.94768702667001
1150.0,380.0,373.0,0.0,250.0,0.0,297.0,35.0,104.06505145067415
1150.0,380.0,373.0,0.0,250.0,0.0,297.0,35.0,84.76044397098234
1150.0,380.0,373.0,0.0,250.0,0.0,244.8422487480202,35.0,55.0
1150.0,380.0,373.0,0.0,250.0,0.0,147.82304110472995,35.0,55.0
1150.0,380.0,373.0,0.0,250.0,0.0,69.74730759202562,35.0,55.0
1150.0,380.0,373.0,0.0,238.62031771425814,0.0,65.0,35.0,55.0
1150.0,380.0,373.0,0.0,250.0,0.0,130.422093623394,35.0,55.0
1150.0,380.0,373.0,0.0,250.0,0.0,267.85345500356965,35.0,55.0
1150.0,380.0,373.0,0.0,250.0,0.0,202.664053084675,35.0,55.0
1150.0,380.0,373.0,0.0,250.0,0.0,67.15946866007775,35.0,55.0
1080.8331922113343,364.97568340654306,366.0554609022317,0.0,161.876247419249,0.0,65.0,35.0,55.0
960.5236125543871,324.9223078188886,326.4420655767143,0.0,138.51177832645055,0.0,65.0,35.0,55.0
860.7848454863732,291.71735182605914,293.6018609944121,0.0,119.14222066396671,0.0,65.0,35.0,55.0
776.7091062382525,263.72691938072205,265.91889920851247,0.0,112.5,0.0,65.0,35.0,55.0
786.0005448525093,266.82021819888456,268.9782186078391,0.0,0.0,0.0,65.0,35.0,55.0
728.9459101004607,247.82563172242615,250.1922847858569,0.0,0.0,0.0,65.0,35.0,55.0
688.7099113005698,234.4302929915308,236.94409182132367,0.0,0.0,0.0,65.0,35.0,55.0
755.0642686139603,256.5209361716409,258.79207263316744,0.0,0.0,0.0,65.0,35.0,55.0
841.7427072212668,285.377857347738,287.33200490240586,0.0,0.0,0.0,65.0,35.0,55.0
1015.9711276576938,343.38185321974106,344.6988356682392,0.0,0.0,0.0,65.0,35.0,55.0
1150.0,380.0,373.0,0.0,0.0,0.0,165.4299676110354,35.0,55.0
1150.0,380.0,373.0,0.0,0.0,0.0,297.0,35.0,72.188504256638
1150.0,380.0,373.0,0.0,0.0,0.0,297.0,35.0,96.6671096371384
1150.0,380.0,373.0,0.0,0.0,0.0,297.0,35.0,95.76087141638773
1150.0,380.0,373.0,0.0,0.0,0.0,297.0,35.0,125.76706860689343
1150.0,380.0,373.0,0.0,0.0,0.0,297.0,35.0,161.0667244762746
1150.0,380.0,373.0,0.0,0.0,0.0,297.0,35.0,120.16993469965357
1150.0,380.0,373.0,0.0,0.0,0.0,297.0,35.0,78.09230138297134
1150.0,380.0,373.0,0.0,0.0,0.0,289.4067157874621,35.0,55.0
1150.0,380.0,373.0,0.0,0.0,0.0,283.86802192009634,35.0,55.0
1150.0,380.0,373.0,0.0,0.0,0.0,297.0,35.0,113.23433246792943
1150.0,380.0,373.0,0.0,250.0,0.0,251.55757226155248,35.0,55.0
1150.0,380.0,373.0,0.0,250.0,0.0,195.59137642729334,35.0,55.0
1150.0,380.0,373.0,0.0,250.0,0.0,117.38939146803853,35.0,55.0
1095.5133279789998,369.8629832645982,370.88907451184605,0.0,164.72717233644784,0.0,65.0,35.0,55.0
966.051823817419,326.7627557921712,328.2622965078662,0.0,139.5853729775321,0.0,65.0,35.0,55.0
861.5578348008977,291.9746948525095,293.8563771467083,0.0,119.2923374293961,0.0,65.0,35.0,55.0
710.9357376045947,241.82969851883348,244.26221600003097,0.0,112.5,0.0,65.0,35.0,55.0
724.9558906947456,246.49727743580297,248.8785222698065,0.0,0.0,0.0,65.0,35.0,55.0
674.6852463591258,229.76121199239168,232.32629996952357,0.0,0.0,0.0,65.0,35.0,55.0
631.4162920502016,215.3561439740169,218.07946944074456,0.0,0.0,0.0,65.0,35.0,55.0
696.4379420639956,237.0031032332676,239.4886401323747,0.0,0.0,0.0,65.0,35.0,55.0
775.330924022355,263.26809598462205,265.4651159178999,0.0,0.0,0.0,65.0,35.0,55.0
935.8931021431174,316.7223366509131,318.33216984959915,0.0,0.0,0.0,65.0,35.0,55.0
1112.706915395141,375.5870595720837,373.0,0.0,0.0,0.0,65.0,35.0,55.0
1150.0,380.0,373.0,0.0,0.0,0.0,188.19435883937615,35.0,55.0
1150.0,380.0,373.0,0.0,0.0,0.0,239.54490000947746,35.0,55.0
1150.0,380.0,373.0,0.0,0.0,0.0,262.1168732995793,35.0,55.0
1150.0,380.0,373.0,0.0,0.0,0.0,297.0,35.0,74.98932643542446
1150.0,380.0,373.0,0.0,0.0,0.0,297.0,35.0,125.85870787483455
1150.0,380.0,373.0,0.0,0.0,0.0,297.0,35.0,111.44686308173532
1150.0,380.0,373.0,0.0,0.0,0.0,297.0,35.0,90.69505583887462
1150.0,380.0,373.0,0.0,0.0,0.0,278.8691684729689,35.0,55.0
1150.0,380.0,373.0,0.0,0.0,0.0,193.84274036632647,35.0,55.0
1150.0,380.0,373.0,0.0,0.0,0.0,220.26681856014392,35.0,55.0
1150.0,380.0,373.0,0.0,0.0,0.0,297.0,35.0,116.38107046792935
1150.0,380.0,373.0,0.0,0.0,0.0,297.0,35.0,70.31936149188498
1150.0,380.0,373.0,0.0,0.0,0.0,191.3233016903561,35.0,55.0
1082.2431288245311,365.4450784529241,366.5196997151487,0.0,0.0,0.0,65.0,35.0,55.0
953.9784491953933,322.743296911795,324.286990774282,0.0,0.0,0.0,65.0,35.0,55.0
848.3475910517352,287.57675034968275,289.50674339788986,0.0,0.0,0.0,65.0,35.0,55.0
767.9892226731474,260.8239022435194,263.0477712747109,0.0,0.0,0.0,65.0,35.0,55.0
713.1196484367103,242.5567644853018,244.98129525701916,0.0,0.0,0.0,65.0,35.0,55.0
664.1192751581087,226.24359673540712,228.84732518316497,0.0,0.0,0.0,65.0,35.0,55.0
667.3662697361956,227.3245837502236,229.91643771940963,0.0,0.0,0.0,65.0,35.0,55.0
729.4053500522501,247.9785881287362,250.34356098921884,0.0,0.0,0.0,65.0,35.0,55.0
831.8388834454786,282.0806837180346,284.071050225453,0.0,0.0,0.0,65.0,35.0,55.0
1008.6846911736028,340.9560582163418,342.2996876554076,0.0,0.0,0.0,65.0,35.0,55.0
1150.0,380.0,373.0,0.0,0.0,0.0,166.1162825523047,35.0,55.0
1150.0,380.0,373.0,0.0,0.0,0.0,297.0,35.0,96.52976261939817
1150.0,380.0,373.0,0.0,0.0,0.0,297.0,35.0,158.64340293315732
1150.0,380.0,373.0,0.0,0.0,0.0,297.0,35.0,184.5847074910381
1150.0,380.0,373.0,0.0,250.0,0.0,233.8114718150725,35.0,55.0
1150.0,380.0,373.0,0.0,250.0,0.0,267.40979092863637,35.0,55.0
1150.0,380.0,373.0,0.0,250.0,0.0,217.78645588577336,35.0,55.0
1150.0,380.0,373.0,0.0,250.0,0.0,165.84755406254087,35.0,55.0
1150.0,380.0,373.0,0.0,250.0,0.0,79.30559017373892,35.0,55.0
1150.0,380.0,373.0,0.0,183.52997140828685,0.0,65.0,35.0,55.0
1150.0,380.0,373.0,0.0,236.5465526043402,0.0,65.0,35.0,55.0
1150.0,380.0,373.0,0.0,250.0,0.0,184.49546649644262,35.0,55.0
1150.0,380.0,373.0,0.0,250.0,0.0,109.28783550756762,35.0,55.0
1134.7909832989762,380.0,373.0,0.0,172.35500684786354,0.0,65.0,35.0,55.0
999.2810870317563,337.8254173343357,339.20343638915085,0.0,146.0385922104614,0.0,65.0,35.0,55.0
875.6070903366791,296.65196253398705,298.48226575138176,0.0,122.02074357692466,0.0,65.0,35.0,55.0
775.9114358900816,263.4613595629459,265.65625652509823,0.0,112.5,0.0,65.0,35.0,55.0
829.0937948250577,281.16679086055285,283.16719634254207,0.0,0.0,0.0,65.0,35.0,55.0
770.9596138386634,261.8128026563868,264.0258087663763,0.0,0.0,0.0,65.0,35.0,55.0
719.3138297286193,244.61892670422307,247.0208049364144,0.0,0.0,0.0,65.0,35.0,55.0
727.5493465980487,247.36068884212003,249.73244923264508,0.0,0.0,0.0,65.0,35.0,55.0
797.484303486405,270.6433825639579,272.75938609162944,0.0,0.0,0.0,65.0,35.0,55.0
913.9814214290764,309.42751623928206,311.11748193491405,0.0,0.0,0.0,65.0,35.0,55.0
1113.2157213305634,375.75645086487026,373.0,0.0,0.0,0.0,65.0,35.0,55.0
1150.0,380.0,373.0,0.0,0.0,0.0,297.0,35.0,118.774999346988
1150.0,380.0,373.0,0.0,250.0,0.0,295.68228859569376,35.0,55.0
1150.0,380.0,373.0,0.0,250.0,0.0,297.0,35.0,113.55686921409713
1150.0,380.0,373.0,0.0,250.0,0.0,297.0,35.0,129.1190851495986
1150.0,380.0,373.0,0.0,250.0,0.0,297.0,35.0,176.68063965237494
1150.0,380.0,373.0,0.0,250.0,364.57840298786476,65.0,35.0,55.0
1150.0,380.0,373.0,0.0,250.0,297.52630038507283,65.0,35.0,55.0
1150.0,380.0,373.0,0.0,250.0,246.6329964137051,65.0,35.0,55.0
1150.0,380.0,373.0,0.0,240.62574315032657,169.83724692708265,65.0,35.0,55.0
1150.0,380.0,373.0,0.0,176.47085015457768,143.25,65.0,35.0,55.0
1150.0,380.0,373.0,0.0,250.0,0.0,185.3666912011279,35.0,55.0
1150.0,380.0,373.0,0.0,250.0,0.0,297.0,35.0,86.74990502095788
1150.0,380.0,373.0,0.0,250.0,0.0,253.1522940161511,35.0,55.0
1150.0,380.0,373.0,0.0,250.0,0.0,112.38441521543615,35.0,55.0
1078.3589048531824,364.15194550345643,365.24077163520167,0.0,161.39573364244848,0.0,65.0,35.0,55.0
950.899588964207,321.71828505843115,323.2732385208225,0.0,136.64276504951704,0.0,65.0,35.0,55.0
847.8384432937913,287.4072452575971,289.3391002935582,0.0,116.62799183236386,0.0,65.0,35.0,55.0
760.9259445537459,258.4724009565633,260.72210087310395,0.0,112.5,0.0,65.0,35.0,55.0
768.7813132571748,261.0876044503757,263.30857675277974,0.0,0.0,0.0,65.0,35.0,55.0
715.9033586970387,243.48351523035524,245.89786578555496,0.0,0.0,0.0,65.0,35.0,55.0
695.4486615506678,236.6737527021224,239.16290746691257,0.0,0.0,0.0,65.0,35.0,55.0
759.7421293214596,258.07828607177737,260.332315280613,0.0,0.0,0.0,65.0,35.0,55.0
865.649692636459,293.3369531132927,295.20367120689957,0.0,0.0,0.0,65.0,35.0,55.0
1061.4417114368846,358.51988608039085,359.67057953155614,0.0,0.0,0.0,65.0,35.0,55.0
1150.0,380.0,373.0,0.0,0.0,0.0,287.7064738123892,35.0,55.0
1150.0,380.0,373.0,0.0,250.0,0.0,235.28709132899488,35.0,55.0
1150.0,380.0,373.0,0.0,250.0,0.0,297.0,35.0,63.11490664542709
1150.0,380.0,373.0,0.0,250.0,0.0,297.0,35.0,96.27369935546007
1150.0,380.0,373.0,0.0,250.0,0.0,297.0,35.0,153.64463149786084
1150.0,380.0,373.0,0.0,250.0,366.3866948179505,65.0,35.0,55.0
1150.0,380.0,373.0,0.0,250.0,261.4919294227364,65.0,35.0,55.0
1150.0,380.0,373.0,0.0,241.0433146396948,172.8404616279166,65.0,35.0,55.0
1126.580482862511,380.0,373.0,0.0,170.76050386454997,143.25,65.0,35.0,55.0
1150.0,380.0,373.0,0.0,224.9361279731704,0.0,65.0,35.0,55.0
1150.0,380.0,373.0,0.0,250.0,0.0,83.4757520456625,35.0,55.0
1150.0,380.0,373.0,0.0,250.0,0.0,195.47618026155288,35.0,55.0
1150.0,380.0,373.0,0.0,250.0,0.0,155.00172556777028,35.0,55.0
1150.0,380.0,373.0,0.0,250.0,0.0,110.13722132236747,35.0,55.0
1094.3874091092666,369.48814319368074,370.5183520023137,0.0,164.50851562841265,0.0,65.0,35.0,55.0
968.4269804088092,327.55349115427384,329.0443457618245,0.0,140.04663527209198,0.0,65.0,35.0,55.0
865.5014302966881,293.28759372564224,295.1548540246437,0.0,120.05819510539018,0.0,65.0,35.0,55.0
782.8760284578509,265.78000652960696,267.9494335061407,0.0,112.5,0.0,65.0,35.0,55.0
792.2608035434923,268.90437885625533,271.03948507617054,0.0,0.0,0.0,65.0,35.0,55.0
743.097377787838,252.53692779723005,254.85182798711182,0.0,0.0,0.0,65.0,35.0,55.0
700.6345408201704,238.4002317632736,240.87042141716475,0.0,0.0,0.0,65.0,35.0,55.0
673.6471937822993,229.41562430221836,231.98450850776504,0.0,0.0,0.0,65.0,35.0,55.0
769.5065675720177,261.329055576311,263.54737557468013,0.0,0.0,0.0,65.0,35.0,55.0
974.2481058531997,329.4914558984933,330.9610222569597,0.0,0.0,0.0,65.0,35.0,55.0
1150.0,380.0,373.0,0.0,0.0,0.0,178.05758834069673,35.0,55.0
1150.0,380.0,373.0,0.0,0.0,0.0,297.0,35.0,172.94605993398798
1150.0,380.0,373.0,0.0,250.0,0.0,250.56850587629333,35.0,55.0
1150.0,380.0,373.0,0.0,250.0,0.0,297.0,35.0,58.8499929774627
1150.0,380.0,373.0,0.0,250.0,0.0,297.0,35.0,133.54991394682125
1150.0,380.0,373.0,0.0,250.0,374.77953523362123,65.0,35.0,55.0
1150.0,380.0,373.0,0.0,250.0,344.77441224906715,65.0,35.0,55.0
1150.0,380.0,373.0,0.0,250.0,238.18929740001272,65.0,35.0,55.0
1150.0,380.0,373.0,0.0,206.03776650243586,143.25,65.0,35.0,55.0
1150.0,380.0,373.0,0.0,220.53924578162997,0.0,65.0,35.0,55.0
1150.0,380.0,373.0,0.0,239.87369182027146,0.0,65.0,35.0,55.0
1150.0,380.0,373.0,0.0,250.0,0.0,145.60915824416392,35.0,55.0
1150.0,380.0,373.0,0.0,250.0,0.0,135.48461432553992,35.0,55.0
1150.0,380.0,373.0,0.0,250.0,0.0,94.92527413032747,35.0,55.0
1088.00682821006,367.3639249564294,368.41746798054726,0.0,163.26938832334935,0.0,65.0,35.0,55.0
954.0271268814712,322.75950265076256,324.3030184956624,0.0,137.25014197837703,0.0,65.0,35.0,55.0
843.3217564193994,285.90355322984925,287.85192609490304,0.0,115.75083814951094,0.0,65.0,35.0,55.0
750.7943393965212,255.09939451912706,257.38614640032137,0.0,112.5,0.0,65.0,35.0,55.0
756.8711111493453,257.1224688418064,259.38699755809245,0.0,0.0,0.0,65.0,35.0,55.0
709.3418467954541,241.29906157864755,243.73740802623345,0.0,0.0,0.0,65.0,35.0,55.0
667.7691275292366,227.45870286641616,230.04908355743186,0.0,0.0,0.0,65.0,35.0,55.0
646.9274929939273,220.52012143105853,223.18672138784143,0.0,0.0,0.0,65.0,35.0,55.0
733.6008055314734,249.37533603983164,251.72496583613938,0.0,0.0,0.0,65.0,35.0,55.0
934.6872821474674,316.3208959567091,317.9351389205966,0.0,0.0,0.0,65.0,35.0,55.0
1150.0,380.0,373.0,0.0,0.0,0.0,113.74292007739126,35.0,55.0
1150.0,380.0,373.0,0.0,0.0,0.0,297.0,35.0,107.39127650548629
1150.0,380.0,373.0,0.0,250.0,0.0,199.6081657299555,35.0,55.0
1150.0,380.0,373.0,0.0,250.0,0.0,250.19350217939714,35.0,55.0
1150.0,380.0,373.0,0.0,250.0,0.0,297.0,35.0,76.42499337176177
1150.0,380.0,373.0,0.0,250.0,0.0,297.0,35.0,118.58442341530717
1150.0,380.0,373.0,0.0,250.0,0.0,295.53275797241656,35.0,55.0
1150.0,380.0,373.0,0.0,250.0,0.0,199.6971052413413,35.0,55.0
1150.0,380.0,373.0,0.0,250.0,0.0,90.45920970350792,35.0,55.0
1150.0,380.0,373.0,0.0,184.32977660604064,0.0,65.0,35.0,55.0
1150.0,380.0,373.0,0.0,202.82018801714796,0.0,65.0,35.0,55.0
1150.0,380.0,373.0,0.0,250.0,0.0,111.29755153692491,35.0,55.0
1150.0,380.0,373.0,0.0,250.0,0.0,167.1812649317551,35.0,55.0
1150.0,380.0,373.0,0.0,250.0,0.0,126.7440311766963,35.0,55.0
1106.0650139677011,373.375842699346,373.0,0.0,166.7763403400507,0.0,65.0,35.0,55.0
978.6694279782291,330.9633991649627,332.4167964496687,0.0,142.03574827832713,0.0,65.0,35.0,55.0
873.984504659903,296.1117725198554,297.94800964270837,0.0,121.70563273534786,0.0,65.0,35.0,55.0
792.8517277708099,269.10110890957344,271.23405407966055,0.0,112.5,0.0,65.0,35.0,55.0
803.2085970967079,272.5491101261457,274.64417952529317,0.0,0.0,0.0,65.0,35.0,55.0
756.4747929203771,256.9905268724107,259.25650495123944,0.0,0.0,0.0,65.0,35.0,55.0
714.667196194879,243.0719729314996,245.49084421649735,0.0,0.0,0.0,65.0,35.0,55.0
679.3245148660142,231.30571380586508,233.8538356645914,0.0,0.0,0.0,65.0,35.0,55.0
741.8796932805036,252.13153717863918,254.45089052304337,0.0,0.0,0.0,65.0,35.0,55.0
938.777601362903,317.6826419812268,319.28192637136016,0.0,0.0,0.0,65.0,35.0,55.0
1150.0,380.0,373.0,0.0,0.0,0.0,110.21511327495764,35.0,55.0
1150.0,380.0,373.0,0.0,0.0,0.0,297.0,35.0,82.11417140621496
1150.0,380.0,373.0,0.0,0.0,0.0,297.0,35.0,140.4337287967739
1150.0,380.0,373.0,0.0,0.0,0.0,297.0,35.0,143.18022347227196
1150.0,380.0,373.0,0.0,0.0,0.0,297.0,35.0,153.3689683000722
1150.0,380.0,373.0,0.0,0.0,0.0,297.0,35.0,168.86361713754883
1150.0,380.0,373.0,0.0,0.0,0.0,297.0,35.0,128.2465211100678
1150.0,380.0,373.0,0.0,0.0,0.0,297.0,35.0,67.1766176116017
1150.0,380.0,373.0,0.0,0.0,0.0,239.87346044805264,35.0,55.0
1150.0,380.0,373.0,0.0,0.0,0.0,224.8489223580197,35.0,55.0
1150.0,380.0,373.0,0.0,0.0,0.0,289.0957755663681,35.0,55.0
1150.0,380.0,373.0,0.0,0.0,0.0,297.0,35.0,171.84391355431288
1150.0,380.0,373.0,0.0,0.0,0.0,297.0,35.0,190.23247632553978
1150.0,380.0,373.0,0.0,0.0,0.0,297.0,35.0,147.52784165351238
1150.0,380.0,373.0,0.0,0.0,0.0,195.70937100709793,35.0,55.0
1071.9487233628984,362.01787265948616,363.1301412580781,0.0,0.0,0.0,65.0,35.0,55.0
952.8663419256754,322.3730549884604,323.9208159023779,0.0,0.0,0.0,65.0,35.0,55.0
791.5038567227795,268.65237668488754,270.7902511104731,0.0,0.0,0.0,65.0,35.0,55.0
732.3974492182384,248.97471555294098,251.32874610459714,0.0,0.0,0.0,65.0,35.0,55.0
677.903107590609,230.8324999551712,233.38581999634832,0.0,0.0,0.0,65.0,35.0,55.0
633.6253226011825,216.09157277856707,218.80681967130536,0.0,0.0,0.0,65.0,35.0,55.0
614.8239417304437,209.83223107253232,212.6162358855263,0.0,0.0,0.0,65.0,35.0,55.0
696.481684966061,237.0176660876198,239.50304301597836,0.0,0.0,0.0,65.0,35.0,55.0
878.0089907534102,297.45160143048884,299.27312073576286,0.0,0.0,0.0,65.0,35.0,55.0
1083.5517183520458,365.8807331030781,366.95056876497904,0.0,0.0,0.0,65.0,35.0,55.0
1150.0,380.0,373.0,0.0,0.0,0.0,161.97559497894997,35.0,55.0
1150.0,380.0,373.0,0.0,0.0,0.0,206.13197378449456,35.0,55.0
1150.0,380.0,373.0,0.0,0.0,0.0,195.1717312776943,35.0,55.0
1150.0,380.0,373.0,0.0,0.0,0.0,220.72169903544324,35.0,55.0
1150.0,380.0,373.0,0.0,0.0,0.0,241.58412660713506,35.0,55.0
1150.0,380.0,373.0,0.0,0.0,0.0,197.38761624821782,35.0,55.0
1150.0,380.0,373.0,0.0,0.0,0.0,143.9699126147668,35.0,55.0
1150.0,380.0,373.0,0.0,0.0,0.0,128.98401287273134,35.0,55.0
1150.0,380.0,373.0,0.0,0.0,0.0,169.66767119547765,35.0,55.0
1150.0,380.0,373.0,0.0,0.0,0.0,272.75204523859594,35.0,55.0
1150.0,380.0,373.0,0.0,0.0,0.0,297.0,35.0,168.00367314409982
1150.0,380.0,373.0,0.0,0.0,0.0,297.0,35.0,101.22172949502111
1150.0,380.0,373.0,0.0,0.0,0.0,205.1734545762352,35.0,55.0
1091.7730536145946,368.6177739109825,369.6575435943118,0.0,0.0,0.0,65.0,35.0,55.0
960.166044052933,324.8032663798952,326.3243317898917,0.0,0.0,0.0,65.0,35.0,55.0
852.6298881839311,289.0024095191592,290.91674191739855,0.0,0.0,0.0,65.0,35.0,55.0
771.3069635943784,261.92844207816523,264.1401779066276,0.0,0.0,0.0,65.0,35.0,55.0
718.4896749946803,244.3445497244769,246.74944194621847,0.0,0.0,0.0,65.0,35.0,55.0
669.8141294563562,228.1395233837678,230.72242536455502,0.0,0.0,0.0,65.0,35.0,55.0
650.119261575513,221.58272264828207,224.23765009169395,0.0,0.0,0.0,65.0,35.0,55.0
710.683757545821,241.74580950547775,244.17924849477652,0.0,0.0,0.0,65.0,35.0,55.0
795.4366021349219,269.9616633562592,272.0851554661365,0.0,0.0,0.0,65.0,35.0,55.0
959.4500682236735,324.56490424046467,326.0885880224473,0.0,0.0,0.0,65.0,35.0,55.0
1141.6601308440943,380.0,373.0,0.0,0.0,0.0,65.0,35.0,55.0
1150.0,380.0,373.0,0.0,0.0,0.0,198.0388617793192,35.0,55.0
1150.0,380.0,373.0,0.0,0.0,0.0,204.27399346376671,35.0,55.0
1150.0,380.0,373.0,0.0,0.0,0.0,189.4465998814716,35.0,55.0
1150.0,380.0,373.0,0.0,0.0,0.0,216.91398336584493,35.0,55.0
1150.0,380.0,373.0,0.0,0.0,0.0,270.11503139850527,35.0,55.0
1150.0,380.0,373.0,0.0,0.0,0.0,261.48095644906914,35.0,55.0
1150.0,380.0,373.0,0.0,0.0,0.0,257.24822458039563,35.0,55.0
1150.0,380.0,373.0,0.0,0.0,0.0,234.51116594016477,35.0,55.0
1150.0,380.0,373.0,0.0,0.0,0.0,205.33620560896185,35.0,55.0
1150.0,380.0,373.0,0.0,0.0,0.0,247.2552505866615,35.0,55.0
1150.0,380.0,373.0,0.0,0.0,0.0,297.0,35.0,154.17605827105186
1150.0,380.0,373.0,0.0,0.0,0.0,297.0,35.0,107.45035550756751
1150.0,380.0,373.0,0.0,0.0,0.0,235.45068526096063,35.0,55.0
1097.1596947686683,370.4110904691089,371.4311608417617,0.0,0.0,0.0,65.0,35.0,55.0
951.9469140458981,322.06695974401276,323.6180830678125,0.0,0.0,0.0,65.0,35.0,55.0
845.4610195824755,286.6157551276186,288.5563045627348,0.0,0.0,0.0,65.0,35.0,55.0
830.0793129874306,281.49488883262234,283.49169020810024,0.0,0.0,0.0,65.0,35.0,55.0
772.9275080930082,262.4679525447898,264.6737619325204,0.0,0.0,0.0,65.0,35.0,55.0
721.511282722731,245.35050111716959,247.7443431152793,0.0,0.0,0.0,65.0,35.0,55.0
727.8693055222328,247.46720932868072,249.83779960780035,0.0,0.0,0.0,65.0,35.0,55.0
794.6414222117038,269.69693264890213,271.823332785489,0.0,0.0,0.0,65.0,35.0,55.0
887.4464940176184,300.59352798304513,302.38053370118877,0.0,0.0,0.0,65.0,35.0,55.0
1067.0230021461102,360.37800522333805,361.50828751725123,0.0,0.0,0.0,65.0,35.0,55.0
1150.0,380.0,373.0,0.0,0.0,0.0,260.13689629637315,35.0,55.0
1150.0,380.0,373.0,0.0,0.0,0.0,297.0,35.0,170.49493442634702
1150.0,380.0,373.0,0.0,0.0,0.0,297.0,35.0,188.87284713912518
1150.0,380.0,373.0,0.0,0.0,0.0,297.0,35.0,180.73023663419204
1080.6109584932235,364.90169752274966,365.98228774216176,485.0,0.0,0.0,65.0,35.0,55.0
1108.999165863979,374.3526783617093,373.0,485.0,0.0,0.0,65.0,35.0,55.0
1099.5722567388402,371.2142788020357,372.2255262725466,485.0,0.0,0.0,65.0,35.0,55.0
1077.651207184928,363.9163393232177,365.007753553155,485.0,0.0,0.0,65.0,35.0,55.0
1043.5058932711618,352.5487068649701,353.7649928150926,485.0,0.0,0.0,65.0,35.0,55.0
1020.6740478697845,344.9475459114681,346.2473294629738,485.0,0.0,0.0,65.0,35.0,55.0
1053.6128079572381,355.9134933691546,357.0928176493448,485.0,0.0,0.0,65.0,35.0,55.0
1150.0,380.0,373.0,485.0,0.0,0.0,82.71683171080895,35.0,55.0
1115.8563337585915,376.6355615862511,373.0,485.0,0.0,0.0,65.0,35.0,55.0
1032.0168447829528,348.72378140554156,349.98208358230175,485.0,0.0,0.0,65.0,35.0,55.0
903.817797467173,306.0438501252571,307.77098488047494,439.98585100884986,0.0,0.0,65.0,35.0,55.0
795.2376324284928,269.89542250989524,272.01964226543333,392.04682297988364,0.0,0.0,65.0,35.0,55.0
705.5134342001916,240.024509310908,242.47685652204103,352.4328580148205,0.0,0.0,65.0,35.0,55.0
637.6928507467873,217.44573121710383,220.14610288457033,322.4895175349513,0.0,0.0,65.0,35.0,55.0
593.5865626628523,202.7618986624522,205.62357000570842,303.0162317837629,0.0,0.0,65.0,35.0,55.0
553.3556380129264,189.3682492137812,192.37704776689026,285.2539505813262,0.0,0.0,65.0,35.0,55.0
535.9255411144424,183.56543434571446,186.63797594093484,277.5584207074642,0.0,0.0,65.0,35.0,55.0
586.849076932842,200.51885993494562,203.40517071876917,300.04157690880794,0.0,0.0,65.0,35.0,55.0
659.9593135380387,224.85866541344595,227.47760712193747,332.32034237736593,0.0,0.0,65.0,35.0,55.0
798.1835484052144,270.8761746611516,272.989621002907,393.3474688992256,0.0,0.0,65.0,35.0,55.0
946.8638642957815,320.3747146098125,321.9444269900106,458.9910404327036,0.0,0.0,65.0,35.0,55.0
1031.883998239276,348.6795542332367,349.9383422387836,485.0,0.0,0.0,65.0,35.0,55.0
1056.0951775256644,356.7399219956617,357.9101680826062,485.0,0.0,0.0,65.0,35.0,55.0
1059.7397633492058,357.95327479157356,359.1101923818963,485.0,0.0,0.0,65.0,35.0,55.0
1080.4948003180216,364.86302622963893,365.9440412473466,485.0,0.0,0.0,65.0,35.0,55.0
1101.2945989954167,371.78767970236174,372.79262845086146,485.0,0.0,0.0,65.0,35.0,55.0
1088.1587136772087,367.414490552946,368.4674781216476,485.0,0.0,0.0,65.0,35.0,55.0
1072.5695145987177,362.2245460150135,363.3345443381091,485.0,0.0,0.0,65.0,35.0,55.0
1041.1619684423029,351.7683691579711,352.9932269995721,485.0,0.0,0.0,65.0,35.0,55.0
1002.4734417352639,338.8882136828327,340.2545580807893,483.5431222111816,0.0,0.0,65.0,35.0,55.0
1026.1003578239613,346.7540689769581,348.034008146305,485.0,0.0,0.0,65.0,35.0,55.0
1119.6103258299888,377.88533782865414,373.0,485.0,0.0,0.0,65.0,35.0,55.0
1085.8618773409462,366.6498295118052,367.711216766186,485.0,0.0,0.0,65.0,35.0,55.0
1008.9736296983049,341.0522514146277,342.39482418598504,485.0,0.0,0.0,65.0,35.0,55.0
913.2599501319346,309.1873245527802,310.8799287176957,444.15463838441275,0.0,0.0,65.0,35.0,55.0
802.8231807396526,272.4207975998217,274.5172764926296,395.3959043979698,0.0,0.0,65.0,35.0,55.0
712.4997360575912,242.35038371809196,244.77718155126732,355.5173672384102,0.0,0.0,65.0,35.0,55.0
644.7248963375306,219.7868345938979,222.46148959548293,325.59422298972316,0.0,0.0,65.0,35.0,55.0
599.5283169456934,204.74002306965892,207.5799650160178,305.6395647378515,0.0,0.0,65.0,35.0,55.0
559.2751509952417,191.33896906379425,194.3261195579448,287.8674638199177,0.0,0.0,65.0,35.0,55.0
537.921707419001,184.22999654400232,187.29523802416574,278.4397444040218,0.0,0.0,65.0,35.0,55.0
588.2470566781062,200.98427430976653,203.86547258719997,300.6587963629161,0.0,0.0,65.0,35.0,55.0
664.2535219584788,226.2882900801266,228.89152757826443,334.21627040212405,0.0,0.0,65.0,35.0,55.0
811.8874392353937,275.43846378225476,277.5017940692708,399.3978484172511,0.0,0.0,65.0,35.0,55.0
968.8824603350669,327.7051291918354,329.1943180785189,468.7124300834723,0.0,0.0,65.0,35.0,55.0
1062.391040341139,358.8359359516209,359.98315764283706,485.0,0.0,0.0,65.0,35.0,55.0
1076.352147006136,363.48385717673796,364.5800221575267,485.0,0.0,0.0,65.0,35.0,55.0
1061.358858916064,358.49230288091275,359.64329932934504,485.0,0.0,0.0,65.0,35.0,55.0
1075.190170421071,363.0970127981075,364.19742720578273,485.0,0.0,0.0,65.0,35.0,55.0
1099.0066969069285,371.02599304433096,372.03930880536205,485.0,0.0,0.0,65.0,35.0,55.0
1083.5873738495648,365.89260350473654,366.9623087720738,485.0,0.0,0.0,65.0,35.0,55.0
1063.9155609170496,359.3434782054644,360.48512462192247,485.0,0.0,0.0,65.0,35.0,55.0
1021.9866161963613,345.3845251804402,346.6795085808853,485.0,0.0,0.0,65.0,35.0,55.0
986.9437164891704,333.7180691288537,335.14120678138056,476.68662191401023,0.0,0.0,65.0,35.0,55.0
1006.7214569751494,340.3024597502728,341.6532688694583,485.0,0.0,0.0,65.0,35.0,55.0
1096.9230560685887,370.33230888945513,371.35324466582387,485.0,0.0,0.0,65.0,35.0,55.0
1068.66095654457,360.92331178083765,362.0476039648389,485.0,0.0,0.0,65.0,35.0,55.0
1010.9416041707543,341.7074280091823,343.04280376491766,485.0,0.0,0.0,65.0,35.0,55.0
916.2721420383208,310.1901412371423,311.87172961272205,445.48454566699456,0.0,0.0,65.0,35.0,55.0
804.6665398647248,273.0344873458085,275.12422494974,396.2097624790733,0.0,0.0,65.0,35.0,55.0
713.8842371920589,242.81131080385265,245.23304542282833,356.1286357759717,0.0,0.0,65.0,35.0,55.0
645.3473365721505,219.99405693287696,222.66643562846562,325.86903542754885,0.0,0.0,65.0,35.0,55.0
598.7644542519557,204.4857184709984,207.32845391484256,305.3023131314248,0.0,0.0,65.0,35.0,55.0
557.1527419312443,190.63237822012806,193.62729050763707,286.93040291591507,0.0,0.0,65.0,35.0,55.0
537.0479811879975,183.93911625840116,187.00755301442913,278.0539871502656,0.0,0.0,65.0,35.0,55.0
596.4136436224608,203.70308834838394,206.5544208655447,304.2644110742857,0.0,0.0,65.0,35.0,55.0
688.5505247876697,234.3772301524535,236.89161186949383,344.9435952246045,0.0,0.0,65.0,35.0,55.0
845.4403850655083,286.6088854996097,288.54951039654867,414.21174753069636,0.0,0.0,65.0,35.0,55.0
1001.3453867327737,338.51266245219,339.88313222351354,483.04507673148163,0.0,0.0,65.0,35.0,55.0
1094.66192560685,369.57953502144767,370.6087399046998,485.0,0.0,0.0,65.0,35.0,55.0
1106.5873273574848,373.54973088377085,373.0,485.0,0.0,0.0,65.0,35.0,55.0
1102.0899005620531,372.05245090715505,373.0,485.0,0.0,0.0,65.0,35.0,55.0
1136.9589029931612,380.0,373.0,485.0,0.0,0.0,65.0,35.0,55.0
1150.0,380.0,373.0,485.0,0.0,0.0,109.97901092000596,35.0,55.0
1150.0,380.0,373.0,485.0,0.0,0.0,101.70864452177415,35.0,55.0
1150.0,380.0,373.0,485.0,0.0,0.0,69.19723553204483,35.0,55.0
1082.550121789112,365.5472823218778,366.6207808900873,485.0,0.0,0.0,65.0,35.0,55.0
1034.1418567125725,349.4312387932907,350.681769657837,485.0,0.0,0.0,65.0,35.0,55.0
1075.688322416251,363.26285718904944,364.3614498212181,485.0,0.0,0.0,65.0,35.0,55.0
1150.0,380.0,373.0,485.0,0.0,0.0,114.82699369342049,35.0,55.0
1123.8764689872994,379.30561902885194,373.0,485.0,0.0,0.0,65.0,35.0,55.0
1032.669284653476,348.9409912009456,350.1969073610138,485.0,0.0,0.0,65.0,35.0,55.0
912.9724364519412,309.0916057127327,310.7852613346033,444.02769875083413,0.0,0.0,65.0,35.0,55.0
800.6967480944807,271.7128672285098,273.8171226291844,394.4570670500776,0.0,0.0,65.0,35.0,55.0
708.581232452058,241.04583841836165,243.48696648399616,353.7873159522444,0.0,0.0,65.0,35.0,55.0
639.4601552481548,218.03410091445352,220.72800942994155,323.2697968796787,0.0,0.0,65.0,35.0,55.0
594.0175828366777,202.90539357746485,205.7654886508213,303.2065307042582,0.0,0.0,65.0,35.0,55.0
552.6215743266828,189.12386527848517,192.13534835209558,284.9298554796348,0.0,0.0,65.0,35.0,55.0
527.3844651622303,180.72194570572339,183.82572259282244,273.7874660462261,0.0,0.0,65.0,35.0,55.0
572.7739135411576,195.8329670293911,198.7707516367984,293.8272775281995,0.0,0.0,65.0,35.0,55.0
639.7668593443409,218.13620861355648,220.8289954914407,323.40520923845,0.0,0.0,65.0,35.0,55.0
772.2472693368504,262.2414879651,264.4497850319256,381.8963902534853,0.0,0.0,65.0,35.0,55.0
913.1276512300815,309.1432797009831,310.8363676919222,444.09622734072093,0.0,0.0,65.0,35.0,55.0
980.069428763123,331.42948638279074,332.87776377002814,473.65156784257124,0.0,0.0,65.0,35.0,55.0
988.4894595118323,334.2326767438517,335.65016150969865,477.36908005968144,0.0,0.0,65.0,35.0,55.0
993.3359554216123,335.84616854984057,337.2459293526672,479.5088475133268,0.0,0.0,65.0,35.0,55.0
1011.227779215112,341.8027011916517,343.13703038591296,485.0,0.0,0.0,65.0,35.0,55.0
1022.0930059778084,345.4199443871829,346.71453871300844,485.0,0.0,0.0,65.0,35.0,55.0
987.5335974898958,333.91445187195234,335.33543228980125,476.947059184643,0.0,0.0,65.0,35.0,55.0
962.6223279149052,325.6210105724524,327.13309318639426,465.9485305862827,0.0,0.0,65.0,35.0,55.0
951.7998631944616,322.01800368415564,323.56966478285534,461.17032418559234,0.0,0.0,65.0,35.0,55.0
961.0648129855576,325.1024838630547,326.62026241433466,465.2608750478432,0.0,0.0,65.0,35.0,55.0
997.5756939655724,337.25765914584224,338.64191493833397,481.38072664357117,0.0,0.0,65.0,35.0,55.0
1066.1850864197688,360.0990469442579,361.2323935526004,485.0,0.0,0.0,65.0,35.0,55.0
1050.4323710183814,354.8546646739824,356.0456200269605,485.0,0.0,0.0,65.0,35.0,55.0
1022.9776001436618,345.71444281755396,347.00580212274286,485.0,0.0,0.0,65.0,35.0,55.0
928.5625839539867,314.28186599912794,315.9185073981556,450.910875966581,0.0,0.0,65.0,35.0,55.0
817.8679814876631,277.4295014513333,279.47096049122683,402.03830657604857,0.0,0.0,65.0,35.0,55.0
727.0693319261677,247.2008827153323,249.57439855194707,361.9499625882661,0.0,0.0,65.0,35.0,55.0
605.679300150877,206.78780381374486,209.60525119889977,308.3552739668249,0.0,0.0,65.0,35.0,55.0
565.2294047640361,193.32125479054815,196.28663017633667,290.4963153989527,0.0,0.0,65.0,35.0,55.0
527.3048393521157,180.69543674036842,183.79950482443542,273.752310601937,0.0,0.0,65.0,35.0,55.0
517.5,171.0,167.85,234.42361403064538,0.0,0.0,65.0,35.0,55.0
0.0,0.0,373.0,485.0,0.0,0.0,286.19448405567414,35.0,55.0
0.0,0.0,373.0,485.0,0.0,0.0,297.0,35.0,150.03520241432278
0.0,0.0,373.0,485.0,250.0,0.0,297.0,35.0,141.55273043430947
0.0,380.0,373.0,485.0,250.0,0.0,269.55668769809614,35.0,55.0
0.0,380.0,373.0,485.0,250.0,0.0,297.0,35.0,170.47231429457497
0.0,380.0,373.0,485.0,250.0,0.0,297.0,35.0,201.39870120683852
0.0,380.0,373.0,485.0,250.0,0.0,297.0,35.0,205.45149233450732
826.7066488735751,280.37206400962447,282.381199445658,405.9406502812824,112.52413610437982,0.0,65.0,35.0,55.0
890.6289007439925,301.6530124584094,303.4283799001192,434.1628455873859,0.0,0.0,65.0,35.0,55.0
874.8005730496975,296.38345739993605,298.2167101055457,427.1745098750745,0.0,0.0,65.0,35.0,55.0
856.7761745947098,290.38278810063576,292.28195724930595,419.2165910191666,0.0,0.0,65.0,35.0,55.0
847.3345386069159,287.23948568482365,289.17318353427356,415.048031760697,0.0,0.0,65.0,35.0,55.0
854.4460447518048,289.6070430100786,291.51473360103137,418.1878196979003,0.0,0.0,65.0,35.0,55.0
887.5058964995214,300.6133042130451,302.40009269229864,432.78401375417815,0.0,0.0,65.0,35.0,55.0
953.518911863024,322.5903080856149,324.1356825071773,461.9292981867463,0.0,0.0,65.0,35.0,55.0
973.0605982523647,329.09611175312216,330.57002090712484,470.55711203486624,0.0,0.0,65.0,35.0,55.0
951.2861075065597,321.8469645234628,323.40050446142766,460.9434968611579,0.0,0.0,65.0,35.0,55.0
863.2469818310498,292.53704442279616,294.41254939216986,422.07350516515663,0.0,0.0,65.0,35.0,55.0
758.0961063839426,257.5302933422686,259.7903421682086,375.648536447035,0.0,0.0,65.0,35.0,55.0
674.46736160148,229.6886739612748,232.2545587576879,338.7257638695062,0.0,0.0,65.0,35.0,55.0
611.2178777601223,208.63170294328245,211.42889537587803,310.8006011327546,0.0,0.0,65.0,35.0,55.0
569.2529283698486,194.66076327049566,197.61142435858778,292.2727338713831,0.0,0.0,65.0,35.0,55.0
530.9011057000372,181.8927030524715,184.983619347504,275.34009151193305,0.0,0.0,65.0,35.0,55.0
517.5,171.0,167.85,244.34218423868924,0.0,0.0,65.0,35.0,55.0
0.0,0.0,373.0,485.0,0.0,0.0,243.7285296627486,35.0,55.0
0.0,0.0,373.0,485.0,0.0,0.0,297.0,35.0,106.38224571859838
0.0,0.0,373.0,485.0,250.0,0.0,297.0,35.0,129.9805432261026
0.0,380.0,373.0,485.0,250.0,0.0,294.12021016932164,35.0,55.0
0.0,380.0,373.0,485.0,250.0,0.0,297.0,35.0,230.94565915719895
845.3982614781283,286.59486174629563,288.53564069204,414.19314962346937,116.15410145077135,0.0,65.0,35.0,55.0
848.6924402087735,287.6915572740135,289.6202891855519,415.6475563877671,116.79384050860678,0.0,65.0,35.0,55.0
866.702447324819,293.6874354194796,295.5503035180564,423.59912135021136,120.291436093462,0.0,65.0,35.0,55.0
883.0955075992264,299.14500082760526,300.9479183970777,430.83679110044056,123.47501591486864,0.0,65.0,35.0,55.0
868.9189803781406,294.4253619515171,296.28012403894655,424.57773876281584,120.72189323715054,0.0,65.0,35.0,55.0
848.397567839649,287.59338858466526,289.52319886438204,415.5173678329478,116.73657543982027,0.0,65.0,35.0,55.0
835.3935368895523,283.2640962932045,285.2414631927896,409.7759821573582,114.21115493646816,0.0,65.0,35.0,55.0
846.3812980805625,286.9221335592799,288.85931747374525,414.6271682973294,116.3450100083455,0.0,65.0,35.0,55.0
888.4427244172268,300.92519226515077,302.70855470140765,433.1976309170292,124.5134609201035,0.0,65.0,35.0,55.0
948.108439423497,320.78905763369784,322.35421851855784,459.54053049758284,136.10071571842263,0.0,65.0,35.0,55.0
921.4407582694269,311.91087310041735,313.57355949719596,447.76653186848625,130.9217747406757,0.0,65.0,35.0,55.0
874.6077519037765,296.3192635277536,298.15322139332284,427.08937776723883,121.82666915662183,0.0,65.0,35.0,55.0
790.8129871767803,268.42237291056733,270.56277389276477,390.093306030775,112.5,0.0,65.0,35.0,55.0
739.3044730847112,251.27419679047475,253.60296788914286,367.3518771527616,0.0,0.0,65.0,35.0,55.0
653.1488687202136,222.5913372008035,225.23518516617634,329.3134754703656,0.0,0.0,65.0,35.0,55.0
640.8797935654658,218.50672584493716,221.19544264717368,323.89657876991,0.0,0.0,65.0,35.0,55.0
594.5115365257425,203.06984027146407,205.92812892280313,303.42461528477673,0.0,0.0,65.0,35.0,55.0
551.747220538227,188.83277606692477,191.8474567114197,284.54382115414745,0.0,0.0,65.0,35.0,55.0
517.5,177.33796335829015,180.47891277875118,269.29972383156365,0.0,0.0,65.0,35.0,55.0
0.0,380.0,373.0,485.0,0.0,0.0,78.41465729037542,35.0,55.0
0.0,380.0,373.0,485.0,0.0,0.0,211.7087369380975,35.0,55.0
0.0,380.0,373.0,485.0,0.0,0.0,297.0,35.0,249.5034121865989
907.3875872392955,307.2323018754792,308.94638166828935,441.561942294789,0.0,0.0,65.0,35.0,55.0
982.5383054861355,332.2514229812595,333.6906715194986,474.7415970424937,0.0,0.0,65.0,35.0,55.0
1001.9856280202268,338.7258111044104,340.09393947008454,483.3277484792505,0.0,0.0,65.0,35.0,55.0
1004.8968196048717,339.6950028369381,341.0524847782777,484.61306329641127,0.0,0.0,65.0,35.0,55.0
1028.28538865359,347.48150781216356,348.7534561761238,485.0,0.0,0.0,65.0,35.0,55.0
1041.7427651361859,351.9617275604067,353.1844613892536,485.0,0.0,0.0,65.0,35.0,55.0
1008.9602897219763,341.04781027965123,342.39043183620345,485.0,0.0,0.0,65.0,35.0,55.0
980.9259297288055,331.7146320458999,333.159777151232,474.02972000126493,0.0,0.0,65.0,35.0,55.0
970.2941920448364,328.1751218604295,329.6591479488595,469.335721142018,0.0,0.0,65.0,35.0,55.0
995.493428974998,336.5644330371789,337.9563038134401,480.4613896752462,0.0,0.0,65.0,35.0,55.0
1057.90707559386,357.3431377500424,358.5067576033213,485.0,0.0,0.0,65.0,35.0,55.0
1150.0,380.0,373.0,485.0,0.0,0.0,99.05443565864344,35.0,55.0
1135.2032160161516,380.0,373.0,485.0,0.0,0.0,65.0,35.0,55.0
1056.2835100372904,356.80262151506014,357.972178857284,485.0,0.0,0.0,65.0,35.0,55.0
923.7854881543658,312.6914788260865,314.3455903872422,448.8017492273326,0.0,0.0,65.0,35.0,55.0
797.1204300539724,270.52224209204246,272.63957632944334,392.87809348042657,0.0,0.0,65.0,35.0,55.0
706.6941391618344,240.41758872670957,242.8656180200175,352.95414888069797,0.0,0.0,65.0,35.0,55.0
638.8739741229604,217.838949931159,220.53500215063016,323.01099313425493,0.0,0.0,65.0,35.0,55.0
593.3269004693304,202.67545211852195,205.53807306396527,302.9015888085117,0.0,0.0,65.0,35.0,55.0
551.7644945240424,188.83852690940742,191.85314438176906,284.55144775970547,0.0,0.0,65.0,35.0,55.0
535.5508722008414,183.44069985025473,186.51461163500858,277.39300132774326,0.0,0.0,65.0,35.0,55.0
595.579244888826,203.42530094389434,206.27968491360443,303.89601723122234,0.0,0.0,65.0,35.0,55.0
675.6383214511193,230.0785090416516,232.6401115587727,339.24275218899027,0.0,0.0,65.0,35.0,55.0
819.6213577193276,278.01323415951475,280.0482809840533,402.81243647615645,0.0,0.0,65.0,35.0,55.0
969.2511759302216,327.8278817129553,329.3157221817931,468.87522102456677,0.0,0.0,65.0,35.0,55.0
1052.410517965913,355.51322788135934,356.6969490172867,485.0,0.0,0.0,65.0,35.0,55.0
1066.429189048598,360.18031340950785,361.3127673180427,485.0,0.0,0.0,65.0,35.0,55.0
1063.265141059474,359.12694091126536,360.27096595709145,485.0,0.0,0.0,65.0,35.0,55.0
1084.7542349365044,366.2810740280904,367.3465120055878,485.0,0.0,0.0,65.0,35.0,55.0
1107.5681467353463,373.876264540003,373.0,485.0,0.0,0.0,65.0,35.0,55.0
1087.6137382455397,367.23305773842765,368.28803831910693,485.0,0.0,0.0,65.0,35.0,55.0
1061.9625541617418,358.69328465214454,359.8420733462716,485.0,0.0,0.0,65.0,35.0,55.0
1029.6148666586207,347.92411663868313,349.191203011746,485.0,0.0,0.0,65.0,35.0,55.0
1019.4421574695554,344.537425877603,345.8417145355413,485.0,0.0,0.0,65.0,35.0,55.0
1064.8873978000343,359.6670214161972,360.80511375950704,485.0,0.0,0.0,65.0,35.0,55.0
1150.0,380.0,373.0,485.0,0.0,0.0,100.80421036588291,35.0,55.0
1128.2014098791049,380.0,373.0,485.0,0.0,0.0,65.0,35.0,55.0
1046.7572122677043,353.63113356195566,354.8355292188159,485.0,0.0,0.0,65.0,35.0,55.0
926.3026386647155,313.5294866978551,315.1743928695103,449.9130916979007,0.0,0.0,65.0,35.0,55.0
803.9767002799686,272.8048264654176,274.8970868593231,395.90519267871116,0.0,0.0,65.0,35.0,55.0
709.7690389193443,241.44128206212903,243.87806623925243,354.3117421907562,0.0,0.0,65.0,35.0,55.0
640.7826745543614,218.47439305614714,221.1634650291696,323.85369993477633,0.0,0.0,65.0,35.0,55.0
595.0110172000134,203.2361270052586,206.09258902202185,303.64514007432064,0.0,0.0,65.0,35.0,55.0
573.1276546347726,195.95073425061946,198.88722520294505,293.9834571047894,0.0,0.0,65.0,35.0,55.0
589.5539010461051,201.41934796271522,204.29576702199128,301.23577880501017,0.0,0.0,65.0,35.0,55.0
643.5994627337968,219.41215607737533,222.0909268656949,325.0973348789442,0.0,0.0,65.0,35.0,55.0
739.3334458063295,251.28384236736133,253.6125075108288,367.3646688455467,0.0,0.0,65.0,35.0,55.0
905.3749837915511,306.5622674357333,308.28370745534363,440.67336146551656,0.0,0.0,65.0,35.0,55.0
1087.2253180448088,367.103745174706,368.16014623430493,485.0,0.0,0.0,65.0,35.0,55.0
1150.0,380.0,373.0,485.0,0.0,0.0,172.4522979005551,35.0,55.0
1150.0,380.0,373.0,485.0,0.0,0.0,211.38512530133264,35.0,55.0
1150.0,380.0,373.0,485.0,0.0,0.0,206.31329908643383,35.0,55.0
1150.0,380.0,373.0,485.0,0.0,0.0,232.79606521321887,35.0,55.0
1150.0,380.0,373.0,485.0,0.0,0.0,263.11414781979545,35.0,55.0
1150.0,380.0,373.0,485.0,0.0,0.0,220.53128713442885,35.0,55.0
1150.0,380.0,373.0,485.0,0.0,0.0,149.60568123091878,35.0,55.0
1150.0,380.0,373.0,485.0,0.0,0.0,66.41267044797726,35.0,55.0
1121.933114341368,378.6586388485915,373.0,485.0,0.0,0.0,65.0,35.0,55.0
1150.0,380.0,373.0,485.0,0.0,0.0,128.85741748354576,35.0,55.0
1150.0,380.0,373.0,485.0,0.0,0.0,289.7820104876017,35.0,55.0
1150.0,380.0,373.0,485.0,0.0,0.0,240.98009052255938,35.0,55.0
1150.0,380.0,373.0,485.0,0.0,0.0,107.90388229714563,35.0,55.0
990.7438259552556,334.98319873992307,336.39243913535864,478.3644012224401,0.0,0.0,65.0,35.0,55.0
839.7992835564447,284.73085418975995,286.6921089760874,411.72115522720424,0.0,0.0,65.0,35.0,55.0
723.8246688676259,246.120671908265,248.50605369692707,360.51741739686236,0.0,0.0,65.0,35.0,55.0
641.1445519131006,218.59486899669633,221.28261755976578,324.01347173874683,0.0,0.0,65.0,35.0,55.0
585.6856623440607,200.1315368171899,203.02210228677666,299.527919883503,0.0,0.0,65.0,35.0,55.0
556.6554409160175,190.46681713679786,193.46354808772224,286.71084046360806,0.0,0.0,65.0,35.0,55.0
570.0283265744349,194.91890826283,197.8667336672942,292.61507849988897,0.0,0.0,65.0,35.0,55.0
615.8958929851708,210.1891042852862,212.96918890010977,312.8659829906072,0.0,0.0,65.0,35.0,55.0
705.6210512734476,240.06033710672492,242.51229075494936,352.48037182997615,0.0,0.0,65.0,35.0,55.0
861.833675804112,292.06652763370386,293.9472011587153,421.44951903274705,0.0,0.0,65.0,35.0,55.0
1011.4223135314891,341.8674654112654,343.201083180387,485.0,0.0,0.0,65.0,35.0,55.0
1102.5928748917654,372.2199007461152,373.0,485.0,0.0,0.0,65.0,35.0,55.0
1120.2785288906596,378.10779549357306,373.0,485.0,0.0,0.0,65.0,35.0,55.0
1122.5603171357195,378.8674467354067,373.0,485.0,0.0,0.0,65.0,35.0,55.0
1150.0,380.0,373.0,485.0,0.0,0.0,73.96329157974202,35.0,55.0
1150.0,380.0,373.0,485.0,0.0,0.0,117.90157646187656,35.0,55.0
1143.4455677687954,380.0,373.0,485.0,0.0,0.0,65.0,35.0,55.0
1083.9454343790358,366.01180874933067,367.0802045651174,485.0,0.0,0.0,65.0,35.0,55.0
1045.2932071468817,353.1437380683154,354.35348769082543,485.0,0.0,0.0,65.0,35.0,55.0
1057.1181476023742,357.08048843113767,358.24699344738946,485.0,0.0,0.0,65.0,35.0,55.0
1110.6142195102282,374.89036081785184,373.0,485.0,0.0,0.0,65.0,35.0,55.0
1150.0,380.0,373.0,485.0,0.0,0.0,154.7286877281974,35.0,55.0
1150.0,380.0,373.0,485.0,0.0,0.0,69.54034427631875,35.0,55.0
1050.9745777506637,355.03517573516456,356.2241482014857,485.0,0.0,0.0,65.0,35.0,55.0
917.6587077306144,310.6517556539556,312.32827326510824,446.09672572366685,0.0,0.0,65.0,35.0,55.0
785.3416693948759,266.60086587261657,268.76127583363996,387.6776746269301,0.0,0.0,65.0,35.0,55.0
696.2195384502659,236.93039246496997,239.41672808085008,348.32952727577384,0.0,0.0,65.0,35.0,55.0
629.8718108395726,214.84195644054043,217.57093017941614,319.03646465743856,0.0,0.0,65.0,35.0,55.0
585.9946524175032,200.2344055621372,203.1238410341469,299.66434151986863,0.0,0.0,65.0,35.0,55.0
546.5684726378117,187.10867117585482,190.14229085135017,282.2573617380605,0.0,0.0,65.0,35.0,55.0
538.924561237654,184.56386588983955,187.62543986582523,278.8825125403958,0.0,0.0,65.0,35.0,55.0
581.9494094381006,198.8876662845224,201.79189548344527,297.87833376693806,0.0,0.0,65.0,35.0,55.0
653.9677722124145,222.86396594106418,225.50481912103263,329.6750280380159,0.0,0.0,65.0,35.0,55.0
794.8064232304368,269.7518646650766,271.87766138178887,391.8564406036496,0.0,0.0,65.0,35.0,55.0
938.6696986146521,317.64671907870354,319.2463980764783,455.3732494842213,0.0,0.0,65.0,35.0,55.0
1011.1443676253358,341.77493186735353,343.10956610343476,485.0,0.0,0.0,65.0,35.0,55.0
1023.7686553968276,345.97780034283153,347.26626670550786,485.0,0.0,0.0,65.0,35.0,55.0
1024.1024765777508,346.0889358415737,347.3761813976351,485.0,0.0,0.0,65.0,35.0,55.0
1043.860161023405,352.6666494209964,353.8816397900111,485.0,0.0,0.0,65.0,35.0,55.0
1066.5822212286487,360.2312607688291,361.36315502834105,485.0,0.0,0.0,65.0,35.0,55.0
1039.7880492607376,351.3109650080835,352.5408473649673,485.0,0.0,0.0,65.0,35.0,55.0
1010.2350530164521,341.472203525514,342.81016318656236,485.0,0.0,0.0,65.0,35.0,55.0
995.3895773316275,336.52985882547296,337.9221093942112,480.4155383280815,0.0,0.0,65.0,35.0,55.0
999.3644670557873,337.85317614978953,339.2308902782228,482.1704845452904,0.0,0.0,65.0,35.0,55.0
1029.1145963408846,347.7575670173747,349.0264829127928,485.0,0.0,0.0,65.0,35.0,55.0
1094.814197639004,369.63022931289777,370.6588773270393,485.0,0.0,0.0,65.0,35.0,55.0
1046.4390701430934,353.5252179229548,354.7307770470616,485.0,0.0,0.0,65.0,35.0,55.0
1015.7693634350478,343.314682025121,344.6324023390146,485.0,0.0,0.0,65.0,35.0,55.0
921.4255182900483,311.90579941784165,313.56854154825464,447.7598032933517,0.0,0.0,65.0,35.0,55.0
811.1044905950943,275.17780510449046,277.243998687588,399.0521702098254,0.0,0.0,65.0,35.0,55.0
719.3540232246113,244.63230789295082,247.03403913481142,358.5435908999906,0.0,0.0,65.0,35.0,55.0
598.5898711575978,204.42759639734882,207.27097030336566,305.2252332720341,0.0,0.0,65.0,35.0,55.0
559.6322453570456,191.4578526525687,194.44369722850925,288.0251238917495,0.0,0.0,65.0,35.0,55.0
526.8709901967586,180.55100000293277,183.65665470267612,273.5607626630331,0.0,0.0,65.0,35.0,55.0
517.5,171.0,167.85,242.763009035533,0.0,0.0,65.0,35.0,55.0
0.0,0.0,373.0,485.0,0.0,0.0,258.6785577821551,35.0,55.0
0.0,0.0,373.0,485.0,0.0,0.0,297.0,35.0,122.70504857164707
0.0,0.0,373.0,485.0,250.0,0.0,297.0,35.0,124.62479248973777
0.0,380.0,373.0,485.0,250.0,0.0,262.7029557344286,35.0,55.0
0.0,380.0,373.0,485.0,250.0,0.0,297.0,35.0,191.55243817456676
830.3402625871674,281.58176397887013,283.57761104402937,407.54492035768436,113.22979441977313,0.0,65.0,35.0,55.0
889.3979990793973,301.2432215936746,303.0230905259439,433.61939246794265,0.0,0.0,65.0,35.0,55.0
906.8910320479793,307.0669890912895,308.7828848199865,441.3427091298186,0.0,0.0,65.0,35.0,55.0
917.0220814533593,310.4398105082359,312.11865630470135,445.81565003237057,0.0,0.0,65.0,35.0,55.0
893.353046327121,302.55993297552544,304.3253380327669,435.3655780700456,0.0,0.0,65.0,35.0,55.0
860.3052051041813,291.5576703075157,293.4439335531558,420.77468675836866,0.0,0.0,65.0,35.0,55.0
836.0749512403631,283.49095225098995,285.4658271722509,410.07683214824954,0.0,0.0,65.0,35.0,55.0
839.2720220310041,284.5553186757002,286.51850169305334,411.48836496539457,0.0,0.0,65.0,35.0,55.0
865.7901610552468,293.3837177545786,295.24992214568647,423.19633952507894,0.0,0.0,65.0,35.0,55.0
948.2907844820984,320.84976381469806,322.4142578513577,459.621037327464,0.0,0.0,65.0,35.0,55.0
973.4989884637038,329.2420602955307,330.71436622690845,470.7506648870057,0.0,0.0,65.0,35.0,55.0
953.2761620477722,322.50949199805285,324.0557541720923,461.822122164374,0.0,0.0,65.0,35.0,55.0
865.6677328064525,293.3429590332408,295.209611152727,423.1422864551798,0.0,0.0,65.0,35.0,55.0
761.5258281663756,258.6721137617618,260.91961986339686,377.1627865736677,0.0,0.0,65.0,35.0,55.0
674.9288543660418,229.84231378848298,232.40651087467296,338.9295166872295,0.0,0.0,65.0,35.0,55.0
607.1560421495853,207.27943965927759,210.0914864991596,309.00726759791223,0.0,0.0,65.0,35.0,55.0
562.5429384355951,192.42687842281876,195.4020783974952,289.3102186144053,0.0,0.0,65.0,35.0,55.0
528.2421949076578,181.00750045326942,184.10814056473257,274.1661607211944,0.0,0.0,65.0,35.0,55.0
517.5,171.0,167.85,250.53013537534162,0.0,0.0,65.0,35.0,55.0
0.0,0.0,373.0,485.0,0.0,0.0,255.45978730084968,35.0,55.0
0.0,0.0,373.0,485.0,0.0,0.0,297.0,35.0,94.94268061975991
0.0,0.0,373.0,485.0,250.0,0.0,297.0,35.0,128.01507892070524
0.0,380.0,373.0,485.0,250.0,0.0,297.0,35.0,62.70621875941265
828.2698353351677,280.89247888130996,282.8958976388288,406.63080984744346,112.82771144619636,0.0,65.0,35.0,55.0
853.156759157377,289.1778150109399,291.09022060642866,417.61858959748,117.66082418848049,0.0,65.0,35.0,55.0
860.2875611109448,291.55179628243826,293.43812405335376,420.76689679151787,119.04564659685452,0.0,65.0,35.0,55.0
874.922665475887,296.4241043194625,298.2569105248198,427.2284146765559,121.88782628511868,0.0,65.0,35.0,55.0
887.261539233892,300.5319529743014,302.3196350845866,432.67612802935986,124.28407133377472,0.0,65.0,35.0,55.0
877.8648813147597,297.40362462358405,299.2256709468127,428.52742695487336,122.45921312918959,0.0,65.0,35.0,55.0
864.2352906550963,292.86607145987006,294.73796211709407,422.50985156783855,119.81230711702308,0.0,65.0,35.0,55.0
842.1426708771368,285.51101294994066,287.46369781049344,412.7557798329908,115.52185631956428,0.0,65.0,35.0,55.0
823.1064411836398,279.1734855488759,281.19578718769793,404.35112923665685,112.5,0.0,65.0,35.0,55.0
899.1879476058659,304.5024839602505,306.2465503892507,437.94173455174155,0.0,0.0,65.0,35.0,55.0
959.7620457389972,324.6687675623364,326.1913104214652,464.6856926881016,0.0,0.0,65.0,35.0,55.0
967.3031428084973,327.17934397802094,328.67430853561376,468.0151485206207,0.0,0.0,65.0,35.0,55.0
949.1197929674314,321.1257567017406,322.6872189983532,459.9870513319599,0.0,0.0,65.0,35.0,55.0
863.9147036731492,292.759341880787,294.63240494626615,422.3683098018281,0.0,0.0,65.0,35.0,55.0
760.5984343570019,258.3633665059703,260.6142641494303,376.7533346465535,0.0,0.0,65.0,35.0,55.0
675.3755544136458,229.99102883538714,232.55359230931947,339.1267383998231,0.0,0.0,65.0,35.0,55.0
664.8978944037988,226.5028140743449,229.1036950589099,334.5007660897691,0.0,0.0,65.0,35.0,55.0
619.0356674976642,211.23439567578086,214.00299792305734,314.2522190338609,0.0,0.0,65.0,35.0,55.0
578.2127902099286,197.6436737961372,200.56156806406128,296.2285859161303,0.0,0.0,65.0,35.0,55.0
541.5209103443871,185.42824049928612,188.48031945115287,280.0288218369079,0.0,0.0,65.0,35.0,55.0
544.9706823089326,186.576736010464,189.61619891315493,281.55192428239576,0.0,0.0,65.0,35.0,55.0
613.2862042342122,209.32028865142664,212.10991707434943,311.7137841324224,0.0,0.0,65.0,35.0,55.0
746.4173932405301,253.6422248671946,255.9449835362321,370.49228938731784,0.0,0.0,65.0,35.0,55.0
891.0917759409541,301.80711252398174,303.58078719981967,434.3672087602835,0.0,0.0,65.0,35.0,55.0
972.0334571363933,328.75415669836394,330.2318221768318,470.10362085873186,0.0,0.0,65.0,35.0,55.0
990.7889781602174,334.99823077834515,336.40730604911624,478.3843362890194,0.0,0.0,65.0,35.0,55.0
997.1165703738569,337.10480806189224,338.4907429003819,481.17801983497344,0.0,0.0,65.0,35.0,55.0
1021.7736153800829,345.3136131074432,346.6093754662659,485.0,0.0,0.0,65.0,35.0,55.0
1050.8997162937699,355.0102529147328,356.1994991544602,485.0,0.0,0.0,65.0,35.0,55.0
1044.21579515273,352.7850468702624,353.9987366612359,485.0,0.0,0.0,65.0,35.0,55.0
1031.02980178995,348.39517578799524,349.65708764767544,485.0,0.0,0.0,65.0,35.0,55.0
997.7537431750892,337.3169351559671,338.7005398104688,481.45933682106096,0.0,0.0,65.0,35.0,55.0
971.2722246981422,328.5007277623996,329.9811771193307,469.7675305315447,0.0,0.0,65.0,35.0,55.0
992.1351983558229,335.4464134024722,336.8505654550237,478.9787034800004,0.0,0.0,65.0,35.0,55.0
1071.2230719186323,361.7762893215193,362.8912116764752,485.0,0.0,0.0,65.0,35.0,55.0
1062.1468610920635,358.7546439780157,359.90275864924496,485.0,0.0,0.0,65.0,35.0,55.0
1033.5552481650075,349.2359455128591,350.48862164450105,485.0,0.0,0.0,65.0,35.0,55.0
932.7013408659509,315.65973786547136,317.28124355081565,452.7381708830793,0.0,0.0,65.0,35.0,55.0
818.122341991183,277.51418296057966,279.55471178692466,402.1506088119437,0.0,0.0,65.0,35.0,55.0
725.4824480795929,246.67257852790124,249.05189770596883,361.24934043345024,0.0,0.0,65.0,35.0,55.0
655.3027499320899,223.30840572848408,225.94437680472709,330.2644315842232,0.0,0.0,65.0,35.0,55.0
609.2427709756068,207.97415186471085,210.7785673962756,309.928575385977,0.0,0.0,65.0,35.0,55.0
568.9815317582,194.57041011282882,197.52206371666801,292.15291005486785,0.0,0.0,65.0,35.0,55.0
531.8824171174771,182.21940051815335,185.30672809102495,275.7733485025541,0.0,0.0,65.0,35.0,55.0
561.9500083482686,192.22948058008146,195.2068489401516,289.0484351471814,0.0,0.0,65.0,35.0,55.0
624.5517564827721,213.07080790933233,215.81923744646753,316.6876172889028,0.0,0.0,65.0,35.0,55.0
755.3689614335337,256.6223742780331,258.8923964573303,374.44447971926957,0.0,0.0,65.0,35.0,55.0
896.3072097141664,303.5434308484797,305.2980323306016,436.66986528827994,0.0,0.0,65.0,35.0,55.0
974.0132442201772,329.4132659386796,330.8836912020076,470.977712995791,0.0,0.0,65.0,35.0,55.0
990.7663632226077,334.990701830172,336.399859805298,478.3743516097038,0.0,0.0,65.0,35.0,55.0
993.5209149923394,335.907745152269,337.3068295454477,479.5905086716254,0.0,0.0,65.0,35.0,55.0
1015.0210941805125,343.06556878261733,344.3860255677354,485.0,0.0,0.0,65.0,35.0,55.0
1042.8166669054528,352.31925013700743,353.53805663452044,485.0,0.0,0.0,65.0,35.0,55.0
1032.8409744672788,348.9981500457892,350.2534383246073,485.0,0.0,0.0,65.0,35.0,55.0
1008.6053707085821,340.92965090624796,342.273570425614,485.0,0.0,0.0,65.0,35.0,55.0
980.2386824693757,331.48583420052455,332.9334926155217,473.7262947336675,0.0,0.0,65.0,35.0,55.0
964.9804751747097,326.4060832005612,327.9095419106337,466.98967182551297,0.0,0.0,65.0,35.0,55.0
994.8076125828295,336.3361115550657,337.7304904082137,480.1585961472093,0.0,0.0,65.0,35.0,55.0
1075.5277319396719,363.2093935272816,364.3085734496742,485.0,0.0,0.0,65.0,35.0,55.0
1065.0276681325806,359.71372011075925,360.8512994759849,485.0,0.0,0.0,65.0,35.0,55.0
1035.1744660989846,349.77501434056825,351.0217688828149,485.0,0.0,0.0,65.0,35.0,55.0
933.9857696105652,316.08734892579014,317.70415736842637,453.30525664471304,0.0,0.0,65.0,35.0,55.0
818.935005999926,277.7847344566581,279.82229131581136,402.50940659678207,0.0,0.0,65.0,35.0,55.0
724.4112279015716,246.31594870465935,248.69918540730043,360.77638799208063,0.0,0.0,65.0,35.0,55.0
653.2394337093351,222.62148802948,225.2650047925681,329.35346065136423,0.0,0.0,65.0,35.0,55.0
605.5020603406324,206.72879726822242,209.5468928313395,308.2770211457121,0.0,0.0,65.0,35.0,55.0
563.4757792415155,192.73743908864068,195.7092276014577,289.72207543489964,0.0,0.0,65.0,35.0,55.0
524.6719378721971,179.818893142085,182.93258992476947,272.5898631346822,0.0,0.0,65.0,35.0,55.0
558.7631741610026,191.16852211773698,194.1575449457647,287.64142187387694,0.0,0.0,65.0,35.0,55.0
612.8656369176363,209.18027369385854,211.97144015987584,311.52810023361627,0.0,0.0,65.0,35.0,55.0
730.9971133200297,248.50851676943796,250.86766844409473,363.6841100936132,0.0,0.0,65.0,35.0,55.0
860.6784411477032,291.6819277729367,293.566826069146,420.93947351426874,0.0,0.0,65.0,35.0,55.0
930.555567597094,314.9453686281376,316.57472155131626,451.79079449216215,0.0,0.0,65.0,35.0,55.0
947.5305207342941,320.59665737443527,322.16393174699175,459.2853746850061,0.0,0.0,65.0,35.0,55.0
948.7503794388457,321.00277182514316,322.56558509199107,459.82395224756596,0.0,0.0,65.0,35.0,55.0
962.4533238429347,325.5647458627777,327.0774465360304,465.8739139107571,0.0,0.0,65.0,35.0,55.0
977.4181916205872,330.5468384893751,332.00481162998716,472.4810250307954,0.0,0.0,65.0,35.0,55.0
958.3384081971724,324.19481121300845,325.722560410823,464.0571451076451,0.0,0.0,65.0,35.0,55.0
943.5472578569538,319.27055246620273,320.8523939002511,457.52673165240867,0.0,0.0,65.0,35.0,55.0
940.083267691432,318.11732344215324,319.71183292229915,455.9973517552805,0.0,0.0,65.0,35.0,55.0
958.1191263172163,324.1218080529734,325.6503591794398,463.96033037002053,0.0,0.0,65.0,35.0,55.0
998.9159218952851,337.70384682927454,339.083201317668,481.9724482003105,0.0,0.0,65.0,35.0,55.0
1076.3676807517995,363.4890286597663,364.5851368325975,485.0,0.0,0.0,65.0,35.0,55.0
1062.6019174009343,358.9061409851925,360.05259148475204,485.0,0.0,0.0,65.0,35.0,55.0
1031.8112407766337,348.655331873003,349.91438595750697,485.0,0.0,0.0,65.0,35.0,55.0
930.5602136330523,314.9469153829659,316.5762513152772,451.792845754913,0.0,0.0,65.0,35.0,55.0
817.6176338252992,277.34615589417365,279.38853047238445,401.9277760422372,0.0,0.0,65.0,35.0,55.0
723.9107746318069,246.14933817509794,248.53440506916223,360.55543379369743,0.0,0.0,65.0,35.0,55.0
654.2388228487621,222.95420391689171,225.5940658463681,329.7946991036153,0.0,0.0,65.0,35.0,55.0
607.8218518043268,207.5011005132785,210.31071244226425,309.3012279882767,0.0,0.0,65.0,35.0,55.0
568.7883156289353,194.50608474308603,197.45844495136558,292.067603558666,0.0,0.0,65.0,35.0,55.0
537.3651951003019,184.04472287765282,187.1119995609693,278.19403967853094,0.0,0.0,65.0,35.0,55.0
517.5,171.0,168.39116803046346,253.09124907483238,0.0,0.0,65.0,35.0,55.0
0.0,0.0,373.0,485.0,0.0,0.0,297.0,35.0,163.26664440628994
0.0,0.0,373.0,485.0,250.0,0.0,297.0,35.0,173.2374475018375
0.0,0.0,373.0,485.0,250.0,573.0,135.02244479028514,35.0,55.0
0.0,0.0,373.0,485.0,250.0,573.0,297.0,35.0,63.92188787517008
0.0,0.0,373.0,485.0,250.0,573.0,297.0,35.0,105.50548079244687
0.0,0.0,373.0,485.0,250.0,573.0,297.0,35.0,101.81195798743678
0.0,0.0,373.0,485.0,250.0,573.0,297.0,35.0,120.32862421640091
0.0,0.0,373.0,485.0,250.0,573.0,297.0,35.0,139.4441669096242
0.0,0.0,373.0,485.0,250.0,573.0,297.0,35.0,102.42243797538693
0.0,0.0,373.0,485.0,250.0,573.0,297.0,35.0,62.63055097532811
0.0,0.0,373.0,485.0,250.0,573.0,297.0,35.0,61.259746999811085
0.0,0.0,373.0,485.0,250.0,573.0,297.0,35.0,107.28698904314082
0.0,0.0,373.0,485.0,250.0,573.0,297.0,35.0,210.6060017632437
0.0,380.0,373.0,485.0,250.0,573.0,241.18464728596885,35.0,55.0
0.0,380.0,373.0,485.0,250.0,573.0,281.9686987802014,35.0,55.0
0.0,380.0,373.0,485.0,250.0,573.0,225.20558165351278,35.0,55.0
0.0,380.0,373.0,485.0,250.0,529.1447462387426,65.0,35.0,55.0
0.0,380.0,373.0,485.0,250.0,284.78377423409376,65.0,35.0,55.0
0.0,380.0,373.0,485.0,187.88493241106343,143.25,65.0,35.0,55.0
0.0,380.0,373.0,485.0,172.23831440478432,0.0,65.0,35.0,55.0
0.0,337.7040608758765,339.08341301300044,481.972732062894,145.96780094302684,0.0,65.0,35.0,55.0
0.0,315.0256927306356,316.6541633057186,451.8973180577796,132.73875285830297,0.0,65.0,35.0,55.0
0.0,297.6563198831941,299.4755903872831,428.862544301114,122.60661869729543,0.0,65.0,35.0,55.0
0.0,289.81939925175,291.7247571415632,418.4694405730856,118.03508166228639,0.0,65.0,35.0,55.0
0.0,329.73812742086733,331.2049841300349,471.4085351567392,141.3210064276048,0.0,65.0,35.0,55.0
0.0,380.0,373.0,485.0,250.0,0.0,189.74151440431814,35.0,55.0
858.3834723298111,290.9178884646198,292.81117961686743,419.9262260721845,118.67586703646045,0.0,65.0,35.0,55.0
949.666560192061,321.3077860386359,322.86724877056287,460.2284535189753,136.40330728796982,0.0,65.0,35.0,55.0
972.122507067669,328.7838031351116,330.2611429519637,470.14293712934057,140.764317260914,0.0,65.0,35.0,55.0
973.6696108624357,329.29886377734454,330.77054573108114,470.82599606698926,141.06476930221652,0.0,65.0,35.0,55.0
984.031123676526,332.7484109005448,334.1822001017917,475.4006884432646,143.07700512408334,0.0,65.0,35.0,55.0
992.4045403689556,335.5360825447325,336.9392495953425,479.0976201745214,144.70314691652618,0.0,65.0,35.0,55.0
966.2382066602195,326.8248062292775,328.32366533032246,467.54497052961136,139.6215690658441,0.0,65.0,35.0,55.0
939.064827433499,317.77826507056807,319.3764990555534,455.547702078901,134.34442005659693,0.0,65.0,35.0,55.0
925.0973104008225,313.12820971062115,314.7775238491816,449.3809294433463,131.63188776329454,0.0,65.0,35.0,55.0
938.7982497319895,317.689516220873,319.2887250985254,455.43000585049674,134.2926498942748,0.0,65.0,35.0,55.0
982.1513680258256,332.1226040503737,333.56326764505053,474.5707609993854,142.71195112815022,0.0,65.0,35.0,55.0
1050.75472925721,354.9619839385862,356.1517604057031,485.0,156.0349227296075,0.0,65.0,35.0,55.0
1011.2540369057424,341.81144288244536,343.14567605055777,485.0,148.36377378019202,0.0,65.0,35.0,55.0
946.0639838421012,320.1084190053574,321.68105660242264,458.63788669163915,135.70367651855736,0.0,65.0,35.0,55.0
860.8118196321849,291.7263320385778,293.61074256065694,420.998361202492,119.14745912126928,0.0,65.0,35.0,55.0
752.2842970186759,255.5954301001674,257.87673310566083,373.08257523338915,112.5,0.0,65.0,35.0,55.0
714.4005794752499,242.9832110919212,245.40305741227795,356.35660510331263,0.0,0.0,65.0,35.0,55.0
593.2617038292173,202.65374690168923,205.5166062756508,302.87280396040734,0.0,0.0,65.0,35.0,55.0
551.8978477676498,188.88292277187543,191.8970525624145,284.61032430387695,0.0,0.0,65.0,35.0,55.0
517.5,176.5168203536407,179.6667899055922,268.21074707344457,0.0,0.0,65.0,35.0,55.0
0.0,310.9589876939624,312.63213040770586,446.5041682142228,0.0,0.0,65.0,35.0,55.0
0.0,329.9603457969399,331.4247614709158,471.7032349171949,0.0,0.0,65.0,35.0,55.0
0.0,380.0,373.0,485.0,0.0,0.0,120.50249289156825,35.0,55.0
0.0,380.0,373.0,485.0,0.0,0.0,297.0,35.0,161.73026621308165
866.3398253204633,293.56671157206677,295.4309058038159,423.4390207791307,0.0,0.0,65.0,35.0,55.0
943.1909849300189,319.1519423489126,320.7350866971282,457.36943425076805,0.0,0.0,65.0,35.0,55.0
964.13131128384,326.12338019093005,327.62994435072955,466.61475904516226,0.0,0.0,65.0,35.0,55.0
967.3010117046324,327.17863449251064,328.6736068436943,468.0142076208912,0.0,0.0,65.0,35.0,55.0
980.203884306972,331.4742492222336,332.922034896462,473.7109310612856,0.0,0.0,65.0,35.0,55.0
1002.199180972842,338.79690699422514,340.16425438232176,483.42203384875086,0.0,0.0,65.0,35.0,55.0
1001.0010774066951,338.39803524798,339.769764181774,482.8930613571484,0.0,0.0,65.0,35.0,55.0
993.4631644824927,335.8885188955747,337.2878144862702,479.565011350736,0.0,0.0,65.0,35.0,55.0
962.6017212327529,325.61415021118927,327.12630818516016,465.9394325681232,0.0,0.0,65.0,35.0,55.0
923.681443306858,312.65684029300314,314.3113323531965,448.75581257896624,0.0,0.0,65.0,35.0,55.0
938.8290313549029,317.6997640158305,319.298860323008,455.44359618795016,0.0,0.0,65.0,35.0,55.0
1003.3376764760563,339.1759340685872,340.5391179017003,483.92468889463333,0.0,0.0,65.0,35.0,55.0
971.1657638170271,328.4652848852085,329.9461235767754,469.7205271846448,0.0,0.0,65.0,35.0,55.0
939.4808129021377,317.916754642736,319.5134673407543,455.7313630544909,0.0,0.0,65.0,35.0,55.0
852.9068508062865,289.09461570896195,291.007935236177,417.5082530231772,0.0,0.0,65.0,35.0,55.0
747.1632975999345,253.89055079057394,256.1905816369682,370.8216122427369,0.0,0.0,65.0,35.0,55.0
660.2120781208914,224.94281560997325,227.56083294130596,332.4319400012762,0.0,0.0,65.0,35.0,55.0
594.7271056030854,203.1416073680205,205.99910766867765,303.51979078978025,0.0,0.0,65.0,35.0,55.0
551.5482132496138,188.76652270872808,191.78193113632446,284.4559578138827,0.0,0.0,65.0,35.0,55.0
517.5,175.26777345622637,178.43146359909642,266.5542962075377,0.0,0.0,65.0,35.0,55.0
0.0,313.739432679251,315.38203262611063,450.1915161536973,0.0,0.0,65.0,35.0,55.0
0.0,351.38366845798106,352.6127521784834,485.0,0.0,0.0,65.0,35.0,55.0
0.0,380.0,373.0,485.0,0.0,0.0,200.6300243767415,35.0,55.0
779.848101306352,264.7719512791701,266.9524515898942,385.25221953132433,0.0,0.0,65.0,35.0,55.0
928.9760579410876,314.41951945073424,316.0546487474525,451.0934281025979,0.0,0.0,65.0,35.0,55.0
1004.5859660951446,339.5915137181719,340.9501324718009,484.4758189377349,0.0,0.0,65.0,35.0,55.0
1021.0258092480827,345.06465404734877,346.3631511837255,485.0,0.0,0.0,65.0,35.0,55.0
1007.2889530894495,340.49139013366715,341.84012388121687,485.0,0.0,0.0,65.0,35.0,55.0
1010.0521181610263,341.4113009897946,342.7499296559702,485.0,0.0,0.0,65.0,35.0,55.0
1028.8693149953203,347.67590813462783,348.94572104050036,485.0,0.0,0.0,65.0,35.0,55.0
1019.0458048016069,344.40547244280776,345.7112105892343,485.0,0.0,0.0,65.0,35.0,55.0
1004.0932860144743,339.42749103293005,340.78791155090454,484.2582966657052,0.0,0.0,65.0,35.0,55.0
968.0757206198025,327.4365500071263,328.92868919546,468.35624792250064,0.0,0.0,65.0,35.0,55.0
943.3907687954272,319.21845424447713,320.8008679695975,457.4576404560186,0.0,0.0,65.0,35.0,55.0
970.9696866258873,328.40000701287875,329.8815627719826,469.6339575063012,0.0,0.0,65.0,35.0,55.0
1041.4225952211577,351.85513683093154,353.07904154279163,485.0,0.0,0.0,65.0,35.0,55.0
1001.4348017105076,338.54243041993243,339.91257319464063,483.08455417307755,0.0,0.0,65.0,35.0,55.0
936.7051304694075,316.9926765160631,318.59954007229106,454.5058766325946,0.0,0.0,65.0,35.0,55.0
833.7086422663281,282.7031624310627,284.6866911041335,409.03208744565075,0.0,0.0,65.0,35.0,55.0
728.1088137574936,247.54694623184832,249.916660613168,362.40890229083317,0.0,0.0,65.0,35.0,55.0
643.4009507832042,219.34606762674323,222.0255643866796,325.00969023445356,0.0,0.0,65.0,35.0,55.0
634.2529878723078,216.3005346328051,219.01348611123547,320.97079003350825,0.0,0.0,65.0,35.0,55.0
590.773912571855,201.82551329054255,204.69747068523262,301.7744238393749,0.0,0.0,65.0,35.0,55.0
554.7959801463506,189.84776684329387,192.8512979678969,285.8898733751526,0.0,0.0,65.0,35.0,55.0
523.6413817407154,179.47580116290845,182.59326675900056,272.1348642013602,0.0,0.0,65.0,35.0,55.0
570.3063706812842,195.01147449964444,197.9582830780224,292.73783723972684,0.0,0.0,65.0,35.0,55.0
663.3711611528564,225.994535178379,228.60099952960422,333.82670091328305,0.0,0.0,65.0,35.0,55.0
826.2293806224206,280.21317221917803,282.22405305745514,405.729932457624,0.0,0.0,65.0,35.0,55.0
985.586121902382,333.2660997508919,334.69420221855546,476.087232836596,0.0,0.0,65.0,35.0,55.0
1090.7197857924664,368.26712077268394,369.3107423276081,485.0,0.0,0.0,65.0,35.0,55.0
1121.6165949417828,378.5532634459967,373.0,485.0,0.0,0.0,65.0,35.0,55.0
1122.372070482046,378.80477579977384,373.0,485.0,0.0,0.0,65.0,35.0,55.0
1136.3942906030695,380.0,373.0,485.0,0.0,0.0,65.0,35.0,55.0
1149.400419394841,380.0,373.0,485.0,0.0,0.0,65.0,35.0,55.0
1114.7390707864897,376.2636032303215,373.0,485.0,0.0,0.0,65.0,35.0,55.0
1075.5697573452735,363.2233845939911,364.3224108266358,485.0,0.0,0.0,65.0,35.0,55.0
1017.9645257936496,344.04549384140086,345.3551862982217,485.0,0.0,0.0,65.0,35.0,55.0
987.2874718059401,333.83251189269754,335.25439240880337,476.8383926887172,0.0,0.0,65.0,35.0,55.0
1014.5520421480085,342.90941232956004,344.23158446965493,485.0,0.0,0.0,65.0,35.0,55.0
1097.6431559580471,370.5720440079332,371.590346330349,485.0,0.0,0.0,65.0,35.0,55.0
1055.3320913311948,356.4858759085587,357.6589126532782,485.0,0.0,0.0,65.0,35.0,55.0
1015.2002048677574,343.12519817911624,344.4449999443485,485.0,0.0,0.0,65.0,35.0,55.0
920.5809537238779,311.62462761196133,313.2904583720601,447.3869211523502,0.0,0.0,65.0,35.0,55.0
809.2924675172831,274.5745477320018,276.64736800593346,398.2521472490445,0.0,0.0,65.0,35.0,55.0
718.4903579968835,244.3447771090613,246.74966683301767,358.16227566119966,0.0,0.0,65.0,35.0,55.0
649.2555691793777,221.2951828195066,223.95326884437097,327.5945519842316,0.0,0.0,65.0,35.0,55.0
603.2892542075326,205.99211149968738,208.81829944435276,307.3000491987682,0.0,0.0,65.0,35.0,55.0
563.9455428563618,192.89383244116095,195.8639029966965,289.92947990044894,0.0,0.0,65.0,35.0,55.0
528.8610080377777,181.21351525932175,184.31189232935478,274.4393717628145,0.0,0.0,65.0,35.0,55.0
574.139209498691,196.28750034196125,199.2202919697986,294.4300668235806,0.0,0.0,65.0,35.0,55.0
667.6806063550579,227.4292324630871,230.01993688201816,335.7293561014018,0.0,0.0,65.0,35.0,55.0
833.9164322567688,282.7723397198057,284.75510849084105,409.12382842037044,0.0,0.0,65.0,35.0,55.0
1000.939350506594,338.37748517440593,339.7494398476445,482.8658084275453,0.0,0.0,65.0,35.0,55.0
1114.426241961208,376.1594564909731,373.0,485.0,0.0,0.0,65.0,35.0,55.0
1146.0302310733307,380.0,373.0,485.0,0.0,0.0,65.0,35.0,55.0
1120.0275591146647,378.0242428228071,373.0,485.0,0.0,0.0,65.0,35.0,55.0
1116.8181026362593,376.95575296415785,373.0,485.0,0.0,0.0,65.0,35.0,55.0
1121.8792159525537,378.6406950371602,373.0,485.0,0.0,0.0,65.0,35.0,55.0
1085.7099848093192,366.5992615633877,367.6612042990201,485.0,0.0,0.0,65.0,35.0,55.0
1037.13754330462,350.4285605407053,351.6681359769656,485.0,0.0,0.0,65.0,35.0,55.0
987.5567790957492,333.9221694748949,335.3430651160447,476.9572940526078,0.0,0.0,65.0,35.0,55.0
970.9863018837048,328.40553855212727,329.8870335481106,469.64129327807814,0.0,0.0,65.0,35.0,55.0
995.6655768262228,336.62174437149974,338.012985591437,480.5373943549412,0.0,0.0,65.0,35.0,55.0
1063.8211218721494,359.3120376290256,360.4540294154521,485.0,0.0,0.0,65.0,35.0,55.0
1049.8460956723068,354.65948232274263,355.85258172427604,485.0,0.0,0.0,65.0,35.0,55.0
1022.9077342682076,345.6911831223717,346.98279793178796,485.0,0.0,0.0,65.0,35.0,55.0
924.633133441695,312.9736762633588,314.62468792842327,449.1759915318402,0.0,0.0,65.0,35.0,55.0
810.9552082874758,275.12810614990445,277.1948456684879,398.9862608540365,0.0,0.0,65.0,35.0,55.0
717.9606133866898,244.16841492827635,246.5752419640671,357.92838909722894,0.0,0.0,65.0,35.0,55.0
648.9213436875659,221.18391271788477,223.84322102795633,327.4469887049323,0.0,0.0,65.0,35.0,55.0
604.2744210503762,206.320092510721,209.14267763367425,307.735008391135,0.0,0.0,65.0,35.0,55.0
567.4290674708748,194.0535648594087,197.01089593004684,291.46748441605484,0.0,0.0,65.0,35.0,55.0
538.8939543867104,184.553676279836,187.6153621871437,278.8689993661918,0.0,0.0,65.0,35.0,55.0
518.1542529637184,177.64903034025602,180.78656273705153,269.71225211428794,0.0,0.0,65.0,35.0,55.0
0.0,380.0,373.0,485.0,0.0,0.0,144.2785438036577,35.0,55.0
0.0,380.0,373.0,485.0,250.0,0.0,247.80007847216586,35.0,55.0
0.0,380.0,373.0,485.0,250.0,568.8963862412947,65.0,35.0,55.0
0.0,380.0,373.0,485.0,250.0,573.0,263.2984533918043,35.0,55.0
0.0,380.0,373.0,485.0,250.0,573.0,297.0,35.0,66.9925572804544
0.0,380.0,373.0,485.0,250.0,573.0,297.0,35.0,60.740531518508874
0.0,380.0,373.0,485.0,250.0,573.0,297.0,35.0,72.20680865326578
0.0,380.0,373.0,485.0,250.0,573.0,297.0,35.0,78.92862706119139
0.0,380.0,373.0,485.0,250.0,573.0,278.4817692804644,35.0,55.0
0.0,380.0,373.0,485.0,250.0,573.0,210.63534473181093,35.0,55.0
0.0,380.0,373.0,485.0,250.0,573.0,138.64310009560955,35.0,55.0
0.0,380.0,373.0,485.0,250.0,573.0,106.27331726202165,35.0,55.0
0.0,380.0,373.0,485.0,250.0,573.0,159.23613782027135,35.0,55.0
0.0,380.0,373.0,485.0,250.0,573.0,283.20362960647833,35.0,55.0
0.0,380.0,373.0,485.0,250.0,573.0,226.36623511310947,35.0,55.0
0.0,380.0,373.0,485.0,250.0,573.0,183.85839203759195,35.0,55.0
0.0,380.0,373.0,485.0,250.0,501.18009378113874,65.0,35.0,55.0
0.0,380.0,373.0,485.0,250.0,270.6086243691788,65.0,35.0,55.0
0.0,380.0,373.0,485.0,188.168229264313,143.25,65.0,35.0,55.0
0.0,380.0,373.0,485.0,186.60914231596968,0.0,65.0,35.0,55.0
0.0,345.0304186702388,346.3292918770459,485.0,150.24150965640484,0.0,65.0,35.0,55.0
0.0,322.75472747422833,324.29829577371885,462.14734655563007,137.24735645873207,0.0,65.0,35.0,55.0
0.0,307.10422926380835,308.81971591485274,441.39209599923333,128.11789916932042,0.0,65.0,35.0,55.0
0.0,305.48625194046934,307.2195118272626,439.24637997863334,127.17407906403935,0.0,65.0,35.0,55.0
0.0,366.3985129748605,367.4626609033214,485.0,162.70623133410086,0.0,65.0,35.0,55.0
0.0,380.0,373.0,485.0,250.0,0.0,297.0,35.0,66.54819922323034
904.2470479043092,306.18675586085027,307.912320818215,440.1753685761697,127.5827063509282,0.0,65.0,35.0,55.0
990.7526119740679,334.9861237747575,336.3953320391286,478.36828032137095,144.38233763404077,0.0,65.0,35.0,55.0
1023.9865833945888,346.0503527694154,347.3380221546785,485.0,150.83647121425787,0.0,65.0,35.0,55.0
1041.6038564393646,351.91548218059535,353.13872400793264,485.0,154.25779670411285,0.0,65.0,35.0,55.0
1067.0334818290216,360.381494111562,361.51173808056666,485.0,159.19630366384337,0.0,65.0,35.0,55.0
1078.569386901283,364.22201903002906,365.3100754147021,485.0,161.4366098662825,0.0,65.0,35.0,55.0
1049.6937539921414,354.6087648441286,355.80242136948004,485.0,155.82887825784056,0.0,65.0,35.0,55.0
1019.5923662312575,344.5874332665921,345.8911726009392,485.0,149.98310150427758,0.0,65.0,35.0,55.0
986.3055901021303,333.50562456770245,334.931095891545,476.4048839120147,143.518713096592,0.0,65.0,35.0,55.0
955.8302581970341,323.35979978439093,324.896721456232,462.94977643570905,137.60031530632693,0.0,65.0,35.0,55.0
975.1089817085032,329.7780580465943,331.24447612388843,471.46149002952956,141.34429929261225,0.0,65.0,35.0,55.0
1047.4925344929504,353.8759364891183,355.077643022915,485.0,155.40139505075126,0.0,65.0,35.0,55.0
1013.991797121296,342.7228959728409,344.0471169668543,485.0,148.89545474958942,0.0,65.0,35.0,55.0
953.5556681428774,322.60254495890774,324.1477849602711,461.94552638394515,137.15858332479505,0.0,65.0,35.0,55.0
842.9362149971431,285.77519906691174,287.7249818829978,413.1061360310833,115.67596488779739,0.0,65.0,35.0,55.0
738.1981920432664,250.90589453071428,253.23871137390248,366.8634450543683,112.5,0.0,65.0,35.0,55.0
705.5748728689109,240.04496342670524,242.49708595247537,352.4599836879188,0.0,0.0,65.0,35.0,55.0
639.5803859137108,218.07412801801746,220.76759684183756,323.322879698663,0.0,0.0,65.0,35.0,55.0
595.5788622930407,203.4251735703907,206.27955893927944,303.8958483120642,0.0,0.0,65.0,35.0,55.0
557.5905639971093,190.77813761596877,193.77144875859926,287.12370492719606,0.0,0.0,65.0,35.0,55.0
533.8644335518419,182.87925195220276,185.95933115704884,276.64842491606885,0.0,0.0,65.0,35.0,55.0
590.771232609194,201.8246210793709,204.69658827486552,301.77324061401254,0.0,0.0,65.0,35.0,55.0
666.6598118384632,227.089390313463,229.68382784691647,335.2786670006308,0.0,0.0,65.0,35.0,55.0
811.6437403694537,275.3573317374449,277.4215532476804,399.290253381263,0.0,0.0,65.0,35.0,55.0
965.6842193834257,326.6403731979971,328.1412582679462,467.3003806307063,0.0,0.0,65.0,35.0,55.0
1063.3236056125263,359.14640488669147,360.2902161236966,485.0,0.0,0.0,65.0,35.0,55.0
1090.32084263874,368.1343049152943,369.1793854322883,485.0,0.0,0.0,65.0,35.0,55.0
1086.4584761807487,366.84844875288223,367.90765420499366,485.0,0.0,0.0,65.0,35.0,55.0
1106.3167103934304,373.4596372857999,373.0,485.0,0.0,0.0,65.0,35.0,55.0
1138.0326925538113,380.0,373.0,485.0,0.0,0.0,65.0,35.0,55.0
1119.5154707457423,377.8537587447062,373.0,485.0,0.0,0.0,65.0,35.0,55.0
1094.8386938733465,369.63838458097695,370.66694301073426,485.0,0.0,0.0,65.0,35.0,55.0
1044.8757105261195,353.0047454045088,354.2160218403713,485.0,0.0,0.0,65.0,35.0,55.0
1000.4725381434621,338.22207435040673,339.5957361879999,482.65970696368703,0.0,0.0,65.0,35.0,55.0
1035.0116318000594,349.7208036671372,350.96815370541776,485.0,0.0,0.0,65.0,35.0,55.0
1128.4445236586428,380.0,373.0,485.0,0.0,0.0,65.0,35.0,55.0
1081.7928143845163,365.29516010519245,366.371428197752,485.0,0.0,0.0,65.0,35.0,55.0
1007.7813429674626,340.6553162048566,342.0022492493516,485.0,0.0,0.0,65.0,35.0,55.0
912.7412747517108,309.0146475317864,310.7091485276144,443.92563897571205,0.0,0.0,65.0,35.0,55.0
800.2213732177202,271.5546057788554,273.6605996575754,394.24718516664916,0.0,0.0,65.0,35.0,55.0
709.404259116426,241.31983984202702,243.7579580435379,354.1506889340194,0.0,0.0,65.0,35.0,55.0
587.4411503189579,200.71597256535443,203.60011809679847,300.3029821354633,0.0,0.0,65.0,35.0,55.0
544.2475199673306,186.33598134270085,189.37808889893918,281.2326422132333,0.0,0.0,65.0,35.0,55.0
517.5,171.99505762008292,175.19469805054698,262.2141125107771,0.0,0.0,65.0,35.0,55.0
0.0,0.0,373.0,485.0,0.0,0.0,297.0,35.0,65.98341826618493
0.0,0.0,373.0,485.0,0.0,0.0,297.0,35.0,173.53485613583237
0.0,0.0,373.0,485.0,250.0,0.0,297.0,35.0,90.57296973967007
0.0,380.0,373.0,485.0,250.0,0.0,242.7326763085215,35.0,55.0
847.1092073606862,287.16446857427763,289.09899047532065,414.9485461785471,116.48637210042752,0.0,65.0,35.0,55.0
902.5061839372192,305.60718872646504,307.3391201409878,439.4067629428737,127.24462552253682,0.0,65.0,35.0,55.0
898.8216044879367,304.3805212824803,306.1259274530165,437.77999107868294,126.5290695135457,0.0,65.0,35.0,55.0
892.5627122894705,302.29681555677973,304.06511091899984,435.01663914948244,125.31357450688706,0.0,65.0,35.0,55.0
914.9192544612532,309.7397389133484,311.4262748902122,444.88723477274436,129.65527979821877,0.0,65.0,35.0,55.0
941.1395623650722,318.4689842776012,320.0596308167516,456.46371446479054,134.7473395940329,0.0,65.0,35.0,55.0
934.9659015548123,316.41365372213573,318.02687775602425,453.7379928883042,133.54839677001138,0.0,65.0,35.0,55.0
922.836747217425,312.37562470049625,314.0332058713649,448.38287236937214,131.1928798407217,0.0,65.0,35.0,55.0
893.3132330055284,302.5466783541754,304.3122290114241,435.3480001639974,125.45932780536786,0.0,65.0,35.0,55.0
867.4507349942146,293.9365547926448,295.7966863526527,423.92949645642074,120.43675572780838,0.0,65.0,35.0,55.0
893.4503741293665,302.5923352749066,304.3573843977988,435.4085490881702,125.48596100912773,0.0,65.0,35.0,55.0
951.9768183536188,322.0769154638502,323.627929425576,461.2484513309294,136.85196611934484,0.0,65.0,35.0,55.0
923.8929652494623,312.72726002047887,314.38097853063556,448.8492012409897,131.3980004440449,0.0,65.0,35.0,55.0
868.4005813935929,294.2527769479658,296.10943485550996,424.3488613850593,120.62121865174561,0.0,65.0,35.0,55.0
786.7373410326752,267.0655118340206,269.2208177295588,388.29387503277644,112.5,0.0,65.0,35.0,55.0
736.1027665677594,250.2082870432163,252.54876699895655,365.93829762465907,0.0,0.0,65.0,35.0,55.0
652.127675846802,222.25136243052486,224.8989449672379,328.86261049181246,0.0,0.0,65.0,35.0,55.0
587.9956441609039,200.90057424192773,203.78269195192456,300.5477956870127,0.0,0.0,65.0,35.0,55.0
547.0994039894695,187.28542844572348,190.31710646939072,282.49177225806216,0.0,0.0,65.0,35.0,55.0
517.5,173.99040148460176,177.1681233650389,264.86028142485577,0.0,0.0,65.0,35.0,55.0
0.0,310.2095942577187,311.89096894481486,445.5103437157668,0.0,0.0,65.0,35.0,55.0
0.0,342.48311089000674,343.809965886824,485.0,0.0,0.0,65.0,35.0,55.0
0.0,380.0,373.0,485.0,0.0,0.0,150.25197456175576,35.0,55.0
0.0,380.0,373.0,485.0,0.0,0.0,297.0,35.0,195.23706061628883
881.8156057012176,298.71889684168434,300.52649509888084,430.2717039784868,0.0,0.0,65.0,35.0,55.0
955.8992189941546,323.382758161569,324.9194276391152,462.98022318981816,0.0,0.0,65.0,35.0,55.0
970.8444910154486,328.358326983565,329.8403405914757,469.5786826236762,0.0,0.0,65.0,35.0,55.0
965.4930389793652,326.57672556037204,328.0783097899769,467.2159729237777,0.0,0.0,65.0,35.0,55.0
976.0585972036322,330.0942033294447,331.5571485987075,471.88075301205964,0.0,0.0,65.0,35.0,55.0
993.6372917851656,335.9464892273962,337.34514802278005,479.6418899743821,0.0,0.0,65.0,35.0,55.0
986.3339073903761,333.51505193819924,334.9404197038052,476.41738622562275,0.0,0.0,65.0,35.0,55.0
970.281396475707,328.170861969092,329.6549348517829,469.33007179393564,0.0,0.0,65.0,35.0,55.0
932.5673694778262,315.6151362107913,317.23713183855443,452.6790214230642,0.0,0.0,65.0,35.0,55.0
897.2125328177532,303.84483034135087,305.5961209957101,437.06957281886486,0.0,0.0,65.0,35.0,55.0
919.1876272952005,311.1607624158302,312.8316886648259,446.77175617544975,0.0,0.0,65.0,35.0,55.0
984.2799772484328,332.83125904622307,334.2641381731425,475.51055932395906,0.0,0.0,65.0,35.0,55.0
955.1988920452617,323.14960583572633,324.6888364562459,462.67102313269487,0.0,0.0,65.0,35.0,55.0
922.383723606159,312.22480441749093,313.88404232631683,448.1828587518709,0.0,0.0,65.0,35.0,55.0
841.0222096157552,285.13798982192793,287.0947722850233,412.2610870518958,0.0,0.0,65.0,35.0,55.0
740.9287656490087,251.81495506032783,254.1377860113347,368.0690155614144,0.0,0.0,65.0,35.0,55.0
660.5657052170723,225.0605448792608,227.67726897240814,332.58806924706965,0.0,0.0,65.0,35.0,55.0
652.3421388670611,222.3227612993813,224.96955953033793,328.95729766359665,0.0,0.0,65.0,35.0,55.0
608.8907744369142,207.85696543940693,210.66266824609812,309.7731660446072,0.0,0.0,65.0,35.0,55.0
570.2614345601386,194.99651439968537,197.9434873124947,292.71799757591396,0.0,0.0,65.0,35.0,55.0
534.9538292641269,183.2419327607647,186.31802797188035,277.12940200398594,0.0,0.0,65.0,35.0,55.0
535.232818532993,183.3348136602133,186.40988858872137,277.2525780405594,0.0,0.0,65.0,35.0,55.0
605.6716056374228,206.78524216206074,209.60271768657125,308.35187677640783,0.0,0.0,65.0,35.0,55.0
736.5285795545374,250.35004838539825,252.68897111427364,366.12629752962306,0.0,0.0,65.0,35.0,55.0
870.6949646534604,295.01662131274156,296.8648885056727,425.36185029850213,0.0,0.0,65.0,35.0,55.0
938.9363648719824,317.73549741033645,319.33420119158944,455.49098481074225,0.0,0.0,65.0,35.0,55.0
945.5833473988265,319.94840587890076,321.5228011959157,458.4256817837015,0.0,0.0,65.0,35.0,55.0
941.1957475273498,318.4876893999495,320.078130466165,456.4885206719673,0.0,0.0,65.0,35.0,55.0
950.1489993641629,321.46839932823013,323.02609774750624,460.44145434638637,0.0,0.0,65.0,35.0,55.0
958.0867236001037,324.1110205645433,325.6396901899357,463.9460243062627,0.0,0.0,65.0,35.0,55.0
934.4380174596131,316.237910942616,317.85306548430987,453.50492775687076,0.0,0.0,65.0,35.0,55.0
909.0035615263641,307.77029083067725,309.478460896328,442.2754081162332,0.0,0.0,65.0,35.0,55.0
901.526875407199,305.2811580605701,307.01667087255913,438.97439024337626,0.0,0.0,65.0,35.0,55.0
914.1142214298703,309.471727916565,311.16120795362076,444.5318061266196,0.0,0.0,65.0,35.0,55.0
949.9295518396056,321.39534102191783,322.95384197561935,460.3445664753199,0.0,0.0,65.0,35.0,55.0
1047.4544494661545,353.8632572503838,355.06510306369694,485.0,0.0,0.0,65.0,35.0,55.0
1076.3746245785887,363.49134039340544,364.58742317219287,485.0,0.0,0.0,65.0,35.0,55.0
1049.393884698569,354.5089325824175,355.7036857500378,485.0,0.0,0.0,65.0,35.0,55.0
945.9733440875411,320.07824328582683,321.6512123585991,458.59786850108986,0.0,0.0,65.0,35.0,55.0
831.5014970305858,281.9683612842566,283.9599616365915,408.0576148310387,0.0,0.0,65.0,35.0,55.0
736.6772864533293,250.39955577530665,252.73793467300501,366.1919528377242,0.0,0.0,65.0,35.0,55.0
667.0601111169864,227.22265765090927,229.8156312628529,335.4554023954081,0.0,0.0,65.0,35.0,55.0
620.9796192578154,211.88157464686228,214.64306773119884,315.1104895834005,0.0,0.0,65.0,35.0,55.0
582.2260822430234,198.97977598852157,201.882993376302,298.00048706579634,0.0,0.0,65.0,35.0,55.0
552.3905758514442,189.04696143828153,192.05928928892448,284.8278677696772,0.0,0.0,65.0,35.0,55.0
521.1346255968107,178.6412537758694,181.76788674856152,271.0281109283142,0.0,0.0,65.0,35.0,55.0
540.6825967616172,185.14914976614037,188.20429448742425,279.6586995560369,0.0,0.0,65.0,35.0,55.0
682.0876335952054,232.22560923372004,234.76362618054947,342.09017607651856,0.0,0.0,65.0,35.0,55.0
834.4539377466753,282.9512856468802,284.9320887240196,409.3611414760024,0.0,0.0,65.0,35.0,55.0
925.6108705218734,313.29918376334365,314.9466197778401,449.6076704234217,0.0,0.0,65.0,35.0,55.0
949.6248927952471,321.2939141599451,322.85352927235766,460.21005702360213,0.0,0.0,65.0,35.0,55.0
952.30307459474,322.1855324484719,323.73535326907876,461.39249612108205,0.0,0.0,65.0,35.0,55.0
972.1704446053521,328.79976246442726,330.27692697046484,470.16410194302284,0.0,0.0,65.0,35.0,55.0
990.9126660933654,335.03940887285904,336.44803180850096,478.4389455198298,0.0,0.0,65.0,35.0,55.0
978.6324288785387,330.9510814522708,332.4046140451843,473.0171206788543,0.0,0.0,65.0,35.0,55.0
956.2442226530167,323.49761652253176,325.0330242983856,463.13254511773556,0.0,0.0,65.0,35.0,55.0
929.9367567490436,314.7393545818302,316.3709705380933,451.5175844580943,0.0,0.0,65.0,35.0,55.0
918.7180468442535,311.00443004209876,312.67707357853317,446.5644325782552,0.0,0.0,65.0,35.0,55.0
958.257949848524,324.1680250795454,325.6960685189775,464.02162209080643,0.0,0.0,65.0,35.0,55.0
1055.6087905997356,356.57799442280583,357.7500192596037,485.0,0.0,0.0,65.0,35.0,55.0
1085.9187809185053,366.6687738084335,367.72995296258625,485.0,0.0,0.0,65.0,35.0,55.0
1056.7938269709962,356.972515848269,358.1402069269841,485.0,0.0,0.0,65.0,35.0,55.0
949.6288598468583,321.2952348678107,322.85483547244746,460.2118085092286,0.0,0.0,65.0,35.0,55.0
834.5313541787365,282.97705906774036,284.95757902775665,409.3953214618696,0.0,0.0,65.0,35.0,55.0
741.3915688654827,251.96903116220986,254.29016961058238,368.27334695433996,0.0,0.0,65.0,35.0,55.0
672.2642837122179,228.9552269124273,231.52916851354365,337.75308702152284,0.0,0.0,65.0,35.0,55.0
625.7284792834353,213.46256158706862,216.2066877694105,317.20714999824446,0.0,0.0,65.0,35.0,55.0
586.4676809047102,200.39188585353034,203.2795914283997,299.873187453181,0.0,0.0,65.0,35.0,55.0
554.0079702609792,189.58542317959254,192.5918361095923,285.5419605867674,0.0,0.0,65.0,35.0,55.0
519.6703116456151,178.15375546665146,181.285743534407,270.38160438151937,0.0,0.0,65.0,35.0,55.0
594.6733659539859,203.12371640409668,205.9814132342818,303.49606429660787,0.0,0.0,65.0,35.0,55.0
744.0656166138295,252.85927314551046,255.17063242058157,369.45396083453744,0.0,0.0,65.0,35.0,55.0
903.3933793743469,305.90255317012986,307.6312400509912,439.79846696093705,0.0,0.0,65.0,35.0,55.0
996.703681138986,336.96734928556253,338.3547940878831,480.99572587183303,0.0,0.0,65.0,35.0,55.0
1044.843591305596,352.9940522975519,354.2054461955741,485.0,0.0,0.0,65.0,35.0,55.0
1068.2469393901686,360.7854774983786,361.91128377108873,485.0,0.0,0.0,65.0,35.0,55.0
1110.3497106966834,374.8023007407959,373.0,485.0,0.0,0.0,65.0,35.0,55.0
1142.1817127972358,380.0,373.0,485.0,0.0,0.0,65.0,35.0,55.0
1101.5643583766619,371.87748779450305,372.88145001471787,485.0,0.0,0.0,65.0,35.0,55.0
1067.538213961474,360.5495291569001,361.6779272863916,485.0,0.0,0.0,65.0,35.0,55.0
1016.4606085222533,343.5448108243397,344.8600032082419,485.0,0.0,0.0,65.0,35.0,55.0
974.101235808018,329.44256003251974,330.91266350466543,471.0165619991455,0.0,0.0,65.0,35.0,55.0
991.4813031924132,335.2287191120451,336.63526250339294,478.69000343468787,0.0,0.0,65.0,35.0,55.0
1070.7541772598274,361.6201852611967,362.7368223956031,485.0,0.0,0.0,65.0,35.0,55.0
1060.1831007479643,358.1008703479304,359.2561666234296,485.0,0.0,0.0,65.0,35.0,55.0
1035.7172332726066,349.9557119834635,351.2004815894814,485.0,0.0,0.0,65.0,35.0,55.0
935.7162873461925,316.66347160050833,318.2739514228541,454.06929433247404,0.0,0.0,65.0,35.0,55.0
822.3658789091007,278.9269381084082,280.9519480335081,404.02416495525534,0.0,0.0,65.0,35.0,55.0
730.1241150031108,248.2178788204513,250.58022310894162,363.2986742198594,0.0,0.0,65.0,35.0,55.0
660.8664136177841,225.16065649589532,227.77628087810237,332.7208344574111,0.0,0.0,65.0,35.0,55.0
614.7415919888814,209.80481525795005,212.5891212295133,312.3563496906829,0.0,0.0,65.0,35.0,55.0
577.0301298577357,197.24994339317115,200.17216272991567,295.70643172938435,0.0,0.0,65.0,35.0,55.0
544.8062149303818,186.52198165338123,189.56204602438862,281.4793105939989,0.0,0.0,65.0,35.0,55.0
537.8541422390517,184.20750279465275,187.27299136524462,278.40991382627107,0.0,0.0,65.0,35.0,55.0
633.7792779697332,216.14282748511565,218.85751135266835,320.76164324975605,0.0,0.0,65.0,35.0,55.0
809.9439475594852,274.79143798207656,276.86187574947326,398.5397809986554,0.0,0.0,65.0,35.0,55.0
984.1216559384242,332.77855083369843,334.21200895234637,475.4406591749274,0.0,0.0,65.0,35.0,55.0
1102.864932238468,372.31047387520374,373.0,485.0,0.0,0.0,65.0,35.0,55.0
1150.0,380.0,373.0,485.0,0.0,0.0,75.10678268362538,35.0,55.0
1150.0,380.0,373.0,485.0,0.0,0.0,96.05805653330164,35.0,55.0
1150.0,380.0,373.0,485.0,0.0,0.0,135.3843414232836,35.0,55.0
1150.0,380.0,373.0,485.0,0.0,0.0,137.25267238453614,35.0,55.0
1150.0,380.0,373.0,485.0,0.0,0.0,80.88295373316869,35.0,55.0
1109.9148638316747,374.6575318466067,373.0,485.0,0.0,0.0,65.0,35.0,55.0
1051.2178626518157,355.1161699631257,356.30425272012457,485.0,0.0,0.0,65.0,35.0,55.0
993.1606585756356,335.78780885453403,337.18821072977124,479.4314525267777,0.0,0.0,65.0,35.0,55.0
1007.406347171862,340.5304728840852,341.87877731354325,485.0,0.0,0.0,65.0,35.0,55.0
1080.7983402649095,364.9640805225159,366.04398547412757,485.0,0.0,0.0,65.0,35.0,55.0
1061.6240997798927,358.58060667160356,359.7306331162745,485.0,0.0,0.0,65.0,35.0,55.0
1036.1797942296105,350.10970743250334,351.35278542184614,485.0,0.0,0.0,65.0,35.0,55.0
935.3236859916182,316.53276705016555,318.1446826421931,453.8959576338749,0.0,0.0,65.0,35.0,55.0
820.3348628211664,278.2507737462139,280.2832112343834,403.12745479523596,0.0,0.0,65.0,35.0,55.0
726.5400117917156,247.02466185069486,249.40011344680752,361.7162634337957,0.0,0.0,65.0,35.0,55.0
657.0198342232795,223.88005615089256,226.50974773385911,331.02253829675317,0.0,0.0,65.0,35.0,55.0
610.8325003944482,208.50340339794,211.30200518160186,310.63045388414616,0.0,0.0,65.0,35.0,55.0
573.1478814454579,195.95746814535687,198.89388512686907,293.9923874065994,0.0,0.0,65.0,35.0,55.0
540.9922672414691,185.25224503148237,188.30625726689698,279.7954215973791,0.0,0.0,65.0,35.0,55.0
544.2677243722618,186.34270777813134,189.38474144549565,281.24156262272027,0.0,0.0,65.0,35.0,55.0
638.2184301371466,217.62070671600605,220.31915630412854,322.72156512040954,0.0,0.0,65.0,35.0,55.0
820.4324326876094,278.2832566334272,280.31533730200226,403.17053268667706,0.0,0.0,65.0,35.0,55.0
1004.3866973343659,339.5251733108567,340.8845208038085,484.38784015537743,0.0,0.0,65.0,35.0,55.0
1128.1960900919328,380.0,373.0,485.0,0.0,0.0,65.0,35.0,55.0
1150.0,380.0,373.0,485.0,0.0,0.0,81.99393850642127,35.0,55.0
1150.0,380.0,373.0,485.0,0.0,0.0,65.29158682770885,35.0,55.0
1139.384674826599,380.0,373.0,485.0,0.0,0.0,65.0,35.0,55.0
1146.6471678359087,380.0,373.0,485.0,0.0,0.0,65.0,35.0,55.0
1115.6484956912452,376.56636829178046,373.0,485.0,0.0,0.0,65.0,35.0,55.0
1071.4297945450846,361.8451112642388,362.95927762058153,485.0,0.0,0.0,65.0,35.0,55.0
1008.0385035516279,340.7409299148644,342.08692250572676,485.0,0.0,0.0,65.0,35.0,55.0
970.9689874510657,328.39977424411825,329.8813325601517,469.6336488149177,0.0,0.0,65.0,35.0,55.0
1005.0171836682456,339.7350743512042,341.092116113031,484.66620501161964,0.0,0.0,65.0,35.0,55.0
1072.7541241799308,362.28600609919386,363.39532929257683,485.0,0.0,0.0,65.0,35.0,55.0
1069.2938513711345,361.13401465477466,362.2559922996304,485.0,0.0,0.0,65.0,35.0,55.0
1036.3525220914175,350.16721186351486,351.40965817539586,485.0,0.0,0.0,65.0,35.0,55.0
933.2445494782728,315.84058247180957,317.46010160655396,452.9780019137505,0.0,0.0,65.0,35.0,55.0
819.2273582829908,277.8820641608337,279.9185518679335,402.63848251306183,0.0,0.0,65.0,35.0,55.0
726.1876672800811,246.90735957849853,249.28409972229818,361.5607004595353,0.0,0.0,65.0,35.0,55.0
602.1390775063742,205.60919552961224,208.43958974819134,306.7922368087662,0.0,0.0,65.0,35.0,55.0
558.8006027016579,191.18098279959494,194.1698687489204,287.65794687970026,0.0,0.0,65.0,35.0,55.0
525.0468142404684,179.94369670319892,183.0560225376742,272.7553741073313,0.0,0.0,65.0,35.0,55.0
517.5,171.0,167.85,249.9404531772695,0.0,0.0,65.0,35.0,55.0
0.0,0.0,373.0,485.0,0.0,0.0,252.11050681385075,35.0,55.0
0.0,0.0,373.0,485.0,0.0,0.0,297.0,35.0,140.18479707899132
0.0,0.0,373.0,485.0,250.0,0.0,297.0,35.0,202.4761204724841
0.0,380.0,373.0,485.0,250.0,0.0,297.0,35.0,173.67425223797696
884.7196625605995,299.68571328679536,301.48269121182966,431.5538687562805,123.79043151606285,0.0,65.0,35.0,55.0
906.0877322568157,306.7995551235481,308.5183885738605,440.9880457233803,127.94017258750192,0.0,65.0,35.0,55.0
905.3091385918419,306.54034630092326,308.2620271208781,440.6442902730634,127.78896744097078,0.0,65.0,35.0,55.0
911.1319140948748,308.47886038143605,310.17924691793075,443.215093125931,128.91976732126992,0.0,65.0,35.0,55.0
919.3688670819758,311.2211006305579,312.8913640734069,446.85177501880935,130.519407466591,0.0,65.0,35.0,55.0
904.9286180900167,306.41366369907337,308.13673610821525,440.4762873694383,127.71506925655835,0.0,65.0,35.0,55.0
885.969792072746,300.1019054722056,301.8943115891426,432.10581112716636,124.03321029088549,0.0,65.0,35.0,55.0
861.3077310208273,291.89143048846125,293.77402742908333,421.21731012333356,119.24376655036795,0.0,65.0,35.0,55.0
834.7240508420186,283.0412114972554,285.02102675255355,409.48039860960546,114.08113880549786,0.0,65.0,35.0,55.0
855.8102543251589,290.0612146444375,291.9639162288007,418.7901293458098,118.17614064135408,0.0,65.0,35.0,55.0
904.8077099587963,306.3734110541453,308.0969256324928,440.4229054438403,127.69158854701698,0.0,65.0,35.0,55.0
906.9926116558555,307.10080689863213,308.8163311438394,441.3875573547906,128.11590278963428,0.0,65.0,35.0,55.0
888.3130145972902,300.8820093685756,302.6658461624085,433.1403629741102,124.48827089710132,0.0,65.0,35.0,55.0
806.5444089543945,273.65966612348734,275.7425362332701,397.0388569908779,112.5,0.0,65.0,35.0,55.0
753.7148947357236,256.0717036258429,258.3477748388194,373.71419578794706,0.0,0.0,65.0,35.0,55.0
667.6748029567236,227.42730040003917,230.0180260423901,335.7267938537269,0.0,0.0,65.0,35.0,55.0
605.1945320841669,206.62641519029356,209.44563540502426,308.1412449134588,0.0,0.0,65.0,35.0,55.0
566.2474823619974,193.66019242564582,196.62184463286695,290.94580495799823,0.0,0.0,65.0,35.0,55.0
533.3769709568601,182.71696626840756,185.79882815690138,276.4332062065045,0.0,0.0,65.0,35.0,55.0
517.5,171.0,173.64158012978606,260.1315344007086,0.0,0.0,65.0,35.0,55.0
0.0,0.0,373.0,485.0,0.0,0.0,266.9500057756967,35.0,55.0
0.0,0.0,373.0,485.0,0.0,0.0,297.0,35.0,161.0190545455417
0.0,0.0,373.0,485.0,250.0,0.0,297.0,35.0,237.76572933974558
0.0,380.0,373.0,485.0,250.0,0.0,297.0,35.0,200.7503586572102
887.6917621606447,300.67518247041284,302.4612912263847,432.86607495877325,124.36762187317305,0.0,65.0,35.0,55.0
911.6274361239493,308.64382920602236,310.34240358497425,443.43387014134913,129.01599913561193,0.0,65.0,35.0,55.0
919.8813493325812,311.39171583945506,313.06010510008514,447.078040110296,130.61893300511434,0.0,65.0,35.0,55.0
933.7123047395285,315.9963072047493,317.614115726897,453.1845196748171,133.30494463486932,0.0,65.0,35.0,55.0
943.0944024549215,319.1197881832901,320.70328574014326,457.3267923006554,135.1269752056848,0.0,65.0,35.0,55.0
930.3267575971896,314.86919337351105,316.49938307032005,451.6897730119054,132.647461566647,0.0,65.0,35.0,55.0
915.7033469807604,310.0007784105259,311.68444690806473,445.23341801216543,129.80755283823902,0.0,65.0,35.0,55.0
883.0123239722876,299.11730739652506,300.92052917414185,430.8000648510197,123.45886141340517,0.0,65.0,35.0,55.0
840.6275917073201,285.00661392197685,286.9648395294277,412.08686002832786,115.22762355325204,0.0,65.0,35.0,55.0
856.3738545295612,290.2488480044124,292.1494884647456,419.0389634306203,118.28559343467279,0.0,65.0,35.0,55.0
913.8600885925727,309.38712220178763,311.0775316198012,444.41960440721755,129.449586716475,0.0,65.0,35.0,55.0
907.8266343716459,307.37846911954125,309.09094328732186,441.7557851829103,128.27787241849794,0.0,65.0,35.0,55.0
891.5387614542228,301.9559226079022,303.7279626275153,434.5645565082953,125.11472028670852,0.0,65.0,35.0,55.0
810.7648783223641,275.0647416397803,277.1321772079068,398.90222862283673,112.5,0.0,65.0,35.0,55.0
759.2234529756674,257.9056087293273,260.1615347726065,376.14626915760704,0.0,0.0,65.0,35.0,55.0
672.1825207732381,228.92800645572348,231.5022470694324,337.71698801741763,0.0,0.0,65.0,35.0,55.0
658.2461157721407,224.28830889014074,226.91351587862312,331.56395159743585,0.0,0.0,65.0,35.0,55.0
609.748287259296,208.14244796909432,210.94501479345183,310.15176494628247,0.0,0.0,65.0,35.0,55.0
571.2245812440234,195.317164475811,198.26061509611745,293.1432346885884,0.0,0.0,65.0,35.0,55.0
542.5304264589671,185.76432785171775,188.81271493494037,280.47453143124596,0.0,0.0,65.0,35.0,55.0
545.1144894261884,186.62461216875536,189.66354915910145,281.61541629700486,0.0,0.0,65.0,35.0,55.0
639.8171670848736,218.15295702903816,220.845559928116,323.42742051601266,0.0,0.0,65.0,35.0,55.0
807.7206480395108,274.05125876300434,276.1298272869742,397.55817613586237,0.0,0.0,65.0,35.0,55.0
965.7953233508409,326.6773618480186,328.1778406032516,467.349433938059,0.0,0.0,65.0,35.0,55.0
1072.1815249185631,362.09537677988135,363.20679400745377,485.0,0.0,0.0,65.0,35.0,55.0
1111.0845160069168,375.0469315769979,373.0,485.0,0.0,0.0,65.0,35.0,55.0
1128.3057801179348,380.0,373.0,485.0,0.0,0.0,65.0,35.0,55.0
1150.0,380.0,373.0,485.0,0.0,0.0,83.75431718787937,35.0,55.0
1150.0,380.0,373.0,485.0,0.0,0.0,110.80503551381362,35.0,55.0
1150.0,380.0,373.0,485.0,0.0,0.0,66.43377956367809,35.0,55.0
1117.4197780087036,377.1560622806983,373.0,485.0,0.0,0.0,65.0,35.0,55.0
1074.2491304814653,362.7837224828103,363.88757833713083,485.0,0.0,0.0,65.0,35.0,55.0
1028.7540133030311,347.6375219811701,348.9077565531222,485.0,0.0,0.0,65.0,35.0,55.0
1048.2937027100859,354.1426608148231,355.3414374223147,485.0,0.0,0.0,65.0,35.0,55.0
1138.5017509861805,380.0,373.0,485.0,0.0,0.0,65.0,35.0,55.0
1083.9473628858514,366.0124507863823,367.0808395494893,485.0,0.0,0.0,65.0,35.0,55.0
1014.9032342519325,343.02633094304036,344.3472187498811,485.0,0.0,0.0,65.0,35.0,55.0
922.1441250401908,312.1450374414916,313.8051515784629,448.0770740317468,0.0,0.0,65.0,35.0,55.0
810.4005751950809,274.9434581141755,277.01222596345445,398.74138582227874,0.0,0.0,65.0,35.0,55.0
719.4027048730084,244.64851495105071,247.0500681608337,358.56508424461913,0.0,0.0,65.0,35.0,55.0
596.0380844046001,203.5780574534937,206.43076341609077,304.09859861797617,0.0,0.0,65.0,35.0,55.0
553.6731339150601,189.47394971287665,192.48158716201834,285.3941276104,0.0,0.0,65.0,35.0,55.0
518.7773136389263,177.85645923585324,180.9917130576592,269.98733848169127,0.0,0.0,65.0,35.0,55.0
517.5,171.0,167.85,232.69216143505244,0.0,0.0,65.0,35.0,55.0
0.0,0.0,373.0,485.0,0.0,0.0,297.0,35.0,63.1250062714675
0.0,0.0,373.0,485.0,0.0,0.0,297.0,35.0,211.15752032192424
0.0,0.0,373.0,485.0,250.0,0.0,297.0,35.0,250.7774260206954
0.0,380.0,373.0,485.0,250.0,0.0,297.0,35.0,175.87286672142906
872.3250897469234,295.5593213438572,297.4016270591738,426.0815638163293,121.38336954934891,0.0,65.0,35.0,55.0
896.2777305364049,303.53361666259144,305.28832595205824,436.6568499909788,126.03504181861055,0.0,65.0,35.0,55.0
907.8185221937235,307.37576841931366,309.0882722538771,441.7522035902257,128.27629701003184,0.0,65.0,35.0,55.0
928.2022747095423,314.161912114021,315.79987118830167,450.75179649785514,132.23488083194448,0.0,65.0,35.0,55.0
942.024903255783,318.7637313070552,320.35114009474574,456.85459968549225,134.9192753612144,0.0,65.0,35.0,55.0
925.3942713496168,313.2270737283564,314.8753018606614,449.5120401231163,131.68955844030677,0.0,65.0,35.0,55.0
913.578845281933,309.29349088843185,310.98492883223605,444.2954331928258,129.39496845035077,0.0,65.0,35.0,55.0
886.2417177645727,300.19243477085104,301.983846437159,432.2258685368934,124.08601904842865,0.0,65.0,35.0,55.0
855.3543522401226,289.90943606209,291.8138049111835,418.58884485867316,118.0876031349847,0.0,65.0,35.0,55.0
881.8382477586758,298.7264348185773,300.53395027223974,430.2817006314366,123.23085240960228,0.0,65.0,35.0,55.0
944.3749209807892,319.5460974564982,321.12491207057747,457.8921516688357,135.3756556150562,0.0,65.0,35.0,55.0
914.7407120067248,309.6802986924619,311.3674876111461,444.808406823561,129.620606336035,0.0,65.0,35.0,55.0
878.2634671047124,297.53632150769255,299.3569101757549,428.7034058304782,122.53661964491954,0.0,65.0,35.0,55.0
795.0203913524902,269.82309877279124,271.9481129936233,391.95090927384143,112.5,0.0,65.0,35.0,55.0
741.8567799254,252.12390888153638,254.44334602162843,368.47874142977497,0.0,0.0,65.0,35.0,55.0
654.5240798820471,223.049171475799,225.68799020102983,329.9206424092756,0.0,0.0,65.0,35.0,55.0
588.0016191959702,200.90256344614858,203.78465930503845,300.550433713704,0.0,0.0,65.0,35.0,55.0
545.2329578793086,186.66405259786868,189.70255634107676,281.66772108483286,0.0,0.0,65.0,35.0,55.0
517.5,174.01011443468232,177.18761977134963,264.88642418482596,0.0,0.0,65.0,35.0,55.0
0.0,314.7939453222551,316.424961607506,451.5899811626813,0.0,0.0,65.0,35.0,55.0
0.0,317.97771130901396,319.573754407289,455.81220207090246,0.0,0.0,65.0,35.0,55.0
0.0,376.5582767173596,373.0,485.0,0.0,0.0,65.0,35.0,55.0
0.0,380.0,373.0,485.0,0.0,0.0,297.0,35.0,111.35896517197833
848.7371185143053,287.70643154219056,289.6350000621466,415.6672822238847,0.0,0.0,65.0,35.0,55.0
935.8200577277385,316.6980187585882,318.3081190856369,454.1151098018808,0.0,0.0,65.0,35.0,55.0
962.8724855091007,325.7042928522591,327.2154606229758,466.05897720344825,0.0,0.0,65.0,35.0,55.0
972.5584713702075,328.9289440457704,330.40468951170993,470.33541892296813,0.0,0.0,65.0,35.0,55.0
995.1762611073742,336.45884174708806,337.85187242767216,480.32135747608277,0.0,0.0,65.0,35.0,55.0
1011.0592952789176,341.74660964519194,343.08155499659233,485.0,0.0,0.0,65.0,35.0,55.0
985.6109490367586,333.27436518196384,334.7023768551194,476.0981942188184,0.0,0.0,65.0,35.0,55.0
965.9485667449611,326.7283795245704,328.2282978583564,467.4170921458298,0.0,0.0,65.0,35.0,55.0
940.5973438547321,318.28846929527674,319.8810987641573,456.2243205722158,0.0,0.0,65.0,35.0,55.0
910.0597091287415,308.12190270326994,309.8262103657748,442.74170589258176,0.0,0.0,65.0,35.0,55.0
937.7844989265687,317.352019058323,318.95493529117005,454.9824266056306,0.0,0.0,65.0,35.0,55.0
1002.4725582425245,338.88791955108843,340.2542671800377,483.5427321419348,0.0,0.0,65.0,35.0,55.0
968.0957310413746,327.4432118617615,328.9352778706314,468.36508268675317,0.0,0.0,65.0,35.0,55.0
938.5585479599487,317.6097148855849,319.2098003688143,455.3241755640502,0.0,0.0,65.0,35.0,55.0
850.4701482207297,288.2833905003542,290.2056212135729,416.43242896723063,0.0,0.0,65.0,35.0,55.0
745.1699975090522,253.22694281000693,255.53426328952108,369.9415540028834,0.0,0.0,65.0,35.0,55.0
660.503468793854,225.0398251756304,227.65677687158276,332.56059135885664,0.0,0.0,65.0,35.0,55.0
650.7636853788532,221.79726374057424,224.4498344825935,328.2603975807255,0.0,0.0,65.0,35.0,55.0
606.4590088658632,207.04738385798873,209.86197979568792,308.69952172081236,0.0,0.0,65.0,35.0,55.0
570.7990226888104,195.17548783879602,198.1204947554939,292.9553471172345,0.0,0.0,65.0,35.0,55.0
543.5786253029214,186.11329342958078,189.15784717880413,280.93731976595103,0.0,0.0,65.0,35.0,55.0
535.2475178751115,183.33970735423537,186.41472852625608,277.2590679199363,0.0,0.0,65.0,35.0,55.0
627.6273085593413,214.09471841432676,216.83190044970254,318.04549860314347,0.0,0.0,65.0,35.0,55.0
795.8061573675559,270.08469540886284,272.2068360302835,392.2978313751942,0.0,0.0,65.0,35.0,55.0
967.4503103346001,327.22833888112103,328.72276523712674,468.08012418313035,0.0,0.0,65.0,35.0,55.0
1084.4500033790255,366.179789484731,367.246340057591,485.0,0.0,0.0,65.0,35.0,55.0
1139.7254024151096,380.0,373.0,485.0,0.0,0.0,65.0,35.0,55.0
1150.0,380.0,373.0,485.0,0.0,0.0,95.53691878231724,35.0,55.0
1150.0,380.0,373.0,485.0,0.0,0.0,168.4208495638987,35.0,55.0
1150.0,380.0,373.0,485.0,0.0,0.0,232.1572881100294,35.0,55.0
1150.0,380.0,373.0,485.0,0.0,0.0,222.4867009310455,35.0,55.0
1150.0,380.0,373.0,485.0,0.0,0.0,165.10263495274918,35.0,55.0
1131.665493869901,380.0,373.0,485.0,0.0,0.0,65.0,35.0,55.0
1053.306418981072,355.8114905795738,356.9919353449526,485.0,0.0,0.0,65.0,35.0,55.0
1076.0908844411567,363.3968778383349,364.4939982739773,485.0,0.0,0.0,65.0,35.0,55.0
1150.0,380.0,373.0,485.0,0.0,0.0,104.89730507312338,35.0,55.0
1123.5436455197075,379.19481568808845,373.0,485.0,0.0,0.0,65.0,35.0,55.0
1034.023724316521,349.39191024404624,350.64287312674713,485.0,0.0,0.0,65.0,35.0,55.0
901.6692236203346,305.32854852158914,307.0635407565443,439.03723813992303,0.0,0.0,65.0,35.0,55.0
786.1513501820468,266.8704241967927,269.02787310046716,388.03515529512464,0.0,0.0,65.0,35.0,55.0
697.3427991171105,237.30434756896298,239.7865753446856,348.82545601720204,0.0,0.0,65.0,35.0,55.0
628.3857585308114,214.34722101352426,217.0816293461058,318.3803604485636,0.0,0.0,65.0,35.0,55.0
580.9934738155736,198.56941690956933,201.47714202965645,297.45628039663893,0.0,0.0,65.0,35.0,55.0
542.0342660372775,185.59914649393784,188.6493480693482,280.2554725602839,0.0,0.0,65.0,35.0,55.0
517.5,174.6341348844903,177.80478545106502,265.7139825547861,0.0,0.0,65.0,35.0,55.0
0.0,367.7399898063708,368.7894018150916,485.0,0.0,0.0,65.0,35.0,55.0
0.0,380.0,373.0,485.0,0.0,0.0,230.6214305350115,35.0,55.0
0.0,380.0,373.0,485.0,250.0,0.0,297.0,35.0,88.33110160621598
930.65954888704,314.97998600168484,316.6089586582602,451.8367030793469,132.7120905997484,0.0,65.0,35.0,55.0
1038.3626564474293,350.83642429508154,352.0715194097976,485.0,153.62834627089646,0.0,65.0,35.0,55.0
1089.4802951151137,367.85447046022364,368.90262491630745,485.0,163.55553986722933,0.0,65.0,35.0,55.0
1121.746023809246,378.5963528080839,373.0,485.0,169.82163790348116,0.0,65.0,35.0,55.0
1150.0,380.0,373.0,485.0,225.32942978767022,0.0,65.0,35.0,55.0
1150.0,380.0,373.0,485.0,250.0,0.0,124.71428603220416,35.0,55.0
1150.0,380.0,373.0,485.0,250.0,0.0,119.85574097381836,35.0,55.0
1150.0,380.0,373.0,485.0,202.86961823288112,0.0,65.0,35.0,55.0
1046.7807872618198,353.6389821314252,354.843291572939,485.0,155.26317167543024,0.0,65.0,35.0,55.0
983.8593701934121,332.69123085896155,334.1256481743016,475.32485788030556,143.04365009982644,0.0,65.0,35.0,55.0
1002.8316973980407,339.0074838910615,340.372518123852,483.70129500686,146.72813103521807,0.0,65.0,35.0,55.0
1079.8762203802617,364.6570890578133,365.74036626415085,485.0,161.69040071582333,0.0,65.0,35.0,55.0
1051.2384605915083,355.12302741385565,356.31103484279726,485.0,156.128864756848,0.0,65.0,35.0,55.0
982.2137114097552,332.14335936328445,333.5837949639937,474.5982861116244,142.7240583940148,0.0,65.0,35.0,55.0
864.3386076011757,292.9004676605524,294.77198048072347,422.55546684179035,119.83237156742112,0.0,65.0,35.0,55.0
736.1842146549519,250.23540267969778,252.57558477427972,365.97425761913354,112.5,0.0,65.0,35.0,55.0
701.8734365651411,238.8126840112887,241.27834293972816,350.82576938505196,0.0,0.0,65.0,35.0,55.0
583.1062069970685,199.27278646564466,202.17278517772945,298.3890693196373,0.0,0.0,65.0,35.0,55.0
542.2491817805645,185.67069608300733,188.7201116970226,280.3503596129757,0.0,0.0,65.0,35.0,55.0
517.5,171.99741798010052,175.19703248236743,262.21724275384736,0.0,0.0,65.0,35.0,55.0
0.0,0.0,373.0,485.0,0.0,0.0,281.96348774760173,35.0,55.0
0.0,0.0,373.0,485.0,0.0,0.0,297.0,35.0,102.78086044513705
0.0,0.0,373.0,485.0,0.0,0.0,297.0,35.0,274.59322327107037
0.0,380.0,373.0,485.0,0.0,0.0,297.0,35.0,232.37161373809525
917.1486110906034,310.48193466075935,312.16031772979176,445.8715138987054,0.0,0.0,65.0,35.0,55.0
1012.7155692832741,342.2980151522323,343.6269033976842,485.0,0.0,0.0,65.0,35.0,55.0
1051.5662962074982,355.2321702027815,356.41897871472355,485.0,0.0,0.0,65.0,35.0,55.0
1067.842544199666,360.6508465529691,361.77813172621586,485.0,0.0,0.0,65.0,35.0,55.0
1100.080225505887,371.3833913853507,372.3927811797569,485.0,0.0,0.0,65.0,35.0,55.0
1122.735917157277,378.92590736370164,373.0,485.0,0.0,0.0,65.0,35.0,55.0
1040.8878451853236,351.677108247573,352.9029685764473,485.0,0.0,0.0,65.0,35.0,55.0
974.2249344213607,329.48374168267605,330.95339278063443,471.0711759453489,0.0,0.0,65.0,35.0,55.0
915.2478612788826,309.8491384501492,311.534472689677,445.0323173615877,0.0,0.0,65.0,35.0,55.0
885.2441926583031,299.8603394559687,301.6553991389932,431.7854530704772,0.0,0.0,65.0,35.0,55.0
907.6759815571354,307.3283138968222,309.04133901212515,441.68927073715594,0.0,0.0,65.0,35.0,55.0
974.207097739802,329.47780350794596,330.947519835854,471.063300905033,0.0,0.0,65.0,35.0,55.0
949.9144764889896,321.39032214742707,322.94887823270443,460.3379105851261,0.0,0.0,65.0,35.0,55.0
925.1333121647543,313.1401953910357,314.78937786871285,449.39682451561487,0.0,0.0,65.0,35.0,55.0
834.7103107318269,283.0366371500114,285.01650265382096,409.474332238944,0.0,0.0,65.0,35.0,55.0
730.9705541046155,248.49967469523793,250.8589234987401,363.67238398349247,0.0,0.0,65.0,35.0,55.0
646.5157381991212,220.38304033166963,223.05114610355946,326.38489427086967,0.0,0.0,65.0,35.0,55.0
581.1943723367898,198.6362998955146,201.54329031613491,297.54497873151564,0.0,0.0,65.0,35.0,55.0
538.8130544629715,184.52674313752294,187.58872490131816,278.83328139035086,0.0,0.0,65.0,35.0,55.0
517.5,171.0,173.51605026955568,259.96321122602797,0.0,0.0,65.0,35.0,55.0
0.0,0.0,373.0,485.0,0.0,0.0,287.36381886119375,35.0,55.0
0.0,0.0,373.0,485.0,0.0,0.0,214.58245768709034,35.0,55.0
0.0,0.0,373.0,485.0,0.0,0.0,253.25368087468684,35.0,55.0
0.0,0.0,373.0,485.0,0.0,0.0,297.0,35.0,251.09238929215823
0.0,380.0,373.0,485.0,0.0,0.0,297.0,35.0,157.2966341571647
803.7150314209727,272.71771186391334,274.8109291985172,395.78966374429444,0.0,0.0,65.0,35.0,55.0
832.8502220106169,282.4173777993477,284.4040457732972,408.653087904763,0.0,0.0,65.0,35.0,55.0
839.8646808867135,284.7526262202097,286.7136418440815,411.75002868164836,0.0,0.0,65.0,35.0,55.0
847.0690857635599,287.15111132206664,289.0857799505014,414.93083216633755,0.0,0.0,65.0,35.0,55.0
847.5635526467123,287.315728868259,289.24858919789085,415.14914332622936,0.0,0.0,65.0,35.0,55.0
818.8987654640799,277.77266928447574,279.8103586777174,402.49340610476685,0.0,0.0,65.0,35.0,55.0
796.7042294505329,270.383680897357,272.5025372084874,392.69433752106835,0.0,0.0,65.0,35.0,55.0
797.9630204734278,270.80275666646986,272.9170094937729,393.2501040195598,0.0,0.0,65.0,35.0,55.0
810.5469384683977,274.9921852660375,277.06041785493613,398.806006400627,0.0,0.0,65.0,35.0,55.0
859.6236204431959,291.3307576501939,293.2195134969939,420.473761574147,0.0,0.0,65.0,35.0,55.0
967.5338214063078,327.25614132486965,328.7502622752433,468.11699500208607,0.0,0.0,65.0,35.0,55.0
978.9116487428781,331.0440391213925,332.4965505883952,473.1403985252091,0.0,0.0,65.0,35.0,55.0
948.700581909307,320.9861932687253,322.54918864850356,459.8019662323165,0.0,0.0,65.0,35.0,55.0
852.05361307949,288.81055644091043,290.72699631614574,417.1315416110542,0.0,0.0,65.0,35.0,55.0
739.6051952524767,251.37431299042652,253.70198432780728,367.48464844136953,0.0,0.0,65.0,35.0,55.0
644.2448811983766,219.62702831154596,222.30343876092957,325.3822923926197,0.0,0.0,65.0,35.0,55.0
627.1179147345091,213.92513140183607,216.66417632484905,317.82059707681304,0.0,0.0,65.0,35.0,55.0
579.1336080328036,197.9502317794049,200.86475855433096,296.6351344915967,0.0,0.0,65.0,35.0,55.0
543.5085457848213,186.08996260864808,189.1347726434044,280.90637908740945,0.0,0.0,65.0,35.0,55.0
528.7524241509847,181.17736559266274,184.27613976130678,274.39143109160074,0.0,0.0,65.0,35.0,55.0
517.5,172.19256902231683,175.39003981995333,262.4760465774115,0.0,0.0,65.0,35.0,55.0
0.0,347.2670082366743,348.54131284597133,485.0,0.0,0.0,65.0,35.0,55.0
0.0,380.0,373.0,485.0,0.0,0.0,291.13616361527255,35.0,55.0
0.0,380.0,373.0,485.0,250.0,0.0,297.0,35.0,118.59701485640967
864.8021172957358,293.05477896259225,294.92459669649094,422.76011015055025,119.92238649361103,0.0,65.0,35.0,55.0
902.6879305221285,305.6676956640497,307.3989624190308,439.48700554174087,127.27992123612786,0.0,65.0,35.0,55.0
921.2405906045226,311.84423343061076,313.5076518540653,447.6781562126294,130.88290159995515,0.0,65.0,35.0,55.0
949.4490341395059,321.2353674273505,322.7956256667499,460.1324139934621,136.36106309805336,0.0,65.0,35.0,55.0
972.0497429413473,328.75957855641076,330.23718447658945,470.11081117438374,140.75018625667184,0.0,65.0,35.0,55.0
961.9675184799254,325.40301190341563,326.9174891997068,465.65942688261873,138.79218904242467,0.0,65.0,35.0,55.0
944.2185043466642,319.4940233472492,321.0734099875285,457.8230924497339,135.34527905132757,0.0,65.0,35.0,55.0
920.0031274008586,311.4322581031797,313.10020201318554,447.1318061201965,130.64258265895373,0.0,65.0,35.0,55.0
897.6617474173463,303.9943825310291,305.74403037724414,437.2679047266608,126.30382190853251,0.0,65.0,35.0,55.0
926.5515536412871,313.61235528632864,315.25635115909535,450.02298968925527,131.91430601579057,0.0,65.0,35.0,55.0
974.3741035626,329.5334029619955,331.00250853832495,471.1370353372588,141.20158382659625,0.0,65.0,35.0,55.0
973.7603681257119,329.32907861778926,330.80042866608164,470.8660661385947,141.0823946258093,0.0,65.0,35.0,55.0
951.4900862328429,321.9148729689832,323.4676669429632,461.033555131682,136.75744133067244,0.0,65.0,35.0,55.0
863.3500686571513,292.571364012107,294.44649198599205,422.11901883926214,119.6403944391613,0.0,65.0,35.0,55.0
754.3066924960573,256.26872449512166,258.54263146370084,373.9754793235726,112.5,0.0,65.0,35.0,55.0
716.5011372595216,243.68252722382778,246.09469166243252,357.28401848918094,0.0,0.0,65.0,35.0,55.0
650.2721128986868,221.63360979686664,224.2879782526615,328.0433643233477,0.0,0.0,65.0,35.0,55.0
606.9477279772102,207.21008786027568,210.02289651916186,308.91529519259524,0.0,0.0,65.0,35.0,55.0
572.2741146391106,195.6665743514425,198.60618675720605,293.60661223849814,0.0,0.0,65.0,35.0,55.0
549.2499964542493,188.00140208617194,191.02521524787971,283.44127636326624,0.0,0.0,65.0,35.0,55.0
521.560830309037,178.78314553099568,181.90821984425654,271.2162837832571,0.0,0.0,65.0,35.0,55.0
575.7521392222059,196.82447570333014,199.75136873818278,295.14218844539596,0.0,0.0,65.0,35.0,55.0
731.5530707385564,248.69360569883563,251.05072419964674,363.92956982615425,0.0,0.0,65.0,35.0,55.0
904.9150589397807,306.40914959688297,308.13227159275345,440.4703008940725,0.0,0.0,65.0,35.0,55.0
1009.8011869024024,341.327761142203,342.6673074809469,485.0,0.0,0.0,65.0,35.0,55.0
1062.8642912361977,358.99349028687027,360.13898126758556,485.0,0.0,0.0,65.0,35.0,55.0
1091.6442006675275,368.5748762838844,369.6151171911477,485.0,0.0,0.0,65.0,35.0,55.0
1150.0,380.0,373.0,485.0,0.0,0.0,78.13187843806045,35.0,55.0
1150.0,380.0,373.0,485.0,0.0,0.0,146.77604660505708,35.0,55.0
1150.0,380.0,373.0,485.0,0.0,0.0,142.25069881080879,35.0,55.0
1150.0,380.0,373.0,485.0,0.0,0.0,87.29831470962532,35.0,55.0
1099.8948906623298,371.3216898473714,372.3317574238236,485.0,0.0,0.0,65.0,35.0,55.0
1036.6762408068469,350.2749840569746,351.5162465076395,485.0,0.0,0.0,65.0,35.0,55.0
1054.821326909596,356.3158325980141,357.49073724273575,485.0,0.0,0.0,65.0,35.0,55.0
1143.2502976934202,380.0,373.0,485.0,0.0,0.0,65.0,35.0,55.0
1085.988751815608,366.69206846734477,367.7529917331988,485.0,0.0,0.0,65.0,35.0,55.0
1005.1829435947596,339.7902590223915,341.1466945889666,484.73938937047933,0.0,0.0,65.0,35.0,55.0
903.9653370745413,306.0929689013747,307.81956409427914,440.0509909482715,0.0,0.0,65.0,35.0,55.0
795.8955993794253,270.11447237678954,272.2362859027292,392.33732075258143,0.0,0.0,65.0,35.0,55.0
708.3686491070905,240.9750653296023,243.41697082689362,353.69345867242487,0.0,0.0,65.0,35.0,55.0
642.3227368104775,218.98710943458084,221.6705492958705,324.53364997570696,0.0,0.0,65.0,35.0,55.0
598.0836811237846,204.25907598857623,207.10430106575,305.0017462455563,0.0,0.0,65.0,35.0,55.0
561.4524765127793,192.06384265224153,195.04303051985232,288.8287707858468,0.0,0.0,65.0,35.0,55.0
533.9909615464898,182.92137555787434,186.00099204129447,276.7042880571841,0.0,0.0,65.0,35.0,55.0
550.54671760481,188.4331055251164,191.45217648995697,284.0137893223352,0.0,0.0,65.0,35.0,55.0
641.14126831978,218.59377582525545,221.28153639664754,324.0120220055274,0.0,0.0,65.0,35.0,55.0
809.6036141856227,274.6781344489149,276.7498168384562,398.3895210396383,0.0,0.0,65.0,35.0,55.0
988.6266448148035,334.278348372667,335.69533144259134,477.42964848930166,0.0,0.0,65.0,35.0,55.0
1125.2679982912227,379.7688859275494,373.0,485.0,0.0,0.0,65.0,35.0,55.0
1150.0,380.0,373.0,485.0,0.0,0.0,135.8364418312343,35.0,55.0
1150.0,380.0,373.0,485.0,0.0,0.0,196.70626536166995,35.0,55.0
1150.0,380.0,373.0,485.0,0.0,0.0,290.10168048021563,35.0,55.0
1150.0,380.0,373.0,485.0,0.0,0.0,297.0,35.0,129.42719113191163
1150.0,380.0,373.0,485.0,0.0,0.0,297.0,35.0,108.64648712363505
1150.0,380.0,373.0,485.0,0.0,0.0,208.19716285715504,35.0,55.0
1111.7630898751158,375.2728418834293,373.0,485.0,0.0,0.0,65.0,35.0,55.0
1052.9403332854242,355.68961360263756,356.8713971681418,485.0,0.0,0.0,65.0,35.0,55.0
1099.6393401132827,371.2366121490551,372.2476142911328,485.0,0.0,0.0,65.0,35.0,55.0
1150.0,380.0,373.0,485.0,0.0,0.0,146.49520372819703,35.0,55.0
1149.6678562763184,380.0,373.0,485.0,0.0,0.0,65.0,35.0,55.0
1043.8852899371402,352.67501532022754,353.8899137911067,485.0,0.0,0.0,65.0,35.0,55.0
903.9462992095882,306.0866308295643,307.81329564522724,440.0425855756948,0.0,0.0,65.0,35.0,55.0
787.4407238652357,267.2996815223761,269.452415099368,388.6044242874511,0.0,0.0,65.0,35.0,55.0
694.8455121387786,236.47295264946865,238.96431317241294,347.72288345795073,0.0,0.0,65.0,35.0,55.0
625.2996606488985,213.31979960687502,216.0654940079387,317.01782307529237,0.0,0.0,65.0,35.0,55.0
581.2677284661237,198.66072156341707,201.5674437157157,297.57736606062844,0.0,0.0,65.0,35.0,55.0
550.3014047045898,188.35143613721695,191.37140422790947,283.90548167705447,0.0,0.0,65.0,35.0,55.0
531.7315034977471,182.16915846835508,185.25703794253127,275.70671890916924,0.0,0.0,65.0,35.0,55.0
541.9966389709454,185.58661971905954,188.63695889919393,280.2388599037559,0.0,0.0,65.0,35.0,55.0
636.497487121294,217.04777164985884,219.75251484287463,321.9617547494839,0.0,0.0,65.0,35.0,55.0
828.753403533923,281.0534680456161,283.0551183615573,406.84430914932597,0.0,0.0,65.0,35.0,55.0
1047.6112510402384,353.9154595135571,355.11673189291866,485.0,0.0,0.0,65.0,35.0,55.0
1150.0,380.0,373.0,485.0,0.0,0.0,181.7501984386748,35.0,55.0
1150.0,380.0,373.0,485.0,0.0,0.0,273.04373008105796,35.0,55.0
1150.0,380.0,373.0,485.0,0.0,0.0,297.0,35.0,68.51463924790303
1150.0,380.0,373.0,485.0,0.0,0.0,297.0,35.0,121.35239715986631
1150.0,380.0,373.0,485.0,0.0,0.0,297.0,35.0,152.557722265494
1150.0,380.0,373.0,485.0,0.0,0.0,291.55811042803407,35.0,55.0
1150.0,380.0,373.0,485.0,0.0,0.0,172.13002512586715,35.0,55.0
1149.5967780041071,380.0,373.0,485.0,0.0,0.0,65.0,35.0,55.0
1103.206198897929,372.42408811711124,373.0,485.0,0.0,0.0,65.0,35.0,55.0
1150.0,380.0,373.0,485.0,0.0,0.0,90.81541858198437,35.0,55.0
1150.0,380.0,373.0,485.0,0.0,0.0,226.12134645282563,35.0,55.0
1150.0,380.0,373.0,485.0,0.0,0.0,145.08136039943923,35.0,55.0
1090.381235016412,368.15441070065583,369.19927035864396,485.0,0.0,0.0,65.0,35.0,55.0
941.3942628100532,318.5537789599054,320.1434940423184,456.576166787612,0.0,0.0,65.0,35.0,55.0
805.2710421020764,273.2357377801069,275.3232646785101,396.4766551448714,0.0,0.0,65.0,35.0,55.0
694.9069745161873,236.4934146583451,238.9845504092222,347.7500195986287,0.0,0.0,65.0,35.0,55.0
622.1047831573177,212.25616337365307,215.01354165758173,315.60725861756254,0.0,0.0,65.0,35.0,55.0
576.2136454473767,196.97812001183425,199.9033252872374,295.34594720608794,0.0,0.0,65.0,35.0,55.0
542.8056046933679,185.85593998441263,188.90332072223822,280.5960248650347,0.0,0.0,65.0,35.0,55.0
524.312882929612,179.69935683821814,182.81436670908906,272.43133745045253,0.0,0.0,65.0,35.0,55.0
549.9257416967783,188.22637068865365,191.24771260434932,283.7396233966355,0.0,0.0,65.0,35.0,55.0
636.1323035181329,216.92619499688098,219.632273691009,321.800523211648,0.0,0.0,65.0,35.0,55.0
811.3388190443961,275.2558175571773,277.32115418530213,399.1556281304785,0.0,0.0,65.0,35.0,55.0
1010.0335942556214,341.4051340250138,342.7438304343632,485.0,0.0,0.0,65.0,35.0,55.0
1150.0,380.0,373.0,485.0,0.0,0.0,116.670368942403,35.0,55.0
1150.0,380.0,373.0,485.0,0.0,0.0,224.58420119234478,35.0,55.0
1150.0,380.0,373.0,485.0,0.0,0.0,286.69370490381607,35.0,55.0
1150.0,380.0,373.0,485.0,0.0,0.0,297.0,35.0,129.010222106582
1150.0,380.0,373.0,485.0,250.0,0.0,197.24784566021876,35.0,55.0
1150.0,380.0,373.0,485.0,250.0,0.0,185.31792641327382,35.0,55.0
1150.0,380.0,373.0,485.0,250.0,0.0,68.88608870378557,35.0,55.0
1095.2125954353742,369.76286361032277,370.7900546568032,485.0,164.66876920478717,0.0,65.0,35.0,55.0
1036.119086837364,350.0894967727244,351.33279677310264,485.0,153.19263854952143,0.0,65.0,35.0,55.0
1074.2639699527012,362.7886628285137,363.8924644138852,485.0,160.60048541539854,0.0,65.0,35.0,55.0
1150.0,380.0,373.0,485.0,211.51502450499115,0.0,65.0,35.0,55.0
1122.8707239731461,378.9707871483636,373.0,485.0,170.040057935311,0.0,65.0,35.0,55.0
1041.8497529382055,351.9973458597126,353.2196884269383,485.0,154.30555051693122,0.0,65.0,35.0,55.0
917.7195676532965,310.67201709405344,312.3483121363565,446.12359587567164,130.1991087369634,0.0,65.0,35.0,55.0
788.6052990023135,267.68739100900575,269.8358656560309,389.11859370428994,112.5,0.0,65.0,35.0,55.0
730.2666697541933,248.26533804192968,250.62716099806286,363.36161330459345,0.0,0.0,65.0,35.0,55.0
591.9977292381208,202.23294542291424,205.10042723736237,302.31474887429755,0.0,0.0,65.0,35.0,55.0
538.0799945732814,184.28269338542734,187.3473559987721,278.509629473021,0.0,0.0,65.0,35.0,55.0
517.5,171.0,167.85,251.68968170203124,0.0,0.0,65.0,35.0,55.0
0.0,0.0,373.0,485.0,0.0,0.0,297.0,35.0,81.63089709185331
0.0,0.0,373.0,485.0,0.0,0.0,297.0,35.0,133.16002023453157
0.0,0.0,373.0,485.0,250.0,0.0,297.0,35.0,65.45881379315108
0.0,380.0,373.0,485.0,250.0,0.0,292.4318063066296,35.0,55.0
912.7620152500008,309.0215524430184,310.7159775894427,443.93479607478724,129.23633769052628,0.0,65.0,35.0,55.0
1021.1061037831495,345.0913856441163,346.3895891379528,485.0,150.27707372450007,0.0,65.0,35.0,55.0
1067.7880699156253,360.63271101492813,361.7601954043125,485.0,159.34284685747363,0.0,65.0,35.0,55.0
1082.5804987398258,365.5573953936682,366.6307828713164,485.0,162.21557941173864,0.0,65.0,35.0,55.0
1150.0,380.0,373.0,485.0,182.26315993420607,0.0,65.0,35.0,55.0
1150.0,380.0,373.0,485.0,250.0,0.0,70.3765504188857,35.0,55.0
1150.0,380.0,373.0,485.0,238.29665110415337,0.0,65.0,35.0,55.0
1109.5847807581074,374.5476408357793,373.0,485.0,167.45988925297013,0.0,65.0,35.0,55.0
1005.1517954249365,339.77988919691,341.1364386744469,484.72563719957714,147.17870079696306,0.0,65.0,35.0,55.0
962.2110496617348,325.4840881229497,326.9976748092535,465.76694788469615,138.83948350381954,0.0,65.0,35.0,55.0
994.6520721457663,336.2843291486894,337.6792768237256,480.0899237762532,145.1396241021677,0.0,65.0,35.0,55.0
1067.3363405682462,360.48232161729135,361.6114580114225,485.0,159.25511970885216,0.0,65.0,35.0,55.0
1025.7307631885517,346.63102380641175,347.9123146083139,485.0,151.17519598583905,0.0,65.0,35.0,55.0
961.3958927844621,325.2127067029384,326.72927447302266,465.4070494780796,138.68117767547963,0.0,65.0,35.0,55.0
850.0653126374103,288.14861293969636,290.072324163998,416.2536907569051,117.06045631358842,0.0,65.0,35.0,55.0
722.7510784615706,245.7632529904727,248.15256097179235,360.04341848049324,112.5,0.0,65.0,35.0,55.0
675.8345863528059,230.14384940643674,232.7047341695507,339.32940474307054,0.0,0.0,65.0,35.0,55.0
599.5721336682186,204.7546105002636,207.5943922059075,305.65891017804796,0.0,0.0,65.0,35.0,55.0
549.3054143027051,188.01985175497464,191.04346224986602,283.46574379513544,0.0,0.0,65.0,35.0,55.0
517.5,176.43501499523288,179.58588316665174,268.10225910789984,0.0,0.0,65.0,35.0,55.0
0.0,334.49824968561785,335.9128171729378,477.7212754258127,0.0,0.0,65.0,35.0,55.0
0.0,354.1911662099365,355.38940999301207,485.0,0.0,0.0,65.0,35.0,55.0
0.0,380.0,373.0,485.0,0.0,0.0,208.80539477409107,35.0,55.0
814.8468604377885,276.42371208317627,278.47621956688664,400.7044570038247,0.0,0.0,65.0,35.0,55.0
1001.7291917346238,338.64043852734005,340.0095046978381,483.2145297686435,0.0,0.0,65.0,35.0,55.0
1142.4226158713616,380.0,373.0,485.0,0.0,0.0,65.0,35.0,55.0
1150.0,380.0,373.0,485.0,0.0,0.0,120.9687846085457,35.0,55.0
1150.0,380.0,373.0,485.0,0.0,0.0,158.39253807892462,35.0,55.0
1150.0,380.0,373.0,485.0,0.0,0.0,227.1892995586612,35.0,55.0
1150.0,380.0,373.0,485.0,0.0,0.0,226.91234035346054,35.0,55.0
1150.0,380.0,373.0,485.0,0.0,0.0,120.73316211651722,35.0,55.0
1115.7219854858793,376.59083445943503,373.0,485.0,0.0,0.0,65.0,35.0,55.0
1053.249271091013,355.79246494661004,356.97311870568427,485.0,0.0,0.0,65.0,35.0,55.0
1012.5133712154891,342.230699522212,343.5603272196603,485.0,0.0,0.0,65.0,35.0,55.0
1050.751643978997,354.9609567900631,356.1507445402509,485.0,0.0,0.0,65.0,35.0,55.0
1145.3074843280795,380.0,373.0,485.0,0.0,0.0,65.0,35.0,55.0
1090.288894610789,368.123668801641,369.1688661547319,485.0,0.0,0.0,65.0,35.0,55.0
1005.586519645615,339.92461726044024,341.2795769221277,484.91757148695416,0.0,0.0,65.0,35.0,55.0
883.0443152037733,299.1279578934669,300.9310626769885,430.8141892405187,0.0,0.0,65.0,35.0,55.0
753.8435951284536,256.1145504646648,258.39015101160885,373.7710180605253,0.0,0.0,65.0,35.0,55.0
653.0345777181028,222.55328752556665,225.19755346085685,329.26301506121354,0.0,0.0,65.0,35.0,55.0
630.0585463930001,214.90412430180575,217.63241513614483,319.1189099265775,0.0,0.0,65.0,35.0,55.0
574.8341013361741,196.51884321456427,199.44909357599806,294.7368672347084,0.0,0.0,65.0,35.0,55.0
539.5100657907511,184.75879162925577,187.81822437552816,279.1410175737231,0.0,0.0,65.0,35.0,55.0
541.8741806875659,185.54585099863013,188.59663801698136,280.18479357334263,0.0,0.0,65.0,35.0,55.0
574.4484938488927,196.39046705730786,199.32212761137816,294.5666183855344,0.0,0.0,65.0,35.0,55.0
665.311060122038,226.64036489731154,229.23973490692725,334.68318212257054,0.0,0.0,65.0,35.0,55.0
856.8609798165863,290.41102139189405,292.3098804021375,419.25403321597196,0.0,0.0,65.0,35.0,55.0
1072.403106390756,362.1691455184499,363.2797524076062,485.0,0.0,0.0,65.0,35.0,55.0
1150.0,380.0,373.0,485.0,0.0,0.0,179.3690270774734,35.0,55.0
1150.0,380.0,373.0,485.0,0.0,0.0,222.9969760620347,35.0,55.0
1150.0,380.0,373.0,485.0,0.0,0.0,216.88168300826138,35.0,55.0
1150.0,380.0,373.0,485.0,0.0,0.0,243.65237621464988,35.0,55.0
1150.0,380.0,373.0,485.0,0.0,0.0,265.90918388530775,35.0,55.0
1150.0,380.0,373.0,485.0,0.0,0.0,207.97195333915974,35.0,55.0
1150.0,380.0,373.0,485.0,0.0,0.0,132.66826410775914,35.0,55.0
1129.8092896853414,380.0,373.0,485.0,0.0,0.0,65.0,35.0,55.0
1075.8755624467083,363.3251930004315,364.42310088315696,485.0,0.0,0.0,65.0,35.0,55.0
1123.8163862310475,379.28561632242275,373.0,485.0,0.0,0.0,65.0,35.0,55.0
1150.0,380.0,373.0,485.0,0.0,0.0,184.61724841804883,35.0,55.0
1150.0,380.0,373.0,485.0,0.0,0.0,119.52574853648628,35.0,55.0
1083.7960012971753,365.9620595990964,367.0310019017607,485.0,0.0,0.0,65.0,35.0,55.0
942.9124982043011,319.05922875575436,320.6433915487433,457.24648009109137,0.0,0.0,65.0,35.0,55.0
812.9977197778686,275.8080975529172,277.86736746896764,399.8880463279539,0.0,0.0,65.0,35.0,55.0
710.9514529334955,241.83493045441787,244.2673904635957,354.8337876172486,0.0,0.0,65.0,35.0,55.0
633.644770514633,216.0980473634177,218.8132231338224,320.70225711180115,0.0,0.0,65.0,35.0,55.0
581.3092926874943,198.67455909301626,201.58112924214885,297.59571700320237,0.0,0.0,65.0,35.0,55.0
547.2485295693396,187.33507522262434,190.3662078839696,282.5576124172725,0.0,0.0,65.0,35.0,55.0
541.5747957629302,185.44617999266447,188.49806188191457,280.052612688478,0.0,0.0,65.0,35.0,55.0
580.0141951718089,198.24339619338429,201.15470260164165,297.02392089216704,0.0,0.0,65.0,35.0,55.0
673.5633578985592,229.38771372229002,231.9569045213283,338.3266388650713,0.0,0.0,65.0,35.0,55.0
853.2951600043879,289.22389131777084,291.13579077201035,417.6796946997031,0.0,0.0,65.0,35.0,55.0
1050.002966675828,354.7117077003124,355.9042334139861,485.0,0.0,0.0,65.0,35.0,55.0
1150.0,380.0,373.0,485.0,0.0,0.0,149.04261321370637,35.0,55.0
1150.0,380.0,373.0,485.0,0.0,0.0,216.38947359206088,35.0,55.0
1150.0,380.0,373.0,485.0,0.0,0.0,233.49675164281325,35.0,55.0
1150.0,380.0,373.0,485.0,0.0,0.0,266.44987273683086,35.0,55.0
1150.0,380.0,373.0,485.0,0.0,0.0,293.81210512743706,35.0,55.0
1150.0,380.0,373.0,485.0,0.0,0.0,254.39924955494658,35.0,55.0
1150.0,380.0,373.0,485.0,0.0,0.0,183.5559683127816,35.0,55.0
1150.0,380.0,373.0,485.0,0.0,0.0,85.86219620392164,35.0,55.0
1114.5317898677754,376.19459542135826,373.0,485.0,0.0,0.0,65.0,35.0,55.0
1150.0,380.0,373.0,485.0,0.0,0.0,103.2401696804224,35.0,55.0
1150.0,380.0,373.0,485.0,0.0,0.0,255.0779711252884,35.0,55.0
1150.0,380.0,373.0,485.0,0.0,0.0,193.1235357281295,35.0,55.0
1149.4535204641086,380.0,373.0,485.0,0.0,0.0,65.0,35.0,55.0
990.7106109789572,334.9721408347703,336.3815026996185,478.3497365396301,0.0,0.0,65.0,35.0,55.0
860.092633916153,291.4869012660355,293.3739418988736,420.6808348459369,0.0,0.0,65.0,35.0,55.0
755.0214874842867,256.50669350983657,258.777986424845,374.29106713800894,0.0,0.0,65.0,35.0,55.0
673.6770945632882,229.42557884793888,231.99435370430908,338.3768545297502,0.0,0.0,65.0,35.0,55.0
616.1324687766719,210.26786492146292,213.04708436263152,312.97043313116194,0.0,0.0,65.0,35.0,55.0
571.7243865963768,195.48355930119078,198.42518209955176,293.3639028261526,0.0,0.0,65.0,35.0,55.0
573.992240159887,196.23857141922895,199.17190052386906,294.365178662379,0.0,0.0,65.0,35.0,55.0
604.5343748869897,206.40663614825195,209.22827060245962,307.8497801291888,0.0,0.0,65.0,35.0,55.0
695.8243016854939,236.7988105358285,239.28659155926357,348.1550270220881,0.0,0.0,65.0,35.0,55.0
869.6756643542972,294.6772766168711,296.5292714598705,424.9118209069083,0.0,0.0,65.0,35.0,55.0
1050.8400750971684,354.9903972120133,356.1798615636267,485.0,0.0,0.0,65.0,35.0,55.0
1150.0,380.0,373.0,485.0,0.0,0.0,84.71306499024138,35.0,55.0
1150.0,380.0,373.0,485.0,0.0,0.0,79.63314216336408,35.0,55.0
1122.017596708775,378.6867646553805,373.0,485.0,0.0,0.0,65.0,35.0,55.0
1142.2179363666762,380.0,373.0,485.0,0.0,0.0,65.0,35.0,55.0
1150.0,380.0,373.0,485.0,0.0,0.0,95.83871150108492,35.0,55.0
1143.4517151814193,380.0,373.0,485.0,0.0,0.0,65.0,35.0,55.0
1087.737717015984,367.2743326582774,368.32885984021584,485.0,0.0,0.0,65.0,35.0,55.0
1045.346799534696,353.1615800061219,354.3711336376484,485.0,0.0,0.0,65.0,35.0,55.0
1033.0304101846305,349.06121684361557,350.3158123432151,485.0,0.0,0.0,65.0,35.0,55.0
1089.2621671881782,367.7818514733681,368.8308036380196,485.0,0.0,0.0,65.0,35.0,55.0
1150.0,380.0,373.0,485.0,0.0,0.0,128.534642348495,35.0,55.0
1141.9865189476282,380.0,373.0,485.0,0.0,0.0,65.0,35.0,55.0
1042.9370252790638,352.3593197570419,353.57768609584997,485.0,0.0,0.0,65.0,35.0,55.0
913.9917022193224,309.4309389123081,311.12086701039544,444.4777128963647,0.0,0.0,65.0,35.0,55.0
791.4209440442854,268.6247734577616,270.7629511006148,390.3617239439486,0.0,0.0,65.0,35.0,55.0
699.0388387151386,237.86899180780958,240.3450170521206,349.5742713261412,0.0,0.0,65.0,35.0,55.0
631.0940914706307,215.24887719721568,217.973380973234,319.57611152029494,0.0,0.0,65.0,35.0,55.0
586.4219201365828,200.37665121271277,203.26452413780325,299.85298370100304,0.0,0.0,65.0,35.0,55.0
552.9351072090437,189.22824641199168,192.23858287466584,285.0682828031717,0.0,0.0,65.0,35.0,55.0
531.3916298873921,182.05600799931761,185.1451304142522,275.5566619394887,0.0,0.0,65.0,35.0,55.0
550.8639226543278,188.5387091937757,191.55662011831663,284.153837937608,0.0,0.0,65.0,35.0,55.0
621.8210784976011,212.1617126297971,214.9201284408363,315.48200069748793,0.0,0.0,65.0,35.0,55.0
754.813098566992,256.43731682681175,258.7093718341716,374.1990617322007,0.0,0.0,65.0,35.0,55.0
890.6297979989153,301.65331117184957,303.4286753322374,434.1632417327489,0.0,0.0,65.0,35.0,55.0
953.0956340459894,322.44939075025434,323.9963131273946,461.74241757989114,0.0,0.0,65.0,35.0,55.0
957.8396335224153,324.0287595200458,325.55833277054825,463.836932022642,0.0,0.0,65.0,35.0,55.0
952.9967974161735,322.4164861331231,323.963769962497,461.69878040209403,0.0,0.0,65.0,35.0,55.0
967.7029085554946,327.31243369254923,328.80593627979306,468.1916483568799,0.0,0.0,65.0,35.0,55.0
978.5108611469457,330.9106092136783,332.36458638800065,472.9634475343147,0.0,0.0,65.0,35.0,55.0
967.5005183379297,327.2450540921674,328.7392968341124,468.10229142590475,0.0,0.0,65.0,35.0,55.0
954.6395287746532,322.9633830325921,324.5046592823885,462.42405968869457,0.0,0.0,65.0,35.0,55.0
956.874165484043,323.70733662031444,325.2404406526699,463.41067001303725,0.0,0.0,65.0,35.0,55.0
959.0329875064573,324.4260500389567,325.9512591133044,464.3638075350257,0.0,0.0,65.0,35.0,55.0
997.4172381724336,337.20490616129416,338.58974143732826,481.3107671191412,0.0,0.0,65.0,35.0,55.0
1071.9344479065508,362.013120085199,363.12544089009936,485.0,0.0,0.0,65.0,35.0,55.0
1079.478847770932,364.5247960648936,365.60952648971397,485.0,0.0,0.0,65.0,35.0,55.0
1040.9907609040915,351.7113708719579,352.9368548310946,485.0,0.0,0.0,65.0,35.0,55.0
933.8162309976194,316.0309062571324,317.64833471393194,453.2304039649892,0.0,0.0,65.0,35.0,55.0
818.3388246077901,277.586254191947,279.6259913267353,402.24618765197965,0.0,0.0,65.0,35.0,55.0
724.6738705609009,246.40338750304477,248.7856637037339,360.89234686728315,0.0,0.0,65.0,35.0,55.0
655.8122957228419,223.47804333335554,226.11215096621171,330.48940020474606,0.0,0.0,65.0,35.0,55.0
611.2362678441101,208.63782535633675,211.43495053515258,310.8087205047544,0.0,0.0,65.0,35.0,55.0
576.3592184675995,197.02658407322517,199.95125697825696,295.41021888125283,0.0,0.0,65.0,35.0,55.0
552.6056644719572,189.11856858150824,192.1301098385324,284.9228311490736,0.0,0.0,65.0,35.0,55.0
520.7891629382817,178.52624260507963,181.65413895805696,270.875586348302,0.0,0.0,65.0,35.0,55.0
588.7966755568938,201.16725301723866,204.04644130129458,300.9014575784895,0.0,0.0,65.0,35.0,55.0
730.0806620991873,248.20341251206432,250.56591571076044,363.2794894085415,0.0,0.0,65.0,35.0,55.0
881.4822288880531,298.6079092815252,300.4167267202538,430.12451539772894,0.0,0.0,65.0,35.0,55.0
956.2547703285647,323.5011280468136,325.0364972491053,463.13720200247656,0.0,0.0,65.0,35.0,55.0
966.7812715449344,327.00560298592796,328.5024760619945,467.7847381033724,0.0,0.0,65.0,35.0,55.0
958.540697651087,324.262157267231,325.7891666788438,464.14645755064726,0.0,0.0,65.0,35.0,55.0
963.9202746755632,326.0531220405969,327.56045797553264,466.52158466220095,0.0,0.0,65.0,35.0,55.0
974.4528594080566,329.5596222993649,331.028439860246,471.17180668505927,0.0,0.0,65.0,35.0,55.0
952.2357756911933,322.1631273476638,323.7131942849083,461.3627831065338,0.0,0.0,65.0,35.0,55.0
915.790681020198,310.0298535938418,311.7132027048972,445.27197670253935,0.0,0.0,65.0,35.0,55.0
894.556565520253,302.96060768827004,304.72161139450026,435.8969416051112,0.0,0.0,65.0,35.0,55.0
884.4148557660717,299.5842372359463,301.3823298600241,431.4192940716585,0.0,0.0,65.0,35.0,55.0
931.7650896424647,315.3480418059753,316.97297142530647,452.32480833542735,0.0,0.0,65.0,35.0,55.0
1064.3656775574175,359.4933307018851,360.6333310113749,485.0,0.0,0.0,65.0,35.0,55.0
1082.3266684775547,365.4728904119431,366.54720616401187,485.0,0.0,0.0,65.0,35.0,55.0
1045.3102999919013,353.1494286055393,354.35911571836016,485.0,0.0,0.0,65.0,35.0,55.0
940.941171368348,318.4029360948408,319.9943081632716,456.3761232224189,0.0,0.0,65.0,35.0,55.0
828.1992232224893,280.86897074938724,282.87264774017336,406.5996340240537,0.0,0.0,65.0,35.0,55.0
736.5706650173069,250.3640594462954,252.70282826578975,366.14487860452374,0.0,0.0,65.0,35.0,55.0
612.2302324374255,208.96873530790012,211.7622254910359,311.24756397567535,0.0,0.0,65.0,35.0,55.0
569.4284251505676,194.7191895279276,197.66920881243428,292.3502171307508,0.0,0.0,65.0,35.0,55.0
537.3813207933553,184.050091431365,187.11730914193237,278.20115930347345,0.0,0.0,65.0,35.0,55.0
517.5,176.57055347837792,179.71993278009555,268.2820064322269,0.0,0.0,65.0,35.0,55.0
0.0,314.12444198291814,315.76281266091166,450.70210466383395,0.0,0.0,65.0,35.0,55.0
0.0,315.46806336536235,317.09167456604877,452.4839775518801,0.0,0.0,65.0,35.0,55.0
0.0,380.0,373.0,485.0,0.0,0.0,171.0526381545139,35.0,55.0
0.0,380.0,373.0,485.0,0.0,0.0,297.0,35.0,213.51201906961202
817.7466892563366,277.3891209320842,279.4310235458634,401.98475506712253,0.0,0.0,65.0,35.0,55.0
831.8340890025381,282.07908755566433,284.06947159668454,408.20445689800323,0.0,0.0,65.0,35.0,55.0
827.7232589803585,280.710513088653,282.71593071283354,406.38949193100973,0.0,0.0,65.0,35.0,55.0
851.5715907168552,288.6500819152134,290.56828457879914,416.91872480842085,0.0,0.0,65.0,35.0,55.0
856.9097698736606,290.42726454133,292.3259451230379,419.27557442391526,0.0,0.0,65.0,35.0,55.0
844.7055926339542,286.36425895096806,288.3075710334793,413.8873306820096,0.0,0.0,65.0,35.0,55.0
823.1916519885266,279.2018538665276,281.22384388367846,404.3887505016676,0.0,0.0,65.0,35.0,55.0
809.044358461335,274.4919474500216,276.5656750755356,398.1426050782153,0.0,0.0,65.0,35.0,55.0
806.1075822129253,273.51423809030257,275.5987057049953,396.8459944234317,0.0,0.0,65.0,35.0,55.0
856.8761846918845,290.41608338764553,292.3148867926326,419.26074629236894,0.0,0.0,65.0,35.0,55.0
973.3216004597381,329.1830044134651,330.65595906475943,470.6723466371569,0.0,0.0,65.0,35.0,55.0
995.0132750188166,336.40458053996576,337.79820727168874,480.2493977892936,0.0,0.0,65.0,35.0,55.0
972.9450624165625,329.0576476487805,330.5319793251415,470.5061020214913,0.0,0.0,65.0,35.0,55.0
885.6022711585891,299.97955068339314,301.7733008491466,431.9435476474717,0.0,0.0,65.0,35.0,55.0
779.5913486038723,264.68647336082904,266.8679126335349,385.1388611200869,0.0,0.0,65.0,35.0,55.0
692.1681990966966,235.58162358701156,238.0827752246571,346.54082792395,0.0,0.0,65.0,35.0,55.0
624.8235671352135,213.1612989091513,215.90873441636424,316.8076239078033,0.0,0.0,65.0,35.0,55.0
579.2622522539995,197.99305991764155,200.90711623195818,296.6919319639847,0.0,0.0,65.0,35.0,55.0
544.2330778514915,186.33117328426002,189.37333365629183,281.22626590135576,0.0,0.0,65.0,35.0,55.0
522.6480689573445,179.14510821142602,182.26620641948517,271.69630850984345,0.0,0.0,65.0,35.0,55.0
517.5,171.0,167.85,228.5543491409348,0.0,0.0,65.0,35.0,55.0
0.0,0.0,373.0,485.0,0.0,0.0,297.0,35.0,82.1298517919811
0.0,0.0,373.0,485.0,250.0,0.0,297.0,35.0,106.57762027513424
0.0,0.0,373.0,485.0,250.0,573.0,74.8323164423974,35.0,55.0
0.0,0.0,373.0,485.0,250.0,573.0,248.6540310963326,35.0,55.0
0.0,0.0,373.0,485.0,250.0,573.0,297.0,35.0,56.760079877672
0.0,0.0,373.0,485.0,250.0,573.0,297.0,35.0,61.15479645267402
0.0,0.0,373.0,485.0,250.0,573.0,297.0,35.0,68.83112732474132
0.0,0.0,373.0,485.0,250.0,573.0,297.0,35.0,104.51980604109177
0.0,0.0,373.0,485.0,250.0,573.0,295.5196021118361,35.0,55.0
0.0,0.0,373.0,485.0,250.0,573.0,256.7332562603237,35.0,55.0
0.0,0.0,373.0,485.0,250.0,573.0,206.85063682182968,35.0,55.0
0.0,0.0,373.0,485.0,250.0,573.0,146.08507643165416,35.0,55.0
0.0,0.0,373.0,485.0,250.0,573.0,236.19691981758194,35.0,55.0
0.0,380.0,373.0,485.0,250.0,573.0,107.38580800850823,35.0,55.0
0.0,380.0,373.0,485.0,250.0,573.0,148.82760297787397,35.0,55.0
0.0,380.0,373.0,485.0,250.0,573.0,94.22603889713405,35.0,55.0
0.0,380.0,373.0,485.0,250.0,413.949149829458,65.0,35.0,55.0
0.0,380.0,373.0,485.0,244.07292449076164,194.62970987444012,65.0,35.0,55.0
0.0,354.4620762567013,355.6573441339602,485.0,155.74330991517468,143.25,65.0,35.0,55.0
0.0,380.0,373.0,485.0,234.57350702648915,0.0,65.0,35.0,55.0
0.0,363.91142414160527,365.0028923640678,485.0,161.25542951470194,0.0,65.0,35.0,55.0
0.0,336.8375333364111,338.226404147264,480.82356761114204,145.46232654500537,0.0,65.0,35.0,55.0
0.0,323.40598356830486,324.94239791827715,463.0110240710167,137.62725584694337,0.0,65.0,35.0,55.0
0.0,304.55432986331584,306.29782677292627,438.01049113022077,126.63045785236646,0.0,65.0,35.0,55.0
0.0,313.82784831165134,315.4694770261853,450.30877047869694,132.04001028056217,0.0,65.0,35.0,55.0
0.0,380.0,373.0,485.0,250.0,0.0,69.30950275677279,35.0,55.0
0.0,380.0,373.0,485.0,250.0,0.0,297.0,35.0,141.9460431942289
864.7284321167748,293.0302477477332,294.9003349533102,422.7275775433446,119.90807661827658,0.0,65.0,35.0,55.0
896.5073211371188,303.61005179425763,305.36392145538423,436.7582161128565,126.07962897874918,0.0,65.0,35.0,55.0
912.5876584952682,308.96350572218813,310.6585685030458,443.85781614618617,129.20247710337532,0.0,65.0,35.0,55.0
938.9331330196096,317.73442146445336,319.33313706480885,455.48955792157307,134.31884461969668,0.0,65.0,35.0,55.0
962.8136613632665,325.6847091614721,327.19609205606486,466.0330058635178,138.95651244295757,0.0,65.0,35.0,55.0
947.9864098505375,320.7484316392219,322.3140387944758,459.48665344631496,136.077017221645,0.0,65.0,35.0,55.0
925.5805129661968,313.28907714853455,314.9366241826634,449.5942673151104,131.72572710207737,0.0,65.0,35.0,55.0
897.8535423618982,304.05823476101654,305.8071812001598,437.35258375822616,126.34106904269186,0.0,65.0,35.0,55.0
865.8818778704294,293.41425204832876,295.28012102484627,423.2368332466735,120.13207912695734,0.0,65.0,35.0,55.0
884.8841666136797,299.7404798535351,301.5368561761317,431.62649863678104,123.82237867999434,0.0,65.0,35.0,55.0
976.4676693265809,330.23039131571835,331.6918405805865,472.0613616891686,141.60816036626792,0.0,65.0,35.0,55.0
993.8124384334446,336.0047989189972,337.4028171912535,479.7192186474232,144.97656480151392,0.0,65.0,35.0,55.0
970.2301618805042,328.1538049858443,329.6380652369118,469.3074513024802,140.39681834050808,0.0,65.0,35.0,55.0
882.6237820809081,298.9879543196434,300.79259702121084,430.62852043851456,123.38340545189087,0.0,65.0,35.0,55.0
774.4955203829478,262.98997402765167,265.19004908848717,382.88901141847083,112.5,0.0,65.0,35.0,55.0
735.1910514860436,249.90475953775066,252.24857369714945,365.5357679836216,0.0,0.0,65.0,35.0,55.0
610.215519804797,208.29799867989465,211.0988568032623,310.35805192408213,0.0,0.0,65.0,35.0,55.0
567.1722814620134,193.9680758527319,196.92634600715553,291.3541112997784,0.0,0.0,65.0,35.0,55.0
534.2705895299242,183.01446909770098,186.0930629626912,276.8277460914464,0.0,0.0,65.0,35.0,55.0
517.5,172.34025284543745,175.5361013586533,262.6719007100266,0.0,0.0,65.0,35.0,55.0
0.0,306.2657868838385,307.9904836973901,440.2801772961092,0.0,0.0,65.0,35.0,55.0
0.0,336.4373370318347,337.8306039384576,480.2928385275339,0.0,0.0,65.0,35.0,55.0
0.0,380.0,373.0,485.0,0.0,0.0,271.160224344121,35.0,55.0
804.975387326904,273.1373086127203,275.22591674061374,396.3461211514036,0.0,0.0,65.0,35.0,55.0
892.8150119685108,302.38081097787637,304.14818366312227,435.1280315145696,0.0,0.0,65.0,35.0,55.0
928.5580520136779,314.2803572289382,315.9170152015777,450.9088750779895,0.0,0.0,65.0,35.0,55.0
953.5399787781182,322.59732166728605,324.14261904571646,461.93859940150156,0.0,0.0,65.0,35.0,55.0
993.3012480092723,335.83461378399323,337.234501514172,479.49352390783787,0.0,0.0,65.0,35.0,55.0
1037.7093083218126,350.61891212406874,351.85639657702694,485.0,0.0,0.0,65.0,35.0,55.0
1040.703963610533,351.61589053074835,352.8424233269665,485.0,0.0,0.0,65.0,35.0,55.0
1002.2551875754159,338.81555267061,340.18269523877666,483.4467612203628,0.0,0.0,65.0,35.0,55.0
951.3085694881177,321.85444254962124,323.4079003426018,460.9534140091297,0.0,0.0,65.0,35.0,55.0
907.7189680258933,307.34262491996145,309.0554928308436,441.7082496135457,0.0,0.0,65.0,35.0,55.0
933.5629283768916,315.94657693743665,317.5649317390359,453.11856879297085,0.0,0.0,65.0,35.0,55.0
987.1916563704982,333.80061308934546,335.22284400897297,476.7960893928655,0.0,0.0,65.0,35.0,55.0
972.4613557533316,328.89661238698443,330.372713011297,470.2925415864141,0.0,0.0,65.0,35.0,55.0
945.4886603659108,319.9168827424767,321.491624336369,458.3838766867641,0.0,0.0,65.0,35.0,55.0
856.1333792229246,290.1687891445632,292.07030903934174,418.93279162234376,0.0,0.0,65.0,35.0,55.0
752.0294255211861,255.5105784711894,257.79281355897086,372.97004738949056,0.0,0.0,65.0,35.0,55.0
665.6464787249716,226.75203220859876,229.35017556971928,334.8312721701565,0.0,0.0,65.0,35.0,55.0
652.7164885189236,222.447389506461,225.09281871544593,329.12257608665743,0.0,0.0,65.0,35.0,55.0
606.5289891352243,207.07068163710522,209.8850216522308,308.73041858022657,0.0,0.0,65.0,35.0,55.0
570.3881468103677,195.03869934758777,197.98520886513606,292.77394206737046,0.0,0.0,65.0,35.0,55.0
544.5674455845412,186.44249074072877,189.48342830736755,281.3738919813211,0.0,0.0,65.0,35.0,55.0
526.3803560276385,180.3876584410394,183.49510742309144,273.3441436776315,0.0,0.0,65.0,35.0,55.0
620.0557784918495,211.57401026763387,214.3388819000756,314.70260635391594,0.0,0.0,65.0,35.0,55.0
803.6090482705829,272.68242803247927,274.77603295462535,395.74287131940423,0.0,0.0,65.0,35.0,55.0
986.2935038918695,333.5016008355908,334.92711635952094,476.39954775165575,0.0,0.0,65.0,35.0,55.0
1105.916205718964,373.3263015680893,373.0,485.0,0.0,0.0,65.0,35.0,55.0
1150.0,380.0,373.0,485.0,0.0,0.0,110.25212364941292,35.0,55.0
1150.0,380.0,373.0,485.0,0.0,0.0,125.87072368367969,35.0,55.0
1150.0,380.0,373.0,485.0,0.0,0.0,242.7208776470143,35.0,55.0
1150.0,380.0,373.0,485.0,0.0,0.0,207.9415913269223,35.0,55.0
1150.0,380.0,373.0,485.0,0.0,0.0,190.50874894306534,35.0,55.0
1150.0,380.0,373.0,485.0,0.0,0.0,85.01282515421536,35.0,55.0
1083.7368656018682,365.94237218749095,367.01153075338885,485.0,0.0,0.0,65.0,35.0,55.0
1061.6714383113022,358.596366580197,359.7462199046599,485.0,0.0,0.0,65.0,35.0,55.0
1141.1666909757378,380.0,373.0,485.0,0.0,0.0,65.0,35.0,55.0
1150.0,380.0,373.0,485.0,0.0,0.0,224.98217707312267,35.0,55.0
1150.0,380.0,373.0,485.0,0.0,0.0,178.4353463994395,35.0,55.0
1150.0,380.0,373.0,485.0,0.0,0.0,68.20811382526851,35.0,55.0
993.138740116812,335.78051177755924,337.18099381008136,479.421775348524,0.0,0.0,65.0,35.0,55.0
858.7120406387685,291.0272751811423,292.9193647368826,420.0712916591351,0.0,0.0,65.0,35.0,55.0
750.795238450093,255.0996938313721,257.3864424246667,372.42514373629535,0.0,0.0,65.0,35.0,55.0
666.5604455604853,227.05630936626042,229.65111028890664,335.23479597885233,0.0,0.0,65.0,35.0,55.0
609.6663503819394,208.11516960495572,210.9180360780102,310.1155891469658,0.0,0.0,65.0,35.0,55.0
572.936623775797,195.88713639943253,198.82432596451739,293.8991154232349,0.0,0.0,65.0,35.0,55.0
577.0759293728917,197.26519093362057,200.1872427784435,295.7266525886913,0.0,0.0,65.0,35.0,55.0
603.269364993567,205.9854899973982,208.81175067826297,307.291267948662,0.0,0.0,65.0,35.0,55.0
668.3388402434272,227.64837119859388,230.23666841171826,336.01997172915395,0.0,0.0,65.0,35.0,55.0
851.5693242404893,288.64932736159096,290.56753831383395,416.9177241406286,0.0,0.0,65.0,35.0,55.0
1044.3371631609195,352.8254526170882,354.03869855705494,485.0,0.0,0.0,65.0,35.0,55.0
1150.0,380.0,373.0,485.0,0.0,0.0,117.91026098980696,35.0,55.0
1150.0,380.0,373.0,485.0,0.0,0.0,155.75072976486186,35.0,55.0
1150.0,380.0,373.0,485.0,0.0,0.0,80.43372165212583,35.0,55.0
1119.8856061172994,377.97698393672766,373.0,485.0,0.0,0.0,65.0,35.0,55.0
1150.0,380.0,373.0,485.0,0.0,0.0,105.41060828463837,35.0,55.0
1150.0,380.0,373.0,485.0,0.0,0.0,72.49374009567698,35.0,55.0
1128.3203280015093,380.0,373.0,485.0,0.0,0.0,65.0,35.0,55.0
1063.0666184864679,359.0608489242273,360.2055999805171,485.0,0.0,0.0,65.0,35.0,55.0
1008.4357271379066,340.87317329514104,342.21771321250793,485.0,0.0,0.0,65.0,35.0,55.0
1028.6154830186417,347.59140258214353,348.86214376870623,485.0,0.0,0.0,65.0,35.0,55.0
1097.0305910423263,370.36810935276156,371.3886518664652,485.0,0.0,0.0,65.0,35.0,55.0
1061.3786042272977,358.4988764752116,359.64980071370655,485.0,0.0,0.0,65.0,35.0,55.0
1023.589805557138,345.91825778750626,347.20737821613125,485.0,0.0,0.0,65.0,35.0,55.0
918.5169003067383,310.9374644867521,312.6108436296657,446.4756247421607,0.0,0.0,65.0,35.0,55.0
801.0049127486541,271.8154611754893,273.9185895972008,394.59312425710704,0.0,0.0,65.0,35.0,55.0
707.0261284805397,240.52811436324748,242.97492954918437,353.100724871341,0.0,0.0,65.0,35.0,55.0
636.0718814906227,216.90607934051732,219.6123790020827,321.77384639393136,0.0,0.0,65.0,35.0,55.0
590.7056752486928,201.8027957717755,204.67500271496718,301.7442965049163,0.0,0.0,65.0,35.0,55.0
558.004383930383,190.9159062397171,193.9077040148897,287.3064098012685,0.0,0.0,65.0,35.0,55.0
545.5334413748704,186.7640893392483,189.8014941940094,281.8003869977171,0.0,0.0,65.0,35.0,55.0
517.5,176.4468674682442,179.59760544204286,268.1179775242566,0.0,0.0,65.0,35.0,55.0
0.0,347.4958407294098,348.76763164844573,485.0,0.0,0.0,65.0,35.0,55.0
0.0,380.0,373.0,485.0,0.0,0.0,295.3833743347471,35.0,55.0
0.0,380.0,373.0,485.0,250.0,0.0,297.0,35.0,125.0918635246931
867.9898088662488,294.1160228643283,295.9741829947609,424.16750196554784,120.54144543629039,0.0,65.0,35.0,55.0
905.741570617017,306.68431124843494,308.4044106352543,440.83521253743925,127.87294699368594,0.0,65.0,35.0,55.0
923.5064421412993,312.598579035401,314.2537110866817,448.67854813773215,131.3229365360828,0.0,65.0,35.0,55.0
950.4321817076583,321.562676182959,323.1193389852703,460.5664816595913,136.55199320549164,0.0,65.0,35.0,55.0
965.0144542722344,326.4173954963831,327.92072994259996,467.00467387407366,139.38391280498902,0.0,65.0,35.0,55.0
939.3863439876758,317.885304122145,319.48236229936674,455.68965425862893,134.40685950335012,0.0,65.0,35.0,55.0
910.8150640765739,308.37337490950483,310.074920187926,443.07520125983467,128.85823412931003,0.0,65.0,35.0,55.0
879.3130374901291,297.885743698117,299.7024940163602,429.1667997119199,122.74044925600045,0.0,65.0,35.0,55.0
848.1387014851916,287.50720699088316,289.4379639623498,415.4030762271313,116.68630284344738,0.0,65.0,35.0,55.0
874.9917830671701,296.44711489643623,298.2796683340919,427.25893065656595,121.90124912168669,0.0,65.0,35.0,55.0
985.0352356108239,333.08269909730484,334.51281619336004,475.8440120479522,143.27200657219336,0.0,65.0,35.0,55.0
1001.7934589211143,338.6618343111655,340.03066545222,483.24290425539635,146.52650211361208,0.0,65.0,35.0,55.0
979.0528175954986,331.09103695058786,332.54303215355776,473.2027257244741,142.11020365327514,0.0,65.0,35.0,55.0
892.6912163777871,302.33959704208263,304.1074224561687,435.07337475206185,125.33853037331376,0.0,65.0,35.0,55.0
786.0436812594959,266.83457913934717,268.99242179554665,387.9876185880827,112.5,0.0,65.0,35.0,55.0
747.1659057983195,253.89141911003628,256.19144041807283,370.82276378358637,0.0,0.0,65.0,35.0,55.0
622.1044218991799,212.2560431038631,215.01342270893716,315.60709911914967,0.0,0.0,65.0,35.0,55.0
578.0825900963149,197.6003276713565,200.5186980898937,296.1711015045559,0.0,0.0,65.0,35.0,55.0
544.9531190048203,186.57088884834963,189.61041598123043,281.5441699404511,0.0,0.0,65.0,35.0,55.0
523.5556841330148,179.44727077922676,182.56504977726084,272.0970280089386,0.0,0.0,65.0,35.0,55.0
517.5,171.0,167.85,230.8978036588463,0.0,0.0,65.0,35.0,55.0
0.0,0.0,373.0,485.0,0.0,0.0,266.3918236710125,35.0,55.0
0.0,0.0,373.0,485.0,250.0,0.0,292.04234447176214,35.0,55.0
0.0,0.0,373.0,485.0,250.0,548.1980949812371,65.0,35.0,55.0
0.0,0.0,373.0,485.0,250.0,573.0,240.2150218810375,35.0,55.0
0.0,0.0,373.0,485.0,250.0,573.0,297.0,35.0,97.6850506878956
0.0,0.0,373.0,485.0,250.0,573.0,297.0,35.0,167.3658709673256
0.0,380.0,373.0,485.0,250.0,573.0,118.79334694672288,35.0,55.0
0.0,380.0,373.0,485.0,250.0,573.0,186.44716526481974,35.0,55.0
0.0,380.0,373.0,485.0,250.0,573.0,177.31575838579366,35.0,55.0
0.0,380.0,373.0,485.0,250.0,573.0,90.01539471083304,35.0,55.0
0.0,380.0,373.0,485.0,250.0,509.20540621724024,65.0,35.0,55.0
0.0,380.0,373.0,485.0,250.0,422.3485809234955,65.0,35.0,55.0
0.0,380.0,373.0,485.0,250.0,466.3574364982692,65.0,35.0,55.0
0.0,380.0,373.0,485.0,250.0,573.0,69.00252773473093,35.0,55.0
0.0,380.0,373.0,485.0,250.0,573.0,103.43266348464304,35.0,55.0
0.0,380.0,373.0,485.0,250.0,564.6221128377666,65.0,35.0,55.0
0.0,380.0,373.0,485.0,250.0,383.4754564293159,65.0,35.0,55.0
0.0,380.0,373.0,485.0,241.3526492774695,175.06522638148638,65.0,35.0,55.0
0.0,346.94157692820716,348.2194563511199,485.0,151.35635197355305,143.25,65.0,35.0,55.0
0.0,350.1493880616399,351.39203016528387,485.0,153.22757513472214,0.0,65.0,35.0,55.0
0.0,323.85389875548213,325.3853928249892,463.6050365946366,137.8885397061301,0.0,65.0,35.0,55.0
0.0,306.0090866576859,307.7366032843278,439.9397486758795,127.47906598241566,0.0,65.0,35.0,55.0
0.0,296.15837084064503,297.9940960880045,426.87600641070225,121.73281508914181,0.0,65.0,35.0,55.0
0.0,277.35861465035055,279.40085237101243,401.94429849427655,112.5,0.0,65.0,35.0,55.0
0.0,329.06146870334845,330.53575840600394,470.51116939659215,0.0,0.0,65.0,35.0,55.0
0.0,380.0,373.0,485.0,0.0,0.0,277.0752628879007,35.0,55.0
828.2758951664575,280.89449631582636,282.89789291213265,406.63348531235874,0.0,0.0,65.0,35.0,55.0
933.1157237474838,315.79769390553446,317.4176841646811,452.9211243033974,0.0,0.0,65.0,35.0,55.0
967.8374882686409,327.35723787034203,328.8502482904813,468.25106639735117,0.0,0.0,65.0,35.0,55.0
983.0455218119686,332.4202850624064,333.85767867626924,474.9655371852647,0.0,0.0,65.0,35.0,55.0
1008.4115338241802,340.8651188751675,342.2097472691175,485.0,0.0,0.0,65.0,35.0,55.0
1024.566271702493,346.24334216881704,347.52889159476854,485.0,0.0,0.0,65.0,35.0,55.0
980.6593297347935,331.6258757746015,333.0719958541259,473.9120139305391,0.0,0.0,65.0,35.0,55.0
944.7456727239487,319.6695278504942,321.246986600397,458.05584158587334,0.0,0.0,65.0,35.0,55.0
911.1722712813263,308.4922960658696,310.1925350134065,443.2329111527481,0.0,0.0,65.0,35.0,55.0
868.2538237432067,294.2039185003838,296.06111311057185,424.2840666860199,0.0,0.0,65.0,35.0,55.0
884.0566740708151,299.46499165292926,301.26439417166887,431.26115393324324,0.0,0.0,65.0,35.0,55.0
950.7039141321318,321.65314113918123,323.2088101976552,460.68645374020633,0.0,0.0,65.0,35.0,55.0
974.576341663895,329.6007319199422,331.06909789786994,471.2263251076608,0.0,0.0,65.0,35.0,55.0
948.0065656863516,320.7551419050581,322.3206753490585,459.49555241214074,0.0,0.0,65.0,35.0,55.0
855.9679096589433,290.1137011406539,292.0158261688087,418.85973546090935,0.0,0.0,65.0,35.0,55.0
749.4553822934427,254.6536299183506,256.9452784561443,371.8335863203938,0.0,0.0,65.0,35.0,55.0
664.2310930452277,226.2808230630442,228.88414258523335,334.2063678540793,0.0,0.0,65.0,35.0,55.0
655.3743828806572,223.3322537163301,225.96796282603992,330.29605811497987,0.0,0.0,65.0,35.0,55.0
612.2475424618852,208.9744981483414,211.7679250275481,311.2552064925887,0.0,0.0,65.0,35.0,55.0
579.2202766584497,197.97908543365727,200.89329525556315,296.6733993963572,0.0,0.0,65.0,35.0,55.0
562.013913631848,192.25075587945943,195.22789053358943,289.0766498508487,0.0,0.0,65.0,35.0,55.0
531.7545297392334,182.17682434750824,185.26461961316346,275.71688518249937,0.0,0.0,65.0,35.0,55.0
556.2939178453887,190.34645914558232,193.34451221080414,286.5512250807265,0.0,0.0,65.0,35.0,55.0
721.794882824979,245.444917051831,247.83772190520392,359.6212503118649,0.0,0.0,65.0,35.0,55.0
901.9505819629642,305.4222181313093,307.156181419794,439.16146014187615,0.0,0.0,65.0,35.0,55.0
1010.7667576564718,341.6492182379677,342.9852334192202,485.0,0.0,0.0,65.0,35.0,55.0
1070.3987623647165,361.50186079922184,362.61979770991513,485.0,0.0,0.0,65.0,35.0,55.0
1099.2163567824655,371.09579285382654,372.10834187452605,485.0,0.0,0.0,65.0,35.0,55.0
1149.9274811623434,380.0,373.0,485.0,0.0,0.0,65.0,35.0,55.0
1150.0,380.0,373.0,485.0,0.0,0.0,89.48721799325763,35.0,55.0
1090.137145281132,368.0731485279167,369.1189008385599,485.0,0.0,0.0,65.0,35.0,55.0
1038.108739413479,350.75189042539375,351.9879141318602,485.0,0.0,0.0,65.0,35.0,55.0
1001.9024093527408,338.6981060076573,340.0665387096215,483.29100675914236,0.0,0.0,65.0,35.0,55.0
968.5939395988304,327.6090750833741,329.09931910988536,468.58504582635265,0.0,0.0,65.0,35.0,55.0
986.3541343200218,333.52178587254093,334.94707966689845,476.4263165799548,0.0,0.0,65.0,35.0,55.0
1047.5774250640977,353.9041981947923,355.10559427803423,485.0,0.0,0.0,65.0,35.0,55.0
1076.0814091688924,363.393723337755,364.4908784251083,485.0,0.0,0.0,65.0,35.0,55.0
1046.3583894586354,353.4983577696197,354.7042119484412,485.0,0.0,0.0,65.0,35.0,55.0
943.0799746267857,319.1149848815008,320.6985352018963,457.32042229691524,0.0,0.0,65.0,35.0,55.0
829.6499623118643,281.3519497257257,283.3503212656354,407.24014715869015,0.0,0.0,65.0,35.0,55.0
734.940871499261,249.82146980302053,252.16619888753567,365.42531147994634,0.0,0.0,65.0,35.0,55.0
664.0575422463681,226.22304466044255,228.82699886962996,334.12974376156654,0.0,0.0,65.0,35.0,55.0
616.9959683064253,210.55534054130632,213.33140210634787,313.3516752129464,0.0,0.0,65.0,35.0,55.0
580.9291213656454,198.5479927399038,201.4559532012486,297.4278682653833,0.0,0.0,65.0,35.0,55.0
560.4646233491502,191.73496731329425,194.71776782667376,288.39262556095383,0.0,0.0,65.0,35.0,55.0
527.9692474542671,180.9166309905257,184.018269289269,274.0456521954073,0.0,0.0,65.0,35.0,55.0
574.4720624077398,196.39831348435263,199.32988784661072,294.5770240964004,0.0,0.0,65.0,35.0,55.0
749.8041317232356,254.76973531857982,257.0601084561437,371.9875620367134,0.0,0.0,65.0,35.0,55.0
933.673891209754,315.983518601048,317.6014676040697,453.1675597882679,0.0,0.0,65.0,35.0,55.0
1035.1079850023793,349.75288150343755,350.99987917154664,485.0,0.0,0.0,65.0,35.0,55.0
1061.9557830492936,358.6910304184351,359.83984387497793,485.0,0.0,0.0,65.0,35.0,55.0
1051.4264402762599,355.18560947039407,356.37292944492674,485.0,0.0,0.0,65.0,35.0,55.0
1035.4626534770057,349.870957467661,351.11665808919344,485.0,0.0,0.0,65.0,35.0,55.0
1032.0869190385986,348.7471104745018,350.00515638497427,485.0,0.0,0.0,65.0,35.0,55.0
1008.6065603642593,340.9300469655293,342.2739621342442,485.0,0.0,0.0,65.0,35.0,55.0
979.1575390284174,331.1259007319819,332.57751296159563,473.24896109081504,0.0,0.0,65.0,35.0,55.0
952.4845530269839,322.2459501128711,323.7951072545887,461.4726203283615,0.0,0.0,65.0,35.0,55.0
920.8328967827088,311.70850430732366,313.37341369463246,447.4981560667077,0.0,0.0,65.0,35.0,55.0
956.7681671068888,323.67204771959723,325.2055393951803,463.36387086540645,0.0,0.0,65.0,35.0,55.0
1069.7750018849165,361.2941989252015,362.414416970117,485.0,0.0,0.0,65.0,35.0,55.0
1095.0930658482712,369.72306990927484,370.750698083532,485.0,0.0,0.0,65.0,35.0,55.0
1058.2350247718157,357.4523183459331,358.61473886690874,485.0,0.0,0.0,65.0,35.0,55.0
946.2197582581837,320.1602793078544,321.73234722735435,458.7066623662397,0.0,0.0,65.0,35.0,55.0
828.2533681569009,280.88699664059504,282.89047561969744,406.62353945399536,0.0,0.0,65.0,35.0,55.0
733.4871785446841,249.33750742808064,251.6875527659569,364.78349418974284,0.0,0.0,65.0,35.0,55.0
661.9478298990658,225.52068079823508,228.13235036803005,333.1982885614906,0.0,0.0,65.0,35.0,55.0
615.1534768818996,209.9419396695387,212.72473935021708,312.53820022870775,0.0,0.0,65.0,35.0,55.0
579.6551269998063,198.12385548518967,201.0364750300143,296.8653893670417,0.0,0.0,65.0,35.0,55.0
559.7520575743127,191.49774044664028,194.48314686120654,288.07802196240294,0.0,0.0,65.0,35.0,55.0
523.9757133642947,179.58710659783924,182.7033495205931,272.2824743387,0.0,0.0,65.0,35.0,55.0
569.1103718160281,194.61330344885107,197.56448587589304,292.2097939907255,0.0,0.0,65.0,35.0,55.0
717.0809360234172,243.87555339615577,246.28559747150388,357.5400043700612,0.0,0.0,65.0,35.0,55.0
874.7923949759451,296.3807347617178,298.2140173750958,427.1708991888437,0.0,0.0,65.0,35.0,55.0
959.0855117285835,324.44353636383846,325.96855335355673,464.386997407281,0.0,0.0,65.0,35.0,55.0
985.848562521368,333.3534712861568,334.7806139907436,476.2031025093399,0.0,0.0,65.0,35.0,55.0
994.5094162383953,336.23683625033476,337.6323056276635,480.02694003019315,0.0,0.0,65.0,35.0,55.0
1005.3816051951095,339.85639729430926,341.21210634198826,484.8271000865577,0.0,0.0,65.0,35.0,55.0
1010.9816799924652,341.7207700218761,343.05599921762354,485.0,0.0,0.0,65.0,35.0,55.0
991.3051597217432,335.1700775590767,336.5772651189988,478.61223465643485,0.0,0.0,65.0,35.0,55.0
975.7772750332842,330.0005457621736,331.4645198456223,471.7565469804638,0.0,0.0,65.0,35.0,55.0
961.0389081586711,325.09385964739556,326.6117329343778,465.24943785559213,0.0,0.0,65.0,35.0,55.0
936.7423607573149,317.00507119576395,318.6117985983134,454.5223141082135,0.0,0.0,65.0,35.0,55.0
970.8590075694952,328.3631598239184,329.8451203438101,469.58509180062924,0.0,0.0,65.0,35.0,55.0
1059.482209042063,357.86753000360557,359.0253894874325,485.0,0.0,0.0,65.0,35.0,55.0
1081.1697684121643,365.0877361044591,366.16628271823885,485.0,0.0,0.0,65.0,35.0,55.0
1046.602967909207,353.57978264508955,354.7847423839911,485.0,0.0,0.0,65.0,35.0,55.0
938.9389904201074,317.7363715058613,319.3350656853074,455.4921440116434,0.0,0.0,65.0,35.0,55.0
821.0690123948536,278.4951862750936,280.52493892866556,403.45158781693385,0.0,0.0,65.0,35.0,55.0
726.7191244192334,247.084291893148,249.45908846227917,361.7953431190021,0.0,0.0,65.0,35.0,55.0
658.0216749498178,224.2135882188581,226.8396160025932,331.46485914469963,0.0,0.0,65.0,35.0,55.0
613.8751374919062,209.51635587262172,212.30383052682683,311.9738029667807,0.0,0.0,65.0,35.0,55.0
580.1610868881755,198.2922992741126,201.2030684894377,297.08877478242977,0.0,0.0,65.0,35.0,55.0
561.0718125450528,191.93711228783073,194.917692269293,288.6607045408567,0.0,0.0,65.0,35.0,55.0
526.2360584020124,180.33961898306697,183.44759567128614,273.2804350995782,0.0,0.0,65.0,35.0,55.0
571.5700235869873,195.432168883158,198.37435619747464,293.29575029911297,0.0,0.0,65.0,35.0,55.0
728.1647809236325,247.5655787790846,249.93508848469602,362.43361225093753,0.0,0.0,65.0,35.0,55.0
894.4302485479947,302.9185543360151,304.68001999194814,435.84117163210124,0.0,0.0,65.0,35.0,55.0
1002.3043395786406,338.83191631888855,340.1988791348582,483.4684622304822,0.0,0.0,65.0,35.0,55.0
1056.3772215153383,356.8338198704848,358.00303450350134,485.0,0.0,0.0,65.0,35.0,55.0
1086.4638868392542,366.8502500652791,367.9094357302468,485.0,0.0,0.0,65.0,35.0,55.0
1150.0,380.0,373.0,485.0,0.0,0.0,68.43089874165084,35.0,55.0
1150.0,380.0,373.0,485.0,0.0,0.0,96.33872737039776,35.0,55.0
1111.2622077529793,375.106088580656,373.0,485.0,0.0,0.0,65.0,35.0,55.0
1053.4560439675888,355.86130361856317,357.0412011952561,485.0,0.0,0.0,65.0,35.0,55.0
1003.3921441757266,339.19406741456436,340.5570520556194,483.9487368280679,0.0,0.0,65.0,35.0,55.0
961.9701487845858,325.4038875824827,326.91835525957197,465.660588183569,0.0,0.0,65.0,35.0,55.0
983.5435524776738,332.58608906043,334.0216613424964,475.18542178420614,0.0,0.0,65.0,35.0,55.0
1053.8340280339864,355.98714179222105,357.1656570556427,485.0,0.0,0.0,65.0,35.0,55.0
1071.3166607149935,361.8074468338483,362.92202692825214,485.0,0.0,0.0,65.0,35.0,55.0
1039.5727084474715,351.2392739050335,352.46994377782204,485.0,0.0,0.0,65.0,35.0,55.0
938.3497361137134,317.54019740137244,319.14104652363295,455.2319834316669,0.0,0.0,65.0,35.0,55.0
825.3693873295128,279.92686389309193,281.940889784951,405.3502384079903,0.0,0.0,65.0,35.0,55.0
732.2596350834654,248.92883457391093,251.28336912117007,364.241523744467,0.0,0.0,65.0,35.0,55.0
661.2280533884839,225.28105333881152,227.89535517994108,332.8805013643254,0.0,0.0,65.0,35.0,55.0
613.9210669781273,209.53164668294127,212.3189533699118,311.99408120937244,0.0,0.0,65.0,35.0,55.0
579.1548911765958,197.957317347773,200.8717662888041,296.6445311730849,0.0,0.0,65.0,35.0,55.0
560.3269451718777,191.68913159713395,194.6724356089107,288.33183952331154,0.0,0.0,65.0,35.0,55.0
528.0348371927645,180.93846707737944,184.03986551001714,274.0746105996528,0.0,0.0,65.0,35.0,55.0
578.817403170208,197.84496109223022,200.76064424970477,296.4955274670037,0.0,0.0,65.0,35.0,55.0
752.0031074989721,255.50181669484985,257.7841480294169,372.958427768134,0.0,0.0,65.0,35.0,55.0
931.7657181110696,315.3482510352748,316.97317835625387,452.3250858094398,0.0,0.0,65.0,35.0,55.0
1053.5800626748896,355.9025918341615,357.0820358660619,485.0,0.0,0.0,65.0,35.0,55.0
1096.530379064225,370.2015791538408,371.22395097654777,485.0,0.0,0.0,65.0,35.0,55.0
1119.4786330744246,377.84149477462773,373.0,485.0,0.0,0.0,65.0,35.0,55.0
1150.0,380.0,373.0,485.0,0.0,0.0,74.29037124293444,35.0,55.0
1150.0,380.0,373.0,485.0,0.0,0.0,112.83310847661062,35.0,55.0
1150.0,380.0,373.0,485.0,0.0,0.0,71.49317682521853,35.0,55.0
1077.6770099560283,363.9249295625406,365.01624943000047,485.0,0.0,0.0,65.0,35.0,55.0
1002.2271474386905,338.80621756919084,340.1734626820322,483.4343812714105,0.0,0.0,65.0,35.0,55.0
968.1194390778802,327.4511047236043,328.9430840305828,468.3755499781424,0.0,0.0,65.0,35.0,55.0
992.8329040444944,335.6786930603156,337.08029355601957,479.28674622936694,0.0,0.0,65.0,35.0,55.0
1068.2510429702627,360.7868436592049,361.91263492484535,485.0,0.0,0.0,65.0,35.0,55.0
1075.1008346558858,363.06727120174776,364.1680123163527,485.0,0.0,0.0,65.0,35.0,55.0
1044.0346691288614,352.72474652939684,353.93909871047833,485.0,0.0,0.0,65.0,35.0,55.0
939.3690626445944,317.8795508302868,319.4766722065479,455.68202440477796,0.0,0.0,65.0,35.0,55.0
824.3549230253846,279.58912919308403,281.60686504945073,404.9023441476282,0.0,0.0,65.0,35.0,55.0
730.1447248067029,248.22474022090185,250.58700913794783,363.30777361616,0.0,0.0,65.0,35.0,55.0
605.2309600225029,206.63854275237316,209.45762974767192,308.15732814520106,0.0,0.0,65.0,35.0,55.0
563.1251676376576,192.6207137348097,195.5937844579529,289.56727755354956,0.0,0.0,65.0,35.0,55.0
531.6144390649328,182.1301854646355,185.21849305135257,275.6550340077521,0.0,0.0,65.0,35.0,55.0
517.5,175.7527988591707,178.9111610714781,267.19752325558295,0.0,0.0,65.0,35.0,55.0
0.0,311.77384786308784,313.4380394613371,447.58481285257466,0.0,0.0,65.0,35.0,55.0
0.0,331.56600898719995,333.01278669431315,473.8326202808405,0.0,0.0,65.0,35.0,55.0
0.0,380.0,373.0,485.0,0.0,0.0,290.6065800768379,35.0,55.0
839.2824568269349,284.558792620184,286.52193747678336,411.4929720128643,0.0,0.0,65.0,35.0,55.0
942.6542985442906,318.9732691173906,320.5583761639828,457.1324828363082,0.0,0.0,65.0,35.0,55.0
984.6529214441035,332.95541934987494,334.3869345946709,475.6752172266536,0.0,0.0,65.0,35.0,55.0
1007.416880164207,340.53397952004605,341.88224542963934,485.0,0.0,0.0,65.0,35.0,55.0
1038.9213650983588,351.02242916272013,352.2554810421477,485.0,0.0,0.0,65.0,35.0,55.0
1046.846361973991,353.6608132157257,354.8648828460862,485.0,0.0,0.0,65.0,35.0,55.0
1004.3439229885294,339.5109329075223,340.8704368291471,484.36895493298675,0.0,0.0,65.0,35.0,55.0
968.297039022362,327.5102311647486,329.0015609767296,468.4539618014567,0.0,0.0,65.0,35.0,55.0
935.097255300998,316.45738391341246,318.07012757777557,453.79598663806377,0.0,0.0,65.0,35.0,55.0
902.5398565543663,305.618398989068,307.3502072605546,439.4216296778491,0.0,0.0,65.0,35.0,55.0
925.3899649993442,313.2256400614333,314.8738839423523,449.51013883436485,0.0,0.0,65.0,35.0,55.0
981.6551132136328,331.95739126817784,333.39986970023483,474.35166045424677,0.0,0.0,65.0,35.0,55.0
972.8482283334386,329.0254097180014,330.5000955231475,470.46334898438386,0.0,0.0,65.0,35.0,55.0
946.3694110267281,320.2101015960158,321.7816222252291,458.7727352835475,0.0,0.0,65.0,35.0,55.0
857.4849256371405,290.61874496942016,292.51532216763775,419.52951038226144,0.0,0.0,65.0,35.0,55.0
750.4183541873767,254.9742218035361,257.26234868804556,372.25874626188005,0.0,0.0,65.0,35.0,55.0
663.7869033836238,226.1329437719761,228.73788772577166,334.01025449736983,0.0,0.0,65.0,35.0,55.0
598.6925111870198,204.46176723944214,207.30476578393595,305.27054968176327,0.0,0.0,65.0,35.0,55.0
555.0207593018682,189.92260015221152,192.92530924425446,285.98911520475235,0.0,0.0,65.0,35.0,55.0
521.9873998755799,178.92515875314905,182.04867307268168,271.40461772435503,0.0,0.0,65.0,35.0,55.0
517.5,171.0,172.6122082683441,258.75124815386044,0.0,0.0,65.0,35.0,55.0
0.0,0.0,373.0,485.0,0.0,0.0,261.9649751446551,35.0,55.0
0.0,0.0,373.0,485.0,0.0,0.0,297.0,35.0,126.24489002383294
0.0,0.0,373.0,485.0,250.0,0.0,297.0,35.0,204.31778082578396
0.0,380.0,373.0,485.0,250.0,0.0,297.0,35.0,190.47705566717153
899.761850326764,304.6935472263383,306.4355148543095,438.19511728157283,126.71166798079624,0.0,65.0,35.0,55.0
937.2501351156512,317.1741190566759,318.77898949408655,454.74650062688386,133.99200154849316,0.0,65.0,35.0,55.0
953.7442662405047,322.66533289699976,324.20988318237653,462.0287939815321,137.19520962201543,0.0,65.0,35.0,55.0
979.6409208866424,331.2868278599376,332.7366723294336,473.4623781218344,142.22441501706248,0.0,65.0,35.0,55.0
998.0999721073852,337.43220143404824,338.81453990594986,481.6121997171881,145.809216268627,0.0,65.0,35.0,55.0
965.8653596598734,326.7006782838207,328.20090091153924,467.380355539445,139.54916109766097,0.0,65.0,35.0,55.0
927.2193447813241,313.8346758149372,315.4762295303821,450.31782492153116,132.04399299081226,0.0,65.0,35.0,55.0
886.9030285050575,300.41259784967076,302.20159105791595,432.5178426199376,124.21444751107352,0.0,65.0,35.0,55.0
865.1695666516129,293.17710992827557,295.0455838750512,422.922342036681,119.99374622359296,0.0,65.0,35.0,55.0
891.0809072936144,301.8034941420102,303.5772085652259,434.36241016387993,125.02580368160486,0.0,65.0,35.0,55.0
946.5236011247318,320.2614344485189,321.8323911941252,458.8408114688006,135.79293552706824,0.0,65.0,35.0,55.0
922.9095998268591,312.39987873692894,314.05719348088223,448.4150373903444,131.2070280286408,0.0,65.0,35.0,55.0
881.1954064827424,298.51242058012986,300.3222869477753,429.99788096755816,123.10601077050798,0.0,65.0,35.0,55.0
795.1858812444298,269.87819354426927,272.0026025573843,392.02397441023516,112.5,0.0,65.0,35.0,55.0
744.1349053012767,252.8823406836916,255.1934465653509,369.4845523548988,0.0,0.0,65.0,35.0,55.0
659.8890522173846,224.83527406694242,227.45447272583115,332.2893214315146,0.0,0.0,65.0,35.0,55.0
649.0563424805184,221.22885641541433,223.88767102577816,327.5065917725545,0.0,0.0,65.0,35.0,55.0
603.8730329879689,206.18646269615562,209.01051572237495,307.55779228939696,0.0,0.0,65.0,35.0,55.0
570.2300064939511,194.98605139131487,197.93313923868587,292.70412182848514,0.0,0.0,65.0,35.0,55.0
549.5961758818332,188.11665188318125,191.13919904333096,283.59411740265944,0.0,0.0,65.0,35.0,55.0
517.5,175.0034559240206,178.17004955493383,266.203765730257,0.0,0.0,65.0,35.0,55.0
0.0,380.0,373.0,485.0,0.0,0.0,120.28714740189547,35.0,55.0
0.0,380.0,373.0,485.0,0.0,0.0,297.0,35.0,243.05879630983557
0.0,380.0,373.0,485.0,250.0,573.0,74.56599460367636,35.0,55.0
0.0,380.0,373.0,485.0,250.0,573.0,297.0,35.0,83.44110578442012
0.0,380.0,373.0,485.0,250.0,573.0,297.0,35.0,159.60111664617824
0.0,380.0,373.0,485.0,250.0,573.0,297.0,35.0,181.9542046299543
1004.2254337370181,339.4714855542241,340.831422799048,484.3166409624995,146.99879867206295,143.25,65.0,35.0,55.0
1087.9769669632935,367.35398357241274,368.40763580112775,485.0,163.26358918267297,0.0,65.0,35.0,55.0
1058.5550249586518,357.5588525696251,358.72010282829507,485.0,157.5497627643802,0.0,65.0,35.0,55.0
1011.3127355430594,341.8309847890304,343.1650032922599,485.0,148.37517322569997,0.0,65.0,35.0,55.0
967.9447850612991,327.392959038581,328.8855770670995,468.2984388060119,139.9529915379378,0.0,65.0,35.0,55.0
948.0688926405464,320.7758917481938,322.34119725831124,459.52307027051796,136.0930356185453,0.0,65.0,35.0,55.0
979.6258116958013,331.28179771938426,332.7316974442121,473.45570729090525,142.22148076840637,0.0,65.0,35.0,55.0
1049.8243137878776,354.6522307140134,355.8454097733699,485.0,155.8542333486067,0.0,65.0,35.0,55.0
1022.4288308769825,345.5317469623117,346.8251131537892,485.0,150.53395116011401,0.0,65.0,35.0,55.0
966.9582403625889,327.06451931279923,328.56074520194187,467.8628712790474,139.76140169789846,0.0,65.0,35.0,55.0
859.4887841529065,291.28586805292986,293.17511700515433,420.41423025277527,118.89052179630797,0.0,65.0,35.0,55.0
743.3166687264247,252.60993397305765,254.92403220115952,369.1232942366948,112.5,0.0,65.0,35.0,55.0
706.3808037157186,240.3132733235306,242.76244850573713,352.8158087268728,0.0,0.0,65.0,35.0,55.0
638.7255357471912,217.7895319377352,220.48612700637656,322.9454563812574,0.0,0.0,65.0,35.0,55.0
594.9413211914474,203.21292386203416,206.06964076181012,303.6143687183648,0.0,0.0,65.0,35.0,55.0
563.059485657021,192.59884693877171,195.57215786535625,289.5382784236476,0.0,0.0,65.0,35.0,55.0
547.5902312208348,187.44883428175567,190.47871731707255,282.70847648201885,0.0,0.0,65.0,35.0,55.0
527.2557419825583,180.67909128068973,183.7833389171547,273.73063371302715,0.0,0.0,65.0,35.0,55.0
604.6727722751554,206.45271130356673,209.27383962917435,307.9108837043035,0.0,0.0,65.0,35.0,55.0
778.532327036108,264.3339046898218,266.5192168759592,384.67129446459097,0.0,0.0,65.0,35.0,55.0
958.3421061729927,324.1960423403622,325.72377801442934,464.0587777941163,0.0,0.0,65.0,35.0,55.0
1054.2905870364687,356.139139075035,357.3159846713349,485.0,0.0,0.0,65.0,35.0,55.0
1066.0431276242632,360.051786127866,361.18565188911583,485.0,0.0,0.0,65.0,35.0,55.0
1038.8374918524544,350.99450614420783,352.227864753763,485.0,0.0,0.0,65.0,35.0,55.0
1046.0642808853006,353.40044336259643,354.6073731163435,485.0,0.0,0.0,65.0,35.0,55.0
1060.0102331909181,358.04331940968405,359.19924787351994,485.0,0.0,0.0,65.0,35.0,55.0
1040.8992694281176,351.6809115979691,352.9067301476155,485.0,0.0,0.0,65.0,35.0,55.0
1000.7222313969237,338.3052020422424,339.6779507347358,482.7699485706331,0.0,0.0,65.0,35.0,55.0
962.5481494155677,325.59631512174127,327.10866901146744,465.91578017410916,0.0,0.0,65.0,35.0,55.0
926.6332082377161,313.63953967371117,315.28323693010134,450.0590408592412,0.0,0.0,65.0,35.0,55.0
957.1009341889151,323.78283228852024,325.31510701239927,463.51079024489616,0.0,0.0,65.0,35.0,55.0
1094.424094616461,369.5003565053927,370.530431152647,485.0,0.0,0.0,65.0,35.0,55.0
1114.8683617618287,376.3066466854654,373.0,485.0,0.0,0.0,65.0,35.0,55.0
1068.1148845216192,360.7415138899671,361.8678030962545,485.0,0.0,0.0,65.0,35.0,55.0
952.5681939737617,322.27379579453134,323.8226470556549,461.5095484882194,0.0,0.0,65.0,35.0,55.0
835.24324208548,283.2140602590537,285.19197679689273,409.70962577613096,0.0,0.0,65.0,35.0,55.0
740.024434713961,251.51388587946724,253.8400240298093,367.6697460813278,0.0,0.0,65.0,35.0,55.0
668.5901831013798,227.73204807552716,230.31942611083673,336.1309416499307,0.0,0.0,65.0,35.0,55.0
622.7360771294194,212.4663332923155,215.22140289153157,315.8859800526637,0.0,0.0,65.0,35.0,55.0
588.3017842577793,201.00249417480057,203.8834923097772,300.68295903549057,0.0,0.0,65.0,35.0,55.0
570.7432955342412,195.15693519603258,198.10214591070022,292.9307431241947,0.0,0.0,65.0,35.0,55.0
537.1786560400897,183.98262043276227,187.05057930202645,278.11168116274837,0.0,0.0,65.0,35.0,55.0
553.1975785687841,189.31562818144562,192.325004768622,285.1841660482093,0.0,0.0,65.0,35.0,55.0
726.9828895648919,247.17210438884553,249.54593635101637,361.91179758106966,0.0,0.0,65.0,35.0,55.0
915.7343679398666,310.01110588511034,311.69466093690556,445.247114018499,0.0,0.0,65.0,35.0,55.0
1024.0713375241166,346.07856905104705,347.3659284847316,485.0,0.0,0.0,65.0,35.0,55.0
1059.752299489849,357.95744831417284,359.1143200589822,485.0,0.0,0.0,65.0,35.0,55.0
1050.591720829511,354.9077152943335,356.098087894285,485.0,0.0,0.0,65.0,35.0,55.0
1041.1746690316768,351.77259742871917,352.9974088234066,485.0,0.0,0.0,65.0,35.0,55.0
1051.2367164653988,355.1224467606912,356.31046056801983,485.0,0.0,0.0,65.0,35.0,55.0
1038.7425455387415,350.9628966882141,352.196602522854,485.0,0.0,0.0,65.0,35.0,55.0
1005.3730535963224,339.8535503024149,341.2092906238685,484.8233244859791,0.0,0.0,65.0,35.0,55.0
970.9234969966417,328.3846295959373,329.8663542736364,469.6135644084434,0.0,0.0,65.0,35.0,55.0
949.3272451198198,321.1948215176911,322.7555251477648,460.0786431484254,0.0,0.0,65.0,35.0,55.0
980.5058910645295,331.57479308686146,333.0214743019708,473.8442695067588,0.0,0.0,65.0,35.0,55.0
1087.2447914462086,367.1102282449857,368.16655808903994,485.0,0.0,0.0,65.0,35.0,55.0
1091.0592565775596,368.3801371334355,369.42251722076054,485.0,0.0,0.0,65.0,35.0,55.0
1046.1065500399982,353.4145155780734,354.62129075066565,485.0,0.0,0.0,65.0,35.0,55.0
935.5858814452911,316.6200569651771,318.23101369071406,454.01171906413447,0.0,0.0,65.0,35.0,55.0
819.7365709157064,278.05159085098,280.0862163330744,402.8633040415957,0.0,0.0,65.0,35.0,55.0
727.9815154397171,247.50456617077486,249.87474609064424,362.3526990457768,0.0,0.0,65.0,35.0,55.0
660.5360962439438,225.05068748199568,227.66751985715845,332.57499664405594,0.0,0.0,65.0,35.0,55.0
617.3898486594942,210.68647089487456,213.4610920128504,313.52557659980744,0.0,0.0,65.0,35.0,55.0
582.9704981848571,199.22760638903264,202.12810139741356,298.3291527727241,0.0,0.0,65.0,35.0,55.0
563.8820553452808,192.87269622629177,195.8429989599452,289.9014496467455,0.0,0.0,65.0,35.0,55.0
529.5183175880838,181.43234626488953,184.5283195094826,274.72957928777646,0.0,0.0,65.0,35.0,55.0
564.4283919545489,193.0545822030419,196.02288694679922,290.1426617135684,0.0,0.0,65.0,35.0,55.0
727.9584378078058,247.4968831827597,249.8671474990883,362.3425100831551,0.0,0.0,65.0,35.0,55.0
903.8608826428928,306.0581940098445,307.7851711996635,440.004873465168,0.0,0.0,65.0,35.0,55.0
1005.8519300249648,340.01297748611194,341.3669665241083,485.0,0.0,0.0,65.0,35.0,55.0
1049.8259774621179,354.6527845832015,355.8459575583889,485.0,0.0,0.0,65.0,35.0,55.0
1057.0004745119945,357.0413127935952,358.2082481482896,485.0,0.0,0.0,65.0,35.0,55.0
1072.5485832368859,362.2175775616335,363.3276524321336,485.0,0.0,0.0,65.0,35.0,55.0
1095.7272732687043,369.93420977098424,370.9595186058514,485.0,0.0,0.0,65.0,35.0,55.0
1083.2644107420158,365.7850828676892,366.8559692329334,485.0,0.0,0.0,65.0,35.0,55.0
1044.7573307924563,352.965334511811,354.17704387035843,485.0,0.0,0.0,65.0,35.0,55.0
998.699093926628,337.6316606235601,339.011808066486,481.87671688452906,0.0,0.0,65.0,35.0,55.0
986.0410626625178,333.41755828967,334.8439970082334,476.28809289095216,0.0,0.0,65.0,35.0,55.0
1037.1959972528264,350.44802098557403,351.687382651796,485.0,0.0,0.0,65.0,35.0,55.0
1148.4782109340151,380.0,373.0,485.0,0.0,0.0,65.0,35.0,55.0
1118.8539893137884,377.6335388394098,373.0,485.0,0.0,0.0,65.0,35.0,55.0
1052.3961686938273,355.5084507323917,356.69222434457663,485.0,0.0,0.0,65.0,35.0,55.0
926.2988198709826,313.52821534789183,315.1731354851338,449.91140566933615,0.0,0.0,65.0,35.0,55.0
802.1698531894439,272.20329227875845,274.30216043456284,395.1074549585128,0.0,0.0,65.0,35.0,55.0
701.7528697536284,238.77254499826333,241.2386448476792,350.77253815488746,0.0,0.0,65.0,35.0,55.0
635.191211503392,216.6128873447685,219.32240767598412,321.3850234151941,0.0,0.0,65.0,35.0,55.0
590.3996641687601,201.70091879112707,204.57424483751527,301.6091901184704,0.0,0.0,65.0,35.0,55.0
555.7518481898671,190.16599371989312,193.1660291704729,286.3118969087676,0.0,0.0,65.0,35.0,55.0
539.7779493312612,184.84797521789764,187.90642829596146,279.25929034069156,0.0,0.0,65.0,35.0,55.0
536.9994230815007,183.92295032977862,186.99156466608315,278.0325483503931,0.0,0.0,65.0,35.0,55.0
620.9027832155355,211.85599444893552,214.6177685278705,315.0765658443531,0.0,0.0,65.0,35.0,55.0
805.5238512097845,273.31990279981596,275.40650515822995,396.5882724268684,0.0,0.0,65.0,35.0,55.0
998.8187737052133,337.6715043262444,339.05121409213325,481.92955648242486,0.0,0.0,65.0,35.0,55.0
1126.7323501301341,380.0,373.0,485.0,0.0,0.0,65.0,35.0,55.0
1150.0,380.0,373.0,485.0,0.0,0.0,93.82639603138642,35.0,55.0
1150.0,380.0,373.0,485.0,0.0,0.0,107.15787596283072,35.0,55.0
1150.0,380.0,373.0,485.0,0.0,0.0,139.59068936482984,35.0,55.0
1150.0,380.0,373.0,485.0,0.0,0.0,141.5577167427179,35.0,55.0
1150.0,380.0,373.0,485.0,0.0,0.0,77.08139138025224,35.0,55.0
1072.3508946873171,362.15176323705657,363.2625610679403,485.0,0.0,0.0,65.0,35.0,55.0
1015.1190335395,343.0981746810132,344.4182732952777,485.0,0.0,0.0,65.0,35.0,55.0
1020.3914078332818,344.853449601179,346.15426678639625,485.0,0.0,0.0,65.0,35.0,55.0
1124.65661581957,379.5653449307756,373.0,485.0,0.0,0.0,65.0,35.0,55.0
1150.0,380.0,373.0,485.0,0.0,0.0,223.1700404006593,35.0,55.0
1150.0,380.0,373.0,485.0,0.0,0.0,157.81503800222447,35.0,55.0
1111.7236342762185,375.2597063548523,373.0,485.0,0.0,0.0,65.0,35.0,55.0
957.9218124671044,324.05611847306034,325.58539118960914,463.87321469665926,0.0,0.0,65.0,35.0,55.0
814.2783736700671,276.2344518921833,278.289038370416,400.4534654614728,0.0,0.0,65.0,35.0,55.0
691.7891277898541,235.45542345007513,237.9579613771037,346.3734648517238,0.0,0.0,65.0,35.0,55.0
552.5092375111697,189.08646618959386,192.0983600865292,284.88025785979653,0.0,0.0,65.0,35.0,55.0
517.5,171.8544866679203,175.05567124899522,262.02769126757704,0.0,0.0,65.0,35.0,55.0
0.0,0.0,373.0,485.0,0.0,0.0,263.0489861814073,35.0,55.0
0.0,0.0,373.0,485.0,0.0,0.0,220.77554057086385,35.0,55.0
0.0,0.0,373.0,485.0,0.0,0.0,240.88711062469298,35.0,55.0
0.0,0.0,373.0,485.0,0.0,0.0,297.0,35.0,181.45016146620586
0.0,380.0,373.0,485.0,0.0,0.0,297.0,35.0,134.99620469182221
880.9308937770767,298.42435920731197,300.23519291579515,429.8810964516531,0.0,0.0,65.0,35.0,55.0
975.432053540515,329.88561488010885,331.3508514618833,471.60412887710055,0.0,0.0,65.0,35.0,55.0
1001.0583956246438,338.4171175863778,339.7886369035758,482.91836781764084,0.0,0.0,65.0,35.0,55.0
1020.3750763341579,344.84801253066325,346.1488894412763,485.0,0.0,0.0,65.0,35.0,55.0
1057.109776314279,357.0777014681446,358.2442370987626,485.0,0.0,0.0,65.0,35.0,55.0
1117.143324096538,377.0640254503128,373.0,485.0,0.0,0.0,65.0,35.0,55.0
1149.2888103412847,380.0,373.0,485.0,0.0,0.0,65.0,35.0,55.0
1097.0141708772926,370.3626427636571,371.3832453270138,485.0,0.0,0.0,65.0,35.0,55.0
1030.0365638876767,348.06450776587195,349.33005196367395,485.0,0.0,0.0,65.0,35.0,55.0
1016.7668831650727,343.64677555014794,344.96084786698634,485.0,0.0,0.0,65.0,35.0,55.0
1060.020166004896,358.04662623471023,359.20251837357426,485.0,0.0,0.0,65.0,35.0,55.0
1142.4959714265185,380.0,373.0,485.0,0.0,0.0,65.0,35.0,55.0
1074.456005770238,362.8525952497558,363.9556945471667,485.0,0.0,0.0,65.0,35.0,55.0
977.8676480305852,330.69647118239305,332.1528006305439,472.67946369985634,0.0,0.0,65.0,35.0,55.0
846.4472736216193,286.94409808723424,288.881040724688,414.65629703655003,0.0,0.0,65.0,35.0,55.0
713.2847741930404,242.61173802902414,245.03566492469304,355.86396797497844,0.0,0.0,65.0,35.0,55.0
613.6495621911708,209.44125751163153,212.2295571099536,311.87420963257694,0.0,0.0,65.0,35.0,55.0
554.2659620470928,189.67131361273348,192.67678304933887,285.6558660635305,0.0,0.0,65.0,35.0,55.0
517.735225443388,177.5095280105063,180.64859281925737,269.5272480480769,0.0,0.0,65.0,35.0,55.0
0.0,317.75091402510026,319.3494484571759,455.5114298916497,0.0,0.0,65.0,35.0,55.0
0.0,319.43143478364436,321.01150894981174,457.74008925698456,0.0,0.0,65.0,35.0,55.0
0.0,331.663733557602,333.1094377751161,473.96221985760417,0.0,0.0,65.0,35.0,55.0
0.0,338.3887926039411,339.76062306677954,482.88080402257344,0.0,0.0,65.0,35.0,55.0
0.0,380.0,373.0,485.0,0.0,0.0,259.48114544907713,35.0,55.0
831.8322450208311,282.0784736586488,284.06886444323476,408.20364276504716,0.0,0.0,65.0,35.0,55.0
922.441533113928,312.24405031572957,313.90307681127933,448.2083821208241,0.0,0.0,65.0,35.0,55.0
970.549654119077,328.26017010377916,329.7432619501421,469.4485097303664,0.0,0.0,65.0,35.0,55.0
901.1161349591264,305.1444146567397,306.88142957430114,438.7930449871247,0.0,0.0,65.0,35.0,55.0
915.5126324845139,309.937285882583,311.62165183592117,445.1492160073348,0.0,0.0,65.0,35.0,55.0
954.0317494561302,322.7610415948726,324.3045405347046,462.15572016484396,0.0,0.0,65.0,35.0,55.0
981.040918009619,331.75291385864284,333.19763844406214,474.0804882646485,0.0,0.0,65.0,35.0,55.0
984.0559564101363,332.75667819570947,334.1903765819716,475.41165229759434,0.0,0.0,65.0,35.0,55.0
965.9489371750572,326.7285028478818,328.22841982698,467.417255693737,0.0,0.0,65.0,35.0,55.0
989.142258948573,334.45000624577284,335.86510367996993,477.657296332737,0.0,0.0,65.0,35.0,55.0
1046.405353892244,353.5139931338521,354.7196755605665,485.0,0.0,0.0,65.0,35.0,55.0
1120.2977341153442,378.1141892826606,373.0,485.0,0.0,0.0,65.0,35.0,55.0
1066.6751091084554,360.2621849325412,361.3937394948003,485.0,0.0,0.0,65.0,35.0,55.0
990.171505469245,334.7926622302947,336.20399564041935,478.1117170622103,0.0,0.0,65.0,35.0,55.0
879.727425873074,298.0237015697061,299.83893644163265,429.3497555611563,0.0,0.0,65.0,35.0,55.0
759.9615372173898,258.1513311849566,260.4045580042914,376.47213936731856,0.0,0.0,65.0,35.0,55.0
662.6236492514203,225.74567407330463,228.35487212606287,333.496668314952,0.0,0.0,65.0,35.0,55.0
627.9275973781539,214.1946903440681,216.93077420294293,318.1780785646559,0.0,0.0,65.0,35.0,55.0
566.9154932596547,193.88258611579758,196.8417953620284,291.24073721505493,0.0,0.0,65.0,35.0,55.0
544.9054362819918,186.55501435180545,189.5947158636256,281.5231176296044,0.0,0.0,65.0,35.0,55.0
538.1417925475092,184.30326712094666,187.36770373492396,278.5369137824304,0.0,0.0,65.0,35.0,55.0
550.0466565981045,188.26662558748026,191.28752530921156,283.79300831129035,0.0,0.0,65.0,35.0,55.0
597.2196633155896,203.97142782386038,206.81981267254054,304.6202753396148,0.0,0.0,65.0,35.0,55.0
723.9586763903907,246.1652855928625,248.55017730695891,360.5765828106156,0.0,0.0,65.0,35.0,55.0
916.3870834206065,310.22840743646225,311.90957546364035,445.5352932242958,0.0,0.0,65.0,35.0,55.0
1037.3028025906701,350.48357853904247,351.7225496109271,485.0,0.0,0.0,65.0,35.0,55.0
1087.4282629411848,367.1713094383442,368.2269683147441,485.0,0.0,0.0,65.0,35.0,55.0
1029.0279861187887,347.72873280678874,348.9979654416413,485.0,0.0,0.0,65.0,35.0,55.0
872.4694054893649,295.6073668332663,297.44914477616135,426.1452803931043,0.0,0.0,65.0,35.0,55.0
933.3479996669039,315.8750230315029,317.4941638419173,453.0236760153751,0.0,0.0,65.0,35.0,55.0
884.6040542606355,299.64722505773904,301.4446257701379,431.50282674938745,0.0,0.0,65.0,35.0,55.0
858.9545456324516,291.1080097628902,292.99921246148256,420.1783595907891,0.0,0.0,65.0,35.0,55.0
884.228221442869,299.522103076172,301.3208782345806,431.33689349648904,0.0,0.0,65.0,35.0,55.0
915.9820484968914,310.0935635115484,311.7762127788108,445.35646700356045,0.0,0.0,65.0,35.0,55.0
990.3139296373628,334.8400779781898,336.2508905335081,478.1745984935009,0.0,0.0,65.0,35.0,55.0
1099.3182284969405,371.1297079090803,372.1418843780365,485.0,0.0,0.0,65.0,35.0,55.0
1088.040667127594,367.3751905836332,368.4286098565432,485.0,0.0,0.0,65.0,35.0,55.0
1030.20779420205,348.12151363450806,349.3864316314804,485.0,0.0,0.0,65.0,35.0,55.0
920.7236812021235,311.6721443376381,313.33745313370486,447.44993649753485,0.0,0.0,65.0,35.0,55.0
804.5867986238911,273.0079399513446,275.097969174382,396.1745560711808,0.0,0.0,65.0,35.0,55.0
711.4634723117423,242.00539156419444,244.4359790839088,355.0598483468156,0.0,0.0,65.0,35.0,55.0
640.971294496251,218.53718826661472,221.2255704437646,323.93697717678316,0.0,0.0,65.0,35.0,55.0
592.9853053965236,202.5617285414881,205.4255987231943,302.750771799125,0.0,0.0,65.0,35.0,55.0
552.2551443978656,189.00187369969885,192.01469683231863,284.7680736788615,0.0,0.0,65.0,35.0,55.0
532.1925320713776,182.32264375746436,185.40883721899505,275.91026678281224,0.0,0.0,65.0,35.0,55.0
517.5,172.19980595263186,175.39719725368533,262.48564399085666,0.0,0.0,65.0,35.0,55.0
0.0,380.0,373.0,485.0,0.0,0.0,71.99905897362405,35.0,55.0
0.0,380.0,373.0,485.0,0.0,0.0,297.0,35.0,160.5606365999488
0.0,380.0,373.0,485.0,250.0,473.34252887545966,65.0,35.0,55.0
0.0,380.0,373.0,485.0,250.0,573.0,188.59072908818055,35.0,55.0
0.0,380.0,373.0,485.0,250.0,573.0,230.37274934764363,35.0,55.0
0.0,380.0,373.0,485.0,250.0,573.0,279.5953378940604,35.0,55.0
0.0,380.0,373.0,485.0,250.0,573.0,297.0,35.0,136.37697155972256
994.4662745878147,336.22247356417876,337.6181007134388,480.0078926397636,145.10354167786983,143.25,65.0,35.0,55.0
1040.1651670530844,351.43651478243004,352.66501799406535,485.0,153.97839905518308,0.0,65.0,35.0,55.0
999.3688522533128,337.85463606648125,339.2323341579508,482.17242064574674,146.0556364708796,0.0,65.0,35.0,55.0
936.5148385067184,316.92932465767717,318.53688412447076,454.42186117977417,133.84920481574392,0.0,65.0,35.0,55.0
920.6528230107838,311.64855428139083,313.3141222106512,447.41865202841007,130.76875542957688,0.0,65.0,35.0,55.0
960.211026998011,324.8182420684429,326.3391429727697,464.8839215741295,138.45107330535726,0.0,65.0,35.0,55.0
1031.3406726284702,348.4986706758504,349.7594456598686,485.0,152.2646566596783,0.0,65.0,35.0,55.0
1003.1542667824303,339.1148734500881,340.4787280248438,483.84371201970976,146.79077494465028,0.0,65.0,35.0,55.0
949.0458064399996,321.1011251621733,322.66285803251594,459.9543856769477,136.2827551100333,0.0,65.0,35.0,55.0
860.9088203545306,291.75862544676244,293.6426812306456,421.04118781217437,119.16629694271032,0.0,65.0,35.0,55.0
750.6511415199993,255.0517211888067,257.3389967543113,372.3615237669557,112.5,0.0,65.0,35.0,55.0
708.8930376064856,241.14964435797233,243.5896321310884,353.92498046981405,0.0,0.0,65.0,35.0,55.0
630.0630070126342,214.90560932796964,217.6338838495213,319.1208793265097,0.0,0.0,65.0,35.0,55.0
565.1234036879761,193.28596499131328,196.25172803019942,290.44951505973296,0.0,0.0,65.0,35.0,55.0
517.5,175.9840609690695,179.13988280213937,267.50421656148393,0.0,0.0,65.0,35.0,55.0
0.0,317.7595682574434,319.35800762408803,455.5229068911829,0.0,0.0,65.0,35.0,55.0
0.0,333.159155569692,334.5884328029824,475.9454064712939,0.0,0.0,65.0,35.0,55.0
0.0,380.0,373.0,485.0,0.0,0.0,175.02919699965983,35.0,55.0
797.5273605852502,270.6577171012132,272.77356316616493,393.05775662735425,0.0,0.0,65.0,35.0,55.0
972.3031074808965,328.84392849007435,330.32060783901204,470.22267368406654,0.0,0.0,65.0,35.0,55.0
1086.5783612423227,366.8883607982262,367.94712782256676,485.0,0.0,0.0,65.0,35.0,55.0
1137.975585697006,380.0,373.0,485.0,0.0,0.0,65.0,35.0,55.0
1150.0,380.0,373.0,485.0,0.0,0.0,90.34198219303579,35.0,55.0
1150.0,380.0,373.0,485.0,0.0,0.0,158.16812780842048,35.0,55.0
1150.0,380.0,373.0,485.0,0.0,0.0,245.7950302887554,35.0,55.0
1150.0,380.0,373.0,485.0,0.0,0.0,245.32025921493553,35.0,55.0
1150.0,380.0,373.0,485.0,0.0,0.0,98.3971106970827,35.0,55.0
1083.973230944692,366.02106276125096,367.08935692311894,485.0,0.0,0.0,65.0,35.0,55.0
1059.0513846481322,357.72410026748946,358.88353530523585,485.0,0.0,0.0,65.0,35.0,55.0
1109.4819811929933,374.5134168811823,373.0,485.0,0.0,0.0,65.0,35.0,55.0
1150.0,380.0,373.0,485.0,0.0,0.0,164.35673971080848,35.0,55.0
1150.0,380.0,373.0,485.0,0.0,0.0,96.73355467353377,35.0,55.0
1070.0498810826998,361.3857115028486,362.5049242959642,485.0,0.0,0.0,65.0,35.0,55.0
933.6540784301857,315.97692254524145,317.59494400493674,453.1588122845713,0.0,0.0,65.0,35.0,55.0
797.8123432623996,270.75259332168037,272.8673971857254,393.18357880254405,0.0,0.0,65.0,35.0,55.0
693.6915917870106,236.08879034602288,238.5843708336641,347.21341821568575,0.0,0.0,65.0,35.0,55.0
619.7866911659455,211.48442591565586,214.25028161863068,314.5838021058826,0.0,0.0,65.0,35.0,55.0
576.669720319881,197.12995611845676,200.05349349723414,295.5473079803002,0.0,0.0,65.0,35.0,55.0
546.7565143104122,187.1712738693417,190.20420586373433,282.3403836694621,0.0,0.0,65.0,35.0,55.0
533.0755422647679,182.6166148529036,185.69957908649198,276.3001229816467,0.0,0.0,65.0,35.0,55.0
549.4265340212178,188.06017484138627,191.08334239328298,283.51921913824776,0.0,0.0,65.0,35.0,55.0
642.3803550806792,219.0062916661511,221.68952081353336,324.55908891171515,0.0,0.0,65.0,35.0,55.0
811.3503965134978,275.25967191956147,277.32496620809945,399.16073967746837,0.0,0.0,65.0,35.0,55.0
976.2388415927177,330.1542101571154,331.6164962604682,471.96033237922455,0.0,0.0,65.0,35.0,55.0
1073.2960920644837,362.46643764336795,363.5737788235763,485.0,0.0,0.0,65.0,35.0,55.0
1100.3820561583923,371.4838766212158,372.4921626005311,485.0,0.0,0.0,65.0,35.0,55.0
1089.4502217385425,367.8444584541105,368.8927228905645,485.0,0.0,0.0,65.0,35.0,55.0
1089.1221485390854,367.7352365690739,368.7847007913862,485.0,0.0,0.0,65.0,35.0,55.0
1094.5471896651843,369.5413372172658,370.57096169760933,485.0,0.0,0.0,65.0,35.0,55.0
1094.3568085866568,369.47795569050135,370.5082764073132,485.0,0.0,0.0,65.0,35.0,55.0
1040.7537715719343,351.63247256013415,352.8588232052719,485.0,0.0,0.0,65.0,35.0,55.0
976.2615074857304,330.1617560693234,331.6239592819739,471.9703395557659,0.0,0.0,65.0,35.0,55.0
945.1785124721825,319.8136285368627,321.3895043625592,458.2469438633035,0.0,0.0,65.0,35.0,55.0
984.386436964507,332.8667015355496,334.2991913320938,475.5575621564839,0.0,0.0,65.0,35.0,55.0
1058.9703014814552,357.697106120074,358.8568376844397,485.0,0.0,0.0,65.0,35.0,55.0
1072.4618016437719,362.188686298336,363.299078534986,485.0,0.0,0.0,65.0,35.0,55.0
1030.1704756854829,348.10908958178754,349.37414405509656,485.0,0.0,0.0,65.0,35.0,55.0
925.022620781299,313.10334409815863,314.7529313817045,449.34795336744395,0.0,0.0,65.0,35.0,55.0
812.557812095269,275.66164381510765,277.7225225032779,399.69382349988217,0.0,0.0,65.0,35.0,55.0
725.2494748443461,246.59501725206752,248.97518842899842,361.1464808508504,0.0,0.0,65.0,35.0,55.0
656.9537673999149,223.85806123330033,226.48799442710407,330.99336925564944,0.0,0.0,65.0,35.0,55.0
609.5664451012856,208.081909213384,210.88514104680044,310.0714801511119,0.0,0.0,65.0,35.0,55.0
576.1774723015369,196.96607727508257,199.8914148381243,295.32997646730985,0.0,0.0,65.0,35.0,55.0
562.4405445751983,192.39278953513383,195.3683639710765,289.2650108903075,0.0,0.0,65.0,35.0,55.0
539.764761989957,184.8435848980597,187.90208620312174,279.2534680220002,0.0,0.0,65.0,35.0,55.0
535.2004759879737,183.32404620423173,186.39923941161234,277.2382985432713,0.0,0.0,65.0,35.0,55.0
680.0880874313153,231.55992181518272,234.10525123744304,341.20736014451296,0.0,0.0,65.0,35.0,55.0
847.1476372011393,287.1772626081179,289.1116439686377,414.9655132663938,0.0,0.0,65.0,35.0,55.0
947.4645813374627,320.57470487958955,322.14222039697574,459.2562619037556,0.0,0.0,65.0,35.0,55.0
993.9642656785323,336.0553451322686,337.4528081620307,479.7862516138515,0.0,0.0,65.0,35.0,55.0
1002.5135292292007,338.9015595814352,340.2677573767178,483.5608211665549,0.0,0.0,65.0,35.0,55.0
1037.5365976841306,350.56141342730007,351.7995294947304,485.0,0.0,0.0,65.0,35.0,55.0
1062.5645574808132,358.89370314843165,360.0402902757435,485.0,0.0,0.0,65.0,35.0,55.0
1058.0784245485381,357.40018311632025,358.5631763348939,485.0,0.0,0.0,65.0,35.0,55.0
992.5253615286989,335.5763062351812,336.9790314346461,479.15096370150314,0.0,0.0,65.0,35.0,55.0
952.5317199436907,322.26165288762576,323.8106375367418,461.4934449066005,0.0,0.0,65.0,35.0,55.0
926.0456699453088,313.44393686331966,315.0897827869452,449.79963791342897,0.0,0.0,65.0,35.0,55.0
959.5928393239269,324.61243548874785,326.1355971471698,464.61098667644796,0.0,0.0,65.0,35.0,55.0
1058.2254112295423,357.44911781260487,358.6115734909542,485.0,0.0,0.0,65.0,35.0,55.0
1081.235198183442,365.1095189351454,366.1878262678304,485.0,0.0,0.0,65.0,35.0,55.0
1051.1961230804945,355.10893244124486,356.297094701325,485.0,0.0,0.0,65.0,35.0,55.0
949.5375282242017,321.2648288120691,322.82476342262123,460.1714848532744,0.0,0.0,65.0,35.0,55.0
835.7237813305256,283.3740410263484,285.3502001996982,409.92178777025805,0.0,0.0,65.0,35.0,55.0
741.49397530951,252.00312423922767,254.32388818031478,368.31856023421324,0.0,0.0,65.0,35.0,55.0
616.8608179053338,210.51034637050813,213.2869021896986,313.2920052090949,0.0,0.0,65.0,35.0,55.0
574.4907375899955,196.4045308121098,199.3360368779645,294.58526934160966,0.0,0.0,65.0,35.0,55.0
540.6825083814844,185.14912034269244,188.20426538718843,279.6586605354878,0.0,0.0,65.0,35.0,55.0
525.691141310798,180.15820559120925,183.2681750780511,273.03984976154817,0.0,0.0,65.0,35.0,55.0
517.5,171.0,167.85,247.32640607355077,0.0,0.0,65.0,35.0,55.0
0.0,0.0,373.0,485.0,0.0,0.0,281.1911954988738,35.0,55.0
0.0,0.0,373.0,485.0,250.0,0.0,297.0,35.0,72.53955221657519
0.0,0.0,373.0,485.0,250.0,529.7733437106292,65.0,35.0,55.0
0.0,0.0,373.0,485.0,250.0,573.0,184.8308977219764,35.0,55.0
0.0,0.0,373.0,485.0,250.0,573.0,257.6228789280711,35.0,55.0
0.0,0.0,373.0,485.0,250.0,573.0,297.0,35.0,79.6374179919045
0.0,0.0,373.0,485.0,250.0,573.0,297.0,35.0,168.24401418390042
0.0,380.0,373.0,485.0,250.0,573.0,150.25618040639216,35.0,55.0
0.0,380.0,373.0,485.0,250.0,573.0,122.77813053351807,35.0,55.0
0.0,380.0,373.0,485.0,250.0,491.52555888644935,65.0,35.0,55.0
0.0,380.0,373.0,485.0,250.0,379.3795383562543,65.0,35.0,55.0
0.0,380.0,373.0,485.0,250.0,328.1993568733117,65.0,35.0,55.0
0.0,380.0,373.0,485.0,250.0,380.305309817582,65.0,35.0,55.0
0.0,380.0,373.0,485.0,250.0,573.0,86.40575830867478,35.0,55.0
0.0,380.0,373.0,485.0,250.0,573.0,130.5545398731487,35.0,55.0
0.0,380.0,373.0,485.0,250.0,573.0,76.9113070291697,35.0,55.0
0.0,380.0,373.0,485.0,250.0,394.1683706838865,65.0,35.0,55.0
0.0,380.0,373.0,485.0,241.67428023050203,177.3784274284542,65.0,35.0,55.0
0.0,347.35431571778156,348.627661267627,485.0,151.59711626747145,143.25,65.0,35.0,55.0
0.0,349.3194451222701,350.57120402335414,485.0,152.7434417534231,0.0,65.0,35.0,55.0
0.0,322.7712449903836,324.31463184746184,462.16925162100006,137.25699167648932,0.0,65.0,35.0,55.0
0.0,304.6478232692565,306.3902931679683,438.13447945567725,126.68499567249852,0.0,65.0,35.0,55.0
0.0,296.94620153017905,298.77327257678223,427.92080531342407,122.19238299136998,0.0,65.0,35.0,55.0
0.0,292.8034067723337,294.67598579165565,422.4267474216722,119.77575271596021,0.0,65.0,35.0,55.0
0.0,284.39614545636204,286.36107696741243,411.27727391865506,114.87151694831006,0.0,65.0,35.0,55.0
0.0,342.26466115865475,343.5939157926724,485.0,148.6281511079808,0.0,65.0,35.0,55.0
0.0,380.0,373.0,485.0,250.0,0.0,200.26848647728062,35.0,55.0
0.0,380.0,373.0,485.0,250.0,0.0,297.0,35.0,158.75405304271118
0.0,380.0,373.0,485.0,250.0,0.0,297.0,35.0,215.50206280474558
835.8087972420798,283.4023444602571,285.37819272467385,409.95932298827375,114.2917997005822,0.0,65.0,35.0,55.0
870.4406125393411,294.9319425964882,296.78113997228724,425.24955176659586,121.01739861338368,0.0,65.0,35.0,55.0
886.6688341371259,300.33463003525384,302.124479708127,432.4144438973026,124.16896628599696,0.0,65.0,35.0,55.0
849.5858104658167,287.9889774341223,289.91444223026554,416.0419866391614,116.96733560200359,0.0,65.0,35.0,55.0
821.7756656983236,278.7304447661867,280.7576131408792,403.7635810111765,112.5,0.0,65.0,35.0,55.0
821.3355929372763,278.5839360705834,280.6127138210988,403.56928529962437,0.0,0.0,65.0,35.0,55.0
791.7063714999767,268.71979775356937,270.85693156893075,390.4877424924906,0.0,0.0,65.0,35.0,55.0
842.87167659131,285.7537129889449,287.703731826342,413.07764179877967,0.0,0.0,65.0,35.0,55.0
963.2698121028812,325.83657052571647,327.3462852462323,466.23440013367787,0.0,0.0,65.0,35.0,55.0
985.9905204353817,333.400731809083,334.82735536398616,476.2657780856425,0.0,0.0,65.0,35.0,55.0
963.3796000961332,325.8731210626003,327.3824342810065,466.2828724277094,0.0,0.0,65.0,35.0,55.0
876.9668691841938,297.1046590944019,298.9299895086708,428.13094727847744,0.0,0.0,65.0,35.0,55.0
771.0147892301015,261.8311716065799,264.0439759364347,381.35224023896353,0.0,0.0,65.0,35.0,55.0
684.7834519898701,233.12309908436617,235.65125724116956,343.2804018745434,0.0,0.0,65.0,35.0,55.0
672.8180078628344,229.13957234393692,231.71148893841925,337.99756074807567,0.0,0.0,65.0,35.0,55.0
622.8786549047159,212.51380017899808,215.26834836165588,315.9489293027759,0.0,0.0,65.0,35.0,55.0
585.6200723435308,200.1097006431004,203.000505979751,299.4989613635679,0.0,0.0,65.0,35.0,55.0
570.677749043242,195.13511350710368,198.0805639297179,292.9018038140722,0.0,0.0,65.0,35.0,55.0
545.4832677645566,186.74738557829906,189.78497392134332,281.77823493973955,0.0,0.0,65.0,35.0,55.0
542.0022660164076,185.58849307084077,188.6388116724897,280.2413442902001,0.0,0.0,65.0,35.0,55.0
653.8614312068211,222.82856297274242,225.4698050489538,329.62807761713606,0.0,0.0,65.0,35.0,55.0
801.4596121538824,271.96683936257153,274.06830491783404,394.79387775130397,0.0,0.0,65.0,35.0,55.0
892.3481739516154,302.22539161324534,303.99447155666337,434.9219187243656,0.0,0.0,65.0,35.0,55.0
929.279085113333,314.5204030310594,316.15442413693324,451.2272170694745,0.0,0.0,65.0,35.0,55.0
946.0234884183145,320.09493729905324,321.66772299061955,458.62000763191156,0.0,0.0,65.0,35.0,55.0
1000.1961401637303,338.13005614100535,339.5047287846866,482.53767500239104,0.0,0.0,65.0,35.0,55.0
973.9643011393474,329.39697184468906,330.86757609617075,470.9561042266122,0.0,0.0,65.0,35.0,55.0
965.1895572882208,326.47569066195376,327.9783847446094,467.08198328310186,0.0,0.0,65.0,35.0,55.0
936.9757297798069,317.08276423679234,318.6886381930577,454.62534843410856,0.0,0.0,65.0,35.0,55.0
888.1544180826652,300.82920953513525,302.61362632713855,433.0703413199969,0.0,0.0,65.0,35.0,55.0
875.2929698095196,296.54738576221223,298.3788377395999,427.39190705864,0.0,0.0,65.0,35.0,55.0
965.3850005854686,326.54075749880144,328.04273683211295,467.1682730921245,0.0,0.0,65.0,35.0,55.0
1111.9611551379985,375.338781623122,373.0,485.0,0.0,0.0,65.0,35.0,55.0
1134.3446105690482,380.0,373.0,485.0,0.0,0.0,65.0,35.0,55.0
1081.5839886388992,365.2256379936082,366.3026697760298,485.0,0.0,0.0,65.0,35.0,55.0
962.2395358317782,325.4935717174486,327.0070542279038,465.7795247609945,0.0,0.0,65.0,35.0,55.0
844.1166703409637,286.16819538013397,288.11366119126416,413.6273166886573,0.0,0.0,65.0,35.0,55.0
749.3571438225376,254.62092443983812,256.9129322423579,371.7902132346322,0.0,0.0,65.0,35.0,55.0
678.6045399799525,231.06602030342466,233.6167751589581,340.5523618505995,0.0,0.0,65.0,35.0,55.0
631.8704547919309,215.50734349548705,218.22900805838037,319.9188822556978,0.0,0.0,65.0,35.0,55.0
595.9030761993191,203.53311062241877,206.38631031914508,304.03899139473424,0.0,0.0,65.0,35.0,55.0
577.9271620217115,197.54858267260656,200.46752150211486,296.10247874254185,0.0,0.0,65.0,35.0,55.0
550.8837875551231,188.54532260174233,191.5631608789988,284.1626084532512,0.0,0.0,65.0,35.0,55.0
540.5646644643938,185.1098878336486,188.16546384131215,279.6066314854082,0.0,0.0,65.0,35.0,55.0
654.1805236525057,222.93479499192685,225.57487012550325,329.768959533203,0.0,0.0,65.0,35.0,55.0
822.1703343871766,278.8618375719167,280.88756261654623,403.93783045471287,0.0,0.0,65.0,35.0,55.0
917.291552352134,310.52952255900806,312.2073828821885,445.9346236309532,0.0,0.0,65.0,35.0,55.0
954.8056181085283,323.01867736983246,324.5593462197122,462.49738948358953,0.0,0.0,65.0,35.0,55.0
974.7113312114818,329.6456725395114,331.11354485154243,471.2859240933786,0.0,0.0,65.0,35.0,55.0
1006.2328446744184,340.13979130729655,341.4923873146814,485.0,0.0,0.0,65.0,35.0,55.0
975.9395797697945,330.05458013408014,331.51796065814045,471.8282058447695,0.0,0.0,65.0,35.0,55.0
941.9462388935175,318.73754242620157,320.3252388947803,456.8198687282665,0.0,0.0,65.0,35.0,55.0
914.9290089739768,309.7429863784539,311.4294866824056,444.89154146963233,0.0,0.0,65.0,35.0,55.0
893.6244502640159,302.6502885719079,304.41470108661326,435.4854051207168,0.0,0.0,65.0,35.0,55.0
882.3942555148124,298.9115405063345,300.7170226020633,430.5271825884428,0.0,0.0,65.0,35.0,55.0
959.6696444949272,324.63800540903117,326.16088618575304,464.6448967855737,0.0,0.0,65.0,35.0,55.0
1088.4967400491041,367.52702604073227,368.5787774241514,485.0,0.0,0.0,65.0,35.0,55.0
1098.141042346479,370.7377999732745,371.7542814915255,485.0,0.0,0.0,65.0,35.0,55.0
1049.5623579105395,354.56502055857663,355.759157608277,485.0,0.0,0.0,65.0,35.0,55.0
937.6821325729795,317.31793932818397,318.921229921703,454.9372310260127,0.0,0.0,65.0,35.0,55.0
820.6208205605092,278.3459745836597,280.3773663050542,403.253707468333,0.0,0.0,65.0,35.0,55.0
729.5317428771327,248.02066673379025,250.38517736717193,363.03713709711946,0.0,0.0,65.0,35.0,55.0
661.3523743065797,225.3224421662024,227.9362893573341,332.9353900631504,0.0,0.0,65.0,35.0,55.0
617.2607199126093,210.6434814487067,213.4185747992351,313.4685652053778,0.0,0.0,65.0,35.0,55.0
585.1622971237634,199.9572984581344,202.84977790969563,299.2968498721774,0.0,0.0,65.0,35.0,55.0
573.0297890638658,195.9181529176964,198.8550017710276,293.9402486574169,0.0,0.0,65.0,35.0,55.0
552.1843612584947,188.9783086296971,191.9913906210404,284.7368223457928,0.0,0.0,65.0,35.0,55.0
550.870951432402,188.54104920933332,191.5589344291579,284.1569412004275,0.0,0.0,65.0,35.0,55.0
614.3513695354451,209.6749026896011,212.46063573104394,312.18406329632955,0.0,0.0,65.0,35.0,55.0
772.0526623392657,262.1766995485128,264.38570830627816,381.8104696775815,0.0,0.0,65.0,35.0,55.0
871.0999089472592,295.1514350652113,296.99822134949784,425.5406365053907,0.0,0.0,65.0,35.0,55.0
906.1505688782964,306.8204746447367,308.5390782972784,441.0157886040191,0.0,0.0,65.0,35.0,55.0
932.3844226949338,315.55422970418863,317.1768943806985,452.5982489270032,0.0,0.0,65.0,35.0,55.0
980.5348980289672,331.584450063842,333.03102519852234,473.85707631802785,0.0,0.0,65.0,35.0,55.0
1002.5773047078194,338.92279166624246,340.2887562302904,483.5889785602738,0.0,0.0,65.0,35.0,55.0
945.711129612205,319.99094703813734,321.5648750469637,458.48209867261096,0.0,0.0,65.0,35.0,55.0
921.8341404514795,312.04183760326225,313.7030853748202,447.94021330878246,0.0,0.0,65.0,35.0,55.0
877.4974919207934,297.28131362037544,299.1047035114424,428.36522154241504,0.0,0.0,65.0,35.0,55.0
890.8763078404013,301.73537904454304,303.5098417017839,434.27207783735605,0.0,0.0,65.0,35.0,55.0
970.4772737027748,328.23607326953197,329.71942981596806,469.4165531865113,0.0,0.0,65.0,35.0,55.0
1114.0130093540708,376.02188339940443,373.0,485.0,0.0,0.0,65.0,35.0,55.0
1139.734363933032,380.0,373.0,485.0,0.0,0.0,65.0,35.0,55.0
1083.8066075188497,365.9655906145109,367.03449412950596,485.0,0.0,0.0,65.0,35.0,55.0
963.6122718409063,325.9505819664503,327.4590442885641,466.38559889980723,0.0,0.0,65.0,35.0,55.0
846.7926139306134,287.059068525508,288.99474823011707,414.80876759824514,0.0,0.0,65.0,35.0,55.0
752.2524260221563,255.58481963176084,257.8662391916421,373.0685039286078,0.0,0.0,65.0,35.0,55.0
681.0196183857847,231.8700464062359,234.41196915685208,341.6186386549136,0.0,0.0,65.0,35.0,55.0
633.3229643641877,215.99091189966694,218.7072645369083,320.5601770729598,0.0,0.0,65.0,35.0,55.0
598.2864018869044,204.32656563393783,207.17104934758305,305.0912491150886,0.0,0.0,65.0,35.0,55.0
583.9644298884186,199.55850539096372,202.4553655239446,298.76798172255064,0.0,0.0,65.0,35.0,55.0
562.4795369222144,192.40577083823982,195.3812026765347,289.2822263293875,0.0,0.0,65.0,35.0,55.0
560.3426473690615,191.69435916091686,194.67760574869752,288.33877217137524,0.0,0.0,65.0,35.0,55.0
610.8361661722721,208.50462380596088,211.30321218362553,310.63207235493945,0.0,0.0,65.0,35.0,55.0
754.8767431699011,256.45850534057524,258.7303275953218,374.2271613432269,0.0,0.0,65.0,35.0,55.0
858.8047842394658,291.0581513115608,292.94990169768664,420.11223871490495,0.0,0.0,65.0,35.0,55.0
903.1175498215727,305.8107242010075,307.5404198091811,439.6766859647767,0.0,0.0,65.0,35.0,55.0
919.8188732513145,311.3709163490458,313.0395340889266,447.0504564111009,0.0,0.0,65.0,35.0,55.0
952.6902457435149,322.3144291787473,323.86283408830184,461.5634353395527,0.0,0.0,65.0,35.0,55.0
987.0991879798726,333.7698285816589,335.19239766443906,476.7552638445859,0.0,0.0,65.0,35.0,55.0
941.5496703772196,318.6055171313347,320.1946638777737,456.6447804954255,0.0,0.0,65.0,35.0,55.0
893.7982099046054,302.70813650194265,304.47191356590145,435.56212141855593,0.0,0.0,65.0,35.0,55.0
849.7416302653041,288.0408528456287,289.9657477982364,416.1107823509052,0.0,0.0,65.0,35.0,55.0
875.77584513225,296.70814425474856,298.53783032445307,427.6051004501091,0.0,0.0,65.0,35.0,55.0
958.589275410423,324.278329738662,325.8051614981266,464.1679050274084,0.0,0.0,65.0,35.0,55.0
1102.8599731135696,372.30882288703884,373.0,485.0,0.0,0.0,65.0,35.0,55.0
1132.3614680845872,380.0,373.0,485.0,0.0,0.0,65.0,35.0,55.0
1086.351090121873,366.81269786620066,367.8722960363855,485.0,0.0,0.0,65.0,35.0,55.0
967.5351440213018,327.25658164886767,328.7506977623489,468.1175789473881,0.0,0.0,65.0,35.0,55.0
849.3565517971412,287.91265280902286,289.8389560196085,415.9407670679846,0.0,0.0,65.0,35.0,55.0
753.0651431807572,255.85538882245035,258.1338362207672,373.4273251795417,0.0,0.0,65.0,35.0,55.0
679.2986715262942,231.29711006046765,233.84532643003354,340.85882658699046,0.0,0.0,65.0,35.0,55.0
630.188345704904,214.94733699197997,217.67515314146485,319.17621738092964,0.0,0.0,65.0,35.0,55.0
592.8025102722446,202.50087252495797,205.36541120078513,302.6700662615782,0.0,0.0,65.0,35.0,55.0
578.0651697027208,197.59452808690529,200.51296221299896,296.16341025877006,0.0,0.0,65.0,35.0,55.0
558.0170007407787,190.92010661883015,193.91185825347463,287.3119802259126,0.0,0.0,65.0,35.0,55.0
551.2537415643231,188.6684874147431,191.68497274519007,284.3259461642425,0.0,0.0,65.0,35.0,55.0
617.8497073980128,210.83956672335034,213.6125061068467,313.72860798171183,0.0,0.0,65.0,35.0,55.0
732.9708592083549,249.16561477946422,251.51754833204117,364.5555349936285,0.0,0.0,65.0,35.0,55.0
832.0062878251126,282.1364158593289,284.12617015761947,408.28048408196463,0.0,0.0,65.0,35.0,55.0
880.4753925558005,298.2727140802287,300.08521358745634,429.6799889491345,0.0,0.0,65.0,35.0,55.0
907.0235755054363,307.1111153603559,308.82652636867306,441.4012281468032,0.0,0.0,65.0,35.0,55.0
954.622196084557,322.95761264632404,324.4989522829393,462.41640716471795,0.0,0.0,65.0,35.0,55.0
929.2779558812292,314.5200270879491,316.15405232350105,451.2267185042949,0.0,0.0,65.0,35.0,55.0
902.4728680158379,305.5960972147505,307.3281504678489,439.39205369198663,0.0,0.0,65.0,35.0,55.0
875.4837820459911,296.61091082975804,298.4416649939037,427.4761522165767,0.0,0.0,65.0,35.0,55.0
869.5499091025831,294.63541027220106,296.48786501065325,424.8562989380979,0.0,0.0,65.0,35.0,55.0
887.5770192618247,300.63698235006035,302.4235107285664,432.8154150335402,0.0,0.0,65.0,35.0,55.0
971.6182503973741,328.61592638028054,330.0951102978486,469.9203036986173,0.0,0.0,65.0,35.0,55.0
1131.5292619929621,380.0,373.0,485.0,0.0,0.0,65.0,35.0,55.0
1150.0,380.0,373.0,485.0,0.0,0.0,83.704101145464,35.0,55.0
1105.6651322260484,373.2427143679634,373.0,485.0,0.0,0.0,65.0,35.0,55.0
979.407177983558,331.209010346861,332.6597096299476,473.35917872460976,0.0,0.0,65.0,35.0,55.0
860.4733648158008,291.61365391337165,293.49930218758374,420.8489306419159,0.0,0.0,65.0,35.0,55.0
764.8485126169082,259.7782993924981,262.0136542125834,378.6297788456793,0.0,0.0,65.0,35.0,55.0
636.8189495155326,217.15479267054948,219.85836025386828,322.10368301715755,0.0,0.0,65.0,35.0,55.0
591.9491369032328,202.21676809900123,205.0844276189014,302.29329496231134,0.0,0.0,65.0,35.0,55.0
556.0476993500076,190.26448826761694,193.2634417705134,286.44251760779974,0.0,0.0,65.0,35.0,55.0
540.3797617557532,185.04833016170366,188.10458237106658,279.5249954321843,0.0,0.0,65.0,35.0,55.0
517.5,174.2323601431358,177.40742414436934,265.1811601927164,0.0,0.0,65.0,35.0,55.0
0.0,319.1154478219478,320.6989930570126,457.32103623551586,0.0,0.0,65.0,35.0,55.0
0.0,355.25655951655597,356.44310011558156,485.0,0.0,0.0,65.0,35.0,55.0
0.0,380.0,373.0,485.0,0.0,0.0,297.0,35.0,65.28039923003709
0.0,380.0,373.0,485.0,0.0,0.0,297.0,35.0,237.15892317630943
792.3937417421388,268.9486365422643,271.08325659820446,390.7912220579669,0.0,0.0,65.0,35.0,55.0
815.5242404486557,276.64922493151465,278.6992551907547,401.0035258007423,0.0,0.0,65.0,35.0,55.0
852.8653911150737,289.080812979465,290.99428412757226,417.48994823152015,0.0,0.0,65.0,35.0,55.0
890.1961912705024,301.50895514301146,303.285905032504,433.9718008273171,0.0,0.0,65.0,35.0,55.0
895.3823642059646,303.235531971215,304.9935156758523,436.2615384569074,0.0,0.0,65.0,35.0,55.0
867.6474814942343,294.00205549078805,295.8614675355512,424.01636164009113,0.0,0.0,65.0,35.0,55.0
809.5028790198256,274.6445977725998,276.71664855744916,398.3450456427282,0.0,0.0,65.0,35.0,55.0
825.7051816174236,280.03865627714174,282.05145414660024,405.49849432355626,0.0,0.0,65.0,35.0,55.0
892.7439362326851,302.357148496881,304.1247811108954,435.0966509977808,0.0,0.0,65.0,35.0,55.0
999.2234891015498,337.80624187434154,339.1844715686793,482.10824162921773,0.0,0.0,65.0,35.0,55.0
1011.1557858038547,341.77873319883554,343.1133256778664,485.0,0.0,0.0,65.0,35.0,55.0
980.2166441222572,331.478497210428,332.9262362211497,473.71656462375427,0.0,0.0,65.0,35.0,55.0
888.3611383320676,300.89803068648905,302.6816914885722,433.16160999532747,0.0,0.0,65.0,35.0,55.0
781.6881915709819,265.38455275857484,267.55832373486606,386.0646343838943,0.0,0.0,65.0,35.0,55.0
695.6631491174946,236.7451597430039,239.23353011226925,348.08387684957273,0.0,0.0,65.0,35.0,55.0
630.7324638954109,215.12848441440957,217.85431068690565,319.4164499977845,0.0,0.0,65.0,35.0,55.0
587.8944040789198,200.86686946929206,203.7493574211095,300.50309736549,0.0,0.0,65.0,35.0,55.0
554.5060189624942,189.75123318208452,192.7558247143296,285.7618531486659,0.0,0.0,65.0,35.0,55.0
538.8416575870672,184.53626566827776,187.59814282851542,278.84590990281674,0.0,0.0,65.0,35.0,55.0
517.5,171.24476443814848,174.4526467255353,261.21909479489136,0.0,0.0,65.0,35.0,55.0
0.0,0.0,373.0,485.0,0.0,0.0,293.74497384246905,35.0,55.0
0.0,0.0,373.0,485.0,0.0,0.0,297.0,35.0,232.56393024000693
0.0,0.0,373.0,485.0,250.0,472.2377315685723,65.0,35.0,55.0
0.0,0.0,373.0,485.0,250.0,573.0,141.67430435675877,35.0,55.0
0.0,0.0,373.0,485.0,250.0,573.0,215.62131738011934,35.0,55.0
0.0,0.0,373.0,485.0,250.0,573.0,262.52626075494624,35.0,55.0
0.0,0.0,373.0,485.0,250.0,573.0,297.0,35.0,93.08142259068539
0.0,0.0,373.0,485.0,250.0,573.0,297.0,35.0,154.30648279612564
0.0,0.0,373.0,485.0,250.0,573.0,297.0,35.0,114.7066750642614
0.0,0.0,373.0,485.0,250.0,573.0,264.53595627245267,35.0,55.0
0.0,0.0,373.0,485.0,250.0,573.0,116.9670771933755,35.0,55.0
0.0,0.0,373.0,485.0,250.0,573.0,129.0030742716331,35.0,55.0
0.0,0.0,373.0,485.0,250.0,573.0,292.3683901443456,35.0,55.0
0.0,380.0,373.0,485.0,250.0,573.0,156.83218504056558,35.0,55.0
0.0,380.0,373.0,485.0,250.0,573.0,184.95443339677544,35.0,55.0
0.0,380.0,373.0,485.0,250.0,573.0,120.16684714790472,35.0,55.0
0.0,380.0,373.0,485.0,250.0,434.07829773874215,65.0,35.0,55.0
0.0,380.0,373.0,485.0,245.91673231188773,207.89055477143262,65.0,35.0,55.0
0.0,359.62675718819116,360.765291827945,485.0,158.75604045854374,143.25,65.0,35.0,55.0
0.0,380.0,373.0,485.0,243.46897955937882,0.0,65.0,35.0,55.0
0.0,365.16136955834844,366.23910731979373,485.0,161.98456434113547,0.0,65.0,35.0,55.0
0.0,337.0219182510305,338.40876362153347,481.06809369908456,145.5698844118667,0.0,65.0,35.0,55.0
0.0,329.3232032456485,330.79461783401354,470.8582743853064,141.07896732539382,0.0,65.0,35.0,55.0
0.0,318.0345746338177,319.6299930970855,455.8876126129762,134.49393396849257,0.0,65.0,35.0,55.0
0.0,313.4320208950958,315.0779977138268,449.78383529150705,131.80911095423807,0.0,65.0,35.0,55.0
0.0,355.2807475886143,356.4670224853332,485.0,156.22086819212387,0.0,65.0,35.0,55.0
0.0,380.0,373.0,485.0,250.0,0.0,257.37658384457006,35.0,55.0
0.0,380.0,373.0,485.0,250.0,0.0,297.0,35.0,210.0704118726892
848.9362039084056,287.7727109032078,289.70055135442544,415.7551800483587,116.84118012563675,0.0,65.0,35.0,55.0
873.2913569709435,295.8810103078788,297.7197823186664,426.50817867291266,121.57102144502818,0.0,65.0,35.0,55.0
908.1411342768826,307.48317219358273,309.19449621395916,441.8946394549302,128.33894921168883,0.0,65.0,35.0,55.0
944.8959178072091,319.7195473316293,321.2964566251105,458.12217601495684,135.47683470888265,0.0,65.0,35.0,55.0
939.4404769765844,317.9033260364648,319.5001862456884,455.7135544145336,134.41737228670337,0.0,65.0,35.0,55.0
897.0603283521011,303.7941585440903,305.5460058204649,437.0023733064822,126.18702458281822,0.0,65.0,35.0,55.0
844.4773783655593,286.28828202683167,288.2324287043428,413.78657222207084,115.97526328108401,0.0,65.0,35.0,55.0
820.9729513638582,278.46320570825293,280.493309663506,403.40917608864316,112.5,0.0,65.0,35.0,55.0
943.5759293237049,319.2800977495435,320.86183433010063,457.5393903387141,0.0,0.0,65.0,35.0,55.0
1072.6334322977334,362.2458254477293,363.3555900194807,485.0,0.0,0.0,65.0,35.0,55.0
1097.495031134058,370.5227304019344,371.54157442684027,485.0,0.0,0.0,65.0,35.0,55.0
1057.6004679202006,357.2410621518551,358.40580329011414,485.0,0.0,0.0,65.0,35.0,55.0
947.5633838739243,320.6075981463867,322.174752336221,459.2998840290589,0.0,0.0,65.0,35.0,55.0
832.9512876356677,282.4510244919112,284.43732286204084,408.6977092021275,0.0,0.0,65.0,35.0,55.0
739.7681724129983,251.4285712252337,253.75564654412605,367.5566041863579,0.0,0.0,65.0,35.0,55.0
668.4468484778704,227.6843292195017,230.27223143921458,336.06765824516253,0.0,0.0,65.0,35.0,55.0
621.3441505524156,212.00293413376022,214.763094102521,315.271433121689,0.0,0.0,65.0,35.0,55.0
586.689079766531,200.46559379758995,203.35248970186169,299.97093685555694,0.0,0.0,65.0,35.0,55.0
573.5964260733375,196.1067972885516,199.04157391205143,294.19042351642213,0.0,0.0,65.0,35.0,55.0
554.4512592589181,189.73300262238462,192.73779441456583,285.73767629312647,0.0,0.0,65.0,35.0,55.0
548.6552626088198,187.8034037376314,190.82939188119818,283.1786965221354,0.0,0.0,65.0,35.0,55.0
600.7219163595346,205.1373952968756,207.97297216952643,306.1665486094924,0.0,0.0,65.0,35.0,55.0
738.484768820817,251.0013014578988,253.33307027044748,366.9899710378806,0.0,0.0,65.0,35.0,55.0
841.9779715717965,285.45618137996405,287.4094685570052,412.6830637470257,0.0,0.0,65.0,35.0,55.0
879.5402014858595,297.9613709662608,299.7772905304222,429.26709446791534,0.0,0.0,65.0,35.0,55.0
902.1264077475216,305.4807539204539,307.21407420216394,439.2390886591206,0.0,0.0,65.0,35.0,55.0
940.5276412442504,318.26526395414743,319.8581483301843,456.1935463014603,0.0,0.0,65.0,35.0,55.0
973.5203301964825,329.2491653693005,330.7213932525194,470.76008743600903,0.0,0.0,65.0,35.0,55.0
975.7666775407312,329.9970176528516,331.46103049204663,471.751868101109,0.0,0.0,65.0,35.0,55.0
927.4382687855099,313.90755983123756,315.54831292680643,450.4144816540857,0.0,0.0,65.0,35.0,55.0
849.4249305003165,287.9354173959185,289.8614705409662,415.9709568228715,0.0,0.0,65.0,35.0,55.0
873.2519927467349,295.8679051996951,297.7068211681104,426.4907990470206,0.0,0.0,65.0,35.0,55.0
966.8663243391977,327.03391869880073,328.5304807310516,467.8222896054048,0.0,0.0,65.0,35.0,55.0
1107.0989108656481,373.72004688400403,373.0,485.0,0.0,0.0,65.0,35.0,55.0
1118.9226728652945,377.6564049161845,373.0,485.0,0.0,0.0,65.0,35.0,55.0
1071.3634692406063,361.8230302933069,362.9374392057697,485.0,0.0,0.0,65.0,35.0,55.0
957.5061957327787,323.9177516596451,325.44854431467456,463.68971652027454,0.0,0.0,65.0,35.0,55.0
838.3269180982586,284.2406753788359,286.20731470513186,411.0710938744358,0.0,0.0,65.0,35.0,55.0
739.7372017120508,251.41826048255803,253.74544906339642,367.54293036941107,0.0,0.0,65.0,35.0,55.0
666.9375549710797,227.18185635016022,229.77527815821057,335.40129285789135,0.0,0.0,65.0,35.0,55.0
618.8228039463812,211.1635293009438,213.93291000461053,314.1582380406688,0.0,0.0,65.0,35.0,55.0
583.7099049624475,199.4737691423174,202.37156009015087,298.6556068928029,0.0,0.0,65.0,35.0,55.0
571.2401184385454,195.3223371070308,198.265730906767,293.15009448663176,0.0,0.0,65.0,35.0,55.0
552.7809206283052,189.17691473045392,192.18781506387222,285.0002081708199,0.0,0.0,65.0,35.0,55.0
548.582187090499,187.77907549053828,190.80533087621325,283.14643308507243,0.0,0.0,65.0,35.0,55.0
606.6644747756615,207.1157874155365,209.9296319505202,308.7902365949821,0.0,0.0,65.0,35.0,55.0
755.7683875259718,256.75535091501865,259.0239123661066,374.62082959527197,0.0,0.0,65.0,35.0,55.0
838.7261613856609,284.37359115650526,286.3387704231223,411.2473630405247,0.0,0.0,65.0,35.0,55.0
871.5396156633636,295.297821897405,297.1430001445197,425.73477060511635,0.0,0.0,65.0,35.0,55.0
893.112132478518,302.4797281166117,304.24601421207603,435.25921264191584,0.0,0.0,65.0,35.0,55.0
931.6716477611373,315.3169332044899,316.942204547095,452.28355298306684,0.0,0.0,65.0,35.0,55.0
992.7589062065477,335.65405775526006,337.05592886605746,479.25407558067025,0.0,0.0,65.0,35.0,55.0
989.5463891089023,334.58454895753465,335.99816846042825,477.8357230930617,0.0,0.0,65.0,35.0,55.0
938.3713652184929,317.5473981468145,319.1481681699774,455.2415328577512,0.0,0.0,65.0,35.0,55.0
870.4432765082528,294.9328294830327,296.78201711651747,425.25072793058746,0.0,0.0,65.0,35.0,55.0
883.9385792596166,299.425675616406,301.2255100158499,431.20901411136964,0.0,0.0,65.0,35.0,55.0
964.8993429563909,326.37907272290977,327.8828281389867,466.9538512897213,0.0,0.0,65.0,35.0,55.0
1096.1316257004273,370.0688264811728,371.0926565718749,485.0,0.0,0.0,65.0,35.0,55.0
1112.0738330554132,375.37629427140416,373.0,485.0,0.0,0.0,65.0,35.0,55.0
1069.3316036452181,361.14658311372426,362.2684226959628,485.0,0.0,0.0,65.0,35.0,55.0
954.6723707379872,322.97431675454675,324.5154728990641,462.4385596832399,0.0,0.0,65.0,35.0,55.0
837.1228664996447,283.8398234180551,285.8108660424051,410.5394952780098,0.0,0.0,65.0,35.0,55.0
742.0104715013865,252.1750757664611,254.49395084607482,368.5465975134935,0.0,0.0,65.0,35.0,55.0
670.2482121443311,228.28403786870848,230.86535237977478,336.8629749889348,0.0,0.0,65.0,35.0,55.0
622.6344876339668,212.43251219320834,215.1879533120737,315.84112746224616,0.0,0.0,65.0,35.0,55.0
586.2108032599687,200.3063663395046,203.19501133327802,299.7597738789164,0.0,0.0,65.0,35.0,55.0
573.1389281660012,195.9544874262334,198.89093715049356,293.9884344607306,0.0,0.0,65.0,35.0,55.0
559.4853086569117,191.40893459587815,194.39531652925962,287.9602501407868,0.0,0.0,65.0,35.0,55.0
551.8671181319255,188.87269228445422,191.88693445534753,284.59675691919136,0.0,0.0,65.0,35.0,55.0
611.60475007393,208.76050018564325,211.55627780004625,310.97140841315104,0.0,0.0,65.0,35.0,55.0
755.6346396172283,256.71082366092764,258.9798742371552,374.56177880322554,0.0,0.0,65.0,35.0,55.0
834.1567816801444,282.8523566706935,284.8342464676471,409.2299446501611,0.0,0.0,65.0,35.0,55.0
869.1670837593662,294.50796034427293,296.36181510087283,424.6872784282088,0.0,0.0,65.0,35.0,55.0
898.4726001789278,304.2643310280525,306.01101353092906,437.6259028311117,0.0,0.0,65.0,35.0,55.0
944.7626430934471,319.6751776132589,321.2525743013737,458.0633341423523,0.0,0.0,65.0,35.0,55.0
982.7656969173681,332.32712596706114,333.76554291947133,474.8419922131174,0.0,0.0,65.0,35.0,55.0
968.464443010584,327.5659631757343,329.0566807800189,468.52787202696317,0.0,0.0,65.0,35.0,55.0
917.2186679676313,310.5052579440432,312.18338481034255,445.9024445810291,0.0,0.0,65.0,35.0,55.0
864.3830485733872,292.9152629158973,294.7866132124301,422.57508789331223,0.0,0.0,65.0,35.0,55.0
888.5161330443342,300.94963141057286,302.7327253865202,433.230041424337,0.0,0.0,65.0,35.0,55.0
970.9054358721222,328.378616699824,329.86040742827583,469.6055902747306,0.0,0.0,65.0,35.0,55.0
1101.5801125678863,371.8827326681033,372.8866372741763,485.0,0.0,0.0,65.0,35.0,55.0
1113.5889471784265,375.8807049359601,373.0,485.0,0.0,0.0,65.0,35.0,55.0
1065.1846447635858,359.76598065375225,360.90298594483136,485.0,0.0,0.0,65.0,35.0,55.0
946.6303824511631,320.29698400812583,321.8675502472061,458.88795629491995,0.0,0.0,65.0,35.0,55.0
825.8059767156244,280.07221290610795,282.08464216108166,405.5429961811111,0.0,0.0,65.0,35.0,55.0
727.2312566898007,247.25479058695177,249.62771425376462,362.02145369144887,0.0,0.0,65.0,35.0,55.0
651.5022229693003,222.04313712472305,224.693006984871,328.58646794759477,0.0,0.0,65.0,35.0,55.0
603.249411359684,205.97884704847814,208.8051807011303,307.2824582566372,0.0,0.0,65.0,35.0,55.0
569.1104291659101,194.61332254173104,197.56450475904063,292.2098193111659,0.0,0.0,65.0,35.0,55.0
559.9075143360599,191.5494949958927,194.53433289457703,288.14665739002487,0.0,0.0,65.0,35.0,55.0
550.6097330572554,188.45408458257646,191.4729250956495,284.0416111583027,0.0,0.0,65.0,35.0,55.0
552.2584980959373,189.00299021036122,192.01580107828056,284.76955436390006,0.0,0.0,65.0,35.0,55.0
636.5110394404525,217.052283477852,219.7569771091209,321.96773820887324,0.0,0.0,65.0,35.0,55.0
786.3236421488892,266.9277835099775,269.08460233028745,388.11122360303966,0.0,0.0,65.0,35.0,55.0
863.6815032630367,292.68170497406635,294.5556208692026,422.2653499196731,0.0,0.0,65.0,35.0,55.0
889.1564415645145,301.16280244586267,302.943554770286,433.512742855903,0.0,0.0,65.0,35.0,55.0
919.436062244907,311.2434711941176,312.9134888997154,446.8814422310301,0.0,0.0,65.0,35.0,55.0
975.5094616047851,329.91138551517014,331.37633901042307,471.63830516851976,0.0,0.0,65.0,35.0,55.0
1001.1953764821801,338.4627211513712,339.8337395203174,482.97884598293484,0.0,0.0,65.0,35.0,55.0
993.3981697301723,335.8668808910755,337.26641417197186,479.5363156377379,0.0,0.0,65.0,35.0,55.0
957.0634354663698,323.77034824175985,325.302760101001,463.49423425319634,0.0,0.0,65.0,35.0,55.0
898.4761741770418,304.2655208808407,306.01219031336467,437.6274807804149,0.0,0.0,65.0,35.0,55.0
901.7978676321883,305.3713765901317,307.10589836524304,439.0940355198848,0.0,0.0,65.0,35.0,55.0
977.1912892310876,330.4712983149827,331.9301012529649,472.3808457760836,0.0,0.0,65.0,35.0,55.0
1106.43939136918,373.5004801448072,373.0,485.0,0.0,0.0,65.0,35.0,55.0
1112.5844400376952,375.5462851673688,373.0,485.0,0.0,0.0,65.0,35.0,55.0
1063.7852798851638,359.3001051414329,360.44222800442765,485.0,0.0,0.0,65.0,35.0,55.0
953.1205267759556,322.4576780193611,324.00450936210586,461.7534079231011,0.0,0.0,65.0,35.0,55.0
838.1593402717341,284.18488549373205,286.1521376634629,410.99710689790163,0.0,0.0,65.0,35.0,55.0
745.7521022672778,253.42073669224848,255.72592837532892,370.1985579990592,0.0,0.0,65.0,35.0,55.0
620.1921513671018,211.6194114236185,214.3837843312407,314.76281609007526,0.0,0.0,65.0,35.0,55.0
577.0063488588482,197.2420262407465,200.16433254621086,295.6959322245087,0.0,0.0,65.0,35.0,55.0
544.7673639108606,186.50904740091954,189.54925385273046,281.46215755216,0.0,0.0,65.0,35.0,55.0
532.2811737470302,182.35215427805426,185.43802357098755,275.9494028052352,0.0,0.0,65.0,35.0,55.0
517.5,177.30261556282983,180.44395327346825,269.2528465793809,0.0,0.0,65.0,35.0,55.0
0.0,325.0303586748696,326.54892951041376,465.1652246517931,0.0,0.0,65.0,35.0,55.0
0.0,380.0,373.0,485.0,0.0,0.0,153.94566072384612,35.0,55.0
0.0,380.0,373.0,485.0,0.0,0.0,297.0,35.0,160.32170133019008
795.1415437824339,269.8634327494682,271.98800390767764,392.00439905931734,0.0,0.0,65.0,35.0,55.0
818.1557171473967,277.5252941927104,279.565700963854,402.1653442154921,0.0,0.0,65.0,35.0,55.0
839.6110700775345,284.6681942986445,286.63013739438196,411.6380574419164,0.0,0.0,65.0,35.0,55.0
847.3417752008025,287.24189488626666,289.17556627100373,415.05122677589185,0.0,0.0,65.0,35.0,55.0
848.6457061100855,287.67599859271115,289.60490141400624,415.62692290221185,0.0,0.0,65.0,35.0,55.0
848.4537438802225,287.61209067022264,289.54169551036324,415.54217001281785,0.0,0.0,65.0,35.0,55.0
830.1642347577259,281.5231609250933,283.519651735919,407.46720263597643,0.0,0.0,65.0,35.0,55.0
809.0867083664916,274.50604654888116,276.57961929793044,398.1613029065857,0.0,0.0,65.0,35.0,55.0
843.881897067579,286.090034836945,288.03635922979964,413.5236623745454,0.0,0.0,65.0,35.0,55.0
921.4497561344051,311.91386866291947,313.5765221538978,447.7705044992263,0.0,0.0,65.0,35.0,55.0
1030.8326777716813,348.329549406758,349.5921821622928,485.0,0.0,0.0,65.0,35.0,55.0
1036.7254463631273,350.29136553409654,351.5324480367173,485.0,0.0,0.0,65.0,35.0,55.0
995.5457442654847,336.581849804695,337.97352926040395,480.48448730247947,0.0,0.0,65.0,35.0,55.0
898.7712097217426,304.36374389448025,306.10933436208165,437.7577413785814,0.0,0.0,65.0,35.0,55.0
787.0729115061333,267.17722970592956,269.3313083975719,388.442032132437,0.0,0.0,65.0,35.0,55.0
698.4821928415223,237.6836736784566,240.16173461434008,349.32850763506565,0.0,0.0,65.0,35.0,55.0
631.6809885548846,215.44426653706668,218.16662399079115,319.83523136748016,0.0,0.0,65.0,35.0,55.0
587.1250594774511,200.61073983799565,203.49604133500537,300.16342545211063,0.0,0.0,65.0,35.0,55.0
553.858289775067,189.53559166378577,192.54255198543643,285.47587543201587,0.0,0.0,65.0,35.0,55.0
541.8809804466365,185.54811476935177,188.59887692052462,280.1877957224051,0.0,0.0,65.0,35.0,55.0
522.109905563278,178.96594325538894,182.08900956334395,271.45870498416144,0.0,0.0,65.0,35.0,55.0
517.5,171.0,167.85,250.21133822813331,0.0,0.0,65.0,35.0,55.0
0.0,0.0,373.0,485.0,0.0,0.0,297.0,35.0,192.70538076553137
0.0,0.0,373.0,485.0,250.0,0.0,297.0,35.0,210.93654557513557
0.0,0.0,373.0,485.0,250.0,486.531708460087,65.0,35.0,55.0
0.0,0.0,373.0,485.0,250.0,560.0049114778494,65.0,35.0,55.0
0.0,0.0,373.0,485.0,250.0,573.0,79.80006325010982,35.0,55.0
0.0,0.0,373.0,485.0,250.0,573.0,94.39902753798793,35.0,55.0
0.0,0.0,373.0,485.0,250.0,573.0,188.38684023400356,35.0,55.0
0.0,0.0,373.0,485.0,250.0,573.0,224.78324284123426,35.0,55.0
0.0,0.0,373.0,485.0,250.0,573.0,181.34111256003044,35.0,55.0
0.0,0.0,373.0,485.0,250.0,573.0,236.15403477460222,35.0,55.0
0.0,0.0,373.0,485.0,250.0,573.0,297.0,35.0,62.65026883919441
0.0,0.0,373.0,485.0,250.0,573.0,297.0,35.0,194.93545479739643
0.0,380.0,373.0,485.0,250.0,573.0,239.3363890742871,35.0,55.0
0.0,380.0,373.0,485.0,250.0,573.0,229.88789265016035,35.0,55.0
0.0,380.0,373.0,485.0,250.0,573.0,143.1065517947818,35.0,55.0
0.0,380.0,373.0,485.0,250.0,427.65642135688495,65.0,35.0,55.0
0.0,380.0,373.0,485.0,242.25264871070934,181.53810970198649,65.0,35.0,55.0
0.0,337.81290521563085,339.19106171417417,482.11707836502916,146.0312934745502,143.25,65.0,35.0,55.0
0.0,372.6062128944458,373.0,485.0,166.3273896205256,0.0,65.0,35.0,55.0
0.0,329.50990547155254,330.9792691642543,471.10587362630025,141.1878769571712,0.0,65.0,35.0,55.0
0.0,303.50793193313467,305.26292336546294,436.62278762515626,126.02005905976077,0.0,65.0,35.0,55.0
0.0,285.8446482159686,287.7936681436749,413.19823753930524,115.71647689141392,0.0,65.0,35.0,55.0
0.0,274.0812672145278,276.15950610020445,397.59797250028515,112.5,0.0,65.0,35.0,55.0
0.0,310.45927763543483,312.1379095884576,445.8414667889489,0.0,0.0,65.0,35.0,55.0
0.0,380.0,373.0,485.0,0.0,0.0,206.73885311532143,35.0,55.0
838.8454693985444,284.41331109122916,286.3780540403814,411.3000385008324,0.0,0.0,65.0,35.0,55.0
932.443491579206,315.57389487311406,317.19634353072286,452.62432832094925,0.0,0.0,65.0,35.0,55.0
940.4579123036203,318.2420498472048,319.8351892266891,456.1627604057297,0.0,0.0,65.0,35.0,55.0
958.4575837947581,324.2344870641301,325.7618004287316,464.1097621055194,0.0,0.0,65.0,35.0,55.0
1014.0410047052925,342.73927812502853,344.06331916358226,485.0,0.0,0.0,65.0,35.0,55.0
1036.3814217108722,350.1768331032836,351.4191737273035,485.0,0.0,0.0,65.0,35.0,55.0
1040.104411983732,351.4162882500246,352.6450136470537,485.0,0.0,0.0,65.0,35.0,55.0
1009.9757027474246,341.3858608272539,342.72476894976046,485.0,0.0,0.0,65.0,35.0,55.0
984.8381564151586,333.01708763837524,334.4479254663657,475.7569999764421,0.0,0.0,65.0,35.0,55.0
997.1809561466727,337.12624332538866,338.5119427007566,481.2064466785556,0.0,0.0,65.0,35.0,55.0
1058.3022193505208,357.47468871499274,358.6368635008537,485.0,0.0,0.0,65.0,35.0,55.0
1150.0,380.0,373.0,485.0,0.0,0.0,65.55390493401504,35.0,55.0
1072.5292178399736,362.21113044812734,363.3212761391925,485.0,0.0,0.0,65.0,35.0,55.0
1010.2499676252041,341.47716888594323,342.8150740032596,485.0,0.0,0.0,65.0,35.0,55.0
889.8934526769624,301.4081676360938,303.186224661079,433.83813927029155,0.0,0.0,65.0,35.0,55.0
751.9791029699848,255.49382512495094,257.77624424570246,372.947829572897,0.0,0.0,65.0,35.0,55.0
634.6011835822268,216.41645568902655,219.1281337922181,321.12452127798946,0.0,0.0,65.0,35.0,55.0
544.795323327191,186.51835562896497,189.55845983130115,281.47450186239996,0.0,0.0,65.0,35.0,55.0
517.5,171.0,167.85,227.2900657325584,0.0,0.0,65.0,35.0,55.0
0.0,0.0,373.0,485.0,0.0,0.0,194.25522950453964,35.0,55.0
0.0,0.0,373.0,485.0,0.0,0.0,162.9385892689415,35.0,55.0
0.0,0.0,373.0,485.0,0.0,0.0,142.52568542937914,35.0,55.0
0.0,0.0,373.0,485.0,0.0,0.0,229.7667582588639,35.0,55.0
0.0,380.0,373.0,485.0,0.0,0.0,177.2807347009814,35.0,55.0
789.5458647604164,268.00052346015053,270.1455583946442,389.53386115414804,0.0,0.0,65.0,35.0,55.0
862.4507403115522,292.27196028959696,294.1503771680096,421.72195804319904,0.0,0.0,65.0,35.0,55.0
894.5374444471895,302.9542419148775,304.7153155481639,435.88849949547534,0.0,0.0,65.0,35.0,55.0
907.0554175547078,307.12171619166617,308.83701075145757,441.41528667113846,0.0,0.0,65.0,35.0,55.0
931.6986329620121,315.32591709745196,316.95108975335404,452.2954671692411,0.0,0.0,65.0,35.0,55.0
956.428495354523,323.5589644529711,325.09369833110424,463.2139030176737,0.0,0.0,65.0,35.0,55.0
955.1063085997591,323.1187830240559,324.65835222849154,462.6301467867491,0.0,0.0,65.0,35.0,55.0
955.8346479257814,323.36126120961364,324.89816682792,462.9517145367368,0.0,0.0,65.0,35.0,55.0
933.4971270968318,315.9246704243236,317.54326586565026,453.089516991401,0.0,0.0,65.0,35.0,55.0
933.5265549275991,315.9344675158089,317.5529553375699,453.10250961858554,0.0,0.0,65.0,35.0,55.0
980.0273081561578,331.41546362171414,332.8638950468573,473.63297125122165,0.0,0.0,65.0,35.0,55.0
1076.199066361082,363.4328936824839,364.52961848953527,485.0,0.0,0.0,65.0,35.0,55.0
1043.8749400868069,352.6715696557687,353.8865059767499,485.0,0.0,0.0,65.0,35.0,55.0
980.4213893175853,331.5466608282515,332.9936510719592,473.80696129661004,0.0,0.0,65.0,35.0,55.0
885.096825529601,299.81127810132006,301.6068767158918,431.7203892817928,0.0,0.0,65.0,35.0,55.0
789.6654758477866,268.0403442942067,270.1849418028717,389.5866704243124,0.0,0.0,65.0,35.0,55.0
701.9293302106882,238.8312920821044,241.29674660370534,350.8504468852157,0.0,0.0,65.0,35.0,55.0
618.3975488129284,211.02195367887504,213.79288956929935,313.97048443249554,0.0,0.0,65.0,35.0,55.0
550.206465517591,188.31982905384348,191.34014434355788,283.86356525203377,0.0,0.0,65.0,35.0,55.0
517.5,171.0,167.85,243.67516343415502,0.0,0.0,65.0,35.0,55.0
0.0,0.0,373.0,485.0,0.0,0.0,267.5520793848123,35.0,55.0
0.0,0.0,373.0,485.0,0.0,0.0,231.44307832530228,35.0,55.0
0.0,0.0,373.0,485.0,0.0,0.0,297.0,35.0,83.8863293986677
0.0,0.0,373.0,485.0,0.0,0.0,297.0,35.0,270.9172166597602
0.0,380.0,373.0,485.0,0.0,0.0,297.0,35.0,141.73517996001704
793.230407290725,269.227178613098,271.35873892659333,391.1606167183108,0.0,0.0,65.0,35.0,55.0
802.0249438658252,272.15504917474624,274.25444727373866,395.0434763108091,0.0,0.0,65.0,35.0,55.0
815.21461386558,276.5461442802547,278.5973068648305,400.8668231401846,0.0,0.0,65.0,35.0,55.0
872.7111024375283,295.68783240110207,297.5287264419262,426.25199156607397,0.0,0.0,65.0,35.0,55.0
922.107088687034,312.13270732640336,313.7929569078207,448.0607221799013,0.0,0.0,65.0,35.0,55.0
925.1865006808578,313.1579028721732,314.806890835853,449.4203076790766,0.0,0.0,65.0,35.0,55.0
919.7697587430946,311.3545651835763,313.02336253853235,447.0287719553319,0.0,0.0,65.0,35.0,55.0
877.1533321492269,297.1667362057421,298.9913847123486,428.2132721976181,0.0,0.0,65.0,35.0,55.0
887.1254751061454,300.4866546063062,302.27483431230047,432.61605460774126,0.0,0.0,65.0,35.0,55.0
975.0980082582705,329.7744047737218,331.2408629816649,471.4566451617943,0.0,0.0,65.0,35.0,55.0
1093.7309458573145,369.26959393713025,370.3022034762329,485.0,0.0,0.0,65.0,35.0,55.0
1076.0655405736845,363.3884403768659,364.48565349674413,485.0,0.0,0.0,65.0,35.0,55.0
997.5883343901971,337.26186738658686,338.64607695219166,481.3863074940899,0.0,0.0,65.0,35.0,55.0
874.461997707967,296.27073914952143,298.1052300480334,427.02502610157546,0.0,0.0,65.0,35.0,55.0
744.769367125876,253.0935652414464,255.40235085334248,369.7646724227025,0.0,0.0,65.0,35.0,55.0
642.8091448464986,219.14904403539282,221.83070506962812,324.74840308889316,0.0,0.0,65.0,35.0,55.0
566.4694942578777,193.7341044605476,196.69494475526415,291.043825019909,0.0,0.0,65.0,35.0,55.0
517.5,173.7969696339141,176.97681633392318,264.6037575447446,0.0,0.0,65.0,35.0,55.0
0.0,302.9100551926389,304.6716142103742,435.8299003071941,0.0,0.0,65.0,35.0,55.0
0.0,289.4056917985604,291.3155942020639,417.9207933841876,0.0,0.0,65.0,35.0,55.0
0.0,287.1574397607512,289.09203887224584,414.93922476373365,0.0,0.0,65.0,35.0,55.0
0.0,303.1147940394608,304.87410403198476,436.1014192075692,0.0,0.0,65.0,35.0,55.0
0.0,380.0,373.0,485.0,0.0,0.0,139.035333545364,35.0,55.0
772.8445233750889,262.44032533435205,264.6464382028033,382.16008278028636,0.0,0.0,65.0,35.0,55.0
841.6420268206061,285.34433890379137,287.2988546534874,412.5347414006951,0.0,0.0,65.0,35.0,55.0
874.1241799981675,296.15827312936455,297.9939994500676,426.8758768287502,0.0,0.0,65.0,35.0,55.0
849.7476147250768,288.04284518751575,289.9677182545497,416.11342453868116,0.0,0.0,65.0,35.0,55.0
909.6408179089825,307.9824457506049,309.6882853266049,442.5567620041841,0.0,0.0,65.0,35.0,55.0
885.1643778410701,299.83376756650483,301.629119137709,431.75021417800457,0.0,0.0,65.0,35.0,55.0
822.5938137690395,279.00282201208967,281.0269983640052,404.12480005408287,0.0,0.0,65.0,35.0,55.0
790.095951679413,268.1836579872202,270.32668121668166,389.77672901328924,0.0,0.0,65.0,35.0,55.0
798.1091989818481,270.8514223065402,272.96514054916065,393.31464302269995,0.0,0.0,65.0,35.0,55.0
842.090010321312,285.49348123694557,287.4463586807093,412.73252976829616,0.0,0.0,65.0,35.0,55.0
921.8475561991012,312.0463039639611,313.70750267322353,447.946136470725,0.0,0.0,65.0,35.0,55.0
1036.6172083626063,350.2553310196374,351.4968093559397,485.0,0.0,0.0,65.0,35.0,55.0
1027.9569845578656,347.37217576538825,348.64532512531684,485.0,0.0,0.0,65.0,35.0,55.0
985.5703608543089,333.26085259451474,334.6890127013961,476.0802742053849,0.0,0.0,65.0,35.0,55.0
888.5434156756377,300.95871432385155,302.7417085253727,433.24208692847026,0.0,0.0,65.0,35.0,55.0
775.132511159918,263.2020405223448,265.39978606486744,383.1702480393627,0.0,0.0,65.0,35.0,55.0
686.3742586396683,233.65270924852257,236.17504971791666,343.98275597896173,0.0,0.0,65.0,35.0,55.0
610.6852098276551,208.45436753222504,211.2535079674421,310.5654238981687,0.0,0.0,65.0,35.0,55.0
555.5656463119054,190.10400352946615,193.1047199328953,286.22968726169745,0.0,0.0,65.0,35.0,55.0
517.5,175.82550701682445,178.9830705410364,267.2939467693464,0.0,0.0,65.0,35.0,55.0
0.0,318.5026169712073,320.09289406031434,456.5083171971315,0.0,0.0,65.0,35.0,55.0
0.0,304.8228913748333,306.56343817693084,438.36664985350274,0.0,0.0,65.0,35.0,55.0
0.0,311.6682500188836,313.3336015934518,447.4447719615304,0.0,0.0,65.0,35.0,55.0
0.0,380.0,373.0,485.0,0.0,0.0,88.9665397015134,35.0,55.0
0.0,380.0,373.0,485.0,0.0,0.0,244.28629709978088,35.0,55.0
0.0,380.0,373.0,485.0,0.0,0.0,273.03219058309037,35.0,55.0
0.0,380.0,373.0,485.0,0.0,0.0,292.810716962206,35.0,55.0
0.0,380.0,373.0,485.0,0.0,0.0,236.1521738319943,35.0,55.0
0.0,380.0,373.0,485.0,0.0,0.0,266.49966951334704,35.0,55.0
0.0,380.0,373.0,485.0,0.0,0.0,297.0,35.0,153.87229691011814
784.3800844793957,266.2807357392641,268.44466228129784,387.25312704773813,0.0,0.0,65.0,35.0,55.0
880.5757985417654,298.3061411662394,300.11827348199193,429.7243190104651,0.0,0.0,65.0,35.0,55.0
939.750518660257,318.0065448827061,319.60227124854293,455.85044034538873,0.0,0.0,65.0,35.0,55.0
994.8454763145646,336.34871712041354,337.74295750333613,480.1753132934421,0.0,0.0,65.0,35.0,55.0
1116.164245627401,376.73807137611556,373.0,485.0,0.0,0.0,65.0,35.0,55.0
1150.0,380.0,373.0,485.0,0.0,0.0,275.4833851789311,35.0,55.0
1150.0,380.0,373.0,485.0,0.0,0.0,285.94708529957336,35.0,55.0
1150.0,380.0,373.0,485.0,0.0,0.0,199.72345838227363,35.0,55.0
1075.0723760509993,363.05779678422033,364.1586419738663,485.0,0.0,0.0,65.0,35.0,55.0
931.4762589853807,315.2518845188964,316.87787041145685,452.197287245727,0.0,0.0,65.0,35.0,55.0
827.8525534234678,280.75355769828445,282.7585024839501,406.4465764816733,0.0,0.0,65.0,35.0,55.0
689.237797683065,234.6060365325354,237.11790484615813,345.2470318106897,0.0,0.0,65.0,35.0,55.0
639.1681818199959,217.93689733837078,220.63187362041427,323.1408882309284,0.0,0.0,65.0,35.0,55.0
601.2387930795451,205.30947350925177,208.1431601288121,306.39475389504594,0.0,0.0,65.0,35.0,55.0
587.4096816860546,200.70549605154315,203.58975666590405,300.28908847749875,0.0,0.0,65.0,35.0,55.0
561.7418432242637,192.16017840215187,195.13830803614624,288.95652854793497,0.0,0.0,65.0,35.0,55.0
547.1210440889653,187.29263285151836,190.32423173587952,282.5013265384034,0.0,0.0,65.0,35.0,55.0
591.5137654592224,202.07182456236174,204.94107626505078,302.10107492055704,0.0,0.0,65.0,35.0,55.0
651.0453890673166,221.89104832257198,224.5425888551678,328.3847720556796,0.0,0.0,65.0,35.0,55.0
669.5208332845218,228.0418794408465,230.62585402555217,336.54183129261,0.0,0.0,65.0,35.0,55.0
660.5568661889241,225.05760219659786,227.6743586146684,332.584166744085,0.0,0.0,65.0,35.0,55.0
658.4493288436506,224.35596243444468,226.98042625899342,331.65367182513575,0.0,0.0,65.0,35.0,55.0
685.9135824449323,233.49934127313225,236.02336646649843,343.7793636834734,0.0,0.0,65.0,35.0,55.0
736.3596528590273,250.29380943583715,252.63334994105242,366.05171501643554,0.0,0.0,65.0,35.0,55.0
786.5819158005392,267.0137677815827,269.169642077697,388.22525352573484,0.0,0.0,65.0,35.0,55.0
868.8839444905777,294.4136978299434,296.268588045981,424.56227013283814,0.0,0.0,65.0,35.0,55.0
916.7395988884064,310.34576662325776,312.02564547755065,445.6909316770969,0.0,0.0,65.0,35.0,55.0
943.0351896353211,319.1000750955225,320.6837891976579,457.3006493580886,0.0,0.0,65.0,35.0,55.0
995.1145569815102,336.4382992554961,337.8315555922378,480.294114601491,0.0,0.0,65.0,35.0,55.0
1072.2266316655775,362.11039368447746,363.2216459536282,485.0,0.0,0.0,65.0,35.0,55.0
1029.355680638423,347.8378286220211,349.10586285587306,485.0,0.0,0.0,65.0,35.0,55.0
965.194855988187,326.47745470119713,327.980129406149,467.0843227023329,0.0,0.0,65.0,35.0,55.0
850.2315906795817,288.2039701015621,290.1270732358281,416.32710386805127,0.0,0.0,65.0,35.0,55.0
727.2022676803934,247.24513958754665,249.6181692691257,362.00865480747217,0.0,0.0,65.0,35.0,55.0
630.8465661544464,215.1664712534425,217.89188024626736,319.4668270753301,0.0,0.0,65.0,35.0,55.0
558.2796109381916,191.00753461001858,193.9983258614265,287.4279247689144,0.0,0.0,65.0,35.0,55.0
517.5,173.01319386697966,176.20165022503463,263.5643361663296,0.0,0.0,65.0,35.0,55.0
0.0,306.59980357268336,308.3208312635166,440.72314083463584,0.0,0.0,65.0,35.0,55.0
0.0,297.1430231632504,298.96793215403574,428.1818246275949,0.0,0.0,65.0,35.0,55.0
0.0,279.1436290675891,281.16625867533435,404.3115344108878,0.0,0.0,65.0,35.0,55.0
0.0,270.42636478663775,272.54475222171163,392.7509436945481,0.0,0.0,65.0,35.0,55.0
0.0,292.51044122095936,294.38623842247443,422.0382247470956,0.0,0.0,65.0,35.0,55.0
0.0,328.0697980102373,329.5549810652035,469.1960436141264,0.0,0.0,65.0,35.0,55.0
0.0,348.1611810841679,349.4256633402159,485.0,0.0,0.0,65.0,35.0,55.0
0.0,350.0777982027989,351.3212267101953,485.0,0.0,0.0,65.0,35.0,55.0
0.0,366.3077250812453,367.3728703009618,485.0,0.0,0.0,65.0,35.0,55.0
0.0,380.0,373.0,485.0,0.0,0.0,147.3386728445708,35.0,55.0
0.0,380.0,373.0,485.0,0.0,0.0,242.9491307791951,35.0,55.0
0.0,380.0,373.0,485.0,0.0,0.0,297.0,35.0,128.12983440673707
793.9596990447868,269.46997388028876,271.5988671245612,391.48260497304227,0.0,0.0,65.0,35.0,55.0
819.2786804180646,277.89915028778995,279.9354503063739,402.6611416540839,0.0,0.0,65.0,35.0,55.0
831.9167632701524,282.10661141121795,284.0966931068552,408.24095826113,0.0,0.0,65.0,35.0,55.0
903.3448776976201,305.8864060280643,307.6152702828347,439.77705307526804,0.0,0.0,65.0,35.0,55.0
1000.6996176483146,338.29767348991044,339.6705048824105,482.75996441627103,0.0,0.0,65.0,35.0,55.0
998.7414622965393,337.64576586969207,339.0257583686264,481.89542286523925,0.0,0.0,65.0,35.0,55.0
956.4526638415766,323.5670106076672,325.10165610001013,463.22457360173365,0.0,0.0,65.0,35.0,55.0
849.3900057347424,287.9237902689945,289.8499711362698,415.9555372541579,0.0,0.0,65.0,35.0,55.0
728.4807161217756,247.67075968977076,250.03911399901477,362.5731002164764,0.0,0.0,65.0,35.0,55.0
631.7083372191611,215.45337143399348,218.17562887180475,319.84730602570926,0.0,0.0,65.0,35.0,55.0
618.2641661419806,210.97754801947875,213.74897169934337,313.91159489591337,0.0,0.0,65.0,35.0,55.0
566.6063191751533,193.77965611002568,196.73999602677446,291.10423433630666,0.0,0.0,65.0,35.0,55.0
527.5611282325278,180.78076024341252,183.88389106172636,273.8654642319505,0.0,0.0,65.0,35.0,55.0
517.5,175.03907079143815,178.20527319842898,266.25099716575795,0.0,0.0,65.0,35.0,55.0
0.0,315.35320672840487,316.9780796118457,452.33165791029,0.0,0.0,65.0,35.0,55.0
0.0,305.5948081343228,307.3268755477745,439.39034414977885,0.0,0.0,65.0,35.0,55.0
0.0,335.6671945217394,337.06892132714745,479.27149719090363,0.0,0.0,65.0,35.0,55.0
0.0,380.0,373.0,485.0,0.0,0.0,94.50055366967445,35.0,55.0
0.0,380.0,373.0,485.0,0.0,0.0,128.26152063277286,35.0,55.0
0.0,380.0,373.0,485.0,0.0,0.0,208.06132864770078,35.0,55.0
0.0,380.0,373.0,485.0,0.0,0.0,297.0,35.0,100.12022734763845
0.0,380.0,373.0,485.0,0.0,0.0,297.0,35.0,234.83042978652776
809.7476928071034,274.72610099619044,276.7972564804776,398.4531329255759,0.0,0.0,65.0,35.0,55.0
828.3678745073894,280.92511800945334,282.9281782310948,406.6740949412117,0.0,0.0,65.0,35.0,55.0
919.663645723909,311.31923811631947,312.98842353375676,446.9819221923096,0.0,0.0,65.0,35.0,55.0
928.1838331261197,314.1557725558132,315.7937990722106,450.74365438843506,0.0,0.0,65.0,35.0,55.0
919.4647301603724,311.2530152951669,312.92292816026077,446.89409934941386,0.0,0.0,65.0,35.0,55.0
979.8657488149855,331.361677406268,332.81069966483835,473.5616414850342,0.0,0.0,65.0,35.0,55.0
1105.1106399736434,373.0581132205789,373.0,485.0,0.0,0.0,65.0,35.0,55.0
1101.8895892300757,371.98576340781347,372.98853623682146,485.0,0.0,0.0,65.0,35.0,55.0
1046.5466076482019,353.5610192290033,354.76618508118764,485.0,0.0,0.0,65.0,35.0,55.0
924.8263233736265,313.03799291150494,314.68829806793445,449.2612864617059,0.0,0.0,65.0,35.0,55.0
794.42387334103,269.62450644102563,271.7517021685324,391.68754170886325,0.0,0.0,65.0,35.0,55.0
690.0542125932016,234.87783677591008,237.3867194050412,345.60748564907135,0.0,0.0,65.0,35.0,55.0
612.0631175896892,208.91309955734945,211.70720089077537,311.1737814080505,0.0,0.0,65.0,35.0,55.0
560.788378820982,191.84275174366803,194.8243682614109,288.53556624107847,0.0,0.0,65.0,35.0,55.0
522.0385049960034,178.9421726317497,182.0655000564038,271.42718105163993,0.0,0.0,65.0,35.0,55.0
517.5,171.0,173.68267465931723,260.186638115952,0.0,0.0,65.0,35.0,55.0
0.0,0.0,373.0,485.0,0.0,0.0,274.37663092476805,35.0,55.0
0.0,0.0,373.0,485.0,0.0,0.0,249.3478595161507,35.0,55.0
0.0,0.0,373.0,485.0,0.0,0.0,297.0,35.0,109.2945694966807
0.0,0.0,373.0,485.0,0.0,0.0,297.0,35.0,206.16603206768943
0.0,380.0,373.0,485.0,0.0,0.0,213.2503640068137,35.0,55.0
0.0,380.0,373.0,485.0,0.0,0.0,297.0,35.0,144.03907343366404
0.0,380.0,373.0,485.0,0.0,0.0,297.0,35.0,239.10213128977668
807.1019806156127,273.84529246535874,275.92612349790124,397.2850294247269,0.0,0.0,65.0,35.0,55.0
846.3394930718232,286.9082158669294,288.8455526651365,414.6087110451693,0.0,0.0,65.0,35.0,55.0
846.488323510173,286.9577643855353,288.8945569007729,414.67442089699233,0.0,0.0,65.0,35.0,55.0
938.2217507550274,317.49758861115146,319.0989057845167,455.17547685244807,0.0,0.0,65.0,35.0,55.0
946.5839206331761,320.28151597431156,321.85225212739965,458.8674430235139,0.0,0.0,65.0,35.0,55.0
931.7283445617345,315.3358086610862,316.96087265966054,452.3085850827327,0.0,0.0,65.0,35.0,55.0
978.4472531513504,330.8894328871944,332.3436426802546,472.93536408571595,0.0,0.0,65.0,35.0,55.0
1100.864637840421,371.6445373551086,372.6510585006046,485.0,0.0,0.0,65.0,35.0,55.0
1096.593940852838,370.2227400971306,371.2448794700817,485.0,0.0,0.0,65.0,35.0,55.0
1039.7157245922356,351.2868867333524,352.5170335864359,485.0,0.0,0.0,65.0,35.0,55.0
918.7012054103446,310.9988232044745,312.67152833117063,446.5569969478901,0.0,0.0,65.0,35.0,55.0
790.0866300217383,268.180554627895,270.3236119472884,389.7726134254341,0.0,0.0,65.0,35.0,55.0
686.2733988550988,233.61913108421874,236.1418404046601,343.93822556184784,0.0,0.0,65.0,35.0,55.0
609.0150385403081,207.89833535208962,210.70358371655814,309.8280296592782,0.0,0.0,65.0,35.0,55.0
558.4916547074317,191.07812806362895,194.06814385664495,287.5215438216516,0.0,0.0,65.0,35.0,55.0
520.1001622577586,178.29686101206076,181.42727708708264,270.57138693099773,0.0,0.0,65.0,35.0,55.0
517.5,171.0,172.36095433422102,258.41434138311314,0.0,0.0,65.0,35.0,55.0
0.0,0.0,373.0,485.0,0.0,0.0,275.7652426186265,35.0,55.0
0.0,0.0,373.0,485.0,0.0,0.0,258.54109415062163,35.0,55.0
0.0,0.0,373.0,485.0,0.0,0.0,297.0,35.0,125.87606539174053
0.0,0.0,373.0,485.0,0.0,0.0,297.0,35.0,209.5165740399102
0.0,380.0,373.0,485.0,0.0,0.0,269.1656766851961,35.0,55.0
0.0,380.0,373.0,485.0,0.0,0.0,297.0,35.0,182.7287403340171
770.7858640583999,261.7549580090444,263.9685995337207,381.2511679094194,0.0,0.0,65.0,35.0,55.0
813.5616774277606,275.99584991337815,278.0530573981962,400.13703822786204,0.0,0.0,65.0,35.0,55.0
852.7017254979364,289.0263255441945,290.9403952285225,417.4176885273235,0.0,0.0,65.0,35.0,55.0
821.9242337636848,278.77990593577283,280.8065309870115,403.82917502318617,0.0,0.0,65.0,35.0,55.0
892.9604283312194,302.4292228849645,304.19606377274613,435.1922340241649,0.0,0.0,65.0,35.0,55.0
876.3221035829587,296.89000421100934,298.71769257664886,427.8462780092908,0.0,0.0,65.0,35.0,55.0
884.6384566082904,299.65867826167874,301.45595316236773,431.518015666331,0.0,0.0,65.0,35.0,55.0
957.2686566537808,323.83867032651284,325.3703316780048,463.5848410804371,0.0,0.0,65.0,35.0,55.0
1072.0604683422953,362.0550747147388,363.1669346543904,485.0,0.0,0.0,65.0,35.0,55.0
1069.8663880372892,361.3246231349355,362.44450697451674,485.0,0.0,0.0,65.0,35.0,55.0
1015.8244792294194,343.33303113430304,344.65054988601247,485.0,0.0,0.0,65.0,35.0,55.0
902.8674711509872,305.72746819639025,307.4580783591601,439.5662741930284,0.0,0.0,65.0,35.0,55.0
778.268019722072,264.24591169583215,266.4321904716763,384.55460063076487,0.0,0.0,65.0,35.0,55.0
677.543383877021,230.71274100456054,233.2673765796648,340.0838527804261,0.0,0.0,65.0,35.0,55.0
601.6224534364021,205.4372014292986,208.2694849770099,306.56414307026427,0.0,0.0,65.0,35.0,55.0
551.7312898338947,188.82747242871227,191.84221133286943,284.53678761831486,0.0,0.0,65.0,35.0,55.0
517.5,175.58938095006945,178.74953828334804,266.9808030206616,0.0,0.0,65.0,35.0,55.0
0.0,322.37619085982,323.9239173266658,461.645341943944,0.0,0.0,65.0,35.0,55.0
0.0,304.83156789143953,306.5720193833168,438.37815640579885,0.0,0.0,65.0,35.0,55.0
0.0,296.5498766213716,298.38130123704883,427.3952103660018,0.0,0.0,65.0,35.0,55.0
0.0,324.7924710314314,326.3136550266951,464.84974474965526,0.0,0.0,65.0,35.0,55.0
0.0,365.1127490859858,366.19102093595325,485.0,0.0,0.0,65.0,35.0,55.0
0.0,380.0,373.0,485.0,0.0,0.0,124.35803643723811,35.0,55.0
0.0,380.0,373.0,485.0,0.0,0.0,203.3810349006918,35.0,55.0
0.0,380.0,373.0,485.0,0.0,0.0,266.6696652750406,35.0,55.0
0.0,380.0,373.0,485.0,0.0,0.0,297.0,35.0,112.03676502957626
0.0,380.0,373.0,485.0,0.0,0.0,297.0,35.0,202.95278476884977
768.8247449936546,261.1020637117131,263.3228771813221,380.38531785495064,0.0,0.0,65.0,35.0,55.0
872.6209339769547,295.6578135844142,297.49903737739135,426.2121814556618,0.0,0.0,65.0,35.0,55.0
891.0981406315435,301.8092314520289,303.58288285176326,434.3700188230648,0.0,0.0,65.0,35.0,55.0
904.4314258987208,306.2481388453252,307.97302951990594,440.25677296378393,0.0,0.0,65.0,35.0,55.0
971.9617084814122,328.7302701896249,330.2081980577721,470.0719432426502,0.0,0.0,65.0,35.0,55.0
1090.1599349437454,368.08073564540786,369.126404612715,485.0,0.0,0.0,65.0,35.0,55.0
1089.5050007947455,367.86269545667255,368.91075956241656,485.0,0.0,0.0,65.0,35.0,55.0
1036.3103902640912,350.15318536696395,351.3957857577843,485.0,0.0,0.0,65.0,35.0,55.0
918.779296779183,311.0248213247834,312.6972408660671,446.5914749238467,0.0,0.0,65.0,35.0,55.0
793.1096204038046,269.1869663327319,271.31896837203436,391.10728832305966,0.0,0.0,65.0,35.0,55.0
691.100788451001,235.2262620304321,237.73131726093402,346.06955742215814,0.0,0.0,65.0,35.0,55.0
612.1619966578644,208.94601830302764,211.73975802901995,311.2174373227292,0.0,0.0,65.0,35.0,55.0
558.2665793656063,191.00319614858643,193.99403505733588,287.42217122338235,0.0,0.0,65.0,35.0,55.0
518.0146094572755,177.60254032817318,180.74058341070747,269.6505983677953,0.0,0.0,65.0,35.0,55.0
0.0,323.36064898159407,324.8975613251325,462.9509026171561,0.0,0.0,65.0,35.0,55.0
0.0,307.6563925805231,309.3658138011945,442.12435946026716,0.0,0.0,65.0,35.0,55.0
0.0,302.22150733262015,303.9906299442723,434.91676750064585,0.0,0.0,65.0,35.0,55.0
0.0,331.914283861603,333.3572358219898,474.29449262404296,0.0,0.0,65.0,35.0,55.0
0.0,380.0,373.0,485.0,0.0,0.0,72.32909597323717,35.0,55.0
0.0,380.0,373.0,485.0,0.0,0.0,136.26255737867714,35.0,55.0
0.0,380.0,373.0,485.0,0.0,0.0,279.7018260324613,35.0,55.0
0.0,380.0,373.0,485.0,0.0,0.0,297.0,35.0,106.86999097571261
0.0,380.0,373.0,485.0,0.0,0.0,297.0,35.0,211.89794447170863
798.5008406312234,270.9818073525434,273.0940933351888,393.48755600362995,0.0,0.0,65.0,35.0,55.0
822.5009561919624,278.97190793673974,280.9964238750891,404.08380267681224,0.0,0.0,65.0,35.0,55.0
892.4910878427322,302.2729703993563,304.0415276970178,434.98501637235256,0.0,0.0,65.0,35.0,55.0
897.8746800904041,304.0652719178359,305.8141410548777,437.36191623767996,0.0,0.0,65.0,35.0,55.0
904.9485938263048,306.42031400630964,308.14331336283414,440.4851068198551,0.0,0.0,65.0,35.0,55.0
965.9391022932692,326.72522862636737,328.22518157229274,467.412913513252,0.0,0.0,65.0,35.0,55.0
1080.7586276605612,364.9508594318757,366.03090961516483,485.0,0.0,0.0,65.0,35.0,55.0
1083.20707407844,365.76599438838696,366.8370904376841,485.0,0.0,0.0,65.0,35.0,55.0
1037.3862496050358,350.5113596568685,351.7500255573831,485.0,0.0,0.0,65.0,35.0,55.0
924.721084831496,313.0029569744975,314.6536469953866,449.2148227874324,0.0,0.0,65.0,35.0,55.0
797.1243230288923,270.52353813835117,272.64085813887976,392.8798122605899,0.0,0.0,65.0,35.0,55.0
694.0984041560087,236.22422601669555,238.71831876401504,347.39302919300366,0.0,0.0,65.0,35.0,55.0
562.660860553652,192.46613696646997,195.44090569199267,289.36228219084904,0.0,0.0,65.0,35.0,55.0
518.3902880820089,177.7276109759105,180.8642801763295,269.81646354321254,0.0,0.0,65.0,35.0,55.0
0.0,312.1477800880871,313.8078640975011,448.0807112525248,0.0,0.0,65.0,35.0,55.0
0.0,303.1952018150683,304.95362854036017,436.20805373811123,0.0,0.0,65.0,35.0,55.0
0.0,291.6757592071334,293.56072526410344,420.93129293579136,0.0,0.0,65.0,35.0,55.0
0.0,316.1643879916307,317.7803501718013,453.4074236871071,0.0,0.0,65.0,35.0,55.0
0.0,335.59603675355544,336.9985452162655,479.1771297600502,0.0,0.0,65.0,35.0,55.0
0.0,380.0,373.0,485.0,0.0,0.0,176.19212282148482,35.0,55.0
0.0,380.0,373.0,485.0,0.0,0.0,297.0,35.0,63.24078857643598
0.0,380.0,373.0,485.0,0.0,0.0,297.0,35.0,101.11790541845996
0.0,380.0,373.0,485.0,0.0,0.0,297.0,35.0,164.18472930428607
766.8379625108761,260.4406255683781,262.6687048357738,379.50813719220764,0.0,0.0,65.0,35.0,55.0
810.1424868516523,274.8575355352452,276.92724723103515,398.62743771467393,0.0,0.0,65.0,35.0,55.0
829.4727608736877,281.29295595500355,283.2919755325462,407.1619112791582,0.0,0.0,65.0,35.0,55.0
863.4626993732006,292.6088609461458,294.4835770218918,422.1687462185831,0.0,0.0,65.0,35.0,55.0
863.851532082577,292.73831084193813,294.61160493019247,422.3404190296047,0.0,0.0,65.0,35.0,55.0
881.9442972184705,298.76174072568904,300.56886834931123,430.32852233246956,0.0,0.0,65.0,35.0,55.0
947.4030946505225,320.554234777602,322.121975155957,459.22911503022135,0.0,0.0,65.0,35.0,55.0
1057.225771145755,357.1163183809838,358.28242981066523,485.0,0.0,0.0,65.0,35.0,55.0
1060.635582813627,358.2515103399772,359.4051518579879,485.0,0.0,0.0,65.0,35.0,55.0
1014.4797082774082,342.8853309912733,344.20776766122054,485.0,0.0,0.0,65.0,35.0,55.0
916.2209976983776,310.1731143016084,311.8548897154951,445.461965023972,0.0,0.0,65.0,35.0,55.0
805.4838676700798,273.3065915095789,275.39334009049924,396.57061936813597,0.0,0.0,65.0,35.0,55.0
715.6754569503448,243.40764235071057,245.8228263579973,356.9194739015899,0.0,0.0,65.0,35.0,55.0
651.4519426967595,222.02639785386478,224.67645159236685,328.56426879737455,0.0,0.0,65.0,35.0,55.0
612.2369461491173,208.9709704317926,211.76443606243106,311.25052813411867,0.0,0.0,65.0,35.0,55.0
582.9062885046422,199.20622975015368,202.1069595776738,298.30080367546077,0.0,0.0,65.0,35.0,55.0
571.697761088401,195.47469515692057,198.4164153265633,293.3521474473255,0.0,0.0,65.0,35.0,55.0
554.0239220194806,189.59073382714334,192.5970884204844,285.54900341818734,0.0,0.0,65.0,35.0,55.0
546.8015313489026,187.18626090824282,190.2190282722839,282.3602590589423,0.0,0.0,65.0,35.0,55.0
593.1533557354202,202.61767573505864,205.4809313453203,302.8249673937234,0.0,0.0,65.0,35.0,55.0
650.1741195438689,221.6009859222192,224.25571274633404,328.00009945833676,0.0,0.0,65.0,35.0,55.0
668.2648719208721,227.62374571978052,230.21231344005852,335.9873141117433,0.0,0.0,65.0,35.0,55.0
659.7733935887425,224.79676908250008,227.4163907128088,332.23825720409985,0.0,0.0,65.0,35.0,55.0
680.1445936327194,231.57873381763775,234.1238565929014,341.23230809308126,0.0,0.0,65.0,35.0,55.0
717.5754290772805,244.0401796550817,246.4484153359189,357.75832708453527,0.0,0.0,65.0,35.0,55.0
776.382987744501,263.618348254852,265.8115207200099,383.72234364555874,0.0,0.0,65.0,35.0,55.0
801.3218658130446,271.92098095344784,274.02295025638637,394.73306161889195,0.0,0.0,65.0,35.0,55.0
879.9884452974646,298.11059996192563,299.92488026818006,429.4649977649005,0.0,0.0,65.0,35.0,55.0
916.8034534264877,310.3670250284824,312.04667036241483,445.7191239762131,0.0,0.0,65.0,35.0,55.0
953.967553996779,322.739669690393,324.28340339735746,462.1273773462078,0.0,0.0,65.0,35.0,55.0
1025.5106360195866,346.55773923338984,347.8398350552229,485.0,0.0,0.0,65.0,35.0,55.0
1150.0,380.0,373.0,485.0,0.0,0.0,67.66896880451479,35.0,55.0
1135.70206151836,380.0,373.0,485.0,0.0,0.0,65.0,35.0,55.0
1072.0925307159991,362.06574889629485,363.17749158167936,485.0,0.0,0.0,65.0,35.0,55.0
955.9088332842083,323.3859589438477,324.9225932612856,462.9844679772542,0.0,0.0,65.0,35.0,55.0
839.3972863523926,284.5970215802122,286.5597464974779,411.54367018446413,0.0,0.0,65.0,35.0,55.0
743.669622755459,252.7274391653324,255.04024661670095,369.279126317856,0.0,0.0,65.0,35.0,55.0
730.3003210816619,248.27654121678876,250.63824110774357,363.37647064000225,0.0,0.0,65.0,35.0,55.0
679.4739080387786,231.35544966959287,233.90302518739188,340.9361949358108,0.0,0.0,65.0,35.0,55.0
640.9026357540798,218.51433044934532,221.2029637161546,323.9066637823966,0.0,0.0,65.0,35.0,55.0
626.774751074452,213.81088561190398,216.5511855076094,317.6690875233679,0.0,0.0,65.0,35.0,55.0
613.7863932737441,209.48681121365593,212.2746104114633,311.9346216710038,0.0,0.0,65.0,35.0,55.0
626.7004870922138,213.78616170228932,216.52673318639583,317.6362993697969,0.0,0.0,65.0,35.0,55.0
696.7896356326459,237.12018879401077,239.6044395259734,348.581229829326,0.0,0.0,65.0,35.0,55.0
732.1181830263806,248.88174246049638,251.23679430748624,364.1790715081223,0.0,0.0,65.0,35.0,55.0
758.6902724043207,257.7281026509162,259.9859785715719,375.9108655887767,0.0,0.0,65.0,35.0,55.0
769.9513430405779,261.47712989379437,263.69382331822146,380.8827200768905,0.0,0.0,65.0,35.0,55.0
782.3342296704516,265.59963128113117,267.7710396524398,386.34986547142506,0.0,0.0,65.0,35.0,55.0
808.0958282891492,274.17616349207645,276.25335995652244,397.7238212746123,0.0,0.0,65.0,35.0,55.0
831.9355610185842,282.1128695436151,284.10288249461615,408.2492576203051,0.0,0.0,65.0,35.0,55.0
882.7499644749448,299.0299628682171,300.8341441122434,430.6842309941426,0.0,0.0,65.0,35.0,55.0
921.5879146212985,311.95986428340075,313.6220125194572,447.8315025974818,0.0,0.0,65.0,35.0,55.0
953.6103129775219,322.6207372765285,324.1657774380392,461.9696525239149,0.0,0.0,65.0,35.0,55.0
991.4154874928099,335.20680779838835,336.61359188219683,478.660945266772,0.0,0.0,65.0,35.0,55.0
1093.1195579500843,369.066051130748,370.1008965567389,485.0,0.0,0.0,65.0,35.0,55.0
1150.0,380.0,373.0,485.0,0.0,0.0,218.6379111942224,35.0,55.0
1150.0,380.0,373.0,485.0,0.0,0.0,204.40318796538804,35.0,55.0
1150.0,380.0,373.0,485.0,0.0,0.0,110.28525058087946,35.0,55.0
1016.8699534229823,343.6810896235886,344.99478500552937,485.0,0.0,0.0,65.0,35.0,55.0
881.9843409905307,298.775072068437,300.58205324927906,430.34620198427797,0.0,0.0,65.0,35.0,55.0
776.1746703390647,263.5489953795018,265.7429296754874,383.6303698128189,0.0,0.0,65.0,35.0,55.0
694.8602329023154,236.4778534750933,238.96916016321066,347.7293827950584,0.0,0.0,65.0,35.0,55.0
641.7343178832972,218.7912134439171,221.47680519298297,324.27385822246345,0.0,0.0,65.0,35.0,55.0
601.6506657562057,205.4465938537798,208.27877422713127,306.5765990394493,0.0,0.0,65.0,35.0,55.0
590.4707949999413,201.72459961442715,204.5976655305594,301.64059496030785,0.0,0.0,65.0,35.0,55.0
586.3623302395278,200.35681258860004,203.24490343797055,299.82667427566605,0.0,0.0,65.0,35.0,55.0
626.3281831679436,213.6622145573149,216.40414758202908,317.4719241521453,0.0,0.0,65.0,35.0,55.0
698.7084047631673,237.75898398280552,240.23621764640635,349.42838204259084,0.0,0.0,65.0,35.0,55.0
806.5667839482059,273.66711518975,275.7499034726685,397.0487357330504,0.0,0.0,65.0,35.0,55.0
852.452042871124,288.9432013901749,290.8581841807403,417.3074516121296,0.0,0.0,65.0,35.0,55.0
839.996049317948,284.7963613004219,286.7568965010641,411.80802891497666,0.0,0.0,65.0,35.0,55.0
839.03825503837,284.47749314274876,286.44153106178965,411.3851549324375,0.0,0.0,65.0,35.0,55.0
878.4228537682485,297.58938439691946,299.40939017718347,428.77377634177714,0.0,0.0,65.0,35.0,55.0
940.0045324903947,318.0911109777085,319.6859083978048,455.9625895221595,0.0,0.0,65.0,35.0,55.0
962.9432206048315,325.727841927608,327.2387510153,466.09020732485817,0.0,0.0,65.0,35.0,55.0
980.3344350891598,331.51771209133466,332.96502033253125,473.76857029589416,0.0,0.0,65.0,35.0,55.0
1004.5897503954399,339.59277358460554,340.95137849879274,484.4774897371655,0.0,0.0,65.0,35.0,55.0
1053.8850120688855,356.0041153591191,357.18244417048015,485.0,0.0,0.0,65.0,35.0,55.0
1150.0,380.0,373.0,485.0,0.0,0.0,84.37433020418119,35.0,55.0
1150.0,380.0,373.0,485.0,0.0,0.0,288.74571344517784,35.0,55.0
1150.0,380.0,373.0,485.0,0.0,0.0,267.80041581383324,35.0,55.0
1150.0,380.0,373.0,485.0,0.0,0.0,162.71283081928743,35.0,55.0
1045.4754786908368,353.20441977487434,354.41350281803204,485.0,0.0,0.0,65.0,35.0,55.0
905.9840257954357,306.7650292457222,308.48424195757127,440.9422584752479,0.0,0.0,65.0,35.0,55.0
801.9667964813675,272.13569079085227,274.2353015387587,395.01780376654347,0.0,0.0,65.0,35.0,55.0
724.0167849058344,246.18463103651328,248.56931024384235,360.6022381938947,0.0,0.0,65.0,35.0,55.0
674.6067394953418,229.73507554581514,232.3004506278526,338.78730034587903,0.0,0.0,65.0,35.0,55.0
639.1387451333269,217.92709729858532,220.622181232581,323.127891693791,0.0,0.0,65.0,35.0,55.0
626.016107601115,213.5583185922092,216.30139289835824,317.3341402452961,0.0,0.0,65.0,35.0,55.0
604.1114144419653,206.26582447214443,209.08900572127905,307.6630396446634,0.0,0.0,65.0,35.0,55.0
592.770415993648,202.49018772164877,205.3548437684214,302.6558963759396,0.0,0.0,65.0,35.0,55.0
651.9264664642055,222.18437595284058,224.8326943258615,328.7737749091022,0.0,0.0,65.0,35.0,55.0
720.9954821647287,245.17878117984708,247.57450949545012,359.26830840351124,0.0,0.0,65.0,35.0,55.0
745.0164787103026,253.17583344595116,255.48371535408563,369.87377420172345,0.0,0.0,65.0,35.0,55.0
741.4018983993219,251.9724700629166,254.29357073548593,368.2779075277382,0.0,0.0,65.0,35.0,55.0
777.1421346239661,263.87108286813975,266.0614790818638,384.05751318153995,0.0,0.0,65.0,35.0,55.0
871.5787797366395,295.3108603714894,297.15589539294183,425.75206186274,0.0,0.0,65.0,35.0,55.0
939.072027252665,317.7806620289985,319.3788696837586,455.5508808577569,0.0,0.0,65.0,35.0,55.0
958.8336744377578,324.3596948806816,325.8856328563891,464.2758091903601,0.0,0.0,65.0,35.0,55.0
973.3421392579775,329.1898421748665,330.6627217143879,470.68141468401546,0.0,0.0,65.0,35.0,55.0
996.0499856140834,336.7497214586384,338.13955686966386,480.7071139685489,0.0,0.0,65.0,35.0,55.0
1036.752226440675,350.30028113755344,351.5412657036211,485.0,0.0,0.0,65.0,35.0,55.0
1140.247685637571,380.0,373.0,485.0,0.0,0.0,65.0,35.0,55.0
1150.0,380.0,373.0,485.0,0.0,0.0,263.24158094326646,35.0,55.0
1150.0,380.0,373.0,485.0,0.0,0.0,249.4066447231577,35.0,55.0
1150.0,380.0,373.0,485.0,0.0,0.0,147.6494526736167,35.0,55.0
1039.1729637386456,351.1061911945175,352.338322960717,485.0,0.0,0.0,65.0,35.0,55.0
900.8412219843791,305.05289083409093,306.7909111269769,438.67166866763534,0.0,0.0,65.0,35.0,55.0
791.5212602226434,268.6581706450907,270.7959814249013,390.4060143544886,0.0,0.0,65.0,35.0,55.0
707.6299094898495,240.72912468684382,243.1737318048321,353.36729910907917,0.0,0.0,65.0,35.0,55.0
651.1640967999917,221.93056841245635,224.5816748228527,328.43718248738173,0.0,0.0,65.0,35.0,55.0
608.3381958072979,207.67300137389495,210.48072499797243,309.5291980749145,0.0,0.0,65.0,35.0,55.0
591.8484684447566,202.1832536308377,205.05128130209272,302.2488490172273,0.0,0.0,65.0,35.0,55.0
570.4270414164279,195.0516481108475,197.99801538819332,292.79111435302156,0.0,0.0,65.0,35.0,55.0
570.4157898850688,195.0479022594137,197.99431068436994,292.7861467102021,0.0,0.0,65.0,35.0,55.0
634.8871923756883,216.51167352337148,219.22230567307975,321.25079649189615,0.0,0.0,65.0,35.0,55.0
697.3029746612128,237.29108924078835,239.7734626572371,348.80787319526735,0.0,0.0,65.0,35.0,55.0
720.3856997145558,244.97577286103174,247.37373119225813,358.99908448070727,0.0,0.0,65.0,35.0,55.0
719.4516501363012,244.66480977162522,247.0661839852731,358.5866939773732,0.0,0.0,65.0,35.0,55.0
735.1335728962,249.8856238084611,252.2296481709468,365.51039071763023,0.0,0.0,65.0,35.0,55.0
766.0456780506283,260.176858816395,262.40783552159655,379.15833714416755,0.0,0.0,65.0,35.0,55.0
832.8922944984224,282.43138454062955,284.41789865264826,408.67166325111145,0.0,0.0,65.0,35.0,55.0
895.2371446807085,303.18718559510495,304.94570037735855,436.197422852652,0.0,0.0,65.0,35.0,55.0
946.2663223069254,320.17578137625543,321.74767900788277,458.72722077335743,0.0,0.0,65.0,35.0,55.0
963.4605009858914,325.90005452651985,327.4090718849057,466.31859083005577,0.0,0.0,65.0,35.0,55.0
998.3045969315514,337.50032497799424,338.88191512308737,481.70254324519465,0.0,0.0,65.0,35.0,55.0
1089.1799538845187,367.75448108159077,368.80373390584896,485.0,0.0,0.0,65.0,35.0,55.0
1150.0,380.0,373.0,485.0,0.0,0.0,199.06943146046888,35.0,55.0
1150.0,380.0,373.0,485.0,0.0,0.0,182.0641879951874,35.0,55.0
1147.411788488143,380.0,373.0,485.0,0.0,0.0,65.0,35.0,55.0
974.169009671354,329.46512325658693,330.9349788751349,471.0464847123127,0.0,0.0,65.0,35.0,55.0
825.4467207289722,279.9526096708002,281.96635274919197,405.38438173428693,0.0,0.0,65.0,35.0,55.0
711.9405381927834,242.1642159817336,244.59305883928562,355.2704768224193,0.0,0.0,65.0,35.0,55.0
629.4896881340294,214.71474043422293,217.4451116216529,318.86775436781045,0.0,0.0,65.0,35.0,55.0
571.0065733988876,195.2445854664987,198.18883335622562,293.046982447723,0.0,0.0,65.0,35.0,55.0
528.4773765927135,181.08579696456746,184.1855770007171,274.26999535238843,0.0,0.0,65.0,35.0,55.0
517.5,174.16444572599121,177.34025575680704,265.0910940027922,0.0,0.0,65.0,35.0,55.0
0.0,328.0956525108424,329.5805515580368,469.230331125671,0.0,0.0,65.0,35.0,55.0
0.0,351.2657644700291,352.4961433479749,485.0,0.0,0.0,65.0,35.0,55.0
0.0,380.0,373.0,485.0,0.0,0.0,120.27949985460873,35.0,55.0
0.0,380.0,373.0,485.0,0.0,0.0,297.0,35.0,123.55856827146638
0.0,380.0,373.0,485.0,0.0,0.0,297.0,35.0,197.67676833759717
0.0,380.0,373.0,485.0,0.0,0.0,297.0,35.0,242.93872660303032
800.2658034603112,271.5693974621031,273.67522885642376,394.2668014809562,0.0,0.0,65.0,35.0,55.0
864.9436195701471,293.1018877943217,294.97118804484154,422.822584558254,0.0,0.0,65.0,35.0,55.0
926.110433417883,313.46549787033814,315.1111069495684,449.82823151453357,0.0,0.0,65.0,35.0,55.0
949.9181573725372,321.3915475844342,322.9500902084717,460.33953572521955,0.0,0.0,65.0,35.0,55.0
960.8409229634711,325.0279465637762,326.5465438959952,465.1620257779016,0.0,0.0,65.0,35.0,55.0
961.6646763044129,325.3021899120649,326.8177747226549,465.5257195933079,0.0,0.0,65.0,35.0,55.0
965.2726283464644,326.5033466167479,328.00573690293044,467.11865983252613,0.0,0.0,65.0,35.0,55.0
1002.5064758208331,338.89921136597866,340.2654349560523,483.55770702926,0.0,0.0,65.0,35.0,55.0
1093.9938217585825,369.35711038624805,370.38875857041717,485.0,0.0,0.0,65.0,35.0,55.0
1073.8913151136298,362.6645988572452,363.7697632665435,485.0,0.0,0.0,65.0,35.0,55.0
1016.4260946019336,343.53332047571155,344.8486390793525,485.0,0.0,0.0,65.0,35.0,55.0
903.9689787901922,306.0941812986349,307.82076317353915,440.05259879541927,0.0,0.0,65.0,35.0,55.0
780.4464699563459,264.971159724137,267.14947176027624,385.51640416830196,0.0,0.0,65.0,35.0,55.0
680.2856172536178,231.6256832963965,234.17029033874954,341.294571171357,0.0,0.0,65.0,35.0,55.0
550.1858604358006,188.31296922537163,191.33335986926244,283.8544679404471,0.0,0.0,65.0,35.0,55.0
517.5,173.45557103197945,176.63916794390371,264.15100432069454,0.0,0.0,65.0,35.0,55.0
0.0,313.6684677194603,315.31184720565096,450.0974044199124,0.0,0.0,65.0,35.0,55.0
0.0,312.51147069733867,314.16755962051474,448.56302750971594,0.0,0.0,65.0,35.0,55.0
0.0,316.1400487187753,317.75627826217044,453.3751456279883,0.0,0.0,65.0,35.0,55.0
0.0,341.50787533308426,342.84544314473135,485.0,0.0,0.0,65.0,35.0,55.0
0.0,380.0,373.0,485.0,0.0,0.0,210.13311668236892,35.0,55.0
0.0,380.0,373.0,485.0,0.0,0.0,297.0,35.0,129.0372489224857
0.0,380.0,373.0,485.0,0.0,0.0,297.0,35.0,224.3657708401419
0.0,380.0,373.0,485.0,0.0,0.0,297.0,35.0,232.84748012255235
768.0573025460833,260.8465673440744,263.0701874025704,380.0464857580236,0.0,0.0,65.0,35.0,55.0
765.6817017627391,260.05568410191756,262.28799189299787,378.9976386458664,0.0,0.0,65.0,35.0,55.0
816.0980762567065,276.8402659210272,278.88819762394303,401.25687898800595,0.0,0.0,65.0,35.0,55.0
844.021661808412,286.1365652102907,288.08237847404416,413.58536964700966,0.0,0.0,65.0,35.0,55.0
912.7370155003489,309.0132295449976,310.7077461171956,443.92375848151363,0.0,0.0,65.0,35.0,55.0
934.0376905390495,316.1046344026023,317.7212529668948,453.3281801579073,0.0,0.0,65.0,35.0,55.0
970.001748167294,328.0777616626886,329.56285723813926,469.2066047860296,0.0,0.0,65.0,35.0,55.0
1052.0387693452644,355.3894656076527,356.5745462534049,485.0,0.0,0.0,65.0,35.0,55.0
1150.0,380.0,373.0,485.0,0.0,0.0,123.9764792699614,35.0,55.0
1150.0,380.0,373.0,485.0,0.0,0.0,110.37892922104194,35.0,55.0
1108.3408132219024,374.13350009080676,373.0,485.0,0.0,0.0,65.0,35.0,55.0
974.7667543414727,329.66412396663884,331.1317935925385,471.31039385708857,0.0,0.0,65.0,35.0,55.0
850.7391418456275,288.37294365746305,290.29419064281956,416.5511918455058,0.0,0.0,65.0,35.0,55.0
751.5846020254979,255.36248816455037,257.6463500019123,372.77365418986574,0.0,0.0,65.0,35.0,55.0
677.2774744765443,230.62421464514716,233.17982266889652,339.966451612376,0.0,0.0,65.0,35.0,55.0
627.1350887236225,213.93084895349122,216.66983107006558,317.82817953301196,0.0,0.0,65.0,35.0,55.0
590.7415147666765,201.81472743738993,204.68680331304267,301.760119944276,0.0,0.0,65.0,35.0,55.0
578.5559282713416,197.75791106378776,200.67455045263534,296.38008416756537,0.0,0.0,65.0,35.0,55.0
567.7477757144907,194.15966897032683,197.1158345033829,291.60819670377634,0.0,0.0,65.0,35.0,55.0
560.4810782178606,191.7404454559208,194.7231857927336,288.3998905196324,0.0,0.0,65.0,35.0,55.0
609.839657594573,208.17286691301263,210.97509958988013,310.19210569417413,0.0,0.0,65.0,35.0,55.0
678.226839418321,230.94027651396226,233.49241264597083,340.3856039735585,0.0,0.0,65.0,35.0,55.0
688.1902701368891,234.25729444262842,236.77299363526907,344.78453985942633,0.0,0.0,65.0,35.0,55.0
706.2282524694524,240.26248607632652,242.71221914874852,352.748456108022,0.0,0.0,65.0,35.0,55.0
773.7777874062738,262.7510269000136,264.9537267588421,382.57212645818515,0.0,0.0,65.0,35.0,55.0
793.2800164272902,269.2436944498675,271.3750733393984,391.1825195565266,0.0,0.0,65.0,35.0,55.0
813.5873805496041,276.0044069775447,278.06152046430935,400.1483863656922,0.0,0.0,65.0,35.0,55.0
845.6333707888317,286.67313416277824,288.61305329788695,414.2969523007969,0.0,0.0,65.0,35.0,55.0
892.0979916591161,302.1421011108978,303.9120959878643,434.8114612026976,0.0,0.0,65.0,35.0,55.0
915.0111359529212,309.7703280310714,311.4565279911118,444.92780120034973,0.0,0.0,65.0,35.0,55.0
952.9150202509774,322.3892609402379,323.9368438342306,461.6626751169983,0.0,0.0,65.0,35.0,55.0
1033.4944544422533,349.2157061119919,350.4686045703858,485.0,0.0,0.0,65.0,35.0,55.0
1150.0,380.0,373.0,485.0,0.0,0.0,97.07845387029373,35.0,55.0
1150.0,380.0,373.0,485.0,0.0,0.0,88.1539281163165,35.0,55.0
1095.090001272188,369.7220496528894,370.74968903450826,485.0,0.0,0.0,65.0,35.0,55.0
969.1420899260596,327.791564881756,329.27980428548204,468.8270586644412,0.0,0.0,65.0,35.0,55.0
846.8536104384526,287.07937543743463,289.01483207369296,414.8356980537103,0.0,0.0,65.0,35.0,55.0
748.7032046055823,254.40321548313744,256.6976147855604,371.50149373932015,0.0,0.0,65.0,35.0,55.0
734.0464956019122,249.52371484589077,251.8717147234956,365.03043723015895,0.0,0.0,65.0,35.0,55.0
682.243512425049,232.27750429756858,234.81495118498452,342.1589978506458,0.0,0.0,65.0,35.0,55.0
644.0224198366931,219.55296664082402,222.23019064643904,325.28407388789276,0.0,0.0,65.0,35.0,55.0
631.5557097705457,215.40255881756005,218.12537442426395,319.7799197629001,0.0,0.0,65.0,35.0,55.0
622.2902158054279,212.31789747265125,215.07459761685604,315.6891286433824,0.0,0.0,65.0,35.0,55.0
620.5826437512882,211.7494138571116,214.5123587076992,314.9352216610554,0.0,0.0,65.0,35.0,55.0
662.6492770861861,225.75420607295334,228.36331040298816,333.50798321292365,0.0,0.0,65.0,35.0,55.0
737.9991968345204,250.83964519413794,253.17318977625064,366.7755870474633,0.0,0.0,65.0,35.0,55.0
745.1942623932399,253.23502105716506,255.54225279835816,369.95226714706376,0.0,0.0,65.0,35.0,55.0
738.7317012853248,251.0835100299337,253.4143757937744,367.0989937339972,0.0,0.0,65.0,35.0,55.0
809.6986117601234,274.709760970612,276.78109594760434,398.431463243217,0.0,0.0,65.0,35.0,55.0
856.7069841076333,290.35975325524885,292.25917543820543,419.1860428550694,0.0,0.0,65.0,35.0,55.0
889.4079085253859,301.2465206390472,303.02635333180297,433.62376756913017,0.0,0.0,65.0,35.0,55.0
931.8880728425191,315.38898528127294,317.01346514273155,452.3791064208318,0.0,0.0,65.0,35.0,55.0
965.346238634607,326.52785289901146,328.02997398739643,467.15115937482494,0.0,0.0,65.0,35.0,55.0
989.801995323024,334.66964518782606,336.08232992152335,477.94857532034274,0.0,0.0,65.0,35.0,55.0
1035.565816726981,349.9053024999509,351.15062584650735,485.0,0.0,0.0,65.0,35.0,55.0
1146.449256737071,380.0,373.0,485.0,0.0,0.0,65.0,35.0,55.0
1150.0,380.0,373.0,485.0,0.0,0.0,280.50450643371,35.0,55.0
1150.0,380.0,373.0,485.0,0.0,0.0,265.1407582386962,35.0,55.0
1150.0,380.0,373.0,485.0,0.0,0.0,154.75457005112935,35.0,55.0
1030.772492502973,348.3095125719582,349.5723654290873,485.0,0.0,0.0,65.0,35.0,55.0
886.3239995920173,300.2198279755158,302.01093873162097,432.262196634486,0.0,0.0,65.0,35.0,55.0
776.7191471737,263.7302622014673,265.9222053088783,383.87076077398024,0.0,0.0,65.0,35.0,55.0
693.6148069886614,236.06322720818739,238.55908850302455,347.1795171012516,0.0,0.0,65.0,35.0,55.0
635.5834298759623,216.74346439302795,219.45155035515285,321.55819102411635,0.0,0.0,65.0,35.0,55.0
590.244496720483,201.64926055989943,204.52315406413067,301.5406824251041,0.0,0.0,65.0,35.0,55.0
569.5211994220303,194.75007586923442,197.6997558719616,292.3911777279136,0.0,0.0,65.0,35.0,55.0
550.1821132195197,188.31172170492033,191.3321260526343,283.8528135139111,0.0,0.0,65.0,35.0,55.0
573.9321205927607,196.2185564577509,199.15210542371028,294.33863538338755,0.0,0.0,65.0,35.0,55.0
668.9986840712963,227.868045913959,230.45393003361914,336.3112981583198,0.0,0.0,65.0,35.0,55.0
734.2292085567639,249.58454350663638,251.9318751906194,365.11110648923375,0.0,0.0,65.0,35.0,55.0
733.9633048243979,249.49601903424627,251.84432314614565,364.99370782370073,0.0,0.0,65.0,35.0,55.0
733.0734380545196,249.19976525247307,251.55132366727833,364.6008243904508,0.0,0.0,65.0,35.0,55.0
749.6085590705928,254.7046254168304,256.9957137767999,371.9012151162293,0.0,0.0,65.0,35.0,55.0
811.4396430714304,275.28938381710924,277.3543517249545,399.2001427603491,0.0,0.0,65.0,35.0,55.0
876.8731469864574,297.07345717018654,298.8991303328654,428.0895681641372,0.0,0.0,65.0,35.0,55.0
924.8185381611457,313.0354010643685,314.6857346918461,449.25784922692924,0.0,0.0,65.0,35.0,55.0
961.7624760219596,325.33474932113637,326.84997647155103,465.56889896588507,0.0,0.0,65.0,35.0,55.0
986.9690040316243,333.7264878386396,335.149533012915,476.6977865701521,0.0,0.0,65.0,35.0,55.0
1034.5031042543567,349.55150505564865,350.8007148135251,485.0,0.0,0.0,65.0,35.0,55.0
1150.0,380.0,373.0,485.0,0.0,0.0,72.5066753374049,35.0,55.0
1150.0,380.0,373.0,485.0,0.0,0.0,296.4212276884882,35.0,55.0
1150.0,380.0,373.0,485.0,0.0,0.0,294.2408336324812,35.0,55.0
1150.0,380.0,373.0,485.0,0.0,0.0,204.1132707663528,35.0,55.0
1075.2547405744876,363.1185094454562,364.21868771571735,485.0,0.0,0.0,65.0,35.0,55.0
931.2531796687119,315.1776171190613,316.80441882775636,452.0987959088364,0.0,0.0,65.0,35.0,55.0
825.9793705783909,280.1299390616625,282.14173420356383,405.61955098505945,0.0,0.0,65.0,35.0,55.0
747.8497888440212,254.1190969438848,256.4166172454132,371.1247037233972,0.0,0.0,65.0,35.0,55.0
696.4097382675562,236.99371364637844,239.47935368867488,348.41350204564947,0.0,0.0,65.0,35.0,55.0
656.3532374785801,223.65813325948952,226.29026263179344,330.7282303997558,0.0,0.0,65.0,35.0,55.0
640.9754599264727,218.53857501853946,221.22694196242958,323.93881624818334,0.0,0.0,65.0,35.0,55.0
630.8172127109518,215.15669892691267,217.88221526726383,319.45386729073294,0.0,0.0,65.0,35.0,55.0
633.7507919919777,216.13334395463306,218.84813199733125,320.7490664583543,0.0,0.0,65.0,35.0,55.0
730.8643466356945,248.4643161838456,250.82395339523805,363.6254925201421,0.0,0.0,65.0,35.0,55.0
809.3506376757089,274.59391369778825,276.66652123951997,398.27782984820277,0.0,0.0,65.0,35.0,55.0
812.2584580985423,275.56198310563843,277.6239565516021,399.5616562699415,0.0,0.0,65.0,35.0,55.0
819.0414651557398,277.8201767594632,279.85734429029014,402.55640918194746,0.0,0.0,65.0,35.0,55.0
864.8521459489909,293.0714344645455,294.9410692402788,422.7821982088047,0.0,0.0,65.0,35.0,55.0
928.1308995483371,314.1381499485515,315.7763700466195,450.72028378232034,0.0,0.0,65.0,35.0,55.0
949.0356770852159,321.0977529049285,322.65952281900604,459.9499134842344,0.0,0.0,65.0,35.0,55.0
965.8660202980283,326.7008982229828,328.20111843470295,467.380647216576,0.0,0.0,65.0,35.0,55.0
986.4118377720245,333.54099646277285,334.9660792317074,476.4517931244225,0.0,0.0,65.0,35.0,55.0
1002.1760406100736,338.7892031218998,340.1566351358667,483.4118171899444,0.0,0.0,65.0,35.0,55.0
1048.0902952313259,354.0749425486024,355.27446303098804,485.0,0.0,0.0,65.0,35.0,55.0
1150.0,380.0,373.0,485.0,0.0,0.0,85.36109843690565,35.0,55.0
1150.0,380.0,373.0,485.0,0.0,0.0,297.0,35.0,64.13932218275419
1150.0,380.0,373.0,485.0,0.0,0.0,297.0,35.0,57.31718608714183
1150.0,380.0,373.0,485.0,0.0,0.0,202.22292500476058,35.0,55.0
1068.4737105244694,360.86097397538805,361.98595093073703,485.0,0.0,0.0,65.0,35.0,55.0
922.311068838116,312.20061624626663,313.8601198584886,448.1507810794856,0.0,0.0,65.0,35.0,55.0
815.756519796103,276.72655519873933,278.77573599671064,401.1060790262219,0.0,0.0,65.0,35.0,55.0
735.7360198599603,250.08619000260737,252.42801117583917,365.7763759633828,0.0,0.0,65.0,35.0,55.0
681.6052786013768,232.06502396869388,234.60480492032852,341.8772124145014,0.0,0.0,65.0,35.0,55.0
641.6563986888846,218.76527264378961,221.45114934861448,324.23945626291936,0.0,0.0,65.0,35.0,55.0
626.8950116047719,213.8509226580229,216.59078275284293,317.72218352788894,0.0,0.0,65.0,35.0,55.0
627.9071536828682,214.18788424427115,216.92404286712102,318.1690525065267,0.0,0.0,65.0,35.0,55.0
636.0559836778084,216.90078665252454,219.60714445346557,321.76682737997214,0.0,0.0,65.0,35.0,55.0
717.5728267464225,244.0393132890321,246.44755848676905,357.7571781342468,0.0,0.0,65.0,35.0,55.0
780.8433783607628,265.1032981743031,267.2801586895883,385.69164246451834,0.0,0.0,65.0,35.0,55.0
854.8781916632581,289.7509130377426,291.65702323823996,418.3786160822437,0.0,0.0,65.0,35.0,55.0
839.5833436647374,284.65896364196175,286.6210081350643,411.62581600463596,0.0,0.0,65.0,35.0,55.0
851.0129783691195,288.4641091087623,290.3843546554492,416.6720929029905,0.0,0.0,65.0,35.0,55.0
889.1759035383288,301.16928171167916,302.9499628623492,433.5213354759995,0.0,0.0,65.0,35.0,55.0
925.2181010132999,313.16842323129686,314.81729563042563,449.4342594834612,0.0,0.0,65.0,35.0,55.0
948.3979224375224,320.8854321029635,322.44953432888076,459.66833960819093,0.0,0.0,65.0,35.0,55.0
1005.4181016938757,339.86854768147606,341.2241232589931,484.84321358828873,0.0,0.0,65.0,35.0,55.0
1029.6068436830335,347.9214456356305,349.18856134925716,485.0,0.0,0.0,65.0,35.0,55.0
1075.7641426066941,363.2880991903399,364.3864145429489,485.0,0.0,0.0,65.0,35.0,55.0
1150.0,380.0,373.0,485.0,0.0,0.0,123.01823123623966,35.0,55.0
1150.0,380.0,373.0,485.0,0.0,0.0,297.0,35.0,104.81712292033016
1150.0,380.0,373.0,485.0,0.0,0.0,297.0,35.0,97.0386963604499
1150.0,380.0,373.0,485.0,0.0,0.0,231.09957319023408,35.0,55.0
1081.1632291110918,365.0855590452201,366.16412957366566,485.0,0.0,0.0,65.0,35.0,55.0
927.9438007910572,314.07586116973033,315.71476550059606,450.63767815571964,0.0,0.0,65.0,35.0,55.0
818.7260335126017,277.715163491934,279.7534845775936,402.4171435400483,0.0,0.0,65.0,35.0,55.0
735.8644580625196,250.1289495532731,252.47030101931955,365.8330824768633,0.0,0.0,65.0,35.0,55.0
681.7065196165194,232.098729051996,234.6381397583974,341.9219111480212,0.0,0.0,65.0,35.0,55.0
641.593457974116,218.7443184679412,221.4304253512129,324.21166742424543,0.0,0.0,65.0,35.0,55.0
630.27768540351,214.97707989785127,217.70456932602167,319.2156615861769,0.0,0.0,65.0,35.0,55.0
623.4223629101836,212.69481104293016,215.44737084867356,316.1889808195921,0.0,0.0,65.0,35.0,55.0
632.7946117728824,215.81501314877275,218.53329800714138,320.32690509667634,0.0,0.0,65.0,35.0,55.0
700.0247417652862,238.19721791643016,240.66963764666923,350.0095555600345,0.0,0.0,65.0,35.0,55.0
774.524478651177,262.99961479272673,265.1995839512186,382.90179672996686,0.0,0.0,65.0,35.0,55.0
774.554224034498,263.0095176035715,265.20937798118666,382.9149295591926,0.0,0.0,65.0,35.0,55.0
768.1557691245846,260.8793487639978,263.1026087235628,380.0899595551486,0.0,0.0,65.0,35.0,55.0
768.3756205622691,260.95254154076736,263.17499748876935,380.1870257571535,0.0,0.0,65.0,35.0,55.0
798.9535051833205,271.13250809783784,273.24313865562965,393.68741109358103,0.0,0.0,65.0,35.0,55.0
858.5341351446277,290.9680470166333,292.86078718478683,419.99274493315545,0.0,0.0,65.0,35.0,55.0
915.4315241839482,309.91028336761207,311.5949459394859,445.1134060314261,0.0,0.0,65.0,35.0,55.0
993.9462100277308,336.0493340584614,337.4468631189585,479.7782798968299,0.0,0.0,65.0,35.0,55.0
1030.4402699591637,348.1989092902925,349.4629771077127,485.0,0.0,0.0,65.0,35.0,55.0
1084.851560908176,366.3134757180382,367.37855776788086,485.0,0.0,0.0,65.0,35.0,55.0
1150.0,380.0,373.0,485.0,0.0,0.0,151.70709263590746,35.0,55.0
1150.0,380.0,373.0,485.0,0.0,0.0,297.0,35.0,129.99115191650736
1150.0,380.0,373.0,485.0,0.0,0.0,297.0,35.0,121.08091496666489
1150.0,380.0,373.0,485.0,0.0,0.0,259.13543199819526,35.0,55.0
1099.420850185841,371.16387264526077,372.1756738197665,485.0,0.0,0.0,65.0,35.0,55.0
944.0672104159327,319.4436546845957,321.02359461700263,457.7562949459415,0.0,0.0,65.0,35.0,55.0
834.9315215351315,283.11028248576997,285.08933900672463,409.5719986119519,0.0,0.0,65.0,35.0,55.0
690.5604802107175,235.04638301379117,237.5534141880365,345.8310069293863,0.0,0.0,65.0,35.0,55.0
633.5103724133184,216.05330364770052,218.76897092104304,320.64291925443405,0.0,0.0,65.0,35.0,55.0
587.283279941049,200.66341447680838,203.54813735089175,300.2332810766298,0.0,0.0,65.0,35.0,55.0
557.3346570258257,190.69294125782716,193.68718826954327,287.0107199131762,0.0,0.0,65.0,35.0,55.0
517.5,176.6997924964476,179.8477521271334,268.45339958314355,0.0,0.0,65.0,35.0,55.0
0.0,327.1090421660666,328.60477897841196,467.9219162348453,0.0,0.0,65.0,35.0,55.0
0.0,380.0,373.0,485.0,0.0,0.0,96.68708387371277,35.0,55.0
0.0,380.0,373.0,485.0,0.0,0.0,220.24560935289125,35.0,55.0
0.0,380.0,373.0,485.0,0.0,0.0,265.55099122540685,35.0,55.0
0.0,380.0,373.0,485.0,0.0,0.0,261.30490373644517,35.0,55.0
0.0,380.0,373.0,485.0,0.0,0.0,269.7250670601787,35.0,55.0
0.0,380.0,373.0,485.0,0.0,0.0,297.0,35.0,96.80788126689323
0.0,380.0,373.0,485.0,0.0,0.0,297.0,35.0,212.05546710862924
813.0156203850418,275.81405700971527,277.87326146203566,399.89594959194966,0.0,0.0,65.0,35.0,55.0
903.7966938242646,306.03682431618944,307.7640362488554,439.9765335784652,0.0,0.0,65.0,35.0,55.0
929.7626675989512,314.68139695173727,316.3136495637855,451.4407226791234,0.0,0.0,65.0,35.0,55.0
964.3149585726396,326.18451990943726,327.69041245869255,466.69584082029195,0.0,0.0,65.0,35.0,55.0
1033.9268765976444,349.3596677736624,350.61098483501524,485.0,0.0,0.0,65.0,35.0,55.0
1132.0564658365724,380.0,373.0,485.0,0.0,0.0,65.0,35.0,55.0
1076.3762232343336,363.4918726166845,364.58794954907984,485.0,0.0,0.0,65.0,35.0,55.0
988.2875014718129,334.1654410236962,335.58366436374183,477.2799139386158,0.0,0.0,65.0,35.0,55.0
864.6661383586604,293.0095089562119,294.8798239742716,422.7000743413075,0.0,0.0,65.0,35.0,55.0
735.4627078319944,249.9951991659678,252.3380198597536,365.65570647494866,0.0,0.0,65.0,35.0,55.0
633.975132839302,216.2080313423137,218.92199895537448,320.84811477131365,0.0,0.0,65.0,35.0,55.0
556.5099005215252,190.41836393714078,193.41562713912202,286.6465831929691,0.0,0.0,65.0,35.0,55.0
517.5,171.7313608333723,174.9338979330843,261.8644052487136,0.0,0.0,65.0,35.0,55.0
0.0,0.0,373.0,485.0,0.0,0.0,257.5018826359273,35.0,55.0
0.0,0.0,373.0,485.0,0.0,0.0,230.80039221085116,35.0,55.0
0.0,0.0,373.0,485.0,0.0,0.0,202.0459750851773,35.0,55.0
0.0,0.0,373.0,485.0,0.0,0.0,181.51357652546446,35.0,55.0
0.0,0.0,373.0,485.0,0.0,0.0,297.0,35.0,70.14522046249066
0.0,0.0,373.0,485.0,0.0,0.0,297.0,35.0,173.25240925796712
0.0,0.0,373.0,485.0,0.0,0.0,297.0,35.0,253.64527086830745
0.0,380.0,373.0,485.0,0.0,0.0,178.4458952537787,35.0,55.0
0.0,380.0,373.0,485.0,0.0,0.0,238.4454046352638,35.0,55.0
0.0,380.0,373.0,485.0,0.0,0.0,297.0,35.0,87.15408204985008
0.0,380.0,373.0,485.0,0.0,0.0,297.0,35.0,207.1610468118847
809.5710734172833,274.6673010005733,276.7391023939032,398.3751540251384,0.0,0.0,65.0,35.0,55.0
893.9266517195888,302.7508972552539,304.5142045988165,435.6188295269511,0.0,0.0,65.0,35.0,55.0
897.9996306719861,304.10687037232526,305.85528255664735,437.41708293806727,0.0,0.0,65.0,35.0,55.0
880.9065742305521,298.41626276200935,300.22718540871745,429.8703591736053,0.0,0.0,65.0,35.0,55.0
904.8949244312209,306.40244643130035,308.12564206042913,440.46141134440336,0.0,0.0,65.0,35.0,55.0
983.2841936689981,332.49974351915665,333.9362642939112,475.07091275583775,0.0,0.0,65.0,35.0,55.0
975.6478726432737,329.95746521494027,331.421912531673,471.6994147703633,0.0,0.0,65.0,35.0,55.0
929.51906095526,314.60029560948976,316.23343910749446,451.33316836001,0.0,0.0,65.0,35.0,55.0
821.7542140263454,278.7233030915406,280.75054991644697,403.7541099231203,0.0,0.0,65.0,35.0,55.0
700.0846116619646,238.2171497578088,240.6893505397903,350.0359886074878,0.0,0.0,65.0,35.0,55.0
604.1528511064934,206.2796195356147,209.10264924806722,307.68133426985145,0.0,0.0,65.0,35.0,55.0
591.7051263250099,202.1355322791705,205.00408416224306,302.1855623028093,0.0,0.0,65.0,35.0,55.0
544.4617963746157,186.40731808450508,189.4486420174433,281.3272469938682,0.0,0.0,65.0,35.0,55.0
517.5,173.79205637869373,176.97195705006698,264.59724172385665,0.0,0.0,65.0,35.0,55.0
0.0,327.4065374541078,328.89900632578906,468.31644611879057,0.0,0.0,65.0,35.0,55.0
0.0,332.1275237117485,333.5681332646905,474.57728531593517,0.0,0.0,65.0,35.0,55.0
0.0,371.68038063792443,372.68650805038953,485.0,0.0,0.0,65.0,35.0,55.0
0.0,380.0,373.0,485.0,0.0,0.0,251.38822285786864,35.0,55.0
0.0,380.0,373.0,485.0,0.0,0.0,297.0,35.0,161.597979303229
0.0,380.0,373.0,485.0,0.0,0.0,297.0,35.0,215.33667206851442
0.0,380.0,373.0,485.0,0.0,0.0,297.0,35.0,226.96341135156715
786.9024959079192,267.1204950719899,269.2751969849899,388.36679225656786,0.0,0.0,65.0,35.0,55.0
823.9878007790887,279.46690712847874,281.48598557570665,404.7402566830442,0.0,0.0,65.0,35.0,55.0
886.5939527186322,300.30970056922115,302.0998240885015,432.38138314059125,0.0,0.0,65.0,35.0,55.0
905.9355669611806,306.7488963667404,308.46828629582075,440.92086350487943,0.0,0.0,65.0,35.0,55.0
967.1133868504662,327.1161705659062,328.6118290738594,467.9313697182264,0.0,0.0,65.0,35.0,55.0
991.7965117928122,335.33365812435187,336.7390487765494,478.82917060139937,0.0,0.0,65.0,35.0,55.0
1041.3268726309304,351.82326893753907,353.0475237133796,485.0,0.0,0.0,65.0,35.0,55.0
1150.0,380.0,373.0,485.0,0.0,0.0,70.56243877079362,35.0,55.0
1150.0,380.0,373.0,485.0,0.0,0.0,283.1642954375323,35.0,55.0
1150.0,380.0,373.0,485.0,0.0,0.0,261.3941159355886,35.0,55.0
1150.0,380.0,373.0,485.0,0.0,0.0,145.50707700476107,35.0,55.0
1026.197457021026,346.7863951692727,348.06597924029495,485.0,0.0,0.0,65.0,35.0,55.0
888.6577644568922,300.9967832348779,302.7793592551795,433.2925728475853,0.0,0.0,65.0,35.0,55.0
789.6324578539226,268.0293519682992,270.1740702259988,389.572092710853,0.0,0.0,65.0,35.0,55.0
717.0457054595797,243.8638244631018,246.27399737900242,357.5244497889213,0.0,0.0,65.0,35.0,55.0
668.6455348482519,227.75047573783988,230.337651348071,336.1553798974118,0.0,0.0,65.0,35.0,55.0
639.0292749049615,217.89065255175066,220.5861368257684,323.0795596955474,0.0,0.0,65.0,35.0,55.0
628.7511745368525,214.46887503789574,217.201947019452,318.54169459416556,0.0,0.0,65.0,35.0,55.0
614.9336690447525,209.86876140822767,212.65236494101893,312.4411532766956,0.0,0.0,65.0,35.0,55.0
606.9276975319597,207.2034193393724,210.01630125095033,308.9064515877255,0.0,0.0,65.0,35.0,55.0
660.5791806259434,225.06503110233842,227.68170591500498,332.5940187499402,0.0,0.0,65.0,35.0,55.0
712.3011139230803,242.2842585851119,244.71178279285408,355.4296739468214,0.0,0.0,65.0,35.0,55.0
730.8150172741385,248.4478934895636,250.80771110176445,363.60371320487354,0.0,0.0,65.0,35.0,55.0
725.6762761722101,246.7371076320272,249.11571796766313,361.33491711646104,0.0,0.0,65.0,35.0,55.0
737.609076880374,250.70976674977618,253.04473802692166,366.60334590738205,0.0,0.0,65.0,35.0,55.0
765.8910177453245,260.125369422828,262.3569117312165,379.0900533585582,0.0,0.0,65.0,35.0,55.0
823.8672717353825,279.42678068908333,281.44629991916827,404.68704212767415,0.0,0.0,65.0,35.0,55.0
884.3431331606232,299.56035939959827,301.3587143180904,431.3876279566578,0.0,0.0,65.0,35.0,55.0
957.1532376875622,323.8002451303059,325.3323285767562,463.53388266593606,0.0,0.0,65.0,35.0,55.0
977.7292251848262,330.6503875517553,332.1072232216063,472.61834888500664,0.0,0.0,65.0,35.0,55.0
1024.7112959117467,346.2916235204692,347.57664258308813,485.0,0.0,0.0,65.0,35.0,55.0
1126.9194159714596,380.0,373.0,485.0,0.0,0.0,65.0,35.0,55.0
1150.0,380.0,373.0,485.0,0.0,0.0,236.29755844900143,35.0,55.0
1150.0,380.0,373.0,485.0,0.0,0.0,197.23705196538717,35.0,55.0
1150.0,380.0,373.0,485.0,0.0,0.0,68.98375586565577,35.0,55.0
978.4689610993432,330.8966598810603,332.3507902866879,472.94494832172177,0.0,0.0,65.0,35.0,55.0
837.7035859715589,284.0331561118104,286.00207500581234,410.79588765898603,0.0,0.0,65.0,35.0,55.0
732.6738338365647,249.06672931407317,251.4197491085048,364.4243958705806,0.0,0.0,65.0,35.0,55.0
650.8485951581096,221.82553184099746,224.47779206221665,328.29788594046653,0.0,0.0,65.0,35.0,55.0
595.737390169746,203.47795055294603,206.33175617467788,303.9658396619764,0.0,0.0,65.0,35.0,55.0
553.6438732682894,189.46420828016295,192.47195273746703,285.38120879631293,0.0,0.0,65.0,35.0,55.0
541.590117392675,185.45128085821923,188.50310671523405,280.05937731291493,0.0,0.0,65.0,35.0,55.0
552.0760374989547,188.9422455644093,191.95572370306067,284.6889965228818,0.0,0.0,65.0,35.0,55.0
590.5096226992165,201.73752610312997,204.61045002374237,301.657737706068,0.0,0.0,65.0,35.0,55.0
690.6506566836842,235.07640449795895,237.58310589074938,345.87082057733534,0.0,0.0,65.0,35.0,55.0
781.8916321379528,265.45228204049806,267.6253090208894,386.15445505269486,0.0,0.0,65.0,35.0,55.0
787.3256377313385,267.2613671324575,269.4145215872175,388.55361282113324,0.0,0.0,65.0,35.0,55.0
780.6283460711801,265.03170978472775,267.2093566876257,385.59670395568696,0.0,0.0,65.0,35.0,55.0
788.2542910360932,267.57053369851246,269.72029200538776,388.9636208257257,0.0,0.0,65.0,35.0,55.0
857.8339878847245,290.7349545127152,292.6302551667072,419.68362421018594,0.0,0.0,65.0,35.0,55.0
913.9858344424247,309.42898541639676,311.11893497334074,444.4751222250293,0.0,0.0,65.0,35.0,55.0
948.2608836286515,320.8398092448549,322.40441263095596,459.60783585691024,0.0,0.0,65.0,35.0,55.0
966.9519539750855,327.06242645335715,328.55867533224364,467.86009578771694,0.0,0.0,65.0,35.0,55.0
983.9196023354992,332.7112832988117,334.14548034113824,475.35145086205995,0.0,0.0,65.0,35.0,55.0
1026.6284502227036,346.92988110473806,348.2078890044995,485.0,0.0,0.0,65.0,35.0,55.0
1122.5974286865442,378.8798018852465,373.0,485.0,0.0,0.0,65.0,35.0,55.0
1150.0,380.0,373.0,485.0,0.0,0.0,240.6780674604687,35.0,55.0
1150.0,380.0,373.0,485.0,0.0,0.0,222.40041354052522,35.0,55.0
1150.0,380.0,373.0,485.0,0.0,0.0,123.86690391859005,35.0,55.0
1028.7759164406204,347.64481395741103,348.91496842810903,485.0,0.0,0.0,65.0,35.0,55.0
893.8034126857742,302.7098686079715,304.47362664500804,435.5644184888559,0.0,0.0,65.0,35.0,55.0
784.0357325894266,266.16609436471543,268.33128022487864,387.1010928811003,0.0,0.0,65.0,35.0,55.0
701.3428099240299,238.6360281854281,241.1036276513486,350.5914933972407,0.0,0.0,65.0,35.0,55.0
651.4225216188269,222.0166030105282,224.66676434390024,328.55127915162154,0.0,0.0,65.0,35.0,55.0
618.3064531182577,210.99162616810264,213.76289520163772,313.93026494067044,0.0,0.0,65.0,35.0,55.0
609.3918882339876,208.0237958712277,210.82766607090267,309.99441187118197,0.0,0.0,65.0,35.0,55.0
614.3960222461253,209.6897684367592,212.4753381802219,312.2037778321115,0.0,0.0,65.0,35.0,55.0
652.3290168099119,222.31839271389563,224.96523893310192,328.95150416839203,0.0,0.0,65.0,35.0,55.0
724.4312309530491,246.3226081056481,248.70577165577834,360.78521950237626,0.0,0.0,65.0,35.0,55.0
791.3086074851311,268.58737445421707,270.7259629194577,390.3121264372948,0.0,0.0,65.0,35.0,55.0
811.2831714841024,275.2372914128808,277.3028315478937,399.1310592789602,0.0,0.0,65.0,35.0,55.0
835.4367320624465,283.27847679796923,285.2556857298884,409.7950531783256,0.0,0.0,65.0,35.0,55.0
816.5107771929513,276.97766200911866,279.0240844368244,401.4390898157679,0.0,0.0,65.0,35.0,55.0
857.562516831636,290.64457657205963,292.5408700140361,419.5637675271681,0.0,0.0,65.0,35.0,55.0
923.9216374863377,312.7368055602088,314.3904192140579,448.8618602673112,0.0,0.0,65.0,35.0,55.0
959.9475336612124,324.73052006314845,326.25238458041224,464.76758711788943,0.0,0.0,65.0,35.0,55.0
985.4568210471766,333.22305300655023,334.65162833617813,476.03014545493977,0.0,0.0,65.0,35.0,55.0
1008.2224974944838,340.8021850411817,342.1475047537625,485.0,0.0,0.0,65.0,35.0,55.0
1061.277542693893,358.46523114483597,359.6165249721873,485.0,0.0,0.0,65.0,35.0,55.0
1150.0,380.0,373.0,485.0,0.0,0.0,103.36561130368278,35.0,55.0
1150.0,380.0,373.0,485.0,0.0,0.0,297.0,35.0,70.16997518657597
1150.0,380.0,373.0,485.0,0.0,0.0,285.9194528747109,35.0,55.0
1150.0,380.0,373.0,485.0,0.0,0.0,174.96728562724783,35.0,55.0
1050.616171109911,354.91585526346057,356.10613844708456,485.0,0.0,0.0,65.0,35.0,55.0
909.4079993977722,307.904935985382,309.6116269944091,442.45397073350773,0.0,0.0,65.0,35.0,55.0
805.855989625829,273.43047807372886,275.51586577951275,396.7349142452021,0.0,0.0,65.0,35.0,55.0
729.1060895930813,247.87895855972093,250.24502583592385,362.8492077022111,0.0,0.0,65.0,35.0,55.0
678.5843605050461,231.05930216767945,233.61013082091614,340.5434524479217,0.0,0.0,65.0,35.0,55.0
641.1208339348175,218.58697282504434,221.27480812636298,324.0030000579818,0.0,0.0,65.0,35.0,55.0
629.431099187918,214.6952350459523,217.42582049711706,318.841886870475,0.0,0.0,65.0,35.0,55.0
632.7804682456144,215.81030449621647,218.52864107841998,320.32066061408705,0.0,0.0,65.0,35.0,55.0
666.3508047147619,226.98651589215626,229.58208348554072,335.14223783643683,0.0,0.0,65.0,35.0,55.0
700.5374179126845,238.36789767730318,240.8384425162296,350.235906258536,0.0,0.0,65.0,35.0,55.0
779.9858308388966,264.81780409248927,266.9978007170065,385.31302824273786,0.0,0.0,65.0,35.0,55.0
822.0642569760898,278.82652235928157,280.85263533617115,403.8909964129566,0.0,0.0,65.0,35.0,55.0
797.3920888975681,270.6126825517737,272.72902331442754,392.9980330744842,0.0,0.0,65.0,35.0,55.0
795.9039348852048,270.11724742716086,272.23903046959265,392.3410009463355,0.0,0.0,65.0,35.0,55.0
821.207552244253,278.5413088584961,280.57055486247765,403.5127542898446,0.0,0.0,65.0,35.0,55.0
919.2354586318461,311.1766863887756,312.8474377153412,446.7928741005082,0.0,0.0,65.0,35.0,55.0
942.6084711274758,318.95801228794176,320.5432869284938,457.11224965819144,0.0,0.0,65.0,35.0,55.0
968.5074349454892,327.5802760186593,329.07083639853295,468.5468533167016,0.0,0.0,65.0,35.0,55.0
985.4943046675808,333.23553202551705,334.6639702750124,476.0466947789212,0.0,0.0,65.0,35.0,55.0
1049.7534456685514,354.6286373525483,355.8220755814058,485.0,0.0,0.0,65.0,35.0,55.0
1150.0,380.0,373.0,485.0,0.0,0.0,117.30923923624022,35.0,55.0
1150.0,380.0,373.0,485.0,0.0,0.0,297.0,35.0,111.60279241841873
1150.0,380.0,373.0,485.0,0.0,0.0,297.0,35.0,108.4676228151117
1150.0,380.0,373.0,485.0,0.0,0.0,247.34501423660336,35.0,55.0
1088.865597715978,367.649825860263,368.70022830627056,485.0,0.0,0.0,65.0,35.0,55.0
931.3430919364525,315.2075506442222,316.8340235376787,452.1384929080243,0.0,0.0,65.0,35.0,55.0
817.8975751394003,277.4393537478122,279.4807045617217,402.05137241454315,0.0,0.0,65.0,35.0,55.0
673.4782278441434,229.35937228802487,231.9288744134244,338.2890532520517,0.0,0.0,65.0,35.0,55.0
625.3554537739617,213.33837421248612,216.0838645743215,317.04245619484306,0.0,0.0,65.0,35.0,55.0
590.5755445407916,201.75947275349287,204.63215559347628,301.68684273652974,0.0,0.0,65.0,35.0,55.0
578.2430832535871,197.65375893365334,200.57154241786984,296.2419605418597,0.0,0.0,65.0,35.0,55.0
583.4832018697762,199.3982953176765,202.29691533403823,298.5555156292655,0.0,0.0,65.0,35.0,55.0
629.0306098230124,214.56190442508932,217.29395449292264,318.6650675510102,0.0,0.0,65.0,35.0,55.0
726.9190733724305,247.15085874961608,249.52492409191484,361.88362221185724,0.0,0.0,65.0,35.0,55.0
818.5614465150144,277.66036931137074,279.6992923028017,402.3444770388717,0.0,0.0,65.0,35.0,55.0
865.9112631430127,293.42403497137514,295.2897964839652,423.2498070840728,0.0,0.0,65.0,35.0,55.0
853.0992940878075,289.15868378280993,291.07129953194107,417.59321830079983,0.0,0.0,65.0,35.0,55.0
833.9647205823077,282.78841583315284,284.7710080105188,409.1451481097507,0.0,0.0,65.0,35.0,55.0
892.9305548404398,302.41927742468005,304.18622756183606,435.1790446344518,0.0,0.0,65.0,35.0,55.0
907.9403837931073,307.416338492152,309.1283966706123,441.8060064797906,0.0,0.0,65.0,35.0,55.0
928.1735347909353,314.1523440417394,315.79040821984444,450.7391075894974,0.0,0.0,65.0,35.0,55.0
936.0652718258511,316.77965525336356,318.38885881588635,454.22337382522545,0.0,0.0,65.0,35.0,55.0
945.5030343274727,319.9216681110463,321.49635713838995,458.39022290797266,0.0,0.0,65.0,35.0,55.0
975.2197093590839,329.81492141349577,331.2809345522898,471.510377189932,0.0,0.0,65.0,35.0,55.0
1047.953710365616,354.0294708169126,355.22949079938127,485.0,0.0,0.0,65.0,35.0,55.0
1150.0,380.0,373.0,485.0,0.0,0.0,106.91684010301768,35.0,55.0
1150.0,380.0,373.0,485.0,0.0,0.0,83.31971068387725,35.0,55.0
1086.8815244681996,366.98928967342493,368.0469480093637,485.0,0.0,0.0,65.0,35.0,55.0
961.5122362671287,325.25143968847215,326.767581982579,465.4584160741292,0.0,0.0,65.0,35.0,55.0
837.9684314060318,284.1213282564548,286.0892785928072,410.9128190773718,0.0,0.0,65.0,35.0,55.0
737.699172364901,250.73976127133298,253.0744030632038,366.64312379827476,0.0,0.0,65.0,35.0,55.0
661.4195327102243,225.34480049188784,227.9584020801995,332.96504104584653,0.0,0.0,65.0,35.0,55.0
611.6122451432,208.76299543851823,211.55874564294646,310.9747175473349,0.0,0.0,65.0,35.0,55.0
576.6509583220593,197.12370988812606,200.0473158807972,295.5390244053109,0.0,0.0,65.0,35.0,55.0
567.9498837614776,194.22695463069016,197.18238104096196,291.697429054141,0.0,0.0,65.0,35.0,55.0
572.5416350769068,195.75563705619953,198.69427112164564,293.7247246926583,0.0,0.0,65.0,35.0,55.0
583.8761637860246,199.52911990594308,202.4263028340246,298.72901151878307,0.0,0.0,65.0,35.0,55.0
622.3717004802412,212.3450252898562,215.10142743909927,315.72510479158973,0.0,0.0,65.0,35.0,55.0
688.8024412230875,234.461097984369,236.97455842598293,345.05481838450805,0.0,0.0,65.0,35.0,55.0
723.7744814372099,246.1039635463377,248.48952887382396,360.495259237197,0.0,0.0,65.0,35.0,55.0
702.1161258908425,238.89347996071473,241.35825135789156,350.9329187007947,0.0,0.0,65.0,35.0,55.0
689.0229528638519,234.53451055545574,237.04716457109944,345.1521760715547,0.0,0.0,65.0,35.0,55.0
722.731168515863,245.75662458618743,248.14600537952384,360.03462807715397,0.0,0.0,65.0,35.0,55.0
781.1470346837777,265.20439121103357,267.3801412346274,385.8257092065886,0.0,0.0,65.0,35.0,55.0
859.0660759433944,291.1451403508811,293.0359351755902,420.22760113228486,0.0,0.0,65.0,35.0,55.0
936.0957708141408,316.7898089538128,318.39890097947455,454.2368393771884,0.0,0.0,65.0,35.0,55.0
954.0432132316113,322.76485810646136,324.30831512249176,462.16078151517354,0.0,0.0,65.0,35.0,55.0
987.8214688857721,334.010289802505,335.43021745520764,477.0741567527001,0.0,0.0,65.0,35.0,55.0
1069.6111923887993,361.2396635898482,362.36048069715963,485.0,0.0,0.0,65.0,35.0,55.0
1150.0,380.0,373.0,485.0,0.0,0.0,153.7098763694622,35.0,55.0
1150.0,380.0,373.0,485.0,0.0,0.0,132.77468014671263,35.0,55.0
1120.0717963992208,378.0389702666096,373.0,485.0,0.0,0.0,65.0,35.0,55.0
982.2587877108318,332.1583661318416,333.59863688547205,474.6181876660196,0.0,0.0,65.0,35.0,55.0
859.2241924661928,291.1977803858003,293.0879969677016,420.2974108660937,0.0,0.0,65.0,35.0,55.0
759.9847185129454,258.15904868459495,260.41219072836554,376.4823740982843,0.0,0.0,65.0,35.0,55.0
747.291568571875,253.9332546669467,256.23281641772934,370.87824492253594,0.0,0.0,65.0,35.0,55.0
696.9987069771674,237.18979267019932,239.67327881412803,348.6735365323182,0.0,0.0,65.0,35.0,55.0
659.9779163256308,224.86485863962562,227.48373231646593,332.32855565974097,0.0,0.0,65.0,35.0,55.0
645.4490967220362,220.0279348461308,222.69994139797538,325.9139633632898,0.0,0.0,65.0,35.0,55.0
632.0065474133165,215.55265134956326,218.2738182125444,319.9789682574903,0.0,0.0,65.0,35.0,55.0
615.2221963265891,209.9648176958453,212.74736606487107,312.5685404237511,0.0,0.0,65.0,35.0,55.0
676.1369792603449,230.24452182782858,232.80430071964696,339.46291367690856,0.0,0.0,65.0,35.0,55.0
746.2372819118385,253.58226233789105,255.8856796862277,370.4127687674016,0.0,0.0,65.0,35.0,55.0
778.6891749436959,264.3861223783107,266.5708609610518,384.74054409444244,0.0,0.0,65.0,35.0,55.0
768.8248538314596,261.10209994591395,263.3229130174958,380.38536590772884,0.0,0.0,65.0,35.0,55.0
801.4053744059105,271.9487825719424,274.05044647831403,394.7699313434188,0.0,0.0,65.0,35.0,55.0
837.9201936694478,284.10526898514485,286.0733957301594,410.89152172342756,0.0,0.0,65.0,35.0,55.0
886.082328826578,300.139371124413,301.9313656868371,432.15549702140237,0.0,0.0,65.0,35.0,55.0
926.0887839833016,313.4582903567135,315.1039786093889,449.8186731126759,0.0,0.0,65.0,35.0,55.0
998.6908046100003,337.6289009504468,339.00907870796374,481.873057083662,0.0,0.0,65.0,35.0,55.0
1015.121509113251,343.0989988471812,344.4190884081052,485.0,0.0,0.0,65.0,35.0,55.0
1057.5288716291946,357.21722636801707,358.3822293387501,485.0,0.0,0.0,65.0,35.0,55.0
1150.0,380.0,373.0,485.0,0.0,0.0,82.1971370372382,35.0,55.0
1150.0,380.0,373.0,485.0,0.0,0.0,280.64369143753197,35.0,55.0
1150.0,380.0,373.0,485.0,0.0,0.0,259.0840236324808,35.0,55.0
1150.0,380.0,373.0,485.0,0.0,0.0,159.81595076635304,35.0,55.0
1032.0055743094802,348.7200292479134,349.9783726415566,485.0,0.0,0.0,65.0,35.0,55.0
877.3586417049787,297.23508771001724,299.05898538570557,428.3039180402017,0.0,0.0,65.0,35.0,55.0
757.0218906621176,257.17266624481624,259.43664355023594,375.1742614486559,0.0,0.0,65.0,35.0,55.0
667.0308548034562,227.21291766081472,229.80599826507378,335.442485494482,0.0,0.0,65.0,35.0,55.0
604.5904722189897,206.42531203020974,209.24674133268377,307.874547558582,0.0,0.0,65.0,35.0,55.0
553.7983545941986,189.51563808804323,192.52281759670015,285.4494135610604,0.0,0.0,65.0,35.0,55.0
532.0383189007556,182.27130322364235,185.35806065315822,275.84218041081004,0.0,0.0,65.0,35.0,55.0
534.6685327991106,183.14695207427482,186.22409063384058,277.0034412888949,0.0,0.0,65.0,35.0,55.0
549.3948020986247,188.0496106733677,191.07289427104948,283.5052092357388,0.0,0.0,65.0,35.0,55.0
639.8544114998496,218.16535641191214,220.85782310564778,323.4438642288475,0.0,0.0,65.0,35.0,55.0
771.2244414649875,261.9009688723556,264.1130064898212,381.44480340978714,0.0,0.0,65.0,35.0,55.0
800.132153532105,271.52490282761954,273.6312229887584,394.2077939481157,0.0,0.0,65.0,35.0,55.0
802.9802413197644,272.47308609108876,274.56899060274253,395.4652479244743,0.0,0.0,65.0,35.0,55.0
804.3640446446499,272.93378086260344,275.02462471199436,396.0762083734166,0.0,0.0,65.0,35.0,55.0
823.1814897813641,279.1984706720934,281.2204978531225,404.3842638043613,0.0,0.0,65.0,35.0,55.0
891.4123349367441,301.9138327859342,303.6863351558643,434.5087381701775,0.0,0.0,65.0,35.0,55.0
927.8256116253318,314.0365137207683,315.67585027739915,450.58549667555326,0.0,0.0,65.0,35.0,55.0
954.9280343340976,323.0594320884071,324.5996532538783,462.55143724513675,0.0,0.0,65.0,35.0,55.0
953.1127974127432,322.45510476552147,324.00196437506975,461.74999534623174,0.0,0.0,65.0,35.0,55.0
966.2983724356089,326.84483657437613,328.34347564511506,467.5715342099277,0.0,0.0,65.0,35.0,55.0
1025.862750644652,346.6749649719208,347.95577308677764,485.0,0.0,0.0,65.0,35.0,55.0
1150.0,380.0,373.0,485.0,0.0,0.0,75.72458942988744,35.0,55.0
1147.0439068449105,380.0,373.0,485.0,0.0,0.0,65.0,35.0,55.0
1072.984719802392,362.3627758219511,363.47125571156135,485.0,0.0,0.0,65.0,35.0,55.0
943.8757892937737,319.37992690728066,320.9605668796657,457.67178096001004,0.0,0.0,65.0,35.0,55.0
812.59399102972,275.67368847899945,277.7344348583618,399.7097967943793,0.0,0.0,65.0,35.0,55.0
707.8009804769918,240.78607751237686,243.2300590122059,353.44282834450286,0.0,0.0,65.0,35.0,55.0
630.7723314194363,215.14175708079318,217.86743755506006,319.43405183464876,0.0,0.0,65.0,35.0,55.0
579.3192292602399,198.0120286600918,200.9258766056467,296.7170877767264,0.0,0.0,65.0,35.0,55.0
539.054014924508,184.6069635147798,187.66806406988545,278.9396673984708,0.0,0.0,65.0,35.0,55.0
526.3197659678559,180.36748684349686,183.4751574074916,273.31739267229676,0.0,0.0,65.0,35.0,55.0
520.6797567114569,178.48981916559012,181.61811562453155,270.82728260726026,0.0,0.0,65.0,35.0,55.0
524.5363180413584,179.77374268908528,182.887935442655,272.5299858737705,0.0,0.0,65.0,35.0,55.0
620.6733812628182,211.77962212181973,214.54223513919655,314.9752830121039,0.0,0.0,65.0,35.0,55.0
679.7682019285015,231.45342577200995,233.99992503716877,341.06612808725845,0.0,0.0,65.0,35.0,55.0
702.2954834650533,238.95319155063837,241.41730702504708,351.0121065319629,0.0,0.0,65.0,35.0,55.0
742.8021027942106,252.4386250664323,254.75460509691757,368.89610918279124,0.0,0.0,65.0,35.0,55.0
771.7724995301053,262.0834279549041,264.29346128699325,381.6867755134013,0.0,0.0,65.0,35.0,55.0
810.2323444345454,274.8874508547674,276.95683393530504,398.66711057005597,0.0,0.0,65.0,35.0,55.0
844.402721444517,286.2634273003232,288.2078470032392,413.7536105828145,0.0,0.0,65.0,35.0,55.0
896.0639733300969,303.4624527727895,305.21794378680346,436.5624744418079,0.0,0.0,65.0,35.0,55.0
952.4127831800929,322.22205654893725,323.7714761578344,461.4409333558788,0.0,0.0,65.0,35.0,55.0
969.5699816638953,327.9340182801907,329.4206928549188,469.01597635494346,0.0,0.0,65.0,35.0,55.0
1008.4488046255816,340.8775270425906,342.22201913470144,485.0,0.0,0.0,65.0,35.0,55.0
1102.165616853617,372.07765831850793,373.0,485.0,0.0,0.0,65.0,35.0,55.0
1150.0,380.0,373.0,485.0,0.0,0.0,205.48121346046915,35.0,55.0
1150.0,380.0,373.0,485.0,0.0,0.0,168.15684599518718,35.0,55.0
1137.5924912033665,380.0,373.0,485.0,0.0,0.0,65.0,35.0,55.0
978.2745619198203,330.83194065110735,332.28678198767005,472.8591194991865,0.0,0.0,65.0,35.0,55.0
850.7016397168798,288.36045847671227,290.28184260988763,416.53463434993984,0.0,0.0,65.0,35.0,55.0
756.5822123125992,257.0262888564052,259.29187409525815,374.98013987300914,0.0,0.0,65.0,35.0,55.0
685.8702308556348,233.48490869433502,236.00909242739255,343.7602236033888,0.0,0.0,65.0,35.0,55.0
640.9018684902697,218.51407501244952,221.20271108519444,323.9063250291696,0.0,0.0,65.0,35.0,55.0
607.3886368453192,207.35687491201878,210.16807113738204,309.10996005223114,0.0,0.0,65.0,35.0,55.0
596.5173750925577,203.73762255209326,206.58857571625873,304.3102093639705,0.0,0.0,65.0,35.0,55.0
598.5083347250796,204.40045134900737,207.24412343926736,305.1892342723781,0.0,0.0,65.0,35.0,55.0
631.2433153951821,215.29855671495451,218.02251476899764,319.6419950994838,0.0,0.0,65.0,35.0,55.0
690.430741525647,235.0031905074571,237.51069614484018,345.7737262422753,0.0,0.0,65.0,35.0,55.0
780.8689518780566,265.1118120906196,267.28857908182397,385.70293338088334,0.0,0.0,65.0,35.0,55.0
780.1550882467517,264.8741531425578,267.05353078129775,385.38775676812173,0.0,0.0,65.0,35.0,55.0
780.6119604226469,265.026254686831,267.20396151315276,385.58946955828094,0.0,0.0,65.0,35.0,55.0
774.2425576003905,262.9057578466264,265.1067580094504,382.77732628777517,0.0,0.0,65.0,35.0,55.0
806.9235064137639,273.7858749671035,275.8673586918617,397.2062316096579,0.0,0.0,65.0,35.0,55.0
853.0970248925482,289.15792832401553,291.07055237174706,417.592216432594,0.0,0.0,65.0,35.0,55.0
924.0701574611362,312.7862507195206,314.43932122578633,448.9274330469454,0.0,0.0,65.0,35.0,55.0
971.0594868748572,328.4299032448339,329.9111305983595,469.67360504828866,0.0,0.0,65.0,35.0,55.0
992.2503661155127,335.4847549671888,336.88848584346124,479.02955098477105,0.0,0.0,65.0,35.0,55.0
1029.8850271857464,348.01405828001197,349.2801566577723,485.0,0.0,0.0,65.0,35.0,55.0
1121.8588332585,378.6339092458479,373.0,485.0,0.0,0.0,65.0,35.0,55.0
1150.0,380.0,373.0,485.0,0.0,0.0,241.68641719422249,35.0,55.0
1150.0,380.0,373.0,485.0,0.0,0.0,233.7753407231576,35.0,55.0
1150.0,380.0,373.0,485.0,0.0,0.0,137.01264243520873,35.0,55.0
1035.5135101467004,349.88788863223016,351.13340326748505,485.0,0.0,0.0,65.0,35.0,55.0
901.6484970846261,305.3216482587694,307.05671629206614,439.02808720544147,0.0,0.0,65.0,35.0,55.0
801.6403788316436,272.02702007019883,274.12782454950633,394.87368771317693,0.0,0.0,65.0,35.0,55.0
667.6376317439901,227.4149253876012,230.00578696758873,335.7103824602789,0.0,0.0,65.0,35.0,55.0
622.3696363787693,212.34433811073262,215.10074780853424,315.72419347396294,0.0,0.0,65.0,35.0,55.0
588.6066727468284,201.1039974233287,203.98388056049953,300.8175697889097,0.0,0.0,65.0,35.0,55.0
577.9364287625189,197.55166774904927,200.47057268946028,296.1065700841524,0.0,0.0,65.0,35.0,55.0
574.8757137168276,196.532696777316,199.46279495946197,294.7552394399983,0.0,0.0,65.0,35.0,55.0
576.8082786024262,197.17608483860846,200.0991155003842,295.60848259159513,0.0,0.0,65.0,35.0,55.0
622.0967821623672,212.25349968837762,215.0109072324854,315.6037261130664,0.0,0.0,65.0,35.0,55.0
719.1999732089441,244.5810216765548,246.98331628973187,358.475576562231,0.0,0.0,65.0,35.0,55.0
731.5595098726839,248.69574941057004,251.05284436303256,363.9324127563645,0.0,0.0,65.0,35.0,55.0
724.2078757346417,246.24824885281188,248.63222922806796,360.68660635261887,0.0,0.0,65.0,35.0,55.0
740.3678015656191,251.62819931579565,253.95308175035987,367.82134534552114,0.0,0.0,65.0,35.0,55.0
721.5837632363845,245.3746312757523,247.7682082077261,359.5280392924168,0.0,0.0,65.0,35.0,55.0
771.1351409536143,261.8712390126686,264.08360320813836,381.40537650602255,0.0,0.0,65.0,35.0,55.0
800.9655947319325,271.8023714506677,273.9056436610231,394.5757650321972,0.0,0.0,65.0,35.0,55.0
867.5635712575794,293.97412015734267,295.8338390675111,423.9793145865571,0.0,0.0,65.0,35.0,55.0
873.5089917645681,295.95346512116004,297.79144122680174,426.60426620849466,0.0,0.0,65.0,35.0,55.0
918.1467654546462,310.8142394676706,312.48897221874824,446.31220718755833,0.0,0.0,65.0,35.0,55.0
1011.0157918256406,341.7321265079519,343.06723095442044,485.0,0.0,0.0,65.0,35.0,55.0
1150.0,380.0,373.0,485.0,0.0,0.0,96.98876580285139,35.0,55.0
1150.0,380.0,373.0,485.0,0.0,0.0,114.20113707238345,35.0,55.0
1126.789197563479,380.0,373.0,485.0,0.0,0.0,65.0,35.0,55.0
991.350092090384,335.1850364097547,336.5920596489686,478.6320726634863,0.0,0.0,65.0,35.0,55.0
866.7752526604555,293.71167371755485,295.57427556209973,423.63126549941666,0.0,0.0,65.0,35.0,55.0
766.6090163076199,260.36440496903316,262.5933215081641,379.40705557706076,0.0,0.0,65.0,35.0,55.0
690.8821958537231,235.15348834587255,237.659342984273,345.9730470084551,0.0,0.0,65.0,35.0,55.0
640.077775002688,218.239718422795,220.93136826110808,323.5424810362488,0.0,0.0,65.0,35.0,55.0
601.0670331145963,205.25229130974088,208.08660606709884,306.31892047030396,0.0,0.0,65.0,35.0,55.0
585.7700285580667,200.15962395427508,203.0498808909166,299.5651682547546,0.0,0.0,65.0,35.0,55.0
578.003354957428,197.5739487679755,200.49260895476954,296.1361185447987,0.0,0.0,65.0,35.0,55.0
567.6482860706036,194.1265469522377,197.08307632564402,291.56427121494335,0.0,0.0,65.0,35.0,55.0
621.4805661642812,212.04834951758627,214.80801060523686,315.3316617264114,0.0,0.0,65.0,35.0,55.0
686.5885474738956,233.72405012749513,236.24560692814293,344.0773662461929,0.0,0.0,65.0,35.0,55.0
703.9724337154241,239.511480578091,241.96946333212242,351.7524937382917,0.0,0.0,65.0,35.0,55.0
720.7170141425519,245.08607381345777,247.482820505434,359.1453625016004,0.0,0.0,65.0,35.0,55.0
689.8970646811323,234.82551921015286,237.33497653981692,345.5381035647956,0.0,0.0,65.0,35.0,55.0
724.4137914143939,246.31680214743744,248.70002947513893,360.77751980388985,0.0,0.0,65.0,35.0,55.0
802.7125761839463,272.38397521357416,274.4808585947158,395.34707158495786,0.0,0.0,65.0,35.0,55.0
865.9064080129845,293.42241860510484,295.28819787323346,423.2476635045855,0.0,0.0,65.0,35.0,55.0
952.5772666705594,322.27681626998697,323.8256343516453,461.51355415781785,0.0,0.0,65.0,35.0,55.0
976.5748969980655,330.26608947218773,331.7271465982158,472.1087035802677,0.0,0.0,65.0,35.0,55.0
1013.3077882857416,342.49517626112834,343.8218987216719,485.0,0.0,0.0,65.0,35.0,55.0
1102.6666212770408,372.2444523377348,373.0,485.0,0.0,0.0,65.0,35.0,55.0
1150.0,380.0,373.0,485.0,0.0,0.0,214.50282883490868,35.0,55.0
1150.0,380.0,373.0,485.0,0.0,0.0,202.95118113317542,35.0,55.0
1150.0,380.0,373.0,485.0,0.0,0.0,101.31710949081099,35.0,55.0
1009.5465753023933,341.2429960381006,342.58347350866984,485.0,0.0,0.0,65.0,35.0,55.0
875.7874187681155,296.71199734097456,298.5416410851107,427.61021030469396,0.0,0.0,65.0,35.0,55.0
756.2731580140346,256.92339872967807,259.1901142009837,374.8436898807285,0.0,0.0,65.0,35.0,55.0
650.2426640536542,221.62380570932783,224.27828186153883,328.0303624181937,0.0,0.0,65.0,35.0,55.0
570.1416804955574,194.9566459657627,197.904056827278,292.6651251801454,0.0,0.0,65.0,35.0,55.0
517.5,175.88510926842605,179.0420180709348,267.37298959910714,0.0,0.0,65.0,35.0,55.0
0.0,316.89163700000955,318.4996104600123,454.3718808681407,0.0,0.0,65.0,35.0,55.0
0.0,313.88779139897844,315.5287616477804,450.38826531521084,0.0,0.0,65.0,35.0,55.0
0.0,342.2526055274485,343.58199259074837,485.0,0.0,0.0,65.0,35.0,55.0
0.0,380.0,373.0,485.0,0.0,0.0,65.52672622241734,35.0,55.0
0.0,380.0,373.0,485.0,0.0,0.0,178.22667584120592,35.0,55.0
0.0,380.0,373.0,485.0,0.0,0.0,254.56522573689003,35.0,55.0
0.0,380.0,373.0,485.0,0.0,0.0,297.0,35.0,79.05822929733056
0.0,380.0,373.0,485.0,0.0,0.0,297.0,35.0,69.4766090439049
0.0,380.0,373.0,485.0,0.0,0.0,297.0,35.0,131.0890268831591
836.3757444553896,283.59109210394286,285.5648670040918,410.2096348048023,0.0,0.0,65.0,35.0,55.0
881.2429904218343,298.52826218966607,300.33795453963097,430.0188896645798,0.0,0.0,65.0,35.0,55.0
918.4365624488905,310.91071846699657,312.58439141088473,446.44015492299263,0.0,0.0,65.0,35.0,55.0
888.084988733981,300.8060951681199,302.5907658679427,433.03968769655273,0.0,0.0,65.0,35.0,55.0
904.1440173697732,306.1524550120855,307.87839675907685,440.12987975524925,0.0,0.0,65.0,35.0,55.0
958.9925258222398,324.4125795652048,325.9379366106657,464.345943371593,0.0,0.0,65.0,35.0,55.0
1055.0526907924316,356.39285808944254,357.5669166208114,485.0,0.0,0.0,65.0,35.0,55.0
1054.2193127386065,356.1154104889144,357.29251674013756,485.0,0.0,0.0,65.0,35.0,55.0
982.3526647166573,332.1896195946506,333.6295470337274,474.6596351293932,0.0,0.0,65.0,35.0,55.0
845.5717479609802,286.65261873686,288.59276323081406,414.26974531994045,0.0,0.0,65.0,35.0,55.0
719.6458119129007,244.7294499655739,247.13011411648523,358.6724179845825,0.0,0.0,65.0,35.0,55.0
621.9196494588831,212.1945288007581,214.95258413113143,315.5255205804616,0.0,0.0,65.0,35.0,55.0
604.6815169116397,206.45562256142736,209.2767189073085,307.9147445325991,0.0,0.0,65.0,35.0,55.0
552.4567837665895,189.0690033280442,192.08108905186776,284.8570991039523,0.0,0.0,65.0,35.0,55.0
517.5,174.46989443478014,177.64234915781003,265.49617148964313,0.0,0.0,65.0,35.0,55.0
0.0,322.0303125388539,323.58183842664965,461.18664784250655,0.0,0.0,65.0,35.0,55.0
0.0,328.93618849598164,330.4118543827332,470.3450263090881,0.0,0.0,65.0,35.0,55.0
0.0,380.0,373.0,485.0,0.0,0.0,76.43114587292857,35.0,55.0
0.0,380.0,373.0,485.0,0.0,0.0,262.2078577656096,35.0,55.0
0.0,380.0,373.0,485.0,0.0,0.0,297.0,35.0,184.40206544467142
0.0,380.0,373.0,485.0,0.0,0.0,297.0,35.0,237.08924052559018
0.0,380.0,373.0,485.0,0.0,0.0,297.0,35.0,216.79729534943198
0.0,380.0,373.0,485.0,0.0,0.0,297.0,35.0,172.15045769789612
0.0,380.0,373.0,485.0,0.0,0.0,297.0,35.0,213.91665898210687
822.3652367982294,278.9267243373355,280.9517366106782,404.023881458071,0.0,0.0,65.0,35.0,55.0
900.5544134701759,304.9574067573127,306.6964759283148,438.54504037050174,0.0,0.0,65.0,35.0,55.0
977.4553102428897,330.559195993446,332.01703338874813,472.4974132051394,0.0,0.0,65.0,35.0,55.0
1002.1151090573413,338.76891783477896,340.1365726795513,483.38491541268843,0.0,0.0,65.0,35.0,55.0
1052.6465559112237,355.5918094581833,356.77466738739554,485.0,0.0,0.0,65.0,35.0,55.0
1150.0,380.0,373.0,485.0,0.0,0.0,89.1826796038492,35.0,55.0
1150.0,380.0,373.0,485.0,0.0,0.0,297.0,35.0,66.49370993179848
1150.0,380.0,373.0,485.0,0.0,0.0,295.22736699646526,35.0,55.0
1150.0,380.0,373.0,485.0,0.0,0.0,201.01188614386578,35.0,55.0
1070.6089481166139,361.57183568308335,362.6890039302797,485.0,0.0,0.0,65.0,35.0,55.0
921.911620758614,312.06763228936416,313.7285967102036,447.97442149601534,0.0,0.0,65.0,35.0,55.0
813.1614016117126,275.8625903870417,277.9212617075657,399.96031319195873,0.0,0.0,65.0,35.0,55.0
733.7685630155153,249.43118573638222,251.78020203223542,364.90772772750995,0.0,0.0,65.0,35.0,55.0
683.6873925862726,232.75819980465917,235.29036632476237,342.7964827125882,0.0,0.0,65.0,35.0,55.0
645.8439920688476,220.1594031106593,222.8299655035375,326.0883128781626,0.0,0.0,65.0,35.0,55.0
633.250431765415,215.9667644009451,218.6833822948012,320.5281533393033,0.0,0.0,65.0,35.0,55.0
637.1337653006022,217.25960090706957,219.96201718779022,322.24267675269886,0.0,0.0,65.0,35.0,55.0
648.1120281200066,220.9144759823495,223.57674401413715,327.0896692841736,0.0,0.0,65.0,35.0,55.0
735.5281096474087,250.01697268960882,252.35955420453647,365.68458190962104,0.0,0.0,65.0,35.0,55.0
785.2681560702499,266.5763918713746,268.7370706755935,387.6452178948143,0.0,0.0,65.0,35.0,55.0
828.4005390987957,280.93599268087803,282.93893344590157,406.68851662460503,0.0,0.0,65.0,35.0,55.0
803.1702431637149,272.53634136336046,274.6315510254325,395.5491352875065,0.0,0.0,65.0,35.0,55.0
824.3503143697645,279.58759488289,281.60534759342175,404.9003093886014,0.0,0.0,65.0,35.0,55.0
840.834510652725,285.07550122305577,287.03297011394176,412.17821642956335,0.0,0.0,65.0,35.0,55.0
884.9527459752505,299.76331124347416,301.55943676671166,431.6567769839854,0.0,0.0,65.0,35.0,55.0
935.8372946722035,316.70375726929205,318.31379455967016,454.12272005338065,0.0,0.0,65.0,35.0,55.0
1034.1205199786395,349.4241353837329,350.67474427815694,485.0,0.0,0.0,65.0,35.0,55.0
1066.5657903283052,360.2257906057334,361.35774495415814,485.0,0.0,0.0,65.0,35.0,55.0
1122.1147936821637,378.7191233993161,373.0,485.0,0.0,0.0,65.0,35.0,55.0
1150.0,380.0,373.0,485.0,0.0,0.0,201.6338451350758,35.0,55.0
1150.0,380.0,373.0,485.0,250.0,0.0,169.0013741521723,35.0,55.0
1150.0,380.0,373.0,485.0,250.0,0.0,154.83124308841974,35.0,55.0
1150.0,380.0,373.0,485.0,230.52186089889224,0.0,65.0,35.0,55.0
1026.5611176698983,346.9074648014439,348.18571894090064,485.0,151.33645323294115,0.0,65.0,35.0,55.0
894.230599705544,302.852087392193,304.6142831774332,435.7530250405872,125.63748307754481,0.0,65.0,35.0,55.0
786.1929017856204,266.8842575256843,269.0415544723368,388.0535006668383,112.5,0.0,65.0,35.0,55.0
755.2170621545854,256.5718040833025,258.84238176852665,374.3774149493046,0.0,0.0,65.0,35.0,55.0
700.9501332467577,238.5052985587089,240.9743340697714,350.41812344305646,0.0,0.0,65.0,35.0,55.0
660.0858708575479,224.90079878192847,227.51927766175106,332.3762184656465,0.0,0.0,65.0,35.0,55.0
640.4931798698301,218.37801470154542,221.0681453761904,323.72588567154475,0.0,0.0,65.0,35.0,55.0
635.7556621597955,216.80080383658978,219.50825993361497,321.63423298149615,0.0,0.0,65.0,35.0,55.0
641.0052366616646,218.54848826702573,221.23674631538324,323.9519629195157,0.0,0.0,65.0,35.0,55.0
724.7067289702168,246.41432670018347,248.79648273544947,360.9068541228636,0.0,0.0,65.0,35.0,55.0
787.642216006736,267.36676213594393,269.5187588425595,388.6933847105224,0.0,0.0,65.0,35.0,55.0
780.0907170987473,264.85272274794266,267.0323357963204,385.359336381513,0.0,0.0,65.0,35.0,55.0
840.2417665767421,284.87816530707636,286.8378019031,411.9165150878641,0.0,0.0,65.0,35.0,55.0
844.436481361315,286.27466662666086,288.21896286727997,413.7685158612975,0.0,0.0,65.0,35.0,55.0
837.1597648448355,283.8521075876342,285.82301527224257,410.55578619821324,0.0,0.0,65.0,35.0,55.0
897.4408695992511,303.9208480524582,305.6713036637788,437.17038536933734,0.0,0.0,65.0,35.0,55.0
967.38423963215,327.20634267210653,328.70101065313554,468.05095342937875,0.0,0.0,65.0,35.0,55.0
1030.18065578712,348.1124787336369,349.3774959776264,485.0,0.0,0.0,65.0,35.0,55.0
1052.957531069588,355.69533907612316,356.8770597481687,485.0,0.0,0.0,65.0,35.0,55.0
1100.4777358537383,371.51573023407633,372.5236663062807,485.0,0.0,0.0,65.0,35.0,55.0
1150.0,380.0,373.0,485.0,0.0,0.0,161.10533150268554,35.0,55.0
1150.0,380.0,373.0,485.0,0.0,0.0,297.0,35.0,138.583627665552
1150.0,380.0,373.0,485.0,0.0,0.0,297.0,35.0,129.02992357288053
1150.0,380.0,373.0,485.0,0.0,0.0,263.89647456774713,35.0,55.0
1095.469019459089,369.8482321051744,370.87448539167355,485.0,0.0,0.0,65.0,35.0,55.0
920.934054591951,311.74218168977944,313.4067211361446,447.54281806414417,0.0,0.0,65.0,35.0,55.0
798.2570174921583,270.9006339348174,273.0138115951575,393.37990610004414,0.0,0.0,65.0,35.0,55.0
716.9945923734313,243.84680793255797,246.25716777246834,357.501882944704,0.0,0.0,65.0,35.0,55.0
666.8793546640838,227.16248034733425,229.75611499783986,335.3755969478936,0.0,0.0,65.0,35.0,55.0
626.7069769075304,213.78832228676737,216.52887003718072,317.63916467616525,0.0,0.0,65.0,35.0,55.0
608.3201819199202,207.66700420393565,210.4747937060165,309.5212447967849,0.0,0.0,65.0,35.0,55.0
611.322624248621,208.6665750661615,211.46338443377093,310.84684756133834,0.0,0.0,65.0,35.0,55.0
658.2006421649041,224.27316985071295,226.89854313924963,331.5438746291321,0.0,0.0,65.0,35.0,55.0
745.4650681765049,253.32517751668684,255.63141890283217,370.0718301080311,0.0,0.0,65.0,35.0,55.0
820.1719236258384,278.1965281507507,280.22956151856727,403.05551581219,0.0,0.0,65.0,35.0,55.0
852.5976737151989,288.99168470223964,290.9061349109679,417.3717488169966,0.0,0.0,65.0,35.0,55.0
828.5169169408493,280.9747371053133,282.9772522687048,406.73989839060414,0.0,0.0,65.0,35.0,55.0
824.5773010212051,279.663163109705,281.68008571471495,405.0005258456471,0.0,0.0,65.0,35.0,55.0
846.2241535821553,286.86981712999653,288.8075757325108,414.55778772021335,0.0,0.0,65.0,35.0,55.0
886.1206658678041,300.15213426360384,301.94398862487776,432.1724231376339,0.0,0.0,65.0,35.0,55.0
917.6904466073591,310.66232213714517,312.3387236770809,446.1107386964905,0.0,0.0,65.0,35.0,55.0
952.0400567070549,322.09796872934197,323.64875142413615,461.2763715795015,0.0,0.0,65.0,35.0,55.0
961.7172103646067,325.3196795122288,326.835072202211,465.54891380915024,0.0,0.0,65.0,35.0,55.0
991.4490970435528,335.2179970649711,336.6246582363815,478.67578415741593,0.0,0.0,65.0,35.0,55.0
1074.35803323377,362.8199783059378,363.92343589553457,485.0,0.0,0.0,65.0,35.0,55.0
1150.0,380.0,373.0,485.0,0.0,0.0,152.88912340695043,35.0,55.0
1150.0,380.0,373.0,485.0,0.0,0.0,119.83597372443508,35.0,55.0
1100.9462559238896,371.6717095866236,372.67793224927345,485.0,0.0,0.0,65.0,35.0,55.0
956.2572910765826,323.50196725236486,325.03732723611074,463.13831493327604,0.0,0.0,65.0,35.0,55.0
823.1842770301006,279.19939860086527,281.22141558873744,404.3854943974006,0.0,0.0,65.0,35.0,55.0
716.6756654929529,243.74063103321862,246.15215721028082,357.3610741270254,0.0,0.0,65.0,35.0,55.0
638.4343511298558,217.6925909719639,220.39025092242625,322.81689599891615,0.0,0.0,65.0,35.0,55.0
585.0459141018188,199.91855230921368,202.81145738135015,299.2454658192142,0.0,0.0,65.0,35.0,55.0
544.4001247395792,186.38678640973515,189.42833588000985,281.3000184642417,0.0,0.0,65.0,35.0,55.0
534.8004301825257,183.19086325285278,186.26751945477506,277.0616750589231,0.0,0.0,65.0,35.0,55.0
552.3896493311067,189.04665298182135,192.05898422081177,284.82745870339505,0.0,0.0,65.0,35.0,55.0
579.522793833766,198.07979922618492,200.99290272233952,296.80696319543193,0.0,0.0,65.0,35.0,55.0
660.478961356191,225.03166617775003,227.6487074990579,332.54977112533953,0.0,0.0,65.0,35.0,55.0
752.2598031189707,255.58727560933383,257.8686681906736,373.07176097699073,0.0,0.0,65.0,35.0,55.0
833.2928034203345,282.56472167239656,284.5497710962254,408.848491205154,0.0,0.0,65.0,35.0,55.0
827.7551065328722,280.72111575209857,282.72641690762765,406.4035528850713,0.0,0.0,65.0,35.0,55.0
843.7222919792699,286.03689922990554,287.98380730935264,413.4531954269286,0.0,0.0,65.0,35.0,55.0
835.9116003691828,283.43656960070876,285.41204190714325,410.0047114069587,0.0,0.0,65.0,35.0,55.0
902.9050089708916,305.7399652594143,307.47043814384034,439.58284744653105,0.0,0.0,65.0,35.0,55.0
932.51761997832,315.59857364449607,317.2207512095405,452.65705661346567,0.0,0.0,65.0,35.0,55.0
965.0295887721644,326.42243406281943,327.9257131611474,467.01135587917184,0.0,0.0,65.0,35.0,55.0
989.7789014532661,334.66195679391916,336.07472598345856,477.93837918857946,0.0,0.0,65.0,35.0,55.0
1044.1003048986436,352.7465979409517,353.96071008758804,485.0,0.0,0.0,65.0,35.0,55.0
1150.0,380.0,373.0,485.0,0.0,0.0,92.93552190068792,35.0,55.0
1150.0,380.0,373.0,485.0,0.0,0.0,297.0,35.0,89.54278463114659
1150.0,380.0,373.0,485.0,0.0,0.0,297.0,35.0,88.46022457415808
1150.0,380.0,373.0,485.0,0.0,0.0,232.46032293869382,35.0,55.0
1094.3539432758314,369.477001773357,370.5073329688041,485.0,0.0,0.0,65.0,35.0,55.0
949.5672457932668,321.27472236301253,322.8345482944066,460.1846054022795,0.0,0.0,65.0,35.0,55.0
846.3229548875656,286.902709986953,288.8401072664174,414.6014093019974,0.0,0.0,65.0,35.0,55.0
703.3331920681652,239.29866472533897,241.75898522926803,351.47026333981785,0.0,0.0,65.0,35.0,55.0
651.1413259319825,221.92298755205078,224.57417723705004,328.42712896352356,0.0,0.0,65.0,35.0,55.0
608.7884352348736,207.82289474854127,210.6289718166094,309.72798245261936,0.0,0.0,65.0,35.0,55.0
596.0758942361275,203.59064507442454,206.4432127639129,304.11529196682784,0.0,0.0,65.0,35.0,55.0
600.0835280530468,204.9248635376971,207.76277503952068,305.88469496792555,0.0,0.0,65.0,35.0,55.0
608.5333848999262,207.7379835811302,210.544993385507,309.6153756505254,0.0,0.0,65.0,35.0,55.0
677.7671083622469,230.78722319343075,233.34104059297547,340.18262896449426,0.0,0.0,65.0,35.0,55.0
752.8553831610368,255.7855556730279,258.06477017791036,373.334714420835,0.0,0.0,65.0,35.0,55.0
781.4939434834363,265.3198838300503,267.4943651847231,385.9788722696987,0.0,0.0,65.0,35.0,55.0
770.5365122357703,261.67194398610684,263.8864974072472,381.141077046969,0.0,0.0,65.0,35.0,55.0
768.5895816825459,261.0237733174558,263.24544679518357,380.281491336004,0.0,0.0,65.0,35.0,55.0
795.8654948962923,270.104450014703,272.2263736347717,392.32402937786117,0.0,0.0,65.0,35.0,55.0
841.4018456694172,285.26437797395454,287.21977208234955,412.42869946444665,0.0,0.0,65.0,35.0,55.0
896.1789985668436,303.5007468888741,305.25581724782495,436.61325902153726,0.0,0.0,65.0,35.0,55.0
976.476115901868,330.23320334326735,331.6946217184389,472.0650909210158,0.0,0.0,65.0,35.0,55.0
994.5967052797031,336.2658964529068,337.6610466083134,480.06547885352603,0.0,0.0,65.0,35.0,55.0
1039.365123628565,351.17016492184473,352.40159394634253,485.0,0.0,0.0,65.0,35.0,55.0
1146.092471941537,380.0,373.0,485.0,0.0,0.0,65.0,35.0,55.0
1150.0,380.0,373.0,485.0,0.0,0.0,267.8632307337442,35.0,55.0
1150.0,380.0,373.0,485.0,0.0,0.0,250.29627026829644,35.0,55.0
1150.0,380.0,373.0,485.0,0.0,0.0,141.9742238736188,35.0,55.0
1035.8816081643897,350.01043554992054,351.25460402585236,485.0,0.0,0.0,65.0,35.0,55.0
899.3233796603301,304.5475718988796,306.2911430437054,438.0015289078532,0.0,0.0,65.0,35.0,55.0
797.5741375274895,270.6732900459587,272.7889650444719,393.0784090286866,0.0,0.0,65.0,35.0,55.0
722.2917194464783,245.61032352954751,248.0013114178243,359.84060773055535,0.0,0.0,65.0,35.0,55.0
671.4015732787517,228.66801399793172,231.2451105893967,337.37219333218206,0.0,0.0,65.0,35.0,55.0
630.4796909459908,215.04433143249082,217.77108211274285,319.3048486799665,0.0,0.0,65.0,35.0,55.0
612.9884103416545,209.22114733067454,212.01186480598437,311.5823057011906,0.0,0.0,65.0,35.0,55.0
608.9919300401589,207.8906420874437,210.6959749612587,309.8178270680778,0.0,0.0,65.0,35.0,55.0
609.5654276472047,208.08157048332976,210.88480603764452,310.07103093684077,0.0,0.0,65.0,35.0,55.0
676.6680606488829,230.42132904786362,232.9791657391589,339.697390439416,0.0,0.0,65.0,35.0,55.0
738.0823024280157,250.86731264638237,253.2005533057242,366.8122788444828,0.0,0.0,65.0,35.0,55.0
765.9231452889429,260.1360653007035,262.3674901164941,379.10423793097505,0.0,0.0,65.0,35.0,55.0
800.3178547350442,271.5867263336912,273.6923673729831,394.28978254308186,0.0,0.0,65.0,35.0,55.0
818.3416417721083,277.5871920801921,279.62691891242014,402.2474314529922,0.0,0.0,65.0,35.0,55.0
829.5581571712678,281.3213860267445,283.32009330425666,407.1996144407053,0.0,0.0,65.0,35.0,55.0
875.5492659702811,296.63271168902475,298.46322637403455,427.5050639029871,0.0,0.0,65.0,35.0,55.0
916.9624882736816,310.41997079127486,312.0990345240251,445.7893391577289,0.0,0.0,65.0,35.0,55.0
964.3634763675828,326.20067241756743,327.70638753396827,466.7172618222849,0.0,0.0,65.0,35.0,55.0
974.3985962934366,329.54155706369016,331.010573068448,471.14784907759224,0.0,0.0,65.0,35.0,55.0
1008.0890010267461,340.7577414966429,342.1035494148266,485.0,0.0,0.0,65.0,35.0,55.0
1099.9898848888558,371.35331525446327,372.36303543061035,485.0,0.0,0.0,65.0,35.0,55.0
1150.0,380.0,373.0,485.0,0.0,0.0,214.13378626829805,35.0,55.0
1150.0,380.0,373.0,485.0,0.0,0.0,209.49539695412074,35.0,55.0
1150.0,380.0,373.0,485.0,0.0,0.0,124.77209335877595,35.0,55.0
1026.417230074828,346.8595618505385,348.13834219665296,485.0,0.0,0.0,65.0,35.0,55.0
890.7918757596976,301.7072699791659,303.482041410231,434.2348003854204,0.0,0.0,65.0,35.0,55.0
787.284234517716,267.2475832054378,269.40088907454765,388.5353329647927,0.0,0.0,65.0,35.0,55.0
711.4624464439254,242.00505003304545,244.43564130442775,355.0593954178114,0.0,0.0,65.0,35.0,55.0
659.6280614907844,224.74838522876993,227.368538348381,332.1740918980788,0.0,0.0,65.0,35.0,55.0
621.8471515968895,212.17039286657885,214.92871332653215,315.4935121833762,0.0,0.0,65.0,35.0,55.0
608.9616799666306,207.88057125551128,210.6860147558892,309.80447141401123,0.0,0.0,65.0,35.0,55.0
614.725357004068,209.79941031890658,212.5837756629063,312.3491818125374,0.0,0.0,65.0,35.0,55.0
607.8973250002297,207.52622699340515,210.33556291181378,309.3345500195384,0.0,0.0,65.0,35.0,55.0
658.6931867674696,224.437147432685,227.06071945232884,331.76133708647404,0.0,0.0,65.0,35.0,55.0
711.5361842003042,242.0295987519393,244.45992035936402,355.09195123837566,0.0,0.0,65.0,35.0,55.0
721.7767565800938,245.43888247589408,247.8317536181693,359.6132474269798,0.0,0.0,65.0,35.0,55.0
705.7376168430128,240.09914402926339,242.55067138932358,352.53183647920196,0.0,0.0,65.0,35.0,55.0
697.0582234527803,237.20960685090026,239.69287533905612,348.69981354148996,0.0,0.0,65.0,35.0,55.0
725.403519323806,246.64630162535354,249.02590945121426,361.21449274432933,0.0,0.0,65.0,35.0,55.0
788.9677483453816,267.80805737415136,269.95520651943815,389.2786180440046,0.0,0.0,65.0,35.0,55.0
864.5719661839057,292.978157225983,294.84881663804896,422.6584965584454,0.0,0.0,65.0,35.0,55.0
969.4068774590925,327.8797177498961,329.3669888077221,468.9439645188692,0.0,0.0,65.0,35.0,55.0
991.9673224616099,335.3905242848957,336.7952902709357,478.9045849041519,0.0,0.0,65.0,35.0,55.0
1028.4556102594381,347.5381778623093,348.809503714355,485.0,0.0,0.0,65.0,35.0,55.0
1121.6014642753887,378.5482261558183,373.0,485.0,0.0,0.0,65.0,35.0,55.0
1150.0,380.0,373.0,485.0,0.0,0.0,228.94930593440932,35.0,55.0
1150.0,380.0,373.0,485.0,0.0,0.0,204.4554060588462,35.0,55.0
1150.0,380.0,373.0,485.0,0.0,0.0,100.90288684393381,35.0,55.0
1011.8176416010299,341.99907773752244,343.3312497651814,485.0,0.0,0.0,65.0,35.0,55.0
882.4976292672287,298.9459556189402,300.75105966987144,430.57282294285545,0.0,0.0,65.0,35.0,55.0
780.1393662916679,264.86891900098954,267.0483541359815,385.38081539678416,0.0,0.0,65.0,35.0,55.0
764.2923122662025,259.59312958630045,261.8305184686508,378.38421185660076,0.0,0.0,65.0,35.0,55.0
707.4246375406668,240.6607857025196,243.1061435138963,353.2766698701023,0.0,0.0,65.0,35.0,55.0
665.1188559731636,226.57637643532598,229.1764493485014,334.5983224239608,0.0,0.0,65.0,35.0,55.0
651.9182973144558,222.18165628559473,224.83000453374825,328.77016816289137,0.0,0.0,65.0,35.0,55.0
660.6028507605594,225.07291134591242,227.6894995952973,332.60446930733616,0.0,0.0,65.0,35.0,55.0
649.66569047781,221.43172009650024,224.08830628006427,327.7756238808696,0.0,0.0,65.0,35.0,55.0
704.8633179608298,239.80807309705835,242.26279782720715,352.14582639528163,0.0,0.0,65.0,35.0,55.0
759.4483718978921,257.9804885692729,260.23559206885574,376.2455726953474,0.0,0.0,65.0,35.0,55.0
773.6475589723598,262.7076713468596,264.91084745987047,382.5146295429673,0.0,0.0,65.0,35.0,55.0
761.199445874059,258.5634548122701,260.8121545160018,377.01868613088465,0.0,0.0,65.0,35.0,55.0
759.0058462193815,257.83316325021593,260.08988509610657,376.05019400073866,0.0,0.0,65.0,35.0,55.0
793.2686627760683,269.2399146007651,271.3713350113656,391.17750682695515,0.0,0.0,65.0,35.0,55.0
856.4810086763608,290.2845216830985,292.18477027347643,419.0862728599716,0.0,0.0,65.0,35.0,55.0
937.0405866956254,317.1043563528661,318.70999312300796,454.65398329116726,0.0,0.0,65.0,35.0,55.0
1060.1118490298882,358.0771492790554,359.23270612690203,485.0,0.0,0.0,65.0,35.0,55.0
1094.684070904062,369.5869076172897,370.6160315136936,485.0,0.0,0.0,65.0,35.0,55.0
1150.0,380.0,373.0,485.0,0.0,0.0,77.54605234802463,35.0,55.0
1150.0,380.0,373.0,485.0,0.0,0.0,240.57282476746616,35.0,55.0
1150.0,380.0,373.0,485.0,250.0,0.0,213.02182313305826,35.0,55.0
1150.0,380.0,373.0,485.0,250.0,0.0,194.1116962710502,35.0,55.0
1150.0,380.0,373.0,485.0,250.0,0.0,78.78522589232675,35.0,55.0
1040.0761776383213,351.4068884927947,352.6357171447328,485.0,153.96111705289576,0.0,65.0,35.0,55.0
902.3966078358987,305.57070873248506,307.3030408742144,439.35838420085724,127.22334552604849,0.0,65.0,35.0,55.0
794.2826180664033,269.5774798402803,271.70519214787106,391.62517635357796,112.5,0.0,65.0,35.0,55.0
761.7425941928735,258.74427934573873,260.99099271936797,377.2584905414808,0.0,0.0,65.0,35.0,55.0
704.6953384083672,239.75214946965465,242.2074885123772,352.07166205347085,0.0,0.0,65.0,35.0,55.0
663.1553341882135,225.9226822261749,228.5299358711933,333.73141154893426,0.0,0.0,65.0,35.0,55.0
651.3512699796154,221.99288196790872,224.64330387333985,328.5198209720539,0.0,0.0,65.0,35.0,55.0
656.5635498737804,223.72815030534503,226.35951055100887,330.82108503673993,0.0,0.0,65.0,35.0,55.0
646.2299117395459,220.2878831997862,222.957034258352,326.25869955886014,0.0,0.0,65.0,35.0,55.0
705.8642783694379,240.14131209023472,242.59237624053426,352.5877585756855,0.0,0.0,65.0,35.0,55.0
770.6880824136887,261.7224046167679,263.93640373552597,381.2079965161464,0.0,0.0,65.0,35.0,55.0
787.2595411471366,267.2393623069095,269.3927584813441,388.52443064037726,0.0,0.0,65.0,35.0,55.0
779.5668608518922,264.6783209166915,266.85984974276107,385.12804957795925,0.0,0.0,65.0,35.0,55.0
755.1650255837402,256.5544801069217,258.82524809340157,374.35444037906524,0.0,0.0,65.0,35.0,55.0
802.1564247575033,272.19882169520554,274.2977389596929,395.1015261963401,0.0,0.0,65.0,35.0,55.0
845.1858905146411,286.5241593634204,288.4657149641281,414.0993861118047,0.0,0.0,65.0,35.0,55.0
923.7601449220099,312.6830415760599,314.33724581912884,448.79055998364504,0.0,0.0,65.0,35.0,55.0
1016.7711183988778,343.6481855410296,344.96224236933176,485.0,0.0,0.0,65.0,35.0,55.0
1050.2878033567274,354.8065353158168,355.998019362502,485.0,0.0,0.0,65.0,35.0,55.0
1105.4516446754456,373.17164025173787,373.0,485.0,0.0,0.0,65.0,35.0,55.0
1150.0,380.0,373.0,485.0,0.0,0.0,188.72600933407685,35.0,55.0
1150.0,380.0,373.0,485.0,250.0,0.0,170.49095138401367,35.0,55.0
1150.0,380.0,373.0,485.0,250.0,0.0,160.72834781638898,35.0,55.0
1150.0,380.0,373.0,485.0,244.1426746075497,0.0,65.0,35.0,55.0
1032.9025233213615,349.0186408444155,350.27370403491534,485.0,152.56797259134123,0.0,65.0,35.0,55.0
895.2116836811426,303.17870913810657,304.93731703295606,436.1861816137812,125.82801242932773,0.0,65.0,35.0,55.0
780.1967116738506,264.8880103828839,267.06723580193847,385.40613385050733,112.5,0.0,65.0,35.0,55.0
739.8543715942283,251.45726859240094,253.78402867506304,367.59466182758166,0.0,0.0,65.0,35.0,55.0
676.2529941720207,230.28314542575296,232.8425000432002,339.5141352061872,0.0,0.0,65.0,35.0,55.0
631.3278874620104,215.32671238440793,218.0503611526881,319.6793343564347,0.0,0.0,65.0,35.0,55.0
621.442681840415,212.03573709672153,214.79553672990434,315.3149354885849,0.0,0.0,65.0,35.0,55.0
638.9311133792056,217.8579726897599,220.55381594711008,323.03622058169634,0.0,0.0,65.0,35.0,55.0
655.3649628086401,223.32911759297534,225.96486115252506,330.2918990763903,0.0,0.0,65.0,35.0,55.0
728.4743115236035,247.6686274757209,250.0370052070132,362.57027253417203,0.0,0.0,65.0,35.0,55.0
843.8901009261548,286.0927660594274,288.0390604502169,413.5272844449859,0.0,0.0,65.0,35.0,55.0
864.0341354134409,292.79910300674754,294.67172930228236,422.4210398887952,0.0,0.0,65.0,35.0,55.0
865.3591419295012,293.2402231884918,295.1080038456666,423.00604106731936,0.0,0.0,65.0,35.0,55.0
851.1566656868788,288.51194538349455,290.4316654559515,416.73553202514523,0.0,0.0,65.0,35.0,55.0
885.8496640586054,300.06191254327433,301.8547579764761,432.05277362961886,0.0,0.0,65.0,35.0,55.0
915.9620708805438,310.0869125784041,311.7696349051594,445.347646723082,0.0,0.0,65.0,35.0,55.0
969.7679327676641,327.99992001411624,329.48587066828225,469.10337338098924,0.0,0.0,65.0,35.0,55.0
1061.6940524759345,358.6038952710311,359.7536658939659,485.0,0.0,0.0,65.0,35.0,55.0
1093.0589055512307,369.04585877932846,370.08092601524027,485.0,0.0,0.0,65.0,35.0,55.0
1150.0,380.0,373.0,485.0,0.0,0.0,75.57795945222871,35.0,55.0
1150.0,380.0,373.0,485.0,0.0,0.0,241.34895850102123,35.0,55.0
1150.0,380.0,373.0,485.0,250.0,0.0,213.40933638783747,35.0,55.0
1150.0,380.0,373.0,485.0,250.0,0.0,199.0261335132815,35.0,55.0
1150.0,380.0,373.0,485.0,250.0,0.0,93.4204206075497,35.0,55.0
1052.7210634469575,355.6166144514462,356.79919990156577,485.0,156.41679052877583,0.0,65.0,35.0,55.0
913.5456232500164,309.2824306343279,310.9739900733477,444.2807653949028,129.38851663545685,0.0,65.0,35.0,55.0
805.1298295342901,273.1887253972911,275.2767687195965,396.4143086450044,112.5,0.0,65.0,35.0,55.0
767.5892980622842,260.69075964015127,262.9160912226676,379.83985796317245,0.0,0.0,65.0,35.0,55.0
702.6103549523122,239.05801833148973,241.52098229959367,351.1511248604748,0.0,0.0,65.0,35.0,55.0
649.6596048135264,221.42969406168282,224.08630250093233,327.772937010477,0.0,0.0,65.0,35.0,55.0
628.1589464885925,214.27171091748122,217.0069487170269,318.28022108291276,0.0,0.0,65.0,35.0,55.0
626.9559641444042,213.87121493208687,216.6108521193509,317.74909457103234,0.0,0.0,65.0,35.0,55.0
620.4514958749945,211.70575220388588,214.4691766711188,314.8773188045314,0.0,0.0,65.0,35.0,55.0
696.0039053794134,236.8586040637421,239.34572826433265,348.23432351711415,0.0,0.0,65.0,35.0,55.0
763.6388669903776,259.37558507211276,261.61536364799014,378.09571044032447,0.0,0.0,65.0,35.0,55.0
785.5177491971759,266.6594862291587,268.8192522544473,387.75541529507876,0.0,0.0,65.0,35.0,55.0
779.3446485732975,264.60434217052585,266.7866836419131,385.02994104544655,0.0,0.0,65.0,35.0,55.0
779.6242720164945,264.69743419882,266.8787530683813,385.153397075157,0.0,0.0,65.0,35.0,55.0
812.0733049658988,275.5003420627211,277.56299262620166,399.47990965247885,0.0,0.0,65.0,35.0,55.0
872.22574718029,295.52624829061773,297.3689173084131,426.0377032633028,0.0,0.0,65.0,35.0,55.0
941.8262928873808,318.69761009123926,320.2857452104672,456.76691158873643,0.0,0.0,65.0,35.0,55.0
1049.2199253107606,354.4510181526875,355.6464075015435,485.0,0.0,0.0,65.0,35.0,55.0
1076.5298895249323,363.54303108361665,364.6385460480041,485.0,0.0,0.0,65.0,35.0,55.0
1109.8578731600612,374.63855855469063,373.0,485.0,0.0,0.0,65.0,35.0,55.0
1150.0,380.0,373.0,485.0,0.0,0.0,101.74667480118838,35.0,55.0
1150.0,380.0,373.0,485.0,0.0,0.0,215.82936739165868,35.0,55.0
1150.0,380.0,373.0,485.0,0.0,0.0,160.18599260395786,35.0,55.0
1140.5262582764053,380.0,373.0,485.0,0.0,0.0,65.0,35.0,55.0
982.1020266924875,332.10617737045493,333.54702140972176,474.54897639847746,0.0,0.0,65.0,35.0,55.0
842.9173885973337,285.7689313959193,287.71878306142156,413.09782402209134,0.0,0.0,65.0,35.0,55.0
731.543431969619,248.69039676706518,251.0475505175056,363.9253142310915,0.0,0.0,65.0,35.0,55.0
585.6306244738101,200.1132136504481,203.00398039724527,299.50362021510904,0.0,0.0,65.0,35.0,55.0
535.8059175254403,183.52560934962435,186.5985884163927,277.50560591772756,0.0,0.0,65.0,35.0,55.0
517.5,171.0,167.85,244.67524804319316,0.0,0.0,65.0,35.0,55.0
0.0,0.0,373.0,485.0,0.0,0.0,276.4611201899524,35.0,55.0
0.0,0.0,373.0,485.0,0.0,0.0,288.88017388028726,35.0,55.0
0.0,0.0,373.0,485.0,0.0,0.0,273.0236646507792,35.0,55.0
0.0,0.0,373.0,485.0,0.0,0.0,297.0,35.0,138.53412005084877
0.0,0.0,373.0,485.0,0.0,0.0,297.0,35.0,252.463545249193
0.0,380.0,373.0,485.0,0.0,0.0,145.17618162679923,35.0,55.0
0.0,380.0,373.0,485.0,0.0,0.0,168.38238437053866,35.0,55.0
0.0,380.0,373.0,485.0,0.0,0.0,205.36776091429365,35.0,55.0
0.0,380.0,373.0,485.0,0.0,0.0,293.4351484460326,35.0,55.0
0.0,380.0,373.0,485.0,0.0,0.0,297.0,35.0,190.7705472756358
825.5345969686404,279.9818653630127,281.9952870720582,405.4231798104828,0.0,0.0,65.0,35.0,55.0
919.7602619105859,311.35140350517594,313.0202355906901,447.02457902635945,0.0,0.0,65.0,35.0,55.0
914.946709770007,309.74887931427514,311.43531488521967,444.8993565153796,0.0,0.0,65.0,35.0,55.0
900.3049146786149,304.874343805588,306.61432541052955,438.43488462007,0.0,0.0,65.0,35.0,55.0
931.2838574159088,315.1878303317927,316.8145198498933,452.1123403843141,0.0,0.0,65.0,35.0,55.0
1015.2266210844717,343.13399264629567,344.4536978056385,485.0,0.0,0.0,65.0,35.0,55.0
1005.4396934164952,339.8757359816774,341.2312325968058,484.85274650984474,0.0,0.0,65.0,35.0,55.0
958.9290566000985,324.39144943907576,325.91703859577063,464.3179211926055,0.0,0.0,65.0,35.0,55.0
848.4463436407614,287.60962698801694,289.5392588913333,415.53890274676775,0.0,0.0,65.0,35.0,55.0
723.6870678321748,246.0748618741024,248.46074687904883,360.4566654179631,0.0,0.0,65.0,35.0,55.0
624.5486204045804,213.06976384851822,215.81820485450325,316.6862326848153,0.0,0.0,65.0,35.0,55.0
552.9194189620193,189.22302349248542,192.233417328139,285.06135631421716,0.0,0.0,65.0,35.0,55.0
517.5,171.0,173.68863294002523,260.19462758333907,0.0,0.0,65.0,35.0,55.0
0.0,0.0,373.0,485.0,0.0,0.0,258.2961535079299,35.0,55.0
0.0,0.0,373.0,485.0,0.0,0.0,241.12334475324033,35.0,55.0
0.0,0.0,373.0,485.0,0.0,0.0,269.58572341484074,35.0,55.0
0.0,0.0,373.0,485.0,0.0,0.0,297.0,35.0,168.03889079202418
0.0,380.0,373.0,485.0,0.0,0.0,255.27846470977582,35.0,55.0
0.0,380.0,373.0,485.0,0.0,0.0,297.0,35.0,142.66872385471447
0.0,380.0,373.0,485.0,0.0,0.0,297.0,35.0,169.74329499294768
0.0,380.0,373.0,485.0,0.0,0.0,297.0,35.0,153.74035288453112
0.0,380.0,373.0,485.0,0.0,0.0,297.0,35.0,219.10060127906016
783.7332944446175,266.0654068829653,268.23169877985987,386.9675639746387,0.0,0.0,65.0,35.0,55.0
847.4201182083146,287.26797678193526,289.20136166100025,415.08581585237425,0.0,0.0,65.0,35.0,55.0
892.8858686990211,302.4044005477854,304.17151410518,435.1593153387263,0.0,0.0,65.0,35.0,55.0
900.5923414355602,304.97003370727913,306.70896417314907,438.5617858764143,0.0,0.0,65.0,35.0,55.0
916.0657000375037,310.12141272010007,311.80375606802613,445.39339984068266,0.0,0.0,65.0,35.0,55.0
959.2699401029358,324.5049361207657,326.02927864345713,464.46842403804976,0.0,0.0,65.0,35.0,55.0
1046.8065811963547,353.6475694288853,354.85178454023753,485.0,0.0,0.0,65.0,35.0,55.0
1150.0,380.0,373.0,485.0,0.0,0.0,133.12980353640626,35.0,55.0
1150.0,380.0,373.0,485.0,0.0,0.0,129.78296943049307,35.0,55.0
1121.0869843333714,378.37694587698525,373.0,485.0,0.0,0.0,65.0,35.0,55.0
976.7101389778675,330.31111413130196,331.7716766682716,472.1684140168664,0.0,0.0,65.0,35.0,55.0
843.6934981817675,286.02731322030223,287.97432660061236,413.4404827305992,0.0,0.0,65.0,35.0,55.0
737.6679111492357,250.72935381071397,253.0641099269628,366.6293217167117,0.0,0.0,65.0,35.0,55.0
723.6504147893068,246.06265937038978,248.44867841799066,360.44048280073486,0.0,0.0,65.0,35.0,55.0
674.03111182876,229.54343801209598,232.11091820340536,338.5331560384663,0.0,0.0,65.0,35.0,55.0
637.5069345700184,217.38383614210503,220.08488771759232,322.40743402728685,0.0,0.0,65.0,35.0,55.0
626.6646763006696,213.77423960025968,216.5149420468506,317.62048861339434,0.0,0.0,65.0,35.0,55.0
633.635972371352,216.0951182921142,218.81032623792336,320.6983726598186,0.0,0.0,65.0,35.0,55.0
633.7607212783408,216.13664960524838,218.8514013358754,320.75345031922893,0.0,0.0,65.0,35.0,55.0
696.3015834392165,236.9577068215399,239.4437423933516,348.36575080724054,0.0,0.0,65.0,35.0,55.0
755.9457578832082,256.8144009221483,259.08231371785484,374.6991400539459,0.0,0.0,65.0,35.0,55.0
769.3276047901011,261.26947542034367,263.48844989769884,380.6073345544823,0.0,0.0,65.0,35.0,55.0
747.7455429490064,254.0843914782153,256.38229301402566,371.0786783109175,0.0,0.0,65.0,35.0,55.0
742.0236679333128,252.17946911274217,254.49829593211263,368.55242384576854,0.0,0.0,65.0,35.0,55.0
775.2368422458441,263.23677434970904,265.43413834640074,383.21631106432426,0.0,0.0,65.0,35.0,55.0
854.8012400586152,289.72529436688006,291.63168598459526,418.344641321471,0.0,0.0,65.0,35.0,55.0
927.9474414918446,314.0770732291229,315.7159642456998,450.6392855547969,0.0,0.0,65.0,35.0,55.0
1019.3539415944941,344.5080571142286,345.8126683835828,485.0,0.0,0.0,65.0,35.0,55.0
1057.1471719823708,357.0901512060931,358.25655007822604,485.0,0.0,0.0,65.0,35.0,55.0
1114.696298317155,376.2493634517107,373.0,485.0,0.0,0.0,65.0,35.0,55.0
1150.0,380.0,373.0,485.0,0.0,0.0,196.94438220085414,35.0,55.0
1150.0,380.0,373.0,485.0,250.0,0.0,172.50873763496924,35.0,55.0
1150.0,380.0,373.0,485.0,250.0,0.0,154.72880981638946,35.0,55.0
1150.0,380.0,373.0,485.0,229.75291636914133,0.0,65.0,35.0,55.0
1026.3570989887594,346.83954305418274,348.118543303742,485.0,151.2968322137055,0.0,65.0,35.0,55.0
895.8383853441168,303.38735018863713,305.14366619315877,436.4628755069652,125.94971970880388,0.0,65.0,35.0,55.0
790.2598694489707,268.2382293688866,270.38065313998885,389.8491000448351,112.5,0.0,65.0,35.0,55.0
763.507355744314,259.3318024460941,261.5720619674846,378.03764715308495,0.0,0.0,65.0,35.0,55.0
711.5010025515634,242.01788610366285,244.44833637275426,355.0764182536497,0.0,0.0,65.0,35.0,55.0
671.3801172239152,228.66087086414765,231.23804592185496,337.36272030905826,0.0,0.0,65.0,35.0,55.0
655.9841094486694,223.5352434308981,226.16872272934944,330.5652573653543,0.0,0.0,65.0,35.0,55.0
663.358716036957,225.99039195966967,228.59690182352466,333.82120629315875,0.0,0.0,65.0,35.0,55.0
674.2327320451972,229.6105612642763,232.17730411683067,338.6221730076664,0.0,0.0,65.0,35.0,55.0
753.3017167987297,255.93414873501757,258.21173096762817,373.5317743604658,0.0,0.0,65.0,35.0,55.0
826.527053302248,280.3122731858783,282.32206541505144,405.8613573724472,0.0,0.0,65.0,35.0,55.0
835.9497561292019,283.4492723878953,285.4246051561372,410.0215574860595,0.0,0.0,65.0,35.0,55.0
814.5745006437927,276.3330382635603,278.3865417854407,400.5842079344512,0.0,0.0,65.0,35.0,55.0
812.1943557535632,275.5406422007261,277.60285007329674,399.53335456205974,0.0,0.0,65.0,35.0,55.0
840.3977690815929,284.93010154471614,286.8891676290384,411.9853914655153,0.0,0.0,65.0,35.0,55.0
890.7262479437758,301.6854212156043,303.4604326520267,434.2058251696815,0.0,0.0,65.0,35.0,55.0
953.7745203418935,322.67540506988456,324.21984471396826,462.042151413932,0.0,0.0,65.0,35.0,55.0
1035.6678544255678,349.93927281451147,351.1842230023095,485.0,0.0,0.0,65.0,35.0,55.0
1064.1170368361104,359.4105534182697,360.551463023678,485.0,0.0,0.0,65.0,35.0,55.0
1117.3631304041235,377.1372032024033,373.0,485.0,0.0,0.0,65.0,35.0,55.0
1150.0,380.0,373.0,485.0,0.0,0.0,192.90367313507554,35.0,55.0
1150.0,380.0,373.0,485.0,0.0,0.0,297.0,35.0,166.5913648973936
1150.0,380.0,373.0,485.0,0.0,0.0,297.0,35.0,148.35185645240435
1150.0,380.0,373.0,485.0,0.0,0.0,263.690172276405,35.0,55.0
1088.2211614441812,367.4352806169816,368.48803980997974,485.0,0.0,0.0,65.0,35.0,55.0
931.6628755497793,315.31401276642293,316.93931618959766,452.27967998023973,0.0,0.0,65.0,35.0,55.0
825.4391752251033,279.95009762727614,281.96386830008544,405.3810503328165,0.0,0.0,65.0,35.0,55.0
750.2549299785566,254.91981473774254,257.20853927562626,372.1865931414234,0.0,0.0,65.0,35.0,55.0
702.5092894378245,239.02437167573484,241.48770524725427,351.1065036119249,0.0,0.0,65.0,35.0,55.0
666.203091912042,226.93733945597126,229.53344724505624,335.07702142985556,0.0,0.0,65.0,35.0,55.0
656.425261788627,223.6821115391076,226.313977513643,330.7600297197962,0.0,0.0,65.0,35.0,55.0
666.5375666873315,227.04869254886265,229.64357714109389,335.2246947698424,0.0,0.0,65.0,35.0,55.0
664.0195974926135,226.21041212130433,228.81450509702015,334.1129908434516,0.0,0.0,65.0,35.0,55.0
720.9031566677404,245.14804424420376,247.5441102003877,359.22754594393734,0.0,0.0,65.0,35.0,55.0
782.0859946417389,265.51698906039206,267.689305243974,386.24026768259336,0.0,0.0,65.0,35.0,55.0
794.3301237437937,269.5932953949892,271.7208339711077,391.6461504974204,0.0,0.0,65.0,35.0,55.0
778.2660528134037,264.2452568740643,266.43154284302636,384.55373222455324,0.0,0.0,65.0,35.0,55.0
769.5504738946516,261.34367283651704,263.56183226649756,380.70573308100904,0.0,0.0,65.0,35.0,55.0
791.2909486833695,268.58149549909643,270.72014854376835,390.30432993235945,0.0,0.0,65.0,35.0,55.0
840.470285273611,284.95424358131345,286.9130444690216,412.0174079554559,0.0,0.0,65.0,35.0,55.0
909.7848544361739,308.03039828388097,309.7357111085685,442.62035530514993,0.0,0.0,65.0,35.0,55.0
1019.6052232618006,344.59171361961756,345.8954059349353,485.0,0.0,0.0,65.0,35.0,55.0
1061.2365439256598,358.4515818654738,359.60302562809085,485.0,0.0,0.0,65.0,35.0,55.0
1108.2612166476936,374.1070008586478,373.0,485.0,0.0,0.0,65.0,35.0,55.0
1150.0,380.0,373.0,485.0,0.0,0.0,173.94106190068797,35.0,55.0
1150.0,380.0,373.0,485.0,0.0,0.0,297.0,35.0,160.0324086311464
1150.0,380.0,373.0,485.0,0.0,0.0,297.0,35.0,134.65036257415835
1150.0,380.0,373.0,485.0,0.0,0.0,241.35262341551027,35.0,55.0
1058.7690758121962,357.6301142202462,358.79058168048124,485.0,0.0,0.0,65.0,35.0,55.0
890.0602225785408,301.4636885474267,303.24113568361315,433.91176954137563,0.0,0.0,65.0,35.0,55.0
761.3505756039559,258.6137688093041,260.86191582140174,377.08541113867,0.0,0.0,65.0,35.0,55.0
668.2537033988709,227.62002750376024,230.20863606807785,335.982383118232,0.0,0.0,65.0,35.0,55.0
609.9545466492938,208.21111569147865,211.01292821130997,310.2428301484289,0.0,0.0,65.0,35.0,55.0
570.8167670408664,195.18139527525685,198.1263372996603,292.96318139332226,0.0,0.0,65.0,35.0,55.0
566.0680357676441,193.60045119920275,196.56275965474464,290.8665778237114,0.0,0.0,65.0,35.0,55.0
583.5225972010634,199.41141078200567,202.3098867269789,298.5729089891864,0.0,0.0,65.0,35.0,55.0
612.5831593094711,209.08623145909047,211.87843096480785,311.4033840668047,0.0,0.0,65.0,35.0,55.0
699.6260693622281,238.0644921971512,240.5383698993066,349.8335384440376,0.0,0.0,65.0,35.0,55.0
798.1353100085895,270.8601151701013,272.9737379229326,393.3261712538679,0.0,0.0,65.0,35.0,55.0
827.9567367994537,280.78824235016543,282.79280613018545,406.492574291492,0.0,0.0,65.0,35.0,55.0
875.444617269633,296.59787212160404,298.42876951398324,427.45886064853653,0.0,0.0,65.0,35.0,55.0
808.2043970957623,274.21230813825326,276.28910755923744,397.7717552878038,0.0,0.0,65.0,35.0,55.0
828.871174000545,281.0926761015847,283.09389572297164,406.89630577042493,0.0,0.0,65.0,35.0,55.0
862.0277854468745,292.13115047129435,294.0111141242262,421.5352200224423,0.0,0.0,65.0,35.0,55.0
948.1212718666692,320.7933298011142,322.3584437568624,459.5461961258557,0.0,0.0,65.0,35.0,55.0
1027.0164234505821,347.0590448625908,348.3356339180425,485.0,0.0,0.0,65.0,35.0,55.0
1062.141271591932,358.75278312579803,359.90091823820694,485.0,0.0,0.0,65.0,35.0,55.0
1118.3451321672148,377.46413049744496,373.0,485.0,0.0,0.0,65.0,35.0,55.0
1150.0,380.0,373.0,485.0,0.0,0.0,204.3647504672992,35.0,55.0
1150.0,380.0,373.0,485.0,250.0,0.0,182.00656113305814,35.0,55.0
1150.0,380.0,373.0,485.0,250.0,0.0,158.35152751328147,35.0,55.0
1150.0,380.0,373.0,485.0,224.99201403799705,0.0,65.0,35.0,55.0
1021.2959194400794,345.15457893114393,346.45208825629715,485.0,150.31393647526616,0.0,65.0,35.0,55.0
888.3039315052151,300.87898543233194,302.6628554436464,433.13635271491205,124.48650693429254,0.0,65.0,35.0,55.0
780.7834174049935,265.08333601759983,267.26041581415177,385.6651692137341,112.5,0.0,65.0,35.0,55.0
750.5760808017067,255.0267320304186,257.3142820980419,372.3283838479215,0.0,0.0,65.0,35.0,55.0
696.757328727946,237.10943320337776,239.5938020838738,348.56696606752945,0.0,0.0,65.0,35.0,55.0
657.0450391273695,223.8884473487759,226.51804675570511,331.0336664673836,0.0,0.0,65.0,35.0,55.0
646.6583542742524,220.4305199691046,223.0981041843711,326.4478604306711,0.0,0.0,65.0,35.0,55.0
661.8654512535015,225.49325536095404,228.1052261950222,333.1619177179089,0.0,0.0,65.0,35.0,55.0
671.2479235141074,228.6168610328079,231.1945195318443,337.304355708512,0.0,0.0,65.0,35.0,55.0
739.8539766041208,251.4571370925888,253.7838986197564,367.5944874362292,0.0,0.0,65.0,35.0,55.0
814.8953067091309,276.43984077972254,278.49217109214516,400.7258464275648,0.0,0.0,65.0,35.0,55.0
866.7770120426574,293.7122594497662,295.57485486013144,423.63204228100153,0.0,0.0,65.0,35.0,55.0
849.341801634988,287.90774219603276,289.834099348958,415.9342547511481,0.0,0.0,65.0,35.0,55.0
859.0785305008313,291.1492867128601,293.0400359904111,420.233099920925,0.0,0.0,65.0,35.0,55.0
912.8279332085783,309.0434978006566,310.7376818806523,443.9638993908739,0.0,0.0,65.0,35.0,55.0
973.8673410329923,329.3646919583497,330.83565079949193,470.9132955492207,0.0,0.0,65.0,35.0,55.0
1018.5813700095447,344.25085315799697,345.55828977384004,485.0,0.0,0.0,65.0,35.0,55.0
1067.3952675909816,360.5019395577797,361.630860451807,485.0,0.0,0.0,65.0,35.0,55.0
1086.9065137124874,366.9976090740077,368.0551760225916,485.0,0.0,0.0,65.0,35.0,55.0
1140.9972005564337,380.0,373.0,485.0,0.0,0.0,65.0,35.0,55.0
1150.0,380.0,373.0,485.0,0.0,0.0,215.31199166796515,35.0,55.0
1150.0,380.0,373.0,485.0,250.0,0.0,188.53570139165913,35.0,55.0
1150.0,380.0,373.0,485.0,250.0,0.0,179.76903905862017,35.0,55.0
1150.0,380.0,373.0,485.0,250.0,0.0,80.86440108436581,35.0,55.0
1049.0941847763063,354.4091567076766,355.60500589816337,485.0,155.71244017824355,0.0,65.0,35.0,55.0
911.2415036866703,308.5153448666549,310.21533062660745,443.2634778241021,128.9410499376476,0.0,65.0,35.0,55.0
801.6143113969075,272.01834171925566,274.11924152893334,394.8621787282347,112.5,0.0,65.0,35.0,55.0
704.1477044124173,239.5698315678974,242.02717334514685,351.8298771798514,0.0,0.0,65.0,35.0,55.0
648.9771042085158,221.2024764689588,223.8615808590375,327.4716074295012,0.0,0.0,65.0,35.0,55.0
605.3722447949743,206.68557917351887,209.50414948085808,308.2197065240252,0.0,0.0,65.0,35.0,55.0
587.5506446142017,200.75242532451634,203.6361704279241,300.35132475943,0.0,0.0,65.0,35.0,55.0
597.4824434274747,204.05891238284818,206.90633622690308,304.7362949012412,0.0,0.0,65.0,35.0,55.0
608.1391282638325,207.60672795569778,210.41517958323274,309.44130813164134,0.0,0.0,65.0,35.0,55.0
702.2786814171263,238.9475978253658,241.4117747459991,351.00468829082996,0.0,0.0,65.0,35.0,55.0
796.8706073598751,270.43907130692685,272.5573191628006,392.7677947243846,0.0,0.0,65.0,35.0,55.0
771.308162388328,261.9288411797534,264.14057262414536,381.4817668799495,0.0,0.0,65.0,35.0,55.0
769.2152104673465,261.2320571861844,263.45144269717235,380.5577115447281,0.0,0.0,65.0,35.0,55.0
782.8907215515472,265.784898143409,267.9542713863063,386.5955611735475,0.0,0.0,65.0,35.0,55.0
791.1418294757165,268.5318508436293,270.6710492273196,390.2384925865349,0.0,0.0,65.0,35.0,55.0
837.6740518578433,284.02332363668523,285.99235053893665,410.78284810701336,0.0,0.0,65.0,35.0,55.0
875.1577691334969,296.5023748539215,298.3343212693169,427.3322148579966,0.0,0.0,65.0,35.0,55.0
960.5180694596908,324.9204624159338,326.4402404452313,465.01948332402463,0.0,0.0,65.0,35.0,55.0
985.5198775520043,333.2440457311388,334.6723904588678,476.0579854158688,0.0,0.0,65.0,35.0,55.0
1023.4369374200345,345.86736504124076,347.1570445189725,485.0,0.0,0.0,65.0,35.0,55.0
1118.9561617324375,377.66755400487307,373.0,485.0,0.0,0.0,65.0,35.0,55.0
1150.0,380.0,373.0,485.0,0.0,0.0,239.71715250102082,35.0,55.0
1150.0,380.0,373.0,485.0,0.0,0.0,229.57408534262623,35.0,55.0
1150.0,380.0,373.0,485.0,0.0,0.0,132.9263278736188,35.0,55.0
1035.1924166388437,349.7809904209189,351.02767931682837,485.0,0.0,0.0,65.0,35.0,55.0
901.469618054967,305.2620959855413,306.99781819153634,438.949110655594,0.0,0.0,65.0,35.0,55.0
796.8172925843204,270.42132179158693,272.53976462319736,392.74425581634586,0.0,0.0,65.0,35.0,55.0
716.9934847370313,243.84643917907326,246.2568030696848,357.50139391420373,0.0,0.0,65.0,35.0,55.0
662.2211088369122,225.61166061853672,228.2223307887905,333.3189434403672,0.0,0.0,65.0,35.0,55.0
619.3280372270036,211.33173118815722,214.09926421957806,314.38130265281313,0.0,0.0,65.0,35.0,55.0
602.2275286632072,205.6386426228188,208.46871336954067,306.8312887155772,0.0,0.0,65.0,35.0,55.0
601.9647003496027,205.55114201655047,208.38217394417455,306.7152478724987,0.0,0.0,65.0,35.0,55.0
588.3228729368152,201.00951500210692,203.89043601435935,300.69226985920346,0.0,0.0,65.0,35.0,55.0
651.9953842813637,222.2073200211616,224.85538635706837,328.80420268720763,0.0,0.0,65.0,35.0,55.0
715.1169594252673,243.2217077709332,245.63893424140687,356.67289269129924,0.0,0.0,65.0,35.0,55.0
738.5725169849317,251.0305145112935,253.36196242287684,367.0287125676755,0.0,0.0,65.0,35.0,55.0
732.6048297882721,249.0437565377472,251.39702868464605,364.39393002072643,0.0,0.0,65.0,35.0,55.0
729.2032036665437,247.9112897046749,250.27700182814917,362.89208435733565,0.0,0.0,65.0,35.0,55.0
778.7607906580071,264.409964628541,266.5944413077758,384.7721630161346,0.0,0.0,65.0,35.0,55.0
837.1078537757788,283.8348253932153,285.8059229201109,410.53286703803667,0.0,0.0,65.0,35.0,55.0
884.0028016145319,299.4470564749368,301.24665600888926,431.23736880461655,0.0,0.0,65.0,35.0,55.0
952.1337933397673,322.12917545923875,323.67961535283337,461.31775706700137,0.0,0.0,65.0,35.0,55.0
982.620419251598,332.2787602348545,333.7177084775048,474.77785093935114,0.0,0.0,65.0,35.0,55.0
1024.01853457647,346.06098993307273,347.3485424707048,485.0,0.0,0.0,65.0,35.0,55.0
1121.088853559092,378.37756817821895,373.0,485.0,0.0,0.0,65.0,35.0,55.0
1150.0,380.0,373.0,485.0,0.0,0.0,241.59169793440907,35.0,55.0
1150.0,380.0,373.0,485.0,0.0,0.0,228.74137387979096,35.0,55.0
1150.0,380.0,373.0,485.0,0.0,0.0,132.70916252049483,35.0,55.0
1033.4826701456973,349.2117828927658,350.46472444712845,485.0,0.0,0.0,65.0,35.0,55.0
901.4392627992272,305.25199013642543,306.98782335364183,438.93570856272356,0.0,0.0,65.0,35.0,55.0
802.091689714819,272.1772701530448,274.2764241579574,395.0729451472637,0.0,0.0,65.0,35.0,55.0
789.7618566952564,268.0724313341097,270.216676371503,389.6292233541837,0.0,0.0,65.0,35.0,55.0
735.0093902025023,249.84428099863382,252.1887595056214,365.45556304600376,0.0,0.0,65.0,35.0,55.0
693.6292937358515,236.06805012526436,238.5638584410882,347.1859131182345,0.0,0.0,65.0,35.0,55.0
678.7690251613529,231.12078058741886,233.67093390952962,340.62498339909956,0.0,0.0,65.0,35.0,55.0
684.4754165377528,233.02054815123896,235.54983281450473,343.14440171127507,0.0,0.0,65.0,35.0,55.0
681.7767173263832,232.1220992212426,234.66125320987575,341.95290400919004,0.0,0.0,65.0,35.0,55.0
738.4040715909002,250.97443579626193,253.30649972403316,366.9543425530145,0.0,0.0,65.0,35.0,55.0
799.2555229710932,271.23305563463674,273.34258169297124,393.8207544089842,0.0,0.0,65.0,35.0,55.0
827.5707282797568,280.65973268149617,282.6657081207553,406.3221483832372,0.0,0.0,65.0,35.0,55.0
815.7835042762264,276.73553885174937,278.7846209656535,401.11799289417854,0.0,0.0,65.0,35.0,55.0
806.8476486596903,273.76062046015727,275.8423816018478,397.17273979282885,0.0,0.0,65.0,35.0,55.0
837.5818694405981,283.9926343350433,285.96199835462335,410.74214881831244,0.0,0.0,65.0,35.0,55.0
901.9445270529059,305.42020233516564,307.15418776686556,439.1587868497247,0.0,0.0,65.0,35.0,55.0
961.648906366537,325.2969397961012,326.81258227841965,465.5187570371764,0.0,0.0,65.0,35.0,55.0
1049.36175063131,354.49823453269653,355.6931052167721,485.0,0.0,0.0,65.0,35.0,55.0
1092.121082542954,368.73363944241146,369.77213636043336,485.0,0.0,0.0,65.0,35.0,55.0
1150.0,380.0,373.0,485.0,0.0,0.0,72.85692118970593,35.0,55.0
1150.0,380.0,373.0,485.0,0.0,0.0,229.5256939006884,35.0,55.0
1150.0,380.0,373.0,485.0,250.0,0.0,178.6489386311466,35.0,55.0
1150.0,380.0,373.0,485.0,250.0,0.0,130.9822225741584,35.0,55.0
1146.5660518801433,380.0,373.0,485.0,174.64175929695975,0.0,65.0,35.0,55.0
983.9126070872405,332.7089544459752,334.1431770703973,475.34836240292725,143.05398885891776,0.0,65.0,35.0,55.0
847.9800642581124,287.45439360348286,289.3857307220081,415.33303659813754,116.65549503413055,0.0,65.0,35.0,55.0
729.76382089398,248.09792997418165,250.46159188257417,363.1396014334979,112.5,0.0,65.0,35.0,55.0
629.3093691381937,214.65470876852856,217.38573939471047,318.7881420611572,0.0,0.0,65.0,35.0,55.0
568.3573490303304,194.3626076642958,197.31654394654691,291.87732829206726,0.0,0.0,65.0,35.0,55.0
521.961662653352,178.916590336308,182.0401987786014,271.39325453092715,0.0,0.0,65.0,35.0,55.0
517.5,171.0,171.3332458328743,257.03628553826945,0.0,0.0,65.0,35.0,55.0
0.0,0.0,373.0,485.0,0.0,0.0,297.0,35.0,89.53705119446379
0.0,0.0,373.0,485.0,0.0,0.0,297.0,35.0,76.3114738683086
0.0,0.0,373.0,485.0,0.0,0.0,297.0,35.0,221.6456576839899
0.0,380.0,373.0,485.0,0.0,0.0,191.54942498801196,35.0,55.0
0.0,380.0,373.0,485.0,0.0,0.0,255.22934258546167,35.0,55.0
0.0,380.0,373.0,485.0,0.0,0.0,268.3975249890242,35.0,55.0
0.0,380.0,373.0,485.0,0.0,0.0,274.81625997281463,35.0,55.0
0.0,380.0,373.0,485.0,0.0,0.0,297.0,35.0,103.37401161600265
0.0,380.0,373.0,485.0,0.0,0.0,297.0,35.0,239.5217863745342
837.0243924853697,283.8070395226195,285.7784422730936,410.4960181979301,0.0,0.0,65.0,35.0,55.0
930.5802507888365,314.9535861379351,316.5828487930137,451.8016923225381,0.0,0.0,65.0,35.0,55.0
955.8162911142213,323.35514987359113,324.89212262399775,462.9436098547851,0.0,0.0,65.0,35.0,55.0
986.7375760435581,333.6494410053455,335.0733325274109,476.59560922677963,0.0,0.0,65.0,35.0,55.0
1073.6937442869055,362.5988237248698,363.7047106640314,485.0,0.0,0.0,65.0,35.0,55.0
1150.0,380.0,373.0,485.0,0.0,0.0,174.70960033574005,35.0,55.0
1150.0,380.0,373.0,485.0,0.0,0.0,167.2157876399441,35.0,55.0
1150.0,380.0,373.0,485.0,0.0,0.0,75.12221375488213,35.0,55.0
1005.523559789853,339.90365671218655,341.25884662232073,484.8897741973755,0.0,0.0,65.0,35.0,55.0
883.501199361638,299.28006342676844,301.081497354053,431.0159073208151,0.0,0.0,65.0,35.0,55.0
784.9361886023264,266.4658735093827,268.6277663410628,387.49865155146955,0.0,0.0,65.0,35.0,55.0
771.7802857987632,262.0860201536623,264.2960250108408,381.6902132144888,0.0,0.0,65.0,35.0,55.0
716.4746178057732,243.67369838705193,246.08595980909095,357.2723099341598,0.0,0.0,65.0,35.0,55.0
672.865586311658,229.15541212565708,231.7271547225372,338.01856702109905,0.0,0.0,65.0,35.0,55.0
656.8828247370196,223.8344430548458,226.46463569076133,330.9620474916443,0.0,0.0,65.0,35.0,55.0
664.4286951852619,226.34660862022332,228.94920549803433,334.2936108097914,0.0,0.0,65.0,35.0,55.0
663.2085424634287,225.94039628550124,228.54745534426183,333.7549034362049,0.0,0.0,65.0,35.0,55.0
716.1389303829538,243.56194158044872,245.97543063407545,357.12410120040283,0.0,0.0,65.0,35.0,55.0
770.5182583384028,261.66586691220067,263.8804870890771,381.13301780247235,0.0,0.0,65.0,35.0,55.0
770.3668828050552,261.6154710824651,263.8306448498954,381.0661842704597,0.0,0.0,65.0,35.0,55.0
754.7867304753726,256.42853838140303,258.70068981865563,374.1874200047934,0.0,0.0,65.0,35.0,55.0
751.2706366096801,255.25796303232775,257.54297306243006,372.6350358992815,0.0,0.0,65.0,35.0,55.0
778.9832988473113,264.4840418890795,266.66770484083116,384.87040219563784,0.0,0.0,65.0,35.0,55.0
832.2807439890431,282.22778760086106,284.2165381944151,408.40165871575437,0.0,0.0,65.0,35.0,55.0
911.6026743490262,308.63558553437093,310.3342504688069,443.42293761585825,0.0,0.0,65.0,35.0,55.0
1034.099904725758,349.41727216910897,350.6679564549058,485.0,0.0,0.0,65.0,35.0,55.0
1091.712971117636,368.59777129087706,369.6377606999574,485.0,0.0,0.0,65.0,35.0,55.0
1150.0,380.0,373.0,485.0,0.0,0.0,87.33675613961493,35.0,55.0
1150.0,380.0,373.0,485.0,0.0,0.0,254.77954986696642,35.0,55.0
1150.0,380.0,373.0,485.0,250.0,0.0,226.37592137636798,35.0,55.0
1150.0,380.0,373.0,485.0,250.0,0.0,199.32762302881977,35.0,55.0
1150.0,380.0,373.0,485.0,250.0,0.0,78.67452870028687,35.0,55.0
1035.7510077256925,349.96695614921134,351.21160223977216,485.0,153.12115651913885,0.0,65.0,35.0,55.0
893.6293333872065,302.6519142576409,304.41630891443486,435.4875610594136,125.52071541572275,0.0,65.0,35.0,55.0
779.4760624532485,264.6480923814909,266.8299532634395,385.0879613447537,112.5,0.0,65.0,35.0,55.0
738.0414513109431,250.8537125229346,253.1871025775719,366.7942427432699,0.0,0.0,65.0,35.0,55.0
670.0771518779525,228.22708861232405,230.80902870234306,336.78745048681566,0.0,0.0,65.0,35.0,55.0
614.4030566361611,209.69211032064692,212.47765433886994,312.2068835726579,0.0,0.0,65.0,35.0,55.0
591.5639908555768,202.08854556388093,204.95761358890178,302.12324984249364,0.0,0.0,65.0,35.0,55.0
584.3065929285369,199.67241805525154,202.56802687487473,298.9190494941355,0.0,0.0,65.0,35.0,55.0
617.9958543702659,210.88822186442343,213.6606267785671,313.7931330613771,0.0,0.0,65.0,35.0,55.0
704.7315916349569,239.76421886682988,242.21942532905317,352.08766814855284,0.0,0.0,65.0,35.0,55.0
779.2322524251672,264.56692332866385,266.74967584035943,384.9803172297741,0.0,0.0,65.0,35.0,55.0
841.9546977417139,285.4484330737999,287.40180536481023,412.67278816131187,0.0,0.0,65.0,35.0,55.0
856.9123938207558,290.4281381038412,292.3268090895973,419.2767329179487,0.0,0.0,65.0,35.0,55.0
852.4650163223641,288.94752050189214,290.8624558476697,417.31317949661394,0.0,0.0,65.0,35.0,55.0
892.5220402812062,302.2832750621029,304.0517191646054,434.9986821262685,0.0,0.0,65.0,35.0,55.0
928.3978037993642,314.22700751286857,315.8642515240558,450.83812418499866,0.0,0.0,65.0,35.0,55.0
951.2562869844229,321.8370366974595,323.3906856910888,460.9303308575324,0.0,0.0,65.0,35.0,55.0
982.0263365841882,332.0809786760149,333.5220995191222,474.51555859862447,0.0,0.0,65.0,35.0,55.0
1002.2070243248836,338.79951819714086,340.1668369015691,483.4254967526176,0.0,0.0,65.0,35.0,55.0
1044.943072229134,353.02717141246893,354.2382015020318,485.0,0.0,0.0,65.0,35.0,55.0
1150.0,380.0,373.0,485.0,0.0,0.0,80.76577063257841,35.0,55.0
1150.0,380.0,373.0,485.0,0.0,0.0,297.0,35.0,61.3702328591658
1150.0,380.0,373.0,485.0,0.0,0.0,274.87661175678994,35.0,55.0
1150.0,380.0,373.0,485.0,0.0,0.0,172.54969040894386,35.0,55.0
1036.1324277475298,350.0939382185933,351.3371894303616,485.0,0.0,0.0,65.0,35.0,55.0
880.1343020079061,298.15915846925265,299.9729053676615,429.52939469160964,0.0,0.0,65.0,35.0,55.0
766.0557465250878,260.18021080540757,262.41115068951774,379.16278245772133,0.0,0.0,65.0,35.0,55.0
688.8541073070631,234.47829861853728,236.99157011379106,345.0776293817742,0.0,0.0,65.0,35.0,55.0
640.6230142966122,218.4212390821387,221.110894943512,323.7832086294018,0.0,0.0,65.0,35.0,55.0
608.0833530408454,207.5881593100325,210.39681491132666,309.4166829160032,0.0,0.0,65.0,35.0,55.0
607.7090352335784,207.46354170463184,210.27356621143986,309.25141855259096,0.0,0.0,65.0,35.0,55.0
629.0600754706446,214.5717141065371,217.30365641650602,318.6780768746489,0.0,0.0,65.0,35.0,55.0
666.8256209957989,227.14459137453875,229.7384225327001,335.3518730952996,0.0,0.0,65.0,35.0,55.0
762.8425160291918,259.1104645036683,261.35315538882026,377.7441149989694,0.0,0.0,65.0,35.0,55.0
880.7054342210848,298.34929937997555,300.1609576092893,429.7815542196972,0.0,0.0,65.0,35.0,55.0
922.6358057532252,312.3087274180049,313.96704344538574,448.29415507481815,0.0,0.0,65.0,35.0,55.0
917.7110393747254,310.66917786590807,312.34550409670214,446.1198305711585,0.0,0.0,65.0,35.0,55.0
891.6947887288268,302.00786709186974,303.7793365091968,434.63344382199443,0.0,0.0,65.0,35.0,55.0
969.4355812813831,327.88927380501895,329.3764398910273,468.95663749040904,0.0,0.0,65.0,35.0,55.0
981.7492700204374,331.98873788212023,333.4308719763726,474.3932314520336,0.0,0.0,65.0,35.0,55.0
997.4739624891188,337.223790778526,338.60841860990115,481.3358113673842,0.0,0.0,65.0,35.0,55.0
1074.3416772226828,362.8145330749175,363.91805047955205,485.0,0.0,0.0,65.0,35.0,55.0
1122.5346128775814,378.85888929294583,373.0,485.0,0.0,0.0,65.0,35.0,55.0
1150.0,380.0,373.0,485.0,0.0,0.0,133.3765652518611,35.0,55.0
1150.0,380.0,373.0,485.0,0.0,0.0,297.0,35.0,77.14235913174782
1150.0,380.0,373.0,485.0,250.0,0.0,297.0,35.0,69.6985830948307
1150.0,380.0,373.0,485.0,250.0,0.0,297.0,35.0,60.010901878543116
1150.0,380.0,373.0,485.0,250.0,0.0,189.31991554804975,35.0,55.0
1094.7834847886452,369.6200044136478,370.64876474675833,485.0,164.58543467339342,0.0,65.0,35.0,55.0
941.9220134701959,318.7294773163256,320.3172623789143,456.80917300638015,134.89929386662214,0.0,65.0,35.0,55.0
832.6019183310235,282.33471272340853,284.3222887606922,408.5434598060078,113.66901452075388,0.0,65.0,35.0,55.0
681.2865038758833,231.95889772467865,234.49984445702407,341.736470774489,112.5,0.0,65.0,35.0,55.0
679.7346014827475,231.44223953665332,233.98886168091263,341.05129321654135,0.0,0.0,65.0,35.0,55.0
638.102948325517,217.58226059735173,220.2811325102625,322.6705789591473,0.0,0.0,65.0,35.0,55.0
624.8027315197003,213.15436233156433,215.90187403603105,316.7984248136987,0.0,0.0,65.0,35.0,55.0
632.8920882499424,215.8474649448623,218.56539332516783,320.36994175594356,0.0,0.0,65.0,35.0,55.0
649.2352623774387,221.2884222941406,223.94658258235174,327.5855863656309,0.0,0.0,65.0,35.0,55.0
706.6357566504468,240.39815206453332,242.84639486663033,352.928372525976,0.0,0.0,65.0,35.0,55.0
774.2741076973374,262.91626148138636,265.11714626337397,382.7912559127791,0.0,0.0,65.0,35.0,55.0
796.18013764338,270.20920064354715,272.3299735938292,392.4629467157228,0.0,0.0,65.0,35.0,55.0
796.5937898246051,270.3469134194084,272.4661736157132,392.6455775258982,0.0,0.0,65.0,35.0,55.0
796.7443080145999,270.39702382303403,272.5157335641475,392.7120325338314,0.0,0.0,65.0,35.0,55.0
821.8256097833128,278.7470721137359,280.77405783953486,403.78563173185205,0.0,0.0,65.0,35.0,55.0
867.8692115611198,294.0758736993909,295.9344748623172,424.11425727220313,0.0,0.0,65.0,35.0,55.0
914.1276809477293,309.4762088492187,311.1656396639082,444.53774861347864,0.0,0.0,65.0,35.0,55.0
979.7736718113662,331.3310231988518,332.78038218924615,473.5209887373085,0.0,0.0,65.0,35.0,55.0
1010.7534849718464,341.64479950569495,342.98086322605195,485.0,0.0,0.0,65.0,35.0,55.0
1058.6464974345615,357.5893055181268,358.7502212557715,485.0,0.0,0.0,65.0,35.0,55.0
1150.0,380.0,373.0,485.0,0.0,0.0,98.1962454110209,35.0,55.0
1150.0,380.0,373.0,485.0,0.0,0.0,297.0,35.0,70.1316286663012
1150.0,380.0,373.0,485.0,0.0,0.0,297.0,35.0,61.798366866253744
1150.0,380.0,373.0,485.0,0.0,0.0,204.86110799235354,35.0,55.0
1071.3495466826967,361.81839520570475,362.93285503390257,485.0,0.0,0.0,65.0,35.0,55.0
924.5994639219538,312.96246703194186,314.6136018287151,449.1611261643947,0.0,0.0,65.0,35.0,55.0
818.9165693017119,277.7785965248303,279.8162208082346,402.50126664422135,0.0,0.0,65.0,35.0,55.0
739.8277947283008,251.4484206420052,253.7752779180618,367.58292792461543,0.0,0.0,65.0,35.0,55.0
687.0108665028804,233.86464826385284,236.38466061527552,344.26382354030795,0.0,0.0,65.0,35.0,55.0
647.7949081314147,220.8089006321102,223.47232839312397,326.94965822399297,0.0,0.0,65.0,35.0,55.0
635.8279752623931,216.82487826080862,219.5320699039314,321.666159805802,0.0,0.0,65.0,35.0,55.0
643.0936332332384,219.24375569706518,221.92437633804724,324.87400703083756,0.0,0.0,65.0,35.0,55.0
653.7361795288887,222.78686427748045,225.4285644075413,329.57277798025547,0.0,0.0,65.0,35.0,55.0
741.772537080984,252.09586281656308,254.41560803842947,368.44154752720294,0.0,0.0,65.0,35.0,55.0
778.9266716716461,264.46518961196364,266.649059653123,384.8454008359471,0.0,0.0,65.0,35.0,55.0
802.1153962476391,272.1851625142818,274.28422982280205,395.0834117747635,0.0,0.0,65.0,35.0,55.0
841.3860814202334,285.259129751866,287.2145815111855,412.4217394199191,0.0,0.0,65.0,35.0,55.0
827.6616605797702,280.690005795041,282.6956486887347,406.3622957349891,0.0,0.0,65.0,35.0,55.0
867.1223148427545,293.82721740060595,295.68855001529914,423.7844962822129,0.0,0.0,65.0,35.0,55.0
882.480628077493,298.9402955955251,300.74546182095594,430.56531677899045,0.0,0.0,65.0,35.0,55.0
934.3260658419557,316.20064009350773,317.8162040498319,453.455500205026,0.0,0.0,65.0,35.0,55.0
979.337047556741,331.18566257743623,332.63661833223244,473.32821556945464,0.0,0.0,65.0,35.0,55.0
1009.2959678950104,341.15956400682285,342.5009579656144,485.0,0.0,0.0,65.0,35.0,55.0
1053.9885516992076,356.03858569567353,357.21653585561035,485.0,0.0,0.0,65.0,35.0,55.0
1150.0,380.0,373.0,485.0,0.0,0.0,82.8586801866088,35.0,55.0
1150.0,380.0,373.0,485.0,0.0,0.0,283.14301236613545,35.0,55.0
1150.0,380.0,373.0,485.0,0.0,0.0,251.09669394058386,35.0,55.0
1150.0,380.0,373.0,485.0,0.0,0.0,139.9369390947055,35.0,55.0
1030.9344689561253,348.3634376520139,349.62569815030906,485.0,0.0,0.0,65.0,35.0,55.0
894.8751676557306,303.0666764737458,304.8265150304386,436.0376070452246,0.0,0.0,65.0,35.0,55.0
791.5634251033001,268.6722081457317,270.80986472572465,390.424630493034,0.0,0.0,65.0,35.0,55.0
778.8404173665449,264.4364738929983,266.6206593719796,384.8073188570848,0.0,0.0,65.0,35.0,55.0
725.6150052385211,246.71670935845125,249.09554376603174,361.3078654997461,0.0,0.0,65.0,35.0,55.0
685.343887689214,233.3096789196757,235.83578752525787,343.527838804573,0.0,0.0,65.0,35.0,55.0
673.3612414211892,229.32042525528982,231.89035520794292,338.23740279262375,0.0,0.0,65.0,35.0,55.0
685.2375270718517,233.27426942221842,235.80076699576512,343.48087972493727,0.0,0.0,65.0,35.0,55.0
691.5684252804153,235.38194733513157,237.88529238615004,346.2760228946014,0.0,0.0,65.0,35.0,55.0
759.0967990312138,257.8634431925402,260.1198324178523,376.09035040862574,0.0,0.0,65.0,35.0,55.0
824.8358243895972,279.7492305168219,281.76520768440514,405.1146660203196,0.0,0.0,65.0,35.0,55.0
857.5471038622777,290.6394452977888,292.5357951060357,419.5569625755473,0.0,0.0,65.0,35.0,55.0
836.1880653207729,283.5286101063313,285.50307136175707,410.1267729368761,0.0,0.0,65.0,35.0,55.0
844.2388936656653,286.2088858782955,288.1539047104686,413.6812792828989,0.0,0.0,65.0,35.0,55.0
883.5299915633303,299.2896489050958,301.0909775373533,431.0286193125813,0.0,0.0,65.0,35.0,55.0
926.3470377115945,313.54426799544956,315.1890117967903,449.9326942390465,0.0,0.0,65.0,35.0,55.0
994.5349794487735,336.2453467352806,337.6407226262217,480.0382263959709,0.0,0.0,65.0,35.0,55.0
1067.985361035054,360.69839302735903,361.8251559097887,485.0,0.0,0.0,65.0,35.0,55.0
1100.6417646585473,371.57033858151584,372.5776747892976,485.0,0.0,0.0,65.0,35.0,55.0
1139.2567970354085,380.0,373.0,485.0,0.0,0.0,65.0,35.0,55.0
1150.0,380.0,373.0,485.0,0.0,0.0,172.14825183324567,35.0,55.0
1150.0,380.0,373.0,485.0,0.0,0.0,297.0,35.0,103.8974016196783
1150.0,380.0,373.0,485.0,0.0,0.0,276.2126299381436,35.0,55.0
1150.0,380.0,373.0,485.0,0.0,0.0,122.85892150824685,35.0,55.0
1006.0501551567502,340.0789704492405,341.43223456453586,485.0,0.0,0.0,65.0,35.0,55.0
865.4473387058083,293.26958559352323,295.13704370912757,423.0449806630544,0.0,0.0,65.0,35.0,55.0
754.5903830238597,256.3631705341913,258.6360400273413,374.1007310042919,0.0,0.0,65.0,35.0,55.0
