,load_MW
2018-01-01 00:00:00+00:00,1745.371827743498
2018-01-01 01:00:00+00:00,1632.7671936955303
2018-01-01 02:00:00+00:00,1549.837149171191
2018-01-01 03:00:00+00:00,1524.6497564454733
2018-01-01 04:00:00+00:00,1546.790287147919
2018-01-01 05:00:00+00:00,1665.80256435998
2018-01-01 06:00:00+00:00,1914.3526421372262
2018-01-01 07:00:00+00:00,2163.456694827794
2018-01-01 08:00:00+00:00,2284.5463779648135
2018-01-01 09:00:00+00:00,2306.659209921593
2018-01-01 10:00:00+00:00,2309.0413020488786
2018-01-01 11:00:00+00:00,2338.3004103875155
2018-01-01 12:00:00+00:00,2372.4898954547193
2018-01-01 13:00:00+00:00,2355.1689464981773
2018-01-01 14:00:00+00:00,2340.0084997035924
2018-01-01 15:00:00+00:00,2342.390591830878
2018-01-01 16:00:00+00:00,2396.864791640898
2018-01-01 17:00:00+00:00,2533.0502911659496
2018-01-01 18:00:00+00:00,2723.7099905010205
2018-01-01 19:00:00+00:00,2699.215066416956
2018-01-01 20:00:00+00:00,2595.418633490811
2018-01-01 21:00:00+00:00,2354.301052467306
2018-01-01 22:00:00+00:00,2084.7553254751474
2018-01-01 23:00:00+00:00,1869.0744258883549
2018-01-02 00:00:00+00:00,1836.119073822496
2018-01-02 01:00:00+00:00,1722.8421247005106
2018-01-02 02:00:00+00:00,1640.2819924570024
2018-01-02 03:00:00+00:00,1612.0669977677228
2018-01-02 04:00:00+00:00,1640.2819924570024
2018-01-02 05:00:00+00:00,1773.3153945809818
2018-01-02 06:00:00+00:00,2027.170923857858
2018-01-02 07:00:00+00:00,2261.9649507408512
2018-01-02 08:00:00+00:00,2360.300461788464
2018-01-02 09:00:00+00:00,2359.893419289428
2018-01-02 10:00:00+00:00,2347.0864723685377
2018-01-02 11:00:00+00:00,2374.3781755356135
2018-01-02 12:00:00+00:00,2422.6375313359613
2018-01-02 13:00:00+00:00,2449.5221920040017
2018-01-02 14:00:00+00:00,2490.524277882512
2018-01-02 15:00:00+00:00,2531.506508029361
2018-01-02 16:00:00+00:00,2611.3464050354087
2018-01-02 17:00:00+00:00,2776.3376072666333
2018-01-02 18:00:00+00:00,2994.2443343725454
2018-01-02 19:00:00+00:00,2961.3533148772663
2018-01-02 20:00:00+00:00,2833.2143506075495
2018-01-02 21:00:00+00:00,2559.68179125532
2018-01-02 22:00:00+00:00,2264.3079270767657
2018-01-02 23:00:00+00:00,2032.0355781146307
2018-01-03 00:00:00+00:00,1863.8178194886082
2018-01-03 01:00:00+00:00,1760.845995098316
2018-01-03 02:00:00+00:00,1686.148732592285
2018-01-03 03:00:00+00:00,1666.7496827601763
2018-01-03 04:00:00+00:00,1674.6820475584643
2018-01-03 05:00:00+00:00,1771.528378731555
2018-01-03 06:00:00+00:00,1997.9829983172237
2018-01-03 07:00:00+00:00,2214.3111947561424
2018-01-03 08:00:00+00:00,2302.073528694648
2018-01-03 09:00:00+00:00,2293.2972953007975
2018-01-03 10:00:00+00:00,2272.8061802273724
2018-01-03 11:00:00+00:00,2296.6429860855574
2018-01-03 12:00:00+00:00,2341.387877382033
2018-01-03 13:00:00+00:00,2376.969348517282
2018-01-03 14:00:00+00:00,2413.6825963571687
2018-01-03 15:00:00+00:00,2434.1737114305934
2018-01-03 16:00:00+00:00,2501.2662287107314
2018-01-03 17:00:00+00:00,2660.002875468963
2018-01-03 18:00:00+00:00,2881.0666639088613
2018-01-03 19:00:00+00:00,2872.89603033065
2018-01-03 20:00:00+00:00,2785.1138406604837
2018-01-03 21:00:00+00:00,2557.120401871142
2018-01-03 22:00:00+00:00,2282.4163543509553
2018-01-03 23:00:00+00:00,2054.313709037482
2018-01-04 00:00:00+00:00,1882.283649932683
2018-01-04 01:00:00+00:00,1767.7557897160987
2018-01-04 02:00:00+00:00,1682.8725368683358
2018-01-04 03:00:00+00:00,1655.4914829087888
2018-01-04 04:00:00+00:00,1663.2153625246435
2018-01-04 05:00:00+00:00,1762.593299484422
2018-01-04 06:00:00+00:00,2010.49210926321
2018-01-04 07:00:00+00:00,2264.347638540087
2018-01-04 08:00:00+00:00,2383.0849138686526
2018-01-04 09:00:00+00:00,2403.4370388204557
2018-01-04 10:00:00+00:00,2405.998428204634
2018-01-04 11:00:00+00:00,2441.748673058996
2018-01-04 12:00:00+00:00,2488.161445814936
2018-01-04 13:00:00+00:00,2490.980959710698
2018-01-04 14:00:00+00:00,2508.454003571758
2018-01-04 15:00:00+00:00,2539.1906761818955
2018-01-04 16:00:00+00:00,2613.9673616145683
2018-01-04 17:00:00+00:00,2779.107481833245
2018-01-04 18:00:00+00:00,2994.2443343725454
2018-01-04 19:00:00+00:00,2961.3533148772663
2018-01-04 20:00:00+00:00,2844.5321176539173
2018-01-04 21:00:00+00:00,2590.4184638654574
2018-01-04 22:00:00+00:00,2295.997674806598
2018-01-04 23:00:00+00:00,2056.3389936668323
2018-01-05 00:00:00+00:00,1874.8973177550529
2018-01-05 01:00:00+00:00,1750.4813031716417
2018-01-05 02:00:00+00:00,1655.0248732147716
2018-01-05 03:00:00+00:00,1623.3251976191102
2018-01-05 04:00:00+00:00,1640.2819924570024
2018-01-05 05:00:00+00:00,1760.8062836349955
2018-01-05 06:00:00+00:00,2025.086072033527
2018-01-05 07:00:00+00:00,2288.174516532441
2018-01-05 08:00:00+00:00,2403.337760162154
2018-01-05 09:00:00+00:00,2411.12120697299
2018-01-05 10:00:00+00:00,2408.559817588812
2018-01-05 11:00:00+00:00,2444.3398460406647
2018-01-05 12:00:00+00:00,2490.7824023940952
2018-01-05 13:00:00+00:00,2488.3897867290298
2018-01-05 14:00:00+00:00,2485.4014991141553
2018-01-05 15:00:00+00:00,2498.2084460350457
2018-01-05 16:00:00+00:00,2564.169186610547
2018-01-05 17:00:00+00:00,2712.6304922345757
2018-01-05 18:00:00+00:00,2922.763700395482
2018-01-05 19:00:00+00:00,2896.4846395430814
2018-01-05 20:00:00+00:00,2776.6255153757074
2018-01-05 21:00:00+00:00,2511.0153929559365
2018-01-05 22:00:00+00:00,2219.036858891293
2018-01-05 23:00:00+00:00,1985.4540316395778
2018-01-06 00:00:00+00:00,1683.5482274167362
2018-01-06 01:00:00+00:00,1574.9322127446887
2018-01-06 02:00:00+00:00,1491.9467707290169
2018-01-06 03:00:00+00:00,1464.8204658066713
2018-01-06 04:00:00+00:00,1490.4233397173807
2018-01-06 05:00:00+00:00,1617.6067469009452
2018-01-06 06:00:00+00:00,1875.574398204669
2018-01-06 07:00:00+00:00,2130.2182000284597
2018-01-06 08:00:00+00:00,2246.8760838589014
2018-01-06 09:00:00+00:00,2256.635275248595
2018-01-06 10:00:00+00:00,2244.724814612167
2018-01-06 11:00:00+00:00,2268.416475071914
2018-01-06 12:00:00+00:00,2301.802696514802
2018-01-06 13:00:00+00:00,2294.9241746743837
2018-01-06 14:00:00+00:00,2289.984565030594
2018-01-06 15:00:00+00:00,2306.659209921593
2018-01-06 16:00:00+00:00,2374.9273850733375
2018-01-06 17:00:00+00:00,2520.170374431207
2018-01-06 18:00:00+00:00,2718.170241367798
2018-01-06 19:00:00+00:00,2696.4728905960105
2018-01-06 20:00:00+00:00,2592.7872526525302
2018-01-06 21:00:00+00:00,2344.7726839581637
2018-01-06 22:00:00+00:00,2072.1246974514
2018-01-06 23:00:00+00:00,1855.8898229512854
2018-01-07 00:00:00+00:00,1695.5694830358286
2018-01-07 01:00:00+00:00,1590.9974852310331
2018-01-07 02:00:00+00:00,1514.7982359035593
2018-01-07 03:00:00+00:00,1494.7351111260723
2018-01-07 04:00:00+00:00,1516.3216669151952
2018-01-07 05:00:00+00:00,1625.916370600779
2018-01-07 06:00:00+00:00,1852.3074518451347
2018-01-07 07:00:00+00:00,2070.3889093896573
2018-01-07 08:00:00+00:00,2166.8267088838375
2018-01-07 09:00:00+00:00,2170.8799586663117
2018-01-07 10:00:00+00:00,2158.969498029884
2018-01-07 11:00:00+00:00,2186.4835853915547
2018-01-07 12:00:00+00:00,2228.6780079562654
2018-01-07 13:00:00+00:00,2258.7773115801074
2018-01-07 14:00:00+00:00,2301.895025667022
2018-01-07 15:00:00+00:00,2340.0084997035924
2018-01-07 16:00:00+00:00,2416.364708589841
2018-01-07 17:00:00+00:00,2574.2660247171243
2018-01-07 18:00:00+00:00,2787.4171055330785
2018-01-07 19:00:00+00:00,2775.9959894034178
2018-01-07 20:00:00+00:00,2679.622820315792
2018-01-07 21:00:00+00:00,2435.292184795018
2018-01-07 22:00:00+00:00,2160.53909361763
2018-01-07 23:00:00+00:00,1938.7644699842929
2018-01-08 00:00:00+00:00,1909.9823955987947
2018-01-08 01:00:00+00:00,1793.6675195327844
2018-01-08 02:00:00+00:00,1705.8059069359774
2018-01-08 03:00:00+00:00,1678.0078826115637
2018-01-08 04:00:00+00:00,1686.148732592285
2018-01-08 05:00:00+00:00,1785.8245055269676
2018-01-08 06:00:00+00:00,2016.7466647362028
2018-01-08 07:00:00+00:00,2235.755384949261
2018-01-08 08:00:00+00:00,2327.389586561524
2018-01-08 09:00:00+00:00,2324.0339679109347
2018-01-08 10:00:00+00:00,2308.6656316058657
2018-01-08 11:00:00+00:00,2332.9194078289165
2018-01-08 12:00:00+00:00,2380.7022260694175
2018-01-08 13:00:00+00:00,2421.0192892056475
2018-01-08 14:00:00+00:00,2467.4717734249084
2018-01-08 15:00:00+00:00,2508.454003571758
2018-01-08 16:00:00+00:00,2598.2416221396143
2018-01-08 17:00:00+00:00,2770.797858133411
2018-01-08 18:00:00+00:00,2997.22269412159
2018-01-08 19:00:00+00:00,2981.9933479381434
2018-01-08 20:00:00+00:00,2872.8265352698386
2018-01-08 21:00:00+00:00,2613.4709683230603
2018-01-08 22:00:00+00:00,2318.633208899334
2018-01-08 23:00:00+00:00,2080.642409219033
2018-01-09 00:00:00+00:00,1900.7494803767577
2018-01-09 01:00:00+00:00,1783.3028276061098
2018-01-09 02:00:00+00:00,1694.3392219021569
2018-01-09 03:00:00+00:00,1661.9247399667247
2018-01-09 04:00:00+00:00,1668.1296561105667
2018-01-09 05:00:00+00:00,1760.8062836349955
2018-01-09 06:00:00+00:00,1979.2193318982445
2018-01-09 07:00:00+00:00,2185.718941165317
2018-01-09 08:00:00+00:00,2246.3782013875193
2018-01-09 09:00:00+00:00,2229.2625606963447
2018-01-09 10:00:00+00:00,2213.8942243912757
2018-01-09 11:00:00+00:00,2244.8195264521864
2018-01-09 12:00:00+00:00,2299.4525721154887
2018-01-09 13:00:00+00:00,2345.8752727372594
2018-01-09 14:00:00+00:00,2382.945923747031
2018-01-09 15:00:00+00:00,2413.6825963571687
2018-01-09 16:00:00+00:00,2493.4033589732544
2018-01-09 17:00:00+00:00,2651.6932517691293
2018-01-09 18:00:00+00:00,2860.2181456655517
2018-01-09 19:00:00+00:00,2846.358844966665
2018-01-09 20:00:00+00:00,2753.989981282971
2018-01-09 21:00:00+00:00,2508.454003571758
2018-01-09 22:00:00+00:00,2228.0910725283875
2018-01-09 23:00:00+00:00,1999.6310240450287
2018-01-10 00:00:00+00:00,1825.039575556051
2018-01-10 01:00:00+00:00,1710.7499841193903
2018-01-10 02:00:00+00:00,1630.4534052851561
2018-01-10 03:00:00+00:00,1612.0669977677228
2018-01-10 04:00:00+00:00,1635.3676988710793
2018-01-10 05:00:00+00:00,1737.57507759245
2018-01-10 06:00:00+00:00,1958.3708136549346
2018-01-10 07:00:00+00:00,2161.8920631729625
2018-01-10 08:00:00+00:00,2221.062143520642
2018-01-10 09:00:00+00:00,2206.210056238742
2018-01-10 10:00:00+00:00,2188.2803305494954
2018-01-10 11:00:00+00:00,2213.7254506721633
2018-01-10 12:00:00+00:00,2260.138223428104
2018-01-10 13:00:00+00:00,2301.8253320488943
2018-01-10 14:00:00+00:00,2362.4548086736063
2018-01-10 15:00:00+00:00,2423.9281538938803
2018-01-10 16:00:00+00:00,2516.991968185686
2018-01-10 17:00:00+00:00,2684.931746568464
2018-01-10 18:00:00+00:00,2895.958462654083
2018-01-10 19:00:00+00:00,2864.050301875988
2018-01-10 20:00:00+00:00,2745.5016559981946
2018-01-10 21:00:00+00:00,2482.840109729977
2018-01-10 22:00:00+00:00,2196.401324798556
2018-01-10 23:00:00+00:00,1977.3528931221772
2018-01-11 00:00:00+00:00,1817.6532433784212
2018-01-11 01:00:00+00:00,1707.295086810499
2018-01-11 02:00:00+00:00,1618.9867202513356
2018-01-11 03:00:00+00:00,1591.1589123294318
2018-01-11 04:00:00+00:00,1602.605741631592
2018-01-11 05:00:00+00:00,1685.751617959079
2018-01-11 06:00:00+00:00,1885.400999803349
2018-01-11 07:00:00+00:00,2073.732614601251
2018-01-11 08:00:00+00:00,2137.5191525599503
2018-01-11 09:00:00+00:00,2145.9586010383905
2018-01-11 10:00:00+00:00,2168.8934961516625
2018-01-11 11:00:00+00:00,2170.9116080272092
2018-01-11 12:00:00+00:00,2220.823874740719
2018-01-11 13:00:00+00:00,2288.8694671405515
2018-01-11 14:00:00+00:00,2349.6478617527155
2018-01-11 15:00:00+00:00,2390.6300918995657
2018-01-11 16:00:00+00:00,2472.4357063399825
2018-01-11 17:00:00+00:00,2637.8438789360735
2018-01-11 18:00:00+00:00,2863.1965054145953
2018-01-11 19:00:00+00:00,2855.2045734213266
2018-01-11 20:00:00+00:00,2756.8194230445633
2018-01-11 21:00:00+00:00,2511.0153929559365
2018-01-11 22:00:00+00:00,2230.354625937661
2018-01-11 23:00:00+00:00,2003.6815933037292
2018-01-12 00:00:00+00:00,1834.2724907780882
2018-01-12 01:00:00+00:00,1717.6597787371736
2018-01-12 02:00:00+00:00,1627.1772095612075
2018-01-12 03:00:00+00:00,1591.1589123294318
2018-01-12 04:00:00+00:00,1597.6914480456687
2018-01-12 05:00:00+00:00,1692.8996813567853
2018-01-12 06:00:00+00:00,1904.1646662223284
2018-01-12 07:00:00+00:00,2104.707555991312
2018-01-12 08:00:00+00:00,2188.1512682937027
2018-01-12 09:00:00+00:00,2193.4031093178514
2018-01-12 10:00:00+00:00,2190.8417199336727
2018-01-12 11:00:00+00:00,2229.2724885621747
2018-01-12 12:00:00+00:00,2294.210658957171
2018-01-12 13:00:00+00:00,2351.0576187005963
2018-01-12 14:00:00+00:00,2413.6825963571687
2018-01-12 15:00:00+00:00,2459.7876052723745
2018-01-12 16:00:00+00:00,2543.201533977275
2018-01-12 17:00:00+00:00,2712.6304922345757
2018-01-12 18:00:00+00:00,2940.633858889748
2018-01-12 19:00:00+00:00,2931.867553361727
2018-01-12 20:00:00+00:00,2830.3849088459574
2018-01-12 21:00:00+00:00,2575.050127560389
2018-01-12 22:00:00+00:00,2284.679907760229
2018-01-12 23:00:00+00:00,2050.263139778782
2018-01-13 00:00:00+00:00,1745.371827743498
2018-01-13 01:00:00+00:00,1637.5867754414342
2018-01-13 02:00:00+00:00,1557.454304229372
2018-01-13 03:00:00+00:00,1530.6326855093535
2018-01-13 04:00:00+00:00,1534.6028390548295
2018-01-13 05:00:00+00:00,1620.9305963808786
2018-01-13 06:00:00+00:00,1827.1015932889727
2018-01-13 07:00:00+00:00,1999.4801204844105
2018-01-13 08:00:00+00:00,2044.3982530396222
2018-01-13 09:00:00+00:00,2032.7186152837446
2018-01-13 10:00:00+00:00,2027.9544310291735
2018-01-13 11:00:00+00:00,2056.3548782521602
2018-01-13 12:00:00+00:00,2114.115995881226
2018-01-13 13:00:00+00:00,2164.7954675349893
2018-01-13 14:00:00+00:00,2208.9934327028823
2018-01-13 15:00:00+00:00,2249.488998866738
2018-01-13 16:00:00+00:00,2335.9275511754513
2018-01-13 17:00:00+00:00,2494.4105409617227
2018-01-13 18:00:00+00:00,2707.0907431013534
2018-01-13 19:00:00+00:00,2701.9572422379
2018-01-13 20:00:00+00:00,2611.206918520495
2018-01-13 21:00:00+00:00,2378.1219737401625
2018-01-13 22:00:00+00:00,2112.121686193266
2018-01-13 23:00:00+00:00,1897.3271464677894
2018-01-14 00:00:00+00:00,1735.0678943557043
2018-01-14 01:00:00+00:00,1621.5215029550889
2018-01-14 02:00:00+00:00,1533.0794080431933
2018-01-14 03:00:00+00:00,1497.7265756580123
2018-01-14 04:00:00+00:00,1507.1810808453786
2018-01-14 05:00:00+00:00,1617.6067469009452
2018-01-14 06:00:00+00:00,1854.2463640417625
2018-01-14 07:00:00+00:00,2083.6843073093914
2018-01-14 08:00:00+00:00,2185.661855936794
2018-01-14 09:00:00+00:00,2194.7008799391683
2018-01-14 10:00:00+00:00,2185.1725114300257
2018-01-14 11:00:00+00:00,2212.991284994024
2018-01-14 12:00:00+00:00,2253.0529041424443
2018-01-14 13:00:00+00:00,2270.826265944866
2018-01-14 14:00:00+00:00,2304.2771177943077
2018-01-14 15:00:00+00:00,2342.390591830878
2018-01-14 16:00:00+00:00,2413.927218971223
2018-01-14 17:00:00+00:00,2561.3861079823823
2018-01-14 18:00:00+00:00,2756.948485300355
2018-01-14 19:00:00+00:00,2726.6368246264065
2018-01-14 20:00:00+00:00,2613.8382993587757
2018-01-14 21:00:00+00:00,2368.5936052310203
2018-01-14 22:00:00+00:00,2097.3859534988947
2018-01-14 23:00:00+00:00,1878.4919994148331
2018-01-15 00:00:00+00:00,1839.812239911311
2018-01-15 01:00:00+00:00,1714.204881428282
2018-01-15 02:00:00+00:00,1622.2629159752842
2018-01-15 03:00:00+00:00,1591.1589123294318
2018-01-15 04:00:00+00:00,1614.0724266654124
2018-01-15 05:00:00+00:00,1741.1491092913031
2018-01-15 06:00:00+00:00,2000.067850141555
2018-01-15 07:00:00+00:00,2240.520760547732
2018-01-15 08:00:00+00:00,2337.5160097082753
2018-01-15 09:00:00+00:00,2336.840914831825
2018-01-15 10:00:00+00:00,2326.5953572951125
2018-01-15 11:00:00+00:00,2361.4223106272707
2018-01-15 12:00:00+00:00,2412.1537050193256
2018-01-15 13:00:00+00:00,2436.566327095659
2018-01-15 14:00:00+00:00,2475.1559415774427
2018-01-15 15:00:00+00:00,2516.1381717242925
2018-01-15 16:00:00+00:00,2585.136839243819
2018-01-15 17:00:00+00:00,2740.329237900688
2018-01-15 18:00:00+00:00,2952.5472978859248
2018-01-15 19:00:00+00:00,2934.8161295132813
2018-01-15 20:00:00+00:00,2827.555467084366
2018-01-15 21:00:00+00:00,2567.365959407854
2018-01-15 22:00:00+00:00,2277.8892475324083
2018-01-15 23:00:00+00:00,2044.1872858907316
2018-01-16 00:00:00+00:00,1869.35756862183
2018-01-16 01:00:00+00:00,1753.936200480533
2018-01-16 02:00:00+00:00,1668.1296561105667
2018-01-16 03:00:00+00:00,1636.191711734982
2018-01-16 04:00:00+00:00,1655.0248732147716
2018-01-16 05:00:00+00:00,1782.2504738281148
2018-01-16 06:00:00+00:00,2033.425479330851
2018-01-16 07:00:00+00:00,2247.6688239454393
2018-01-16 08:00:00+00:00,2324.8579807748374
2018-01-16 09:00:00+00:00,2316.3497997584
2018-01-16 10:00:00+00:00,2295.8586846849757
2018-01-16 11:00:00+00:00,2319.963542920574
2018-01-16 12:00:00+00:00,2359.7345734361456
2018-01-16 13:00:00+00:00,2384.7428674622874
2018-01-16 14:00:00+00:00,2421.3667645097025
2018-01-16 15:00:00+00:00,2454.6648265040176
2018-01-16 16:00:00+00:00,2535.338664239798
2018-01-16 17:00:00+00:00,2698.7811194015194
2018-01-16 18:00:00+00:00,2916.8069808973933
2018-01-16 19:00:00+00:00,2896.4846395430814
2018-01-16 20:00:00+00:00,2785.1138406604837
2018-01-16 21:00:00+00:00,2526.3837292610046
2018-01-16 22:00:00+00:00,2239.408839574756
2018-01-16 23:00:00+00:00,2013.8080164504797
2018-01-17 00:00:00+00:00,1847.1985720889404
2018-01-17 01:00:00+00:00,1733.2068166271845
2018-01-17 02:00:00+00:00,1643.5581881809512
2018-01-17 03:00:00+00:00,1615.2836262966907
2018-01-17 04:00:00+00:00,1633.7296010091052
2018-01-17 05:00:00+00:00,1753.658220237289
2018-01-17 06:00:00+00:00,2012.5769610875407
2018-01-17 07:00:00+00:00,2257.1995751423806
2018-01-17 08:00:00+00:00,2362.832067575152
2018-01-17 09:00:00+00:00,2375.2617555944967
2018-01-17 10:00:00+00:00,2375.2617555944967
2018-01-17 11:00:00+00:00,2415.8369432423106
2018-01-17 12:00:00+00:00,2467.193793181664
2018-01-17 13:00:00+00:00,2478.0250948023554
2018-01-17 14:00:00+00:00,2498.2084460350457
2018-01-17 15:00:00+00:00,2531.506508029361
2018-01-17 16:00:00+00:00,2608.72544845625
2018-01-17 17:00:00+00:00,2768.0279835668
2018-01-17 18:00:00+00:00,2988.2876148744563
2018-01-17 19:00:00+00:00,2970.1990433319274
2018-01-17 20:00:00+00:00,2855.8498847002866
2018-01-17 21:00:00+00:00,2592.979853249635
2018-01-17 22:00:00+00:00,2295.997674806598
2018-01-17 23:00:00+00:00,2054.313709037482
2018-01-18 00:00:00+00:00,1873.0507347106452
2018-01-18 01:00:00+00:00,1753.936200480533
2018-01-18 02:00:00+00:00,1669.7677539725414
2018-01-18 03:00:00+00:00,1644.233283057401
2018-01-18 04:00:00+00:00,1656.6629710767463
2018-01-18 05:00:00+00:00,1764.3803153338488
2018-01-18 06:00:00+00:00,1991.7284428442308
2018-01-18 07:00:00+00:00,2207.1631313584357
2018-01-18 08:00:00+00:00,2302.073528694648
2018-01-18 09:00:00+00:00,2303.5428528375096
2018-01-18 10:00:00+00:00,2295.8586846849757
2018-01-18 11:00:00+00:00,2330.328234847248
2018-01-18 12:00:00+00:00,2378.0812694902584
2018-01-18 13:00:00+00:00,2402.8810783339673
2018-01-18 14:00:00+00:00,2446.980658351484
2018-01-18 15:00:00+00:00,2490.524277882512
2018-01-18 16:00:00+00:00,2561.5482300313884
2018-01-18 17:00:00+00:00,2715.400366801188
2018-01-18 18:00:00+00:00,2928.7204198935706
2018-01-18 19:00:00+00:00,2908.2789441492964
2018-01-18 20:00:00+00:00,2793.602165945261
2018-01-18 21:00:00+00:00,2528.9451186451834
2018-01-18 22:00:00+00:00,2239.408839574756
2018-01-18 23:00:00+00:00,2009.7574471917796
2018-01-19 00:00:00+00:00,1843.5054060001257
2018-01-19 01:00:00+00:00,1740.1166112449678
2018-01-19 02:00:00+00:00,1666.4915582485926
2018-01-19 03:00:00+00:00,1647.4499115863694
2018-01-19 04:00:00+00:00,1676.3201454204386
2018-01-19 05:00:00+00:00,1810.8427274189396
2018-01-19 06:00:00+00:00,2085.5467749391264
2018-01-19 07:00:00+00:00,2352.5070871117987
2018-01-19 08:00:00+00:00,2471.691116402721
2018-01-19 09:00:00+00:00,2477.717330961621
2018-01-19 10:00:00+00:00,2470.0331628090867
2018-01-19 11:00:00+00:00,2503.9368246190406
2018-01-19 12:00:00+00:00,2548.4434471355935
2018-01-19 13:00:00+00:00,2550.5779382890746
2018-01-19 14:00:00+00:00,2554.5590124869645
2018-01-19 15:00:00+00:00,2572.488738176211
2018-01-19 16:00:00+00:00,2640.176927406158
2018-01-19 17:00:00+00:00,2795.726729232912
2018-01-19 18:00:00+00:00,3018.0712123648996
2018-01-19 19:00:00+00:00,3002.6333809990197
2018-01-19 20:00:00+00:00,2892.6326276009836
2018-01-19 21:00:00+00:00,2626.2779152439507
2018-01-19 22:00:00+00:00,2323.1603157178815
2018-01-19 23:00:00+00:00,2076.5918399603333
2018-01-20 00:00:00+00:00,1760.8277278251887
2018-01-20 01:00:00+00:00,1648.8324661818756
2018-01-20 02:00:00+00:00,1566.5948902991888
2018-01-20 03:00:00+00:00,1541.1028113711438
2018-01-20 04:00:00+00:00,1562.0245972642804
2018-01-20 05:00:00+00:00,1679.0979622797138
2018-01-20 06:00:00+00:00,1918.2304665304816
2018-01-20 07:00:00+00:00,2139.081798641615
2018-01-20 08:00:00+00:00,2225.6865434243255
2018-01-20 09:00:00+00:00,2218.5218012120245
2018-01-20 10:00:00+00:00,2197.0829720664537
2018-01-20 11:00:00+00:00,2217.810866739928
2018-01-20 12:00:00+00:00,2255.490393761062
2018-01-20 13:00:00+00:00,2278.0556385637215
2018-01-20 14:00:00+00:00,2320.951762685307
2018-01-20 15:00:00+00:00,2361.447328849163
2018-01-20 16:00:00+00:00,2438.3021151574017
2018-01-20 17:00:00+00:00,2597.44987483966
2018-01-20 18:00:00+00:00,2806.806227499357
2018-01-20 19:00:00+00:00,2786.9646926871987
2018-01-20 20:00:00+00:00,2679.622820315792
2018-01-20 21:00:00+00:00,2432.9100926677324
2018-01-20 22:00:00+00:00,2156.3288842763814
2018-01-20 23:00:00+00:00,1934.9974405737014
2018-01-21 00:00:00+00:00,1771.1316612129824
2018-01-21 01:00:00+00:00,1661.6846841709516
2018-01-21 02:00:00+00:00,1577.2589073806419
2018-01-21 03:00:00+00:00,1547.085740435024
2018-01-21 04:00:00+00:00,1562.0245972642804
2018-01-21 05:00:00+00:00,1665.80256435998
2018-01-21 06:00:00+00:00,1883.3300469911803
2018-01-21 07:00:00+00:00,2081.468407656102
2018-01-21 08:00:00+00:00,2152.70034859412
2018-01-21 09:00:00+00:00,2137.530668884313
2018-01-21 10:00:00+00:00,2116.0918397387422
2018-01-21 11:00:00+00:00,2135.8779770595684
2018-01-21 12:00:00+00:00,2182.3657052025264
2018-01-21 13:00:00+00:00,2222.630448485831
2018-01-21 14:00:00+00:00,2254.253183121309
2018-01-21 15:00:00+00:00,2278.0741043941653
2018-01-21 16:00:00+00:00,2348.114999268541
2018-01-21 17:00:00+00:00,2502.1384910025686
2018-01-21 18:00:00+00:00,2709.8606176679646
2018-01-21 19:00:00+00:00,2696.4728905960105
2018-01-21 20:00:00+00:00,2595.418633490811
2018-01-21 21:00:00+00:00,2354.301052467306
2018-01-21 22:00:00+00:00,2084.7553254751474
2018-01-21 23:00:00+00:00,1867.190911183059
2018-01-22 00:00:00+00:00,1830.5793246892733
2018-01-22 01:00:00+00:00,1712.4774327738364
2018-01-22 02:00:00+00:00,1625.5391116992334
2018-01-22 03:00:00+00:00,1597.5921693873674
2018-01-22 04:00:00+00:00,1604.2438394935664
2018-01-22 05:00:00+00:00,1700.0477447544913
2018-01-22 06:00:00+00:00,1931.2677399386314
2018-01-22 07:00:00+00:00,2159.5093753737274
2018-01-22 08:00:00+00:00,2259.0362303209577
2018-01-22 09:00:00+00:00,2257.437843922304
2018-01-22 10:00:00+00:00,2244.6308970014134
2018-01-22 11:00:00+00:00,2273.32242925054
2018-01-22 12:00:00+00:00,2320.420224748761
2018-01-22 13:00:00+00:00,2364.0134836089396
2018-01-22 14:00:00+00:00,2423.9281538938803
2018-01-22 15:00:00+00:00,2472.5945521932645
2018-01-22 16:00:00+00:00,2556.30631687307
2018-01-22 17:00:00+00:00,2723.7099905010205
2018-01-22 18:00:00+00:00,2943.612218638792
2018-01-22 19:00:00+00:00,2925.9704010586197
2018-01-22 20:00:00+00:00,2819.067141799589
2018-01-22 21:00:00+00:00,2569.9273487920323
2018-01-22 22:00:00+00:00,2282.4163543509553
2018-01-22 23:00:00+00:00,2046.2125705200817
2018-01-23 00:00:00+00:00,1860.124653399793
2018-01-23 01:00:00+00:00,1733.2068166271845
2018-01-23 02:00:00+00:00,1638.643894595028
2018-01-23 03:00:00+00:00,1607.2420549742708
2018-01-23 04:00:00+00:00,1620.6248181133103
2018-01-23 05:00:00+00:00,1735.7880617430235
2018-01-23 06:00:00+00:00,1989.6435910198998
2018-01-23 07:00:00+00:00,2245.2861361462033
2018-01-23 08:00:00+00:00,2362.832067575152
2018-01-23 09:00:00+00:00,2372.7003662103184
2018-01-23 10:00:00+00:00,2362.4548086736063
2018-01-23 11:00:00+00:00,2387.3340404439564
2018-01-23 12:00:00+00:00,2427.8794444942796
2018-01-23 13:00:00+00:00,2441.748673058996
2018-01-23 14:00:00+00:00,2477.717330961621
2018-01-23 15:00:00+00:00,2526.3837292610046
2018-01-23 16:00:00+00:00,2611.3464050354087
2018-01-23 17:00:00+00:00,2781.877356399856
2018-01-23 18:00:00+00:00,3006.1577733687227
2018-01-23 19:00:00+00:00,2990.8390763928046
2018-01-23 20:00:00+00:00,2878.485418793023
2018-01-23 21:00:00+00:00,2616.0323577072386
2018-01-23 22:00:00+00:00,2316.3696554900603
2018-01-23 23:00:00+00:00,2076.5918399603333
2018-01-24 00:00:00+00:00,1895.2097312435349
2018-01-24 01:00:00+00:00,1772.9381356794358
2018-01-24 02:00:00+00:00,1679.5963411443872
2018-01-24 03:00:00+00:00,1644.233283057401
2018-01-24 04:00:00+00:00,1651.748677490823
2018-01-24 05:00:00+00:00,1753.658220237289
2018-01-24 06:00:00+00:00,1983.3890355469066
2018-01-24 07:00:00+00:00,2211.928506956907
2018-01-24 08:00:00+00:00,2312.1999518413986
2018-01-24 09:00:00+00:00,2316.3497997584
2018-01-24 10:00:00+00:00,2303.5428528375096
2018-01-24 11:00:00+00:00,2330.328234847248
2018-01-24 12:00:00+00:00,2380.7022260694175
2018-01-24 13:00:00+00:00,2410.6545972789736
2018-01-24 14:00:00+00:00,2457.2262158881963
2018-01-24 15:00:00+00:00,2505.89261418758
2018-01-24 16:00:00+00:00,2585.136839243819
2018-01-24 17:00:00+00:00,2745.86898703391
2018-01-24 18:00:00+00:00,2961.482377133058
2018-01-24 19:00:00+00:00,2940.713281816389
2018-01-24 20:00:00+00:00,2830.3849088459574
2018-01-24 21:00:00+00:00,2567.365959407854
2018-01-24 22:00:00+00:00,2273.362140713861
2018-01-24 23:00:00+00:00,2038.1114320026809
2018-01-25 00:00:00+00:00,1860.124653399793
2018-01-25 01:00:00+00:00,1743.571508553859
2018-01-25 02:00:00+00:00,1656.6629710767463
2018-01-25 03:00:00+00:00,1632.9750832060136
2018-01-25 04:00:00+00:00,1648.4724817668744
2018-01-25 05:00:00+00:00,1750.0841885384361
2018-01-25 06:00:00+00:00,1985.4738873712377
2018-01-25 07:00:00+00:00,2233.372697150026
2018-01-25 08:00:00+00:00,2360.300461788464
2018-01-25 09:00:00+00:00,2388.0687025153875
2018-01-25 10:00:00+00:00,2400.875649436278
2018-01-25 11:00:00+00:00,2452.1133649856697
2018-01-25 12:00:00+00:00,2509.1290984482084
2018-01-25 13:00:00+00:00,2511.7103435640465
2018-01-25 14:00:00+00:00,2511.0153929559365
2018-01-25 15:00:00+00:00,2531.506508029361
2018-01-25 16:00:00+00:00,2606.1044918770913
2018-01-25 17:00:00+00:00,2768.0279835668
2018-01-25 18:00:00+00:00,2985.309255125412
2018-01-25 19:00:00+00:00,2964.301891028819
2018-01-25 20:00:00+00:00,2847.36155941551
2018-01-25 21:00:00+00:00,2580.1729063287453
2018-01-25 22:00:00+00:00,2286.943461169503
2018-01-25 23:00:00+00:00,2056.3389936668323
2018-01-26 00:00:00+00:00,1887.8233990659048
2018-01-26 01:00:00+00:00,1779.8479302972185
2018-01-26 02:00:00+00:00,1695.977319764131
2018-01-26 03:00:00+00:00,1671.574625553628
2018-01-26 04:00:00+00:00,1694.3392219021569
2018-01-26 05:00:00+00:00,1817.9907908166463
2018-01-26 06:00:00+00:00,2085.5467749391264
2018-01-26 07:00:00+00:00,2350.1243993125627
2018-01-26 08:00:00+00:00,2474.222722189409
2018-01-26 09:00:00+00:00,2493.085667266689
2018-01-26 10:00:00+00:00,2495.647056650868
2018-01-26 11:00:00+00:00,2537.622073380732
2018-01-26 12:00:00+00:00,2590.378752402137
2018-01-26 13:00:00+00:00,2592.036705995771
2018-01-26 14:00:00+00:00,2592.979853249635
2018-01-26 15:00:00+00:00,2613.4709683230603
2018-01-26 16:00:00+00:00,2687.3541458310197
2018-01-26 17:00:00+00:00,2848.354345998525
2018-01-26 18:00:00+00:00,3065.724968349609
2018-01-26 19:00:00+00:00,3040.9648709692206
2018-01-26 20:00:00+00:00,2918.097603455312
2018-01-26 21:00:00+00:00,2644.2076409331976
2018-01-26 22:00:00+00:00,2339.0051895827974
2018-01-26 23:00:00+00:00,2092.7941169951346
2018-01-27 00:00:00+00:00,1772.8489834442812
2018-01-27 01:00:00+00:00,1655.2585751764132
2018-01-27 02:00:00+00:00,1566.5948902991888
2018-01-27 03:00:00+00:00,1535.1198823072637
2018-01-27 04:00:00+00:00,1554.4074422060994
2018-01-27 05:00:00+00:00,1680.7598870196807
2018-01-27 06:00:00+00:00,1943.4363250866434
2018-01-27 07:00:00+00:00,2196.6951896271285
2018-01-27 08:00:00+00:00,2308.090311781009
2018-01-27 09:00:00+00:00,2316.187578430736
2018-01-27 10:00:00+00:00,2309.0413020488786
2018-01-27 11:00:00+00:00,2338.3004103875155
2018-01-27 12:00:00+00:00,2377.3648746919553
2018-01-27 13:00:00+00:00,2367.2179008629364
2018-01-27 14:00:00+00:00,2356.683144594592
2018-01-27 15:00:00+00:00,2363.8294209764485
2018-01-27 16:00:00+00:00,2423.6771774456947
2018-01-27 17:00:00+00:00,2569.1140580232277
2018-01-27 18:00:00+00:00,2768.0279835668
2018-01-27 19:00:00+00:00,2743.089879552077
2018-01-27 20:00:00+00:00,2637.5207269033012
2018-01-27 21:00:00+00:00,2390.0324343765906
2018-01-27 22:00:00+00:00,2112.121686193266
2018-01-27 23:00:00+00:00,1887.909572941311
2018-01-28 00:00:00+00:00,1721.3293165053126
2018-01-28 01:00:00+00:00,1608.669284966013
2018-01-28 02:00:00+00:00,1525.4622529850124
2018-01-28 03:00:00+00:00,1497.7265756580123
2018-01-28 04:00:00+00:00,1519.3685289384678
2018-01-28 05:00:00+00:00,1642.535618000446
2018-01-28 06:00:00+00:00,1887.2078713844357
2018-01-28 07:00:00+00:00,2112.491002802148
2018-01-28 08:00:00+00:00,2206.851396371369
2018-01-28 09:00:00+00:00,2206.611340575596
2018-01-28 10:00:00+00:00,2194.7008799391683
2018-01-28 11:00:00+00:00,2225.0402393587833
2018-01-28 12:00:00+00:00,2272.552821091387
2018-01-28 13:00:00+00:00,2292.514383801432
2018-01-28 14:00:00+00:00,2325.7159469398784
2018-01-28 15:00:00+00:00,2368.5936052310203
2018-01-28 16:00:00+00:00,2445.614584013255
2018-01-28 17:00:00+00:00,2600.0258581866087
2018-01-28 18:00:00+00:00,2806.806227499357
2018-01-28 19:00:00+00:00,2786.9646926871987
2018-01-28 20:00:00+00:00,2679.622820315792
2018-01-28 21:00:00+00:00,2428.1459084131607
2018-01-28 22:00:00+00:00,2150.0135702645075
2018-01-28 23:00:00+00:00,1927.4633817525187
2018-01-29 00:00:00+00:00,1889.6699821103125
2018-01-29 01:00:00+00:00,1766.0283410616526
2018-01-29 02:00:00+00:00,1673.0439496964898
2018-01-29 03:00:00+00:00,1642.6249687929173
2018-01-29 04:00:00+00:00,1664.853460386618
2018-01-29 05:00:00+00:00,1791.185553075247
2018-01-29 06:00:00+00:00,2035.510331155182
2018-01-29 07:00:00+00:00,2261.9649507408512
2018-01-29 08:00:00+00:00,2365.363673361839
2018-01-29 09:00:00+00:00,2372.7003662103184
2018-01-29 10:00:00+00:00,2365.0161980577845
2018-01-29 11:00:00+00:00,2397.6987323706303
2018-01-29 12:00:00+00:00,2446.226140548393
2018-01-29 13:00:00+00:00,2465.0692298940126
2018-01-29 14:00:00+00:00,2503.3312248034017
2018-01-29 15:00:00+00:00,2546.8748443344293
2018-01-29 16:00:00+00:00,2624.4511879312035
2018-01-29 17:00:00+00:00,2790.1869800996897
2018-01-29 18:00:00+00:00,3015.092852615855
2018-01-29 19:00:00+00:00,2996.7362286959124
2018-01-29 20:00:00+00:00,2884.144302316207
2018-01-29 21:00:00+00:00,2618.593747091417
2018-01-29 22:00:00+00:00,2318.633208899334
2018-01-29 23:00:00+00:00,2076.5918399603333
2018-01-30 00:00:00+00:00,1893.3631481991272
2018-01-30 01:00:00+00:00,1769.4832383705445
2018-01-30 02:00:00+00:00,1676.3201454204386
2018-01-30 03:00:00+00:00,1644.233283057401
2018-01-30 04:00:00+00:00,1661.5772646626694
2018-01-30 05:00:00+00:00,1776.8894262798347
2018-01-30 06:00:00+00:00,2014.6618129118717
2018-01-30 07:00:00+00:00,2247.6688239454393
2018-01-30 08:00:00+00:00,2350.1740386417137
2018-01-30 09:00:00+00:00,2352.209251136894
2018-01-30 10:00:00+00:00,2336.840914831825
2018-01-30 11:00:00+00:00,2361.4223106272707
2018-01-30 12:00:00+00:00,2401.6698787026894
2018-01-30 13:00:00+00:00,2415.8369432423106
2018-01-30 14:00:00+00:00,2449.5420477356615
2018-01-30 15:00:00+00:00,2495.647056650868
2018-01-30 16:00:00+00:00,2582.51588266466
2018-01-30 17:00:00+00:00,2756.948485300355
2018-01-30 18:00:00+00:00,2991.265974623501
2018-01-30 19:00:00+00:00,2984.941924089697
2018-01-30 20:00:00+00:00,2878.485418793023
2018-01-30 21:00:00+00:00,2616.0323577072386
2018-01-30 22:00:00+00:00,2320.896762308608
2018-01-30 23:00:00+00:00,2086.718263107084
2018-01-31 00:00:00+00:00,1909.9823955987947
2018-01-31 01:00:00+00:00,1793.6675195327844
2018-01-31 02:00:00+00:00,1705.8059069359774
2018-01-31 03:00:00+00:00,1676.3995683470796
2018-01-31 04:00:00+00:00,1674.6820475584643
2018-01-31 05:00:00+00:00,1766.167331183275
2018-01-31 06:00:00+00:00,1985.4738873712377
2018-01-31 07:00:00+00:00,2197.632380161494
2018-01-31 08:00:00+00:00,2291.947105547897
2018-01-31 09:00:00+00:00,2293.2972953007975
2018-01-31 10:00:00+00:00,2277.9289589957284
2018-01-31 11:00:00+00:00,2304.4165050305623
2018-01-31 12:00:00+00:00,2344.0088339611916
2018-01-31 13:00:00+00:00,2366.604656590608
2018-01-31 14:00:00+00:00,2405.998428204634
2018-01-31 15:00:00+00:00,2457.2262158881963
2018-01-31 16:00:00+00:00,2551.0644037147517
2018-01-31 17:00:00+00:00,2726.479865067632
2018-01-31 18:00:00+00:00,2958.5040173840134
2018-01-31 19:00:00+00:00,2949.5590102710503
2018-01-31 20:00:00+00:00,2847.36155941551
2018-01-31 21:00:00+00:00,2590.4184638654574
2018-01-31 22:00:00+00:00,2300.524781625145
2018-01-31 23:00:00+00:00,2066.4654168135826
2018-02-01 00:00:00+00:00,1891.51656515472
2018-02-01 01:00:00+00:00,1776.3930329883271
2018-02-01 02:00:00+00:00,1689.4249283162337
2018-02-01 03:00:00+00:00,1660.3164257022404
2018-02-01 04:00:00+00:00,1656.6629710767463
2018-02-01 05:00:00+00:00,1742.9361251407292
2018-02-01 06:00:00+00:00,1960.4556654792657
2018-02-01 07:00:00+00:00,2154.7439997752563
2018-02-01 08:00:00+00:00,2226.125355094018
2018-02-01 09:00:00+00:00,2221.57839254381
2018-02-01 10:00:00+00:00,2208.7714456229196
2018-02-01 11:00:00+00:00,2234.4548345255116
2018-02-01 12:00:00+00:00,2278.484919482217
2018-02-01 13:00:00+00:00,2307.0076780122313
2018-02-01 14:00:00+00:00,2357.3320299052502
2018-02-01 15:00:00+00:00,2418.8053751255243
2018-02-01 16:00:00+00:00,2527.4757945023207
2018-02-01 17:00:00+00:00,2715.400366801188
2018-02-01 18:00:00+00:00,2955.5256576349693
2018-02-01 19:00:00+00:00,2946.610434119497
2018-02-01 20:00:00+00:00,2841.702675892326
2018-02-01 21:00:00+00:00,2582.734295712923
2018-02-01 22:00:00+00:00,2291.4705679880503
2018-02-01 23:00:00+00:00,2056.3389936668323
2018-02-02 00:00:00+00:00,1882.283649932683
2018-02-02 01:00:00+00:00,1766.0283410616526
2018-02-02 02:00:00+00:00,1677.9582432824132
2018-02-02 03:00:00+00:00,1645.8415973218853
2018-02-02 04:00:00+00:00,1640.2819924570024
2018-02-02 05:00:00+00:00,1725.0659666464633
2018-02-02 06:00:00+00:00,1941.6919990602862
2018-02-02 07:00:00+00:00,2130.9171217829016
2018-02-02 08:00:00+00:00,2198.2776914404535
2018-02-02 09:00:00+00:00,2195.9644987020292
2018-02-02 10:00:00+00:00,2188.2803305494954
2018-02-02 11:00:00+00:00,2216.316623653832
2018-02-02 12:00:00+00:00,2262.7591800072632
2018-02-02 13:00:00+00:00,2296.6429860855574
2018-02-02 14:00:00+00:00,2349.6478617527155
2018-02-02 15:00:00+00:00,2411.12120697299
2018-02-02 16:00:00+00:00,2511.750055027367
2018-02-02 17:00:00+00:00,2690.4714957016863
2018-02-02 18:00:00+00:00,2925.7420601445265
2018-02-02 19:00:00+00:00,2923.021824907066
2018-02-02 20:00:00+00:00,2824.7260253227732
2018-02-02 21:00:00+00:00,2567.365959407854
2018-02-02 22:00:00+00:00,2280.152800941682
2018-02-02 23:00:00+00:00,2046.2125705200817
2018-02-03 00:00:00+00:00,1736.7852165870033
2018-02-03 01:00:00+00:00,1626.3410847009923
2018-02-03 02:00:00+00:00,1543.7434251246464
2018-02-03 03:00:00+00:00,1518.6668273815928
2018-02-03 04:00:00+00:00,1513.274804891923
2018-02-03 05:00:00+00:00,1589.354026321511
2018-02-03 06:00:00+00:00,1790.2622615530436
2018-02-03 07:00:00+00:00,1966.2416256850759
2018-02-03 08:00:00+00:00,2030.2718927499045
2018-02-03 09:00:00+00:00,2027.9544310291735
2018-02-03 10:00:00+00:00,2020.8081546473165
2018-02-03 11:00:00+00:00,2041.8961330144498
2018-02-03 12:00:00+00:00,2079.991141220576
2018-02-03 13:00:00+00:00,2104.5506957111957
2018-02-03 14:00:00+00:00,2130.3843925024557
2018-02-03 15:00:00+00:00,2156.587405902598
2018-02-03 16:00:00+00:00,2226.240518337648
2018-02-03 17:00:00+00:00,2386.2192403898894
2018-02-03 18:00:00+00:00,2615.6848824031836
2018-02-03 19:00:00+00:00,2633.4028467142734
2018-02-03 20:00:00+00:00,2555.947920916601
2018-02-03 21:00:00+00:00,2335.244315449021
2018-02-03 22:00:00+00:00,2076.3349067926492
2018-02-03 23:00:00+00:00,1867.190911183059
2018-02-04 00:00:00+00:00,1707.5907386549213
2018-02-04 01:00:00+00:00,1599.0301214742058
2018-02-04 02:00:00+00:00,1519.3685289384678
2018-02-04 03:00:00+00:00,1488.7521820621919
2018-02-04 04:00:00+00:00,1481.2827536475636
2018-02-04 05:00:00+00:00,1546.143983082376
2018-02-04 06:00:00+00:00,1730.1559834575805
2018-02-04 07:00:00+00:00,1908.628234699563
2018-02-04 08:00:00+00:00,1980.829631735895
2018-02-04 09:00:00+00:00,2001.0738620795394
2018-02-04 10:00:00+00:00,2038.40040387639
2018-02-04 11:00:00+00:00,2062.102734154022
2018-02-04 12:00:00+00:00,2036.1163280854544
2018-02-04 13:00:00+00:00,2075.6332052357743
2018-02-04 14:00:00+00:00,2104.1813791023137
2018-02-04 15:00:00+00:00,2125.620208247885
2018-02-04 16:00:00+00:00,2194.5531532956156
2018-02-04 17:00:00+00:00,2342.427523491766
2018-02-04 18:00:00+00:00,2543.6681436712925
2018-02-04 19:00:00+00:00,2545.6532204440305
2018-02-04 20:00:00+00:00,2466.4809724150596
2018-02-04 21:00:00+00:00,2244.724814612167
2018-02-04 22:00:00+00:00,1990.0256152970444
2018-02-04 23:00:00+00:00,1788.0832935606431
2018-02-05 00:00:00+00:00,1760.4091690017897
2018-02-05 01:00:00+00:00,1650.2892812137916
2018-02-05 02:00:00+00:00,1564.9294908061815
2018-02-05 03:00:00+00:00,1534.8679130724943
2018-02-05 04:00:00+00:00,1538.7199250145916
2018-02-05 05:00:00+00:00,1616.0579998314417
2018-02-05 06:00:00+00:00,1812.4311859517632
2018-02-05 07:00:00+00:00,1997.4866050257167
2018-02-05 08:00:00+00:00,2189.010224908693
2018-02-05 09:00:00+00:00,2231.9644577131617
2018-02-05 10:00:00+00:00,2231.9644577131617
2018-02-05 11:00:00+00:00,2217.314767907551
2018-02-05 12:00:00+00:00,2215.581961582401
2018-02-05 13:00:00+00:00,2268.140083287203
2018-02-05 14:00:00+00:00,2303.5428528375096
2018-02-05 15:00:00+00:00,2326.5953572951125
2018-02-05 16:00:00+00:00,2388.5650958068945
2018-02-05 17:00:00+00:00,2529.8187708382366
2018-02-05 18:00:00+00:00,2723.213597209513
2018-02-05 19:00:00+00:00,2695.981461237418
2018-02-05 20:00:00+00:00,2587.052917349037
2018-02-05 21:00:00+00:00,2347.0864723685377
2018-02-05 22:00:00+00:00,2080.9601009255985
2018-02-05 23:00:00+00:00,1863.9369538785697
2018-02-06 00:00:00+00:00,1699.471928536343
2018-02-06 01:00:00+00:00,1591.5560269626374
2018-02-06 02:00:00+00:00,1515.7865549469504
2018-02-06 03:00:00+00:00,1496.26837072488
2018-02-06 04:00:00+00:00,1512.5103592230016
2018-02-06 05:00:00+00:00,1617.8450156808685
2018-02-06 06:00:00+00:00,1854.1282224383835
2018-02-06 07:00:00+00:00,2068.9672390027804
2018-02-06 08:00:00+00:00,2132.4559409865747
2018-02-06 09:00:00+00:00,2163.159772373345
2018-02-06 10:00:00+00:00,2163.159772373345
2018-02-06 11:00:00+00:00,2165.1112130421666
2018-02-06 12:00:00+00:00,2218.2029181615603
2018-02-06 13:00:00+00:00,2255.1842183788604
2018-02-06 14:00:00+00:00,2280.4903483799067
2018-02-06 15:00:00+00:00,2298.4200740691535
2018-02-06 16:00:00+00:00,2362.3555300153043
2018-02-06 17:00:00+00:00,2510.4296488719583
2018-02-06 18:00:00+00:00,2708.3217984642915
2018-02-06 19:00:00+00:00,2687.1357327827563
2018-02-06 20:00:00+00:00,2587.052917349037
2018-02-06 21:00:00+00:00,2352.209251136894
2018-02-06 22:00:00+00:00,2087.7507611534193
2018-02-06 23:00:00+00:00,1870.0128077666202
2018-02-07 00:00:00+00:00,1706.8582607139726
2018-02-07 01:00:00+00:00,1600.1932702348656
2018-02-07 02:00:00+00:00,1522.3389463948479
2018-02-07 03:00:00+00:00,1499.484999253848
2018-02-07 04:00:00+00:00,1517.4246528089247
2018-02-07 05:00:00+00:00,1617.8450156808685
2018-02-07 06:00:00+00:00,1837.4494078437356
2018-02-07 07:00:00+00:00,2040.3749854119549
2018-02-07 08:00:00+00:00,2114.7347004797607
2018-02-07 09:00:00+00:00,2174.627219929981
2018-02-07 10:00:00+00:00,2209.0295625998892
2018-02-07 11:00:00+00:00,2252.1171378178065
2018-02-07 12:00:00+00:00,2219.332879783097
2018-02-07 13:00:00+00:00,2211.134277690495
2018-02-07 14:00:00+00:00,2254.8764545381255
2018-02-07 15:00:00+00:00,2288.174516532441
2018-02-07 16:00:00+00:00,2359.7345734361456
2018-02-07 17:00:00+00:00,2518.739272571791
2018-02-07 18:00:00+00:00,2729.1703167076016
2018-02-07 19:00:00+00:00,2719.5700704498486
2018-02-07 20:00:00+00:00,2623.8356602497342
2018-02-07 21:00:00+00:00,2390.6300918995657
2018-02-07 22:00:00+00:00,2123.967615701798
2018-02-07 23:00:00+00:00,1908.4932157242727
2018-02-08 00:00:00+00:00,1745.6365046465298
2018-02-08 01:00:00+00:00,1626.1050000515513
2018-02-08 02:00:00+00:00,1535.443729290643
2018-02-08 03:00:00+00:00,1504.3099420472997
2018-02-08 04:00:00+00:00,1515.7865549469504
2018-02-08 05:00:00+00:00,1610.6969522831619
2018-02-08 06:00:00+00:00,1820.7705932490874
2018-02-08 07:00:00+00:00,2007.0173562226585
2018-02-08 08:00:00+00:00,2194.6772774802866
2018-02-08 09:00:00+00:00,2266.3668003830694
2018-02-08 10:00:00+00:00,2272.1005241613875
2018-02-08 11:00:00+00:00,2269.5183227729344
2018-02-08 12:00:00+00:00,2213.4658135913296
2018-02-08 13:00:00+00:00,2205.951931727158
2018-02-08 14:00:00+00:00,2239.508118233057
2018-02-08 15:00:00+00:00,2288.174516532441
2018-02-08 16:00:00+00:00,2378.0812694902584
2018-02-08 17:00:00+00:00,2543.6681436712925
2018-02-08 18:00:00+00:00,2747.0404752018676
2018-02-08 19:00:00+00:00,2722.518646601403
2018-02-08 20:00:00+00:00,2618.1767767265505
2018-02-08 21:00:00+00:00,2382.945923747031
2018-02-08 22:00:00+00:00,2119.4405088832505
2018-02-08 23:00:00+00:00,1902.4173618362222
2018-02-09 00:00:00+00:00,1736.4035894244926
2018-02-09 01:00:00+00:00,1627.8324487059974
2018-02-09 02:00:00+00:00,1550.1866100484121
2018-02-09 03:00:00+00:00,1522.0013989566228
2018-02-09 04:00:00+00:00,1510.8722613610273
2018-02-09 05:00:00+00:00,1574.9566352946306
2018-02-09 06:00:00+00:00,1762.394742167819
2018-02-09 07:00:00+00:00,2065.5786140990936
2018-02-09 08:00:00+00:00,2268.348960911
2018-02-09 09:00:00+00:00,2306.5028668312953
2018-02-09 10:00:00+00:00,2254.8993528264336
2018-02-09 11:00:00+00:00,2211.514372922508
2018-02-09 12:00:00+00:00,2199.8562221074476
2018-02-09 13:00:00+00:00,2237.0460075071805
2018-02-09 14:00:00+00:00,2280.4903483799067
2018-02-09 15:00:00+00:00,2313.788410374222
2018-02-09 16:00:00+00:00,2375.4603129111
2018-02-09 17:00:00+00:00,2515.9693980051798
2018-02-09 18:00:00+00:00,2696.4083594681147
2018-02-09 19:00:00+00:00,2648.8042428125564
2018-02-09 20:00:00+00:00,2519.1463150708273
2018-02-09 21:00:00+00:00,2280.4903483799067
2018-02-09 22:00:00+00:00,2024.3712656937562
2018-02-09 23:00:00+00:00,1827.4818305502674
2018-02-10 00:00:00+00:00,1568.4876379197065
2018-02-10 01:00:00+00:00,1486.573214069791
2018-02-10 02:00:00+00:00,1423.3923752053895
2018-02-10 03:00:00+00:00,1404.9911751678692
2018-02-10 04:00:00+00:00,1399.017479019211
2018-02-10 05:00:00+00:00,1463.04774608404
2018-02-10 06:00:00+00:00,1633.2103736261881
2018-02-10 07:00:00+00:00,1970.59148891528
2018-02-10 08:00:00+00:00,2188.619917020958
2018-02-10 09:00:00+00:00,2214.3683866329698
2018-02-10 10:00:00+00:00,2193.0389341776267
2018-02-10 11:00:00+00:00,2191.5675502201734
2018-02-10 12:00:00+00:00,2145.8251515734337
2018-02-10 13:00:00+00:00,2020.2080151578841
2018-02-10 14:00:00+00:00,2051.77535230203
2018-02-10 15:00:00+00:00,2073.2141814476004
2018-02-10 16:00:00+00:00,2131.178423211551
2018-02-10 17:00:00+00:00,2265.148023083313
2018-02-10 18:00:00+00:00,2457.8020321063445
2018-02-10 19:00:00+00:00,2457.9035941737875
2018-02-10 20:00:00+00:00,2374.3826430752365
2018-02-10 21:00:00+00:00,2158.969498029884
2018-02-10 22:00:00+00:00,1912.1367424839373
2018-02-10 23:00:00+00:00,1714.626220054114
2018-02-11 00:00:00+00:00,1566.7703156884074
2018-02-11 01:00:00+00:00,1464.0818325889077
2018-02-11 02:00:00+00:00,1386.8300309261215
2018-02-11 03:00:00+00:00,1361.6149394547376
2018-02-11 04:00:00+00:00,1371.59572080976
2018-02-11 05:00:00+00:00,1446.4284986843727
2018-02-11 06:00:00+00:00,1621.5769004464214
2018-02-11 07:00:00+00:00,1950.750137794031
2018-02-11 08:00:00+00:00,2120.1052514303938
2018-02-11 09:00:00+00:00,2134.382939925433
2018-02-11 10:00:00+00:00,2123.7182136977617
2018-02-11 11:00:00+00:00,2148.412611531457
2018-02-11 12:00:00+00:00,2151.2815231317772
2018-02-11 13:00:00+00:00,2012.978642539029
2018-02-11 14:00:00+00:00,2075.5962735748867
2018-02-11 15:00:00+00:00,2128.0023003751708
2018-02-11 16:00:00+00:00,2201.8656221514693
2018-02-11 17:00:00+00:00,2342.427523491766
2018-02-11 18:00:00+00:00,2515.9693980051798
2018-02-11 19:00:00+00:00,2485.3253523832386
2018-02-11 20:00:00+00:00,2387.53954726664
2018-02-11 21:00:00+00:00,2173.2620507935976
2018-02-11 22:00:00+00:00,1937.3979985314315
2018-02-11 23:00:00+00:00,1739.1119112229571
2018-02-12 00:00:00+00:00,1703.165094625158
2018-02-12 01:00:00+00:00,1593.283475617083
2018-02-12 02:00:00+00:00,1517.4246528089247
2018-02-12 03:00:00+00:00,1499.484999253848
2018-02-12 04:00:00+00:00,1515.7865549469504
2018-02-12 05:00:00+00:00,1614.2709839820154
2018-02-12 06:00:00+00:00,1822.8554450734182
2018-02-12 07:00:00+00:00,2021.313483018071
2018-02-12 08:00:00+00:00,2117.2663062664487
2018-02-12 09:00:00+00:00,2137.052542865933
2018-02-12 10:00:00+00:00,2142.175321634289
2018-02-12 11:00:00+00:00,2180.0402019104727
2018-02-12 12:00:00+00:00,2233.9286576365143
2018-02-12 13:00:00+00:00,2257.775391360529
2018-02-12 14:00:00+00:00,2288.174516532441
2018-02-12 15:00:00+00:00,2329.1567466792903
2018-02-12 16:00:00+00:00,2409.532748440167
2018-02-12 17:00:00+00:00,2565.8271402041814
2018-02-12 18:00:00+00:00,2773.8457129432663
2018-02-12 19:00:00+00:00,2757.90156042005
2018-02-12 20:00:00+00:00,2654.9595196272476
2018-02-12 21:00:00+00:00,2411.12120697299
2018-02-12 22:00:00+00:00,2137.54893615744
2018-02-12 23:00:00+00:00,1918.6196388710232
2018-02-13 00:00:00+00:00,1754.8694198685673
2018-02-13 01:00:00+00:00,1645.1069352504542
2018-02-13 02:00:00+00:00,1563.2913929442072
2018-02-13 03:00:00+00:00,1533.2595988080104
2018-02-13 04:00:00+00:00,1556.7390014963098
2018-02-13 05:00:00+00:00,1689.325649657932
2018-02-13 06:00:00+00:00,1962.5405173035965
2018-02-13 07:00:00+00:00,2240.520760547732
2018-02-13 08:00:00+00:00,2378.0217022952775
2018-02-13 09:00:00+00:00,2398.3142600520996
2018-02-13 10:00:00+00:00,2388.0687025153875
2018-02-13 11:00:00+00:00,2415.8369432423106
2018-02-13 12:00:00+00:00,2459.3309234441867
2018-02-13 13:00:00+00:00,2462.4780569123445
2018-02-13 14:00:00+00:00,2470.0331628090867
2018-02-13 15:00:00+00:00,2495.647056650868
2018-02-13 16:00:00+00:00,2569.4110997688654
2018-02-13 17:00:00+00:00,2734.7894887674656
2018-02-13 18:00:00+00:00,2961.482377133058
2018-02-13 19:00:00+00:00,2943.661857967942
2018-02-13 20:00:00+00:00,2833.2143506075495
2018-02-13 21:00:00+00:00,2569.9273487920323
2018-02-13 22:00:00+00:00,2271.098587304587
2018-02-13 23:00:00+00:00,2034.0608627439808
2018-02-14 00:00:00+00:00,1856.4314873109781
2018-02-14 01:00:00+00:00,1741.8440598994132
2018-02-14 02:00:00+00:00,1659.939166800695
2018-02-14 03:00:00+00:00,1634.5833974704979
2018-02-14 04:00:00+00:00,1648.4724817668744
2018-02-14 05:00:00+00:00,1759.0192677855691
2018-02-14 06:00:00+00:00,1995.898146492893
2018-02-14 07:00:00+00:00,2223.841945953084
2018-02-14 08:00:00+00:00,2314.7315576280857
2018-02-14 09:00:00+00:00,2306.104242221688
2018-02-14 10:00:00+00:00,2283.0517377640854
2018-02-14 11:00:00+00:00,2304.4165050305623
2018-02-14 12:00:00+00:00,2344.0088339611916
2018-02-14 13:00:00+00:00,2358.831137645602
2018-02-14 14:00:00+00:00,2393.1914812837435
2018-02-14 15:00:00+00:00,2431.612322046415
2018-02-14 16:00:00+00:00,2506.508141869049
2018-02-14 17:00:00+00:00,2668.3124991687964
2018-02-14 18:00:00+00:00,2887.0233834069504
2018-02-14 19:00:00+00:00,2866.9988780275426
2018-02-14 20:00:00+00:00,2756.8194230445633
2018-02-14 21:00:00+00:00,2503.3312248034017
2018-02-14 22:00:00+00:00,2219.036858891293
2018-02-14 23:00:00+00:00,1989.504600898278
2018-02-15 00:00:00+00:00,1813.9600772896063
2018-02-15 01:00:00+00:00,1696.930394883825
2018-02-15 02:00:00+00:00,1610.7962309414638
2018-02-15 03:00:00+00:00,1581.509026742528
2018-02-15 04:00:00+00:00,1599.3295459076435
2018-02-15 05:00:00+00:00,1719.704919098184
2018-02-15 06:00:00+00:00,1960.4556654792657
2018-02-15 07:00:00+00:00,2173.80550216914
2018-02-15 08:00:00+00:00,2236.2517782407685
2018-02-15 09:00:00+00:00,2206.210056238742
2018-02-15 10:00:00+00:00,2185.7189411653167
2018-02-15 11:00:00+00:00,2218.9077966355007
2018-02-15 12:00:00+00:00,2275.863962903058
2018-02-15 13:00:00+00:00,2304.4165050305623
2018-02-15 14:00:00+00:00,2336.840914831825
2018-02-15 15:00:00+00:00,2370.1389768261406
2018-02-15 16:00:00+00:00,2440.984227390074
2018-02-15 17:00:00+00:00,2593.5258858702937
2018-02-15 18:00:00+00:00,2803.6293104337096
2018-02-15 19:00:00+00:00,2799.181626541803
2018-02-15 20:00:00+00:00,2708.718913097497
2018-02-15 21:00:00+00:00,2464.91038404073
2018-02-15 22:00:00+00:00,2180.55645093364
2018-02-15 23:00:00+00:00,1955.0747621993253
2018-02-16 00:00:00+00:00,1782.568165534679
2018-02-16 01:00:00+00:00,1669.2912164126938
2018-02-16 02:00:00+00:00,1584.586665149874
2018-02-16 03:00:00+00:00,1557.3843127752693
2018-02-16 04:00:00+00:00,1571.481882254079
2018-02-16 05:00:00+00:00,1675.0295228625193
2018-02-16 06:00:00+00:00,1895.8252589250042
2018-02-16 07:00:00+00:00,2109.4729315897825
2018-02-16 08:00:00+00:00,2203.340903013829
2018-02-16 09:00:00+00:00,2206.210056238742
2018-02-16 10:00:00+00:00,2193.4031093178514
2018-02-16 11:00:00+00:00,2221.498969617169
2018-02-16 12:00:00+00:00,2262.7591800072632
2018-02-16 13:00:00+00:00,2286.2782941588825
2018-02-16 14:00:00+00:00,2336.840914831825
2018-02-16 15:00:00+00:00,2382.945923747031
2018-02-16 16:00:00+00:00,2451.4680537067106
2018-02-16 17:00:00+00:00,2615.6848824031836
2018-02-16 18:00:00+00:00,2851.2830664184185
2018-02-16 19:00:00+00:00,2858.1531495728805
2018-02-16 20:00:00+00:00,2765.3077483293396
2018-02-16 21:00:00+00:00,2521.2609504926486
2018-02-16 22:00:00+00:00,2246.1994998025766
2018-02-16 23:00:00+00:00,2019.8838703385302
2018-02-17 00:00:00+00:00,1717.8946720427148
2018-02-17 01:00:00+00:00,1608.669284966013
2018-02-17 02:00:00+00:00,1526.9856839966485
2018-02-17 03:00:00+00:00,1493.239378860102
2018-02-17 04:00:00+00:00,1499.5639257871976
2018-02-17 05:00:00+00:00,1607.635198461145
2018-02-17 06:00:00+00:00,1852.3074518451347
2018-02-17 07:00:00+00:00,2101.411504535703
2018-02-17 08:00:00+00:00,2216.268969897847
2018-02-17 09:00:00+00:00,2230.432261848453
2018-02-17 10:00:00+00:00,2228.050169721167
2018-02-17 11:00:00+00:00,2261.187102453059
2018-02-17 12:00:00+00:00,2309.115165370655
2018-02-17 13:00:00+00:00,2314.202501657998
2018-02-17 14:00:00+00:00,2320.951762685307
2018-02-17 15:00:00+00:00,2344.7726839581637
2018-02-17 16:00:00+00:00,2416.364708589841
2018-02-17 17:00:00+00:00,2569.1140580232277
2018-02-17 18:00:00+00:00,2770.797858133411
2018-02-17 19:00:00+00:00,2745.8320553730223
2018-02-17 20:00:00+00:00,2640.1521077415823
2018-02-17 21:00:00+00:00,2394.796618631162
2018-02-17 22:00:00+00:00,2118.4370002051396
2018-02-17 23:00:00+00:00,1895.4436317624936
2018-02-18 00:00:00+00:00,1728.1986054305085
2018-02-18 01:00:00+00:00,1613.4888667119162
2018-02-18 02:00:00+00:00,1526.9856839966485
2018-02-18 03:00:00+00:00,1493.239378860102
2018-02-18 04:00:00+00:00,1511.7513738802872
2018-02-18 05:00:00+00:00,1634.2259943006125
2018-02-18 06:00:00+00:00,1885.2689591878084
2018-02-18 07:00:00+00:00,2128.0023003751708
2018-02-18 08:00:00+00:00,2225.6865434243255
2018-02-18 09:00:00+00:00,2220.9038933393103
2018-02-18 10:00:00+00:00,2201.847156321025
2018-02-18 11:00:00+00:00,2225.0402393587833
2018-02-18 12:00:00+00:00,2260.3653729982975
2018-02-18 13:00:00+00:00,2258.7773115801074
2018-02-18 14:00:00+00:00,2273.3099201395944
2018-02-18 15:00:00+00:00,2309.0413020488786
2018-02-18 16:00:00+00:00,2387.1148331664267
2018-02-18 17:00:00+00:00,2548.50619124764
2018-02-18 18:00:00+00:00,2759.7183598669667
2018-02-18 19:00:00+00:00,2740.347703731132
2018-02-18 20:00:00+00:00,2629.6265843884594
2018-02-18 21:00:00+00:00,2378.1219737401625
2018-02-18 22:00:00+00:00,2101.5961628401437
2018-02-18 23:00:00+00:00,1882.259028825424
2018-02-19 00:00:00+00:00,1845.3519890445334
2018-02-19 01:00:00+00:00,1722.8421247005106
2018-02-19 02:00:00+00:00,1632.0915031471307
2018-02-19 03:00:00+00:00,1599.2004836518513
2018-02-19 04:00:00+00:00,1615.710524527387
2018-02-19 05:00:00+00:00,1734.0010458935967
2018-02-19 06:00:00+00:00,1970.8799246009207
2018-02-19 07:00:00+00:00,2188.1016289645527
2018-02-19 08:00:00+00:00,2271.694259254396
2018-02-19 09:00:00+00:00,2267.6834014590163
2018-02-19 10:00:00+00:00,2252.3150651539477
2018-02-19 11:00:00+00:00,2278.504775213877
2018-02-19 12:00:00+00:00,2320.420224748761
2018-02-19 13:00:00+00:00,2327.7370618655796
2018-02-19 14:00:00+00:00,2352.209251136894
2018-02-19 15:00:00+00:00,2380.3845343628527
2018-02-19 16:00:00+00:00,2446.226140548393
2018-02-19 17:00:00+00:00,2601.8355095701277
2018-02-19 18:00:00+00:00,2818.521109178931
2018-02-19 19:00:00+00:00,2813.9245072995727
2018-02-19 20:00:00+00:00,2731.354447190234
2018-02-19 21:00:00+00:00,2500.769835419224
2018-02-19 22:00:00+00:00,2221.300412300566
2018-02-19 23:00:00+00:00,1993.5551701569782
2018-02-20 00:00:00+00:00,1821.3464094672363
2018-02-20 01:00:00+00:00,1710.7499841193903
2018-02-20 02:00:00+00:00,1630.4534052851561
2018-02-20 03:00:00+00:00,1599.2004836518513
2018-02-20 04:00:00+00:00,1587.8628608738227
2018-02-20 05:00:00+00:00,1673.2425070130928
2018-02-20 06:00:00+00:00,1885.400999803349
2018-02-20 07:00:00+00:00,2090.411429195899
2018-02-20 08:00:00+00:00,2190.682874080391
2018-02-20 09:00:00+00:00,2203.6486668545635
2018-02-20 10:00:00+00:00,2206.210056238742
2018-02-20 11:00:00+00:00,2244.8195264521864
2018-02-20 12:00:00+00:00,2294.210658957171
2018-02-20 13:00:00+00:00,2312.1900239755687
2018-02-20 14:00:00+00:00,2352.209251136894
2018-02-20 15:00:00+00:00,2398.3142600520996
2018-02-20 16:00:00+00:00,2469.8147497608234
2018-02-20 17:00:00+00:00,2623.9945061030176
2018-02-20 18:00:00+00:00,2845.32634692033
2018-02-20 19:00:00+00:00,2846.358844966665
2018-02-20 20:00:00+00:00,2756.8194230445633
2018-02-20 21:00:00+00:00,2511.0153929559365
2018-02-20 22:00:00+00:00,2223.56396570984
2018-02-20 23:00:00+00:00,1993.5551701569782
2018-02-21 00:00:00+00:00,1819.4998264228286
2018-02-21 01:00:00+00:00,1703.8401895016077
2018-02-21 02:00:00+00:00,1615.710524527387
2018-02-21 03:00:00+00:00,1576.6840839490767
2018-02-21 04:00:00+00:00,1573.1199801160533
2018-02-21 05:00:00+00:00,1669.6684753142395
2018-02-21 06:00:00+00:00,1906.249518046659
2018-02-21 07:00:00+00:00,2152.3613119760207
2018-02-21 08:00:00+00:00,2274.2258650410836
2018-02-21 09:00:00+00:00,2290.735905916619
2018-02-21 10:00:00+00:00,2275.3675696115506
2018-02-21 11:00:00+00:00,2283.6871211772145
2018-02-21 12:00:00+00:00,2307.3154418529657
2018-02-21 13:00:00+00:00,2325.145888883911
2018-02-21 14:00:00+00:00,2372.7003662103184
2018-02-21 15:00:00+00:00,2403.4370388204557
2018-02-21 16:00:00+00:00,2446.226140548393
2018-02-21 17:00:00+00:00,2576.906638470627
2018-02-21 18:00:00+00:00,2779.8024324413554
2018-02-21 19:00:00+00:00,2766.7472888747106
2018-02-21 20:00:00+00:00,2674.765611958392
2018-02-21 21:00:00+00:00,2436.735100814771
2018-02-21 22:00:00+00:00,2162.448023659451
2018-02-21 23:00:00+00:00,1938.8724851645247
2018-02-22 00:00:00+00:00,1769.642084223827
2018-02-22 01:00:00+00:00,1658.9265244860198
2018-02-22 02:00:00+00:00,1578.0342737019764
2018-02-22 03:00:00+00:00,1546.126112923882
2018-02-22 04:00:00+00:00,1550.1866100484121
2018-02-22 05:00:00+00:00,1641.0762217234142
2018-02-22 06:00:00+00:00,1858.297926087046
2018-02-22 07:00:00+00:00,2085.6460535974284
2018-02-22 08:00:00+00:00,2198.2776914404535
2018-02-22 09:00:00+00:00,2211.332835007098
2018-02-22 10:00:00+00:00,2201.0872774703857
2018-02-22 11:00:00+00:00,2226.6813155805066
2018-02-22 12:00:00+00:00,2262.7591800072632
2018-02-22 13:00:00+00:00,2270.7312562688717
2018-02-22 14:00:00+00:00,2316.3497997584
2018-02-22 15:00:00+00:00,2377.8231449786754
2018-02-22 16:00:00+00:00,2448.8470971275515
2018-02-22 17:00:00+00:00,2587.9861367370713
2018-02-22 18:00:00+00:00,2782.780792190399
2018-02-22 19:00:00+00:00,2760.850136571603
2018-02-22 20:00:00+00:00,2666.2772866736163
2018-02-22 21:00:00+00:00,2431.612322046415
2018-02-22 22:00:00+00:00,2162.448023659451
2018-02-22 23:00:00+00:00,1946.9736236819253
2018-02-23 00:00:00+00:00,1778.874999445864
2018-02-23 01:00:00+00:00,1665.8363191038027
2018-02-23 02:00:00+00:00,1582.9485672878996
2018-02-23 03:00:00+00:00,1552.5593699818173
2018-02-23 04:00:00+00:00,1563.2913929442072
2018-02-23 05:00:00+00:00,1667.8814594648131
2018-02-23 06:00:00+00:00,1897.9101107493352
2018-02-23 07:00:00+00:00,2123.7690583851954
2018-02-23 08:00:00+00:00,2223.59374930733
2018-02-23 09:00:00+00:00,2239.508118233057
2018-02-23 10:00:00+00:00,2247.192286385591
2018-02-23 11:00:00+00:00,2286.2782941588825
2018-02-23 12:00:00+00:00,2328.283094486238
2018-02-23 13:00:00+00:00,2332.9194078289165
2018-02-23 14:00:00+00:00,2362.4548086736063
2018-02-23 15:00:00+00:00,2413.6825963571687
2018-02-23 16:00:00+00:00,2498.6452721315723
2018-02-23 17:00:00+00:00,2657.2330009023517
2018-02-23 18:00:00+00:00,2869.153224912684
2018-02-23 19:00:00+00:00,2843.4102688151115
2018-02-23 20:00:00+00:00,2722.8661219054575
2018-02-23 21:00:00+00:00,2462.3489946565523
2018-02-23 22:00:00+00:00,2180.55645093364
2018-02-23 23:00:00+00:00,1953.0494775699758
2018-02-24 00:00:00+00:00,1659.5057161785505
2018-02-24 01:00:00+00:00,1563.6865220042469
2018-02-24 02:00:00+00:00,1498.0404947755615
2018-02-24 03:00:00+00:00,1469.3076626045813
2018-02-24 04:00:00+00:00,1472.1421675777467
2018-02-24 05:00:00+00:00,1569.4109294419102
2018-02-24 06:00:00+00:00,1786.384437159788
2018-02-24 07:00:00+00:00,2001.6960201376996
2018-02-24 08:00:00+00:00,2098.549300816871
2018-02-24 09:00:00+00:00,2108.945563356885
2018-02-24 10:00:00+00:00,2104.1813791023137
2018-02-24 11:00:00+00:00,2135.8779770595684
2018-02-24 12:00:00+00:00,2177.4907259652905
2018-02-24 13:00:00+00:00,2188.893376264507
2018-02-24 14:00:00+00:00,2230.432261848453
2018-02-24 15:00:00+00:00,2292.3666571578797
2018-02-24 16:00:00+00:00,2365.177426598866
2018-02-24 17:00:00+00:00,2504.714474349517
2018-02-24 18:00:00+00:00,2696.0112448349087
2018-02-24 19:00:00+00:00,2688.2463631331752
2018-02-24 20:00:00+00:00,2600.6813951673726
2018-02-24 21:00:00+00:00,2370.9756973583053
2018-02-24 22:00:00+00:00,2101.5961628401437
2018-02-24 23:00:00+00:00,1884.1425435307199
2018-02-25 00:00:00+00:00,1719.6119942740138
2018-02-25 01:00:00+00:00,1611.882339463282
2018-02-25 02:00:00+00:00,1531.555977031557
2018-02-25 03:00:00+00:00,1497.7265756580123
2018-02-25 04:00:00+00:00,1482.8061846591997
2018-02-25 05:00:00+00:00,1551.1297573022764
2018-02-25 06:00:00+00:00,1739.8505444407197
2018-02-25 07:00:00+00:00,1930.7872312324525
2018-02-25 08:00:00+00:00,2027.9174993682855
2018-02-25 09:00:00+00:00,2039.864891665602
2018-02-25 10:00:00+00:00,2035.1007074110307
2018-02-25 11:00:00+00:00,2063.5842508710157
2018-02-25 12:00:00+00:00,2109.24101664399
2018-02-25 13:00:00+00:00,2119.0094409489056
2018-02-25 14:00:00+00:00,2151.823221648027
2018-02-25 15:00:00+00:00,2208.9934327028823
2018-02-25 16:00:00+00:00,2292.05273804033
2018-02-25 17:00:00+00:00,2437.7389073288573
2018-02-25 18:00:00+00:00,2626.7643806696287
2018-02-25 19:00:00+00:00,2605.9810885048228
2018-02-25 20:00:00+00:00,2511.2144466658306
2018-02-25 21:00:00+00:00,2280.4561965214516
2018-02-25 22:00:00+00:00,2021.602185356412
2018-02-25 23:00:00+00:00,1814.4524994347817
2018-02-26 00:00:00+00:00,1788.1079146679015
2018-02-26 01:00:00+00:00,1677.9284596849222
2018-02-26 02:00:00+00:00,1592.7771544597458
2018-02-26 03:00:00+00:00,1554.1676842463016
2018-02-26 04:00:00+00:00,1551.8247079103865
2018-02-26 05:00:00+00:00,1648.2242851211204
2018-02-26 06:00:00+00:00,1883.316147979018
2018-02-26 07:00:00+00:00,2119.0036827867243
2018-02-26 08:00:00+00:00,2228.656960880706
2018-02-26 09:00:00+00:00,2236.946728848879
2018-02-26 10:00:00+00:00,2226.7011713121665
2018-02-26 11:00:00+00:00,2255.1842183788604
2018-02-26 12:00:00+00:00,2296.83161553633
2018-02-26 13:00:00+00:00,2301.8253320488943
2018-02-26 14:00:00+00:00,2339.4023042160034
2018-02-26 15:00:00+00:00,2400.875649436278
2018-02-26 16:00:00+00:00,2485.540489235777
2018-02-26 17:00:00+00:00,2648.923377202518
2018-02-26 18:00:00+00:00,2863.1965054145953
2018-02-26 19:00:00+00:00,2837.5131165120033
2018-02-26 20:00:00+00:00,2717.2072383822738
2018-02-26 21:00:00+00:00,2464.91038404073
2018-02-26 22:00:00+00:00,2189.610664570735
2018-02-26 23:00:00+00:00,1975.3276084928268
2018-02-27 00:00:00+00:00,1812.1134942451988
2018-02-27 01:00:00+00:00,1696.930394883825
2018-02-27 02:00:00+00:00,1605.8819373555411
2018-02-27 03:00:00+00:00,1565.4258840976886
2018-02-27 04:00:00+00:00,1566.567588668156
2018-02-27 05:00:00+00:00,1676.8165387119457
2018-02-27 06:00:00+00:00,1931.2677399386314
2018-02-27 07:00:00+00:00,2188.1016289645527
2018-02-27 08:00:00+00:00,2307.136740268023
2018-02-27 09:00:00+00:00,2321.472578526757
2018-02-27 10:00:00+00:00,2313.788410374222
2018-02-27 11:00:00+00:00,2343.284099755591
2018-02-27 12:00:00+00:00,2383.3231826485767
2018-02-27 13:00:00+00:00,2384.7428674622874
2018-02-27 14:00:00+00:00,2413.6825963571687
2018-02-27 15:00:00+00:00,2470.0331628090867
2018-02-27 16:00:00+00:00,2556.30631687307
2018-02-27 17:00:00+00:00,2715.400366801188
2018-02-27 18:00:00+00:00,2931.698779642615
2018-02-27 19:00:00+00:00,2914.176096452404
2018-02-27 20:00:00+00:00,2810.5788165148124
2018-02-27 21:00:00+00:00,2557.120401871142
2018-02-27 22:00:00+00:00,2275.625694123134
2018-02-27 23:00:00+00:00,2050.263139778782
2018-02-28 00:00:00+00:00,1876.74390079946
2018-02-28 01:00:00+00:00,1753.936200480533
2018-02-28 02:00:00+00:00,1656.6629710767463
2018-02-28 03:00:00+00:00,1613.6753120322066
2018-02-28 04:00:00+00:00,1617.3486223893615
2018-02-28 05:00:00+00:00,1712.5568557004774
2018-02-28 06:00:00+00:00,1931.2677399386314
2018-02-28 07:00:00+00:00,2152.3613119760207
2018-02-28 08:00:00+00:00,2246.3782013875193
2018-02-28 09:00:00+00:00,2242.069507617235
2018-02-28 10:00:00+00:00,2226.7011713121665
2018-02-28 11:00:00+00:00,2247.4106994338545
2018-02-28 12:00:00+00:00,2281.105876061376
2018-02-28 13:00:00+00:00,2288.8694671405515
2018-02-28 14:00:00+00:00,2334.279525447647
2018-02-28 15:00:00+00:00,2403.4370388204557
2018-02-28 16:00:00+00:00,2496.0243155524136
2018-02-28 17:00:00+00:00,2660.002875468963
2018-02-28 18:00:00+00:00,2884.045023657906
2018-02-28 19:00:00+00:00,2872.89603033065
2018-02-28 20:00:00+00:00,2773.796073614116
2018-02-28 21:00:00+00:00,2518.6995611084703
2018-02-28 22:00:00+00:00,2223.56396570984
2018-02-28 23:00:00+00:00,1989.504600898278
2018-03-01 00:00:00+00:00,1817.6532433784212
2018-03-01 01:00:00+00:00,1703.8401895016077
2018-03-01 02:00:00+00:00,1615.710524527387
2018-03-01 03:00:00+00:00,1586.33396953598
2018-03-01 04:00:00+00:00,1586.2247630118484
2018-03-01 05:00:00+00:00,1671.455491163666
2018-03-01 06:00:00+00:00,1883.316147979018
2018-03-01 07:00:00+00:00,2092.7941169951346
2018-03-01 08:00:00+00:00,2188.1512682937027
2018-03-01 09:00:00+00:00,2188.2803305494954
2018-03-01 10:00:00+00:00,2175.4733836286046
2018-03-01 11:00:00+00:00,2200.769585763821
2018-03-01 12:00:00+00:00,2241.7915273739914
2018-03-01 13:00:00+00:00,2257.775391360529
2018-03-01 14:00:00+00:00,2313.788410374222
2018-03-01 15:00:00+00:00,2385.507313131209
2018-03-01 16:00:00+00:00,2472.4357063399825
2018-03-01 17:00:00+00:00,2632.304129802851
2018-03-01 18:00:00+00:00,2851.2830664184185
2018-03-01 19:00:00+00:00,2837.5131165120033
2018-03-01 20:00:00+00:00,2737.0133307134183
2018-03-01 21:00:00+00:00,2480.278720345799
2018-03-01 22:00:00+00:00,2191.8742179800083
2018-03-01 23:00:00+00:00,1959.1253314580258
2018-03-02 00:00:00+00:00,1780.7215824902717
2018-03-02 01:00:00+00:00,1662.3814217949111
2018-03-02 02:00:00+00:00,1573.1199801160533
2018-03-02 03:00:00+00:00,1538.084541601462
2018-03-02 04:00:00+00:00,1538.7199250145916
2018-03-02 05:00:00+00:00,1626.7800949280015
2018-03-02 06:00:00+00:00,1833.279704195073
2018-03-02 07:00:00+00:00,2037.9922976127195
2018-03-02 08:00:00+00:00,2132.4559409865747
2018-03-02 09:00:00+00:00,2137.052542865933
2018-03-02 10:00:00+00:00,2151.692324816709
2018-03-02 11:00:00+00:00,2176.712003012252
2018-03-02 12:00:00+00:00,2191.9933523699706
2018-03-02 13:00:00+00:00,2211.134277690495
2018-03-02 14:00:00+00:00,2262.5606226906602
2018-03-02 15:00:00+00:00,2329.1567466792903
2018-03-02 16:00:00+00:00,2409.532748440167
2018-03-02 17:00:00+00:00,2574.1367639040154
2018-03-02 18:00:00+00:00,2800.650950684665
2018-03-02 19:00:00+00:00,2796.2330503902494
2018-03-02 20:00:00+00:00,2688.912820766353
2018-03-02 21:00:00+00:00,2431.612322046415
2018-03-02 22:00:00+00:00,2146.603149794535
2018-03-02 23:00:00+00:00,1914.5690696123231
2018-03-03 00:00:00+00:00,1620.0073048586748
2018-03-03 01:00:00+00:00,1510.6711227993087
2018-03-03 02:00:00+00:00,1429.486099251934
2018-03-03 03:00:00+00:00,1399.008246103989
2018-03-03 04:00:00+00:00,1397.4940480075747
2018-03-03 05:00:00+00:00,1474.681219263807
2018-03-03 06:00:00+00:00,1660.3551443789781
2018-03-03 07:00:00+00:00,1848.798944060761
2018-03-03 08:00:00+00:00,2019.9684324903387
2018-03-03 09:00:00+00:00,2081.059308787076
2018-03-03 10:00:00+00:00,2097.056398128583
2018-03-03 11:00:00+00:00,2105.2576728427393
2018-03-03 12:00:00+00:00,2085.8050644316545
2018-03-03 13:00:00+00:00,2032.256969522643
2018-03-03 14:00:00+00:00,2080.3604578294576
2018-03-03 15:00:00+00:00,2125.620208247885
2018-03-03 16:00:00+00:00,2194.5531532956156
2018-03-03 17:00:00+00:00,2332.1235901039727
2018-03-03 18:00:00+00:00,2524.2790217050133
2018-03-03 19:00:00+00:00,2518.23146223458
2018-03-03 20:00:00+00:00,2432.273021517411
2018-03-03 21:00:00+00:00,2213.757616957453
2018-03-03 22:00:00+00:00,1960.5541499083006
2018-03-03 23:00:00+00:00,1759.8305729812087
2018-03-04 00:00:00+00:00,1606.2687270082833
2018-03-04 01:00:00+00:00,1504.2450138047702
2018-03-04 02:00:00+00:00,1426.4392372286616
2018-03-04 03:00:00+00:00,1394.5210493060788
2018-03-04 04:00:00+00:00,1389.8768929493938
2018-03-04 05:00:00+00:00,1463.04774608404
2018-03-04 06:00:00+00:00,1646.7827590025834
2018-03-04 07:00:00+00:00,1876.3450710893458
2018-03-04 08:00:00+00:00,2051.5905858398305
2018-03-04 09:00:00+00:00,2113.0534874700907
2018-03-04 10:00:00+00:00,2123.7182136977617
2018-03-04 11:00:00+00:00,2137.6238768592775
2018-03-04 12:00:00+00:00,2118.543293781716
2018-03-04 13:00:00+00:00,2012.978642539029
2018-03-04 14:00:00+00:00,2063.685812938458
2018-03-04 15:00:00+00:00,2108.945563356885
2018-03-04 16:00:00+00:00,2162.8657882535836
2018-03-04 17:00:00+00:00,2296.059823246695
2018-03-04 18:00:00+00:00,2493.8104014722903
2018-03-04 19:00:00+00:00,2499.0362314879635
2018-03-04 20:00:00+00:00,2427.01025984085
2018-03-04 21:00:00+00:00,2216.139709084739
2018-03-04 22:00:00+00:00,1973.184777932048
2018-03-04 23:00:00+00:00,1776.7822053288696
2018-03-05 00:00:00+00:00,1749.3296707353445
2018-03-05 01:00:00+00:00,1641.6520379415629
2018-03-05 02:00:00+00:00,1561.653295082233
2018-03-05 03:00:00+00:00,1520.3930846921392
2018-03-05 04:00:00+00:00,1491.2150870173348
2018-03-05 05:00:00+00:00,1546.364381703805
2018-03-05 06:00:00+00:00,1742.043504746571
2018-03-05 07:00:00+00:00,2113.5818829408254
2018-03-05 08:00:00+00:00,2302.3512763405606
2018-03-05 09:00:00+00:00,2358.1063808361573
2018-03-05 10:00:00+00:00,2358.1063808361573
2018-03-05 11:00:00+00:00,2373.9254325037023
2018-03-05 12:00:00+00:00,2354.275402193744
2018-03-05 13:00:00+00:00,2223.115162892593
2018-03-05 14:00:00+00:00,2198.5258880862075
2018-03-05 15:00:00+00:00,2277.9289589957284
2018-03-05 16:00:00+00:00,2364.976486594464
2018-03-05 17:00:00+00:00,2532.5886454048473
2018-03-05 18:00:00+00:00,2755.975554449001
2018-03-05 19:00:00+00:00,2760.850136571603
2018-03-05 20:00:00+00:00,2669.1067284352084
2018-03-05 21:00:00+00:00,2426.489543278059
2018-03-05 22:00:00+00:00,2146.603149794535
2018-03-05 23:00:00+00:00,1918.6196388710232
2018-03-06 00:00:00+00:00,1745.6365046465298
2018-03-06 01:00:00+00:00,1631.2873460148887
2018-03-06 02:00:00+00:00,1545.2723164624895
2018-03-06 03:00:00+00:00,1501.093313518332
2018-03-06 04:00:00+00:00,1471.5579126736425
2018-03-06 05:00:00+00:00,1530.2812390589659
2018-03-06 06:00:00+00:00,1798.0473183952583
2018-03-06 07:00:00+00:00,2193.587331010379
2018-03-06 08:00:00+00:00,2387.3570649144617
2018-03-06 09:00:00+00:00,2432.644789954292
2018-03-06 10:00:00+00:00,2432.644789954292
2018-03-06 11:00:00+00:00,2449.330567309256
2018-03-06 12:00:00+00:00,2424.6801964949514
2018-03-06 13:00:00+00:00,2269.5183227729344
2018-03-06 14:00:00+00:00,2185.7189411653167
2018-03-06 15:00:00+00:00,2272.8061802273724
2018-03-06 16:00:00+00:00,2359.7345734361456
2018-03-06 17:00:00+00:00,2515.9693980051798
2018-03-06 18:00:00+00:00,2726.1919569585575
2018-03-06 19:00:00+00:00,2722.518646601403
2018-03-06 20:00:00+00:00,2629.494543772919
2018-03-06 21:00:00+00:00,2390.6300918995657
2018-03-06 22:00:00+00:00,2121.7040622925247
2018-03-06 23:00:00+00:00,1904.4426464655726
2018-03-07 00:00:00+00:00,1740.0967555133075
2018-03-07 01:00:00+00:00,1631.2873460148887
2018-03-07 02:00:00+00:00,1551.8247079103865
2018-03-07 03:00:00+00:00,1517.1764561631715
2018-03-07 04:00:00+00:00,1501.043674189181
2018-03-07 05:00:00+00:00,1564.234540198071
2018-03-07 06:00:00+00:00,1749.885631221833
2018-03-07 07:00:00+00:00,2092.2470967889444
2018-03-07 08:00:00+00:00,2296.6842237689675
2018-03-07 09:00:00+00:00,2352.3726570578397
2018-03-07 10:00:00+00:00,2346.6389332795216
2018-03-07 11:00:00+00:00,2350.723852563531
2018-03-07 12:00:00+00:00,2319.0730050431407
2018-03-07 13:00:00+00:00,2182.5123979972946
2018-03-07 14:00:00+00:00,2219.017003159632
2018-03-07 15:00:00+00:00,2293.2972953007975
2018-03-07 16:00:00+00:00,2364.976486594464
2018-03-07 17:00:00+00:00,2502.1200251721243
2018-03-07 18:00:00+00:00,2690.451639970026
2018-03-07 19:00:00+00:00,2666.4956997218787
2018-03-07 20:00:00+00:00,2564.417383256301
2018-03-07 21:00:00+00:00,2331.718136063469
2018-03-07 22:00:00+00:00,2065.1152270606826
2018-03-07 23:00:00+00:00,1853.8105307318192
2018-03-08 00:00:00+00:00,1697.6253454919354
2018-03-08 01:00:00+00:00,1596.7383729259743
2018-03-08 02:00:00+00:00,1522.3389463948479
2018-03-08 03:00:00+00:00,1489.8351136669442
2018-03-08 04:00:00+00:00,1465.0055212257448
2018-03-08 05:00:00+00:00,1512.4110805647001
2018-03-08 06:00:00+00:00,1863.385100985394
2018-03-08 07:00:00+00:00,2278.926475617903
2018-03-08 08:00:00+00:00,2506.3651689179233
2018-03-08 09:00:00+00:00,2570.254160633924
2018-03-08 10:00:00+00:00,2575.9878844122427
2018-03-08 11:00:00+00:00,2576.939256980195
2018-03-08 12:00:00+00:00,2536.1544541385297
2018-03-08 13:00:00+00:00,2368.125037518659
2018-03-08 14:00:00+00:00,2142.175321634289
2018-03-08 15:00:00+00:00,2229.2625606963447
2018-03-08 16:00:00+00:00,2330.9040510653967
2018-03-08 17:00:00+00:00,2496.580276038901
2018-03-08 18:00:00+00:00,2714.2785179623797
2018-03-08 19:00:00+00:00,2719.5700704498486
2018-03-08 20:00:00+00:00,2637.982869057695
2018-03-08 21:00:00+00:00,2408.559817588812
2018-03-08 22:00:00+00:00,2146.603149794535
2018-03-08 23:00:00+00:00,1934.8219159058247
2018-03-09 00:00:00+00:00,1775.1818333570493
2018-03-09 01:00:00+00:00,1667.563767758248
2018-03-09 02:00:00+00:00,1586.2247630118484
2018-03-09 03:00:00+00:00,1544.5177986593978
2018-03-09 04:00:00+00:00,1533.8056314286682
2018-03-09 05:00:00+00:00,1621.4190473797219
2018-03-09 06:00:00+00:00,1843.7039633167287
2018-03-09 07:00:00+00:00,2066.584551203545
2018-03-09 08:00:00+00:00,2167.8984220002017
2018-03-09 09:00:00+00:00,2175.4733836286046
2018-03-09 10:00:00+00:00,2170.350604860248
2018-03-09 11:00:00+00:00,2203.3607587454894
2018-03-09 12:00:00+00:00,2257.5172668489454
2018-03-09 13:00:00+00:00,2275.9136022322086
2018-03-09 14:00:00+00:00,2316.3497997584
2018-03-09 15:00:00+00:00,2380.3845343628527
2018-03-09 16:00:00+00:00,2480.298576077459
2018-03-09 17:00:00+00:00,2657.2330009023517
2018-03-09 18:00:00+00:00,2892.9801029050386
2018-03-09 19:00:00+00:00,2890.587487239973
2018-03-09 20:00:00+00:00,2796.431607706852
2018-03-09 21:00:00+00:00,2549.4362337186076
2018-03-09 22:00:00+00:00,2264.3079270767657
2018-03-09 23:00:00+00:00,2032.0355781146307
2018-03-10 00:00:00+00:00,1726.4812831992094
2018-03-10 01:00:00+00:00,1611.882339463282
2018-03-10 02:00:00+00:00,1525.4622529850124
2018-03-10 03:00:00+00:00,1488.7521820621919
2018-03-10 04:00:00+00:00,1491.9467707290169
2018-03-10 05:00:00+00:00,1574.3967036618103
2018-03-10 06:00:00+00:00,1766.9953151935094
2018-03-10 07:00:00+00:00,1952.9462277653422
2018-03-10 08:00:00+00:00,2025.5631059866657
2018-03-10 09:00:00+00:00,2025.5723389018876
2018-03-10 10:00:00+00:00,2025.5723389018876
2018-03-10 11:00:00+00:00,2065.994041743967
2018-03-10 12:00:00+00:00,2118.990975118462
2018-03-10 13:00:00+00:00,2133.4681861866165
2018-03-10 14:00:00+00:00,2173.2620507935976
2018-03-10 15:00:00+00:00,2232.8143539757384
2018-03-10 16:00:00+00:00,2318.865123845126
2018-03-10 17:00:00+00:00,2476.3786575330837
2018-03-10 18:00:00+00:00,2687.701621135075
2018-03-10 19:00:00+00:00,2680.0198356703404
2018-03-10 20:00:00+00:00,2590.15587181425
2018-03-10 21:00:00+00:00,2354.301052467306
2018-03-10 22:00:00+00:00,2088.965534816397
2018-03-10 23:00:00+00:00,1876.6084847095372
2018-03-11 00:00:00+00:00,1717.8946720427148
2018-03-11 01:00:00+00:00,1615.0953939605506
2018-03-11 02:00:00+00:00,1537.6497010781018
2018-03-11 03:00:00+00:00,1499.222307923982
2018-03-11 04:00:00+00:00,1487.3764776941082
2018-03-11 05:00:00+00:00,1567.7490047019435
2018-03-11 06:00:00+00:00,1768.9342273901375
2018-03-11 07:00:00+00:00,1964.0257260317874
2018-03-11 08:00:00+00:00,2046.752646421241
2018-03-11 09:00:00+00:00,2047.011168047459
2018-03-11 10:00:00+00:00,2037.4827995383164
2018-03-11 11:00:00+00:00,2063.5842508710157
2018-03-11 12:00:00+00:00,2104.366037406755
2018-03-11 13:00:00+00:00,2114.1898592030025
2018-03-11 14:00:00+00:00,2158.969498029884
2018-03-11 15:00:00+00:00,2230.432261848453
2018-03-11 16:00:00+00:00,2318.865123845126
2018-03-11 17:00:00+00:00,2476.3786575330837
2018-03-11 18:00:00+00:00,2682.1618720018523
2018-03-11 19:00:00+00:00,2669.0511323865594
2018-03-11 20:00:00+00:00,2571.7362059462853
2018-03-11 21:00:00+00:00,2330.4801311944498
2018-03-11 22:00:00+00:00,2063.7042787689024
2018-03-11 23:00:00+00:00,1850.2392788353984
2018-03-12 00:00:00+00:00,1817.6532433784212
2018-03-12 01:00:00+00:00,1705.5676381560538
2018-03-12 02:00:00+00:00,1622.2629159752842
2018-03-12 03:00:00+00:00,1583.1173410070123
2018-03-12 04:00:00+00:00,1568.2056865301304
2018-03-12 05:00:00+00:00,1639.2892058739874
2018-03-12 06:00:00+00:00,1837.4494078437356
2018-03-12 07:00:00+00:00,2040.3749854119549
2018-03-12 08:00:00+00:00,2127.392729413199
2018-03-12 09:00:00+00:00,2157.4260485950267
2018-03-12 10:00:00+00:00,2191.828391264935
2018-03-12 11:00:00+00:00,2223.115162892593
2018-03-12 12:00:00+00:00,2213.4658135913296
2018-03-12 13:00:00+00:00,2185.2225478738096
2018-03-12 14:00:00+00:00,2247.192286385591
2018-03-12 15:00:00+00:00,2336.840914831825
2018-03-12 16:00:00+00:00,2435.7423142317566
2018-03-12 17:00:00+00:00,2599.065635003516
2018-03-12 18:00:00+00:00,2812.5643896808424
2018-03-12 19:00:00+00:00,2790.3358980871417
2018-03-12 20:00:00+00:00,2680.4244954815767
2018-03-12 21:00:00+00:00,2426.489543278059
2018-03-12 22:00:00+00:00,2146.603149794535
2018-03-12 23:00:00+00:00,1930.7713466471246
2018-03-13 00:00:00+00:00,1771.4886672682344
2018-03-13 01:00:00+00:00,1671.0186650671396
2018-03-13 02:00:00+00:00,1592.7771544597458
2018-03-13 03:00:00+00:00,1552.5593699818173
2018-03-13 04:00:00+00:00,1541.9961207385404
2018-03-13 05:00:00+00:00,1621.4190473797219
2018-03-13 06:00:00+00:00,1802.0069268301083
2018-03-13 07:00:00+00:00,1996.2405591054799
2018-03-13 08:00:00+00:00,2211.6784351950664
2018-03-13 09:00:00+00:00,2289.3016954963414
2018-03-13 10:00:00+00:00,2295.035419274659
2018-03-13 11:00:00+00:00,2281.1191127430197
2018-03-13 12:00:00+00:00,2225.1999459748645
2018-03-13 13:00:00+00:00,2195.5872398004835
2018-03-13 14:00:00+00:00,2254.8764545381255
2018-03-13 15:00:00+00:00,2331.718136063469
2018-03-13 16:00:00+00:00,2427.8794444942796
2018-03-13 17:00:00+00:00,2587.9861367370713
2018-03-13 18:00:00+00:00,2794.694231186576
2018-03-13 19:00:00+00:00,2772.6444411778184
2018-03-13 20:00:00+00:00,2660.6184031504317
2018-03-13 21:00:00+00:00,2408.559817588812
2018-03-13 22:00:00+00:00,2126.2311691110717
2018-03-13 23:00:00+00:00,1900.3920772068723
2018-03-14 00:00:00+00:00,1732.7104233356774
2018-03-14 01:00:00+00:00,1622.65010274266
2018-03-14 02:00:00+00:00,1538.7199250145916
2018-03-14 03:00:00+00:00,1499.484999253848
2018-03-14 04:00:00+00:00,1487.9388912933864
2018-03-14 05:00:00+00:00,1560.660508499218
2018-03-14 06:00:00+00:00,1747.8007793975019
2018-03-14 07:00:00+00:00,2086.9134002509745
2018-03-14 08:00:00+00:00,2279.6830660541873
2018-03-14 09:00:00+00:00,2329.437761944567
2018-03-14 10:00:00+00:00,2323.7040381662496
2018-03-14 11:00:00+00:00,2321.721877638318
2018-03-14 12:00:00+00:00,2295.604740276072
2018-03-14 13:00:00+00:00,2176.712003012252
2018-03-14 14:00:00+00:00,2213.8942243912757
2018-03-14 15:00:00+00:00,2300.9814634533313
2018-03-14 16:00:00+00:00,2396.4279655443715
2018-03-14 17:00:00+00:00,2554.747641937737
2018-03-14 18:00:00+00:00,2758.9539141980445
2018-03-14 19:00:00+00:00,2731.3643750560645
2018-03-14 20:00:00+00:00,2618.1767767265505
2018-03-14 21:00:00+00:00,2367.5775874419624
2018-03-14 22:00:00+00:00,2096.804974790514
2018-03-14 23:00:00+00:00,1878.1139462840208
2018-03-15 00:00:00+00:00,1710.5514268027878
2018-03-15 01:00:00+00:00,1600.1932702348656
2018-03-15 02:00:00+00:00,1517.4246528089247
2018-03-15 03:00:00+00:00,1486.6184851379764
2018-03-15 04:00:00+00:00,1489.5769891553603
2018-03-15 05:00:00+00:00,1567.808571896924
2018-03-15 06:00:00+00:00,1756.1401866948258
2018-03-15 07:00:00+00:00,2065.5786140990936
2018-03-15 08:00:00+00:00,2257.014855767814
2018-03-15 09:00:00+00:00,2306.5028668312953
2018-03-15 10:00:00+00:00,2295.035419274659
2018-03-15 11:00:00+00:00,2263.7179277878918
2018-03-15 12:00:00+00:00,2191.9933523699706
2018-03-15 13:00:00+00:00,2268.140083287203
2018-03-15 14:00:00+00:00,2352.209251136894
2018-03-15 15:00:00+00:00,2408.559817588812
2018-03-15 16:00:00+00:00,2469.8147497608234
2018-03-15 17:00:00+00:00,2599.065635003516
2018-03-15 18:00:00+00:00,2794.694231186576
2018-03-15 19:00:00+00:00,2781.4901696324805
2018-03-15 20:00:00+00:00,2683.253937243169
2018-03-15 21:00:00+00:00,2434.1737114305934
2018-03-15 22:00:00+00:00,2157.920916840904
2018-03-15 23:00:00+00:00,1938.8724851645247
2018-03-16 00:00:00+00:00,1769.642084223827
2018-03-16 01:00:00+00:00,1657.1990758315742
2018-03-16 02:00:00+00:00,1578.0342737019764
2018-03-16 03:00:00+00:00,1538.084541601462
2018-03-16 04:00:00+00:00,1522.3389463948479
2018-03-16 05:00:00+00:00,1603.5488888854559
2018-03-16 06:00:00+00:00,1818.6857414247563
2018-03-16 07:00:00+00:00,2040.3749854119549
2018-03-16 08:00:00+00:00,2145.1139699200126
2018-03-16 09:00:00+00:00,2162.666436707714
2018-03-16 10:00:00+00:00,2167.7892154760702
2018-03-16 11:00:00+00:00,2208.5431047088264
2018-03-16 12:00:00+00:00,2257.5172668489454
2018-03-16 13:00:00+00:00,2270.7312562688717
2018-03-16 14:00:00+00:00,2311.227020990044
2018-03-16 15:00:00+00:00,2385.507313131209
2018-03-16 16:00:00+00:00,2488.161445814936
2018-03-16 17:00:00+00:00,2665.5426246021852
2018-03-16 18:00:00+00:00,2895.958462654083
2018-03-16 19:00:00+00:00,2890.587487239973
2018-03-16 20:00:00+00:00,2790.7727241836683
2018-03-16 21:00:00+00:00,2536.6292867977168
2018-03-16 22:00:00+00:00,2246.1994998025766
2018-03-16 23:00:00+00:00,2011.7827318211293
2018-03-17 00:00:00+00:00,1705.8734164236223
2018-03-17 01:00:00+00:00,1594.2105397283026
2018-03-17 02:00:00+00:00,1514.7982359035593
2018-03-17 03:00:00+00:00,1479.777788466372
2018-03-17 04:00:00+00:00,1473.6655985893829
2018-03-17 05:00:00+00:00,1551.1297573022764
2018-03-17 06:00:00+00:00,1741.7894566373477
2018-03-17 07:00:00+00:00,1921.9236326192963
2018-03-17 08:00:00+00:00,1985.5384184991335
2018-03-17 09:00:00+00:00,1995.7414989657036
2018-03-17 10:00:00+00:00,2027.7356776487184
2018-03-17 11:00:00+00:00,2056.708366817932
2018-03-17 12:00:00+00:00,2058.5232066399367
2018-03-17 13:00:00+00:00,2027.4373877767393
2018-03-17 14:00:00+00:00,2082.742549956743
2018-03-17 15:00:00+00:00,2170.8799586663117
2018-03-17 16:00:00+00:00,2267.6778418541517
2018-03-17 17:00:00+00:00,2424.8589905941153
2018-03-17 18:00:00+00:00,2629.5342552362395
2018-03-17 19:00:00+00:00,2619.691967609548
2018-03-17 20:00:00+00:00,2524.3713508572337
2018-03-17 21:00:00+00:00,2287.6024729033084
2018-03-17 22:00:00+00:00,2025.812394697661
2018-03-17 23:00:00+00:00,1820.1030435506684
2018-03-18 00:00:00+00:00,1668.0923273350452
2018-03-18 01:00:00+00:00,1566.8995765015159
2018-03-18 02:00:00+00:00,1491.9467707290169
2018-03-18 03:00:00+00:00,1445.3759463490605
2018-03-18 04:00:00+00:00,1426.4392372286616
2018-03-18 05:00:00+00:00,1494.6243161434074
2018-03-18 06:00:00+00:00,1668.1107931654894
2018-03-18 07:00:00+00:00,1866.424395528721
2018-03-18 08:00:00+00:00,2083.2127391893214
2018-03-18 09:00:00+00:00,2171.7094817222837
2018-03-18 10:00:00+00:00,2209.036023519134
2018-03-18 11:00:00+00:00,2240.116856244981
2018-03-18 12:00:00+00:00,2244.039839623618
2018-03-18 13:00:00+00:00,2132.229509523188
2018-03-18 14:00:00+00:00,2013.6618782654596
2018-03-18 15:00:00+00:00,2085.124642084029
2018-03-18 16:00:00+00:00,2157.9908090163476
2018-03-18 17:00:00+00:00,2298.635806593643
2018-03-18 18:00:00+00:00,2491.0405269056796
2018-03-18 19:00:00+00:00,2482.5831765622934
2018-03-18 20:00:00+00:00,2398.0650706197625
2018-03-18 21:00:00+00:00,2189.936695684597
2018-03-18 22:00:00+00:00,1958.4490452376765
2018-03-18 23:00:00+00:00,1769.248146507687
2018-03-19 00:00:00+00:00,1743.7899216021221
2018-03-19 01:00:00+00:00,1638.1971406326709
2018-03-19 02:00:00+00:00,1556.7390014963098
2018-03-19 03:00:00+00:00,1509.1348848407513
2018-03-19 04:00:00+00:00,1481.3864998454887
2018-03-19 05:00:00+00:00,1541.0033341555254
2018-03-19 06:00:00+00:00,1788.7133494538102
2018-03-19 07:00:00+00:00,2225.589510238201
2018-03-19 08:00:00+00:00,2466.695800916769
2018-03-19 09:00:00+00:00,2547.3192655206526
2018-03-19 10:00:00+00:00,2564.5204368556065
2018-03-19 11:00:00+00:00,2588.5400469502797
2018-03-19 12:00:00+00:00,2583.0909836726682
2018-03-19 13:00:00+00:00,2449.330567309256
2018-03-19 14:00:00+00:00,2220.4970101565254
2018-03-19 15:00:00+00:00,2175.4733836286046
2018-03-19 16:00:00+00:00,2257.5172668489454
2018-03-19 17:00:00+00:00,2410.714164473954
2018-03-19 18:00:00+00:00,2624.927725491051
2018-03-19 19:00:00+00:00,2631.112785903233
2018-03-19 20:00:00+00:00,2555.9290579715243
2018-03-19 21:00:00+00:00,2334.279525447647
2018-03-19 22:00:00+00:00,2078.6965475163247
2018-03-19 23:00:00+00:00,1874.0633770253207
2018-03-20 00:00:00+00:00,1714.2445928916031
2018-03-20 01:00:00+00:00,1601.9207188893117
2018-03-20 02:00:00+00:00,1519.0627506708993
2018-03-20 03:00:00+00:00,1475.360285286589
2018-03-20 04:00:00+00:00,1453.5388361919242
2018-03-20 05:00:00+00:00,1517.77212811298
2018-03-20 06:00:00+00:00,1826.049225219602
2018-03-20 07:00:00+00:00,2225.589510238201
2018-03-20 08:00:00+00:00,2438.360538058803
2018-03-20 09:00:00+00:00,2501.4494752941077
2018-03-20 10:00:00+00:00,2495.71575151579
2018-03-20 11:00:00+00:00,2489.9333322045545
2018-03-20 12:00:00+00:00,2471.6167260290895
2018-03-20 13:00:00+00:00,2350.723852563531
2018-03-20 14:00:00+00:00,2139.613932250111
2018-03-20 15:00:00+00:00,2239.508118233057
2018-03-20 16:00:00+00:00,2341.387877382033
2018-03-20 17:00:00+00:00,2510.4296488719583
2018-03-20 18:00:00+00:00,2729.1703167076016
2018-03-20 19:00:00+00:00,2725.4672227529563
2018-03-20 20:00:00+00:00,2632.3239855345114
2018-03-20 21:00:00+00:00,2393.1914812837435
2018-03-20 22:00:00+00:00,2123.967615701798
2018-03-20 23:00:00+00:00,1910.5185003536233
2018-03-21 00:00:00+00:00,1753.0228368241599
2018-03-21 01:00:00+00:00,1653.744178522683
2018-03-21 02:00:00+00:00,1582.9485672878996
2018-03-21 03:00:00+00:00,1538.084541601462
2018-03-21 04:00:00+00:00,1507.5960656370785
2018-03-21 05:00:00+00:00,1571.3826035957773
2018-03-21 06:00:00+00:00,1760.309890343488
2018-03-21 07:00:00+00:00,2054.911221023153
2018-03-21 08:00:00+00:00,2274.0160134825933
2018-03-21 09:00:00+00:00,2363.840104614476
2018-03-21 10:00:00+00:00,2398.2424472843836
2018-03-21 11:00:00+00:00,2431.929382354129
2018-03-21 12:00:00+00:00,2436.4143288784862
2018-03-21 13:00:00+00:00,2327.5222726233605
2018-03-21 14:00:00+00:00,2149.8594897868234
2018-03-21 15:00:00+00:00,2249.7536757697694
2018-03-21 16:00:00+00:00,2354.492660277828
2018-03-21 17:00:00+00:00,2521.5091471384026
2018-03-21 18:00:00+00:00,2741.0837557037794
2018-03-21 19:00:00+00:00,2740.2101035107257
2018-03-21 20:00:00+00:00,2652.1300778656555
2018-03-21 21:00:00+00:00,2418.8053751255243
2018-03-21 22:00:00+00:00,2146.603149794535
2018-03-21 23:00:00+00:00,1928.7460620177742
2018-03-22 00:00:00+00:00,1762.255752046197
2018-03-22 01:00:00+00:00,1653.744178522683
2018-03-22 02:00:00+00:00,1571.481882254079
2018-03-22 03:00:00+00:00,1517.1764561631715
2018-03-22 04:00:00+00:00,1486.3007934314116
2018-03-22 05:00:00+00:00,1549.9384134026582
2018-03-22 06:00:00+00:00,1774.7123960416386
2018-03-22 07:00:00+00:00,2220.2558137002306
2018-03-22 08:00:00+00:00,2472.3628534883624
2018-03-22 09:00:00+00:00,2564.5204368556065
2018-03-22 10:00:00+00:00,2598.9227795255147
2018-03-22 11:00:00+00:00,2629.1428118455783
2018-03-22 12:00:00+00:00,2618.2933808232715
2018-03-22 13:00:00+00:00,2489.9333322045545
2018-03-22 14:00:00+00:00,2260.633076604751
2018-03-22 15:00:00+00:00,2154.98226855518
2018-03-22 16:00:00+00:00,2239.170570794832
2018-03-22 17:00:00+00:00,2396.864791640898
2018-03-22 18:00:00+00:00,2610.03592674583
2018-03-22 19:00:00+00:00,2613.42132899391
2018-03-22 20:00:00+00:00,2521.9757568324194
2018-03-22 21:00:00+00:00,2288.174516532441
2018-03-22 22:00:00+00:00,2024.3712656937562
2018-03-22 23:00:00+00:00,1811.2795535154664
2018-03-23 00:00:00+00:00,1653.3073524261565
2018-03-23 01:00:00+00:00,1555.2796052192778
2018-03-23 02:00:00+00:00,1489.5769891553603
2018-03-23 03:00:00+00:00,1456.060514112782
2018-03-23 04:00:00+00:00,1430.605466124283
2018-03-23 05:00:00+00:00,1497.18041932911
2018-03-23 06:00:00+00:00,1933.389868046254
2018-03-23 07:00:00+00:00,2369.599316763398
2018-03-23 08:00:00+00:00,2608.372115206604
2018-03-23 09:00:00+00:00,2684.928636200285
2018-03-23 10:00:00+00:00,2696.3960837569207
2018-03-23 11:00:00+00:00,2698.7475516660897
2018-03-23 12:00:00+00:00,2659.362844165643
2018-03-23 13:00:00+00:00,2524.7357021148105
2018-03-23 14:00:00+00:00,2335.1714857228853
2018-03-23 15:00:00+00:00,2197.562115043253
2018-03-23 16:00:00+00:00,2186.7514392116523
2018-03-23 17:00:00+00:00,2330.3878020422294
2018-03-23 18:00:00+00:00,2523.663494023544
2018-03-23 19:00:00+00:00,2510.221163689525
2018-03-23 20:00:00+00:00,2414.4569698919195
2018-03-23 21:00:00+00:00,2188.2803305494954
2018-03-23 22:00:00+00:00,1933.8291293228099
2018-03-23 23:00:00+00:00,1732.2934529708114
2018-03-24 00:00:00+00:00,1474.0349151982643
2018-03-24 01:00:00+00:00,1382.1489429085484
2018-03-24 02:00:00+00:00,1313.7053423675854
2018-03-24 03:00:00+00:00,1285.332593890265
2018-03-24 04:00:00+00:00,1293.9007392163155
2018-03-24 05:00:00+00:00,1388.2611327855373
2018-03-24 06:00:00+00:00,1663.503414992044
2018-03-24 07:00:00+00:00,1940.8294622334063
2018-03-24 08:00:00+00:00,2088.483098080903
2018-03-24 09:00:00+00:00,2129.0505768115977
2018-03-24 10:00:00+00:00,2118.385850583926
2018-03-24 11:00:00+00:00,2089.0745708344707
2018-03-24 12:00:00+00:00,2040.99130732269
2018-03-24 13:00:00+00:00,2080.452786981678
2018-03-24 14:00:00+00:00,2116.0918397387422
2018-03-24 15:00:00+00:00,2156.587405902598
2018-03-24 16:00:00+00:00,2228.6780079562654
2018-03-24 17:00:00+00:00,2368.1873569612503
2018-03-24 18:00:00+00:00,2557.5175165043484
2018-03-24 19:00:00+00:00,2542.911044623085
2018-03-24 20:00:00+00:00,2450.692687385376
2018-03-24 21:00:00+00:00,2230.432261848453
2018-03-24 22:00:00+00:00,1981.6051966145462
2018-03-24 23:00:00+00:00,1786.1997788553474
2018-03-25 00:00:00+00:00,1638.8978494029632
2018-03-25 01:00:00+00:00,1542.8016677719986
2018-03-25 02:00:00+00:00,1470.6187365661103
2018-03-25 03:00:00+00:00,1442.3844818171206
2018-03-25 04:00:00+00:00,1446.2438403799317
2018-03-25 05:00:00+00:00,1539.4962841225092
2018-03-25 06:00:00+00:00,1747.606193227231
2018-03-25 07:00:00+00:00,1941.8667294988975
2018-03-25 08:00:00+00:00,2011.4367456969487
2018-03-25 09:00:00+00:00,1989.8409569926032
2018-03-25 10:00:00+00:00,2049.065130104061
2018-03-25 11:00:00+00:00,2116.0464075149184
2018-03-25 12:00:00+00:00,2134.9124084567466
2018-03-25 13:00:00+00:00,2062.102734154022
2018-03-25 14:00:00+00:00,2023.1902467746022
2018-03-25 15:00:00+00:00,2104.1813791023137
2018-03-25 16:00:00+00:00,2204.3031117700866
2018-03-25 17:00:00+00:00,2360.459406920405
2018-03-25 18:00:00+00:00,2563.0572656375707
2018-03-25 19:00:00+00:00,2556.621923727811
2018-03-25 20:00:00+00:00,2466.4809724150596
2018-03-25 21:00:00+00:00,2244.724814612167
2018-03-25 22:00:00+00:00,1990.0256152970444
2018-03-25 23:00:00+00:00,1782.432749444756
2018-03-26 00:00:00+00:00,1751.1762537797522
2018-03-26 01:00:00+00:00,1638.1971406326709
2018-03-26 02:00:00+00:00,1555.1009036343353
2018-03-26 03:00:00+00:00,1505.9182563117834
2018-03-26 04:00:00+00:00,1486.3007934314116
2018-03-26 05:00:00+00:00,1549.9384134026582
2018-03-26 06:00:00+00:00,1774.7123960416386
2018-03-26 07:00:00+00:00,2209.58842062429
2018-03-26 08:00:00+00:00,2472.3628534883624
2018-03-26 09:00:00+00:00,2593.189055747196
2018-03-26 10:00:00+00:00,2656.260017308695
2018-03-26 11:00:00+00:00,2704.547946651133
2018-03-26 12:00:00+00:00,2712.1664398915477
2018-03-26 13:00:00+00:00,2588.5400469502797
2018-03-26 14:00:00+00:00,2335.1714857228853
2018-03-26 15:00:00+00:00,2139.613932250111
2018-03-26 16:00:00+00:00,2223.444831319878
2018-03-26 17:00:00+00:00,2358.0865477083416
2018-03-26 18:00:00+00:00,2550.4687317649436
2018-03-26 19:00:00+00:00,2548.5526536597245
2018-03-26 20:00:00+00:00,2459.7280380773927
2018-03-26 21:00:00+00:00,2234.385339464701
2018-03-26 22:00:00+00:00,1981.3637509175567
2018-03-26 23:00:00+00:00,1780.9002840752144
2018-03-27 00:00:00+00:00,1631.1483558932666
2018-03-27 01:00:00+00:00,1534.5502213659295
2018-03-27 02:00:00+00:00,1460.0912276398221
2018-03-27 03:00:00+00:00,1420.6776002941353
2018-03-27 04:00:00+00:00,1406.033998194668
2018-03-27 05:00:00+00:00,1521.182053749976
2018-03-27 06:00:00+00:00,1933.389868046254
2018-03-27 07:00:00+00:00,2348.2645306115164
2018-03-27 08:00:00+00:00,2574.369799777044
2018-03-27 09:00:00+00:00,2627.5913984171048
2018-03-27 10:00:00+00:00,2581.7216081905603
2018-03-27 11:00:00+00:00,2524.7357021148105
2018-03-27 12:00:00+00:00,2459.8825936455555
2018-03-27 13:00:00+00:00,2327.5222726233605
2018-03-27 14:00:00+00:00,2180.3609437082987
2018-03-27 15:00:00+00:00,2152.420879171001
2018-03-27 16:00:00+00:00,2226.0657878990373
2018-03-27 17:00:00+00:00,2369.1660459747864
2018-03-27 18:00:00+00:00,2559.4038110120764
2018-03-27 19:00:00+00:00,2542.6555013566167
2018-03-27 20:00:00+00:00,2445.5808292694323
2018-03-27 21:00:00+00:00,2213.8942243912757
2018-03-27 22:00:00+00:00,1963.2553236433673
2018-03-27 23:00:00+00:00,1760.647437781713
2018-03-28 00:00:00+00:00,1603.4496102271544
2018-03-28 01:00:00+00:00,1496.5463509681242
2018-03-28 02:00:00+00:00,1427.3292704003347
2018-03-28 03:00:00+00:00,1398.1612005913603
2018-03-28 04:00:00+00:00,1396.2054110228214
2018-03-28 05:00:00+00:00,1521.182053749976
2018-03-28 06:00:00+00:00,1947.3908214584255
2018-03-28 07:00:00+00:00,2412.2688890671598
2018-03-28 08:00:00+00:00,2653.7085357793508
2018-03-28 09:00:00+00:00,2719.3309788701927
2018-03-28 10:00:00+00:00,2736.532150205147
2018-03-28 11:00:00+00:00,2768.352291486602
2018-03-28 12:00:00+00:00,2759.1029694256863
2018-03-28 13:00:00+00:00,2629.1428118455783
2018-03-28 14:00:00+00:00,2449.8459612892457
2018-03-28 15:00:00+00:00,2312.2365906096134
2018-03-28 16:00:00+00:00,2289.7376740843047
2018-03-28 17:00:00+00:00,2376.433449988634
2018-03-28 18:00:00+00:00,2515.3020608992383
2018-03-28 19:00:00+00:00,2460.095369113109
2018-03-28 20:00:00+00:00,2377.6742269912224
2018-03-28 21:00:00+00:00,2170.350604860248
2018-03-28 22:00:00+00:00,1936.0926827320832
2018-03-28 23:00:00+00:00,1752.546299264313
2018-03-29 00:00:00+00:00,1621.9154406712294
2018-03-29 01:00:00+00:00,1536.277670020375
2018-03-29 02:00:00+00:00,1471.5579126736425
2018-03-29 03:00:00+00:00,1451.2355713193301
2018-03-29 04:00:00+00:00,1476.4722062595652
2018-03-29 05:00:00+00:00,1607.1229205843092
2018-03-29 06:00:00+00:00,1868.7221852087011
2018-03-29 07:00:00+00:00,2121.38637058596
2018-03-29 08:00:00+00:00,2228.656960880706
2018-03-29 09:00:00+00:00,2226.7011713121665
2018-03-29 10:00:00+00:00,2213.8942243912757
2018-03-29 11:00:00+00:00,2242.2283534705175
2018-03-29 12:00:00+00:00,2286.347789219694
2018-03-29 13:00:00+00:00,2294.0518131038884
2018-03-29 14:00:00+00:00,2311.227020990044
2018-03-29 15:00:00+00:00,2354.7706405210715
2018-03-29 16:00:00+00:00,2438.3632708109158
2018-03-29 17:00:00+00:00,2599.065635003516
2018-03-29 18:00:00+00:00,2818.521109178931
2018-03-29 19:00:00+00:00,2813.9245072995727
2018-03-29 20:00:00+00:00,2717.2072383822738
2018-03-29 21:00:00+00:00,2472.5945521932645
2018-03-29 22:00:00+00:00,2194.137771389282
2018-03-29 23:00:00+00:00,1971.2770392341267
2018-03-30 00:00:00+00:00,1802.880579023161
2018-03-30 01:00:00+00:00,1690.0206002660418
2018-03-30 02:00:00+00:00,1604.2438394935664
2018-03-30 03:00:00+00:00,1567.0341983621727
2018-03-30 04:00:00+00:00,1574.7580779780276
2018-03-30 05:00:00+00:00,1685.751617959079
2018-03-30 06:00:00+00:00,1925.0131844656385
2018-03-30 07:00:00+00:00,2154.7439997752563
2018-03-30 08:00:00+00:00,2251.4414129608945
2018-03-30 09:00:00+00:00,2249.7536757697694
2018-03-30 10:00:00+00:00,2231.8239500805225
2018-03-30 11:00:00+00:00,2252.5930453971914
2018-03-30 12:00:00+00:00,2291.5897023780117
2018-03-30 13:00:00+00:00,2296.6429860855574
2018-03-30 14:00:00+00:00,2316.3497997584
2018-03-30 15:00:00+00:00,2377.8231449786754
2018-03-30 16:00:00+00:00,2480.298576077459
2018-03-30 17:00:00+00:00,2651.6932517691293
2018-03-30 18:00:00+00:00,2878.0883041598167
2018-03-30 19:00:00+00:00,2866.9988780275426
2018-03-30 20:00:00+00:00,2753.989981282971
2018-03-30 21:00:00+00:00,2493.085667266689
2018-03-30 22:00:00+00:00,2207.7190918449237
2018-03-30 23:00:00+00:00,1981.4034623808773
2018-03-31 00:00:00+00:00,1686.982871879334
2018-03-31 01:00:00+00:00,1584.5713762364956
2018-03-31 02:00:00+00:00,1502.61078781047
2018-03-31 03:00:00+00:00,1464.8204658066713
2018-03-31 04:00:00+00:00,1464.525012519566
2018-03-31 05:00:00+00:00,1542.8201336024429
2018-03-31 06:00:00+00:00,1734.0338078508362
2018-03-31 07:00:00+00:00,1924.1395322725857
2018-03-31 08:00:00+00:00,1997.3103854072315
2018-03-31 09:00:00+00:00,1985.0767727380319
2018-03-31 10:00:00+00:00,2038.40040387639
2018-03-31 11:00:00+00:00,2094.4689381705603
2018-03-31 12:00:00+00:00,2113.0869222233723
2018-03-31 13:00:00+00:00,2045.9196321457532
2018-03-31 14:00:00+00:00,2020.8081546473165
2018-03-31 15:00:00+00:00,2101.7992869750283
2018-03-31 16:00:00+00:00,2209.178091007323
2018-03-31 17:00:00+00:00,2368.1873569612503
2018-03-31 18:00:00+00:00,2571.3668893374047
2018-03-31 19:00:00+00:00,2570.332802832536
2018-03-31 20:00:00+00:00,2490.163399959585
2018-03-31 21:00:00+00:00,2270.927828012309
2018-03-31 22:00:00+00:00,2021.602185356412
2018-03-31 23:00:00+00:00,1812.5689847294861
2018-04-01 00:00:00+00:00,1656.071071715953
2018-04-01 01:00:00+00:00,1549.2277767665364
2018-04-01 02:00:00+00:00,1463.0015815079298
2018-04-01 03:00:00+00:00,1421.4442300935398
2018-04-01 04:00:00+00:00,1415.7752201472085
2018-04-01 05:00:00+00:00,1492.9623914034407
2018-04-01 06:00:00+00:00,1673.9275297553731
2018-04-01 07:00:00+00:00,1848.798944060761
2018-04-01 08:00:00+00:00,2062.1313036229935
2018-04-01 09:00:00+00:00,2145.0476661531047
2018-04-01 10:00:00+00:00,2161.044755494612
2018-04-01 11:00:00+00:00,2169.9900808758152
2018-04-01 12:00:00+00:00,2184.0197524818386
2018-04-01 13:00:00+00:00,2126.835142187098
2018-04-01 14:00:00+00:00,1994.6051412471743
2018-04-01 15:00:00+00:00,2077.9783657021717
2018-04-01 16:00:00+00:00,2177.4907259652905
2018-04-01 17:00:00+00:00,2329.547606757024
2018-04-01 18:00:00+00:00,2527.048896271625
2018-04-01 19:00:00+00:00,2526.457989697414
2018-04-01 20:00:00+00:00,2445.429925708814
2018-04-01 21:00:00+00:00,2232.8143539757384
2018-04-01 22:00:00+00:00,1985.8154059557955
2018-04-01 23:00:00+00:00,1786.1997788553474
2018-04-02 00:00:00+00:00,1758.5625859573822
2018-04-02 01:00:00+00:00,1652.0167298682368
2018-04-02 02:00:00+00:00,1569.8437843921045
2018-04-02 03:00:00+00:00,1512.3515133697194
2018-04-02 04:00:00+00:00,1483.024597707463
2018-04-02 05:00:00+00:00,1544.5773658543783
2018-04-02 06:00:00+00:00,1788.7133494538102
2018-04-02 07:00:00+00:00,2193.587331010379
2018-04-02 08:00:00+00:00,2410.025275200835
2018-04-02 09:00:00+00:00,2489.982027737472
2018-04-02 10:00:00+00:00,2512.9169228507435
2018-04-02 11:00:00+00:00,2536.3364920848962
2018-04-02 12:00:00+00:00,2530.287387946763
2018-04-02 13:00:00+00:00,2426.1289873690857
2018-04-02 14:00:00+00:00,2220.4970101565254
2018-04-02 15:00:00+00:00,2190.8417199336727
2018-04-02 16:00:00+00:00,2294.210658957171
2018-04-02 17:00:00+00:00,2443.9526592732886
2018-04-02 18:00:00+00:00,2642.7978839853167
2018-04-02 19:00:00+00:00,2634.0613620547865
2018-04-02 20:00:00+00:00,2555.9290579715243
2018-04-02 21:00:00+00:00,2329.1567466792903
2018-04-02 22:00:00+00:00,2060.588120242135
2018-04-02 23:00:00+00:00,1841.6588229557183
2018-04-03 00:00:00+00:00,1682.8526811366755
2018-04-03 01:00:00+00:00,1577.7364377270721
2018-04-03 02:00:00+00:00,1499.405576327207
2018-04-03 03:00:00+00:00,1462.4937711707175
2018-04-03 04:00:00+00:00,1463.367423363771
2018-04-03 05:00:00+00:00,1551.725429252085
2018-04-03 06:00:00+00:00,1741.5462239245087
2018-04-03 07:00:00+00:00,2118.9155794787957
2018-04-03 08:00:00+00:00,2353.3547494849013
2018-04-03 09:00:00+00:00,2438.37851373261
2018-04-03 10:00:00+00:00,2415.443618619338
2018-04-03 11:00:00+00:00,2362.3246425336165
2018-04-03 12:00:00+00:00,2278.0035417007693
2018-04-03 13:00:00+00:00,2172.2666829654668
2018-04-03 14:00:00+00:00,2198.5258880862075
2018-04-03 15:00:00+00:00,2242.069507617235
2018-04-03 16:00:00+00:00,2333.525007644556
2018-04-03 17:00:00+00:00,2507.6597743053467
2018-04-03 18:00:00+00:00,2735.1270362056903
2018-04-03 19:00:00+00:00,2731.3643750560645
2018-04-03 20:00:00+00:00,2637.982869057695
2018-04-03 21:00:00+00:00,2405.998428204634
2018-04-03 22:00:00+00:00,2142.0760429759875
2018-04-03 23:00:00+00:00,1928.7460620177742
2018-04-04 00:00:00+00:00,1765.9489181350116
2018-04-04 01:00:00+00:00,1658.9265244860198
2018-04-04 02:00:00+00:00,1576.3961758400021
2018-04-04 03:00:00+00:00,1523.6097132211069
2018-04-04 04:00:00+00:00,1499.405576327207
2018-04-04 05:00:00+00:00,1569.5955877463507
2018-04-04 06:00:00+00:00,1756.1401866948258
2018-04-04 07:00:00+00:00,2092.2470967889444
2018-04-04 08:00:00+00:00,2336.353591770121
2018-04-04 09:00:00+00:00,2438.37851373261
2018-04-04 10:00:00+00:00,2478.5145801808358
2018-04-04 11:00:00+00:00,2507.3345171596825
2018-04-04 12:00:00+00:00,2500.9520569879264
2018-04-04 13:00:00+00:00,2402.9274074289156
2018-04-04 14:00:00+00:00,2266.3668003830694
2018-04-04 15:00:00+00:00,2151.692324816709
2018-04-04 16:00:00+00:00,2207.7190918449237
2018-04-04 17:00:00+00:00,2355.31667314173
2018-04-04 18:00:00+00:00,2553.4470915139873
2018-04-04 19:00:00+00:00,2545.604077508171
2018-04-04 20:00:00+00:00,2456.898596315801
2018-04-04 21:00:00+00:00,2234.385339464701
2018-04-04 22:00:00+00:00,1983.6273043268304
2018-04-04 23:00:00+00:00,1786.9761379632648
2018-04-05 00:00:00+00:00,1642.227854159711
2018-04-05 01:00:00+00:00,1548.3698106014954
2018-04-05 02:00:00+00:00,1476.4722062595652
2018-04-05 03:00:00+00:00,1448.0189427903622
2018-04-05 04:00:00+00:00,1451.90073832995
2018-04-05 05:00:00+00:00,1542.790350004952
2018-04-05 06:00:00+00:00,1751.970483046164
2018-04-05 07:00:00+00:00,2044.2438279472121
2018-04-05 08:00:00+00:00,2245.680750624627
2018-04-05 09:00:00+00:00,2295.035419274659
2018-04-05 10:00:00+00:00,2277.834247939705
2018-04-05 11:00:00+00:00,2269.5183227729344
2018-04-05 12:00:00+00:00,2272.1364755090026
2018-04-05 13:00:00+00:00,2199.913582952423
2018-04-05 14:00:00+00:00,2167.7892154760702
2018-04-05 15:00:00+00:00,2229.2625606963447
2018-04-05 16:00:00+00:00,2312.5573550112836
2018-04-05 17:00:00+00:00,2460.571906672956
2018-04-05 18:00:00+00:00,2660.668042479583
2018-04-05 19:00:00+00:00,2651.75281896411
2018-04-05 20:00:00+00:00,2567.2468250178927
2018-04-05 21:00:00+00:00,2341.963693600181
2018-04-05 22:00:00+00:00,2080.9601009255985
2018-04-05 23:00:00+00:00,1870.0128077666202
2018-04-06 00:00:00+00:00,1716.0911759360101
2018-04-06 01:00:00+00:00,1617.4677567793228
2018-04-06 02:00:00+00:00,1541.9961207385404
2018-04-06 03:00:00+00:00,1486.6184851379764
2018-04-06 04:00:00+00:00,1453.5388361919242
2018-04-06 05:00:00+00:00,1521.346159811833
2018-04-06 06:00:00+00:00,1774.7123960416386
2018-04-06 07:00:00+00:00,2124.249276016766
2018-04-06 08:00:00+00:00,2325.0194866269344
2018-04-06 09:00:00+00:00,2398.2424472843836
2018-04-06 10:00:00+00:00,2415.443618619338
2018-04-06 11:00:00+00:00,2443.5301723242137
2018-04-06 12:00:00+00:00,2442.2813950702534
2018-04-06 13:00:00+00:00,2362.3246425336165
2018-04-06 14:00:00+00:00,2191.828391264935
2018-04-06 15:00:00+00:00,2193.4031093178514
2018-04-06 16:00:00+00:00,2296.83161553633
2018-04-06 17:00:00+00:00,2455.032157539734
2018-04-06 18:00:00+00:00,2666.6247619776714
2018-04-06 19:00:00+00:00,2663.5471235703258
2018-04-06 20:00:00+00:00,2575.735150302669
2018-04-06 21:00:00+00:00,2347.0864723685377
2018-04-06 22:00:00+00:00,2085.4872077441455
2018-04-06 23:00:00+00:00,1874.0633770253207
2018-04-07 00:00:00+00:00,1595.9647936204894
2018-04-07 01:00:00+00:00,1496.2123775615978
2018-04-07 02:00:00+00:00,1417.298651158845
2018-04-07 03:00:00+00:00,1367.5978685186178
2018-04-07 04:00:00+00:00,1341.1271005770366
2018-04-07 05:00:00+00:00,1401.5565307052711
2018-04-07 06:00:00+00:00,1685.2048927809103
2018-04-07 07:00:00+00:00,2010.274191157779
2018-04-07 08:00:00+00:00,2204.4309936957034
2018-04-07 09:00:00+00:00,2278.356743998999
2018-04-07 10:00:00+00:00,2310.3509226820133
2018-04-07 11:00:00+00:00,2342.6098356306848
2018-04-07 12:00:00+00:00,2353.1672707904895
2018-04-07 13:00:00+00:00,2277.8774275976084
2018-04-07 14:00:00+00:00,2145.0476661531047
2018-04-07 15:00:00+00:00,2017.0709514210464
2018-04-07 16:00:00+00:00,2058.0537346530155
2018-04-07 17:00:00+00:00,2208.476389450448
2018-04-07 18:00:00+00:00,2413.4840390405657
2018-04-07 19:00:00+00:00,2427.739660143391
2018-04-07 20:00:00+00:00,2355.9629772072726
2018-04-07 21:00:00+00:00,2149.441129520741
2018-04-07 22:00:00+00:00,1912.1367424839373
2018-04-07 23:00:00+00:00,1720.276764170001
2018-04-08 00:00:00+00:00,1578.7915713075
2018-04-08 01:00:00+00:00,1488.1797413184252
2018-04-08 02:00:00+00:00,1417.298651158845
2018-04-08 03:00:00+00:00,1376.5722621144382
2018-04-08 04:00:00+00:00,1360.931703728307
2018-04-08 05:00:00+00:00,1424.823477064805
2018-04-08 06:00:00+00:00,1659.1631194342708
2018-04-08 07:00:00+00:00,2010.274191157779
2018-04-08 08:00:00+00:00,2204.4309936957034
2018-04-08 09:00:00+00:00,2262.359654657492
2018-04-08 10:00:00+00:00,2262.359654657492
2018-04-08 11:00:00+00:00,2256.2999582532498
2018-04-08 12:00:00+00:00,2227.670724948587
2018-04-08 13:00:00+00:00,2126.835142187098
2018-04-08 14:00:00+00:00,1985.0767727380319
2018-04-08 15:00:00+00:00,2054.1574444293155
2018-04-08 16:00:00+00:00,2160.428298634966
2018-04-08 17:00:00+00:00,2329.547606757024
2018-04-08 18:00:00+00:00,2546.438018237903
2018-04-08 19:00:00+00:00,2551.1375720859205
2018-04-08 20:00:00+00:00,2469.1123532533397
2018-04-08 21:00:00+00:00,2249.488998866738
2018-04-08 22:00:00+00:00,2000.551138650167
2018-04-08 23:00:00+00:00,1797.5008670871212
2018-04-09 00:00:00+00:00,1771.4886672682344
2018-04-09 01:00:00+00:00,1664.1088704493563
2018-04-09 02:00:00+00:00,1581.3104694259252
2018-04-09 03:00:00+00:00,1533.2595988080104
2018-04-09 04:00:00+00:00,1515.7865549469504
2018-04-09 05:00:00+00:00,1594.613809638323
2018-04-09 06:00:00+00:00,1806.1766304787704
2018-04-09 07:00:00+00:00,2018.9307952188356
2018-04-09 08:00:00+00:00,2114.7347004797607
2018-04-09 09:00:00+00:00,2157.4260485950267
2018-04-09 10:00:00+00:00,2168.8934961516625
2018-04-09 11:00:00+00:00,2170.9116080272092
2018-04-09 12:00:00+00:00,2199.8562221074476
2018-04-09 13:00:00+00:00,2208.5431047088264
2018-04-09 14:00:00+00:00,2229.2625606963447
2018-04-09 15:00:00+00:00,2290.735905916619
2018-04-09 16:00:00+00:00,2393.807008965213
2018-04-09 17:00:00+00:00,2565.8271402041814
2018-04-09 18:00:00+00:00,2797.6725909356205
2018-04-09 19:00:00+00:00,2802.130202693357
2018-04-09 20:00:00+00:00,2711.548354859089
2018-04-09 21:00:00+00:00,2467.4717734249084
2018-04-09 22:00:00+00:00,2191.8742179800083
2018-04-09 23:00:00+00:00,1969.2517546047768
2018-04-10 00:00:00+00:00,1801.0339959787539
2018-04-10 01:00:00+00:00,1688.2931516115966
2018-04-10 02:00:00+00:00,1600.9676437696178
2018-04-10 03:00:00+00:00,1547.7344271883655
2018-04-10 04:00:00+00:00,1528.8913378427455
2018-04-10 05:00:00+00:00,1621.4190473797219
2018-04-10 06:00:00+00:00,1849.9585187897214
2018-04-10 07:00:00+00:00,2076.1153024004866
2018-04-10 08:00:00+00:00,2183.0880567203276
2018-04-10 09:00:00+00:00,2195.9644987020292
2018-04-10 10:00:00+00:00,2190.8417199336727
2018-04-10 11:00:00+00:00,2224.0901425988377
2018-04-10 12:00:00+00:00,2273.243006323899
2018-04-10 13:00:00+00:00,2281.0959481955456
2018-04-10 14:00:00+00:00,2298.4200740691535
2018-04-10 15:00:00+00:00,2349.6478617527155
2018-04-10 16:00:00+00:00,2448.8470971275515
2018-04-10 17:00:00+00:00,2618.454756969795
2018-04-10 18:00:00+00:00,2845.32634692033
2018-04-10 19:00:00+00:00,2837.5131165120033
2018-04-10 20:00:00+00:00,2739.84277247501
2018-04-10 21:00:00+00:00,2495.647056650868
2018-04-10 22:00:00+00:00,2216.773305482019
2018-04-10 23:00:00+00:00,1989.504600898278
2018-04-11 00:00:00+00:00,1815.8066603340135
2018-04-11 01:00:00+00:00,1696.930394883825
2018-04-11 02:00:00+00:00,1605.8819373555411
2018-04-11 03:00:00+00:00,1554.1676842463016
2018-04-11 04:00:00+00:00,1533.8056314286682
2018-04-11 05:00:00+00:00,1617.8450156808685
2018-04-11 06:00:00+00:00,1837.4494078437356
2018-04-11 07:00:00+00:00,2054.671112207367
2018-04-11 08:00:00+00:00,2150.177181493388
2018-04-11 09:00:00+00:00,2162.666436707714
2018-04-11 10:00:00+00:00,2160.105047323536
2018-04-11 11:00:00+00:00,2190.4048938371466
2018-04-11 12:00:00+00:00,2231.307701057355
2018-04-11 13:00:00+00:00,2234.4548345255116
2018-04-11 14:00:00+00:00,2249.7536757697694
2018-04-11 15:00:00+00:00,2308.6656316058657
2018-04-11 16:00:00+00:00,2414.7746615984843
2018-04-11 17:00:00+00:00,2579.676513037238
2018-04-11 18:00:00+00:00,2800.650950684665
2018-04-11 19:00:00+00:00,2790.3358980871417
2018-04-11 20:00:00+00:00,2688.912820766353
2018-04-11 21:00:00+00:00,2439.2964901989494
2018-04-11 22:00:00+00:00,2157.920916840904
2018-04-11 23:00:00+00:00,1932.7966312764743
2018-04-12 00:00:00+00:00,1764.1023350906046
2018-04-12 01:00:00+00:00,1653.744178522683
2018-04-12 02:00:00+00:00,1571.481882254079
2018-04-12 03:00:00+00:00,1525.2180274855905
2018-04-12 04:00:00+00:00,1507.5960656370785
2018-04-12 05:00:00+00:00,1582.1046986923368
2018-04-12 06:00:00+00:00,1787.412964059791
2018-04-12 07:00:00+00:00,1990.3385416280103
2018-04-12 08:00:00+00:00,2194.6772774802866
2018-04-12 09:00:00+00:00,2277.834247939705
2018-04-12 10:00:00+00:00,2295.035419274659
2018-04-12 11:00:00+00:00,2310.121087668233
2018-04-12 12:00:00+00:00,2295.604740276072
2018-04-12 13:00:00+00:00,2205.713977937465
2018-04-12 14:00:00+00:00,2167.7892154760702
2018-04-12 15:00:00+00:00,2242.069507617235
2018-04-12 16:00:00+00:00,2344.0088339611916
2018-04-12 17:00:00+00:00,2496.580276038901
2018-04-12 18:00:00+00:00,2696.4083594681147
2018-04-12 19:00:00+00:00,2681.2385804796486
2018-04-12 20:00:00+00:00,2581.3940338258535
2018-04-12 21:00:00+00:00,2341.963693600181
2018-04-12 22:00:00+00:00,2071.905887288504
2018-04-12 23:00:00+00:00,1853.8105307318192
2018-04-13 00:00:00+00:00,1690.239013314306
2018-04-13 01:00:00+00:00,1582.9187836904089
2018-04-13 02:00:00+00:00,1499.405576327207
2018-04-13 03:00:00+00:00,1454.4521998482978
2018-04-13 04:00:00+00:00,1440.4340532961292
2018-04-13 05:00:00+00:00,1512.4110805647001
2018-04-13 06:00:00+00:00,1812.0482718074304
2018-04-13 07:00:00+00:00,2188.2536344724094
2018-04-13 08:00:00+00:00,2404.3582226292424
2018-04-13 09:00:00+00:00,2467.0471326242
2018-04-13 10:00:00+00:00,2472.7808564025177
2018-04-13 11:00:00+00:00,2478.3325422344697
2018-04-13 12:00:00+00:00,2454.0155274537883
2018-04-13 13:00:00+00:00,2356.524247548574
2018-04-13 14:00:00+00:00,2197.562115043253
2018-04-13 15:00:00+00:00,2183.157551781139
2018-04-13 16:00:00+00:00,2288.968745798853
2018-04-13 17:00:00+00:00,2443.9526592732886
2018-04-13 18:00:00+00:00,2648.754603483405
2018-04-13 19:00:00+00:00,2637.009938206341
2018-04-13 20:00:00+00:00,2544.6112909251556
2018-04-13 21:00:00+00:00,2313.788410374222
2018-04-13 22:00:00+00:00,2053.7974600143143
2018-04-13 23:00:00+00:00,1847.7346768437687
2018-04-14 00:00:00+00:00,1573.639604613603
2018-04-14 01:00:00+00:00,1478.5405778266183
2018-04-14 02:00:00+00:00,1403.5877720541193
2018-04-14 03:00:00+00:00,1357.1277426568274
2018-04-14 04:00:00+00:00,1331.9865145072192
2018-04-14 05:00:00+00:00,1396.570756485371
2018-04-14 06:00:00+00:00,1693.885483896457
2018-04-14 07:00:00+00:00,2020.1948667184035
2018-04-14 08:00:00+00:00,2199.1606348041223
2018-04-14 09:00:00+00:00,2257.027291543656
2018-04-14 10:00:00+00:00,2262.359654657492
2018-04-14 11:00:00+00:00,2272.483060261519
2018-04-14 12:00:00+00:00,2254.952582740305
2018-04-14 13:00:00+00:00,2164.5957135397257
2018-04-14 14:00:00+00:00,2027.7356776487184
2018-04-14 15:00:00+00:00,2037.4827995383164
2018-04-14 16:00:00+00:00,2140.9283816860225
2018-04-14 17:00:00+00:00,2293.4838398997463
2018-04-14 18:00:00+00:00,2496.580276038901
2018-04-14 19:00:00+00:00,2496.2940556670187
2018-04-14 20:00:00+00:00,2411.2219748111656
2018-04-14 21:00:00+00:00,2194.7008799391683
2018-04-14 22:00:00+00:00,1947.9235218845538
2018-04-14 23:00:00+00:00,1752.2965141600264
2018-04-15 00:00:00+00:00,1604.551404776984
2018-04-15 01:00:00+00:00,1507.4580683020392
2018-04-15 02:00:00+00:00,1429.486099251934
2018-04-15 03:00:00+00:00,1373.580797582498
2018-04-15 04:00:00+00:00,1341.1271005770366
2018-04-15 05:00:00+00:00,1406.5423049251713
2018-04-15 06:00:00+00:00,1663.503414992044
2018-04-15 07:00:00+00:00,1985.472502256217
2018-04-15 08:00:00+00:00,2172.8088403462125
2018-04-15 09:00:00+00:00,2230.365475974477
2018-04-15 10:00:00+00:00,2241.0302022021488
2018-04-15 11:00:00+00:00,2256.2999582532498
2018-04-15 12:00:00+00:00,2244.039839623618
2018-04-15 13:00:00+00:00,2159.201346203636
2018-04-15 14:00:00+00:00,2022.4033145348826
2018-04-15 15:00:00+00:00,2039.864891665602
2018-04-15 16:00:00+00:00,2140.9283816860225
2018-04-15 17:00:00+00:00,2293.4838398997463
2018-04-15 18:00:00+00:00,2499.3501506055127
2018-04-15 19:00:00+00:00,2501.7784073089088
2018-04-15 20:00:00+00:00,2421.7474981642886
2018-04-15 21:00:00+00:00,2204.229248448311
2018-04-15 22:00:00+00:00,1958.4490452376765
2018-04-15 23:00:00+00:00,1759.8305729812087
2018-04-16 00:00:00+00:00,1732.7104233356774
2018-04-16 01:00:00+00:00,1626.1050000515513
2018-04-16 02:00:00+00:00,1541.9961207385404
2018-04-16 03:00:00+00:00,1483.4018566090087
2018-04-16 04:00:00+00:00,1451.90073832995
2018-04-16 05:00:00+00:00,1526.7072073601128
2018-04-16 06:00:00+00:00,1751.3774736880187
2018-04-16 07:00:00+00:00,2102.914489864885
2018-04-16 08:00:00+00:00,2319.352434055341
2018-04-16 09:00:00+00:00,2398.2424472843836
2018-04-16 10:00:00+00:00,2415.443618619338
2018-04-16 11:00:00+00:00,2431.929382354129
2018-04-16 12:00:00+00:00,2412.946064111417
2018-04-16 13:00:00+00:00,2304.3206926831904
2018-04-16 14:00:00+00:00,2145.9586010383905
2018-04-16 15:00:00+00:00,2216.455613775454
2018-04-16 16:00:00+00:00,2330.9040510653967
2018-04-16 17:00:00+00:00,2493.8104014722903
2018-04-16 18:00:00+00:00,2708.3217984642915
2018-04-16 19:00:00+00:00,2707.7757658436335
2018-04-16 20:00:00+00:00,2621.0062184881426
2018-04-16 21:00:00+00:00,2398.3142600520996
2018-04-16 22:00:00+00:00,2135.2853827481667
2018-04-16 23:00:00+00:00,1922.6702081297233
2018-04-17 00:00:00+00:00,1760.4091690017897
2018-04-17 01:00:00+00:00,1652.0167298682368
2018-04-17 02:00:00+00:00,1563.2913929442072
2018-04-17 03:00:00+00:00,1496.26837072488
2018-04-17 04:00:00+00:00,1458.4531297778474
2018-04-17 05:00:00+00:00,1515.9851122635532
2018-04-17 06:00:00+00:00,1844.7171631024983
2018-04-17 07:00:00+00:00,2225.589510238201
2018-04-17 08:00:00+00:00,2449.6946432019886
2018-04-17 09:00:00+00:00,2535.8518179640164
2018-04-17 10:00:00+00:00,2564.5204368556065
2018-04-17 11:00:00+00:00,2600.1408369203655
2018-04-17 12:00:00+00:00,2612.4263146315047
2018-04-17 13:00:00+00:00,2524.7357021148105
2018-04-17 14:00:00+00:00,2352.3726570578397
2018-04-17 15:00:00+00:00,2157.4260485950267
2018-04-17 16:00:00+00:00,2231.307701057355
2018-04-17 17:00:00+00:00,2388.555167941064
2018-04-17 18:00:00+00:00,2598.122487749652
2018-04-17 19:00:00+00:00,2598.678448236141
2018-04-17 20:00:00+00:00,2524.805198594011
2018-04-17 21:00:00+00:00,2311.227020990044
2018-04-17 22:00:00+00:00,2065.1152270606826
2018-04-17 23:00:00+00:00,1863.9369538785697
2018-04-18 00:00:00+00:00,1710.5514268027878
2018-04-18 01:00:00+00:00,1608.830513507094
2018-04-18 02:00:00+00:00,1525.6151421187965
2018-04-18 03:00:00+00:00,1459.2771426417498
2018-04-18 04:00:00+00:00,1417.5006832284882
2018-04-18 05:00:00+00:00,1529.1825985569315
2018-04-18 06:00:00+00:00,1966.0587593413213
2018-04-18 07:00:00+00:00,2369.599316763398
2018-04-18 08:00:00+00:00,2591.3709574918234
2018-04-18 09:00:00+00:00,2667.7274648653306
2018-04-18 10:00:00+00:00,2696.3960837569207
2018-04-18 11:00:00+00:00,2727.7495265913035
2018-04-18 12:00:00+00:00,2741.5017708503847
2018-04-18 13:00:00+00:00,2658.1447867707916
2018-04-18 14:00:00+00:00,2489.982027737472
2018-04-18 15:00:00+00:00,2312.2365906096134
2018-04-18 16:00:00+00:00,2242.801144550166
2018-04-18 17:00:00+00:00,2319.308303775784
2018-04-18 18:00:00+00:00,2526.6418537725885
2018-04-18 19:00:00+00:00,2527.9126205988473
2018-04-18 20:00:00+00:00,2451.2397127926174
2018-04-18 21:00:00+00:00,2242.069507617235
2018-04-18 22:00:00+00:00,2003.9992850102935
2018-04-18 23:00:00+00:00,1813.3048381448164
2018-04-19 00:00:00+00:00,1668.0800167814161
2018-04-19 01:00:00+00:00,1567.3717458003975
2018-04-19 02:00:00+00:00,1484.6626955694376
2018-04-19 03:00:00+00:00,1422.2859145586194
2018-04-19 04:00:00+00:00,1389.653019574924
2018-04-19 05:00:00+00:00,1581.1861398021415
2018-04-19 06:00:00+00:00,1994.060666165665
2018-04-19 07:00:00+00:00,2380.2667098393376
2018-04-19 08:00:00+00:00,2591.3709574918234
2018-04-19 09:00:00+00:00,2650.5262935303763
2018-04-19 10:00:00+00:00,2644.7925697520586
2018-04-19 11:00:00+00:00,2634.9432068306214
2018-04-19 12:00:00+00:00,2600.69218224797
2018-04-19 13:00:00+00:00,2484.1329372195123
2018-04-19 14:00:00+00:00,2317.9703143879315
2018-04-19 15:00:00+00:00,2139.613932250111
2018-04-19 16:00:00+00:00,2268.001093165581
2018-04-19 17:00:00+00:00,2446.7225338399
2018-04-19 18:00:00+00:00,2678.5382009738482
2018-04-19 19:00:00+00:00,2687.1357327827563
2018-04-19 20:00:00+00:00,2604.02956791859
2018-04-19 21:00:00+00:00,2372.7003662103184
2018-04-19 22:00:00+00:00,2103.595635018335
2018-04-19 23:00:00+00:00,1882.164515542721
2018-04-20 00:00:00+00:00,1710.5514268027878
2018-04-20 01:00:00+00:00,1593.283475617083
2018-04-20 02:00:00+00:00,1502.6817720511556
2018-04-20 03:00:00+00:00,1436.7607429389748
2018-04-20 04:00:00+00:00,1401.1197046087445
2018-04-20 05:00:00+00:00,1541.1834157673643
2018-04-20 06:00:00+00:00,1928.7228835755297
2018-04-20 07:00:00+00:00,2284.2601721558735
2018-04-20 08:00:00+00:00,2472.3628534883624
2018-04-20 09:00:00+00:00,2512.9169228507435
2018-04-20 10:00:00+00:00,2507.1831990724263
2018-04-20 11:00:00+00:00,2513.134912144726
2018-04-20 12:00:00+00:00,2483.3508584126243
2018-04-20 13:00:00+00:00,2362.3246425336165
2018-04-20 14:00:00+00:00,2226.230733934843
2018-04-20 15:00:00+00:00,2157.5436579393577
2018-04-20 16:00:00+00:00,2262.7591800072632
2018-04-20 17:00:00+00:00,2413.4840390405657
2018-04-20 18:00:00+00:00,2615.992646243918
2018-04-20 19:00:00+00:00,2607.5241766908016
2018-04-20 20:00:00+00:00,2513.4874315476427
2018-04-20 21:00:00+00:00,2293.2972953007975
2018-04-20 22:00:00+00:00,2040.2161395586722
2018-04-20 23:00:00+00:00,1835.5829690676683
2018-04-21 00:00:00+00:00,1563.3356712258096
2018-04-21 01:00:00+00:00,1467.294887086177
2018-04-21 02:00:00+00:00,1388.3534619377574
2018-04-21 03:00:00+00:00,1337.6832231992166
2018-04-21 04:00:00+00:00,1335.033376530492
2018-04-21 05:00:00+00:00,1426.4854018047718
2018-04-21 06:00:00+00:00,1646.142232760951
2018-04-21 07:00:00+00:00,1940.8294622334063
2018-04-21 08:00:00+00:00,2030.5091502735027
2018-04-21 09:00:00+00:00,2091.724035014747
2018-04-21 10:00:00+00:00,2155.7123923807762
2018-04-21 11:00:00+00:00,2202.3562848923534
2018-04-21 12:00:00+00:00,2216.7579818318995
2018-04-21 13:00:00+00:00,2137.6238768592775
2018-04-21 14:00:00+00:00,2017.0709514210464
2018-04-21 15:00:00+00:00,2025.5723389018876
2018-04-21 16:00:00+00:00,2116.553485499844
2018-04-21 17:00:00+00:00,2267.724006430262
2018-04-21 18:00:00+00:00,2468.8815303727897
2018-04-21 19:00:00+00:00,2474.356649099458
2018-04-21 20:00:00+00:00,2400.6964514580436
2018-04-21 21:00:00+00:00,2194.7008799391683
2018-04-21 22:00:00+00:00,1956.3439405670517
2018-04-21 23:00:00+00:00,1761.7140876865046
2018-04-22 00:00:00+00:00,1613.138015933479
2018-04-22 01:00:00+00:00,1515.490704545212
2018-04-22 02:00:00+00:00,1437.103254310115
2018-04-22 03:00:00+00:00,1400.5039783699588
2018-04-22 04:00:00+00:00,1403.5877720541193
2018-04-22 05:00:00+00:00,1497.9481656233409
2018-04-22 06:00:00+00:00,1708.827949294674
2018-04-22 07:00:00+00:00,1917.4918333127184
2018-04-22 08:00:00+00:00,2011.4367456969487
2018-04-22 09:00:00+00:00,2018.4260625200307
2018-04-22 10:00:00+00:00,2013.6618782654596
2018-04-22 11:00:00+00:00,2044.3059238874016
2018-04-22 12:00:00+00:00,2087.30361007643
2018-04-22 13:00:00+00:00,2094.9115322193884
2018-04-22 14:00:00+00:00,2111.3276554841714
2018-04-22 15:00:00+00:00,2154.2053137753123
2018-04-22 16:00:00+00:00,2240.865456049355
2018-04-22 17:00:00+00:00,2393.9471904307347
2018-04-22 18:00:00+00:00,2601.8355095701277
2018-04-22 19:00:00+00:00,2600.4967368629323
2018-04-22 20:00:00+00:00,2513.8458275041116
2018-04-22 21:00:00+00:00,2285.2203807760225
2018-04-22 22:00:00+00:00,2030.0226040389102
2018-04-22 23:00:00+00:00,1827.6371023718511
2018-04-23 00:00:00+00:00,1802.880579023161
2018-04-23 01:00:00+00:00,1695.2029462293794
2018-04-23 02:00:00+00:00,1607.5200352175152
2018-04-23 03:00:00+00:00,1554.1676842463016
2018-04-23 04:00:00+00:00,1523.9770442568224
2018-04-23 05:00:00+00:00,1598.187841337176
2018-04-23 06:00:00+00:00,1812.4311859517632
2018-04-23 07:00:00+00:00,2026.078858616542
2018-04-23 08:00:00+00:00,2112.203094693073
2018-04-23 09:00:00+00:00,2197.562115043253
2018-04-23 10:00:00+00:00,2243.431905269797
2018-04-23 11:00:00+00:00,2286.9195077280624
2018-04-23 12:00:00+00:00,2307.3388726596063
2018-04-23 13:00:00+00:00,2246.3167428327642
2018-04-23 14:00:00+00:00,2139.613932250111
2018-04-23 15:00:00+00:00,2211.332835007098
2018-04-23 16:00:00+00:00,2325.662137907079
2018-04-23 17:00:00+00:00,2493.8104014722903
2018-04-23 18:00:00+00:00,2714.2785179623797
2018-04-23 19:00:00+00:00,2719.5700704498486
2018-04-23 20:00:00+00:00,2635.1534272961026
2018-04-23 21:00:00+00:00,2405.998428204634
2018-04-23 22:00:00+00:00,2142.0760429759875
2018-04-23 23:00:00+00:00,1924.695492759074
2018-04-24 00:00:00+00:00,1762.255752046197
2018-04-24 01:00:00+00:00,1652.0167298682368
2018-04-24 02:00:00+00:00,1561.653295082233
2018-04-24 03:00:00+00:00,1497.8766849893639
2018-04-24 04:00:00+00:00,1465.0055212257448
2018-04-24 05:00:00+00:00,1528.4942232095393
2018-04-24 06:00:00+00:00,1779.3793805123626
2018-04-24 07:00:00+00:00,2145.584062168647
2018-04-24 08:00:00+00:00,2364.6888546280884
2018-04-24 09:00:00+00:00,2455.579685067564
2018-04-24 10:00:00+00:00,2495.71575151579
2018-04-24 11:00:00+00:00,2536.3364920848962
2018-04-24 12:00:00+00:00,2553.7556527138313
2018-04-24 13:00:00+00:00,2478.3325422344697
2018-04-24 14:00:00+00:00,2335.1714857228853
2018-04-24 15:00:00+00:00,2140.2248772600733
2018-04-24 16:00:00+00:00,2257.5172668489454
2018-04-24 17:00:00+00:00,2432.873161006844
2018-04-24 18:00:00+00:00,2660.668042479583
2018-04-24 19:00:00+00:00,2672.392852024987
2018-04-24 20:00:00+00:00,2592.7118008722214
2018-04-24 21:00:00+00:00,2365.0161980577845
2018-04-24 22:00:00+00:00,2099.0685281997876
2018-04-24 23:00:00+00:00,1884.1898001720713
2018-04-25 00:00:00+00:00,1719.784342024825
2018-04-25 01:00:00+00:00,1607.103064852649
2018-04-25 02:00:00+00:00,1520.7008485328738
2018-04-25 03:00:00+00:00,1481.7935423445247
2018-04-25 04:00:00+00:00,1487.9388912933864
2018-04-25 05:00:00+00:00,1596.4008254877494
2018-04-25 06:00:00+00:00,1829.1100005464114
2018-04-25 07:00:00+00:00,2052.288424408132
2018-04-25 08:00:00+00:00,2150.177181493388
2018-04-25 09:00:00+00:00,2160.105047323536
2018-04-25 10:00:00+00:00,2165.2278260918915
2018-04-25 11:00:00+00:00,2205.951931727158
2018-04-25 12:00:00+00:00,2262.7591800072632
2018-04-25 13:00:00+00:00,2275.9136022322086
2018-04-25 14:00:00+00:00,2293.2972953007975
2018-04-25 15:00:00+00:00,2326.5953572951125
2018-04-25 16:00:00+00:00,2406.9117918610077
2018-04-25 17:00:00+00:00,2560.287391070959
2018-04-25 18:00:00+00:00,2773.8457129432663
2018-04-25 19:00:00+00:00,2760.850136571603
2018-04-25 20:00:00+00:00,2663.447844912024
2018-04-25 21:00:00+00:00,2423.9281538938803
2018-04-25 22:00:00+00:00,2151.1302566130826
2018-04-25 23:00:00+00:00,1932.7966312764743
2018-04-26 00:00:00+00:00,1769.642084223827
2018-04-26 01:00:00+00:00,1662.3814217949111
2018-04-26 02:00:00+00:00,1573.1199801160533
2018-04-26 03:00:00+00:00,1531.6512845435266
2018-04-26 04:00:00+00:00,1535.443729290643
2018-04-26 05:00:00+00:00,1642.8632375728407
2018-04-26 06:00:00+00:00,1881.231296154687
2018-04-26 07:00:00+00:00,2119.0036827867243
2018-04-26 08:00:00+00:00,2231.188566667394
2018-04-26 09:00:00+00:00,2247.192286385591
2018-04-26 10:00:00+00:00,2242.069507617235
2018-04-26 11:00:00+00:00,2262.957737323866
2018-04-26 12:00:00+00:00,2294.210658957171
2018-04-26 13:00:00+00:00,2288.8694671405515
2018-04-26 14:00:00+00:00,2290.735905916619
2018-04-26 15:00:00+00:00,2329.1567466792903
2018-04-26 16:00:00+00:00,2420.0165747568026
2018-04-26 17:00:00+00:00,2582.446387603849
2018-04-26 18:00:00+00:00,2794.694231186576
2018-04-26 19:00:00+00:00,2775.5930173293723
2018-04-26 20:00:00+00:00,2671.9361701968
2018-04-26 21:00:00+00:00,2423.9281538938803
2018-04-26 22:00:00+00:00,2146.603149794535
2018-04-26 23:00:00+00:00,1924.695492759074
2018-04-27 00:00:00+00:00,1760.4091690017897
2018-04-27 01:00:00+00:00,1655.471627177128
2018-04-27 02:00:00+00:00,1571.481882254079
2018-04-27 03:00:00+00:00,1518.7847704276548
2018-04-27 04:00:00+00:00,1504.3198699131299
2018-04-27 05:00:00+00:00,1598.187841337176
2018-04-27 06:00:00+00:00,1824.9402968977495
2018-04-27 07:00:00+00:00,2049.9057366088964
2018-04-27 08:00:00+00:00,2147.6455757067
2018-04-27 09:00:00+00:00,2154.98226855518
2018-04-27 10:00:00+00:00,2149.8594897868234
2018-04-27 11:00:00+00:00,2182.6313748921407
2018-04-27 12:00:00+00:00,2226.0657878990373
2018-04-27 13:00:00+00:00,2229.2724885621747
2018-04-27 14:00:00+00:00,2236.946728848879
2018-04-27 15:00:00+00:00,2280.4903483799067
2018-04-27 16:00:00+00:00,2375.4603129111
2018-04-27 17:00:00+00:00,2546.438018237903
2018-04-27 18:00:00+00:00,2767.8889934451777
2018-04-27 19:00:00+00:00,2763.798712723157
2018-04-27 20:00:00+00:00,2671.9361701968
2018-04-27 21:00:00+00:00,2431.612322046415
2018-04-27 22:00:00+00:00,2160.184470250177
2018-04-27 23:00:00+00:00,1934.8219159058247
2018-04-28 00:00:00+00:00,1640.6151716342622
2018-04-28 01:00:00+00:00,1531.5559770315572
2018-04-28 02:00:00+00:00,1447.767271391568
2018-04-28 03:00:00+00:00,1397.5125138380188
2018-04-28 04:00:00+00:00,1382.2597378912133
2018-04-28 05:00:00+00:00,1461.385821344073
2018-04-28 06:00:00+00:00,1666.1718809688618
2018-04-28 07:00:00+00:00,1875.3897399002285
2018-04-28 08:00:00+00:00,1969.057664827797
2018-04-28 09:00:00+00:00,2011.7385883072109
2018-04-28 10:00:00+00:00,2043.7327669902254
2018-04-28 11:00:00+00:00,2078.285836162291
2018-04-28 12:00:00+00:00,2091.261435989998
2018-04-28 13:00:00+00:00,2024.3421628013944
2018-04-28 14:00:00+00:00,2013.6618782654596
2018-04-28 15:00:00+00:00,2075.5962735748867
2018-04-28 16:00:00+00:00,2177.4907259652905
2018-04-28 17:00:00+00:00,2324.3956400631273
2018-04-28 18:00:00+00:00,2515.9693980051798
2018-04-28 19:00:00+00:00,2504.520583129854
2018-04-28 20:00:00+00:00,2411.2219748111656
2018-04-28 21:00:00+00:00,2192.318787811883
2018-04-28 22:00:00+00:00,1945.8184172139295
2018-04-28 23:00:00+00:00,1750.4129994547304
2018-04-29 00:00:00+00:00,1602.8340825456853
2018-04-29 01:00:00+00:00,1501.0319593075014
2018-04-29 02:00:00+00:00,1417.298651158845
2018-04-29 03:00:00+00:00,1361.6149394547376
2018-04-29 04:00:00+00:00,1335.033376530492
2018-04-29 05:00:00+00:00,1406.5423049251713
2018-04-29 06:00:00+00:00,1659.1631194342708
2018-04-29 07:00:00+00:00,1975.5518266955928
2018-04-29 08:00:00+00:00,2156.997763671467
2018-04-29 09:00:00+00:00,2225.0331128606417
2018-04-29 10:00:00+00:00,2241.0302022021488
2018-04-29 11:00:00+00:00,2267.0886929254293
2018-04-29 12:00:00+00:00,2260.408954298649
2018-04-29 13:00:00+00:00,2175.3844482119052
2018-04-29 14:00:00+00:00,2054.397493217897
2018-04-29 15:00:00+00:00,2016.0439703927452
2018-04-29 16:00:00+00:00,2111.6785062626086
2018-04-29 17:00:00+00:00,2257.4200730424686
2018-04-29 18:00:00+00:00,2452.262282973122
2018-04-29 19:00:00+00:00,2455.1614183528422
2018-04-29 20:00:00+00:00,2379.645404751798
2018-04-29 21:00:00+00:00,2173.2620507935976
2018-04-29 22:00:00+00:00,1931.0826845195577
2018-04-29 23:00:00+00:00,1737.2283965176614
2018-04-30 00:00:00+00:00,1710.5514268027878
2018-04-30 01:00:00+00:00,1605.3756161982028
2018-04-30 02:00:00+00:00,1517.4246528089247
2018-04-30 03:00:00+00:00,1454.4521998482978
2018-04-30 04:00:00+00:00,1424.0530746763857
2018-04-30 05:00:00+00:00,1496.3279379198607
2018-04-30 06:00:00+00:00,1840.050178631774
2018-04-30 07:00:00+00:00,2193.587331010379
2018-04-30 08:00:00+00:00,2393.024117486055
2018-04-30 09:00:00+00:00,2472.7808564025177
2018-04-30 10:00:00+00:00,2518.650646629062
2018-04-30 11:00:00+00:00,2559.5380720250664
2018-04-30 12:00:00+00:00,2559.6227189055985
2018-04-30 13:00:00+00:00,2484.1329372195123
2018-04-30 14:00:00+00:00,2375.3075521711116
2018-04-30 15:00:00+00:00,2289.3016954963414
2018-04-30 16:00:00+00:00,2254.535276933701
2018-04-30 17:00:00+00:00,2316.5384292091735
2018-04-30 18:00:00+00:00,2532.598573270677
2018-04-30 19:00:00+00:00,2545.604077508171
2018-04-30 20:00:00+00:00,2465.3869216005774
2018-04-30 21:00:00+00:00,2239.508118233057
2018-04-30 22:00:00+00:00,1985.8908577361037
2018-04-30 23:00:00+00:00,1789.0014225926152
2018-05-01 00:00:00+00:00,1522.1199376746347
2018-05-01 01:00:00+00:00,1427.1317058703144
2018-05-01 02:00:00+00:00,1351.7911176584896
2018-05-01 03:00:00+00:00,1313.7515069436959
2018-05-01 04:00:00+00:00,1303.0413252861324
2018-05-01 05:00:00+00:00,1410.9790566522438
2018-05-01 06:00:00+00:00,1754.6496217052832
2018-05-01 07:00:00+00:00,2099.560271203401
2018-05-01 08:00:00+00:00,2309.838171527341
2018-05-01 09:00:00+00:00,2390.33636938955
2018-05-01 10:00:00+00:00,2411.665821844893
2018-05-01 11:00:00+00:00,2439.7084476802984
2018-05-01 12:00:00+00:00,2445.92558728233
2018-05-01 13:00:00+00:00,2369.581672311133
2018-05-01 14:00:00+00:00,2225.0331128606417
2018-05-01 15:00:00+00:00,2065.0622194455686
2018-05-01 16:00:00+00:00,2043.428796941308
2018-05-01 17:00:00+00:00,2200.7484394096027
2018-05-01 18:00:00+00:00,2407.944289907343
2018-05-01 19:00:00+00:00,2411.28660521772
2018-05-01 20:00:00+00:00,2332.2805496627466
2018-05-01 21:00:00+00:00,2125.620208247885
2018-05-01 22:00:00+00:00,1888.9805911070675
2018-05-01 23:00:00+00:00,1693.9075582958617
2018-05-02 00:00:00+00:00,1662.5402676481935
2018-05-02 01:00:00+00:00,1560.461951182615
2018-05-02 02:00:00+00:00,1478.11030412154
2018-05-02 03:00:00+00:00,1428.719171616555
2018-05-02 04:00:00+00:00,1406.033998194668
2018-05-02 05:00:00+00:00,1545.183688170842
2018-05-02 06:00:00+00:00,1961.3917748705976
2018-05-02 07:00:00+00:00,2353.598227149487
2018-05-02 08:00:00+00:00,2563.035694633857
2018-05-02 09:00:00+00:00,2627.5913984171048
2018-05-02 10:00:00+00:00,2650.5262935303763
2018-05-02 11:00:00+00:00,2687.1467616960053
2018-05-02 12:00:00+00:00,2688.6981751244793
2018-05-02 13:00:00+00:00,2594.340441935323
2018-05-02 14:00:00+00:00,2438.37851373261
2018-05-02 15:00:00+00:00,2249.165629048115
2018-05-02 16:00:00+00:00,2186.7514392116523
2018-05-02 17:00:00+00:00,2316.5384292091735
2018-05-02 18:00:00+00:00,2490.901536784057
2018-05-02 19:00:00+00:00,2483.6839783255396
2018-05-02 20:00:00+00:00,2411.6275281303274
2018-05-02 21:00:00+00:00,2206.210056238742
2018-05-02 22:00:00+00:00,1967.7824304619148
2018-05-02 23:00:00+00:00,1776.849714816514
2018-05-03 00:00:00+00:00,1629.301772848859
2018-05-03 01:00:00+00:00,1532.8227727114836
2018-05-03 02:00:00+00:00,1453.5388361919242
2018-05-03 03:00:00+00:00,1399.7695148558444
2018-05-03 04:00:00+00:00,1384.7387259890008
2018-05-03 05:00:00+00:00,1569.185322591708
2018-05-03 06:00:00+00:00,2017.3955885192852
2018-05-03 07:00:00+00:00,2444.2710682949814
2018-05-03 08:00:00+00:00,2653.7085357793508
2018-05-03 09:00:00+00:00,2684.928636200285
2018-05-03 10:00:00+00:00,2684.928636200285
2018-05-03 11:00:00+00:00,2727.7495265913035
2018-05-03 12:00:00+00:00,2712.1664398915477
2018-05-03 13:00:00+00:00,2605.941231905408
2018-05-03 14:00:00+00:00,2467.0471326242
2018-05-03 15:00:00+00:00,2358.1063808361573
2018-05-03 16:00:00+00:00,2366.0095345772793
2018-05-03 17:00:00+00:00,2481.840627820271
2018-05-03 18:00:00+00:00,2648.6444743484944
2018-05-03 19:00:00+00:00,2582.5553328105802
2018-05-03 20:00:00+00:00,2408.5382517707953
2018-05-03 21:00:00+00:00,2149.8594897868234
2018-05-03 22:00:00+00:00,1922.5113622764413
2018-05-03 23:00:00+00:00,1734.3187376001615
2018-05-04 00:00:00+00:00,1592.3701119607094
2018-05-04 01:00:00+00:00,1496.5463509681242
2018-05-04 02:00:00+00:00,1419.1387810904625
2018-05-04 03:00:00+00:00,1370.8198580951337
2018-05-04 04:00:00+00:00,1394.4168826041448
2018-05-04 05:00:00+00:00,1661.1915878716952
2018-05-04 06:00:00+00:00,2082.73337110942
2018-05-04 07:00:00+00:00,2438.9373717570106
2018-05-04 08:00:00+00:00,2585.70390492023
2018-05-04 09:00:00+00:00,2650.5262935303763
2018-05-04 10:00:00+00:00,2725.064702648511
2018-05-04 11:00:00+00:00,2750.951106531474
2018-05-04 12:00:00+00:00,2700.4323075080133
2018-05-04 13:00:00+00:00,2588.5400469502797
2018-05-04 14:00:00+00:00,2467.0471326242
2018-05-04 15:00:00+00:00,2363.840104614476
2018-05-04 16:00:00+00:00,2336.674203618443
2018-05-04 17:00:00+00:00,2388.834294439415
2018-05-04 18:00:00+00:00,2495.3006988818497
2018-05-04 19:00:00+00:00,2471.8896737193245
2018-05-04 20:00:00+00:00,2383.333110514406
2018-05-04 21:00:00+00:00,2170.350604860248
2018-05-04 22:00:00+00:00,1924.7749156857149
2018-05-04 23:00:00+00:00,1726.217599082761
2018-05-05 00:00:00+00:00,1462.0136595791716
2018-05-05 01:00:00+00:00,1367.690197670838
2018-05-05 02:00:00+00:00,1296.947601239588
2018-05-05 03:00:00+00:00,1255.417948570864
2018-05-05 04:00:00+00:00,1317.269094165643
2018-05-05 05:00:00+00:00,1503.9853900331
2018-05-05 06:00:00+00:00,1837.1152373029756
2018-05-05 07:00:00+00:00,2169.005000127773
2018-05-05 08:00:00+00:00,2357.2714015515776
2018-05-05 09:00:00+00:00,2416.9981849587284
2018-05-05 10:00:00+00:00,2406.333458731057
2018-05-05 11:00:00+00:00,2369.581672311133
2018-05-05 12:00:00+00:00,2309.5162983237406
2018-05-05 13:00:00+00:00,2207.7506522284434
2018-05-05 14:00:00+00:00,2118.385850583926
2018-05-05 15:00:00+00:00,2049.065130104061
2018-05-05 16:00:00+00:00,2042.154091964906
2018-05-05 17:00:00+00:00,2154.380739164531
2018-05-05 18:00:00+00:00,2327.6179274756178
2018-05-05 19:00:00+00:00,2320.7948031265328
2018-05-05 20:00:00+00:00,2250.707743676047
2018-05-05 21:00:00+00:00,2056.5395365566014
2018-05-05 22:00:00+00:00,1832.1427650002054
2018-05-05 23:00:00+00:00,1656.2372641899494
2018-05-06 00:00:00+00:00,1522.1199376746347
2018-05-06 01:00:00+00:00,1423.9186513730453
2018-05-06 02:00:00+00:00,1341.1271005770366
2018-05-06 03:00:00+00:00,1292.811255220115
2018-05-06 04:00:00+00:00,1280.18986011159
2018-05-06 05:00:00+00:00,1459.3423500102888
2018-05-06 06:00:00+00:00,1819.7540550718825
2018-05-06 07:00:00+00:00,2169.005000127773
2018-05-06 08:00:00+00:00,2362.5417604431595
2018-05-06 09:00:00+00:00,2443.6600005279074
2018-05-06 10:00:00+00:00,2475.654179210922
2018-05-06 11:00:00+00:00,2499.046488377285
2018-05-06 12:00:00+00:00,2445.92558728233
2018-05-06 13:00:00+00:00,2283.2717949336984
2018-05-06 14:00:00+00:00,2129.0505768115977
2018-05-06 15:00:00+00:00,2033.0680407625534
2018-05-06 16:00:00+00:00,2031.2413488482189
2018-05-06 17:00:00+00:00,2156.9567225114793
2018-05-06 18:00:00+00:00,2327.6179274756178
2018-05-06 19:00:00+00:00,2309.8260998427522
2018-05-06 20:00:00+00:00,2229.656696969801
2018-05-06 21:00:00+00:00,2032.7186152837446
2018-05-06 22:00:00+00:00,1800.5661949408377
2018-05-06 23:00:00+00:00,1620.450484789333
2018-05-07 00:00:00+00:00,1597.909861093932
2018-05-07 01:00:00+00:00,1501.728696931461
2018-05-07 02:00:00+00:00,1427.3292704003347
2018-05-07 03:00:00+00:00,1391.7279435334247
2018-05-07 04:00:00+00:00,1384.7387259890008
2018-05-07 05:00:00+00:00,1549.1839605743198
2018-05-07 06:00:00+00:00,1919.3889146340816
2018-05-07 07:00:00+00:00,2257.5916894660227
2018-05-07 08:00:00+00:00,2410.025275200835
2018-05-07 09:00:00+00:00,2415.443618619338
2018-05-07 10:00:00+00:00,2381.0412759494297
2018-05-07 11:00:00+00:00,2391.32661745883
2018-05-07 12:00:00+00:00,2395.3448655361153
2018-05-07 13:00:00+00:00,2310.121087668233
2018-05-07 14:00:00+00:00,2180.3609437082987
2018-05-07 15:00:00+00:00,2175.4733836286046
2018-05-07 16:00:00+00:00,2286.347789219694
2018-05-07 17:00:00+00:00,2468.8815303727897
2018-05-07 18:00:00+00:00,2699.3867192171588
2018-05-07 19:00:00+00:00,2701.8786135405253
2018-05-07 20:00:00+00:00,2612.5178932033664
2018-05-07 21:00:00+00:00,2377.8231449786754
2018-05-07 22:00:00+00:00,2114.9134020647034
2018-05-07 23:00:00+00:00,1908.4932157242727
2018-05-08 00:00:00+00:00,1753.0228368241599
2018-05-08 01:00:00+00:00,1645.1069352504542
2018-05-08 02:00:00+00:00,1548.548512186438
2018-05-08 03:00:00+00:00,1478.5769138155567
2018-05-08 04:00:00+00:00,1448.6245426060011
2018-05-08 05:00:00+00:00,1535.6422866072458
2018-05-08 06:00:00+00:00,1756.1401866948258
2018-05-08 07:00:00+00:00,2006.9079521814201
2018-05-08 08:00:00+00:00,2189.010224908693
2018-05-08 09:00:00+00:00,2260.633076604751
2018-05-08 10:00:00+00:00,2289.3016954963414
2018-05-08 11:00:00+00:00,2310.121087668233
2018-05-08 12:00:00+00:00,2301.4718064678386
2018-05-08 13:00:00+00:00,2217.314767907551
2018-05-08 14:00:00+00:00,2147.2981004026456
2018-05-08 15:00:00+00:00,2195.9644987020292
2018-05-08 16:00:00+00:00,2288.968745798853
2018-05-08 17:00:00+00:00,2455.032157539734
2018-05-08 18:00:00+00:00,2672.58148147576
2018-05-08 19:00:00+00:00,2675.341428176541
2018-05-08 20:00:00+00:00,2589.8823591106293
2018-05-08 21:00:00+00:00,2359.893419289428
2018-05-08 22:00:00+00:00,2099.0685281997876
2018-05-08 23:00:00+00:00,1890.2656540601217
2018-05-09 00:00:00+00:00,1734.5570063800849
2018-05-09 01:00:00+00:00,1629.559897360443
2018-05-09 02:00:00+00:00,1540.3580228765659
2018-05-09 03:00:00+00:00,1483.4018566090087
2018-05-09 04:00:00+00:00,1466.6436190877193
2018-05-09 05:00:00+00:00,1553.5124451015113
2018-05-09 06:00:00+00:00,1768.6492976408122
2018-05-09 07:00:00+00:00,1990.9068625675097
2018-05-09 08:00:00+00:00,2177.6761197655064
2018-05-09 09:00:00+00:00,2249.165629048115
2018-05-09 10:00:00+00:00,2277.834247939705
2018-05-09 11:00:00+00:00,2310.121087668233
2018-05-09 12:00:00+00:00,2324.940071234908
2018-05-09 13:00:00+00:00,2257.9175328028496
2018-05-09 14:00:00+00:00,2157.4260485950267
2018-05-09 15:00:00+00:00,2185.7189411653167
2018-05-09 16:00:00+00:00,2302.073528694648
2018-05-09 17:00:00+00:00,2466.1116558061785
2018-05-09 18:00:00+00:00,2672.58148147576
2018-05-09 19:00:00+00:00,2666.4956997218787
2018-05-09 20:00:00+00:00,2572.905708541077
2018-05-09 21:00:00+00:00,2334.279525447647
2018-05-09 22:00:00+00:00,2062.851673651409
2018-05-09 23:00:00+00:00,1841.6588229557183
2018-05-10 00:00:00+00:00,1675.466348959046
2018-05-10 01:00:00+00:00,1567.3717458003975
2018-05-10 02:00:00+00:00,1471.5579126736425
2018-05-10 03:00:00+00:00,1401.3778291203284
2018-05-10 04:00:00+00:00,1371.6339430932057
2018-05-10 05:00:00+00:00,1597.187229416052
2018-05-10 06:00:00+00:00,1994.060666165665
2018-05-10 07:00:00+00:00,2401.601495991219
2018-05-10 08:00:00+00:00,2631.0403254929774
2018-05-10 09:00:00+00:00,2679.1949124219664
2018-05-10 10:00:00+00:00,2667.7274648653306
2018-05-10 11:00:00+00:00,2675.5459717259196
2018-05-10 12:00:00+00:00,2676.964042740945
2018-05-10 13:00:00+00:00,2605.941231905408
2018-05-10 14:00:00+00:00,2501.4494752941077
2018-05-10 15:00:00+00:00,2398.2424472843836
2018-05-10 16:00:00+00:00,2371.8766007690465
2018-05-10 17:00:00+00:00,2463.2393611441
2018-05-10 18:00:00+00:00,2621.975991658643
2018-05-10 19:00:00+00:00,2562.7539844133657
2018-05-10 20:00:00+00:00,2402.204487131956
2018-05-10 21:00:00+00:00,2152.420879171001
2018-05-10 22:00:00+00:00,1929.302022504262
2018-05-10 23:00:00+00:00,1740.3945914882122
2018-05-11 00:00:00+00:00,1601.603027182747
2018-05-11 01:00:00+00:00,1513.8208375125812
2018-05-11 02:00:00+00:00,1437.1578575721805
2018-05-11 03:00:00+00:00,1380.4697436820372
2018-05-11 04:00:00+00:00,1383.4161334945811
2018-05-11 05:00:00+00:00,1617.1885914334403
2018-05-11 06:00:00+00:00,1970.725743812045
2018-05-11 07:00:00+00:00,2305.5949583077545
2018-05-11 08:00:00+00:00,2483.696958631549
2018-05-11 09:00:00+00:00,2530.118094185698
2018-05-11 10:00:00+00:00,2535.8518179640164
2018-05-11 11:00:00+00:00,2547.937282054982
2018-05-11 12:00:00+00:00,2536.1544541385297
2018-05-11 13:00:00+00:00,2420.3285923840435
2018-05-11 14:00:00+00:00,2254.8993528264336
2018-05-11 15:00:00+00:00,2149.8594897868234
2018-05-11 16:00:00+00:00,2265.3801365864215
2018-05-11 17:00:00+00:00,2443.9526592732886
2018-05-11 18:00:00+00:00,2663.646402228627
2018-05-11 19:00:00+00:00,2669.444275873433
2018-05-11 20:00:00+00:00,2587.052917349037
2018-05-11 21:00:00+00:00,2362.4548086736063
2018-05-11 22:00:00+00:00,2103.595635018335
2018-05-11 23:00:00+00:00,1894.316223318822
2018-05-12 00:00:00+00:00,1614.8553381647782
2018-05-12 01:00:00+00:00,1518.703759042481
2018-05-12 02:00:00+00:00,1432.5329612752066
2018-05-12 03:00:00+00:00,1381.0594589123484
2018-05-12 04:00:00+00:00,1370.0722897981236
2018-05-12 05:00:00+00:00,1453.0761976442393
2018-05-12 06:00:00+00:00,1656.4773199857227
2018-05-12 07:00:00+00:00,1857.6625426739167
2018-05-12 08:00:00+00:00,1998.8869969240116
2018-05-12 09:00:00+00:00,2059.7298563317327
2018-05-12 10:00:00+00:00,2070.394582559404
2018-05-12 11:00:00+00:00,2083.6802034983807
2018-05-12 12:00:00+00:00,2080.348692873311
2018-05-12 13:00:00+00:00,2010.5688516660773
2018-05-12 14:00:00+00:00,2023.1902467746022
2018-05-12 15:00:00+00:00,2066.0679050657436
2018-05-12 16:00:00+00:00,2155.55331939773
2018-05-12 17:00:00+00:00,2314.0917066753336
2018-05-12 18:00:00+00:00,2515.9693980051798
2018-05-12 19:00:00+00:00,2512.747110592689
2018-05-12 20:00:00+00:00,2429.641640679131
2018-05-12 21:00:00+00:00,2213.757616957453
2018-05-12 22:00:00+00:00,1964.7643592495501
2018-05-12 23:00:00+00:00,1765.4811170970954
2018-05-13 00:00:00+00:00,1614.8553381647782
2018-05-13 01:00:00+00:00,1513.8841772965775
2018-05-13 02:00:00+00:00,1427.962668240298
2018-05-13 03:00:00+00:00,1375.0765298484678
2018-05-13 04:00:00+00:00,1363.9785657515788
2018-05-13 05:00:00+00:00,1449.752348164306
2018-05-13 06:00:00+00:00,1648.7216711992112
2018-05-13 07:00:00+00:00,1851.5433821877843
2018-05-13 08:00:00+00:00,2030.5091502735027
2018-05-13 09:00:00+00:00,2097.056398128583
2018-05-13 10:00:00+00:00,2113.0534874700907
2018-05-13 11:00:00+00:00,2132.229509523188
2018-05-13 12:00:00+00:00,2129.4560368984035
2018-05-13 13:00:00+00:00,2051.313999481843
2018-05-13 14:00:00+00:00,1996.9872333744604
2018-05-13 15:00:00+00:00,2042.2469837928872
2018-05-13 16:00:00+00:00,2133.615912830169
2018-05-13 17:00:00+00:00,2293.4838398997463
2018-05-13 18:00:00+00:00,2502.1200251721243
2018-05-13 19:00:00+00:00,2504.520583129854
2018-05-13 20:00:00+00:00,2416.484736487728
2018-05-13 21:00:00+00:00,2197.0829720664537
2018-05-13 22:00:00+00:00,1950.0286265551783
2018-05-13 23:00:00+00:00,1756.0635435706176
2018-05-14 00:00:00+00:00,1730.8638402912702
2018-05-14 01:00:00+00:00,1624.3775513971057
2018-05-14 02:00:00+00:00,1530.5294357047196
2018-05-14 03:00:00+00:00,1470.5353424931373
2018-05-14 04:00:00+00:00,1451.90073832995
2018-05-14 05:00:00+00:00,1541.0033341555254
2018-05-14 06:00:00+00:00,1756.1401866948258
2018-05-14 07:00:00+00:00,2028.2427383333015
2018-05-14 08:00:00+00:00,2228.6795929098466
2018-05-14 09:00:00+00:00,2306.5028668312953
2018-05-14 10:00:00+00:00,2335.1714857228853
2018-05-14 11:00:00+00:00,2373.9254325037023
2018-05-14 12:00:00+00:00,2383.61073315258
2018-05-14 13:00:00+00:00,2304.3206926831904
2018-05-14 14:00:00+00:00,2197.562115043253
2018-05-14 15:00:00+00:00,2172.9119942444263
2018-05-14 16:00:00+00:00,2291.5897023780117
2018-05-14 17:00:00+00:00,2460.571906672956
2018-05-14 18:00:00+00:00,2681.516560722893
2018-05-14 19:00:00+00:00,2684.187156631203
2018-05-14 20:00:00+00:00,2604.02956791859
2018-05-14 21:00:00+00:00,2377.8231449786754
2018-05-14 22:00:00+00:00,2114.9134020647034
2018-05-14 23:00:00+00:00,1904.4426464655726
2018-05-15 00:00:00+00:00,1743.7899216021221
2018-05-15 01:00:00+00:00,1638.1971406326709
2018-05-15 02:00:00+00:00,1545.2723164624895
2018-05-15 03:00:00+00:00,1483.4018566090087
2018-05-15 04:00:00+00:00,1451.90073832995
2018-05-15 05:00:00+00:00,1515.9851122635532
2018-05-15 06:00:00+00:00,1793.3803339245346
2018-05-15 07:00:00+00:00,2150.9177587066174
2018-05-15 08:00:00+00:00,2376.022959771275
2018-05-15 09:00:00+00:00,2478.5145801808358
2018-05-15 10:00:00+00:00,2524.38437040738
2018-05-15 11:00:00+00:00,2576.939256980195
2018-05-15 12:00:00+00:00,2600.69218224797
2018-05-15 13:00:00+00:00,2530.5360970998536
2018-05-15 14:00:00+00:00,2415.443618619338
2018-05-15 15:00:00+00:00,2226.230733934843
2018-05-15 16:00:00+00:00,2226.0657878990373
2018-05-15 17:00:00+00:00,2396.864791640898
2018-05-15 18:00:00+00:00,2613.0142864948734
2018-05-15 19:00:00+00:00,2616.3699051454637
2018-05-15 20:00:00+00:00,2533.2935238787877
2018-05-15 21:00:00+00:00,2313.788410374222
2018-05-15 22:00:00+00:00,2058.3245668328614
2018-05-15 23:00:00+00:00,1853.8105307318192
2018-05-16 00:00:00+00:00,2124.8881274215696
2018-05-16 01:00:00+00:00,1909.47885424389
2018-05-16 02:00:00+00:00,1727.8108229911827
2018-05-16 03:00:00+00:00,1570.527218675852
2018-05-16 04:00:00+00:00,1424.1295192432779
2018-05-16 05:00:00+00:00,1440.5121261391885
2018-05-16 06:00:00+00:00,1568.1751534490418
2018-05-16 07:00:00+00:00,1780.101254511621
2018-05-16 08:00:00+00:00,2138.669011012025
2018-05-16 09:00:00+00:00,2493.156489660881
2018-05-16 10:00:00+00:00,2683.661132002837
2018-05-16 11:00:00+00:00,2709.385217654869
2018-05-16 12:00:00+00:00,2680.1432263854467
2018-05-16 13:00:00+00:00,2663.9764594282597
2018-05-16 14:00:00+00:00,2610.8151732837114
2018-05-16 15:00:00+00:00,2415.4875382690325
2018-05-16 16:00:00+00:00,2218.1197643285805
2018-05-16 17:00:00+00:00,2195.4692967544215
2018-05-16 18:00:00+00:00,2273.26047936776
2018-05-16 19:00:00+00:00,2427.850455126056
2018-05-16 20:00:00+00:00,2637.9332297285446
2018-05-16 21:00:00+00:00,2638.6218265025236
2018-05-16 22:00:00+00:00,2552.2130577913
2018-05-16 23:00:00+00:00,2318.26230383192
2018-05-17 00:00:00+00:00,2051.005744142877
2018-05-17 01:00:00+00:00,1837.17619297609
2018-05-17 02:00:00+00:00,1667.538352421723
2018-05-17 03:00:00+00:00,1530.001273242556
2018-05-17 04:00:00+00:00,1392.3831826782146
2018-05-17 05:00:00+00:00,1506.6126273342536
2018-05-17 06:00:00+00:00,1639.2399926968226
2018-05-17 07:00:00+00:00,1865.7870893941129
2018-05-17 08:00:00+00:00,2248.156466695209
2018-05-17 09:00:00+00:00,2623.7253809103922
2018-05-17 10:00:00+00:00,2828.1709725784694
2018-05-17 11:00:00+00:00,2873.140368763631
2018-05-17 12:00:00+00:00,2861.4435722558624
2018-05-17 13:00:00+00:00,2859.2177546247954
2018-05-17 14:00:00+00:00,2790.34739875179
2018-05-17 15:00:00+00:00,2551.564804618133
2018-05-17 16:00:00+00:00,2358.481322421806
2018-05-17 17:00:00+00:00,2317.542534644615
2018-05-17 18:00:00+00:00,2329.548020050388
2018-05-17 19:00:00+00:00,2417.637688318509
2018-05-17 20:00:00+00:00,2552.0071759453986
2018-05-17 21:00:00+00:00,2515.3123718445413
2018-05-17 22:00:00+00:00,2433.885803321519
2018-05-17 23:00:00+00:00,2216.3702341293147
2018-05-18 00:00:00+00:00,1972.5057119092658
2018-05-18 01:00:00+00:00,1773.1366929960393
2018-05-18 02:00:00+00:00,1614.7999406734457
2018-05-18 03:00:00+00:00,1482.4273372991213
2018-05-18 04:00:00+00:00,1482.1492954122539
2018-05-18 05:00:00+00:00,1580.0576286621042
2018-05-18 06:00:00+00:00,1702.8243225501005
2018-05-18 07:00:00+00:00,1931.0715350188693
2018-05-18 08:00:00+00:00,2319.561329097285
2018-05-18 09:00:00+00:00,2699.8905674726075
2018-05-18 10:00:00+00:00,2897.535696054772
2018-05-18 11:00:00+00:00,2937.4727495563598
2018-05-18 12:00:00+00:00,2914.079156540822
2018-05-18 13:00:00+00:00,2900.6325748179997
2018-05-18 14:00:00+00:00,2832.238251361008
2018-05-18 15:00:00+00:00,2598.896027696081
2018-05-18 16:00:00+00:00,2411.1169067067653
2018-05-18 17:00:00+00:00,2352.6329241679214
2018-05-18 18:00:00+00:00,2365.4544651440037
2018-05-18 19:00:00+00:00,2449.2598416680003
2018-05-18 20:00:00+00:00,2572.408565203135
2018-05-18 21:00:00+00:00,2515.3123718445413
2018-05-18 22:00:00+00:00,2433.885803321519
2018-05-18 23:00:00+00:00,2216.3702341293147
2018-05-19 00:00:00+00:00,1463.7309818104704
2018-05-19 01:00:00+00:00,1374.1163066653758
2018-05-19 02:00:00+00:00,1296.947601239588
2018-05-19 03:00:00+00:00,1246.4435549750435
2018-05-19 04:00:00+00:00,1378.6532741970084
2018-05-19 05:00:00+00:00,1630.4740034310641
2018-05-19 06:00:00+00:00,2006.3867640561339
2018-05-19 07:00:00+00:00,2387.2598624615166
2018-05-19 08:00:00+00:00,2604.978269455925
2018-05-19 09:00:00+00:00,2683.616340650516
2018-05-19 10:00:00+00:00,2710.278156219695
2018-05-19 11:00:00+00:00,2747.1873858374092
2018-05-19 12:00:00+00:00,2762.3951376662567
2018-05-19 13:00:00+00:00,2698.6380798126024
2018-05-19 14:00:00+00:00,2582.3014414876375
2018-05-19 15:00:00+00:00,2416.9981849587284
2018-05-19 16:00:00+00:00,2325.8854129987717
2018-05-19 17:00:00+00:00,2383.0748885778225
2018-05-19 18:00:00+00:00,2481.840627820271
2018-05-19 19:00:00+00:00,2364.945951495021
2018-05-19 20:00:00+00:00,2198.7077663479936
2018-05-19 21:00:00+00:00,1999.369325501746
2018-05-19 22:00:00+00:00,1779.5151482345923
2018-05-19 23:00:00+00:00,1601.6153377363764
2018-05-20 00:00:00+00:00,1467.1656262730687
2018-05-20 01:00:00+00:00,1378.9358884112794
2018-05-20 02:00:00+00:00,1296.947601239588
2018-05-20 03:00:00+00:00,1263.1846949835976
2018-05-20 04:00:00+00:00,1395.704435316832
2018-05-20 05:00:00+00:00,1667.6765367834068
2018-05-20 06:00:00+00:00,2084.5120840960535
2018-05-20 07:00:00+00:00,2471.585604726826
2018-05-20 08:00:00+00:00,2684.0336528296525
2018-05-20 09:00:00+00:00,2747.6046980165456
2018-05-20 10:00:00+00:00,2763.601787358053
2018-05-20 11:00:00+00:00,2784.947957190037
2018-05-20 12:00:00+00:00,2784.2206238996314
2018-05-20 13:00:00+00:00,2693.243712476513
2018-05-20 14:00:00+00:00,2566.3043521461295
2018-05-20 15:00:00+00:00,2406.333458731057
2018-05-20 16:00:00+00:00,2304.059926765397
2018-05-20 17:00:00+00:00,2325.410961881692
2018-05-20 18:00:00+00:00,2407.435561115586
2018-05-20 19:00:00+00:00,2315.8386074699292
2018-05-20 20:00:00+00:00,2198.0801269104336
2018-05-20 21:00:00+00:00,1999.369325501746
2018-05-20 22:00:00+00:00,1773.199834222719
2018-05-20 23:00:00+00:00,1592.1977642098984
2018-05-21 00:00:00+00:00,1967.8880629543473
2018-05-21 01:00:00+00:00,1771.0709026741017
2018-05-21 02:00:00+00:00,1605.3823671469675
2018-05-21 03:00:00+00:00,1488.0526992279895
2018-05-21 04:00:00+00:00,1541.9933705682802
2018-05-21 05:00:00+00:00,1635.141379657992
2018-05-21 06:00:00+00:00,1751.4476336143723
2018-05-21 07:00:00+00:00,1971.8743135343414
2018-05-21 08:00:00+00:00,2348.1232740581163
2018-05-21 09:00:00+00:00,2705.330937941337
2018-05-21 10:00:00+00:00,2868.6337279396457
2018-05-21 11:00:00+00:00,2878.9887670175153
2018-05-21 12:00:00+00:00,2849.746775748093
2018-05-21 13:00:00+00:00,2829.6357402010776
2018-05-21 14:00:00+00:00,2766.409768689379
2018-05-21 15:00:00+00:00,2551.564804618133
2018-05-21 16:00:00+00:00,2346.7845259140363
2018-05-21 17:00:00+00:00,2282.452145121309
2018-05-21 18:00:00+00:00,2293.6415749567723
2018-05-21 19:00:00+00:00,2398.664396308814
2018-05-21 20:00:00+00:00,2538.4062497735754
2018-05-21 21:00:00+00:00,2536.3652055666353
2018-05-21 22:00:00+00:00,2471.40420108023
2018-05-21 23:00:00+00:00,2252.946874535378
2018-05-22 00:00:00+00:00,2000.2116056387756
2018-05-22 01:00:00+00:00,1793.7945962154106
2018-05-22 02:00:00+00:00,1616.6834553787412
2018-05-22 03:00:00+00:00,1472.2756248686735
2018-05-22 04:00:00+00:00,1515.8115876875186
2018-05-22 05:00:00+00:00,1580.0576286621042
2018-05-22 06:00:00+00:00,1650.4607567885773
2018-05-22 07:00:00+00:00,1816.8237551755462
2018-05-22 08:00:00+00:00,2143.429335172163
2018-05-22 09:00:00+00:00,2493.156489660881
2018-05-22 10:00:00+00:00,2695.2219192488874
2018-05-22 11:00:00+00:00,2785.4143949553654
2018-05-22 12:00:00+00:00,2832.2015809864406
2018-05-22 13:00:00+00:00,2865.134157509539
2018-05-22 14:00:00+00:00,2826.2538438454058
2018-05-22 15:00:00+00:00,2675.8092651977468
2018-05-22 16:00:00+00:00,2569.0236595616434
2018-05-22 17:00:00+00:00,2528.084871784453
2018-05-22 18:00:00+00:00,2544.986690612083
2018-05-22 19:00:00+00:00,2645.317192434845
2018-05-22 20:00:00+00:00,2796.8238470382335
2018-05-22 21:00:00+00:00,2714.995940927428
2018-05-22 22:00:00+00:00,2547.1551758488413
2018-05-22 23:00:00+00:00,2253.210153851887
2018-05-23 00:00:00+00:00,1949.8621576090893
2018-05-23 01:00:00+00:00,1726.116249846031
2018-05-23 02:00:00+00:00,1586.4607361994126
2018-05-23 03:00:00+00:00,1570.8823396143985
2018-05-23 04:00:00+00:00,1613.0582098160612
2018-05-23 05:00:00+00:00,1701.2418808530574
2018-05-23 06:00:00+00:00,1822.512472862153
2018-05-23 07:00:00+00:00,2041.239037010645
2018-05-23 08:00:00+00:00,2400.486839819639
2018-05-23 09:00:00+00:00,2737.973160753715
2018-05-23 10:00:00+00:00,2897.535696054772
2018-05-23 11:00:00+00:00,2914.079156540822
2018-05-23 12:00:00+00:00,2884.8371652714
2018-05-23 13:00:00+00:00,2847.384948855308
2018-05-23 14:00:00+00:00,2772.394176204982
2018-05-23 15:00:00+00:00,2592.979624811337
2018-05-23 16:00:00+00:00,2405.2685084528807
2018-05-23 17:00:00+00:00,2282.452145121309
2018-05-23 18:00:00+00:00,2239.7819073163487
2018-05-23 19:00:00+00:00,2379.8208301410173
2018-05-23 20:00:00+00:00,2589.326398624141
2018-05-23 21:00:00+00:00,2587.4935160345794
2018-05-23 22:00:00+00:00,2497.3784764516454
2018-05-23 23:00:00+00:00,2273.8478119102715
2018-05-24 00:00:00+00:00,2020.9910259359078
2018-05-24 01:00:00+00:00,1820.6498704005935
2018-05-24 02:00:00+00:00,1654.353749484654
2018-05-24 03:00:00+00:00,1510.6192993396749
2018-05-24 04:00:00+00:00,1429.7857296507311
2018-05-24 05:00:00+00:00,1524.9738776662161
2018-05-24 06:00:00+00:00,1639.2399926968226
2018-05-24 07:00:00+00:00,1853.5462558394718
2018-05-24 08:00:00+00:00,2200.5532250938245
2018-05-24 09:00:00+00:00,2525.7987124732585
2018-05-24 10:00:00+00:00,2689.441525625862
2018-05-24 11:00:00+00:00,2715.2336159087527
2018-05-24 12:00:00+00:00,2662.5980316237938
2018-05-24 13:00:00+00:00,2622.561639235055
2018-05-24 14:00:00+00:00,2580.893135705698
2018-05-24 15:00:00+00:00,2415.4875382690325
2018-05-24 16:00:00+00:00,2247.3617555980027
2018-05-24 17:00:00+00:00,2182.406210895113
2018-05-24 18:00:00+00:00,2262.5669765247917
2018-05-24 19:00:00+00:00,2419.3746389522257
2018-05-24 20:00:00+00:00,2616.667741120368
2018-05-24 21:00:00+00:00,2596.516159058334
2018-05-24 22:00:00+00:00,2491.6064152579975
2018-05-24 23:00:00+00:00,2258.1721088791014
2018-05-25 00:00:00+00:00,1491.2081375112537
2018-05-25 01:00:00+00:00,1396.6076881462589
2018-05-25 02:00:00+00:00,1313.7053423675854
2018-05-25 03:00:00+00:00,1259.905145368774
2018-05-25 04:00:00+00:00,1351.3714164052906
2018-05-25 05:00:00+00:00,1582.1107100730194
2018-05-25 06:00:00+00:00,1932.6017395739877
2018-05-25 07:00:00+00:00,2278.132431294645
2018-05-25 08:00:00+00:00,2478.4896560579605
2018-05-25 09:00:00+00:00,2544.974899690787
2018-05-25 10:00:00+00:00,2555.639625918459
2018-05-25 11:00:00+00:00,2563.77889641036
2018-05-25 12:00:00+00:00,2560.509390007545
2018-05-25 13:00:00+00:00,2493.6521210411947
2018-05-25 14:00:00+00:00,2401.0010956172214
2018-05-25 15:00:00+00:00,2289.0214702266703
2018-05-25 16:00:00+00:00,2216.7579818318995
2018-05-25 17:00:00+00:00,2267.747035185561
2018-05-25 18:00:00+00:00,2382.633872214025
2018-05-25 19:00:00+00:00,2321.977025473065
2018-05-25 20:00:00+00:00,2210.488568576235
2018-05-25 21:00:00+00:00,1990.409135851868
2018-05-25 22:00:00+00:00,1758.9662130783952
2018-05-25 23:00:00+00:00,1569.5955877463512
2018-05-26 00:00:00+00:00,1432.8191816470896
2018-05-26 01:00:00+00:00,1345.1988161899549
2018-05-26 02:00:00+00:00,1278.666429099954
2018-05-26 03:00:00+00:00,1273.22937898873
2018-05-26 04:00:00+00:00,1409.3453642126908
2018-05-26 05:00:00+00:00,1656.515776777704
2018-05-26 06:00:00+00:00,2019.4076507294537
2018-05-26 07:00:00+00:00,2372.3788491205796
2018-05-26 08:00:00+00:00,2573.3561161064335
2018-05-26 09:00:00+00:00,2646.2897988536665
2018-05-26 10:00:00+00:00,2662.2868881951736
2018-05-26 11:00:00+00:00,2687.8493451404233
2018-05-26 12:00:00+00:00,2691.4623074077904
2018-05-26 13:00:00+00:00,2612.328202435168
2018-05-26 14:00:00+00:00,2507.648357893937
2018-05-26 15:00:00+00:00,2385.0040062757143
2018-05-26 16:00:00+00:00,2298.6035552070534
2018-05-26 17:00:00+00:00,2308.1117838728524
2018-05-26 18:00:00+00:00,2395.0347166648053
2018-05-26 19:00:00+00:00,2334.2538614793384
2018-05-26 20:00:00+00:00,2216.3789696903555
2018-05-26 21:00:00+00:00,1987.458864865318
2018-05-26 22:00:00+00:00,1773.199834222719
2018-05-26 23:00:00+00:00,1601.6153377363764
2018-05-27 00:00:00+00:00,1472.317592966965
2018-05-27 01:00:00+00:00,1383.7554701571828
2018-05-27 02:00:00+00:00,1303.0413252861324
2018-05-27 03:00:00+00:00,1247.9392872410137
2018-05-27 04:00:00+00:00,1388.8839708689025
2018-05-27 05:00:00+00:00,1663.9562834481728
2018-05-27 06:00:00+00:00,2058.4703107494133
2018-05-27 07:00:00+00:00,2426.9425647040152
2018-05-27 08:00:00+00:00,2626.0597050222523
2018-05-27 09:00:00+00:00,2678.2839775366806
2018-05-27 10:00:00+00:00,2678.2839775366806
2018-05-27 11:00:00+00:00,2682.4549778043333
2018-05-27 12:00:00+00:00,2664.1804496160726
2018-05-27 13:00:00+00:00,2531.412692393823
2018-05-27 14:00:00+00:00,2353.0098275926994
2018-05-27 15:00:00+00:00,2219.7007497468053
2018-05-27 16:00:00+00:00,2189.4761240401817
2018-05-27 17:00:00+00:00,2256.2142498463345
2018-05-27 18:00:00+00:00,2376.433449988634
2018-05-27 19:00:00+00:00,2328.1154434762025
2018-05-27 20:00:00+00:00,2210.488568576235
2018-05-27 21:00:00+00:00,1989.8409569926032
2018-05-27 22:00:00+00:00,1766.8845202108453
2018-05-27 23:00:00+00:00,1588.4307347993074
2018-05-28 00:00:00+00:00,1960.9615895219702
2018-05-28 01:00:00+00:00,1764.8735317082908
2018-05-28 02:00:00+00:00,1601.6153377363762
2018-05-28 03:00:00+00:00,1471.8553515339136
2018-05-28 04:00:00+00:00,1463.4480219259958
2018-05-28 05:00:00+00:00,1524.9738776662161
2018-05-28 06:00:00+00:00,1605.577700421558
2018-05-28 07:00:00+00:00,1731.1379202930543
2018-05-28 08:00:00+00:00,1924.454423805794
2018-05-28 09:00:00+00:00,2134.0920387247234
2018-05-28 10:00:00+00:00,2336.8375146213216
2018-05-28 11:00:00+00:00,2492.9944822611465
2018-05-28 12:00:00+00:00,2569.0236595616434
2018-05-28 13:00:00+00:00,2575.230416157107
2018-05-28 14:00:00+00:00,2509.0802455184667
2018-05-28 15:00:00+00:00,2374.0727180758277
2018-05-28 16:00:00+00:00,2247.3617555980027
2018-05-28 17:00:00+00:00,2177.18097655139
2018-05-28 18:00:00+00:00,2243.8533465495966
2018-05-28 19:00:00+00:00,2385.4713742569043
2018-05-28 20:00:00+00:00,2577.1746908480404
2018-05-28 21:00:00+00:00,2563.4331346379
2018-05-28 22:00:00+00:00,2474.2902316770533
2018-05-28 23:00:00+00:00,2258.1721088791014
2018-05-29 00:00:00+00:00,2011.7557280260712
2018-05-29 01:00:00+00:00,1812.3867091128448
2018-05-29 02:00:00+00:00,1646.8196906634712
2018-05-29 03:00:00+00:00,1512.3812969672097
2018-05-29 04:00:00+00:00,1407.344201467221
2018-05-29 05:00:00+00:00,1491.9236270686836
2018-05-29 06:00:00+00:00,1594.356936329803
2018-05-29 07:00:00+00:00,1792.342088066263
2018-05-29 08:00:00+00:00,2133.9086868518857
2018-05-29 09:00:00+00:00,2465.9546373172325
2018-05-29 10:00:00+00:00,2637.4179830186354
2018-05-29 11:00:00+00:00,2668.4464298776775
2018-05-29 12:00:00+00:00,2639.2044386082557
2018-05-29 13:00:00+00:00,2622.561639235055
2018-05-29 14:00:00+00:00,2568.924320674493
2018-05-29 15:00:00+00:00,2415.4875382690325
2018-05-29 16:00:00+00:00,2259.058552105771
2018-05-29 17:00:00+00:00,2182.406210895113
2018-05-29 18:00:00+00:00,2270.5871036570184
2018-05-29 19:00:00+00:00,2436.326271299886
2018-05-29 20:00:00+00:00,2653.1228644486705
2018-05-29 21:00:00+00:00,2650.6520172008636
2018-05-29 22:00:00+00:00,2560.871149581772
2018-05-29 23:00:00+00:00,2331.3253896912283
2018-05-30 00:00:00+00:00,2069.47633996255
2018-05-30 01:00:00+00:00,1859.899886517399
2018-05-30 02:00:00+00:00,1684.4899847693835
2018-05-30 03:00:00+00:00,1535.2872661251597
2018-05-30 04:00:00+00:00,1407.420921051139
2018-05-30 05:00:00+00:00,1425.8231258736182
2018-05-30 06:00:00+00:00,1523.292097082022
2018-05-30 07:00:00+00:00,1727.057642441507
2018-05-30 08:00:00+00:00,2072.024472770086
2018-05-30 09:00:00+00:00,2406.110562161206
2018-05-30 10:00:00+00:00,2573.833653165357
2018-05-30 11:00:00+00:00,2598.265650831065
2018-05-30 12:00:00+00:00,2569.0236595616434
2018-05-30 13:00:00+00:00,2551.564804618133
2018-05-30 14:00:00+00:00,2497.1114304872613
2018-05-30 15:00:00+00:00,2356.323509421598
2018-05-30 16:00:00+00:00,2212.271366074696
2018-05-30 17:00:00+00:00,2203.3071482700066
2018-05-30 18:00:00+00:00,2291.974109342955
2018-05-30 19:00:00+00:00,2458.9284477634333
2018-05-30 20:00:00+00:00,2674.388353056847
2018-05-30 21:00:00+00:00,2665.689755573788
2018-05-30 22:00:00+00:00,2569.529241372244
2018-05-30 23:00:00+00:00,2333.93800686309
2018-05-31 00:00:00+00:00,2069.47633996255
2018-05-31 01:00:00+00:00,1855.7683058735245
2018-05-31 02:00:00+00:00,1680.7229553587924
2018-05-31 03:00:00+00:00,1533.5252684976251
2018-05-31 04:00:00+00:00,1405.7500612319254
2018-05-31 05:00:00+00:00,1422.150875807226
2018-05-31 06:00:00+00:00,1508.3310782930155
2018-05-31 07:00:00+00:00,1698.4956974806762
2018-05-31 08:00:00+00:00,2029.18155532884
2018-05-31 09:00:00+00:00,2362.587598411369
2018-05-31 10:00:00+00:00,2539.1512914272053
2018-05-31 11:00:00+00:00,2580.720456069412
2018-05-31 12:00:00+00:00,2563.175261307759
2018-05-31 13:00:00+00:00,2545.6484017333896
2018-05-31 14:00:00+00:00,2503.095838002864
2018-05-31 15:00:00+00:00,2350.407106536854
2018-05-31 16:00:00+00:00,2194.726171313043
2018-05-31 17:00:00+00:00,2211.1449997855916
2018-05-31 18:00:00+00:00,2297.32086076444
2018-05-31 19:00:00+00:00,2464.5789918793203
2018-05-31 20:00:00+00:00,2674.388353056847
2018-05-31 21:00:00+00:00,2659.674660224618
2018-05-31 22:00:00+00:00,2557.9851189849483
2018-05-31 23:00:00+00:00,2320.8749210037818
2018-06-01 00:00:00+00:00,2060.241042052713
2018-06-01 01:00:00+00:00,1849.5709349077133
2018-06-01 02:00:00+00:00,1675.0724112429054
2018-06-01 03:00:00+00:00,1522.9532827324172
2018-06-01 04:00:00+00:00,1392.3831826782146
2018-06-01 05:00:00+00:00,1455.2011264047583
2018-06-01 06:00:00+00:00,1541.9933705682802
2018-06-01 07:00:00+00:00,1735.2181981446015
2018-06-01 08:00:00+00:00,2076.784796930224
2018-06-01 09:00:00+00:00,2416.991303098666
2018-06-01 10:00:00+00:00,2591.1748340344334
2018-06-01 11:00:00+00:00,2621.6592438466023
2018-06-01 12:00:00+00:00,2604.11404908495
2018-06-01 13:00:00+00:00,2587.0632219265935
2018-06-01 14:00:00+00:00,2539.00228309648
2018-06-01 15:00:00+00:00,2374.0727180758277
2018-06-01 16:00:00+00:00,2206.4229678208117
2018-06-01 17:00:00+00:00,2211.1449997855916
2018-06-01 18:00:00+00:00,2299.994236475182
2018-06-01 19:00:00+00:00,2467.404263937264
2018-06-01 20:00:00+00:00,2683.502133888923
2018-06-01 21:00:00+00:00,2677.719946272128
2018-06-01 22:00:00+00:00,2583.959394356363
2018-06-01 23:00:00+00:00,2352.2263270661215
2018-06-02 00:00:00+00:00,1551.3144156067167
2018-06-02 01:00:00+00:00,1456.0491963457355
2018-06-02 02:00:00+00:00,1371.59572080976
2018-06-02 03:00:00+00:00,1312.2557746777259
2018-06-02 04:00:00+00:00,1286.283584158135
2018-06-02 05:00:00+00:00,1451.9018433398205
2018-06-02 06:00:00+00:00,1785.0316906096957
2018-06-02 07:00:00+00:00,2119.4016223246504
2018-06-02 08:00:00+00:00,2309.838171527341
2018-06-02 09:00:00+00:00,2363.674553820371
2018-06-02 10:00:00+00:00,2363.674553820371
2018-06-02 11:00:00+00:00,2380.370406983312
2018-06-02 12:00:00+00:00,2380.449128582207
2018-06-02 13:00:00+00:00,2299.454896941967
2018-06-02 14:00:00+00:00,2198.3712972914627
2018-06-02 15:00:00+00:00,2086.3916719009117
2018-06-02 16:00:00+00:00,2036.1163280854544
2018-06-02 17:00:00+00:00,2193.0204893687574
2018-06-02 18:00:00+00:00,2396.864791640898
2018-06-02 19:00:00+00:00,2405.80225357583
2018-06-02 20:00:00+00:00,2337.543311339308
2018-06-02 21:00:00+00:00,2132.7664846297416
2018-06-02 22:00:00+00:00,1897.4010097895653
2018-06-02 23:00:00+00:00,1707.0921612329316
2018-06-03 00:00:00+00:00,1563.3356712258096
2018-06-03 01:00:00+00:00,1468.901414334811
2018-06-03 02:00:00+00:00,1382.2597378912133
2018-06-03 03:00:00+00:00,1319.734436007576
2018-06-03 04:00:00+00:00,1295.4241702279514
2018-06-03 05:00:00+00:00,1433.3005766636493
2018-06-03 06:00:00+00:00,1772.0108039363759
2018-06-03 07:00:00+00:00,2119.4016223246504
2018-06-03 08:00:00+00:00,2315.108530418923
2018-06-03 09:00:00+00:00,2385.0040062757143
2018-06-03 10:00:00+00:00,2395.668732503386
2018-06-03 11:00:00+00:00,2412.73661099985
2018-06-03 12:00:00+00:00,2407.7309863739247
2018-06-03 13:00:00+00:00,2331.821100958505
2018-06-03 14:00:00+00:00,2230.365475974477
2018-06-03 15:00:00+00:00,2123.7182136977617
2018-06-03 16:00:00+00:00,2053.0668350815927
2018-06-03 17:00:00+00:00,2172.41262259317
2018-06-03 18:00:00+00:00,2374.7057951080083
2018-06-03 19:00:00+00:00,2386.6070228292147
2018-06-03 20:00:00+00:00,2319.1236454713435
2018-06-03 21:00:00+00:00,2118.4739318660277
2018-06-03 22:00:00+00:00,1882.6652770951937
2018-06-03 23:00:00+00:00,1692.0240435905662
2018-06-04 00:00:00+00:00,2085.638111304764
2018-06-04 01:00:00+00:00,1874.3604187709586
2018-06-04 02:00:00+00:00,1695.7910730011577
2018-06-04 03:00:00+00:00,1545.8592518903674
2018-06-04 04:00:00+00:00,1415.7752201472085
2018-06-04 05:00:00+00:00,1411.1341256080484
2018-06-04 06:00:00+00:00,1515.8115876875186
2018-06-04 07:00:00+00:00,1727.057642441507
2018-06-04 08:00:00+00:00,2081.545121090363
2018-06-04 09:00:00+00:00,2433.3124145048546
2018-06-04 10:00:00+00:00,2608.5160149035087
2018-06-04 11:00:00+00:00,2639.2044386082557
2018-06-04 12:00:00+00:00,2609.962447338834
2018-06-04 13:00:00+00:00,2587.0632219265935
2018-06-04 14:00:00+00:00,2539.00228309648
2018-06-04 15:00:00+00:00,2391.8219267300587
2018-06-04 16:00:00+00:00,2241.513357344118
2018-06-04 17:00:00+00:00,2187.6314452388365
2018-06-04 18:00:00+00:00,2275.9338550785023
2018-06-04 19:00:00+00:00,2444.8020874737163
2018-06-04 20:00:00+00:00,2662.236645280746
2018-06-04 21:00:00+00:00,2659.674660224618
2018-06-04 22:00:00+00:00,2572.4152719690683
2018-06-04 23:00:00+00:00,2341.775858378675
2018-06-05 00:00:00+00:00,2081.0204623498457
2018-06-05 01:00:00+00:00,1870.2288381270846
2018-06-05 02:00:00+00:00,1692.0240435905662
2018-06-05 03:00:00+00:00,1538.8112613802289
2018-06-05 04:00:00+00:00,1402.4083415934979
2018-06-05 05:00:00+00:00,1455.2011264047583
2018-06-05 06:00:00+00:00,1568.1751534490418
2018-06-05 07:00:00+00:00,1784.1815323631686
2018-06-05 08:00:00+00:00,2152.94998349244
2018-06-05 09:00:00+00:00,2525.7987124732585
2018-06-05 10:00:00+00:00,2729.9042809870393
2018-06-05 11:00:00+00:00,2779.565996701481
2018-06-05 12:00:00+00:00,2773.7175984475966
2018-06-05 13:00:00+00:00,2770.471711353643
2018-06-05 14:00:00+00:00,2724.5189160801606
2018-06-05 15:00:00+00:00,2551.564804618133
2018-06-05 16:00:00+00:00,2358.481322421806
2018-06-05 17:00:00+00:00,2253.210153851887
2018-06-05 18:00:00+00:00,2227.8130922851433
2018-06-05 19:00:00+00:00,2388.2966463148477
2018-06-05 20:00:00+00:00,2601.4781064002427
2018-06-05 21:00:00+00:00,2602.5312544075045
2018-06-05 22:00:00+00:00,2520.466721226237
2018-06-05 23:00:00+00:00,2297.361366457026
2018-06-06 00:00:00+00:00,2041.7704462330403
2018-06-06 01:00:00+00:00,1833.044612332216
2018-06-06 02:00:00+00:00,1654.353749484654
2018-06-06 03:00:00+00:00,1503.5713088295367
2018-06-06 04:00:00+00:00,1463.4480219259958
2018-06-06 05:00:00+00:00,1580.0576286621042
2018-06-06 06:00:00+00:00,1702.8243225501005
2018-06-06 07:00:00+00:00,1935.1518128704165
2018-06-06 08:00:00+00:00,2329.081977417563
2018-06-06 09:00:00+00:00,2716.2116788787966
2018-06-06 10:00:00+00:00,2926.4376641698977
2018-06-06 11:00:00+00:00,2978.4115373335503
2018-06-06 12:00:00+00:00,2966.7147408257815
2018-06-06 13:00:00+00:00,2959.7966036654348
2018-06-06 14:00:00+00:00,2898.066734032637
2018-06-06 15:00:00+00:00,2687.642070967234
2018-06-06 16:00:00+00:00,2452.055694483956
2018-06-06 17:00:00+00:00,2299.9973398829616
2018-06-06 18:00:00+00:00,2239.7819073163487
2018-06-06 19:00:00+00:00,2385.4713742569043
2018-06-06 20:00:00+00:00,2592.364325568167
2018-06-06 21:00:00+00:00,2587.4935160345794
2018-06-06 22:00:00+00:00,2497.3784764516454
2018-06-06 23:00:00+00:00,2276.4604290821335
2018-06-07 00:00:00+00:00,2023.2998504133673
2018-06-07 01:00:00+00:00,1818.584080078656
2018-06-07 02:00:00+00:00,1644.9361759581757
2018-06-07 03:00:00+00:00,1500.0473135744674
2018-06-07 04:00:00+00:00,1452.2272578342408
2018-06-07 05:00:00+00:00,1576.3853785957115
2018-06-07 06:00:00+00:00,1736.4866148253652
2018-06-07 07:00:00+00:00,1996.3559806436253
2018-06-07 08:00:00+00:00,2414.7678123000546
2018-06-07 09:00:00+00:00,2825.01908825339
2018-06-07 10:00:00+00:00,3047.8259302534284
2018-06-07 11:00:00+00:00,3101.227900665122
2018-06-07 12:00:00+00:00,3083.6827059034686
2018-06-07 13:00:00+00:00,3060.375452706074
2018-06-07 14:00:00+00:00,2987.832846766676
2018-06-07 15:00:00+00:00,2764.555308468899
2018-06-07 16:00:00+00:00,2528.084871784453
2018-06-07 17:00:00+00:00,2370.1781189295743
2018-06-07 18:00:00+00:00,2311.59479750358
2018-06-07 19:00:00+00:00,2354.3933816195263
2018-06-07 20:00:00+00:00,2561.9850561279145
2018-06-07 21:00:00+00:00,2560.4255869633153
2018-06-07 22:00:00+00:00,2474.2902316770533
2018-06-07 23:00:00+00:00,2255.55949170724
2018-06-08 00:00:00+00:00,2004.8292545936938
2018-06-08 01:00:00+00:00,1802.057757503159
2018-06-08 02:00:00+00:00,1631.7515730211062
2018-06-08 03:00:00+00:00,1491.2373254367944
2018-06-08 04:00:00+00:00,1459.7077672287442
2018-06-08 05:00:00+00:00,1580.0576286621042
2018-06-08 06:00:00+00:00,1758.9281430088752
2018-06-08 07:00:00+00:00,2037.1587591590974
2018-06-08 08:00:00+00:00,2462.3710539014387
2018-06-08 09:00:00+00:00,2868.542052003227
2018-06-08 10:00:00+00:00,3065.167111122504
2018-06-08 11:00:00+00:00,3077.834307649584
2018-06-08 12:00:00+00:00,3019.350325110741
2018-06-08 13:00:00+00:00,2971.629409434922
2018-06-08 14:00:00+00:00,2898.066734032637
2018-06-08 15:00:00+00:00,2723.140488275694
2018-06-08 16:00:00+00:00,2528.084871784453
2018-06-08 17:00:00+00:00,2387.7233136912273
2018-06-08 18:00:00+00:00,2329.548020050388
2018-06-08 19:00:00+00:00,2367.0422429593227
2018-06-08 20:00:00+00:00,2555.909202239864
2018-06-08 21:00:00+00:00,2551.4029439395604
2018-06-08 22:00:00+00:00,2465.632139886582
2018-06-08 23:00:00+00:00,2245.1090230197933
2018-06-09 00:00:00+00:00,1482.621526354759
2018-06-09 01:00:00+00:00,1393.3946336489898
2018-06-09 02:00:00+00:00,1309.1350493326772
2018-06-09 03:00:00+00:00,1253.1400109784652
2018-06-09 04:00:00+00:00,1399.1146675407965
2018-06-09 05:00:00+00:00,1656.515776777704
2018-06-09 06:00:00+00:00,2058.4703107494133
2018-06-09 07:00:00+00:00,2456.704591385889
2018-06-09 08:00:00+00:00,2673.492935046489
2018-06-09 09:00:00+00:00,2731.6076086750386
2018-06-09 10:00:00+00:00,2731.6076086750386
2018-06-09 11:00:00+00:00,2736.39865116523
2018-06-09 12:00:00+00:00,2718.7441651995086
2018-06-09 13:00:00+00:00,2617.7225697712574
2018-06-09 14:00:00+00:00,2496.9836316662654
2018-06-09 15:00:00+00:00,2358.3421907065353
2018-06-09 16:00:00+00:00,2254.952582740305
2018-06-09 17:00:00+00:00,2267.747035185561
2018-06-09 18:00:00+00:00,2345.431338861682
2018-06-09 19:00:00+00:00,2304.3417482008617
2018-06-09 20:00:00+00:00,2234.9194586463627
2018-06-09 21:00:00+00:00,2037.4827995383164
2018-06-09 22:00:00+00:00,1811.09171829396
2018-06-09 23:00:00+00:00,1627.9845436105152
2018-06-10 00:00:00+00:00,1489.4908152799546
2018-06-10 01:00:00+00:00,1396.6076881462589
2018-06-10 02:00:00+00:00,1309.1350493326772
2018-06-10 03:00:00+00:00,1263.1846949835976
2018-06-10 04:00:00+00:00,1412.7555964366559
2018-06-10 05:00:00+00:00,1656.515776777704
2018-06-10 06:00:00+00:00,2036.7688329605471
2018-06-10 07:00:00+00:00,2407.101213582766
2018-06-10 08:00:00+00:00,2610.2486283475073
2018-06-10 09:00:00+00:00,2667.6192513090095
2018-06-10 10:00:00+00:00,2672.951614422845
2018-06-10 11:00:00+00:00,2693.243712476513
2018-06-10 12:00:00+00:00,2691.4623074077904
2018-06-10 13:00:00+00:00,2606.9338350990784
2018-06-10 14:00:00+00:00,2491.651268552429
2018-06-10 15:00:00+00:00,2353.0098275926994
2018-06-10 16:00:00+00:00,2244.039839623618
2018-06-10 17:00:00+00:00,2256.2142498463345
2018-06-10 18:00:00+00:00,2345.431338861682
2018-06-10 19:00:00+00:00,2293.3730449170816
2018-06-10 20:00:00+00:00,2216.499792778398
2018-06-10 21:00:00+00:00,2016.0439703927452
2018-06-10 22:00:00+00:00,1792.1457762583398
2018-06-10 23:00:00+00:00,1609.1493965575592
2018-06-11 00:00:00+00:00,1979.4321853416432
2018-06-11 01:00:00+00:00,1775.2024833179764
2018-06-11 02:00:00+00:00,1601.6153377363762
2018-06-11 03:00:00+00:00,1515.6625793567928
2018-06-11 04:00:00+00:00,1556.9543893572868
2018-06-11 05:00:00+00:00,1613.1078792596368
2018-06-11 06:00:00+00:00,1695.3438131555977
2018-06-11 07:00:00+00:00,1894.3490343549438
2018-06-11 08:00:00+00:00,2252.9167908553472
2018-06-11 09:00:00+00:00,2612.8446399729337
2018-06-11 10:00:00+00:00,2799.2690044633423
2018-06-11 11:00:00+00:00,2826.353182732556
2018-06-11 12:00:00+00:00,2797.1111914631338
2018-06-11 13:00:00+00:00,2770.471711353643
2018-06-11 14:00:00+00:00,2712.5501010489556
2018-06-11 15:00:00+00:00,2551.564804618133
2018-06-11 16:00:00+00:00,2381.874915437343
2018-06-11 17:00:00+00:00,2270.75534861354
2018-06-11 18:00:00+00:00,2233.797499800746
2018-06-11 19:00:00+00:00,2382.646102198961
2018-06-11 20:00:00+00:00,2592.364325568167
2018-06-11 21:00:00+00:00,2587.4935160345794
2018-06-11 22:00:00+00:00,2500.264507048469
2018-06-11 23:00:00+00:00,2273.8478119102715
2018-06-12 00:00:00+00:00,2018.6822014584486
2018-06-12 01:00:00+00:00,1810.3209187909079
2018-06-12 02:00:00+00:00,1633.6350877264017
2018-06-12 03:00:00+00:00,1484.1893349266559
2018-06-12 04:00:00+00:00,1467.1882766232472
2018-06-12 05:00:00+00:00,1513.9571274670388
2018-06-12 06:00:00+00:00,1586.8764269353
2018-06-12 07:00:00+00:00,1776.0209766600735
2018-06-12 08:00:00+00:00,2124.388038531609
2018-06-12 09:00:00+00:00,2471.3950077859627
2018-06-12 10:00:00+00:00,2643.1983766416597
2018-06-12 11:00:00+00:00,2656.7496333699096
2018-06-12 12:00:00+00:00,2615.8108455927186
2018-06-12 13:00:00+00:00,2575.230416157107
2018-06-12 14:00:00+00:00,2509.0802455184667
2018-06-12 15:00:00+00:00,2368.156315191084
2018-06-12 16:00:00+00:00,2229.816560836349
2018-06-12 17:00:00+00:00,2190.2440624106985
2018-06-12 18:00:00+00:00,2273.26047936776
2018-06-12 19:00:00+00:00,2430.6757271839992
2018-06-12 20:00:00+00:00,2634.8953027845187
2018-06-12 21:00:00+00:00,2623.5840881295985
2018-06-12 22:00:00+00:00,2526.238782419885
2018-06-12 23:00:00+00:00,2294.7487492851646
2018-06-13 00:00:00+00:00,2034.8439728006629
2018-06-13 01:00:00+00:00,1826.8472413664044
2018-06-13 02:00:00+00:00,1654.353749484654
2018-06-13 03:00:00+00:00,1519.429287477348
2018-06-13 04:00:00+00:00,1410.7626406895672
2018-06-13 05:00:00+00:00,1385.4283751433006
2018-06-13 06:00:00+00:00,1470.928531320499
2018-06-13 07:00:00+00:00,1665.8534746682983
2018-06-13 08:00:00+00:00,2000.6196103680093
2018-06-13 09:00:00+00:00,2335.3857460677204
2018-06-13 10:00:00+00:00,2516.0297169351047
2018-06-13 11:00:00+00:00,2551.47846479999
2018-06-13 12:00:00+00:00,2533.933270038337
2018-06-13 13:00:00+00:00,2521.9827901944154
2018-06-13 14:00:00+00:00,2485.1426154560563
2018-06-13 15:00:00+00:00,2374.0727180758277
2018-06-13 16:00:00+00:00,2264.906950359656
2018-06-13 17:00:00+00:00,2194.726171313043
2018-06-13 18:00:00+00:00,2251.8734736818224
2018-06-13 19:00:00+00:00,2408.0735507204517
2018-06-13 20:00:00+00:00,2610.591887232318
2018-06-13 21:00:00+00:00,2593.508611383749
2018-06-13 22:00:00+00:00,2494.492445854821
2018-06-13 23:00:00+00:00,2268.6225775665484
2018-06-14 00:00:00+00:00,2016.3733769809894
2018-06-14 01:00:00+00:00,1513.8208375125812
2018-06-14 02:00:00+00:00,1424.0530746763857
2018-06-14 03:00:00+00:00,1359.5616582437463
2018-06-14 04:00:00+00:00,1438.4198790423993
2018-06-14 05:00:00+00:00,1669.1921326786505
2018-06-14 06:00:00+00:00,2026.7295574607328
2018-06-14 07:00:00+00:00,2390.9341029152783
2018-06-14 08:00:00+00:00,2602.7050626350106
2018-06-14 09:00:00+00:00,2679.1949124219664
2018-06-14 10:00:00+00:00,2707.8635313135565
2018-06-14 11:00:00+00:00,2745.150711546432
2018-06-14 12:00:00+00:00,2764.9700356174535
2018-06-14 13:00:00+00:00,2692.947156681048
2018-06-14 14:00:00+00:00,2598.9227795255147
2018-06-14 15:00:00+00:00,2478.5145801808358
2018-06-14 16:00:00+00:00,2389.477799344348
2018-06-14 17:00:00+00:00,2407.435561115586
2018-06-14 18:00:00+00:00,2484.944817285969
2018-06-14 19:00:00+00:00,2495.478282931755
2018-06-14 20:00:00+00:00,2411.6275281303274
2018-06-14 21:00:00+00:00,2190.8417199336727
2018-06-14 22:00:00+00:00,1942.8833429599044
2018-06-14 23:00:00+00:00,1744.4451607469123
2018-06-15 00:00:00+00:00,1484.3388485860576
2018-06-15 01:00:00+00:00,1391.7881064003554
2018-06-15 02:00:00+00:00,1310.6584803443134
2018-06-15 03:00:00+00:00,1246.4435549750435
2018-06-15 04:00:00+00:00,1375.2430419730435
2018-06-15 05:00:00+00:00,1578.390456737785
2018-06-15 06:00:00+00:00,1915.2405573428946
2018-06-15 07:00:00+00:00,2258.2910801733956
2018-06-15 08:00:00+00:00,2462.678579383215
2018-06-15 09:00:00+00:00,2534.310173463115
2018-06-15 10:00:00+00:00,2555.639625918459
2018-06-15 11:00:00+00:00,2590.7507330908093
2018-06-15 12:00:00+00:00,2604.160362474294
2018-06-15 13:00:00+00:00,2531.412692393823
2018-06-15 14:00:00+00:00,2438.3276374140714
2018-06-15 15:00:00+00:00,2305.0185595681774
2018-06-15 16:00:00+00:00,2194.9324955985257
2018-06-15 17:00:00+00:00,2215.8495011590435
2018-06-15 18:00:00+00:00,2308.2288055093395
2018-06-15 19:00:00+00:00,2307.0839240218074
2018-06-15 20:00:00+00:00,2224.3939352932402
2018-06-15 21:00:00+00:00,2016.0439703927452
2018-06-15 22:00:00+00:00,1783.7253575758414
2018-06-15 23:00:00+00:00,1594.0812789151942
2018-06-16 00:00:00+00:00,1451.7097261913777
2018-06-16 01:00:00+00:00,1356.4445069303965
2018-06-16 02:00:00+00:00,1280.18986011159
2018-06-16 03:00:00+00:00,1296.666975000706
2018-06-16 04:00:00+00:00,1443.447686452338
2018-06-16 05:00:00+00:00,1701.1588168005148
2018-06-16 06:00:00+00:00,2097.532970769373
2018-06-16 07:00:00+00:00,2491.4269558480755
2018-06-16 08:00:00+00:00,2715.655806179144
2018-06-16 09:00:00+00:00,2800.928329154903
2018-06-16 10:00:00+00:00,2838.2548709517537
2018-06-16 11:00:00+00:00,2882.046569239651
2018-06-16 12:00:00+00:00,2898.8044266248453
2018-06-16 13:00:00+00:00,2822.7085285426647
2018-06-16 14:00:00+00:00,2715.610519333531
2018-06-16 15:00:00+00:00,2566.3043521461295
2018-06-16 16:00:00+00:00,2435.0128441656425
2018-06-16 17:00:00+00:00,2440.738815273954
2018-06-16 18:00:00+00:00,2525.2435833980044
2018-06-16 19:00:00+00:00,2450.883803538932
2018-06-16 20:00:00+00:00,2328.2965908586534
2018-06-16 21:00:00+00:00,2102.388761242419
2018-06-16 22:00:00+00:00,1853.2126309043292
2018-06-16 23:00:00+00:00,1645.48875578513
2018-06-17 00:00:00+00:00,1492.6100478916635
2018-06-17 01:00:00+00:00,1385.5238907748608
2018-06-17 02:00:00+00:00,1327.4997908375376
2018-06-17 03:00:00+00:00,1353.58685102979
2018-06-17 04:00:00+00:00,1477.5500086919856
2018-06-17 05:00:00+00:00,1742.0816034880918
2018-06-17 06:00:00+00:00,2140.935926347106
2018-06-17 07:00:00+00:00,2531.1096580905746
2018-06-17 08:00:00+00:00,2742.0076006370527
2018-06-17 09:00:00+00:00,2784.9312398133957
2018-06-17 10:00:00+00:00,2768.9341504718886
2018-06-17 11:00:00+00:00,2768.764855181768
2018-06-17 12:00:00+00:00,2756.9387661079136
2018-06-17 13:00:00+00:00,2650.0887737877956
2018-06-17 14:00:00+00:00,2512.980721007772
2018-06-17 15:00:00+00:00,2374.3392800480424
2018-06-17 16:00:00+00:00,2282.234440532023
2018-06-17 17:00:00+00:00,2290.8126058640128
2018-06-17 18:00:00+00:00,2370.2330277632436
2018-06-17 19:00:00+00:00,2287.8886932751916
2018-06-17 20:00:00+00:00,2216.499792778398
2018-06-17 21:00:00+00:00,2023.1902467746022
2018-06-17 22:00:00+00:00,1798.4610902702132
2018-06-17 23:00:00+00:00,1616.6834553787414
2018-06-18 00:00:00+00:00,1592.3701119607094
2018-06-18 01:00:00+00:00,1496.5463509681242
2018-06-18 02:00:00+00:00,1409.3101939186163
2018-06-18 03:00:00+00:00,1351.5200869213265
2018-06-18 04:00:00+00:00,1449.420628151963
2018-06-18 05:00:00+00:00,1709.1948567134273
2018-06-18 06:00:00+00:00,2101.4013089923164
2018-06-18 07:00:00+00:00,2492.2743371367133
2018-06-18 08:00:00+00:00,2704.7120089236914
2018-06-18 09:00:00+00:00,2765.2007690967366
2018-06-18 10:00:00+00:00,2770.934492875055
2018-06-18 11:00:00+00:00,2797.354266411815
2018-06-18 12:00:00+00:00,2806.039498959825
2018-06-18 13:00:00+00:00,2716.148736621218
2018-06-18 14:00:00+00:00,2598.9227795255147
2018-06-18 15:00:00+00:00,2484.2483039591543
2018-06-18 16:00:00+00:00,2407.0789979196497
2018-06-18 17:00:00+00:00,2432.2372500171477
2018-06-18 18:00:00+00:00,2515.3020608992383
2018-06-18 19:00:00+00:00,2483.6839783255396
2018-06-18 20:00:00+00:00,2414.4569698919195
2018-06-18 21:00:00+00:00,2206.210056238742
2018-06-18 22:00:00+00:00,1963.2553236433673
2018-06-18 23:00:00+00:00,1766.7232916697635
2018-06-19 00:00:00+00:00,1620.0688576268215
2018-06-19 01:00:00+00:00,1520.7306321303636
2018-06-19 02:00:00+00:00,1428.9673682623088
2018-06-19 03:00:00+00:00,1365.994915301682
2018-06-19 04:00:00+00:00,1434.7529626725448
2018-06-19 05:00:00+00:00,1693.1937670995164
2018-06-19 06:00:00+00:00,2073.3994021679728
2018-06-19 07:00:00+00:00,2444.2710682949814
2018-06-19 08:00:00+00:00,2642.3744306361637
2018-06-19 09:00:00+00:00,2702.1298075352383
2018-06-19 10:00:00+00:00,2725.064702648511
2018-06-19 11:00:00+00:00,2762.5518965015594
2018-06-19 12:00:00+00:00,2776.7041680009884
2018-06-19 13:00:00+00:00,2704.547946651133
2018-06-19 14:00:00+00:00,2604.6565033038332
2018-06-19 15:00:00+00:00,2478.5145801808358
2018-06-19 16:00:00+00:00,2389.477799344348
2018-06-19 17:00:00+00:00,2432.2372500171477
2018-06-19 18:00:00+00:00,2548.637664261553
2018-06-19 19:00:00+00:00,2483.5485908245073
2018-06-19 20:00:00+00:00,2360.69757642167
2018-06-19 21:00:00+00:00,2149.8594897868234
2018-06-19 22:00:00+00:00,1911.193595230073
2018-06-19 23:00:00+00:00,1724.192314453411
2018-06-20 00:00:00+00:00,1584.9837797830799
2018-06-20 01:00:00+00:00,1498.2737996225696
2018-06-20 02:00:00+00:00,1414.2244875045396
2018-06-20 03:00:00+00:00,1351.5200869213265
2018-06-20 04:00:00+00:00,1467.7552100012356
2018-06-20 05:00:00+00:00,1741.1970359412487
2018-06-20 06:00:00+00:00,2143.404169228832
2018-06-20 07:00:00+00:00,2540.277605978445
2018-06-20 08:00:00+00:00,2755.715482068032
2018-06-20 09:00:00+00:00,2799.6031117666453
2018-06-20 10:00:00+00:00,2793.8693879883267
2018-06-20 11:00:00+00:00,2803.1546613968576
2018-06-20 12:00:00+00:00,2800.172432768057
2018-06-20 13:00:00+00:00,2698.7475516660897
2018-06-20 14:00:00+00:00,2564.5204368556065
2018-06-20 15:00:00+00:00,2426.9110661759737
2018-06-20 16:00:00+00:00,2342.5412698102095
2018-06-20 17:00:00+00:00,2364.0326055378528
2018-06-20 18:00:00+00:00,2499.8366160311903
2018-06-20 19:00:00+00:00,2510.221163689525
2018-06-20 20:00:00+00:00,2434.2630622230645
2018-06-20 21:00:00+00:00,2221.57839254381
2018-06-20 22:00:00+00:00,1976.8366440990094
2018-06-20 23:00:00+00:00,1778.8749994458647
2018-06-21 00:00:00+00:00,1632.994938937674
2018-06-21 01:00:00+00:00,1536.277670020375
2018-06-21 02:00:00+00:00,1440.4340532961292
2018-06-21 03:00:00+00:00,1370.8198580951337
2018-06-21 04:00:00+00:00,1420.0852971931267
2018-06-21 05:00:00+00:00,1681.1929498890836
2018-06-21 06:00:00+00:00,2078.0663866386967
2018-06-21 07:00:00+00:00,2449.6047648329513
2018-06-21 08:00:00+00:00,2642.3744306361637
2018-06-21 09:00:00+00:00,2696.3960837569207
2018-06-21 10:00:00+00:00,2713.597255091875
2018-06-21 11:00:00+00:00,2750.951106531474
2018-06-21 12:00:00+00:00,2764.9700356174535
2018-06-21 13:00:00+00:00,2687.1467616960053
2018-06-21 14:00:00+00:00,2581.7216081905603
2018-06-21 15:00:00+00:00,2461.313408845882
2018-06-21 16:00:00+00:00,2377.7436669608132
2018-06-21 17:00:00+00:00,2407.435561115586
2018-06-21 18:00:00+00:00,2508.634940226775
2018-06-21 19:00:00+00:00,2471.8896737193245
2018-06-21 20:00:00+00:00,2388.991994037591
2018-06-21 21:00:00+00:00,2172.9119942444263
2018-06-21 22:00:00+00:00,1927.0384690949888
2018-06-21 23:00:00+00:00,1726.217599082761
2018-06-22 00:00:00+00:00,1573.9042815166347
2018-06-22 01:00:00+00:00,1472.3620698058842
2018-06-22 02:00:00+00:00,1379.8244324030775
2018-06-22 03:00:00+00:00,1408.6665451694075
2018-06-22 04:00:00+00:00,1559.4281192475994
2018-06-22 05:00:00+00:00,1809.2016668003696
2018-06-22 06:00:00+00:00,2194.740998406796
2018-06-22 07:00:00+00:00,2572.2797852062668
2018-06-22 08:00:00+00:00,2772.7166397828128
2018-06-22 09:00:00+00:00,2828.2717306582354
2018-06-22 10:00:00+00:00,2839.7391782148716
2018-06-22 11:00:00+00:00,2866.9590062323273
2018-06-22 12:00:00+00:00,2876.444293261032
2018-06-22 13:00:00+00:00,2791.5538714267727
2018-06-22 14:00:00+00:00,2684.928636200285
2018-06-22 15:00:00+00:00,2553.0529892989703
2018-06-22 16:00:00+00:00,2465.7496598373227
2018-06-22 17:00:00+00:00,2506.642316721833
2018-06-22 18:00:00+00:00,2621.975991658643
2018-06-22 19:00:00+00:00,2529.751737084675
2018-06-22 20:00:00+00:00,2376.869428576597
2018-06-22 21:00:00+00:00,2144.736711018467
2018-06-22 22:00:00+00:00,1906.6664884115255
2018-06-22 23:00:00+00:00,1716.0911759360104
2018-06-23 00:00:00+00:00,1460.2963373478724
2018-06-23 01:00:00+00:00,1370.903252168107
2018-06-23 02:00:00+00:00,1287.807015169771
2018-06-23 03:00:00+00:00,1283.2740629938628
2018-06-23 04:00:00+00:00,1412.7555964366559
2018-06-23 05:00:00+00:00,1645.3550167720016
2018-06-23 06:00:00+00:00,2006.3867640561339
2018-06-23 07:00:00+00:00,2372.3788491205796
2018-06-23 08:00:00+00:00,2583.896833889598
2018-06-23 09:00:00+00:00,2651.6221619675016
2018-06-23 10:00:00+00:00,2651.6221619675016
2018-06-23 11:00:00+00:00,2660.8775084599747
2018-06-23 12:00:00+00:00,2647.811334941042
2018-06-23 13:00:00+00:00,2558.3845290742715
2018-06-23 14:00:00+00:00,2438.3276374140714
2018-06-23 15:00:00+00:00,2321.015648909685
2018-06-23 16:00:00+00:00,2244.039839623618
2018-06-23 17:00:00+00:00,2261.9806425159477
2018-06-23 18:00:00+00:00,2345.431338861682
2018-06-23 19:00:00+00:00,2301.599572379917
2018-06-23 20:00:00+00:00,2232.288077808082
2018-06-23 21:00:00+00:00,2037.4827995383164
2018-06-23 22:00:00+00:00,1815.3019276352088
2018-06-23 23:00:00+00:00,1635.518602431698
2018-06-24 00:00:00+00:00,1501.512070899047
2018-06-24 01:00:00+00:00,1414.2794878812383
2018-06-24 02:00:00+00:00,1336.5568075421281
2018-06-24 03:00:00+00:00,1282.3411293583247
2018-06-24 04:00:00+00:00,1286.5770041499607
2018-06-24 05:00:00+00:00,1522.5866567092712
2018-06-24 06:00:00+00:00,1902.219670669575
2018-06-24 07:00:00+00:00,2283.0927690749572
2018-06-24 08:00:00+00:00,2504.8414505158694
2018-06-24 09:00:00+00:00,2587.633804601473
2018-06-24 10:00:00+00:00,2608.9632570568165
2018-06-24 11:00:00+00:00,2628.5113044434365
2018-06-24 12:00:00+00:00,2620.5294771493245
2018-06-24 13:00:00+00:00,2526.0183250577334
2018-06-24 14:00:00+00:00,2416.9981849587284
2018-06-24 15:00:00+00:00,2310.3509226820133
2018-06-24 16:00:00+00:00,2238.5834680652742
2018-06-24 17:00:00+00:00,2250.4478571767218
2018-06-24 18:00:00+00:00,2320.629649960121
2018-06-24 19:00:00+00:00,2315.3104514846423
2018-06-24 20:00:00+00:00,2245.444981999485
2018-06-24 21:00:00+00:00,2049.3932601747442
2018-06-24 22:00:00+00:00,1823.7223463177074
2018-06-24 23:00:00+00:00,1641.1691465475851
2018-06-25 00:00:00+00:00,1614.529108493599
2018-06-25 01:00:00+00:00,1515.5482861670266
2018-06-25 02:00:00+00:00,1424.0530746763857
2018-06-25 03:00:00+00:00,1362.778286772714
2018-06-25 04:00:00+00:00,1438.4198790423993
2018-06-25 05:00:00+00:00,1713.1951291169053
2018-06-25 06:00:00+00:00,2129.40321581666
2018-06-25 07:00:00+00:00,2556.2786955923566
2018-06-25 08:00:00+00:00,2818.0530603555594
2018-06-25 09:00:00+00:00,2931.478758667959
2018-06-25 10:00:00+00:00,2971.614825116186
2018-06-25 11:00:00+00:00,3017.7692758434364
2018-06-25 12:00:00+00:00,3017.2538818634466
2018-06-25 13:00:00+00:00,2901.7613761425837
2018-06-25 14:00:00+00:00,2747.9995977617828
2018-06-25 15:00:00+00:00,2598.9227795255147
2018-06-25 16:00:00+00:00,2506.8191231796936
2018-06-25 17:00:00+00:00,2506.642316721833
2018-06-25 18:00:00+00:00,2555.304784934015
2018-06-25 19:00:00+00:00,2471.8896737193245
2018-06-25 20:00:00+00:00,2400.309761083959
2018-06-25 21:00:00+00:00,2190.8417199336727
2018-06-25 22:00:00+00:00,1949.6740031877255
2018-06-25 23:00:00+00:00,1752.546299264313
2018-06-26 00:00:00+00:00,1605.2961932715618
2018-06-26 01:00:00+00:00,1506.9110428947981
2018-06-26 02:00:00+00:00,1419.1387810904625
2018-06-26 03:00:00+00:00,1361.16997250823
2018-06-26 04:00:00+00:00,1438.4198790423993
2018-06-26 05:00:00+00:00,1725.195946327338
2018-06-26 06:00:00+00:00,2162.072107111728
2018-06-26 07:00:00+00:00,2598.948267896118
2018-06-26 08:00:00+00:00,2874.723586071493
2018-06-26 09:00:00+00:00,2994.5497202294578
2018-06-26 10:00:00+00:00,3040.4195104560017
2018-06-26 11:00:00+00:00,3093.174410648991
2018-06-26 12:00:00+00:00,3105.2598747399556
2018-06-26 13:00:00+00:00,3017.7692758434364
2018-06-26 14:00:00+00:00,2879.8752446630974
2018-06-26 15:00:00+00:00,2713.597255091875
2018-06-26 16:00:00+00:00,2606.5592484397375
2018-06-26 17:00:00+00:00,2624.450339004251
2018-06-26 18:00:00+00:00,2701.981439728197
2018-06-26 19:00:00+00:00,2569.3544338791044
2018-06-26 20:00:00+00:00,2395.870722493116
2018-06-26 21:00:00+00:00,2142.175321634289
2018-06-26 22:00:00+00:00,1906.6664884115255
2018-06-26 23:00:00+00:00,1714.0658913066604
2018-06-27 00:00:00+00:00,1566.517949339005
2018-06-27 01:00:00+00:00,1465.4522751881013
2018-06-27 02:00:00+00:00,1374.9101388171548
2018-06-27 03:00:00+00:00,1401.466054843148
2018-06-27 04:00:00+00:00,1555.761202877745
2018-06-27 05:00:00+00:00,1865.205480449057
2018-06-27 06:00:00+00:00,2320.749579116343
2018-06-27 07:00:00+00:00,2748.2917709592853
2018-06-27 08:00:00+00:00,2999.3987426465483
2018-06-27 09:00:00+00:00,3086.289300682546
2018-06-27 10:00:00+00:00,3109.224195795818
2018-06-27 11:00:00+00:00,3133.7771755442886
2018-06-27 12:00:00+00:00,3122.8610733152577
2018-06-27 13:00:00+00:00,3006.1684858733506
2018-06-27 14:00:00+00:00,2874.1415208847793
2018-06-27 15:00:00+00:00,2713.597255091875
2018-06-27 16:00:00+00:00,2606.5592484397375
2018-06-27 17:00:00+00:00,2630.650761229642
2018-06-27 18:00:00+00:00,2721.982801745585
2018-06-27 19:00:00+00:00,2595.756231742057
2018-06-27 20:00:00+00:00,2427.5395456873143
2018-06-27 21:00:00+00:00,2163.159772373345
2018-06-27 22:00:00+00:00,1886.2945077280624
2018-06-27 23:00:00+00:00,1695.838329642509
2018-06-28 00:00:00+00:00,1551.7452849837453
2018-06-28 01:00:00+00:00,1456.8150319158729
2018-06-28 02:00:00+00:00,1365.0815516453085
2018-06-28 03:00:00+00:00,1441.068751637577
2018-06-28 04:00:00+00:00,1596.097282946145
2018-06-28 05:00:00+00:00,1849.2043908351466
2018-06-28 06:00:00+00:00,2246.0778275847592
2018-06-28 07:00:00+00:00,2646.951536737851
2018-06-28 08:00:00+00:00,2869.0565334999
2018-06-28 09:00:00+00:00,2931.478758667959
2018-06-28 10:00:00+00:00,2937.212482446278
2018-06-28 11:00:00+00:00,2948.164536022924
2018-06-28 12:00:00+00:00,2946.8490875622388
2018-06-28 13:00:00+00:00,2843.757426292157
2018-06-28 14:00:00+00:00,2713.597255091875
2018-06-28 15:00:00+00:00,2558.786713077288
2018-06-28 16:00:00+00:00,2436.4143288784862
2018-06-28 17:00:00+00:00,2413.635983340977
2018-06-28 18:00:00+00:00,2481.9664575369243
2018-06-28 19:00:00+00:00,2495.478282931755
2018-06-28 20:00:00+00:00,2420.115853415104
2018-06-28 21:00:00+00:00,2208.7714456229196
2018-06-28 22:00:00+00:00,1965.518877052641
2018-06-28 23:00:00+00:00,1768.748576299114
2018-06-29 00:00:00+00:00,1620.0688576268215
2018-06-29 01:00:00+00:00,1520.7306321303636
2018-06-29 02:00:00+00:00,1437.1578575721805
2018-06-29 03:00:00+00:00,1385.2946864754892
2018-06-29 04:00:00+00:00,1369.9958452312314
2018-06-29 05:00:00+00:00,1593.1869570125746
2018-06-29 06:00:00+00:00,1994.060666165665
2018-06-29 07:00:00+00:00,2428.2699786810704
2018-06-29 08:00:00+00:00,2699.044956352098
2018-06-29 09:00:00+00:00,2811.0705593232815
2018-06-29 10:00:00+00:00,2845.472901993189
2018-06-29 11:00:00+00:00,2866.9590062323273
2018-06-29 12:00:00+00:00,2858.8430946857297
2018-06-29 13:00:00+00:00,2750.951106531474
2018-06-29 14:00:00+00:00,2610.3902270821504
2018-06-29 15:00:00+00:00,2455.579685067564
2018-06-29 16:00:00+00:00,2348.4083360019767
2018-06-29 17:00:00+00:00,2339.230916636292
2018-06-29 18:00:00+00:00,2520.6851342745003
2018-06-29 19:00:00+00:00,2533.8097729019555
2018-06-29 20:00:00+00:00,2456.898596315801
2018-06-29 21:00:00+00:00,2244.6308970014134
2018-06-29 22:00:00+00:00,1994.9450713731987
2018-06-29 23:00:00+00:00,1793.0519918513153
2018-06-30 00:00:00+00:00,1527.2719043685315
2018-06-30 01:00:00+00:00,1435.1643421134868
2018-06-30 02:00:00+00:00,1356.3614106933983
2018-06-30 03:00:00+00:00,1309.2643101457857
2018-06-30 04:00:00+00:00,1293.9007392163155
2018-06-30 05:00:00+00:00,1444.4613366693518
2018-06-30 06:00:00+00:00,1841.4555328607491
2018-06-30 07:00:00+00:00,2273.1720935143326
2018-06-30 08:00:00+00:00,2541.733962756942
2018-06-30 09:00:00+00:00,2646.2897988536665
2018-06-30 10:00:00+00:00,2683.616340650516
2018-06-30 11:00:00+00:00,2714.821181820871
2018-06-30 12:00:00+00:00,2702.375050524478
2018-06-30 13:00:00+00:00,2590.7507330908093
2018-06-30 14:00:00+00:00,2459.657089869415
2018-06-30 15:00:00+00:00,2326.3480120235204
2018-06-30 16:00:00+00:00,2227.670724948587
2018-06-30 17:00:00+00:00,2221.615893828656
2018-06-30 18:00:00+00:00,2324.848052909007
2018-06-30 19:00:00+00:00,2342.7322096940934
2018-06-30 20:00:00+00:00,2274.3901712205725
2018-06-30 21:00:00+00:00,2080.3604578294576
2018-06-30 22:00:00+00:00,1853.1938117064506
2018-06-30 23:00:00+00:00,1669.421867127019
2018-07-01 00:00:00+00:00,1530.7065488311296
2018-07-01 01:00:00+00:00,1438.377396610756
2018-07-01 02:00:00+00:00,1356.3614106933983
2018-07-01 03:00:00+00:00,1301.7856488159355
2018-07-01 04:00:00+00:00,1278.666429099954
2018-07-01 05:00:00+00:00,1507.705643368334
2018-07-01 06:00:00+00:00,1919.5808529006679
2018-07-01 07:00:00+00:00,2347.577160219018
2018-07-01 08:00:00+00:00,2615.518987239089
2018-07-01 09:00:00+00:00,2720.942882447367
2018-07-01 10:00:00+00:00,2763.601787358053
2018-07-01 11:00:00+00:00,2801.1310591983056
2018-07-01 12:00:00+00:00,2806.0461101330056
2018-07-01 13:00:00+00:00,2704.032447148692
2018-07-01 14:00:00+00:00,2576.969078373801
2018-07-01 15:00:00+00:00,2432.995274300236
2018-07-01 16:00:00+00:00,2336.7981561154584
2018-07-01 17:00:00+00:00,2360.00931789937
2018-07-01 18:00:00+00:00,2432.2372500171477
2018-07-01 19:00:00+00:00,2315.8386074699292
2018-07-01 20:00:00+00:00,2213.8684119401178
2018-07-01 21:00:00+00:00,2025.5723389018876
2018-07-01 22:00:00+00:00,1804.7764042820863
2018-07-01 23:00:00+00:00,1626.10102890522
2018-07-02 00:00:00+00:00,1601.603027182747
2018-07-02 01:00:00+00:00,1503.4561455859068
2018-07-02 02:00:00+00:00,1417.5006832284882
2018-07-02 03:00:00+00:00,1362.778286772714
2018-07-02 04:00:00+00:00,1423.7522135629813
2018-07-02 05:00:00+00:00,1705.1945843099495
2018-07-02 06:00:00+00:00,2166.739091582452
2018-07-02 07:00:00+00:00,2636.28414366191
2018-07-02 08:00:00+00:00,2925.727059215834
2018-07-02 09:00:00+00:00,3051.8869580126384
2018-07-02 10:00:00+00:00,3103.4904720175
2018-07-02 11:00:00+00:00,3145.3779655143744
2018-07-02 12:00:00+00:00,3140.4622718905594
2018-07-02 13:00:00+00:00,3017.7692758434364
2018-07-02 14:00:00+00:00,2851.2066257715073
2018-07-02 15:00:00+00:00,2690.662359978603
2018-07-02 16:00:00+00:00,2594.825116056203
2018-07-02 17:00:00+00:00,2581.0473834265176
2018-07-02 18:00:00+00:00,2635.3102330035695
2018-07-02 19:00:00+00:00,2509.9503886874604
2018-07-02 20:00:00+00:00,2360.69757642167
2018-07-02 21:00:00+00:00,2154.98226855518
2018-07-02 22:00:00+00:00,1915.7207020486205
2018-07-02 23:00:00+00:00,1724.192314453411
2018-07-03 00:00:00+00:00,1579.4440306498573
2018-07-03 01:00:00+00:00,1482.7267617325583
2018-07-03 02:00:00+00:00,1399.4816067467702
2018-07-03 03:00:00+00:00,1346.6951441278748
2018-07-03 04:00:00+00:00,1449.420628151963
2018-07-03 05:00:00+00:00,1733.1964911342934
2018-07-03 06:00:00+00:00,2204.074967348244
2018-07-03 07:00:00+00:00,2684.2874125036424
2018-07-03 08:00:00+00:00,2971.063479788581
2018-07-03 09:00:00+00:00,3074.82185312591
2018-07-03 10:00:00+00:00,3109.224195795818
2018-07-03 11:00:00+00:00,3127.9767805592464
2018-07-03 12:00:00+00:00,3093.525742356421
2018-07-03 13:00:00+00:00,2953.964931007967
2018-07-03 14:00:00+00:00,2799.6031117666453
2018-07-03 15:00:00+00:00,2661.993741087013
2018-07-03 16:00:00+00:00,2583.0909836726682
2018-07-03 17:00:00+00:00,2593.448227877299
2018-07-03 18:00:00+00:00,2661.9787156934203
2018-07-03 19:00:00+00:00,2542.9526360161512
2018-07-03 20:00:00+00:00,2383.203193215436
2018-07-03 21:00:00+00:00,2139.613932250111
2018-07-03 22:00:00+00:00,1902.139381592978
2018-07-03 23:00:00+00:00,1710.0153220479604
2018-07-04 00:00:00+00:00,1566.517949339005
2018-07-04 01:00:00+00:00,1470.6346211514385
2018-07-04 02:00:00+00:00,1386.3768238509751
2018-07-04 03:00:00+00:00,1365.4636032118487
2018-07-04 04:00:00+00:00,1493.4236245902175
2018-07-04 05:00:00+00:00,1761.198397958637
2018-07-04 06:00:00+00:00,2218.0759207604156
2018-07-04 07:00:00+00:00,2694.9548055795835
2018-07-04 08:00:00+00:00,2976.7305323601745
2018-07-04 09:00:00+00:00,3057.620681790956
2018-07-04 10:00:00+00:00,3063.354405569274
2018-07-04 11:00:00+00:00,3064.172435723777
2018-07-04 12:00:00+00:00,3040.722146630516
2018-07-04 13:00:00+00:00,2919.1625610977107
2018-07-04 14:00:00+00:00,2782.401940431691
2018-07-04 15:00:00+00:00,2627.5913984171048
2018-07-04 16:00:00+00:00,2536.1544541385297
2018-07-04 17:00:00+00:00,2568.6465389757377
2018-07-04 18:00:00+00:00,2661.9787156934203
2018-07-04 19:00:00+00:00,2542.9526360161512
2018-07-04 20:00:00+00:00,2370.5356639377574
2018-07-04 21:00:00+00:00,2149.8594897868234
2018-07-04 22:00:00+00:00,1913.4571486393463
2018-07-04 23:00:00+00:00,1720.141745194711
2018-07-05 00:00:00+00:00,1575.7508645610424
2018-07-05 01:00:00+00:00,1480.9993130781127
2018-07-05 02:00:00+00:00,1394.567313160847
2018-07-05 03:00:00+00:00,1354.6628677224587
2018-07-05 04:00:00+00:00,1500.7574573299266
2018-07-05 05:00:00+00:00,1773.1992151690704
2018-07-05 06:00:00+00:00,2190.0740139360714
2018-07-05 07:00:00+00:00,2604.281964434089
2018-07-05 08:00:00+00:00,2852.05537578512
2018-07-05 09:00:00+00:00,2942.9462062245952
2018-07-05 10:00:00+00:00,2954.413653781232
2018-07-05 11:00:00+00:00,2965.565720978052
2018-07-05 12:00:00+00:00,2946.8490875622388
2018-07-05 13:00:00+00:00,2832.1566363220713
2018-07-05 14:00:00+00:00,2696.3960837569207
2018-07-05 15:00:00+00:00,2570.254160633924
2018-07-05 16:00:00+00:00,2495.0849907961588
2018-07-05 17:00:00+00:00,2531.4440056233943
2018-07-05 18:00:00+00:00,2635.3102330035695
2018-07-05 19:00:00+00:00,2529.751737084675
2018-07-05 20:00:00+00:00,2357.868134660078
2018-07-05 21:00:00+00:00,2157.5436579393577
2018-07-05 22:00:00+00:00,1922.5113622764413
2018-07-05 23:00:00+00:00,1732.2934529708114
2018-07-06 00:00:00+00:00,1586.8303628274873
2018-07-06 01:00:00+00:00,1493.0914536592322
2018-07-06 02:00:00+00:00,1401.1197046087445
2018-07-06 03:00:00+00:00,1354.6628677224587
2018-07-06 04:00:00+00:00,1497.090540960072
2018-07-06 05:00:00+00:00,1741.1970359412487
2018-07-06 06:00:00+00:00,2124.736231345936
2018-07-06 07:00:00+00:00,2508.275426750624
2018-07-06 08:00:00+00:00,2721.713166638472
2018-07-06 09:00:00+00:00,2788.1356642100095
2018-07-06 10:00:00+00:00,2805.3368355449634
2018-07-06 11:00:00+00:00,2832.1566363220713
2018-07-06 12:00:00+00:00,2841.2418961104286
2018-07-06 13:00:00+00:00,2750.951106531474
2018-07-06 14:00:00+00:00,2633.3251221954224
2018-07-06 15:00:00+00:00,2501.4494752941077
2018-07-06 16:00:00+00:00,2412.946064111417
2018-07-06 17:00:00+00:00,2444.6380944679286
2018-07-06 18:00:00+00:00,2548.637664261553
2018-07-06 19:00:00+00:00,2463.7472424272933
2018-07-06 20:00:00+00:00,2372.0153434680383
2018-07-06 21:00:00+00:00,2165.2278260918915
2018-07-06 22:00:00+00:00,1927.0384690949888
2018-07-06 23:00:00+00:00,1736.3440222295114
2018-07-07 00:00:00+00:00,1480.9042041234597
2018-07-07 01:00:00+00:00,1391.7881064003554
2018-07-07 02:00:00+00:00,1307.611618321041
2018-07-07 03:00:00+00:00,1253.1400109784652
2018-07-07 04:00:00+00:00,1392.294203092867
2018-07-07 05:00:00+00:00,1619.3132434253616
2018-07-07 06:00:00+00:00,1976.004695151721
2018-07-07 07:00:00+00:00,2337.656484658393
2018-07-07 08:00:00+00:00,2552.274680540107
2018-07-07 09:00:00+00:00,2630.2927095121595
2018-07-07 10:00:00+00:00,2656.954525081338
2018-07-07 11:00:00+00:00,2693.243712476513
2018-07-07 12:00:00+00:00,2702.375050524478
2018-07-07 13:00:00+00:00,2628.5113044434365
2018-07-07 14:00:00+00:00,2528.97781034928
2018-07-07 15:00:00+00:00,2401.0010956172214
2018-07-07 16:00:00+00:00,2309.5162983237406
2018-07-07 17:00:00+00:00,2348.476532560144
2018-07-07 18:00:00+00:00,2444.6380944679286
2018-07-07 19:00:00+00:00,2358.8075334918844
2018-07-07 20:00:00+00:00,2216.3789696903555
2018-07-07 21:00:00+00:00,1989.8409569926032
2018-07-07 22:00:00+00:00,1768.9896248814698
2018-07-07 23:00:00+00:00,1588.4307347993074
2018-07-08 00:00:00+00:00,1451.7097261913777
2018-07-08 01:00:00+00:00,1358.051034179031
2018-07-08 02:00:00+00:00,1275.6195670766815
2018-07-08 03:00:00+00:00,1303.3634310041277
2018-07-08 04:00:00+00:00,1443.447686452338
2018-07-08 05:00:00+00:00,1704.8790701357493
2018-07-08 06:00:00+00:00,2088.852379653826
2018-07-08 07:00:00+00:00,2476.5459425071385
2018-07-08 08:00:00+00:00,2699.8447295043984
2018-07-08 09:00:00+00:00,2784.9312398133957
2018-07-08 10:00:00+00:00,2811.5930553825747
2018-07-08 11:00:00+00:00,2849.680365223113
2018-07-08 12:00:00+00:00,2855.1534541580977
2018-07-08 13:00:00+00:00,2768.764855181768
2018-07-08 14:00:00+00:00,2651.6221619675016
2018-07-08 15:00:00+00:00,2518.313084121608
2018-07-08 16:00:00+00:00,2424.1001010489563
2018-07-08 17:00:00+00:00,2434.97242260434
2018-07-08 18:00:00+00:00,2500.4418944964427
2018-07-08 19:00:00+00:00,2389.4996235075673
2018-07-08 20:00:00+00:00,2239.9405741468395
2018-07-08 21:00:00+00:00,1995.7414989657036
2018-07-08 22:00:00+00:00,1760.5692061989719
2018-07-08 23:00:00+00:00,1580.896675978125
2018-07-09 00:00:00+00:00,1553.591868028153
2018-07-09 01:00:00+00:00,1455.087583261427
2018-07-09 02:00:00+00:00,1368.3577473692571
2018-07-09 03:00:00+00:00,1405.0663000062777
2018-07-09 04:00:00+00:00,1559.4281192475994
2018-07-09 05:00:00+00:00,1841.2038460281908
2018-07-09 06:00:00+00:00,2255.4117965262076
2018-07-09 07:00:00+00:00,2662.9526263517614
2018-07-09 08:00:00+00:00,2897.391796357867
2018-07-09 09:00:00+00:00,2983.0822726728215
2018-07-09 10:00:00+00:00,3000.283444007776
2018-07-09 11:00:00+00:00,3029.370065813521
2018-07-09 12:00:00+00:00,3023.120948055214
2018-07-09 13:00:00+00:00,2924.962956082754
2018-07-09 14:00:00+00:00,2799.6031117666453
2018-07-09 15:00:00+00:00,2661.993741087013
2018-07-09 16:00:00+00:00,2559.6227189055985
2018-07-09 17:00:00+00:00,2574.8469612011277
2018-07-09 18:00:00+00:00,2655.3115950209576
2018-07-09 19:00:00+00:00,2542.9526360161512
2018-07-09 20:00:00+00:00,2383.203193215436
2018-07-09 21:00:00+00:00,2142.175321634289
2018-07-09 22:00:00+00:00,1902.139381592978
2018-07-09 23:00:00+00:00,1712.04060667731
2018-07-10 00:00:00+00:00,1568.3645323834126
2018-07-10 01:00:00+00:00,1474.08951846033
2018-07-10 02:00:00+00:00,1388.0149217129494
2018-07-10 03:00:00+00:00,1372.6640935381085
2018-07-10 04:00:00+00:00,1511.7582064394906
2018-07-10 05:00:00+00:00,1773.1992151690704
2018-07-10 06:00:00+00:00,2176.0730605238996
2018-07-10 07:00:00+00:00,2593.6145713581477
2018-07-10 08:00:00+00:00,2840.7212706419327
2018-07-10 09:00:00+00:00,2937.212482446278
2018-07-10 10:00:00+00:00,2971.614825116186
2018-07-10 11:00:00+00:00,3006.1684858733506
2018-07-10 12:00:00+00:00,3005.519749479912
2018-07-10 13:00:00+00:00,2895.9609811575406
2018-07-10 14:00:00+00:00,2753.733321540101
2018-07-10 15:00:00+00:00,2593.189055747196
2018-07-10 16:00:00+00:00,2489.217924604392
2018-07-10 17:00:00+00:00,2488.041050045662
2018-07-10 18:00:00+00:00,2548.637664261553
2018-07-10 19:00:00+00:00,2468.94109756777
2018-07-10 20:00:00+00:00,2397.480319322367
2018-07-10 21:00:00+00:00,2190.8417199336727
2018-07-10 22:00:00+00:00,1951.9375565969988
2018-07-10 23:00:00+00:00,1758.6221531523634
2018-07-11 00:00:00+00:00,1614.529108493599
2018-07-11 01:00:00+00:00,1519.003183475918
2018-07-11 02:00:00+00:00,1437.1578575721805
2018-07-11 03:00:00+00:00,1382.0780579465215
2018-07-11 04:00:00+00:00,1372.4153843850174
2018-07-11 05:00:00+00:00,1621.188863836918
2018-07-11 06:00:00+00:00,2040.730510872905
2018-07-11 07:00:00+00:00,2486.940640598743
2018-07-11 08:00:00+00:00,2772.7166397828128
2018-07-11 09:00:00+00:00,2885.6089684414155
2018-07-11 10:00:00+00:00,2937.212482446278
2018-07-11 11:00:00+00:00,2988.767300918223
2018-07-11 12:00:00+00:00,3005.519749479912
2018-07-11 13:00:00+00:00,2907.5617711276254
2018-07-11 14:00:00+00:00,2770.934492875055
2018-07-11 15:00:00+00:00,2610.3902270821504
2018-07-11 16:00:00+00:00,2489.217924604392
2018-07-11 17:00:00+00:00,2481.840627820271
2018-07-11 18:00:00+00:00,2528.6363022441637
2018-07-11 19:00:00+00:00,2483.6839783255396
2018-07-11 20:00:00+00:00,2411.6275281303274
2018-07-11 21:00:00+00:00,2201.0872774703857
2018-07-11 22:00:00+00:00,1954.2011100062725
2018-07-11 23:00:00+00:00,1754.5715838936628
2018-07-12 00:00:00+00:00,1607.1427763159695
2018-07-12 01:00:00+00:00,1508.6384915492438
2018-07-12 02:00:00+00:00,1427.3292704003347
2018-07-12 03:00:00+00:00,1380.4697436820372
2018-07-12 04:00:00+00:00,1369.9958452312314
2018-07-12 05:00:00+00:00,1585.186412205619
2018-07-12 06:00:00+00:00,1989.393681694941
2018-07-12 07:00:00+00:00,2428.2699786810704
2018-07-12 08:00:00+00:00,2710.379061495285
2018-07-12 09:00:00+00:00,2834.005454436553
2018-07-12 10:00:00+00:00,2885.6089684414155
2018-07-12 11:00:00+00:00,2930.763351067797
2018-07-12 12:00:00+00:00,2929.247888986937
2018-07-12 13:00:00+00:00,2832.1566363220713
2018-07-12 14:00:00+00:00,2696.3960837569207
2018-07-12 15:00:00+00:00,2547.3192655206526
2018-07-12 16:00:00+00:00,2442.2813950702534
2018-07-12 17:00:00+00:00,2432.2372500171477
2018-07-12 18:00:00+00:00,2481.9664575369243
2018-07-12 19:00:00+00:00,2495.478282931755
2018-07-12 20:00:00+00:00,2422.945295176696
2018-07-12 21:00:00+00:00,2211.332835007098
2018-07-12 22:00:00+00:00,1970.0459838711881
2018-07-12 23:00:00+00:00,1772.799145557814
2018-07-13 00:00:00+00:00,1625.6086067600443
2018-07-13 01:00:00+00:00,1527.6404267481464
2018-07-13 02:00:00+00:00,1446.986444744027
2018-07-13 03:00:00+00:00,1396.5528863268767
2018-07-13 04:00:00+00:00,1378.1863345411036
2018-07-13 05:00:00+00:00,1581.1861398021415
2018-07-13 06:00:00+00:00,1998.7276506363892
2018-07-13 07:00:00+00:00,2433.6036752190403
2018-07-13 08:00:00+00:00,2693.3779037805043
2018-07-13 09:00:00+00:00,2782.401940431691
2018-07-13 10:00:00+00:00,2805.3368355449634
2018-07-13 11:00:00+00:00,2826.3562413370287
2018-07-13 12:00:00+00:00,2817.7736313433593
2018-07-13 13:00:00+00:00,2727.7495265913035
2018-07-13 14:00:00+00:00,2604.6565033038332
2018-07-13 15:00:00+00:00,2467.0471326242
2018-07-13 16:00:00+00:00,2389.477799344348
2018-07-13 17:00:00+00:00,2419.8364055663674
2018-07-13 18:00:00+00:00,2501.9678195543124
2018-07-13 19:00:00+00:00,2483.6839783255396
2018-07-13 20:00:00+00:00,2417.286411653512
2018-07-13 21:00:00+00:00,2211.332835007098
2018-07-13 22:00:00+00:00,1972.3095372804619
2018-07-13 23:00:00+00:00,1776.849714816514
2018-07-14 00:00:00+00:00,1513.53332651814
2018-07-14 01:00:00+00:00,1420.7055968757763
2018-07-14 02:00:00+00:00,1336.5568075421281
2018-07-14 03:00:00+00:00,1280.845397092355
2018-07-14 04:00:00+00:00,1289.9872363739253
2018-07-14 05:00:00+00:00,1515.1461500388025
2018-07-14 06:00:00+00:00,1897.8793751118017
2018-07-14 07:00:00+00:00,2293.013444635582
2018-07-14 08:00:00+00:00,2525.9228860821972
2018-07-14 09:00:00+00:00,2608.9632570568165
2018-07-14 10:00:00+00:00,2630.2927095121595
2018-07-14 11:00:00+00:00,2655.483141123885
2018-07-14 12:00:00+00:00,2658.724078057729
2018-07-14 13:00:00+00:00,2579.9619984186297
2018-07-14 14:00:00+00:00,2475.654179210922
2018-07-14 15:00:00+00:00,2379.671643161878
2018-07-14 16:00:00+00:00,2325.8854129987717
2018-07-14 17:00:00+00:00,2371.542103238596
2018-07-14 18:00:00+00:00,2463.2393611441
2018-07-14 19:00:00+00:00,2364.945951495021
2018-07-14 20:00:00+00:00,2210.488568576235
2018-07-14 21:00:00+00:00,1992.2230491198889
2018-07-14 22:00:00+00:00,1773.199834222719
2018-07-14 23:00:00+00:00,1595.9647936204894
2018-07-15 00:00:00+00:00,1462.0136595791716
2018-07-15 01:00:00+00:00,1374.1163066653758
2018-07-15 02:00:00+00:00,1292.3773082046791
2018-07-15 03:00:00+00:00,1279.9258349921517
2018-07-15 04:00:00+00:00,1416.1658286606203
2018-07-15 05:00:00+00:00,1645.3550167720016
2018-07-15 06:00:00+00:00,2006.3867640561339
2018-07-15 07:00:00+00:00,2372.3788491205796
2018-07-15 08:00:00+00:00,2583.896833889598
2018-07-15 09:00:00+00:00,2646.2897988536665
2018-07-15 10:00:00+00:00,2656.954525081338
2018-07-15 11:00:00+00:00,2677.060610468244
2018-07-15 12:00:00+00:00,2691.4623074077904
2018-07-15 13:00:00+00:00,2617.7225697712574
2018-07-15 14:00:00+00:00,2528.97781034928
2018-07-15 15:00:00+00:00,2422.330548072565
2018-07-15 16:00:00+00:00,2358.6236423488326
2018-07-15 17:00:00+00:00,2400.3740665866617
2018-07-15 18:00:00+00:00,2494.241472271052
2018-07-15 19:00:00+00:00,2389.4996235075673
2018-07-15 20:00:00+00:00,2245.8309752609603
2018-07-15 21:00:00+00:00,2001.0738620795394
2018-07-15 22:00:00+00:00,1756.358996857723
2018-07-15 23:00:00+00:00,1579.0131612728292
2018-07-16 00:00:00+00:00,1553.591868028153
2018-07-16 01:00:00+00:00,1458.5424805703187
2018-07-16 02:00:00+00:00,1373.27204095518
2018-07-16 03:00:00+00:00,1405.0663000062777
2018-07-16 04:00:00+00:00,1552.0942865078903
2018-07-16 05:00:00+00:00,1797.2008495899368
2018-07-16 06:00:00+00:00,2185.407029465348
2018-07-16 07:00:00+00:00,2572.2797852062668
2018-07-16 08:00:00+00:00,2789.7177974975925
2018-07-16 09:00:00+00:00,2856.9403495498254
2018-07-16 10:00:00+00:00,2868.407797106462
2018-07-16 11:00:00+00:00,2890.160586172498
2018-07-16 12:00:00+00:00,2888.1784256445667
2018-07-16 13:00:00+00:00,2808.955056381901
2018-07-16 14:00:00+00:00,2696.3960837569207
2018-07-16 15:00:00+00:00,2575.9878844122427
2018-07-16 16:00:00+00:00,2512.6861893714613
2018-07-16 17:00:00+00:00,2568.6465389757377
2018-07-16 18:00:00+00:00,2681.9800777108085
2018-07-16 19:00:00+00:00,2575.9548833448425
2018-07-16 20:00:00+00:00,2408.5382517707953
2018-07-16 21:00:00+00:00,2134.4911534817547
2018-07-16 22:00:00+00:00,1899.8758281837045
2018-07-16 23:00:00+00:00,1710.0153220479604
2018-07-17 00:00:00+00:00,1568.3645323834126
2018-07-17 01:00:00+00:00,1475.8169671147757
2018-07-17 02:00:00+00:00,1389.653019574924
2018-07-17 03:00:00+00:00,1372.6640935381085
2018-07-17 04:00:00+00:00,1515.4251228093449
2018-07-17 05:00:00+00:00,1757.1981255551598
2018-07-17 06:00:00+00:00,2134.070200287384
2018-07-17 07:00:00+00:00,2518.9428198265646
2018-07-17 08:00:00+00:00,2738.714324353252
2018-07-17 09:00:00+00:00,2811.0705593232815
2018-07-17 10:00:00+00:00,2828.2717306582354
2018-07-17 11:00:00+00:00,2855.3582162622415
2018-07-17 12:00:00+00:00,2858.8430946857297
2018-07-17 13:00:00+00:00,2774.1526864716448
2018-07-17 14:00:00+00:00,2667.7274648653306
2018-07-17 15:00:00+00:00,2541.5855417423336
2018-07-17 16:00:00+00:00,2459.8825936455555
2018-07-17 17:00:00+00:00,2512.8427389472236
2018-07-17 18:00:00+00:00,2621.975991658643
2018-07-17 19:00:00+00:00,2523.151287618937
2018-07-17 20:00:00+00:00,2364.2018992989174
2018-07-17 21:00:00+00:00,2149.8594897868234
2018-07-17 22:00:00+00:00,1911.193595230073
2018-07-17 23:00:00+00:00,1718.1164605653605
2018-07-18 00:00:00+00:00,1573.9042815166347
2018-07-18 01:00:00+00:00,1477.5444157692214
2018-07-18 02:00:00+00:00,1391.2911174368983
2018-07-18 03:00:00+00:00,1365.4636032118487
2018-07-18 04:00:00+00:00,1508.0912900696355
2018-07-18 05:00:00+00:00,1761.198397958637
2018-07-18 06:00:00+00:00,2162.072107111728
2018-07-18 07:00:00+00:00,2566.946088668297
2018-07-18 08:00:00+00:00,2795.384850069186
2018-07-18 09:00:00+00:00,2862.674073328143
2018-07-18 10:00:00+00:00,2868.407797106462
2018-07-18 11:00:00+00:00,2890.160586172498
2018-07-18 12:00:00+00:00,2888.1784256445667
2018-07-18 13:00:00+00:00,2797.354266411815
2018-07-18 14:00:00+00:00,2684.928636200285
2018-07-18 15:00:00+00:00,2535.8518179640164
2018-07-18 16:00:00+00:00,2436.4143288784862
2018-07-18 17:00:00+00:00,2475.640205594881
2018-07-18 18:00:00+00:00,2581.973267623867
2018-07-18 19:00:00+00:00,2490.149040290246
2018-07-18 20:00:00+00:00,2366.356459944854
2018-07-18 21:00:00+00:00,2154.98226855518
2018-07-18 22:00:00+00:00,1913.4571486393463
2018-07-18 23:00:00+00:00,1720.141745194711
2018-07-19 00:00:00+00:00,1575.7508645610424
2018-07-19 01:00:00+00:00,1477.5444157692214
2018-07-19 02:00:00+00:00,1389.653019574924
2018-07-19 03:00:00+00:00,1369.0638483749785
2018-07-19 04:00:00+00:00,1530.0927882887634
2018-07-19 05:00:00+00:00,1813.2019392038474
2018-07-19 06:00:00+00:00,2232.0768741725874
2018-07-19 07:00:00+00:00,2641.6178401998804
2018-07-19 08:00:00+00:00,2869.0565334999
2018-07-19 09:00:00+00:00,2942.9462062245952
2018-07-19 10:00:00+00:00,2960.1473775595496
2018-07-19 11:00:00+00:00,2994.5676959032653
2018-07-19 12:00:00+00:00,3011.386815671679
2018-07-19 13:00:00+00:00,2936.5637460528387
2018-07-19 14:00:00+00:00,2828.2717306582354
2018-07-19 15:00:00+00:00,2673.4611886436483
2018-07-19 16:00:00+00:00,2559.6227189055985
2018-07-19 17:00:00+00:00,2581.0473834265176
2018-07-19 18:00:00+00:00,2661.9787156934203
2018-07-19 19:00:00+00:00,2542.9526360161512
2018-07-19 20:00:00+00:00,2383.203193215436
2018-07-19 21:00:00+00:00,2139.613932250111
2018-07-19 22:00:00+00:00,1904.402935002252
2018-07-19 23:00:00+00:00,1714.0658913066604
2018-07-20 00:00:00+00:00,1572.0576984722277
2018-07-20 01:00:00+00:00,1477.5444157692214
2018-07-20 02:00:00+00:00,1391.2911174368983
2018-07-20 03:00:00+00:00,1358.2631128855887
2018-07-20 04:00:00+00:00,1493.4236245902175
2018-07-20 05:00:00+00:00,1733.1964911342934
2018-07-20 06:00:00+00:00,2115.4022624044887
2018-07-20 07:00:00+00:00,2502.941730212654
2018-07-20 08:00:00+00:00,2727.380219210065
2018-07-20 09:00:00+00:00,2799.6031117666453
2018-07-20 10:00:00+00:00,2828.2717306582354
2018-07-20 11:00:00+00:00,2861.1586112472846
2018-07-20 12:00:00+00:00,2864.710160877497
2018-07-20 13:00:00+00:00,2756.751501516517
2018-07-20 14:00:00+00:00,2621.8576746387866
2018-07-20 15:00:00+00:00,2495.71575151579
2018-07-20 16:00:00+00:00,2424.6801964949514
2018-07-20 17:00:00+00:00,2450.8385166933194
2018-07-20 18:00:00+00:00,2535.303422916627
2018-07-20 19:00:00+00:00,2471.8896737193245
2018-07-20 20:00:00+00:00,2400.309761083959
2018-07-20 21:00:00+00:00,2193.4031093178514
2018-07-20 22:00:00+00:00,1954.2011100062725
2018-07-20 23:00:00+00:00,1760.647437781713
2018-07-21 00:00:00+00:00,1503.2293931303461
2018-07-21 01:00:00+00:00,1415.886015129873
2018-07-21 02:00:00+00:00,1333.5099455188558
2018-07-21 03:00:00+00:00,1274.8624680284745
2018-07-21 04:00:00+00:00,1303.6281652697842
2018-07-21 05:00:00+00:00,1518.8664033740365
2018-07-21 06:00:00+00:00,1863.1570106496151
2018-07-21 07:00:00+00:00,2213.6480401505846
2018-07-21 08:00:00+00:00,2420.5157082505602
2018-07-21 09:00:00+00:00,2491.651268552429
2018-07-21 10:00:00+00:00,2512.980721007772
2018-07-21 11:00:00+00:00,2547.5957944020915
2018-07-21 12:00:00+00:00,2549.5966468908573
2018-07-21 13:00:00+00:00,2472.0746516968366
2018-07-21 14:00:00+00:00,2363.674553820371
2018-07-21 15:00:00+00:00,2251.69492842982
2018-07-21 16:00:00+00:00,2184.0197524818386
2018-07-21 17:00:00+00:00,2215.8495011590435
2018-07-21 18:00:00+00:00,2313.768554642562
2018-07-21 19:00:00+00:00,2323.536978947477
2018-07-21 20:00:00+00:00,2255.9705053526077
2018-07-21 21:00:00+00:00,2061.3037208111728
2018-07-21 22:00:00+00:00,1836.3529743414542
2018-07-21 23:00:00+00:00,1656.2372641899494
2018-07-22 00:00:00+00:00,1518.6852932120366
2018-07-22 01:00:00+00:00,1427.1317058703144
2018-07-22 02:00:00+00:00,1345.697393611945
2018-07-22 03:00:00+00:00,1291.3155229541453
2018-07-22 04:00:00+00:00,1274.0961360650454
2018-07-22 05:00:00+00:00,1477.94361668646
2018-07-22 06:00:00+00:00,1841.4555328607491
2018-07-22 07:00:00+00:00,2208.6877023702723
2018-07-22 08:00:00+00:00,2431.0564260337237
2018-07-22 09:00:00+00:00,2518.313084121608
2018-07-22 10:00:00+00:00,2550.307262804622
2018-07-22 11:00:00+00:00,2585.3563657547197
2018-07-22 12:00:00+00:00,2593.2476193576063
2018-07-22 13:00:00+00:00,2515.229590385554
2018-07-22 14:00:00+00:00,2422.330548072565
2018-07-22 15:00:00+00:00,2337.0127382511923
2018-07-22 16:00:00+00:00,2293.1471836487103
2018-07-22 17:00:00+00:00,2336.943747220918
2018-07-22 18:00:00+00:00,2426.0368277917573
2018-07-22 19:00:00+00:00,2328.1154434762025
2018-07-22 20:00:00+00:00,2200.711507748714
2018-07-22 21:00:00+00:00,2008.8976940108882
2018-07-22 22:00:00+00:00,1787.935566917091
2018-07-22 23:00:00+00:00,1609.1493965575592
2018-07-23 00:00:00+00:00,1586.8303628274873
2018-07-23 01:00:00+00:00,1491.3640050047868
2018-07-23 02:00:00+00:00,1402.757802470719
2018-07-23 03:00:00+00:00,1343.8621322330694
2018-07-23 04:00:00+00:00,1482.422875480654
2018-07-23 05:00:00+00:00,1721.1956739238606
2018-07-23 06:00:00+00:00,2096.734324521593
2018-07-23 07:00:00+00:00,2476.2732475228026
2018-07-23 08:00:00+00:00,2693.3779037805043
2018-07-23 09:00:00+00:00,2770.934492875055
2018-07-23 10:00:00+00:00,2793.8693879883267
2018-07-23 11:00:00+00:00,2832.1566363220713
2018-07-23 12:00:00+00:00,2841.2418961104286
2018-07-23 13:00:00+00:00,2756.751501516517
2018-07-23 14:00:00+00:00,2650.5262935303763
2018-07-23 15:00:00+00:00,2535.8518179640164
2018-07-23 16:00:00+00:00,2471.6167260290895
2018-07-23 17:00:00+00:00,2512.8427389472236
2018-07-23 18:00:00+00:00,2621.975991658643
2018-07-23 19:00:00+00:00,2542.9526360161512
2018-07-23 20:00:00+00:00,2414.872016409635
2018-07-23 21:00:00+00:00,2157.4260485950267
2018-07-23 22:00:00+00:00,1893.0851679558837
2018-07-23 23:00:00+00:00,1705.9647527892596
2018-07-24 00:00:00+00:00,1566.517949339005
2018-07-24 01:00:00+00:00,1474.08951846033
2018-07-24 02:00:00+00:00,1389.653019574924
2018-07-24 03:00:00+00:00,1376.2643387012386
2018-07-24 04:00:00+00:00,1533.7597046586175
2018-07-24 05:00:00+00:00,1789.2003047829814
2018-07-24 06:00:00+00:00,2180.740044994624
2018-07-24 07:00:00+00:00,2577.613481744237
2018-07-24 08:00:00+00:00,2806.7189552123727
2018-07-24 09:00:00+00:00,2879.8752446630974
2018-07-24 10:00:00+00:00,2897.076415998052
2018-07-24 11:00:00+00:00,2930.763351067797
2018-07-24 12:00:00+00:00,2940.982021370472
2018-07-24 13:00:00+00:00,2861.1586112472846
2018-07-24 14:00:00+00:00,2753.733321540101
2018-07-24 15:00:00+00:00,2616.123950860468
2018-07-24 16:00:00+00:00,2530.287387946763
2018-07-24 17:00:00+00:00,2568.6465389757377
2018-07-24 18:00:00+00:00,2668.6458363658826
2018-07-24 19:00:00+00:00,2569.3544338791044
2018-07-24 20:00:00+00:00,2421.205781048475
2018-07-24 21:00:00+00:00,2174.627219929981
2018-07-24 22:00:00+00:00,1911.6295662834211
2018-07-24 23:00:00+00:00,1710.4054014114822
2018-07-25 00:00:00+00:00,1563.6208925744545
2018-07-25 01:00:00+00:00,1466.609055301615
2018-07-25 02:00:00+00:00,1420.0852971931267
2018-07-25 03:00:00+00:00,1477.071203268876
2018-07-25 04:00:00+00:00,1636.4333630145447
2018-07-25 05:00:00+00:00,1917.2090216942674
2018-07-25 06:00:00+00:00,2348.751485940687
2018-07-25 07:00:00+00:00,2764.292860573196
2018-07-25 08:00:00+00:00,3005.0657952181414
2018-07-25 09:00:00+00:00,3086.289300682546
2018-07-25 10:00:00+00:00,3103.4904720175
2018-07-25 11:00:00+00:00,3133.7771755442886
2018-07-25 12:00:00+00:00,3140.4622718905594
2018-07-25 13:00:00+00:00,3058.3720407387345
2018-07-25 14:00:00+00:00,2937.212482446278
2018-07-25 15:00:00+00:00,2770.934492875055
2018-07-25 16:00:00+00:00,2653.4957779738756
2018-07-25 17:00:00+00:00,2692.6549834835455
2018-07-25 18:00:00+00:00,2808.655370487602
2018-07-25 19:00:00+00:00,2734.3656705225594
2018-07-25 20:00:00+00:00,2592.2174262971457
2018-07-25 21:00:00+00:00,2300.7691430529767
2018-07-25 22:00:00+00:00,1987.6347419494969
2018-07-25 23:00:00+00:00,1746.6745378696796
2018-07-26 00:00:00+00:00,1571.8881222083085
2018-07-26 01:00:00+00:00,1455.0082653315296
2018-07-26 02:00:00+00:00,1394.4168826041448
2018-07-26 03:00:00+00:00,1444.6689968007067
2018-07-26 04:00:00+00:00,1588.7634502064361
2018-07-26 05:00:00+00:00,1861.2052080455792
2018-07-26 06:00:00+00:00,2283.4137033505517
2018-07-26 07:00:00+00:00,2678.9537159656716
2018-07-26 08:00:00+00:00,2897.391796357867
2018-07-26 09:00:00+00:00,2965.881101337868
2018-07-26 10:00:00+00:00,2988.8159964511397
2018-07-26 11:00:00+00:00,3017.7692758434364
2018-07-26 12:00:00+00:00,3028.9880142469806
2018-07-26 13:00:00+00:00,2930.763351067797
2018-07-26 14:00:00+00:00,2799.6031117666453
2018-07-26 15:00:00+00:00,2656.260017308695
2018-07-26 16:00:00+00:00,2577.223917480901
2018-07-26 17:00:00+00:00,2605.8490723280797
2018-07-26 18:00:00+00:00,2701.981439728197
2018-07-26 19:00:00+00:00,2589.1557822763184
2018-07-26 20:00:00+00:00,2427.5395456873143
2018-07-26 21:00:00+00:00,2163.159772373345
2018-07-26 22:00:00+00:00,1886.2945077280624
2018-07-26 23:00:00+00:00,1697.863614271859
2018-07-27 00:00:00+00:00,1557.2850341169676
2018-07-27 01:00:00+00:00,1463.7248265336555
2018-07-27 02:00:00+00:00,1379.8244324030775
2018-07-27 03:00:00+00:00,1379.8645838643681
2018-07-27 04:00:00+00:00,1511.7582064394906
2018-07-27 05:00:00+00:00,1761.198397958637
2018-07-27 06:00:00+00:00,2157.405122641004
2018-07-27 07:00:00+00:00,2545.611302516416
2018-07-27 08:00:00+00:00,2761.3825346396256
2018-07-27 09:00:00+00:00,2828.2717306582354
2018-07-27 10:00:00+00:00,2845.472901993189
2018-07-27 11:00:00+00:00,2872.75940121737
2018-07-27 12:00:00+00:00,2882.3113594527995
2018-07-27 13:00:00+00:00,2791.5538714267727
2018-07-27 14:00:00+00:00,2667.7274648653306
2018-07-27 15:00:00+00:00,2541.5855417423336
2018-07-27 16:00:00+00:00,2471.6167260290895
2018-07-27 17:00:00+00:00,2494.241472271052
2018-07-27 18:00:00+00:00,2568.639026278941
2018-07-27 19:00:00+00:00,2460.095369113109
2018-07-27 20:00:00+00:00,2391.821435799183
2018-07-27 21:00:00+00:00,2188.2803305494954
2018-07-27 22:00:00+00:00,1951.9375565969988
2018-07-27 23:00:00+00:00,1758.6221531523634
2018-07-28 00:00:00+00:00,1503.2293931303461
2018-07-28 01:00:00+00:00,1415.886015129873
2018-07-28 02:00:00+00:00,1339.6036695654004
2018-07-28 03:00:00+00:00,1285.332593890265
2018-07-28 04:00:00+00:00,1283.1667719259956
2018-07-28 05:00:00+00:00,1500.2651366978657
2018-07-28 06:00:00+00:00,1850.1361239762955
2018-07-28 07:00:00+00:00,2203.72736458996
2018-07-28 08:00:00+00:00,2425.7860671421413
2018-07-28 09:00:00+00:00,2512.980721007772
2018-07-28 10:00:00+00:00,2539.642536576951
2018-07-28 11:00:00+00:00,2574.56763108254
2018-07-28 12:00:00+00:00,2576.8785046825756
2018-07-28 13:00:00+00:00,2493.6521210411947
2018-07-28 14:00:00+00:00,2374.3392800480424
2018-07-28 15:00:00+00:00,2246.3625653159843
2018-07-28 16:00:00+00:00,2173.1070093651515
2018-07-28 17:00:00+00:00,2192.7839304805907
2018-07-28 18:00:00+00:00,2327.6179274756178
2018-07-28 19:00:00+00:00,2339.990033873148
2018-07-28 20:00:00+00:00,2271.758790382292
2018-07-28 21:00:00+00:00,2073.2141814476004
2018-07-28 22:00:00+00:00,1848.9836023652017
2018-07-28 23:00:00+00:00,1665.6548377164274
2018-07-29 00:00:00+00:00,1523.8372599059337
2018-07-29 01:00:00+00:00,1427.1317058703144
2018-07-29 02:00:00+00:00,1350.2676866468537
2018-07-29 03:00:00+00:00,1303.2813810819057
2018-07-29 04:00:00+00:00,1284.7601531464984
2018-07-29 05:00:00+00:00,1466.7828566807573
2018-07-29 06:00:00+00:00,1837.1152373029756
2018-07-29 07:00:00+00:00,2213.6480401505846
2018-07-29 08:00:00+00:00,2446.867502708469
2018-07-29 09:00:00+00:00,2534.310173463115
2018-07-29 10:00:00+00:00,2560.971989032294
2018-07-29 11:00:00+00:00,2590.7507330908093
2018-07-29 12:00:00+00:00,2593.2476193576063
2018-07-29 13:00:00+00:00,2509.8352230494643
2018-07-29 14:00:00+00:00,2401.0010956172214
2018-07-29 15:00:00+00:00,2273.0243808851633
2018-07-29 16:00:00+00:00,2200.3888671568698
2018-07-29 17:00:00+00:00,2244.6814645071086
2018-07-29 18:00:00+00:00,2333.030494410901
2018-07-29 19:00:00+00:00,2309.8260998427522
2018-07-29 20:00:00+00:00,2245.444981999485
2018-07-29 21:00:00+00:00,2051.77535230203
2018-07-29 22:00:00+00:00,1827.9325556589563
2018-07-29 23:00:00+00:00,1644.936175958176
2018-07-30 00:00:00+00:00,1620.0688576268215
2018-07-30 01:00:00+00:00,1520.7306321303636
2018-07-30 02:00:00+00:00,1432.2435639862576
2018-07-30 03:00:00+00:00,1370.8198580951337
2018-07-30 04:00:00+00:00,1416.418380823272
2018-07-30 05:00:00+00:00,1661.1915878716952
2018-07-30 06:00:00+00:00,2040.730510872905
2018-07-30 07:00:00+00:00,2428.2699786810704
2018-07-30 08:00:00+00:00,2665.042640922538
2018-07-30 09:00:00+00:00,2747.9995977617828
2018-07-30 10:00:00+00:00,2776.6682166533733
2018-07-30 11:00:00+00:00,2808.955056381901
2018-07-30 12:00:00+00:00,2817.7736313433593
2018-07-30 13:00:00+00:00,2739.3503165613893
2018-07-30 14:00:00+00:00,2633.3251221954224
2018-07-30 15:00:00+00:00,2495.71575151579
2018-07-30 16:00:00+00:00,2412.946064111417
2018-07-30 17:00:00+00:00,2450.8385166933194
2018-07-30 18:00:00+00:00,2535.303422916627
2018-07-30 19:00:00+00:00,2471.8896737193245
2018-07-30 20:00:00+00:00,2397.480319322367
2018-07-30 21:00:00+00:00,2185.7189411653167
2018-07-30 22:00:00+00:00,1940.6197895506305
2018-07-30 23:00:00+00:00,1744.4451607469123
2018-07-31 00:00:00+00:00,1596.0632780495243
2018-07-31 01:00:00+00:00,1498.2737996225696
2018-07-31 02:00:00+00:00,1412.5863896425649
2018-07-31 03:00:00+00:00,1351.5200869213265
2018-07-31 04:00:00+00:00,1453.0875445218178
2018-07-31 05:00:00+00:00,1689.193494696039
2018-07-31 06:00:00+00:00,2068.7324176972484
2018-07-31 07:00:00+00:00,2449.6047648329513
2018-07-31 08:00:00+00:00,2676.376746065725
2018-07-31 09:00:00+00:00,2753.733321540101
2018-07-31 10:00:00+00:00,2776.6682166533733
2018-07-31 11:00:00+00:00,2808.955056381901
2018-07-31 12:00:00+00:00,2817.7736313433593
2018-07-31 13:00:00+00:00,2739.3503165613893
2018-07-31 14:00:00+00:00,2627.5913984171048
2018-07-31 15:00:00+00:00,2495.71575151579
2018-07-31 16:00:00+00:00,2412.946064111417
2018-07-31 17:00:00+00:00,2450.8385166933194
2018-07-31 18:00:00+00:00,2535.303422916627
2018-07-31 19:00:00+00:00,2471.8896737193245
2018-07-31 20:00:00+00:00,2397.480319322367
2018-07-31 21:00:00+00:00,2188.2803305494954
2018-07-31 22:00:00+00:00,1945.1468963691782
2018-07-31 23:00:00+00:00,1748.4957300056124
2018-08-01 00:00:00+00:00,1601.603027182747
2018-08-01 01:00:00+00:00,1503.4561455859068
2018-08-01 02:00:00+00:00,1415.8625853665137
2018-08-01 03:00:00+00:00,1349.9117726568427
2018-08-01 04:00:00+00:00,1460.4213772615267
2018-08-01 05:00:00+00:00,1697.1940395029947
2018-08-01 06:00:00+00:00,2068.7324176972484
2018-08-01 07:00:00+00:00,2438.9373717570106
2018-08-01 08:00:00+00:00,2659.3755883509443
2018-08-01 09:00:00+00:00,2742.265873983465
2018-08-01 10:00:00+00:00,2770.934492875055
2018-08-01 11:00:00+00:00,2803.1546613968576
2018-08-01 12:00:00+00:00,2811.9065651515925
2018-08-01 13:00:00+00:00,2716.148736621218
2018-08-01 14:00:00+00:00,2593.189055747196
2018-08-01 15:00:00+00:00,2472.7808564025177
2018-08-01 16:00:00+00:00,2407.0789979196497
2018-08-01 17:00:00+00:00,2438.4376722425386
2018-08-01 18:00:00+00:00,2528.6363022441637
2018-08-01 19:00:00+00:00,2474.8382498708784
2018-08-01 20:00:00+00:00,2405.9686446071432
2018-08-01 21:00:00+00:00,2198.5258880862075
2018-08-01 22:00:00+00:00,1960.9917702340936
2018-08-01 23:00:00+00:00,1766.7232916697635
2018-08-02 00:00:00+00:00,1623.7620237156366
2018-08-02 01:00:00+00:00,1527.6404267481464
2018-08-02 02:00:00+00:00,1445.3483468820527
2018-08-02 03:00:00+00:00,1388.511315004457
2018-08-02 04:00:00+00:00,1368.3577473692571
2018-08-02 05:00:00+00:00,1589.1866846090966
2018-08-02 06:00:00+00:00,1956.7247903998737
2018-08-02 07:00:00+00:00,2332.2634409976054
2018-08-02 08:00:00+00:00,2563.035694633857
2018-08-02 09:00:00+00:00,2650.5262935303763
2018-08-02 10:00:00+00:00,2679.1949124219664
2018-08-02 11:00:00+00:00,2710.3483416361755
2018-08-02 12:00:00+00:00,2712.1664398915477
2018-08-02 13:00:00+00:00,2617.5420218754934
2018-08-02 14:00:00+00:00,2484.2483039591543
2018-08-02 15:00:00+00:00,2369.5738283927935
2018-08-02 16:00:00+00:00,2319.0730050431407
2018-08-02 17:00:00+00:00,2370.2330277632436
2018-08-02 18:00:00+00:00,2484.944817285969
2018-08-02 19:00:00+00:00,2492.5297067802016
2018-08-02 20:00:00+00:00,2417.286411653512
2018-08-02 21:00:00+00:00,2206.210056238742
2018-08-02 22:00:00+00:00,1960.9917702340936
2018-08-02 23:00:00+00:00,1762.6727224110634
2018-08-03 00:00:00+00:00,1610.8359424047842
2018-08-03 01:00:00+00:00,1506.9110428947981
2018-08-03 02:00:00+00:00,1420.7768789524368
2018-08-03 03:00:00+00:00,1372.4281723596175
2018-08-03 04:00:00+00:00,1379.7492171247266
2018-08-03 05:00:00+00:00,1621.188863836918
2018-08-03 06:00:00+00:00,2040.730510872905
2018-08-03 07:00:00+00:00,2470.9395509848327
2018-08-03 08:00:00+00:00,2721.713166638472
2018-08-03 09:00:00+00:00,2805.3368355449634
2018-08-03 10:00:00+00:00,2834.005454436553
2018-08-03 11:00:00+00:00,2861.1586112472846
2018-08-03 12:00:00+00:00,2864.710160877497
2018-08-03 13:00:00+00:00,2774.1526864716448
2018-08-03 14:00:00+00:00,2661.993741087013
2018-08-03 15:00:00+00:00,2553.0529892989703
2018-08-03 16:00:00+00:00,2495.0849907961588
2018-08-03 17:00:00+00:00,2537.644427848785
2018-08-03 18:00:00+00:00,2628.6431123311063
2018-08-03 19:00:00+00:00,2523.151287618937
2018-08-03 20:00:00+00:00,2357.868134660078
2018-08-03 21:00:00+00:00,2154.98226855518
2018-08-03 22:00:00+00:00,1917.9842554578936
2018-08-03 23:00:00+00:00,1726.217599082761
2018-08-04 00:00:00+00:00,1472.317592966965
2018-08-04 01:00:00+00:00,1385.3619974058172
2018-08-04 02:00:00+00:00,1309.1350493326772
2018-08-04 03:00:00+00:00,1255.417948570864
2018-08-04 04:00:00+00:00,1358.19188085322
2018-08-04 05:00:00+00:00,1604.4322300844244
2018-08-04 06:00:00+00:00,1976.004695151721
2018-08-04 07:00:00+00:00,2352.53749799933
2018-08-04 08:00:00+00:00,2568.085757214851
2018-08-04 09:00:00+00:00,2646.2897988536665
2018-08-04 10:00:00+00:00,2667.6192513090095
2018-08-04 11:00:00+00:00,2693.243712476513
2018-08-04 12:00:00+00:00,2702.375050524478
2018-08-04 13:00:00+00:00,2628.5113044434365
2018-08-04 14:00:00+00:00,2523.645447235444
2018-08-04 15:00:00+00:00,2374.3392800480424
2018-08-04 16:00:00+00:00,2282.234440532023
2018-08-04 17:00:00+00:00,2325.410961881692
2018-08-04 18:00:00+00:00,2413.635983340977
2018-08-04 19:00:00+00:00,2303.561771463656
2018-08-04 20:00:00+00:00,2213.8684119401178
2018-08-04 21:00:00+00:00,2023.1902467746022
2018-08-04 22:00:00+00:00,1798.4610902702132
2018-08-04 23:00:00+00:00,1614.799940673446
2018-08-05 00:00:00+00:00,1475.7522374295634
2018-08-05 01:00:00+00:00,1382.1489429085484
2018-08-05 02:00:00+00:00,1299.9944632628603
2018-08-05 03:00:00+00:00,1253.1400109784652
2018-08-05 04:00:00+00:00,1399.1146675407965
2018-08-05 05:00:00+00:00,1678.8372967891094
2018-08-05 06:00:00+00:00,2093.1926752115996
2018-08-05 07:00:00+00:00,2481.506280287451
2018-08-05 08:00:00+00:00,2694.574370612816
2018-08-05 09:00:00+00:00,2758.2694242442176
2018-08-05 10:00:00+00:00,2758.2694242442176
2018-08-05 11:00:00+00:00,2768.764855181768
2018-08-05 12:00:00+00:00,2767.8515092246002
2018-08-05 13:00:00+00:00,2682.4549778043333
2018-08-05 14:00:00+00:00,2576.969078373801
2018-08-05 15:00:00+00:00,2443.6600005279074
2018-08-05 16:00:00+00:00,2369.5363854655197
2018-08-05 17:00:00+00:00,2394.607673917049
2018-08-05 18:00:00+00:00,2475.640205594881
2018-08-05 19:00:00+00:00,2371.0843694981572
2018-08-05 20:00:00+00:00,2216.3789696903555
2018-08-05 21:00:00+00:00,1994.6051412471743
2018-08-05 22:00:00+00:00,1775.3049388933434
2018-08-05 23:00:00+00:00,1599.7318230310811
2018-08-06 00:00:00+00:00,1579.4440306498573
2018-08-06 01:00:00+00:00,1484.4542103870044
2018-08-06 02:00:00+00:00,1404.3959003326931
2018-08-06 03:00:00+00:00,1348.3034583923588
2018-08-06 04:00:00+00:00,1478.7559591107997
2018-08-06 05:00:00+00:00,1769.1989427655926
2018-08-06 06:00:00+00:00,2194.740998406796
2018-08-06 07:00:00+00:00,2604.281964434089
2018-08-06 08:00:00+00:00,2840.7212706419327
2018-08-06 09:00:00+00:00,2914.2775873330056
2018-08-06 10:00:00+00:00,2925.7450348896423
2018-08-06 11:00:00+00:00,2942.3641410378814
2018-08-06 12:00:00+00:00,2935.1149551787053
2018-08-06 13:00:00+00:00,2837.957031307114
2018-08-06 14:00:00+00:00,2713.597255091875
2018-08-06 15:00:00+00:00,2575.9878844122427
2018-08-06 16:00:00+00:00,2495.0849907961588
2018-08-06 17:00:00+00:00,2512.8427389472236
2018-08-06 18:00:00+00:00,2588.640388296329
2018-08-06 19:00:00+00:00,2470.3476918930314
2018-08-06 20:00:00+00:00,2377.6742269912224
2018-08-06 21:00:00+00:00,2170.350604860248
2018-08-06 22:00:00+00:00,1929.302022504262
2018-08-06 23:00:00+00:00,1734.3187376001615
2018-08-07 00:00:00+00:00,1586.8303628274873
2018-08-07 01:00:00+00:00,1489.6365563503412
2018-08-07 02:00:00+00:00,1406.033998194668
2018-08-07 03:00:00+00:00,1346.6951441278748
2018-08-07 04:00:00+00:00,1478.7559591107997
2018-08-07 05:00:00+00:00,1769.1989427655926
2018-08-07 06:00:00+00:00,2208.741951818968
2018-08-07 07:00:00+00:00,2636.28414366191
2018-08-07 08:00:00+00:00,2880.3906386430863
2018-08-07 09:00:00+00:00,2954.413653781232
2018-08-07 10:00:00+00:00,2948.679930002914
2018-08-07 11:00:00+00:00,2948.164536022924
2018-08-07 12:00:00+00:00,2923.3808227951704
2018-08-07 13:00:00+00:00,2814.7554513669434
2018-08-07 14:00:00+00:00,2679.1949124219664
2018-08-07 15:00:00+00:00,2535.8518179640164
2018-08-07 16:00:00+00:00,2448.148461262021
2018-08-07 17:00:00+00:00,2463.2393611441
2018-08-07 18:00:00+00:00,2535.303422916627
2018-08-07 19:00:00+00:00,2471.8896737193245
2018-08-07 20:00:00+00:00,2397.480319322367
2018-08-07 21:00:00+00:00,2185.7189411653167
2018-08-07 22:00:00+00:00,1942.8833429599044
2018-08-07 23:00:00+00:00,1746.470445376262
2018-08-08 00:00:00+00:00,1599.7564441383395
2018-08-08 01:00:00+00:00,1503.4561455859068
2018-08-08 02:00:00+00:00,1424.0530746763857
2018-08-08 03:00:00+00:00,1378.8614294175534
2018-08-08 04:00:00+00:00,1376.082300754872
2018-08-08 05:00:00+00:00,1641.1902258543066
2018-08-08 06:00:00+00:00,2082.73337110942
2018-08-08 07:00:00+00:00,2534.943909440475
2018-08-08 08:00:00+00:00,2789.7177974975925
2018-08-08 09:00:00+00:00,2868.407797106462
2018-08-08 10:00:00+00:00,2874.1415208847793
2018-08-08 11:00:00+00:00,2884.360191187455
2018-08-08 12:00:00+00:00,2870.577227069265
2018-08-08 13:00:00+00:00,2774.1526864716448
2018-08-08 14:00:00+00:00,2644.7925697520586
2018-08-08 15:00:00+00:00,2518.650646629062
2018-08-08 16:00:00+00:00,2448.148461262021
2018-08-08 17:00:00+00:00,2481.840627820271
2018-08-08 18:00:00+00:00,2561.9719056064782
2018-08-08 19:00:00+00:00,2460.095369113109
2018-08-08 20:00:00+00:00,2388.991994037591
2018-08-08 21:00:00+00:00,2183.157551781139
2018-08-08 22:00:00+00:00,1945.1468963691782
2018-08-08 23:00:00+00:00,1752.546299264313
2018-08-09 00:00:00+00:00,1607.1427763159695
2018-08-09 01:00:00+00:00,1510.3659402036894
2018-08-09 02:00:00+00:00,1428.9673682623088
2018-08-09 03:00:00+00:00,1375.6448008885855
2018-08-09 04:00:00+00:00,1401.750715343854
2018-08-09 05:00:00+00:00,1697.1940395029947
2018-08-09 06:00:00+00:00,2138.7371847581085
2018-08-09 07:00:00+00:00,2561.612392130327
2018-08-09 08:00:00+00:00,2812.3860077839663
2018-08-09 09:00:00+00:00,2908.5438635546875
2018-08-09 10:00:00+00:00,2942.9462062245952
2018-08-09 11:00:00+00:00,2971.366115963095
2018-08-09 12:00:00+00:00,2964.4502861375413
2018-08-09 13:00:00+00:00,2861.1586112472846
2018-08-09 14:00:00+00:00,2725.064702648511
2018-08-09 15:00:00+00:00,2581.7216081905603
2018-08-09 16:00:00+00:00,2506.8191231796936
2018-08-09 17:00:00+00:00,2574.8469612011277
2018-08-09 18:00:00+00:00,2695.3143190557344
2018-08-09 19:00:00+00:00,2582.5553328105802
2018-08-09 20:00:00+00:00,2408.5382517707953
2018-08-09 21:00:00+00:00,2137.052542865933
2018-08-09 22:00:00+00:00,1904.402935002252
2018-08-09 23:00:00+00:00,1716.0911759360104
2018-08-10 00:00:00+00:00,1572.0576984722277
2018-08-10 01:00:00+00:00,1475.8169671147757
2018-08-10 02:00:00+00:00,1392.9292152988726
2018-08-10 03:00:00+00:00,1354.6628677224587
2018-08-10 04:00:00+00:00,1511.7582064394906
2018-08-10 05:00:00+00:00,1773.1992151690704
2018-08-10 06:00:00+00:00,2171.4060760531756
2018-08-10 07:00:00+00:00,2572.2797852062668
2018-08-10 08:00:00+00:00,2806.7189552123727
2018-08-10 09:00:00+00:00,2885.6089684414155
2018-08-10 10:00:00+00:00,2897.076415998052
2018-08-10 11:00:00+00:00,2919.1625610977107
2018-08-10 12:00:00+00:00,2911.646690411636
2018-08-10 13:00:00+00:00,2820.555846351986
2018-08-10 14:00:00+00:00,2702.1298075352383
2018-08-10 15:00:00+00:00,2547.3192655206526
2018-08-10 16:00:00+00:00,2459.8825936455555
2018-08-10 17:00:00+00:00,2519.0431611726135
2018-08-10 18:00:00+00:00,2621.975991658643
2018-08-10 19:00:00+00:00,2509.9503886874604
2018-08-10 20:00:00+00:00,2360.69757642167
2018-08-10 21:00:00+00:00,2149.8594897868234
2018-08-10 22:00:00+00:00,1908.9300418207993
2018-08-10 23:00:00+00:00,1716.0911759360104
2018-08-11 00:00:00+00:00,1458.5790151165738
2018-08-11 01:00:00+00:00,1366.0836704222033
2018-08-11 02:00:00+00:00,1289.330446181407
2018-08-11 03:00:00+00:00,1276.5776069904407
2018-08-11 04:00:00+00:00,1422.98629310855
2018-08-11 05:00:00+00:00,1682.557550124344
2018-08-11 06:00:00+00:00,2067.15090186496
2018-08-11 07:00:00+00:00,2441.823578044952
2018-08-11 08:00:00+00:00,2641.870781696998
2018-08-11 09:00:00+00:00,2688.948703764352
2018-08-11 10:00:00+00:00,2688.948703764352
2018-08-11 11:00:00+00:00,2714.821181820871
2018-08-11 12:00:00+00:00,2724.200536757852
2018-08-11 13:00:00+00:00,2639.3000391156165
2018-08-11 14:00:00+00:00,2528.97781034928
2018-08-11 15:00:00+00:00,2385.0040062757143
2018-08-11 16:00:00+00:00,2309.5162983237406
2018-08-11 17:00:00+00:00,2360.00931789937
2018-08-11 18:00:00+00:00,2450.8385166933194
2018-08-11 19:00:00+00:00,2346.5306974856117
2018-08-11 20:00:00+00:00,2192.8173652338724
2018-08-11 21:00:00+00:00,2001.7514176290313
2018-08-11 22:00:00+00:00,1779.5151482345923
2018-08-11 23:00:00+00:00,1601.6153377363764
2018-08-12 00:00:00+00:00,1465.4483040417695
2018-08-12 01:00:00+00:00,1377.3293611626448
2018-08-12 02:00:00+00:00,1301.5178942744965
2018-08-12 03:00:00+00:00,1246.4435549750435
2018-08-12 04:00:00+00:00,1388.8839708689025
2018-08-12 05:00:00+00:00,1634.1942567662986
2018-08-12 06:00:00+00:00,2010.7270596139076
2018-08-12 07:00:00+00:00,2387.2598624615166
2018-08-12 08:00:00+00:00,2599.707910564343
2018-08-12 09:00:00+00:00,2667.6192513090095
2018-08-12 10:00:00+00:00,2672.951614422845
2018-08-12 11:00:00+00:00,2693.243712476513
2018-08-12 12:00:00+00:00,2691.4623074077904
2018-08-12 13:00:00+00:00,2606.9338350990784
2018-08-12 14:00:00+00:00,2491.651268552429
2018-08-12 15:00:00+00:00,2347.677464478864
2018-08-12 16:00:00+00:00,2276.778068973679
2018-08-12 17:00:00+00:00,2331.177354551305
2018-08-12 18:00:00+00:00,2426.0368277917573
2018-08-12 19:00:00+00:00,2315.8386074699292
2018-08-12 20:00:00+00:00,2211.237031101837
2018-08-12 21:00:00+00:00,2023.1902467746022
2018-08-12 22:00:00+00:00,1804.7764042820863
2018-08-12 23:00:00+00:00,1629.868058315811
2018-08-13 00:00:00+00:00,1608.9893593603772
2018-08-13 01:00:00+00:00,1515.5482861670266
2018-08-13 02:00:00+00:00,1433.881661848232
2018-08-13 03:00:00+00:00,1374.0364866241018
2018-08-13 04:00:00+00:00,1412.7514644534176
2018-08-13 05:00:00+00:00,1669.1921326786505
2018-08-13 06:00:00+00:00,2050.064479814353
2018-08-13 07:00:00+00:00,2422.9362821431005
2018-08-13 08:00:00+00:00,2636.7073780645705
2018-08-13 09:00:00+00:00,2702.1298075352383
2018-08-13 10:00:00+00:00,2725.064702648511
2018-08-13 11:00:00+00:00,2756.751501516517
2018-08-13 12:00:00+00:00,2764.9700356174535
2018-08-13 13:00:00+00:00,2675.5459717259196
2018-08-13 14:00:00+00:00,2535.8518179640164
2018-08-13 15:00:00+00:00,2398.2424472843836
2018-08-13 16:00:00+00:00,2330.807137426675
2018-08-13 17:00:00+00:00,2357.8321833124633
2018-08-13 18:00:00+00:00,2502.8149757802344
2018-08-13 19:00:00+00:00,2519.0668921441866
2018-08-13 20:00:00+00:00,2448.4102710310244
2018-08-13 21:00:00+00:00,2239.508118233057
2018-08-13 22:00:00+00:00,1997.2086247824723
2018-08-13 23:00:00+00:00,1799.1278457393657
2018-08-14 00:00:00+00:00,1653.3073524261565
2018-08-14 01:00:00+00:00,1555.2796052192778
2018-08-14 02:00:00+00:00,1471.5579126736425
2018-08-14 03:00:00+00:00,1415.8526575006838
2018-08-14 04:00:00+00:00,1394.567313160847
2018-08-14 05:00:00+00:00,1545.183688170842
2018-08-14 06:00:00+00:00,1938.0568525169774
2018-08-14 07:00:00+00:00,2332.2634409976054
2018-08-14 08:00:00+00:00,2580.0368523486377
2018-08-14 09:00:00+00:00,2673.4611886436483
2018-08-14 10:00:00+00:00,2702.1298075352383
2018-08-14 11:00:00+00:00,2733.5499215763457
2018-08-14 12:00:00+00:00,2735.634704658617
2018-08-14 13:00:00+00:00,2652.344391785749
2018-08-14 14:00:00+00:00,2535.8518179640164
2018-08-14 15:00:00+00:00,2398.2424472843836
2018-08-14 16:00:00+00:00,2319.0730050431407
2018-08-14 17:00:00+00:00,2364.0326055378528
2018-08-14 18:00:00+00:00,2496.8582562821457
2018-08-14 19:00:00+00:00,2510.221163689525
2018-08-14 20:00:00+00:00,2439.9219457462486
2018-08-14 21:00:00+00:00,2229.2625606963447
2018-08-14 22:00:00+00:00,1985.8908577361037
2018-08-14 23:00:00+00:00,1789.0014225926152
2018-08-15 00:00:00+00:00,1642.227854159711
2018-08-15 01:00:00+00:00,1543.187464638158
2018-08-15 02:00:00+00:00,1460.0912276398221
2018-08-15 03:00:00+00:00,1402.986143384812
2018-08-15 04:00:00+00:00,1369.9958452312314
2018-08-15 05:00:00+00:00,1629.1894086438738
2018-08-15 06:00:00+00:00,2036.0635264021805
2018-08-15 07:00:00+00:00,2444.2710682949814
2018-08-15 08:00:00+00:00,2693.3779037805043
2018-08-15 09:00:00+00:00,2805.3368355449634
2018-08-15 10:00:00+00:00,2845.472901993189
2018-08-15 11:00:00+00:00,2890.160586172498
2018-08-15 12:00:00+00:00,2888.1784256445667
2018-08-15 13:00:00+00:00,2785.7534764417296
2018-08-15 14:00:00+00:00,2644.7925697520586
2018-08-15 15:00:00+00:00,2478.5145801808358
2018-08-15 16:00:00+00:00,2389.477799344348
2018-08-15 17:00:00+00:00,2438.4376722425386
2018-08-15 18:00:00+00:00,2535.303422916627
2018-08-15 19:00:00+00:00,2471.8896737193245
2018-08-15 20:00:00+00:00,2403.1392028455516
2018-08-15 21:00:00+00:00,2195.9644987020292
2018-08-15 22:00:00+00:00,1954.2011100062725
2018-08-15 23:00:00+00:00,1758.6221531523634
2018-08-16 00:00:00+00:00,1612.6825254491919
2018-08-16 01:00:00+00:00,1515.5482861670266
2018-08-16 02:00:00+00:00,1435.5197597102065
2018-08-16 03:00:00+00:00,1378.8614294175534
2018-08-16 04:00:00+00:00,1401.750715343854
2018-08-16 05:00:00+00:00,1701.1943119064717
2018-08-16 06:00:00+00:00,2166.739091582452
2018-08-16 07:00:00+00:00,2609.6156609720597
2018-08-16 08:00:00+00:00,2869.0565334999
2018-08-16 09:00:00+00:00,2960.1473775595496
2018-08-16 10:00:00+00:00,2983.0822726728215
2018-08-16 11:00:00+00:00,3006.1684858733506
2018-08-16 12:00:00+00:00,2987.9185509046106
2018-08-16 13:00:00+00:00,2872.75940121737
2018-08-16 14:00:00+00:00,2719.3309788701927
2018-08-16 15:00:00+00:00,2535.8518179640164
2018-08-16 16:00:00+00:00,2430.547262686719
2018-08-16 17:00:00+00:00,2469.4397833694907
2018-08-16 18:00:00+00:00,2548.637664261553
2018-08-16 19:00:00+00:00,2468.94109756777
2018-08-16 20:00:00+00:00,2400.309761083959
2018-08-16 21:00:00+00:00,2193.4031093178514
2018-08-16 22:00:00+00:00,1951.9375565969988
2018-08-16 23:00:00+00:00,1756.596868523013
2018-08-17 00:00:00+00:00,1610.8359424047842
2018-08-17 01:00:00+00:00,1512.0933888581353
2018-08-17 02:00:00+00:00,1430.605466124283
2018-08-17 03:00:00+00:00,1372.4281723596175
2018-08-17 04:00:00+00:00,1416.418380823272
2018-08-17 05:00:00+00:00,1713.1951291169053
2018-08-17 06:00:00+00:00,2190.0740139360714
2018-08-17 07:00:00+00:00,2652.285233275821
2018-08-17 08:00:00+00:00,2903.0588489294605
2018-08-17 09:00:00+00:00,2971.614825116186
2018-08-17 10:00:00+00:00,2971.614825116186
2018-08-17 11:00:00+00:00,2971.366115963095
2018-08-17 12:00:00+00:00,2946.8490875622388
2018-08-17 13:00:00+00:00,2843.757426292157
2018-08-17 14:00:00+00:00,2702.1298075352383
2018-08-17 15:00:00+00:00,2541.5855417423336
2018-08-17 16:00:00+00:00,2442.2813950702534
2018-08-17 17:00:00+00:00,2463.2393611441
2018-08-17 18:00:00+00:00,2521.969181571701
2018-08-17 19:00:00+00:00,2483.6839783255396
2018-08-17 20:00:00+00:00,2411.6275281303274
2018-08-17 21:00:00+00:00,2201.0872774703857
2018-08-17 22:00:00+00:00,1958.72821682482
2018-08-17 23:00:00+00:00,1764.6980070404134
2018-08-18 00:00:00+00:00,1506.6640375929442
2018-08-18 01:00:00+00:00,1415.886015129873
2018-08-18 02:00:00+00:00,1342.6505315886727
2018-08-18 03:00:00+00:00,1297.2984520180253
2018-08-18 04:00:00+00:00,1275.6195670766815
2018-08-18 05:00:00+00:00,1507.705643368334
2018-08-18 06:00:00+00:00,1919.5808529006679
2018-08-18 07:00:00+00:00,2342.616822438705
2018-08-18 08:00:00+00:00,2589.167192781179
2018-08-18 09:00:00+00:00,2667.6192513090095
2018-08-18 10:00:00+00:00,2678.2839775366806
2018-08-18 11:00:00+00:00,2687.8493451404233
2018-08-18 12:00:00+00:00,2669.636821174416
2018-08-18 13:00:00+00:00,2569.1732637464497
2018-08-18 14:00:00+00:00,2443.6600005279074
2018-08-18 15:00:00+00:00,2310.3509226820133
2018-08-18 16:00:00+00:00,2233.127096506931
2018-08-18 17:00:00+00:00,2267.747035185561
2018-08-18 18:00:00+00:00,2339.230916636292
2018-08-18 19:00:00+00:00,2309.8260998427522
2018-08-18 20:00:00+00:00,2245.444981999485
2018-08-18 21:00:00+00:00,2051.77535230203
2018-08-18 22:00:00+00:00,1825.827450988332
2018-08-18 23:00:00+00:00,1643.0526612528802
2018-08-19 00:00:00+00:00,1506.6640375929442
2018-08-19 01:00:00+00:00,1417.4925423785076
2018-08-19 02:00:00+00:00,1342.6505315886727
2018-08-19 03:00:00+00:00,1295.8027197520553
2018-08-19 04:00:00+00:00,1275.6195670766815
2018-08-19 05:00:00+00:00,1511.425896703568
2018-08-19 06:00:00+00:00,1932.6017395739877
2018-08-19 07:00:00+00:00,2352.53749799933
2018-08-19 08:00:00+00:00,2589.167192781179
2018-08-19 09:00:00+00:00,2672.951614422845
2018-08-19 10:00:00+00:00,2694.2810668781885
2018-08-19 11:00:00+00:00,2709.4268144847815
2018-08-19 12:00:00+00:00,2696.9186789661344
2018-08-19 13:00:00+00:00,2606.9338350990784
2018-08-19 14:00:00+00:00,2480.986542324758
2018-08-19 15:00:00+00:00,2331.6803751373564
2018-08-19 16:00:00+00:00,2254.952582740305
2018-08-19 17:00:00+00:00,2290.8126058640128
2018-08-19 18:00:00+00:00,2364.0326055378528
2018-08-19 19:00:00+00:00,2301.599572379917
2018-08-19 20:00:00+00:00,2237.5508394846433
2018-08-19 21:00:00+00:00,2042.2469837928872
2018-08-19 22:00:00+00:00,1815.3019276352088
2018-08-19 23:00:00+00:00,1629.868058315811
2018-08-20 00:00:00+00:00,1599.7564441383395
2018-08-20 01:00:00+00:00,1496.5463509681242
2018-08-20 02:00:00+00:00,1414.2244875045396
2018-08-20 03:00:00+00:00,1365.994915301682
2018-08-20 04:00:00+00:00,1416.418380823272
2018-08-20 05:00:00+00:00,1713.1951291169053
2018-08-20 06:00:00+00:00,2166.739091582452
2018-08-20 07:00:00+00:00,2582.947178282208
2018-08-20 08:00:00+00:00,2829.3871654987465
2018-08-20 09:00:00+00:00,2914.2775873330056
2018-08-20 10:00:00+00:00,2937.212482446278
2018-08-20 11:00:00+00:00,2959.76532599301
2018-08-20 12:00:00+00:00,2952.716153754006
2018-08-20 13:00:00+00:00,2849.5578212771993
2018-08-20 14:00:00+00:00,2713.597255091875
2018-08-20 15:00:00+00:00,2553.0529892989703
2018-08-20 16:00:00+00:00,2465.7496598373227
2018-08-20 17:00:00+00:00,2512.8427389472236
2018-08-20 18:00:00+00:00,2615.3088709861804
2018-08-20 19:00:00+00:00,2503.3499392217227
2018-08-20 20:00:00+00:00,2366.356459944854
2018-08-20 21:00:00+00:00,2165.2278260918915
2018-08-20 22:00:00+00:00,1927.0384690949888
2018-08-20 23:00:00+00:00,1736.3440222295114
2018-08-21 00:00:00+00:00,1479.1868818921612
2018-08-21 01:00:00+00:00,1391.7881064003554
2018-08-21 02:00:00+00:00,1319.7990664141303
2018-08-21 03:00:00+00:00,1271.8710034965343
2018-08-21 04:00:00+00:00,1320.679326389608
2018-08-21 05:00:00+00:00,1563.5094433968482
2018-08-21 06:00:00+00:00,1941.282330689535
2018-08-21 07:00:00+00:00,2322.7754713174563
2018-08-21 08:00:00+00:00,2547.0043216485246
2018-08-21 09:00:00+00:00,2630.2927095121595
2018-08-21 10:00:00+00:00,2656.954525081338
2018-08-21 11:00:00+00:00,2682.4549778043333
2018-08-21 12:00:00+00:00,2686.005935849447
2018-08-21 13:00:00+00:00,2596.145100426899
2018-08-21 14:00:00+00:00,2486.318905438593
2018-08-21 15:00:00+00:00,2358.3421907065353
2018-08-21 16:00:00+00:00,2298.6035552070534
2018-08-21 17:00:00+00:00,2342.7101398905306
2018-08-21 18:00:00+00:00,2426.0368277917573
2018-08-21 19:00:00+00:00,2315.8386074699292
2018-08-21 20:00:00+00:00,2208.6056502635565
2018-08-21 21:00:00+00:00,2016.0439703927452
2018-08-21 22:00:00+00:00,1792.1457762583398
2018-08-21 23:00:00+00:00,1612.9164259681504
2018-08-22 00:00:00+00:00,1477.469559660862
2018-08-22 01:00:00+00:00,1388.5750519030862
2018-08-22 02:00:00+00:00,1316.7522043908577
2018-08-22 03:00:00+00:00,1270.3752712305643
2018-08-22 04:00:00+00:00,1320.679326389608
2018-08-22 05:00:00+00:00,1556.0689367263794
2018-08-22 06:00:00+00:00,1932.6017395739877
2018-08-22 07:00:00+00:00,2322.7754713174563
2018-08-22 08:00:00+00:00,2557.5450394316886
2018-08-22 09:00:00+00:00,2640.9574357398305
2018-08-22 10:00:00+00:00,2662.2868881951736
2018-08-22 11:00:00+00:00,2687.8493451404233
2018-08-22 12:00:00+00:00,2680.5495642911033
2018-08-22 13:00:00+00:00,2579.9619984186297
2018-08-22 14:00:00+00:00,2459.657089869415
2018-08-22 15:00:00+00:00,2342.345101365028
2018-08-22 16:00:00+00:00,2287.6908120903668
2018-08-22 17:00:00+00:00,2325.410961881692
2018-08-22 18:00:00+00:00,2407.435561115586
2018-08-22 19:00:00+00:00,2297.4233534605196
2018-08-22 20:00:00+00:00,2216.499792778398
2018-08-22 21:00:00+00:00,2025.5723389018876
2018-08-22 22:00:00+00:00,1802.6712996114622
2018-08-22 23:00:00+00:00,1624.2175141999237
2018-08-23 00:00:00+00:00,1601.603027182747
2018-08-23 01:00:00+00:00,1505.1835942403527
2018-08-23 02:00:00+00:00,1427.3292704003347
2018-08-23 03:00:00+00:00,1377.2531151530695
2018-08-23 04:00:00+00:00,1401.750715343854
2018-08-23 05:00:00+00:00,1693.1937670995164
2018-08-23 06:00:00+00:00,2138.7371847581085
2018-08-23 07:00:00+00:00,2572.2797852062668
2018-08-23 08:00:00+00:00,2835.0542180703396
2018-08-23 09:00:00+00:00,2937.212482446278
2018-08-23 10:00:00+00:00,2977.3485488945034
2018-08-23 11:00:00+00:00,3023.5696708284786
2018-08-23 12:00:00+00:00,3034.8550804387482
2018-08-23 13:00:00+00:00,2948.164536022924
2018-08-23 14:00:00+00:00,2811.0705593232815
2018-08-23 15:00:00+00:00,2644.7925697520586
2018-08-23 16:00:00+00:00,2559.6227189055985
2018-08-23 17:00:00+00:00,2612.0494945534697
2018-08-23 18:00:00+00:00,2715.315681073123
2018-08-23 19:00:00+00:00,2602.356681207795
2018-08-23 20:00:00+00:00,2427.5395456873143
2018-08-23 21:00:00+00:00,2145.9586010383905
2018-08-23 22:00:00+00:00,1897.6122747744307
2018-08-23 23:00:00+00:00,1710.0153220479604
2018-08-24 00:00:00+00:00,1566.517949339005
2018-08-24 01:00:00+00:00,1470.6346211514385
2018-08-24 02:00:00+00:00,1394.567313160847
2018-08-24 03:00:00+00:00,1346.6951441278748
2018-08-24 04:00:00+00:00,1467.7552100012356
2018-08-24 05:00:00+00:00,1765.1986703621146
2018-08-24 06:00:00+00:00,2222.7429052311395
2018-08-24 07:00:00+00:00,2668.2863228897318
2018-08-24 08:00:00+00:00,2931.394111787428
2018-08-24 09:00:00+00:00,3040.4195104560017
2018-08-24 10:00:00+00:00,3086.289300682546
2018-08-24 11:00:00+00:00,3139.5775705293313
2018-08-24 12:00:00+00:00,3169.7976028493954
2018-08-24 13:00:00+00:00,3093.174410648991
2018-08-24 14:00:00+00:00,2942.9462062245952
2018-08-24 15:00:00+00:00,2747.9995977617828
2018-08-24 16:00:00+00:00,2630.027513206806
2018-08-24 17:00:00+00:00,2636.8511834550322
2018-08-24 18:00:00+00:00,2728.6499224180484
2018-08-24 19:00:00+00:00,2622.1580296050092
2018-08-24 20:00:00+00:00,2452.874604242673
2018-08-24 21:00:00+00:00,2168.8934961516625
2018-08-24 22:00:00+00:00,1886.2945077280624
2018-08-24 23:00:00+00:00,1699.8888989012094
2018-08-25 00:00:00+00:00,1449.9924039600792
2018-08-25 01:00:00+00:00,1364.477143173569
2018-08-25 02:00:00+00:00,1293.9007392163155
2018-08-25 03:00:00+00:00,1250.930751772954
2018-08-25 04:00:00+00:00,1358.19188085322
2018-08-25 05:00:00+00:00,1623.0334967605954
2018-08-25 06:00:00+00:00,2049.7897196338668
2018-08-25 07:00:00+00:00,2461.6649291662015
2018-08-25 08:00:00+00:00,2710.385447287562
2018-08-25 09:00:00+00:00,2800.928329154903
2018-08-25 10:00:00+00:00,2827.590144724082
2018-08-25 11:00:00+00:00,2855.0747325592024
2018-08-25 12:00:00+00:00,2838.7843394830666
2018-08-25 13:00:00+00:00,2714.821181820871
2018-08-25 14:00:00+00:00,2560.971989032294
2018-08-25 15:00:00+00:00,2406.333458731057
2018-08-25 16:00:00+00:00,2309.5162983237406
2018-08-25 17:00:00+00:00,2302.345391203239
2018-08-25 18:00:00+00:00,2376.433449988634
2018-08-25 19:00:00+00:00,2285.1465174542464
2018-08-25 20:00:00+00:00,2213.8684119401178
2018-08-25 21:00:00+00:00,2023.1902467746022
2018-08-25 22:00:00+00:00,1804.7764042820863
2018-08-25 23:00:00+00:00,1626.10102890522
2018-08-26 00:00:00+00:00,1489.4908152799546
2018-08-26 01:00:00+00:00,1401.4272698921623
2018-08-26 02:00:00+00:00,1330.4630834955835
2018-08-26 03:00:00+00:00,1292.811255220115
2018-08-26 04:00:00+00:00,1283.2367221348622
2018-08-26 05:00:00+00:00,1448.1815900045863
2018-08-26 06:00:00+00:00,1798.0525772830163
2018-08-26 07:00:00+00:00,2164.044662347461
2018-08-26 08:00:00+00:00,2388.893554901069
2018-08-26 09:00:00+00:00,2475.654179210922
2018-08-26 10:00:00+00:00,2502.3159947801005
2018-08-26 11:00:00+00:00,2520.6239577216434
2018-08-26 12:00:00+00:00,2511.402045982453
2018-08-26 13:00:00+00:00,2401.9478763276707
2018-08-26 14:00:00+00:00,2262.359654657492
2018-08-26 15:00:00+00:00,2145.0476661531047
2018-08-26 16:00:00+00:00,2091.261435989998
2018-08-26 17:00:00+00:00,2154.380739164531
2018-08-26 18:00:00+00:00,2349.7769240085076
2018-08-26 19:00:00+00:00,2353.7009129778735
2018-08-26 20:00:00+00:00,2277.021552058853
2018-08-26 21:00:00+00:00,2073.2141814476004
2018-08-26 22:00:00+00:00,1838.458079012079
2018-08-26 23:00:00+00:00,1646.8196906634712
2018-08-27 00:00:00+00:00,1616.375691538007
2018-08-27 01:00:00+00:00,1512.0933888581353
2018-08-27 02:00:00+00:00,1430.605466124283
2018-08-27 03:00:00+00:00,1391.7279435334247
2018-08-27 04:00:00+00:00,1386.3768238509751
2018-08-27 05:00:00+00:00,1533.182870960409
2018-08-27 06:00:00+00:00,1910.054945692634
2018-08-27 07:00:00+00:00,2305.5949583077545
2018-08-27 08:00:00+00:00,2563.035694633857
2018-08-27 09:00:00+00:00,2667.7274648653306
2018-08-27 10:00:00+00:00,2707.8635313135565
2018-08-27 11:00:00+00:00,2750.951106531474
2018-08-27 12:00:00+00:00,2759.1029694256863
2018-08-27 13:00:00+00:00,2675.5459717259196
2018-08-27 14:00:00+00:00,2553.0529892989703
2018-08-27 15:00:00+00:00,2432.644789954292
2018-08-27 16:00:00+00:00,2377.7436669608132
2018-08-27 17:00:00+00:00,2426.0368277917573
2018-08-27 18:00:00+00:00,2508.634940226775
2018-08-27 19:00:00+00:00,2480.735402173986
2018-08-27 20:00:00+00:00,2405.9686446071432
2018-08-27 21:00:00+00:00,2190.8417199336727
2018-08-27 22:00:00+00:00,1947.4104497784517
2018-08-27 23:00:00+00:00,1750.5210146349625
2018-08-28 00:00:00+00:00,1605.2961932715618
2018-08-28 01:00:00+00:00,1508.6384915492438
2018-08-28 02:00:00+00:00,1432.2435639862576
2018-08-28 03:00:00+00:00,1390.119629268941
2018-08-28 04:00:00+00:00,1376.5482366791289
2018-08-28 05:00:00+00:00,1585.186412205619
2018-08-28 06:00:00+00:00,2003.3946351071131
2018-08-28 07:00:00+00:00,2444.2710682949814
2018-08-28 08:00:00+00:00,2716.0461140668785
2018-08-28 09:00:00+00:00,2828.2717306582354
2018-08-28 10:00:00+00:00,2874.1415208847793
2018-08-28 11:00:00+00:00,2930.763351067797
2018-08-28 12:00:00+00:00,2946.8490875622388
2018-08-28 13:00:00+00:00,2866.9590062323273
2018-08-28 14:00:00+00:00,2736.532150205147
2018-08-28 15:00:00+00:00,2587.455331968878
2018-08-28 16:00:00+00:00,2512.6861893714613
2018-08-28 17:00:00+00:00,2562.4461167503464
2018-08-28 18:00:00+00:00,2661.9787156934203
2018-08-28 19:00:00+00:00,2542.9526360161512
2018-08-28 20:00:00+00:00,2376.869428576597
2018-08-28 21:00:00+00:00,2144.736711018467
2018-08-28 22:00:00+00:00,1906.6664884115255
2018-08-28 23:00:00+00:00,1716.0911759360104
2018-08-29 00:00:00+00:00,1573.9042815166347
2018-08-29 01:00:00+00:00,1479.271864423667
2018-08-29 02:00:00+00:00,1402.757802470719
2018-08-29 03:00:00+00:00,1356.3450297147785
2018-08-29 04:00:00+00:00,1438.4198790423993
2018-08-29 05:00:00+00:00,1725.195946327338
2018-08-29 06:00:00+00:00,2176.0730605238996
2018-08-29 07:00:00+00:00,2630.9504471239397
2018-08-29 08:00:00+00:00,2908.7259015010536
2018-08-29 09:00:00+00:00,3023.218339121048
2018-08-29 10:00:00+00:00,3074.82185312591
2018-08-29 11:00:00+00:00,3133.7771755442886
2018-08-29 12:00:00+00:00,3158.063470465862
2018-08-29 13:00:00+00:00,3064.172435723777
2018-08-29 14:00:00+00:00,2897.076415998052
2018-08-29 15:00:00+00:00,2702.1298075352383
2018-08-29 16:00:00+00:00,2594.825116056203
2018-08-29 17:00:00+00:00,2612.0494945534697
2018-08-29 18:00:00+00:00,2701.981439728197
2018-08-29 19:00:00+00:00,2589.1557822763184
2018-08-29 20:00:00+00:00,2421.205781048475
2018-08-29 21:00:00+00:00,2140.2248772600733
2018-08-29 22:00:00+00:00,1897.6122747744307
2018-08-29 23:00:00+00:00,1707.99003741861
2018-08-30 00:00:00+00:00,1566.517949339005
2018-08-30 01:00:00+00:00,1472.3620698058842
2018-08-30 02:00:00+00:00,1399.4816067467702
2018-08-30 03:00:00+00:00,1356.3450297147785
2018-08-30 04:00:00+00:00,1423.7522135629813
2018-08-30 05:00:00+00:00,1705.1945843099495
2018-08-30 06:00:00+00:00,2194.740998406796
2018-08-30 07:00:00+00:00,2705.622198655524
2018-08-30 08:00:00+00:00,3016.3999003613285
2018-08-30 09:00:00+00:00,3132.1590909090905
2018-08-30 10:00:00+00:00,3166.561433578998
2018-08-30 11:00:00+00:00,3191.781125394715
2018-08-30 12:00:00+00:00,3175.6646690411626
2018-08-30 13:00:00+00:00,3035.1704607985644
2018-08-30 14:00:00+00:00,2851.2066257715073
2018-08-30 15:00:00+00:00,2684.928636200285
2018-08-30 16:00:00+00:00,2624.160447015039
2018-08-30 17:00:00+00:00,2667.8532945819843
2018-08-30 18:00:00+00:00,2768.652646452825
2018-08-30 19:00:00+00:00,2661.760726399439
2018-08-30 20:00:00+00:00,2490.8771920757113
2018-08-30 21:00:00+00:00,2209.0295625998892
2018-08-30 22:00:00+00:00,1921.7635897055645
2018-08-30 23:00:00+00:00,1692.2708331823835
2018-08-31 00:00:00+00:00,1544.3589528061154
2018-08-31 01:00:00+00:00,1451.632685952536
2018-08-31 02:00:00+00:00,1381.4625302650522
2018-08-31 03:00:00+00:00,1343.4785155989068
2018-08-31 04:00:00+00:00,1445.7537117821084
2018-08-31 05:00:00+00:00,1709.1948567134273
2018-08-31 06:00:00+00:00,2162.072107111728
2018-08-31 07:00:00+00:00,2641.6178401998804
2018-08-31 08:00:00+00:00,2948.3952695022076
2018-08-31 09:00:00+00:00,3074.82185312591
2018-08-31 10:00:00+00:00,3132.1590909090905
2018-08-31 11:00:00+00:00,3185.980730409673
2018-08-31 12:00:00+00:00,3205.0
2018-08-31 13:00:00+00:00,3104.775200619076
2018-08-31 14:00:00+00:00,2942.9462062245952
2018-08-31 15:00:00+00:00,2765.2007690967366
2018-08-31 16:00:00+00:00,2682.8311089327112
2018-08-31 17:00:00+00:00,2723.657094610498
2018-08-31 18:00:00+00:00,2828.656732504991
2018-08-31 19:00:00+00:00,2727.765221056821
2018-08-31 20:00:00+00:00,2566.8823677417868
2018-08-31 21:00:00+00:00,2289.3016954963414
2018-08-31 22:00:00+00:00,1997.7687653716407
2018-08-31 23:00:00+00:00,1764.809106098779
2018-09-01 00:00:00+00:00,1477.2330007726955
2018-09-01 01:00:00+00:00,1363.9464214305021
2018-09-01 02:00:00+00:00,1279.756539702031
2018-09-01 03:00:00+00:00,1286.6222909955736
2018-09-01 04:00:00+00:00,1392.294203092867
2018-09-01 05:00:00+00:00,1656.515776777704
2018-09-01 06:00:00+00:00,2106.2135618849197
2018-09-01 07:00:00+00:00,2565.8320225527605
2018-09-01 08:00:00+00:00,2842.1444195771082
2018-09-01 09:00:00+00:00,2950.2344963423047
2018-09-01 10:00:00+00:00,2987.561038139155
2018-09-01 11:00:00+00:00,3027.694487314072
2018-09-01 12:00:00+00:00,3040.6700871417784
2018-09-01 13:00:00+00:00,2946.7789772727274
2018-09-01 14:00:00+00:00,2784.9312398133957
2018-09-01 15:00:00+00:00,2603.63089394298
2018-09-01 16:00:00+00:00,2511.402045982453
2018-09-01 17:00:00+00:00,2550.3002759966025
2018-09-01 18:00:00+00:00,2649.252027905812
2018-09-01 19:00:00+00:00,2549.0984915891163
2018-09-01 20:00:00+00:00,2393.0910031139824
2018-09-01 21:00:00+00:00,2129.0505768115977
2018-09-01 22:00:00+00:00,1853.2126309043292
2018-09-01 23:00:00+00:00,1641.2724686718645
2018-09-02 00:00:00+00:00,1481.0772625524373
2018-09-02 01:00:00+00:00,1374.7351561026812
2018-09-02 02:00:00+00:00,1303.6281652697842
2018-09-02 03:00:00+00:00,1313.40811500926
2018-09-02 04:00:00+00:00,1416.1658286606203
2018-09-02 05:00:00+00:00,1686.277803459578
2018-09-02 06:00:00+00:00,2158.297108578199
2018-09-02 07:00:00+00:00,2620.395738136196
2018-09-02 08:00:00+00:00,2884.307290709763
2018-09-02 09:00:00+00:00,2966.231585683812
2018-09-02 10:00:00+00:00,2982.2286750253197
2018-09-02 11:00:00+00:00,2989.9339159614447
2018-09-02 12:00:00+00:00,2958.824513766625
2018-09-02 13:00:00+00:00,2828.102895878754
2018-09-02 14:00:00+00:00,2667.6192513090095
2018-09-02 15:00:00+00:00,2523.645447235444
2018-09-02 16:00:00+00:00,2462.2947019573608
2018-09-02 17:00:00+00:00,2509.9355273093106
2018-09-02 18:00:00+00:00,2605.8490723280797
2018-09-02 19:00:00+00:00,2506.129565567161
2018-09-02 20:00:00+00:00,2351.8581953151365
2018-09-02 21:00:00+00:00,2091.724035014747
2018-09-02 22:00:00+00:00,1820.2263846652522
2018-09-02 23:00:00+00:00,1607.5421717657402
2018-09-03 00:00:00+00:00,1559.4872777575276
2018-09-03 01:00:00+00:00,1443.4074753614445
2018-09-03 02:00:00+00:00,1368.3577473692571
2018-09-03 03:00:00+00:00,1372.6640935381085
2018-09-03 04:00:00+00:00,1489.756708220363
2018-09-03 05:00:00+00:00,1765.1986703621146
2018-09-03 06:00:00+00:00,2255.4117965262076
2018-09-03 07:00:00+00:00,2748.2917709592853
2018-09-03 08:00:00+00:00,3016.3999003613285
2018-09-03 09:00:00+00:00,3086.289300682546
2018-09-03 10:00:00+00:00,3086.289300682546
2018-09-03 11:00:00+00:00,3098.974805634033
2018-09-03 12:00:00+00:00,3081.7916099728864
2018-09-03 13:00:00+00:00,2953.964931007967
2018-09-03 14:00:00+00:00,2782.401940431691
2018-09-03 15:00:00+00:00,2616.123950860468
2018-09-03 16:00:00+00:00,2542.0215203302973
2018-09-03 17:00:00+00:00,2612.0494945534697
2018-09-03 18:00:00+00:00,2728.6499224180484
2018-09-03 19:00:00+00:00,2635.358928536486
2018-09-03 20:00:00+00:00,2478.209662798032
2018-09-03 21:00:00+00:00,2209.0295625998892
2018-09-03 22:00:00+00:00,1931.8976131277077
2018-09-03 23:00:00+00:00,1714.939043468757
2018-09-04 00:00:00+00:00,1551.220048123674
2018-09-04 01:00:00+00:00,1441.2679940258618
2018-09-04 02:00:00+00:00,1371.6339430932057
2018-09-04 03:00:00+00:00,1369.0638483749785
2018-09-04 04:00:00+00:00,1504.4243736997812
2018-09-04 05:00:00+00:00,1793.2005771864588
2018-09-04 06:00:00+00:00,2269.4127499383794
2018-09-04 07:00:00+00:00,2721.6232882694344
2018-09-04 08:00:00+00:00,2993.7316900749547
2018-09-04 09:00:00+00:00,3092.0230244608642
2018-09-04 10:00:00+00:00,3114.957919574136
2018-09-04 11:00:00+00:00,3145.3779655143744
2018-09-04 12:00:00+00:00,3128.7281395070254
2018-09-04 13:00:00+00:00,3006.1684858733506
2018-09-04 14:00:00+00:00,2828.2717306582354
2018-09-04 15:00:00+00:00,2639.05884597374
2018-09-04 16:00:00+00:00,2571.356851289134
2018-09-04 17:00:00+00:00,2643.051605680422
2018-09-04 18:00:00+00:00,2775.319767125288
2018-09-04 19:00:00+00:00,2694.7629737281295
2018-09-04 20:00:00+00:00,2554.214838464108
2018-09-04 21:00:00+00:00,2300.7691430529767
2018-09-04 22:00:00+00:00,2023.1038239269992
2018-09-04 23:00:00+00:00,1801.0782425569764
2018-09-05 00:00:00+00:00,1629.7587296452857
2018-09-05 01:00:00+00:00,1509.1452851919278
2018-09-05 02:00:00+00:00,1416.418380823272
2018-09-05 03:00:00+00:00,1426.6677709850571
2018-09-05 04:00:00+00:00,1548.4273701380357
2018-09-05 05:00:00+00:00,1829.203028817758
2018-09-05 06:00:00+00:00,2288.0806878212757
2018-09-05 07:00:00+00:00,2726.9569848074043
2018-09-05 08:00:00+00:00,2954.0623220738007
2018-09-05 09:00:00+00:00,3006.017167786094
2018-09-05 10:00:00+00:00,2988.8159964511397
2018-09-05 11:00:00+00:00,2994.5676959032653
2018-09-05 12:00:00+00:00,2987.9185509046106
2018-09-05 13:00:00+00:00,2884.360191187455
2018-09-05 14:00:00+00:00,2736.532150205147
2018-09-05 15:00:00+00:00,2581.7216081905603
2018-09-05 16:00:00+00:00,2512.6861893714613
2018-09-05 17:00:00+00:00,2550.045272299566
2018-09-05 18:00:00+00:00,2648.6444743484944
2018-09-05 19:00:00+00:00,2556.153534947628
2018-09-05 20:00:00+00:00,2402.204487131956
2018-09-05 21:00:00+00:00,2145.9586010383905
2018-09-05 22:00:00+00:00,1890.8216145466095
2018-09-05 23:00:00+00:00,1699.8888989012094
2018-09-06 00:00:00+00:00,1559.1316171613753
2018-09-06 01:00:00+00:00,1465.4522751881013
2018-09-06 02:00:00+00:00,1392.9292152988726
2018-09-06 03:00:00+00:00,1349.9117726568427
2018-09-06 04:00:00+00:00,1442.0867954122539
2018-09-06 05:00:00+00:00,1693.1937670995164
2018-09-06 06:00:00+00:00,2082.73337110942
2018-09-06 07:00:00+00:00,2465.605854446862
2018-09-06 08:00:00+00:00,2676.376746065725
2018-09-06 09:00:00+00:00,2747.9995977617828
2018-09-06 10:00:00+00:00,2765.2007690967366
2018-09-06 11:00:00+00:00,2791.5538714267727
2018-09-06 12:00:00+00:00,2776.7041680009884
2018-09-06 13:00:00+00:00,2675.5459717259196
2018-09-06 14:00:00+00:00,2535.8518179640164
2018-09-06 15:00:00+00:00,2409.70989484102
2018-09-06 16:00:00+00:00,2354.275402193744
2018-09-06 17:00:00+00:00,2401.235138890196
2018-09-06 18:00:00+00:00,2495.3006988818497
2018-09-06 19:00:00+00:00,2483.6839783255396
2018-09-06 20:00:00+00:00,2405.9686446071432
2018-09-06 21:00:00+00:00,2190.8417199336727
2018-09-06 22:00:00+00:00,1947.4104497784517
2018-09-06 23:00:00+00:00,1750.5210146349625
2018-09-07 00:00:00+00:00,1603.4496102271544
2018-09-07 01:00:00+00:00,1505.1835942403527
2018-09-07 02:00:00+00:00,1427.3292704003347
2018-09-07 03:00:00+00:00,1382.0780579465215
2018-09-07 04:00:00+00:00,1368.748468015163
2018-09-07 05:00:00+00:00,1613.188319029963
2018-09-07 06:00:00+00:00,2012.7286040485608
2018-09-07 07:00:00+00:00,2422.9362821431005
2018-09-07 08:00:00+00:00,2653.7085357793508
2018-09-07 09:00:00+00:00,2719.3309788701927
2018-09-07 10:00:00+00:00,2719.3309788701927
2018-09-07 11:00:00+00:00,2721.9491316062613
2018-09-07 12:00:00+00:00,2706.2993736997805
2018-09-07 13:00:00+00:00,2600.1408369203655
2018-09-07 14:00:00+00:00,2449.8459612892457
2018-09-07 15:00:00+00:00,2317.9703143879315
2018-09-07 16:00:00+00:00,2254.535276933701
2018-09-07 17:00:00+00:00,2316.5384292091735
2018-09-07 18:00:00+00:00,2532.598573270677
2018-09-07 19:00:00+00:00,2536.758349053509
2018-09-07 20:00:00+00:00,2456.898596315801
2018-09-07 21:00:00+00:00,2236.946728848879
2018-09-07 22:00:00+00:00,1985.8908577361037
2018-09-07 23:00:00+00:00,1784.950853333915
2018-09-08 00:00:00+00:00,1518.6852932120366
2018-09-08 01:00:00+00:00,1425.5251786216797
2018-09-08 02:00:00+00:00,1353.3145486701258
2018-09-08 03:00:00+00:00,1312.2557746777259
2018-09-08 04:00:00+00:00,1301.5178942744965
2018-09-08 05:00:00+00:00,1414.6993099874778
2018-09-08 06:00:00+00:00,1776.3510994941496
2018-09-08 07:00:00+00:00,2139.2429734458997
2018-09-08 08:00:00+00:00,2346.7306837684137
2018-09-08 09:00:00+00:00,2416.9981849587284
2018-09-08 10:00:00+00:00,2427.6629111864
2018-09-08 11:00:00+00:00,2445.102815016388
2018-09-08 12:00:00+00:00,2435.0128441656425
2018-09-08 13:00:00+00:00,2348.004202966774
2018-09-08 14:00:00+00:00,2230.365475974477
2018-09-08 15:00:00+00:00,2123.7182136977617
2018-09-08 16:00:00+00:00,2085.8050644316545
2018-09-08 17:00:00+00:00,2154.380739164531
2018-09-08 18:00:00+00:00,2352.5467985751193
2018-09-08 19:00:00+00:00,2359.185264619764
2018-09-08 20:00:00+00:00,2287.5470754119756
2018-09-08 21:00:00+00:00,2089.8888263385998
2018-09-08 22:00:00+00:00,1859.509125718324
2018-09-08 23:00:00+00:00,1671.3053818323144
2018-09-09 00:00:00+00:00,1527.2719043685315
2018-09-09 01:00:00+00:00,1430.3447603675834
2018-09-09 02:00:00+00:00,1356.3614106933983
2018-09-09 03:00:00+00:00,1318.2387037416063
2018-09-09 04:00:00+00:00,1299.9944632628603
2018-09-09 05:00:00+00:00,1437.0208299988833
2018-09-09 06:00:00+00:00,1811.0734639563361
2018-09-09 07:00:00+00:00,2188.846351249023
2018-09-09 08:00:00+00:00,2415.2453493589783
2018-09-09 09:00:00+00:00,2491.651268552429
2018-09-09 10:00:00+00:00,2502.3159947801005
2018-09-09 11:00:00+00:00,2504.4408557133747
2018-09-09 12:00:00+00:00,2484.120188190735
2018-09-09 13:00:00+00:00,2380.370406983312
2018-09-09 14:00:00+00:00,2251.69492842982
2018-09-09 15:00:00+00:00,2129.0505768115977
2018-09-09 16:00:00+00:00,2085.8050644316545
2018-09-09 17:00:00+00:00,2151.8047558175826
2018-09-09 18:00:00+00:00,2349.7769240085076
2018-09-09 19:00:00+00:00,2353.7009129778735
2018-09-09 20:00:00+00:00,2279.6529328971337
2018-09-09 21:00:00+00:00,2080.3604578294576
2018-09-09 22:00:00+00:00,1848.9836023652017
2018-09-09 23:00:00+00:00,1661.8878083058362
2018-09-10 00:00:00+00:00,1636.688105026489
2018-09-10 01:00:00+00:00,1536.277670020375
2018-09-10 02:00:00+00:00,1460.0912276398221
2018-09-10 03:00:00+00:00,1412.6360289717159
2018-09-10 04:00:00+00:00,1392.9292152988726
2018-09-10 05:00:00+00:00,1537.183143363887
2018-09-10 06:00:00+00:00,1914.7219301633575
2018-09-10 07:00:00+00:00,2305.5949583077545
2018-09-10 08:00:00+00:00,2546.034536919077
2018-09-10 09:00:00+00:00,2644.7925697520586
2018-09-10 10:00:00+00:00,2679.1949124219664
2018-09-10 11:00:00+00:00,2710.3483416361755
2018-09-10 12:00:00+00:00,2712.1664398915477
2018-09-10 13:00:00+00:00,2611.7416268904503
2018-09-10 14:00:00+00:00,2467.0471326242
2018-09-10 15:00:00+00:00,2317.9703143879315
2018-09-10 16:00:00+00:00,2266.269409317235
2018-09-10 17:00:00+00:00,2320.629649960121
2018-09-10 18:00:00+00:00,2508.7716952783226
2018-09-10 19:00:00+00:00,2516.1183159926322
2018-09-10 20:00:00+00:00,2439.9219457462486
2018-09-10 21:00:00+00:00,2226.7011713121665
2018-09-10 22:00:00+00:00,1981.3637509175567
2018-09-10 23:00:00+00:00,1782.9255687045647
2018-09-11 00:00:00+00:00,1518.6852932120366
2018-09-11 01:00:00+00:00,1425.5251786216797
2018-09-11 02:00:00+00:00,1354.8379796817621
2018-09-11 03:00:00+00:00,1310.7600424117556
2018-09-11 04:00:00+00:00,1286.283584158135
2018-09-11 05:00:00+00:00,1485.3841233569287
2018-09-11 06:00:00+00:00,1867.4973062073889
2018-09-11 07:00:00+00:00,2248.370404612771
2018-09-11 08:00:00+00:00,2483.7600149495415
2018-09-11 09:00:00+00:00,2582.3014414876375
2018-09-11 10:00:00+00:00,2630.2927095121595
2018-09-11 11:00:00+00:00,2682.4549778043333
2018-09-11 12:00:00+00:00,2702.375050524478
2018-09-11 13:00:00+00:00,2628.5113044434365
2018-09-11 14:00:00+00:00,2480.986542324758
2018-09-11 15:00:00+00:00,2305.0185595681774
2018-09-11 16:00:00+00:00,2222.2143533902436
2018-09-11 17:00:00+00:00,2256.2142498463345
2018-09-11 18:00:00+00:00,2345.431338861682
2018-09-11 19:00:00+00:00,2296.1152207380264
2018-09-11 20:00:00+00:00,2227.025316131521
2018-09-11 21:00:00+00:00,2027.9544310291735
2018-09-11 22:00:00+00:00,1800.5661949408377
2018-09-11 23:00:00+00:00,1614.799940673446
2018-09-12 00:00:00+00:00,1586.8303628274873
2018-09-12 01:00:00+00:00,1491.3640050047868
2018-09-12 02:00:00+00:00,1419.1387810904625
2018-09-12 03:00:00+00:00,1375.6448008885855
2018-09-12 04:00:00+00:00,1390.7499662342902
2018-09-12 05:00:00+00:00,1673.1924050821278
2018-09-12 06:00:00+00:00,2152.7381381702803
2018-09-12 07:00:00+00:00,2625.6167505859694
2018-09-12 08:00:00+00:00,2903.0588489294605
2018-09-12 09:00:00+00:00,3023.218339121048
2018-09-12 10:00:00+00:00,3069.088129347592
2018-09-12 11:00:00+00:00,3093.174410648991
2018-09-12 12:00:00+00:00,3064.1904113975847
2018-09-12 13:00:00+00:00,2924.962956082754
2018-09-12 14:00:00+00:00,2730.798426426829
2018-09-12 15:00:00+00:00,2553.0529892989703
2018-09-12 16:00:00+00:00,2495.0849907961588
2018-09-12 17:00:00+00:00,2568.6465389757377
2018-09-12 18:00:00+00:00,2715.315681073123
2018-09-12 19:00:00+00:00,2661.760726399439
2018-09-12 20:00:00+00:00,2547.881073825268
2018-09-12 21:00:00+00:00,2300.7691430529767
2018-09-12 22:00:00+00:00,2018.036812215928
2018-09-12 23:00:00+00:00,1792.0109584424272
2018-09-13 00:00:00+00:00,1617.357885194505
2018-09-13 01:00:00+00:00,1501.4114252118707
2018-09-13 02:00:00+00:00,1423.7522135629813
2018-09-13 03:00:00+00:00,1430.2680161481871
2018-09-13 04:00:00+00:00,1519.0920391791994
2018-09-13 05:00:00+00:00,1757.1981255551598
2018-09-13 06:00:00+00:00,2213.4089362896916
2018-09-13 07:00:00+00:00,2684.2874125036424
2018-09-13 08:00:00+00:00,2937.061164359021
2018-09-13 09:00:00+00:00,2983.0822726728215
2018-09-13 10:00:00+00:00,2942.9462062245952
2018-09-13 11:00:00+00:00,2936.5637460528387
2018-09-13 12:00:00+00:00,2929.247888986937
2018-09-13 13:00:00+00:00,2843.757426292157
2018-09-13 14:00:00+00:00,2702.1298075352383
2018-09-13 15:00:00+00:00,2541.5855417423336
2018-09-13 16:00:00+00:00,2459.8825936455555
2018-09-13 17:00:00+00:00,2469.4397833694907
2018-09-13 18:00:00+00:00,2548.637664261553
2018-09-13 19:00:00+00:00,2465.9925214162163
2018-09-13 20:00:00+00:00,2394.650877560775
2018-09-13 21:00:00+00:00,2185.7189411653167
2018-09-13 22:00:00+00:00,1947.4104497784517
2018-09-13 23:00:00+00:00,1752.546299264313
2018-09-14 00:00:00+00:00,1603.4496102271544
2018-09-14 01:00:00+00:00,1505.1835942403527
2018-09-14 02:00:00+00:00,1432.2435639862576
2018-09-14 03:00:00+00:00,1398.1612005913603
2018-09-14 04:00:00+00:00,1394.567313160847
2018-09-14 05:00:00+00:00,1529.1825985569315
2018-09-14 06:00:00+00:00,1914.7219301633575
2018-09-14 07:00:00+00:00,2316.262351383695
2018-09-14 08:00:00+00:00,2563.035694633857
2018-09-14 09:00:00+00:00,2661.993741087013
2018-09-14 10:00:00+00:00,2690.662359978603
2018-09-14 11:00:00+00:00,2721.9491316062613
2018-09-14 12:00:00+00:00,2718.0335060833154
2018-09-14 13:00:00+00:00,2605.941231905408
2018-09-14 14:00:00+00:00,2461.313408845882
2018-09-14 15:00:00+00:00,2329.437761944567
2018-09-14 16:00:00+00:00,2272.1364755090026
2018-09-14 17:00:00+00:00,2310.998680075951
2018-09-14 18:00:00+00:00,2529.6202135216336
2018-09-14 19:00:00+00:00,2536.758349053509
2018-09-14 20:00:00+00:00,2459.7280380773927
2018-09-14 21:00:00+00:00,2244.6308970014134
2018-09-14 22:00:00+00:00,1997.2086247824723
2018-09-14 23:00:00+00:00,1797.1025611100154
2018-09-15 00:00:00+00:00,1530.7065488311296
2018-09-15 01:00:00+00:00,1436.7708693621212
2018-09-15 02:00:00+00:00,1367.0254277748513
2018-09-15 03:00:00+00:00,1327.2130973374262
2018-09-15 04:00:00+00:00,1315.228773379222
2018-09-15 05:00:00+00:00,1388.6575366408383
2018-09-15 06:00:00+00:00,1754.6496217052832
2018-09-15 07:00:00+00:00,2144.203311226212
2018-09-15 08:00:00+00:00,2394.163913792651
2018-09-15 09:00:00+00:00,2512.980721007772
2018-09-15 10:00:00+00:00,2576.969078373801
2018-09-15 11:00:00+00:00,2633.9056717795265
2018-09-15 12:00:00+00:00,2653.2677064993854
2018-09-15 13:00:00+00:00,2563.77889641036
2018-09-15 14:00:00+00:00,2401.0010956172214
2018-09-15 15:00:00+00:00,2241.0302022021488
2018-09-15 16:00:00+00:00,2178.563380923495
2018-09-15 17:00:00+00:00,2227.382286498269
2018-09-15 18:00:00+00:00,2314.4292277347304
2018-09-15 19:00:00+00:00,2315.3104514846423
2018-09-15 20:00:00+00:00,2248.0763628377663
2018-09-15 21:00:00+00:00,2054.1574444293155
2018-09-15 22:00:00+00:00,1827.9325556589563
2018-09-15 23:00:00+00:00,1643.0526612528802
2018-09-16 00:00:00+00:00,1504.9467153616454
2018-09-16 01:00:00+00:00,1414.2794878812383
2018-09-16 02:00:00+00:00,1344.1739626003089
2018-09-16 03:00:00+00:00,1309.2643101457857
2018-09-16 04:00:00+00:00,1296.947601239588
2018-09-16 05:00:00+00:00,1448.1815900045863
2018-09-16 06:00:00+00:00,1854.4764195340686
2018-09-16 07:00:00+00:00,2273.1720935143326
2018-09-16 08:00:00+00:00,2541.733962756942
2018-09-16 09:00:00+00:00,2646.2897988536665
2018-09-16 10:00:00+00:00,2678.2839775366806
2018-09-16 11:00:00+00:00,2704.032447148692
2018-09-16 12:00:00+00:00,2686.005935849447
2018-09-16 13:00:00+00:00,2558.3845290742715
2018-09-16 14:00:00+00:00,2385.0040062757143
2018-09-16 15:00:00+00:00,2241.0302022021488
2018-09-16 16:00:00+00:00,2189.4761240401817
2018-09-16 17:00:00+00:00,2221.615893828656
2018-09-16 18:00:00+00:00,2316.5384292091735
2018-09-16 19:00:00+00:00,2329.0213305893676
2018-09-16 20:00:00+00:00,2255.9705053526077
2018-09-16 21:00:00+00:00,2054.1574444293155
2018-09-16 22:00:00+00:00,1825.827450988332
2018-09-16 23:00:00+00:00,1641.1691465475851
2018-09-17 00:00:00+00:00,1616.375691538007
2018-09-17 01:00:00+00:00,1520.7306321303636
2018-09-17 02:00:00+00:00,1446.986444744027
2018-09-17 03:00:00+00:00,1409.419400442748
2018-09-17 04:00:00+00:00,1399.4816067467702
2018-09-17 05:00:00+00:00,1545.183688170842
2018-09-17 06:00:00+00:00,1984.7266972242173
2018-09-17 07:00:00+00:00,2438.9373717570106
2018-09-17 08:00:00+00:00,2716.0461140668785
2018-09-17 09:00:00+00:00,2839.7391782148716
2018-09-17 10:00:00+00:00,2885.6089684414155
2018-09-17 11:00:00+00:00,2919.1625610977107
2018-09-17 12:00:00+00:00,2899.912558028101
2018-09-17 13:00:00+00:00,2756.751501516517
2018-09-17 14:00:00+00:00,2564.5204368556065
2018-09-17 15:00:00+00:00,2398.2424472843836
2018-09-17 16:00:00+00:00,2336.674203618443
2018-09-17 17:00:00+00:00,2388.834294439415
2018-09-17 18:00:00+00:00,2481.9664575369243
2018-09-17 19:00:00+00:00,2495.478282931755
2018-09-17 20:00:00+00:00,2422.945295176696
2018-09-17 21:00:00+00:00,2211.332835007098
2018-09-17 22:00:00+00:00,1967.7824304619148
2018-09-17 23:00:00+00:00,1766.7232916697635
2018-09-18 00:00:00+00:00,1616.375691538007
2018-09-18 01:00:00+00:00,1515.5482861670266
2018-09-18 02:00:00+00:00,1437.1578575721805
2018-09-18 03:00:00+00:00,1394.9445720623924
2018-09-18 04:00:00+00:00,1384.7387259890008
2018-09-18 05:00:00+00:00,1581.1861398021415
2018-09-18 06:00:00+00:00,2045.3974953436286
2018-09-18 07:00:00+00:00,2508.275426750624
2018-09-18 08:00:00+00:00,2761.3825346396256
2018-09-18 09:00:00+00:00,2839.7391782148716
2018-09-18 10:00:00+00:00,2839.7391782148716
2018-09-18 11:00:00+00:00,2820.555846351986
2018-09-18 12:00:00+00:00,2770.8371018092207
2018-09-18 13:00:00+00:00,2646.5439968007063
2018-09-18 14:00:00+00:00,2489.982027737472
2018-09-18 15:00:00+00:00,2358.1063808361573
2018-09-18 16:00:00+00:00,2313.205938851373
2018-09-18 17:00:00+00:00,2351.6317610870724
2018-09-18 18:00:00+00:00,2502.8149757802344
2018-09-18 19:00:00+00:00,2513.1697398410784
2018-09-18 20:00:00+00:00,2437.0925039846566
2018-09-18 21:00:00+00:00,2219.017003159632
2018-09-18 22:00:00+00:00,1970.0459838711881
2018-09-18 23:00:00+00:00,1770.7738609284636
2018-09-19 00:00:00+00:00,1620.0688576268215
2018-09-19 01:00:00+00:00,1520.7306321303636
2018-09-19 02:00:00+00:00,1445.3483468820527
2018-09-19 03:00:00+00:00,1402.986143384812
2018-09-19 04:00:00+00:00,1383.1006281270265
2018-09-19 05:00:00+00:00,1581.1861398021415
2018-09-19 06:00:00+00:00,1989.393681694941
2018-09-19 07:00:00+00:00,2390.9341029152783
2018-09-19 08:00:00+00:00,2619.7062203497912
2018-09-19 09:00:00+00:00,2702.1298075352383
2018-09-19 10:00:00+00:00,2719.3309788701927
2018-09-19 11:00:00+00:00,2721.9491316062613
2018-09-19 12:00:00+00:00,2694.565241316246
2018-09-19 13:00:00+00:00,2576.939256980195
2018-09-19 14:00:00+00:00,2444.112237510928
2018-09-19 15:00:00+00:00,2335.1714857228853
2018-09-19 16:00:00+00:00,2307.3388726596063
2018-09-19 17:00:00+00:00,2364.0326055378528
2018-09-19 18:00:00+00:00,2493.879896533101
2018-09-19 19:00:00+00:00,2501.3754352348624
2018-09-19 20:00:00+00:00,2425.7747369382882
2018-09-19 21:00:00+00:00,2208.7714456229196
2018-09-19 22:00:00+00:00,1956.4646634155463
2018-09-19 23:00:00+00:00,1754.5715838936628
2018-09-20 00:00:00+00:00,1607.1427763159695
2018-09-20 01:00:00+00:00,1512.0933888581353
2018-09-20 02:00:00+00:00,1438.795955434155
2018-09-20 03:00:00+00:00,1398.1612005913603
2018-09-20 04:00:00+00:00,1383.1006281270265
2018-09-20 05:00:00+00:00,1577.1858673986635
2018-09-20 06:00:00+00:00,1998.7276506363892
2018-09-20 07:00:00+00:00,2422.9362821431005
2018-09-20 08:00:00+00:00,2699.044956352098
2018-09-20 09:00:00+00:00,2816.8042831015987
2018-09-20 10:00:00+00:00,2862.674073328143
2018-09-20 11:00:00+00:00,2901.7613761425837
2018-09-20 12:00:00+00:00,2888.1784256445667
2018-09-20 13:00:00+00:00,2756.751501516517
2018-09-20 14:00:00+00:00,2564.5204368556065
2018-09-20 15:00:00+00:00,2398.2424472843836
2018-09-20 16:00:00+00:00,2342.5412698102095
2018-09-20 17:00:00+00:00,2395.0347166648053
2018-09-20 18:00:00+00:00,2495.3006988818497
2018-09-20 19:00:00+00:00,2486.632554477094
2018-09-20 20:00:00+00:00,2411.6275281303274
2018-09-20 21:00:00+00:00,2201.0872774703857
2018-09-20 22:00:00+00:00,1956.4646634155463
2018-09-20 23:00:00+00:00,1756.596868523013
2018-09-21 00:00:00+00:00,1605.2961932715618
2018-09-21 01:00:00+00:00,1505.1835942403527
2018-09-21 02:00:00+00:00,1432.2435639862576
2018-09-21 03:00:00+00:00,1393.336257797909
2018-09-21 04:00:00+00:00,1384.7387259890008
2018-09-21 05:00:00+00:00,1585.186412205619
2018-09-21 06:00:00+00:00,2040.730510872905
2018-09-21 07:00:00+00:00,2492.2743371367133
2018-09-21 08:00:00+00:00,2767.0495872112187
2018-09-21 09:00:00+00:00,2868.407797106462
2018-09-21 10:00:00+00:00,2897.076415998052
2018-09-21 11:00:00+00:00,2913.3621661126685
2018-09-21 12:00:00+00:00,2882.3113594527995
2018-09-21 13:00:00+00:00,2739.3503165613893
2018-09-21 14:00:00+00:00,2553.0529892989703
2018-09-21 15:00:00+00:00,2386.774999727748
2018-09-21 16:00:00+00:00,2342.5412698102095
2018-09-21 17:00:00+00:00,2401.235138890196
2018-09-21 18:00:00+00:00,2501.9678195543124
2018-09-21 19:00:00+00:00,2480.735402173986
2018-09-21 20:00:00+00:00,2408.7980863687358
2018-09-21 21:00:00+00:00,2198.5258880862075
2018-09-21 22:00:00+00:00,1956.4646634155463
2018-09-21 23:00:00+00:00,1760.647437781713
2018-09-22 00:00:00+00:00,1499.7947486677485
2018-09-22 01:00:00+00:00,1411.0664333839695
2018-09-22 02:00:00+00:00,1342.6505315886727
2018-09-22 03:00:00+00:00,1304.7771133478755
2018-09-22 04:00:00+00:00,1293.9007392163155
2018-09-22 05:00:00+00:00,1451.9018433398205
2018-09-22 06:00:00+00:00,1867.4973062073889
2018-09-22 07:00:00+00:00,2297.9737824158947
2018-09-22 08:00:00+00:00,2562.8153983232696
2018-09-22 09:00:00+00:00,2678.2839775366806
2018-09-22 10:00:00+00:00,2720.942882447367
2018-09-22 11:00:00+00:00,2741.7930185013197
2018-09-22 12:00:00+00:00,2713.2877936411646
2018-09-22 13:00:00+00:00,2579.9619984186297
2018-09-22 14:00:00+00:00,2390.33636938955
2018-09-22 15:00:00+00:00,2235.697839088313
2018-09-22 16:00:00+00:00,2184.0197524818386
2018-09-22 17:00:00+00:00,2238.9150718374954
2018-09-22 18:00:00+00:00,2339.230916636292
2018-09-22 19:00:00+00:00,2298.8573965589717
2018-09-22 20:00:00+00:00,2227.025316131521
2018-09-22 21:00:00+00:00,2030.3365231564592
2018-09-22 22:00:00+00:00,1800.5661949408377
2018-09-22 23:00:00+00:00,1616.6834553787414
2018-09-23 00:00:00+00:00,1479.1868818921612
2018-09-23 01:00:00+00:00,1388.5750519030862
2018-09-23 02:00:00+00:00,1321.3224974257662
2018-09-23 03:00:00+00:00,1288.3240584222049
2018-09-23 04:00:00+00:00,1281.713291123226
2018-09-23 05:00:00+00:00,1477.94361668646
2018-09-23 06:00:00+00:00,1893.5390795540284
2018-09-23 07:00:00+00:00,2327.735809097768
2018-09-23 08:00:00+00:00,2594.4375516727605
2018-09-23 09:00:00+00:00,2699.6134299920236
2018-09-23 10:00:00+00:00,2731.6076086750386
2018-09-23 11:00:00+00:00,2757.9761205095883
2018-09-23 12:00:00+00:00,2740.5696514328824
2018-09-23 13:00:00+00:00,2612.328202435168
2018-09-23 14:00:00+00:00,2422.330548072565
2018-09-23 15:00:00+00:00,2257.027291543656
2018-09-23 16:00:00+00:00,2205.845238715213
2018-09-23 17:00:00+00:00,2256.2142498463345
2018-09-23 18:00:00+00:00,2370.2330277632436
2018-09-23 19:00:00+00:00,2303.561771463656
2018-09-23 20:00:00+00:00,2200.711507748714
2018-09-23 21:00:00+00:00,2004.1335097563174
2018-09-23 22:00:00+00:00,1781.6202529052173
2018-09-23 23:00:00+00:00,1603.4988524416722
2018-09-24 00:00:00+00:00,1581.290613694265
2018-09-24 01:00:00+00:00,1487.9091076958955
2018-09-24 02:00:00+00:00,1420.7768789524368
2018-09-24 03:00:00+00:00,1383.686372211005
2018-09-24 04:00:00+00:00,1371.6339430932057
2018-09-24 05:00:00+00:00,1617.1885914334403
2018-09-24 06:00:00+00:00,2068.7324176972484
2018-09-24 07:00:00+00:00,2550.944999054386
2018-09-24 08:00:00+00:00,2852.05537578512
2018-09-24 09:00:00+00:00,2960.1473775595496
2018-09-24 10:00:00+00:00,2983.0822726728215
2018-09-24 11:00:00+00:00,3006.1684858733506
2018-09-24 12:00:00+00:00,2982.051484712843
2018-09-24 13:00:00+00:00,2849.5578212771993
2018-09-24 14:00:00+00:00,2639.05884597374
2018-09-24 15:00:00+00:00,2444.112237510928
2018-09-24 16:00:00+00:00,2395.3448655361153
2018-09-24 17:00:00+00:00,2457.03893891871
2018-09-24 18:00:00+00:00,2581.973267623867
2018-09-24 19:00:00+00:00,2516.550838153198
2018-09-24 20:00:00+00:00,2389.5369578542764
2018-09-24 21:00:00+00:00,2140.2248772600733
2018-09-24 22:00:00+00:00,1888.5580611373362
2018-09-24 23:00:00+00:00,1697.863614271859
2018-09-25 00:00:00+00:00,1555.4384510725602
2018-09-25 01:00:00+00:00,1463.7248265336555
2018-09-25 02:00:00+00:00,1397.8435088847957
2018-09-25 03:00:00+00:00,1365.994915301682
2018-09-25 04:00:00+00:00,1383.4161334945811
2018-09-25 05:00:00+00:00,1645.1904982577844
2018-09-25 06:00:00+00:00,2106.0682934630404
2018-09-25 07:00:00+00:00,2561.612392130327
2018-09-25 08:00:00+00:00,2801.0519026407796
2018-09-25 09:00:00+00:00,2868.407797106462
2018-09-25 10:00:00+00:00,2856.9403495498254
2018-09-25 11:00:00+00:00,2849.5578212771993
2018-09-25 12:00:00+00:00,2811.9065651515925
2018-09-25 13:00:00+00:00,2687.1467616960053
2018-09-25 14:00:00+00:00,2501.4494752941077
2018-09-25 15:00:00+00:00,2335.1714857228853
2018-09-25 16:00:00+00:00,2278.0035417007693
2018-09-25 17:00:00+00:00,2314.4292277347304
2018-09-25 18:00:00+00:00,2520.6851342745003
2018-09-25 19:00:00+00:00,2524.964044447294
2018-09-25 20:00:00+00:00,2442.7513875078407
2018-09-25 21:00:00+00:00,2226.7011713121665
2018-09-25 22:00:00+00:00,1981.3637509175567
2018-09-25 23:00:00+00:00,1782.9255687045647
2018-09-26 00:00:00+00:00,1632.994938937674
2018-09-26 01:00:00+00:00,1534.5502213659295
2018-09-26 02:00:00+00:00,1458.4531297778474
2018-09-26 03:00:00+00:00,1417.4609717651676
2018-09-26 04:00:00+00:00,1404.3959003326931
2018-09-26 05:00:00+00:00,1537.183143363887
2018-09-26 06:00:00+00:00,1998.7276506363892
2018-09-26 07:00:00+00:00,2470.9395509848327
2018-09-26 08:00:00+00:00,2744.381376924846
2018-09-26 09:00:00+00:00,2834.005454436553
2018-09-26 10:00:00+00:00,2834.005454436553
2018-09-26 11:00:00+00:00,2814.7554513669434
2018-09-26 12:00:00+00:00,2770.8371018092207
2018-09-26 13:00:00+00:00,2640.743601815664
2018-09-26 14:00:00+00:00,2455.579685067564
2018-09-26 15:00:00+00:00,2295.035419274659
2018-09-26 16:00:00+00:00,2254.535276933701
2018-09-26 17:00:00+00:00,2320.629649960121
2018-09-26 18:00:00+00:00,2502.8149757802344
2018-09-26 19:00:00+00:00,2495.478282931755
2018-09-26 20:00:00+00:00,2408.7980863687358
2018-09-26 21:00:00+00:00,2185.7189411653167
2018-09-26 22:00:00+00:00,1938.356236141357
2018-09-26 23:00:00+00:00,1744.4451607469123
2018-09-27 00:00:00+00:00,1603.4496102271544
2018-09-27 01:00:00+00:00,1515.5482861670266
2018-09-27 02:00:00+00:00,1446.986444744027
2018-09-27 03:00:00+00:00,1407.811086178264
2018-09-27 04:00:00+00:00,1392.9292152988726
2018-09-27 05:00:00+00:00,1565.1850501882307
2018-09-27 06:00:00+00:00,2003.3946351071131
2018-09-27 07:00:00+00:00,2449.6047648329513
2018-09-27 08:00:00+00:00,2716.0461140668785
2018-09-27 09:00:00+00:00,2816.8042831015987
2018-09-27 10:00:00+00:00,2834.005454436553
2018-09-27 11:00:00+00:00,2843.757426292157
2018-09-27 12:00:00+00:00,2817.7736313433593
2018-09-27 13:00:00+00:00,2692.947156681048
2018-09-27 14:00:00+00:00,2501.4494752941077
2018-09-27 15:00:00+00:00,2340.9052095012034
2018-09-27 16:00:00+00:00,2313.205938851373
2018-09-27 17:00:00+00:00,2401.235138890196
2018-09-27 18:00:00+00:00,2555.304784934015
2018-09-27 19:00:00+00:00,2516.550838153198
2018-09-27 20:00:00+00:00,2408.5382517707953
2018-09-27 21:00:00+00:00,2163.159772373345
2018-09-27 22:00:00+00:00,1901.4955428612775
2018-09-27 23:00:00+00:00,1689.7624757544588
2018-09-28 00:00:00+00:00,1549.8987019393378
2018-09-28 01:00:00+00:00,1456.8150319158729
2018-09-28 02:00:00+00:00,1384.7387259890008
2018-09-28 03:00:00+00:00,1353.1284011858108
2018-09-28 04:00:00+00:00,1409.084548083563
2018-09-28 05:00:00+00:00,1673.1924050821278
2018-09-28 06:00:00+00:00,2143.404169228832
2018-09-28 07:00:00+00:00,2620.2830540479995
2018-09-28 08:00:00+00:00,2874.723586071493
2018-09-28 09:00:00+00:00,2954.413653781232
2018-09-28 10:00:00+00:00,2960.1473775595496
2018-09-28 11:00:00+00:00,2965.565720978052
2018-09-28 12:00:00+00:00,2929.247888986937
2018-09-28 13:00:00+00:00,2791.5538714267727
2018-09-28 14:00:00+00:00,2616.123950860468
2018-09-28 15:00:00+00:00,2495.71575151579
2018-09-28 16:00:00+00:00,2477.483792220857
2018-09-28 17:00:00+00:00,2562.4461167503464
2018-09-28 18:00:00+00:00,2708.6485604006593
2018-09-28 19:00:00+00:00,2641.959378002224
2018-09-28 20:00:00+00:00,2516.2122506310698
2018-09-28 21:00:00+00:00,2254.8993528264336
2018-09-28 22:00:00+00:00,1962.2996833941386
2018-09-28 23:00:00+00:00,1714.939043468757
2018-09-29 00:00:00+00:00,1432.8191816470896
2018-09-29 01:00:00+00:00,1351.624925184493
2018-09-29 02:00:00+00:00,1289.330446181407
2018-09-29 03:00:00+00:00,1255.417948570864
2018-09-29 04:00:00+00:00,1327.4997908375376
2018-09-29 05:00:00+00:00,1570.949950067316
2018-09-29 06:00:00+00:00,1984.6852862672672
2018-09-29 07:00:00+00:00,2392.2202002418285
2018-09-29 08:00:00+00:00,2620.78934613067
2018-09-29 09:00:00+00:00,2699.6134299920236
2018-09-29 10:00:00+00:00,2726.2752455612026
2018-09-29 11:00:00+00:00,2752.5817531734992
2018-09-29 12:00:00+00:00,2756.9387661079136
2018-09-29 13:00:00+00:00,2671.6662431321542
2018-09-29 14:00:00+00:00,2523.645447235444
2018-09-29 15:00:00+00:00,2401.0010956172214
2018-09-29 16:00:00+00:00,2380.449128582207
2018-09-29 17:00:00+00:00,2452.27160061318
2018-09-29 18:00:00+00:00,2581.0473834265176
2018-09-29 19:00:00+00:00,2506.129565567161
2018-09-29 20:00:00+00:00,2363.6389975433776
2018-09-29 21:00:00+00:00,2113.0534874700907
2018-09-29 22:00:00+00:00,1843.7879891217358
2018-09-29 23:00:00+00:00,1632.8398944453334
2018-09-30 00:00:00+00:00,1477.2330007726955
2018-09-30 01:00:00+00:00,1367.5426663212284
2018-09-30 02:00:00+00:00,1289.9872363739253
2018-09-30 03:00:00+00:00,1276.5776069904407
2018-09-30 04:00:00+00:00,1341.140719733396
2018-09-30 05:00:00+00:00,1530.0271633797397
2018-09-30 06:00:00+00:00,1897.8793751118017
2018-09-30 07:00:00+00:00,2297.9737824158947
2018-09-30 08:00:00+00:00,2525.9228860821972
2018-09-30 09:00:00+00:00,2571.6367152599655
2018-09-30 10:00:00+00:00,2496.9836316662654
2018-09-30 11:00:00+00:00,2450.4971823524784
2018-09-30 12:00:00+00:00,2451.3819588406736
2018-09-30 13:00:00+00:00,2418.1309783359397
2018-09-30 14:00:00+00:00,2321.015648909685
2018-09-30 15:00:00+00:00,2257.027291543656
2018-09-30 16:00:00+00:00,2298.6035552070534
2018-09-30 17:00:00+00:00,2400.3740665866617
2018-09-30 18:00:00+00:00,2525.2435833980044
2018-09-30 19:00:00+00:00,2444.745385535796
2018-09-30 20:00:00+00:00,2304.7349864021694
2018-09-30 21:00:00+00:00,2065.0622194455686
2018-09-30 22:00:00+00:00,1815.5140637739557
2018-09-30 23:00:00+00:00,1607.5421717657402
2018-10-01 00:00:00+00:00,1542.9528184898202
2018-10-01 01:00:00+00:00,1451.632685952536
2018-10-01 02:00:00+00:00,1383.1006281270265
2018-10-01 03:00:00+00:00,1353.1284011858108
2018-10-01 04:00:00+00:00,1372.4153843850174
2018-10-01 05:00:00+00:00,1561.184777784753
2018-10-01 06:00:00+00:00,1919.3889146340816
2018-10-01 07:00:00+00:00,2332.2634409976054
2018-10-01 08:00:00+00:00,2642.3744306361637
2018-10-01 09:00:00+00:00,2765.2007690967366
2018-10-01 10:00:00+00:00,2644.7925697520586
2018-10-01 11:00:00+00:00,2466.7317522643843
2018-10-01 12:00:00+00:00,2401.211931727883
2018-10-01 13:00:00+00:00,2286.9195077280624
2018-10-01 14:00:00+00:00,2163.159772373345
2018-10-01 15:00:00+00:00,2139.613932250111
2018-10-01 16:00:00+00:00,2189.372395790811
2018-10-01 17:00:00+00:00,2313.768554642562
2018-10-01 18:00:00+00:00,2490.901536784057
2018-10-01 19:00:00+00:00,2468.94109756777
2018-10-01 20:00:00+00:00,2372.0153434680383
2018-10-01 21:00:00+00:00,2152.420879171001
2018-10-01 22:00:00+00:00,1908.9300418207993
2018-10-01 23:00:00+00:00,1714.0658913066604
2018-10-02 00:00:00+00:00,1568.3645323834126
2018-10-02 01:00:00+00:00,1474.08951846033
2018-10-02 02:00:00+00:00,1401.1197046087445
2018-10-02 03:00:00+00:00,1369.2115438306498
2018-10-02 04:00:00+00:00,1373.27204095518
2018-10-02 05:00:00+00:00,1565.1850501882307
2018-10-02 06:00:00+00:00,1966.0587593413213
2018-10-02 07:00:00+00:00,2380.2667098393376
2018-10-02 08:00:00+00:00,2631.0403254929774
2018-10-02 09:00:00+00:00,2725.064702648511
2018-10-02 10:00:00+00:00,2753.733321540101
2018-10-02 11:00:00+00:00,2791.5538714267727
2018-10-02 12:00:00+00:00,2800.172432768057
2018-10-02 13:00:00+00:00,2698.7475516660897
2018-10-02 14:00:00+00:00,2535.8518179640164
2018-10-02 15:00:00+00:00,2398.2424472843836
2018-10-02 16:00:00+00:00,2377.7436669608132
2018-10-02 17:00:00+00:00,2457.03893891871
2018-10-02 18:00:00+00:00,2581.973267623867
2018-10-02 19:00:00+00:00,2503.3499392217227
2018-10-02 20:00:00+00:00,2360.69757642167
2018-10-02 21:00:00+00:00,2149.8594897868234
2018-10-02 22:00:00+00:00,1911.193595230073
2018-10-02 23:00:00+00:00,1718.1164605653605
2018-10-03 00:00:00+00:00,1573.9042815166347
2018-10-03 01:00:00+00:00,1477.5444157692214
2018-10-03 02:00:00+00:00,1404.3959003326931
2018-10-03 03:00:00+00:00,1362.778286772714
2018-10-03 04:00:00+00:00,1416.418380823272
2018-10-03 05:00:00+00:00,1701.1943119064717
2018-10-03 06:00:00+00:00,2157.405122641004
2018-10-03 07:00:00+00:00,2593.6145713581477
2018-10-03 08:00:00+00:00,2835.0542180703396
2018-10-03 09:00:00+00:00,2920.0113111113237
2018-10-03 10:00:00+00:00,2942.9462062245952
2018-10-03 11:00:00+00:00,2965.565720978052
2018-10-03 12:00:00+00:00,2952.716153754006
2018-10-03 13:00:00+00:00,2843.757426292157
2018-10-03 14:00:00+00:00,2667.7274648653306
2018-10-03 15:00:00+00:00,2518.650646629062
2018-10-03 16:00:00+00:00,2477.483792220857
2018-10-03 17:00:00+00:00,2543.8448500741756
2018-10-03 18:00:00+00:00,2681.9800777108085
2018-10-03 19:00:00+00:00,2608.9571306735334
2018-10-03 20:00:00+00:00,2459.208368881513
2018-10-03 21:00:00+00:00,2191.828391264935
2018-10-03 22:00:00+00:00,1906.562554572349
2018-10-03 23:00:00+00:00,1692.2708331823835
2018-10-04 00:00:00+00:00,1544.3589528061154
2018-10-04 01:00:00+00:00,1456.8150319158729
2018-10-04 02:00:00+00:00,1388.0149217129494
2018-10-04 03:00:00+00:00,1353.1284011858108
2018-10-04 04:00:00+00:00,1423.7522135629813
2018-10-04 05:00:00+00:00,1693.1937670995164
2018-10-04 06:00:00+00:00,2143.404169228832
2018-10-04 07:00:00+00:00,2582.947178282208
2018-10-04 08:00:00+00:00,2812.3860077839663
2018-10-04 09:00:00+00:00,2874.1415208847793
2018-10-04 10:00:00+00:00,2862.674073328143
2018-10-04 11:00:00+00:00,2849.5578212771993
2018-10-04 12:00:00+00:00,2806.039498959825
2018-10-04 13:00:00+00:00,2687.1467616960053
2018-10-04 14:00:00+00:00,2512.9169228507435
2018-10-04 15:00:00+00:00,2369.5738283927935
2018-10-04 16:00:00+00:00,2324.940071234908
2018-10-04 17:00:00+00:00,2376.433449988634
2018-10-04 18:00:00+00:00,2484.944817285969
2018-10-04 19:00:00+00:00,2486.632554477094
2018-10-04 20:00:00+00:00,2397.480319322367
2018-10-04 21:00:00+00:00,2175.4733836286046
2018-10-04 22:00:00+00:00,1931.5655759135361
2018-10-04 23:00:00+00:00,1746.470445376262
2018-10-05 00:00:00+00:00,1607.1427763159695
2018-10-05 01:00:00+00:00,1513.8208375125812
2018-10-05 02:00:00+00:00,1445.3483468820527
2018-10-05 03:00:00+00:00,1412.6360289717159
2018-10-05 04:00:00+00:00,1410.9482917805908
2018-10-05 05:00:00+00:00,1493.1801469256322
2018-10-05 06:00:00+00:00,1900.7209767511858
2018-10-05 07:00:00+00:00,2326.929744459635
2018-10-05 08:00:00+00:00,2580.0368523486377
2018-10-05 09:00:00+00:00,2679.1949124219664
2018-10-05 10:00:00+00:00,2702.1298075352383
2018-10-05 11:00:00+00:00,2721.9491316062613
2018-10-05 12:00:00+00:00,2700.4323075080133
2018-10-05 13:00:00+00:00,2576.939256980195
2018-10-05 14:00:00+00:00,2415.443618619338
2018-10-05 15:00:00+00:00,2295.035419274659
2018-10-05 16:00:00+00:00,2272.1364755090026
2018-10-05 17:00:00+00:00,2339.230916636292
2018-10-05 18:00:00+00:00,2493.879896533101
2018-10-05 19:00:00+00:00,2504.324011386417
2018-10-05 20:00:00+00:00,2434.2630622230645
2018-10-05 21:00:00+00:00,2226.7011713121665
2018-10-05 22:00:00+00:00,1983.6273043268304
2018-10-05 23:00:00+00:00,1786.9761379632648
2018-10-06 00:00:00+00:00,1522.1199376746347
2018-10-06 01:00:00+00:00,1425.5251786216797
2018-10-06 02:00:00+00:00,1350.2676866468537
2018-10-06 03:00:00+00:00,1318.2387037416063
2018-10-06 04:00:00+00:00,1316.7522043908577
2018-10-06 05:00:00+00:00,1388.6575366408383
2018-10-06 06:00:00+00:00,1763.3302128208295
2018-10-06 07:00:00+00:00,2124.3619601049627
2018-10-06 08:00:00+00:00,2336.18996598525
2018-10-06 09:00:00+00:00,2422.330548072565
2018-10-06 10:00:00+00:00,2464.98945298325
2018-10-06 11:00:00+00:00,2509.8352230494643
2018-10-06 12:00:00+00:00,2516.8584175407964
2018-10-06 13:00:00+00:00,2418.1309783359397
2018-10-06 14:00:00+00:00,2246.3625653159843
2018-10-06 15:00:00+00:00,2107.7211243562547
2018-10-06 16:00:00+00:00,2080.348692873311
2018-10-06 17:00:00+00:00,2151.8047558175826
2018-10-06 18:00:00+00:00,2341.467300308674
2018-10-06 19:00:00+00:00,2339.990033873148
2018-10-06 20:00:00+00:00,2261.2332670291694
2018-10-06 21:00:00+00:00,2058.9216286838864
2018-10-06 22:00:00+00:00,1827.9325556589563
2018-10-06 23:00:00+00:00,1643.0526612528802
2018-10-07 00:00:00+00:00,1501.512070899047
2018-10-07 01:00:00+00:00,1409.459906135335
2018-10-07 02:00:00+00:00,1339.6036695654004
2018-10-07 03:00:00+00:00,1310.7600424117556
2018-10-07 04:00:00+00:00,1315.228773379222
2018-10-07 05:00:00+00:00,1394.9088317454043
2018-10-07 06:00:00+00:00,1711.2466661275498
2018-10-07 07:00:00+00:00,2089.639595642776
2018-10-07 08:00:00+00:00,2325.6492482020863
2018-10-07 09:00:00+00:00,2422.330548072565
2018-10-07 10:00:00+00:00,2454.324726755579
2018-10-07 11:00:00+00:00,2477.469019032926
2018-10-07 12:00:00+00:00,2451.3819588406736
2018-10-07 13:00:00+00:00,2326.4267336224157
2018-10-07 14:00:00+00:00,2187.706571063791
2018-10-07 15:00:00+00:00,2097.056398128583
2018-10-07 16:00:00+00:00,2074.8923213149674
2018-10-07 17:00:00+00:00,2162.1086892053763
2018-10-07 18:00:00+00:00,2349.7769240085076
2018-10-07 19:00:00+00:00,2342.7322096940934
2018-10-07 20:00:00+00:00,2263.86464786745
2018-10-07 21:00:00+00:00,2066.0679050657436
2018-10-07 22:00:00+00:00,1838.458079012079
2018-10-07 23:00:00+00:00,1656.2372641899494
2018-10-08 00:00:00+00:00,1631.1483558932666
2018-10-08 01:00:00+00:00,1527.6404267481464
2018-10-08 02:00:00+00:00,1451.90073832995
2018-10-08 03:00:00+00:00,1420.6776002941353
2018-10-08 04:00:00+00:00,1417.5006832284882
2018-10-08 05:00:00+00:00,1498.1149537692875
2018-10-08 06:00:00+00:00,1840.050178631774
2018-10-08 07:00:00+00:00,2225.589510238201
2018-10-08 08:00:00+00:00,2466.695800916769
2018-10-08 09:00:00+00:00,2564.5204368556065
2018-10-08 10:00:00+00:00,2593.189055747196
2018-10-08 11:00:00+00:00,2605.941231905408
2018-10-08 12:00:00+00:00,2583.0909836726682
2018-10-08 13:00:00+00:00,2466.7317522643843
2018-10-08 14:00:00+00:00,2317.9703143879315
2018-10-08 15:00:00+00:00,2191.828391264935
2018-10-08 16:00:00+00:00,2191.9933523699706
2018-10-08 17:00:00+00:00,2349.7769240085076
2018-10-08 18:00:00+00:00,2562.3821707611205
2018-10-08 19:00:00+00:00,2566.2441105690477
2018-10-08 20:00:00+00:00,2479.5341304085377
2018-10-08 21:00:00+00:00,2254.8764545381255
2018-10-08 22:00:00+00:00,2001.7357316010193
2018-10-08 23:00:00+00:00,1799.1278457393657
2018-10-09 00:00:00+00:00,1647.7676032929337
2018-10-09 01:00:00+00:00,1548.3698106014954
2018-10-09 02:00:00+00:00,1473.1960105356166
2018-10-09 03:00:00+00:00,1436.7607429389748
2018-10-09 04:00:00+00:00,1433.881661848232
2018-10-09 05:00:00+00:00,1510.6240647152733
2018-10-09 06:00:00+00:00,1840.050178631774
2018-10-09 07:00:00+00:00,2257.5916894660227
2018-10-09 08:00:00+00:00,2512.032221489516
2018-10-09 09:00:00+00:00,2610.3902270821504
2018-10-09 10:00:00+00:00,2650.5262935303763
2018-10-09 11:00:00+00:00,2663.9451817558343
2018-10-09 12:00:00+00:00,2618.2933808232715
2018-10-09 13:00:00+00:00,2455.130962294299
2018-10-09 14:00:00+00:00,2295.035419274659
2018-10-09 15:00:00+00:00,2197.562115043253
2018-10-09 16:00:00+00:00,2186.7514392116523
2018-10-09 17:00:00+00:00,2344.2371748752853
2018-10-09 18:00:00+00:00,2553.4470915139873
2018-10-09 19:00:00+00:00,2551.501229811279
2018-10-09 20:00:00+00:00,2459.7280380773927
2018-10-09 21:00:00+00:00,2236.946728848879
2018-10-09 22:00:00+00:00,1981.3637509175567
2018-10-09 23:00:00+00:00,1780.9002840752144
2018-10-10 00:00:00+00:00,1631.1483558932666
2018-10-10 01:00:00+00:00,1534.5502213659295
2018-10-10 02:00:00+00:00,1463.367423363771
2018-10-10 03:00:00+00:00,1433.544114410007
2018-10-10 04:00:00+00:00,1437.1578575721805
2018-10-10 05:00:00+00:00,1528.4942232095393
2018-10-10 06:00:00+00:00,1756.0444581587426
2018-10-10 07:00:00+00:00,2140.2503656306767
2018-10-10 08:00:00+00:00,2398.6911700576484
2018-10-10 09:00:00+00:00,2512.9169228507435
2018-10-10 10:00:00+00:00,2558.786713077288
2018-10-10 11:00:00+00:00,2588.5400469502797
2018-10-10 12:00:00+00:00,2565.4897850973657
2018-10-10 13:00:00+00:00,2431.929382354129
2018-10-10 14:00:00+00:00,2272.1005241613875
2018-10-10 15:00:00+00:00,2157.4260485950267
2018-10-10 16:00:00+00:00,2210.3400484240833
2018-10-10 17:00:00+00:00,2369.1660459747864
2018-10-10 18:00:00+00:00,2586.209048753475
2018-10-10 19:00:00+00:00,2592.781295933032
2018-10-10 20:00:00+00:00,2504.999106262867
2018-10-10 21:00:00+00:00,2277.9289589957284
2018-10-10 22:00:00+00:00,2022.1077122844831
2018-10-10 23:00:00+00:00,1815.3301227741672
2018-10-11 00:00:00+00:00,1660.6936846037859
2018-10-11 01:00:00+00:00,1557.0070538737232
2018-10-11 02:00:00+00:00,1479.7484019835144
2018-10-11 03:00:00+00:00,1446.410628525878
2018-10-11 04:00:00+00:00,1451.90073832995
2018-10-11 05:00:00+00:00,1542.790350004952
2018-10-11 06:00:00+00:00,1741.5462239245087
2018-10-11 07:00:00+00:00,2129.5829725547364
2018-10-11 08:00:00+00:00,2376.022959771275
2018-10-11 09:00:00+00:00,2489.982027737472
2018-10-11 10:00:00+00:00,2535.8518179640164
2018-10-11 11:00:00+00:00,2565.3384670101095
2018-10-11 12:00:00+00:00,2542.0215203302973
2018-10-11 13:00:00+00:00,2414.5281973990004
2018-10-11 14:00:00+00:00,2254.8993528264336
2018-10-11 15:00:00+00:00,2140.2248772600733
2018-10-11 16:00:00+00:00,2218.2029181615603
2018-10-11 17:00:00+00:00,2377.47566967462
2018-10-11 18:00:00+00:00,2595.1441280006084
2018-10-11 19:00:00+00:00,2595.7298720845865
2018-10-11 20:00:00+00:00,2507.828548024459
2018-10-11 21:00:00+00:00,2280.4903483799067
2018-10-11 22:00:00+00:00,2024.3712656937562
2018-10-11 23:00:00+00:00,1817.355407403517
2018-10-12 00:00:00+00:00,1660.6936846037859
2018-10-12 01:00:00+00:00,1555.2796052192778
2018-10-12 02:00:00+00:00,1476.4722062595652
2018-10-12 03:00:00+00:00,1444.8023142613945
2018-10-12 04:00:00+00:00,1450.2626404679756
2018-10-12 05:00:00+00:00,1542.790350004952
2018-10-12 06:00:00+00:00,1747.8007793975019
2018-10-12 07:00:00+00:00,2076.2460071750343
2018-10-12 08:00:00+00:00,2302.3512763405606
2018-10-12 09:00:00+00:00,2386.774999727748
2018-10-12 10:00:00+00:00,2409.70989484102
2018-10-12 11:00:00+00:00,2426.1289873690857
2018-10-12 12:00:00+00:00,2412.946064111417
2018-10-12 13:00:00+00:00,2315.9214826532757
2018-10-12 14:00:00+00:00,2180.3609437082987
2018-10-12 15:00:00+00:00,2160.105047323536
2018-10-12 16:00:00+00:00,2241.7915273739914
2018-10-12 17:00:00+00:00,2402.4045407741205
2018-10-12 18:00:00+00:00,2618.971005992962
2018-10-12 19:00:00+00:00,2616.3699051454637
2018-10-12 20:00:00+00:00,2524.805198594011
2018-10-12 21:00:00+00:00,2295.8586846849757
2018-10-12 22:00:00+00:00,2040.2161395586722
2018-10-12 23:00:00+00:00,1835.5829690676683
2018-10-13 00:00:00+00:00,1565.0529934571084
2018-10-13 01:00:00+00:00,1470.5079415834462
2018-10-13 02:00:00+00:00,1395.9706169959384
2018-10-13 03:00:00+00:00,1363.1106717207074
2018-10-13 04:00:00+00:00,1360.931703728307
2018-10-13 05:00:00+00:00,1433.1331007646386
2018-10-13 06:00:00+00:00,1633.1213460876304
2018-10-13 07:00:00+00:00,1990.4328400365293
2018-10-13 08:00:00+00:00,2209.701352587286
2018-10-13 09:00:00+00:00,2299.686196454342
2018-10-13 10:00:00+00:00,2337.0127382511923
2018-10-13 11:00:00+00:00,2374.9760396472225
2018-10-13 12:00:00+00:00,2380.449128582207
2018-10-13 13:00:00+00:00,2294.0605296058775
2018-10-13 14:00:00+00:00,2129.0505768115977
2018-10-13 15:00:00+00:00,1989.8409569926032
2018-10-13 16:00:00+00:00,2072.6786723647224
2018-10-13 17:00:00+00:00,2218.780322838242
2018-10-13 18:00:00+00:00,2419.023788173788
2018-10-13 19:00:00+00:00,2419.513132680556
2018-10-13 20:00:00+00:00,2340.1746921775884
2018-10-13 21:00:00+00:00,2130.3843925024557
2018-10-13 22:00:00+00:00,1893.1908004483164
2018-10-13 23:00:00+00:00,1703.3251318223402
2018-10-14 00:00:00+00:00,1561.6183489945104
2018-10-14 01:00:00+00:00,1468.901414334811
2018-10-14 02:00:00+00:00,1397.4940480075747
2018-10-14 03:00:00+00:00,1364.6064039866776
2018-10-14 04:00:00+00:00,1354.8379796817621
2018-10-14 05:00:00+00:00,1418.1757781049382
2018-10-14 06:00:00+00:00,1698.2257794542302
2018-10-14 07:00:00+00:00,2079.7189200821517
2018-10-14 08:00:00+00:00,2304.567812635759
2018-10-14 09:00:00+00:00,2395.668732503386
2018-10-14 10:00:00+00:00,2432.995274300236
2018-10-14 11:00:00+00:00,2466.6802843607466
2018-10-14 12:00:00+00:00,2456.838330399017
2018-10-14 13:00:00+00:00,2342.6098356306848
2018-10-14 14:00:00+00:00,2155.7123923807762
2018-10-14 15:00:00+00:00,2006.406225193375
2018-10-14 16:00:00+00:00,2060.491224271633
2018-10-14 17:00:00+00:00,2213.628356144345
2018-10-14 18:00:00+00:00,2413.4840390405657
2018-10-14 19:00:00+00:00,2408.5444293967757
2018-10-14 20:00:00+00:00,2324.3864071479047
2018-10-14 21:00:00+00:00,2116.0918397387422
2018-10-14 22:00:00+00:00,1876.3499630833203
2018-10-14 23:00:00+00:00,1686.3734994746796
2018-10-15 00:00:00+00:00,1658.8471015593789
2018-10-15 01:00:00+00:00,1555.2796052192778
2018-10-15 02:00:00+00:00,1479.7484019835144
2018-10-15 03:00:00+00:00,1448.0189427903622
2018-10-15 04:00:00+00:00,1450.2626404679756
2018-10-15 05:00:00+00:00,1533.855270757819
2018-10-15 06:00:00+00:00,1770.0454115709144
2018-10-15 07:00:00+00:00,2166.918848320528
2018-10-15 08:00:00+00:00,2410.025275200835
2018-10-15 09:00:00+00:00,2518.650646629062
2018-10-15 10:00:00+00:00,2564.5204368556065
2018-10-15 11:00:00+00:00,2605.941231905408
2018-10-15 12:00:00+00:00,2600.69218224797
2018-10-15 13:00:00+00:00,2478.3325422344697
2018-10-15 14:00:00+00:00,2317.9703143879315
2018-10-15 15:00:00+00:00,2209.0295625998892
2018-10-15 16:00:00+00:00,2189.997548824261
2018-10-15 17:00:00+00:00,2338.697425742063
2018-10-15 18:00:00+00:00,2550.4687317649436
2018-10-15 19:00:00+00:00,2554.449805962832
2018-10-15 20:00:00+00:00,2468.2163633621694
2018-10-15 21:00:00+00:00,2247.192286385591
2018-10-15 22:00:00+00:00,1999.4721781917463
2018-10-15 23:00:00+00:00,1801.153130368716
2018-10-16 00:00:00+00:00,1651.4607693817488
2018-10-16 01:00:00+00:00,1551.8247079103865
2018-10-16 02:00:00+00:00,1478.11030412154
2018-10-16 03:00:00+00:00,1448.0189427903622
2018-10-16 04:00:00+00:00,1451.90073832995
2018-10-16 05:00:00+00:00,1544.5773658543783
2018-10-16 06:00:00+00:00,1747.8007793975019
2018-10-16 07:00:00+00:00,2097.5807933269148
2018-10-16 08:00:00+00:00,2342.020644341714
2018-10-16 09:00:00+00:00,2449.8459612892457
2018-10-16 10:00:00+00:00,2495.71575151579
2018-10-16 11:00:00+00:00,2536.3364920848962
2018-10-16 12:00:00+00:00,2536.1544541385297
2018-10-16 13:00:00+00:00,2431.929382354129
2018-10-16 14:00:00+00:00,2272.1005241613875
2018-10-16 15:00:00+00:00,2140.2248772600733
2018-10-16 16:00:00+00:00,2218.2029181615603
2018-10-16 17:00:00+00:00,2385.785293374454
2018-10-16 18:00:00+00:00,2598.122487749652
2018-10-16 19:00:00+00:00,2589.832719781479
2018-10-16 20:00:00+00:00,2499.3402227396823
2018-10-16 21:00:00+00:00,2272.8061802273724
2018-10-16 22:00:00+00:00,2015.3170520566619
2018-10-16 23:00:00+00:00,1805.2036996274162
2018-10-17 00:00:00+00:00,1649.6141863373414
2018-10-17 01:00:00+00:00,1544.9149132926034
2018-10-17 02:00:00+00:00,1466.6436190877193
2018-10-17 03:00:00+00:00,1436.7607429389748
2018-10-17 04:00:00+00:00,1442.072151158104
2018-10-17 05:00:00+00:00,1533.855270757819
2018-10-17 06:00:00+00:00,1746.7104892172947
2018-10-17 07:00:00+00:00,2124.249276016766
2018-10-17 08:00:00+00:00,2342.020644341714
2018-10-17 09:00:00+00:00,2426.9110661759737
2018-10-17 10:00:00+00:00,2461.313408845882
2018-10-17 11:00:00+00:00,2501.5341221746403
2018-10-17 12:00:00+00:00,2500.9520569879264
2018-10-17 13:00:00+00:00,2408.727802413958
2018-10-17 14:00:00+00:00,2260.633076604751
2018-10-17 15:00:00+00:00,2145.9586010383905
2018-10-17 16:00:00+00:00,2212.9610050032425
2018-10-17 17:00:00+00:00,2374.7057951080083
2018-10-17 18:00:00+00:00,2586.209048753475
2018-10-17 19:00:00+00:00,2580.986991326817
2018-10-17 20:00:00+00:00,2490.851897454906
2018-10-17 21:00:00+00:00,2265.122012074838
2018-10-17 22:00:00+00:00,2010.7899452381148
2018-10-17 23:00:00+00:00,1805.2036996274162
2018-10-18 00:00:00+00:00,1651.4607693817488
2018-10-18 01:00:00+00:00,1548.3698106014954
2018-10-18 02:00:00+00:00,1469.919814811668
2018-10-18 03:00:00+00:00,1438.3690572034586
2018-10-18 04:00:00+00:00,1442.072151158104
2018-10-18 05:00:00+00:00,1533.855270757819
2018-10-18 06:00:00+00:00,1742.043504746571
2018-10-18 07:00:00+00:00,2113.5818829408254
2018-10-18 08:00:00+00:00,2330.6865391985275
2018-10-18 09:00:00+00:00,2415.443618619338
2018-10-18 10:00:00+00:00,2455.579685067564
2018-10-18 11:00:00+00:00,2495.733727189598
2018-10-18 12:00:00+00:00,2506.8191231796936
2018-10-18 13:00:00+00:00,2408.727802413958
2018-10-18 14:00:00+00:00,2266.3668003830694
2018-10-18 15:00:00+00:00,2157.4260485950267
2018-10-18 16:00:00+00:00,2205.098135265765
2018-10-18 17:00:00+00:00,2360.8564222749524
2018-10-18 18:00:00+00:00,2565.360530510165
2018-10-18 19:00:00+00:00,2557.398382114386
2018-10-18 20:00:00+00:00,2468.2163633621694
2018-10-18 21:00:00+00:00,2244.6308970014134
2018-10-18 22:00:00+00:00,1992.681517963925
2018-10-18 23:00:00+00:00,1791.026707221965
2018-10-19 00:00:00+00:00,1636.688105026489
2018-10-19 01:00:00+00:00,1534.5502213659295
2018-10-19 02:00:00+00:00,1458.4531297778474
2018-10-19 03:00:00+00:00,1428.719171616555
2018-10-19 04:00:00+00:00,1435.5197597102065
2018-10-19 05:00:00+00:00,1523.1331756612594
2018-10-19 06:00:00+00:00,1788.7133494538102
2018-10-19 07:00:00+00:00,2172.2525448584984
2018-10-19 08:00:00+00:00,2381.6900123428686
2018-10-19 09:00:00+00:00,2461.313408845882
2018-10-19 10:00:00+00:00,2489.982027737472
2018-10-19 11:00:00+00:00,2524.7357021148105
2018-10-19 12:00:00+00:00,2530.287387946763
2018-10-19 13:00:00+00:00,2431.929382354129
2018-10-19 14:00:00+00:00,2283.5679717180233
2018-10-19 15:00:00+00:00,2168.8934961516625
2018-10-19 16:00:00+00:00,2199.8562221074476
2018-10-19 17:00:00+00:00,2352.5467985751193
2018-10-19 18:00:00+00:00,2553.4470915139873
2018-10-19 19:00:00+00:00,2539.7069252050637
2018-10-19 20:00:00+00:00,2448.4102710310244
2018-10-19 21:00:00+00:00,2231.8239500805225
2018-10-19 22:00:00+00:00,1983.6273043268304
2018-10-19 23:00:00+00:00,1784.950853333915
2018-10-20 00:00:00+00:00,1518.6852932120366
2018-10-20 01:00:00+00:00,1427.1317058703144
2018-10-20 02:00:00+00:00,1359.4082727166704
2018-10-20 03:00:00+00:00,1333.1960264013067
2018-10-20 04:00:00+00:00,1336.5568075421281
2018-10-20 05:00:00+00:00,1406.5423049251713
2018-10-20 06:00:00+00:00,1702.5660750120035
2018-10-20 07:00:00+00:00,2040.0362178396526
2018-10-20 08:00:00+00:00,2225.512429262031
2018-10-20 09:00:00+00:00,2283.6891071128343
2018-10-20 10:00:00+00:00,2294.3538333405063
2018-10-20 11:00:00+00:00,2299.454896941967
2018-10-20 12:00:00+00:00,2260.408954298649
2018-10-20 13:00:00+00:00,2159.201346203636
2018-10-20 14:00:00+00:00,2049.065130104061
2018-10-20 15:00:00+00:00,1992.2230491198889
2018-10-20 16:00:00+00:00,2065.3662035088687
2018-10-20 17:00:00+00:00,2208.476389450448
2018-10-20 18:00:00+00:00,2405.1744153407317
2018-10-20 19:00:00+00:00,2400.3179019339404
2018-10-20 20:00:00+00:00,2316.492264633063
2018-10-20 21:00:00+00:00,2108.945563356885
2018-10-20 22:00:00+00:00,1872.1397537420712
2018-10-20 23:00:00+00:00,1684.489984769384
2018-10-21 00:00:00+00:00,1542.7278044502223
2018-10-21 01:00:00+00:00,1448.0165601025626
2018-10-21 02:00:00+00:00,1377.6894448563044
2018-10-21 03:00:00+00:00,1352.6405458589172
2018-10-21 04:00:00+00:00,1351.7911176584896
2018-10-21 05:00:00+00:00,1419.8377028449054
2018-10-21 06:00:00+00:00,1650.4825283187238
2018-10-21 07:00:00+00:00,1980.5121644759051
2018-10-21 08:00:00+00:00,2167.5384814546305
2018-10-21 09:00:00+00:00,2230.365475974477
2018-10-21 10:00:00+00:00,2246.3625653159843
2018-10-21 11:00:00+00:00,2267.0886929254293
2018-10-21 12:00:00+00:00,2260.408954298649
2018-10-21 13:00:00+00:00,2169.9900808758152
2018-10-21 14:00:00+00:00,2011.7385883072109
2018-10-21 15:00:00+00:00,2023.1902467746022
2018-10-21 16:00:00+00:00,2082.4286308391943
2018-10-21 17:00:00+00:00,2211.0523727973964
2018-10-21 18:00:00+00:00,2394.094917074287
2018-10-21 19:00:00+00:00,2389.34919865016
2018-10-21 20:00:00+00:00,2313.860883794782
2018-10-21 21:00:00+00:00,2108.945563356885
2018-10-21 22:00:00+00:00,1874.2448584126955
2018-10-21 23:00:00+00:00,1684.489984769384
2018-10-22 00:00:00+00:00,1657.0005185149712
2018-10-22 01:00:00+00:00,1555.2796052192778
2018-10-22 02:00:00+00:00,1479.7484019835144
2018-10-22 03:00:00+00:00,1448.0189427903622
2018-10-22 04:00:00+00:00,1438.795955434155
2018-10-22 05:00:00+00:00,1508.837048865847
2018-10-22 06:00:00+00:00,1863.385100985394
2018-10-22 07:00:00+00:00,2284.2601721558735
2018-10-22 08:00:00+00:00,2517.69927406111
2018-10-22 09:00:00+00:00,2598.9227795255147
2018-10-22 10:00:00+00:00,2621.8576746387866
2018-10-22 11:00:00+00:00,2640.743601815664
2018-10-22 12:00:00+00:00,2635.894579398574
2018-10-22 13:00:00+00:00,2524.7357021148105
2018-10-22 14:00:00+00:00,2369.5738283927935
2018-10-22 15:00:00+00:00,2289.3016954963414
2018-10-22 16:00:00+00:00,2313.205938851373
2018-10-22 17:00:00+00:00,2419.8364055663674
2018-10-22 18:00:00+00:00,2555.304784934015
2018-10-22 19:00:00+00:00,2463.7472424272933
2018-10-22 20:00:00+00:00,2383.333110514406
2018-10-22 21:00:00+00:00,2172.9119942444263
2018-10-22 22:00:00+00:00,1931.5655759135361
2018-10-22 23:00:00+00:00,1730.2681683414614
2018-10-23 00:00:00+00:00,1579.4440306498573
2018-10-23 01:00:00+00:00,1482.7267617325583
2018-10-23 02:00:00+00:00,1414.2244875045396
2018-10-23 03:00:00+00:00,1390.119629268941
2018-10-23 04:00:00+00:00,1392.9292152988726
2018-10-23 05:00:00+00:00,1537.183143363887
2018-10-23 06:00:00+00:00,1966.0587593413213
2018-10-23 07:00:00+00:00,2401.601495991219
2018-10-23 08:00:00+00:00,2625.3732729213843
2018-10-23 09:00:00+00:00,2679.1949124219664
2018-10-23 10:00:00+00:00,2667.7274648653306
2018-10-23 11:00:00+00:00,2658.1447867707916
2018-10-23 12:00:00+00:00,2618.2933808232715
2018-10-23 13:00:00+00:00,2495.733727189598
2018-10-23 14:00:00+00:00,2329.437761944567
2018-10-23 15:00:00+00:00,2214.763286378207
2018-10-23 16:00:00+00:00,2207.5987473995624
2018-10-23 17:00:00+00:00,2310.998680075951
2018-10-23 18:00:00+00:00,2493.879896533101
2018-10-23 19:00:00+00:00,2471.8896737193245
2018-10-23 20:00:00+00:00,2383.333110514406
2018-10-23 21:00:00+00:00,2175.4733836286046
2018-10-23 22:00:00+00:00,1945.1468963691782
2018-10-23 23:00:00+00:00,1760.647437781713
2018-10-24 00:00:00+00:00,1614.529108493599
2018-10-24 01:00:00+00:00,1515.5482861670266
2018-10-24 02:00:00+00:00,1438.795955434155
2018-10-24 03:00:00+00:00,1402.986143384812
2018-10-24 04:00:00+00:00,1394.567313160847
2018-10-24 05:00:00+00:00,1529.1825985569315
2018-10-24 06:00:00+00:00,1896.0539922804614
2018-10-24 07:00:00+00:00,2278.926475617903
2018-10-24 08:00:00+00:00,2495.031063774736
2018-10-24 09:00:00+00:00,2524.38437040738
2018-10-24 10:00:00+00:00,2518.650646629062
2018-10-24 11:00:00+00:00,2571.1388619951517
2018-10-24 12:00:00+00:00,2600.69218224797
2018-10-24 13:00:00+00:00,2513.134912144726
2018-10-24 14:00:00+00:00,2329.437761944567
2018-10-24 15:00:00+00:00,2191.828391264935
2018-10-24 16:00:00+00:00,2184.130482632493
2018-10-24 17:00:00+00:00,2335.9275511754518
2018-10-24 18:00:00+00:00,2532.598573270677
2018-10-24 19:00:00+00:00,2524.964044447294
2018-10-24 20:00:00+00:00,2434.2630622230645
2018-10-24 21:00:00+00:00,2211.332835007098
2018-10-24 22:00:00+00:00,1963.2553236433673
2018-10-24 23:00:00+00:00,1764.6980070404134
2018-10-25 00:00:00+00:00,1614.529108493599
2018-10-25 01:00:00+00:00,1513.8208375125812
2018-10-25 02:00:00+00:00,1435.5197597102065
2018-10-25 03:00:00+00:00,1402.986143384812
2018-10-25 04:00:00+00:00,1402.757802470719
2018-10-25 05:00:00+00:00,1509.1812365395426
2018-10-25 06:00:00+00:00,1877.3860543975657
2018-10-25 07:00:00+00:00,2209.58842062429
2018-10-25 08:00:00+00:00,2370.3559071996815
2018-10-25 09:00:00+00:00,2426.9110661759737
2018-10-25 10:00:00+00:00,2432.644789954292
2018-10-25 11:00:00+00:00,2431.929382354129
2018-10-25 12:00:00+00:00,2407.0789979196497
2018-10-25 13:00:00+00:00,2298.5202976981477
2018-10-25 14:00:00+00:00,2163.159772373345
2018-10-25 15:00:00+00:00,2170.350604860248
2018-10-25 16:00:00+00:00,2262.7591800072632
2018-10-25 17:00:00+00:00,2424.56353730701
2018-10-25 18:00:00+00:00,2633.8628047381835
2018-10-25 19:00:00+00:00,2622.267057448571
2018-10-25 20:00:00+00:00,2527.6346403556036
2018-10-25 21:00:00+00:00,2300.9814634533313
2018-10-25 22:00:00+00:00,2047.006799786493
2018-10-25 23:00:00+00:00,1843.6841075850684
2018-10-26 00:00:00+00:00,1686.5458472254907
2018-10-26 01:00:00+00:00,1581.1913350359632
2018-10-26 02:00:00+00:00,1499.405576327207
2018-10-26 03:00:00+00:00,1468.9270282286532
2018-10-26 04:00:00+00:00,1484.6626955694376
2018-10-26 05:00:00+00:00,1601.7618730360296
2018-10-26 06:00:00+00:00,1852.0433706140525
2018-10-26 07:00:00+00:00,2095.17680479437
2018-10-26 08:00:00+00:00,2198.2776914404535
2018-10-26 09:00:00+00:00,2203.6486668545635
2018-10-26 10:00:00+00:00,2195.9644987020292
2018-10-26 11:00:00+00:00,2226.6813155805066
2018-10-26 12:00:00+00:00,2270.6220497447403
2018-10-26 13:00:00+00:00,2281.0959481955456
2018-10-26 14:00:00+00:00,2308.6656316058657
2018-10-26 15:00:00+00:00,2352.209251136894
2018-10-26 16:00:00+00:00,2435.7423142317566
2018-10-26 17:00:00+00:00,2599.065635003516
2018-10-26 18:00:00+00:00,2818.521109178931
2018-10-26 19:00:00+00:00,2813.9245072995727
2018-10-26 20:00:00+00:00,2717.2072383822738
2018-10-26 21:00:00+00:00,2470.0331628090867
2018-10-26 22:00:00+00:00,2187.3471111614613
2018-10-26 23:00:00+00:00,1961.1506160873757
2018-10-27 00:00:00+00:00,1664.6576828724476
2018-10-27 01:00:00+00:00,1557.2604130097088
2018-10-27 02:00:00+00:00,1476.7124606126551
2018-10-27 03:00:00+00:00,1448.3674108810005
2018-10-27 04:00:00+00:00,1456.907857461385
2018-10-27 05:00:00+00:00,1549.4678325623095
2018-10-27 06:00:00+00:00,1757.3007542103703
2018-10-27 07:00:00+00:00,1961.809826378498
2018-10-27 08:00:00+00:00,2046.752646421241
2018-10-27 09:00:00+00:00,2042.2469837928872
2018-10-27 10:00:00+00:00,2025.5723389018876
2018-10-27 11:00:00+00:00,2041.8961330144498
2018-10-27 12:00:00+00:00,2072.6786723647224
2018-10-27 13:00:00+00:00,2078.042996108726
2018-10-27 14:00:00+00:00,2116.0918397387422
2018-10-27 15:00:00+00:00,2170.8799586663117
2018-10-27 16:00:00+00:00,2245.7404352865906
2018-10-27 17:00:00+00:00,2393.9471904307347
2018-10-27 18:00:00+00:00,2590.7560113036825
2018-10-27 19:00:00+00:00,2581.3015061163164
2018-10-27 20:00:00+00:00,2492.794780797866
2018-10-27 21:00:00+00:00,2268.545735885023
2018-10-27 22:00:00+00:00,2015.2868713445384
2018-10-27 23:00:00+00:00,1812.5689847294861
2018-10-28 00:00:00+00:00,1659.5057161785505
2018-10-28 01:00:00+00:00,1558.8669402583434
2018-10-28 02:00:00+00:00,1484.3296156708361
2018-10-28 03:00:00+00:00,1454.350339944881
2018-10-28 04:00:00+00:00,1456.907857461385
2018-10-28 05:00:00+00:00,1537.8343593825427
2018-10-28 06:00:00+00:00,1734.0338078508362
2018-10-28 07:00:00+00:00,1930.7872312324525
2018-10-28 08:00:00+00:00,2011.4367456969487
2018-10-28 09:00:00+00:00,2001.7514176290313
2018-10-28 10:00:00+00:00,1990.409135851868
2018-10-28 11:00:00+00:00,2024.3421628013944
2018-10-28 12:00:00+00:00,2036.1163280854544
2018-10-28 13:00:00+00:00,2058.7646691251125
2018-10-28 14:00:00+00:00,2113.7097476114564
2018-10-28 15:00:00+00:00,2170.8799586663117
2018-10-28 16:00:00+00:00,2240.865456049355
2018-10-28 17:00:00+00:00,2391.3712070837864
2018-10-28 18:00:00+00:00,2596.2957604369053
2018-10-28 19:00:00+00:00,2592.270209400097
2018-10-28 20:00:00+00:00,2503.3203041509882
2018-10-28 21:00:00+00:00,2278.0741043941653
2018-10-28 22:00:00+00:00,2023.7072900270366
2018-10-28 23:00:00+00:00,1820.1030435506684
2018-10-29 00:00:00+00:00,1791.8010807567164
2018-10-29 01:00:00+00:00,1683.1108056482597
2018-10-29 02:00:00+00:00,1600.9676437696178
2018-10-29 03:00:00+00:00,1571.859141155625
2018-10-29 04:00:00+00:00,1578.0342737019764
2018-10-29 05:00:00+00:00,1666.0944436153864
2018-10-29 06:00:00+00:00,1872.8918888573633
2018-10-29 07:00:00+00:00,2068.9672390027804
2018-10-29 08:00:00+00:00,2140.0507583466374
2018-10-29 09:00:00+00:00,2168.8934961516625
2018-10-29 10:00:00+00:00,2226.230733934843
2018-10-29 11:00:00+00:00,2269.5183227729344
2018-10-29 12:00:00+00:00,2266.269409317235
2018-10-29 13:00:00+00:00,2185.2225478738096
2018-10-29 14:00:00+00:00,2257.437843922304
2018-10-29 15:00:00+00:00,2318.9111891425787
2018-10-29 16:00:00+00:00,2393.807008965213
2018-10-29 17:00:00+00:00,2551.977767371126
2018-10-29 18:00:00+00:00,2770.8673531942222
2018-10-29 19:00:00+00:00,2766.7472888747106
2018-10-29 20:00:00+00:00,2674.765611958392
2018-10-29 21:00:00+00:00,2436.735100814771
2018-10-29 22:00:00+00:00,2162.448023659451
2018-10-29 23:00:00+00:00,1942.9230544232248
2018-10-30 00:00:00+00:00,1778.874999445864
2018-10-30 01:00:00+00:00,1671.0186650671396
2018-10-30 02:00:00+00:00,1589.5009587357972
2018-10-30 03:00:00+00:00,1557.3843127752693
2018-10-30 04:00:00+00:00,1555.1009036343353
2018-10-30 05:00:00+00:00,1639.2892058739874
2018-10-30 06:00:00+00:00,1839.5342596680666
2018-10-30 07:00:00+00:00,2023.696170817307
2018-10-30 08:00:00+00:00,2143.6738043359455
2018-10-30 09:00:00+00:00,2237.6981814914793
2018-10-30 10:00:00+00:00,2272.1005241613875
2018-10-30 11:00:00+00:00,2298.5202976981477
2018-10-30 12:00:00+00:00,2289.7376740843047
2018-10-30 13:00:00+00:00,2177.4490289288037
2018-10-30 14:00:00+00:00,2254.8764545381255
2018-10-30 15:00:00+00:00,2316.3497997584
2018-10-30 16:00:00+00:00,2393.807008965213
2018-10-30 17:00:00+00:00,2549.207892804515
2018-10-30 18:00:00+00:00,2764.9106336961336
2018-10-30 19:00:00+00:00,2757.90156042005
2018-10-30 20:00:00+00:00,2663.447844912024
2018-10-30 21:00:00+00:00,2423.9281538938803
2018-10-30 22:00:00+00:00,2153.393810022356
2018-10-30 23:00:00+00:00,1934.8219159058247
2018-10-31 00:00:00+00:00,1771.4886672682344
2018-10-31 01:00:00+00:00,1664.1088704493563
2018-10-31 02:00:00+00:00,1582.9485672878996
2018-10-31 03:00:00+00:00,1550.9510557173335
2018-10-31 04:00:00+00:00,1546.9104143244633
2018-10-31 05:00:00+00:00,1630.3541266268548
2018-10-31 06:00:00+00:00,1824.9402968977495
2018-10-31 07:00:00+00:00,2004.634668423423
2018-10-31 08:00:00+00:00,2183.3431723371
2018-10-31 09:00:00+00:00,2277.834247939705
2018-10-31 10:00:00+00:00,2306.5028668312953
2018-10-31 11:00:00+00:00,2333.322667608403
2018-10-31 12:00:00+00:00,2324.940071234908
2018-10-31 13:00:00+00:00,2159.310818057124
2018-10-31 14:00:00+00:00,2226.7011713121665
2018-10-31 15:00:00+00:00,2280.4903483799067
2018-10-31 16:00:00+00:00,2351.8717036986686
2018-10-31 17:00:00+00:00,2504.889899738735
2018-10-31 18:00:00+00:00,2717.2568777114243
2018-10-31 19:00:00+00:00,2713.6729181467413
2018-10-31 20:00:00+00:00,2623.8356602497342
2018-10-31 21:00:00+00:00,2390.6300918995657
2018-10-31 22:00:00+00:00,2128.4947225203455
2018-10-31 23:00:00+00:00,1916.5943542416733
2018-11-01 00:00:00+00:00,1756.7160029129745
2018-11-01 01:00:00+00:00,1650.2892812137916
2018-11-01 02:00:00+00:00,1571.481882254079
2018-11-01 03:00:00+00:00,1541.3011701304297
2018-11-01 04:00:00+00:00,1537.081827152617
2018-11-01 05:00:00+00:00,1617.8450156808685
2018-11-01 06:00:00+00:00,1814.5160377760942
2018-11-01 07:00:00+00:00,2009.4000440218942
2018-11-01 08:00:00+00:00,2138.0067517643524
2018-11-01 09:00:00+00:00,2220.4970101565254
2018-11-01 10:00:00+00:00,2249.165629048115
2018-11-01 11:00:00+00:00,2269.5183227729344
2018-11-01 12:00:00+00:00,2260.4023431254677
2018-11-01 13:00:00+00:00,2187.813720855478
2018-11-01 14:00:00+00:00,2259.9992333064815
2018-11-01 15:00:00+00:00,2316.3497997584
2018-11-01 16:00:00+00:00,2385.944139227736
2018-11-01 17:00:00+00:00,2535.358519971459
2018-11-01 18:00:00+00:00,2747.0404752018676
2018-11-01 19:00:00+00:00,2746.1072558138335
2018-11-01 20:00:00+00:00,2657.7889613888397
2018-11-01 21:00:00+00:00,2423.9281538938803
2018-11-01 22:00:00+00:00,2155.65736343163
2018-11-01 23:00:00+00:00,1938.8724851645247
2018-11-02 00:00:00+00:00,1773.335250312642
2018-11-02 01:00:00+00:00,1662.3814217949111
2018-11-02 02:00:00+00:00,1579.6723715639507
2018-11-02 03:00:00+00:00,1546.126112923882
2018-11-02 04:00:00+00:00,1541.9961207385404
2018-11-02 05:00:00+00:00,1623.2060632291484
2018-11-02 06:00:00+00:00,1822.8554450734182
2018-11-02 07:00:00+00:00,2021.313483018071
2018-11-02 08:00:00+00:00,2115.338541477979
2018-11-02 09:00:00+00:00,2197.562115043253
2018-11-02 10:00:00+00:00,2220.4970101565254
2018-11-02 11:00:00+00:00,2240.516347847721
2018-11-02 12:00:00+00:00,2225.1999459748645
2018-11-02 13:00:00+00:00,2187.813720855478
2018-11-02 14:00:00+00:00,2239.508118233057
2018-11-02 15:00:00+00:00,2293.2972953007975
2018-11-02 16:00:00+00:00,2362.3555300153043
2018-11-02 17:00:00+00:00,2515.9693980051798
2018-11-02 18:00:00+00:00,2729.1703167076016
2018-11-02 19:00:00+00:00,2728.4157989045107
2018-11-02 20:00:00+00:00,2640.812310819287
2018-11-02 21:00:00+00:00,2408.559817588812
2018-11-02 22:00:00+00:00,2139.812489566714
2018-11-02 23:00:00+00:00,1922.6702081297233
2018-11-03 00:00:00+00:00,1638.8978494029632
2018-11-03 01:00:00+00:00,1536.3755587774604
2018-11-03 02:00:00+00:00,1453.860995438113
2018-11-03 03:00:00+00:00,1421.4442300935398
2018-11-03 04:00:00+00:00,1431.00953026357
2018-11-03 05:00:00+00:00,1527.862810942742
2018-11-03 06:00:00+00:00,1734.0338078508362
2018-11-03 07:00:00+00:00,1937.4349301923194
2018-11-03 08:00:00+00:00,2025.5631059866657
2018-11-03 09:00:00+00:00,2032.7186152837446
2018-11-03 10:00:00+00:00,2023.1902467746022
2018-11-03 11:00:00+00:00,2049.1255056333052
2018-11-03 12:00:00+00:00,2084.8661204578116
2018-11-03 13:00:00+00:00,2087.6821596005334
2018-11-03 14:00:00+00:00,2104.1813791023137
2018-11-03 15:00:00+00:00,2137.530668884313
2018-11-03 16:00:00+00:00,2211.6155806259403
2018-11-03 17:00:00+00:00,2365.611373614302
2018-11-03 18:00:00+00:00,2571.3668893374047
2018-11-03 19:00:00+00:00,2567.590627011591
2018-11-03 20:00:00+00:00,2474.375114929902
2018-11-03 21:00:00+00:00,2247.106906739453
2018-11-03 22:00:00+00:00,1994.2358246382935
2018-11-03 23:00:00+00:00,1788.0832935606431
2018-11-04 00:00:00+00:00,1635.4632049403651
2018-11-04 01:00:00+00:00,1536.3755587774604
2018-11-04 02:00:00+00:00,1463.0015815079298
2018-11-04 03:00:00+00:00,1437.8972850192101
2018-11-04 04:00:00+00:00,1444.7204093682956
2018-11-04 05:00:00+00:00,1531.1866604226755
2018-11-04 06:00:00+00:00,1724.339246867697
2018-11-04 07:00:00+00:00,1919.7077329660078
2018-11-04 08:00:00+00:00,2004.37356555209
2018-11-04 09:00:00+00:00,2006.5156018836026
2018-11-04 10:00:00+00:00,1996.9872333744604
2018-11-04 11:00:00+00:00,2022.6178060308362
2018-11-04 12:00:00+00:00,2065.3662035088687
2018-11-04 13:00:00+00:00,2082.8625778546298
2018-11-04 14:00:00+00:00,2125.620208247885
2018-11-04 15:00:00+00:00,2173.2620507935976
2018-11-04 16:00:00+00:00,2238.4279664307373
2018-11-04 17:00:00+00:00,2370.763340308199
2018-11-04 18:00:00+00:00,2549.207892804515
2018-11-04 19:00:00+00:00,2529.20016551836
2018-11-04 20:00:00+00:00,2437.5357831939727
2018-11-04 21:00:00+00:00,2223.2859854665962
2018-11-04 22:00:00+00:00,1981.6051966145462
2018-11-04 23:00:00+00:00,1786.1997788553474
2018-11-05 00:00:00+00:00,1762.255752046197
2018-11-05 01:00:00+00:00,1657.1990758315742
2018-11-05 02:00:00+00:00,1578.0342737019764
2018-11-05 03:00:00+00:00,1550.9510557173335
2018-11-05 04:00:00+00:00,1551.8247079103865
2018-11-05 05:00:00+00:00,1648.2242851211204
2018-11-05 06:00:00+00:00,1881.231296154687
2018-11-05 07:00:00+00:00,2111.855619389018
2018-11-05 08:00:00+00:00,2213.4673261605794
2018-11-05 09:00:00+00:00,2224.1397819279887
2018-11-05 10:00:00+00:00,2219.017003159632
2018-11-05 11:00:00+00:00,2252.5930453971914
2018-11-05 12:00:00+00:00,2296.83161553633
2018-11-05 13:00:00+00:00,2301.8253320488943
2018-11-05 14:00:00+00:00,2313.788410374222
2018-11-05 15:00:00+00:00,2339.4023042160034
2018-11-05 16:00:00+00:00,2409.532748440167
2018-11-05 17:00:00+00:00,2563.0572656375707
2018-11-05 18:00:00+00:00,2770.8673531942222
2018-11-05 19:00:00+00:00,2749.0558319653874
2018-11-05 20:00:00+00:00,2643.6417525808793
2018-11-05 21:00:00+00:00,2398.3142600520996
2018-11-05 22:00:00+00:00,2121.7040622925247
2018-11-05 23:00:00+00:00,1900.3920772068723
2018-11-06 00:00:00+00:00,1732.7104233356774
2018-11-06 01:00:00+00:00,1622.65010274266
2018-11-06 02:00:00+00:00,1540.3580228765659
2018-11-06 03:00:00+00:00,1510.7431991052354
2018-11-06 04:00:00+00:00,1523.9770442568224
2018-11-06 05:00:00+00:00,1633.9281583257077
2018-11-06 06:00:00+00:00,1874.9767406816939
2018-11-06 07:00:00+00:00,2114.2383071882537
2018-11-06 08:00:00+00:00,2218.530537733955
2018-11-06 09:00:00+00:00,2229.2625606963447
2018-11-06 10:00:00+00:00,2221.57839254381
2018-11-06 11:00:00+00:00,2255.1842183788604
2018-11-06 12:00:00+00:00,2296.83161553633
2018-11-06 13:00:00+00:00,2299.2341590672254
2018-11-06 14:00:00+00:00,2308.6656316058657
2018-11-06 15:00:00+00:00,2339.4023042160034
2018-11-06 16:00:00+00:00,2414.7746615984843
2018-11-06 17:00:00+00:00,2565.8271402041814
2018-11-06 18:00:00+00:00,2767.8889934451777
2018-11-06 19:00:00+00:00,2746.1072558138335
2018-11-06 20:00:00+00:00,2640.812310819287
2018-11-06 21:00:00+00:00,2393.1914812837435
2018-11-06 22:00:00+00:00,2117.176955473977
2018-11-06 23:00:00+00:00,1898.3667925775221
2018-11-07 00:00:00+00:00,1734.5570063800849
2018-11-07 01:00:00+00:00,1631.2873460148887
2018-11-07 02:00:00+00:00,1558.3770993582839
2018-11-07 03:00:00+00:00,1536.4762273369781
2018-11-07 04:00:00+00:00,1543.6342186005147
2018-11-07 05:00:00+00:00,1630.3541266268548
2018-11-07 06:00:00+00:00,1845.7888151410598
2018-11-07 07:00:00+00:00,2064.2018634043093
2018-11-07 08:00:00+00:00,2162.835210426827
2018-11-07 09:00:00+00:00,2170.350604860248
2018-11-07 10:00:00+00:00,2170.350604860248
2018-11-07 11:00:00+00:00,2203.3607587454894
2018-11-07 12:00:00+00:00,2247.0334405323088
2018-11-07 13:00:00+00:00,2252.5930453971914
2018-11-07 14:00:00+00:00,2277.9289589957284
2018-11-07 15:00:00+00:00,2324.0339679109347
2018-11-07 16:00:00+00:00,2404.2908352818486
2018-11-07 17:00:00+00:00,2563.0572656375707
2018-11-07 18:00:00+00:00,2773.8457129432663
2018-11-07 19:00:00+00:00,2763.798712723157
2018-11-07 20:00:00+00:00,2666.2772866736163
2018-11-07 21:00:00+00:00,2423.9281538938803
2018-11-07 22:00:00+00:00,2151.1302566130826
2018-11-07 23:00:00+00:00,1930.7713466471246
2018-11-08 00:00:00+00:00,1764.1023350906046
2018-11-08 01:00:00+00:00,1653.744178522683
2018-11-08 02:00:00+00:00,1571.481882254079
2018-11-08 03:00:00+00:00,1542.9094843949142
2018-11-08 04:00:00+00:00,1543.6342186005147
2018-11-08 05:00:00+00:00,1628.567110777428
2018-11-08 06:00:00+00:00,1833.279704195073
2018-11-08 07:00:00+00:00,2033.2269220142482
2018-11-08 08:00:00+00:00,2127.392729413199
2018-11-08 09:00:00+00:00,2134.4911534817547
2018-11-08 10:00:00+00:00,2151.692324816709
2018-11-08 11:00:00+00:00,2170.9116080272092
2018-11-08 12:00:00+00:00,2194.614308949129
2018-11-08 13:00:00+00:00,2203.3607587454894
2018-11-08 14:00:00+00:00,2229.2625606963447
2018-11-08 15:00:00+00:00,2272.8061802273724
2018-11-08 16:00:00+00:00,2354.492660277828
2018-11-08 17:00:00+00:00,2510.4296488719583
2018-11-08 18:00:00+00:00,2720.235237460469
2018-11-08 19:00:00+00:00,2710.7243419951874
2018-11-08 20:00:00+00:00,2621.0062184881426
2018-11-08 21:00:00+00:00,2388.0687025153875
2018-11-08 22:00:00+00:00,2119.4405088832505
2018-11-08 23:00:00+00:00,1902.4173618362222
2018-11-09 00:00:00+00:00,1741.943338557715
2018-11-09 01:00:00+00:00,1633.0147946693344
2018-11-09 02:00:00+00:00,1551.8247079103865
2018-11-09 03:00:00+00:00,1525.2180274855905
2018-11-09 04:00:00+00:00,1538.7199250145916
2018-11-09 05:00:00+00:00,1637.5021900245608
2018-11-09 06:00:00+00:00,1854.1282224383835
2018-11-09 07:00:00+00:00,2073.732614601251
2018-11-09 08:00:00+00:00,2175.493239360265
2018-11-09 09:00:00+00:00,2185.7189411653167
2018-11-09 10:00:00+00:00,2178.0347730127824
2018-11-09 11:00:00+00:00,2205.951931727158
2018-11-09 12:00:00+00:00,2244.4124839531505
2018-11-09 13:00:00+00:00,2252.5930453971914
2018-11-09 14:00:00+00:00,2265.122012074838
2018-11-09 15:00:00+00:00,2288.174516532441
2018-11-09 16:00:00+00:00,2351.8717036986686
2018-11-09 17:00:00+00:00,2502.1200251721243
2018-11-09 18:00:00+00:00,2705.3434387152474
2018-11-09 19:00:00+00:00,2695.981461237418
2018-11-09 20:00:00+00:00,2601.2001261569976
2018-11-09 21:00:00+00:00,2365.0161980577845
2018-11-09 22:00:00+00:00,2101.3320816090613
2018-11-09 23:00:00+00:00,1890.2656540601217
2018-11-10 00:00:00+00:00,1609.7033714708812
2018-11-10 01:00:00+00:00,1513.8841772965775
2018-11-10 02:00:00+00:00,1441.6735473450233
2018-11-10 03:00:00+00:00,1419.9484978275696
2018-11-10 04:00:00+00:00,1432.5329612752066
2018-11-10 05:00:00+00:00,1524.5389614628089
2018-11-10 06:00:00+00:00,1728.217071260953
2018-11-10 07:00:00+00:00,1937.4349301923194
2018-11-10 08:00:00+00:00,2037.3350728947632
2018-11-10 09:00:00+00:00,2051.77535230203
2018-11-10 10:00:00+00:00,2049.3932601747442
2018-11-10 11:00:00+00:00,2080.452786981678
2018-11-10 12:00:00+00:00,2121.4284647370796
2018-11-10 13:00:00+00:00,2131.0583953136647
2018-11-10 14:00:00+00:00,2158.969498029884
2018-11-10 15:00:00+00:00,2197.0829720664537
2018-11-10 16:00:00+00:00,2267.6778418541517
2018-11-10 17:00:00+00:00,2414.555057206322
2018-11-10 18:00:00+00:00,2610.145133269961
2018-11-10 19:00:00+00:00,2595.0123852210418
2018-11-10 20:00:00+00:00,2500.6889233127085
2018-11-10 21:00:00+00:00,2266.1636437577376
2018-11-10 22:00:00+00:00,2004.761347991416
2018-11-10 23:00:00+00:00,1795.6173523818256
2018-11-11 00:00:00+00:00,1638.8978494029632
2018-11-11 01:00:00+00:00,1533.1625042801916
2018-11-11 02:00:00+00:00,1456.907857461385
2018-11-11 03:00:00+00:00,1431.9143559553302
2018-11-11 04:00:00+00:00,1444.7204093682956
2018-11-11 05:00:00+00:00,1536.1724346425758
2018-11-11 06:00:00+00:00,1735.9727200474642
2018-11-11 07:00:00+00:00,1928.5713315791636
2018-11-11 08:00:00+00:00,2020.8543192234267
2018-11-11 09:00:00+00:00,2025.5723389018876
2018-11-11 10:00:00+00:00,2018.4260625200307
2018-11-11 11:00:00+00:00,2044.3059238874016
2018-11-11 12:00:00+00:00,2084.8661204578116
2018-11-11 13:00:00+00:00,2102.140904838244
2018-11-11 14:00:00+00:00,2137.530668884313
2018-11-11 15:00:00+00:00,2180.4083271754544
2018-11-11 16:00:00+00:00,2253.0529041424443
2018-11-11 17:00:00+00:00,2399.099157124631
2018-11-11 18:00:00+00:00,2593.5258858702937
2018-11-11 19:00:00+00:00,2581.3015061163164
2018-11-11 20:00:00+00:00,2490.163399959585
2018-11-11 21:00:00+00:00,2266.1636437577376
2018-11-11 22:00:00+00:00,2011.0766620032894
2018-11-11 23:00:00+00:00,1806.9184406135992
2018-11-12 00:00:00+00:00,1777.028416401457
2018-11-12 01:00:00+00:00,1667.563767758248
2018-11-12 02:00:00+00:00,1586.2247630118484
2018-11-12 03:00:00+00:00,1557.3843127752693
2018-11-12 04:00:00+00:00,1558.3770993582839
2018-11-12 05:00:00+00:00,1646.4372692716938
2018-11-12 06:00:00+00:00,1854.1282224383835
2018-11-12 07:00:00+00:00,2061.8191756050737
2018-11-12 08:00:00+00:00,2160.303604640139
2018-11-12 09:00:00+00:00,2167.7892154760702
2018-11-12 10:00:00+00:00,2157.5436579393577
2018-11-12 11:00:00+00:00,2185.2225478738096
2018-11-12 12:00:00+00:00,2228.686744478196
2018-11-12 13:00:00+00:00,2252.5930453971914
2018-11-12 14:00:00+00:00,2298.4200740691535
2018-11-12 15:00:00+00:00,2349.6478617527155
2018-11-12 16:00:00+00:00,2430.5004010734388
2018-11-12 17:00:00+00:00,2587.9861367370713
2018-11-12 18:00:00+00:00,2803.6293104337096
2018-11-12 19:00:00+00:00,2793.2844742386956
2018-11-12 20:00:00+00:00,2697.401146051129
2018-11-12 21:00:00+00:00,2454.6648265040176
2018-11-12 22:00:00+00:00,2180.55645093364
2018-11-12 23:00:00+00:00,1959.1253314580258
2018-11-13 00:00:00+00:00,1793.647663801124
2018-11-13 01:00:00+00:00,1683.1108056482597
2018-11-13 02:00:00+00:00,1600.9676437696178
2018-11-13 03:00:00+00:00,1570.2508268911406
2018-11-13 04:00:00+00:00,1573.1199801160533
2018-11-13 05:00:00+00:00,1662.520411916533
2018-11-13 06:00:00+00:00,1872.8918888573633
2018-11-13 07:00:00+00:00,2073.732614601251
2018-11-13 08:00:00+00:00,2162.835210426827
2018-11-13 09:00:00+00:00,2162.666436707714
2018-11-13 10:00:00+00:00,2149.8594897868234
2018-11-13 11:00:00+00:00,2169.6755099837983
2018-11-13 12:00:00+00:00,2207.7190918449237
2018-11-13 13:00:00+00:00,2221.498969617169
2018-11-13 14:00:00+00:00,2252.3150651539477
2018-11-13 15:00:00+00:00,2300.9814634533313
2018-11-13 16:00:00+00:00,2399.0489221235302
2018-11-13 17:00:00+00:00,2571.3668893374047
2018-11-13 18:00:00+00:00,2788.7375116884878
2018-11-13 19:00:00+00:00,2781.4901696324805
2018-11-13 20:00:00+00:00,2688.912820766353
2018-11-13 21:00:00+00:00,2449.5420477356615
2018-11-13 22:00:00+00:00,2178.2928975243663
2018-11-13 23:00:00+00:00,1957.1000468286757
2018-11-14 00:00:00+00:00,1791.8010807567164
2018-11-14 01:00:00+00:00,1683.1108056482597
2018-11-14 02:00:00+00:00,1600.9676437696178
2018-11-14 03:00:00+00:00,1571.859141155625
2018-11-14 04:00:00+00:00,1576.3961758400021
2018-11-14 05:00:00+00:00,1671.455491163666
2018-11-14 06:00:00+00:00,1902.0798143979969
2018-11-14 07:00:00+00:00,2128.5344339836665
2018-11-14 08:00:00+00:00,2228.656960880706
2018-11-14 09:00:00+00:00,2234.385339464701
2018-11-14 10:00:00+00:00,2231.8239500805225
2018-11-14 11:00:00+00:00,2265.5489103055347
2018-11-14 12:00:00+00:00,2312.5573550112836
2018-11-14 13:00:00+00:00,2319.963542920574
2018-11-14 14:00:00+00:00,2334.279525447647
2018-11-14 15:00:00+00:00,2365.0161980577845
2018-11-14 16:00:00+00:00,2438.3632708109158
2018-11-14 17:00:00+00:00,2596.2957604369053
2018-11-14 18:00:00+00:00,2806.6076701827537
2018-11-14 19:00:00+00:00,2790.3358980871417
2018-11-14 20:00:00+00:00,2686.0833790047604
2018-11-14 21:00:00+00:00,2434.1737114305934
2018-11-14 22:00:00+00:00,2153.393810022356
2018-11-14 23:00:00+00:00,1928.7460620177742
2018-11-15 00:00:00+00:00,1760.4091690017897
2018-11-15 01:00:00+00:00,1646.8343839048998
2018-11-15 02:00:00+00:00,1563.2913929442072
2018-11-15 03:00:00+00:00,1531.6512845435266
2018-11-15 04:00:00+00:00,1550.1866100484121
2018-11-15 05:00:00+00:00,1669.6684753142395
2018-11-15 06:00:00+00:00,1920.8434808169761
2018-11-15 07:00:00+00:00,2166.657438771433
2018-11-15 08:00:00+00:00,2276.757470827771
2018-11-15 09:00:00+00:00,2283.0517377640854
2018-11-15 10:00:00+00:00,2272.8061802273724
2018-11-15 11:00:00+00:00,2299.2341590672254
2018-11-15 12:00:00+00:00,2341.387877382033
2018-11-15 13:00:00+00:00,2348.4664457189283
2018-11-15 14:00:00+00:00,2365.0161980577845
2018-11-15 15:00:00+00:00,2395.7528706679213
2018-11-15 16:00:00+00:00,2472.4357063399825
2018-11-15 17:00:00+00:00,2629.5342552362395
2018-11-15 18:00:00+00:00,2845.32634692033
2018-11-15 19:00:00+00:00,2834.5645403604494
2018-11-15 20:00:00+00:00,2731.354447190234
2018-11-15 21:00:00+00:00,2482.840109729977
2018-11-15 22:00:00+00:00,2200.928431617103
2018-11-15 23:00:00+00:00,1977.3528931221772
2018-11-16 00:00:00+00:00,1806.5737451119762
2018-11-16 01:00:00+00:00,1693.4754975749338
2018-11-16 02:00:00+00:00,1607.5200352175152
2018-11-16 03:00:00+00:00,1578.2923982135603
2018-11-16 04:00:00+00:00,1584.586665149874
2018-11-16 05:00:00+00:00,1682.1775862602253
2018-11-16 06:00:00+00:00,1906.249518046659
2018-11-16 07:00:00+00:00,2133.299809582137
2018-11-16 08:00:00+00:00,2233.7201724540805
2018-11-16 09:00:00+00:00,2242.069507617235
2018-11-16 10:00:00+00:00,2234.385339464701
2018-11-16 11:00:00+00:00,2265.5489103055347
2018-11-16 12:00:00+00:00,2309.936398432125
2018-11-16 13:00:00+00:00,2330.328234847248
2018-11-16 14:00:00+00:00,2370.1389768261406
2018-11-16 15:00:00+00:00,2413.6825963571687
2018-11-16 16:00:00+00:00,2490.7824023940952
2018-11-16 17:00:00+00:00,2646.1535026359074
2018-11-16 18:00:00+00:00,2857.239785916507
2018-11-16 19:00:00+00:00,2846.358844966665
2018-11-16 20:00:00+00:00,2745.5016559981946
2018-11-16 21:00:00+00:00,2495.647056650868
2018-11-16 22:00:00+00:00,2212.2461986634717
2018-11-16 23:00:00+00:00,1985.4540316395778
2018-11-17 00:00:00+00:00,1690.417516341932
2018-11-17 01:00:00+00:00,1584.5713762364956
2018-11-17 02:00:00+00:00,1507.1810808453786
2018-11-17 03:00:00+00:00,1479.777788466372
2018-11-17 04:00:00+00:00,1479.7593226359277
2018-11-17 05:00:00+00:00,1562.7632304820434
2018-11-17 06:00:00+00:00,1761.1785786036262
2018-11-17 07:00:00+00:00,1946.2985288054751
2018-11-17 08:00:00+00:00,2025.5631059866657
2018-11-17 09:00:00+00:00,2025.5723389018876
2018-11-17 10:00:00+00:00,2013.6618782654596
2018-11-17 11:00:00+00:00,2034.6667603955948
2018-11-17 12:00:00+00:00,2070.2411827461046
2018-11-17 13:00:00+00:00,2094.9115322193884
2018-11-17 14:00:00+00:00,2135.1485767570275
2018-11-17 15:00:00+00:00,2173.2620507935976
2018-11-17 16:00:00+00:00,2255.490393761062
2018-11-17 17:00:00+00:00,2414.555057206322
2018-11-17 18:00:00+00:00,2612.9150078365724
2018-11-17 19:00:00+00:00,2592.270209400097
2018-11-17 20:00:00+00:00,2492.794780797866
2018-11-17 21:00:00+00:00,2263.781551630452
2018-11-17 22:00:00+00:00,2008.971557332665
2018-11-17 23:00:00+00:00,1805.0349259083034
2018-11-18 00:00:00+00:00,1649.201782790757
2018-11-18 01:00:00+00:00,1550.8343040151706
2018-11-18 02:00:00+00:00,1479.7593226359277
2018-11-18 03:00:00+00:00,1455.8460722108507
2018-11-18 04:00:00+00:00,1463.0015815079298
2018-11-18 05:00:00+00:00,1551.1297573022764
2018-11-18 06:00:00+00:00,1749.545105423859
2018-11-18 07:00:00+00:00,1928.5713315791636
2018-11-18 08:00:00+00:00,1994.9559920256117
2018-11-18 09:00:00+00:00,1989.8409569926032
2018-11-18 10:00:00+00:00,2001.0738620795394
2018-11-18 11:00:00+00:00,2024.3421628013944
2018-11-18 12:00:00+00:00,2038.5538177040723
2018-11-18 13:00:00+00:00,2075.6332052357743
2018-11-18 14:00:00+00:00,2125.620208247885
2018-11-18 15:00:00+00:00,2168.4978665390263
2018-11-18 16:00:00+00:00,2231.1154975748836
2018-11-18 17:00:00+00:00,2363.0353902673537
2018-11-18 18:00:00+00:00,2546.438018237903
2018-11-18 19:00:00+00:00,2534.68451716025
2018-11-18 20:00:00+00:00,2440.1671640322534
2018-11-18 21:00:00+00:00,2213.757616957453
2018-11-18 22:00:00+00:00,1956.3439405670517
2018-11-18 23:00:00+00:00,1752.2965141600264
2018-11-19 00:00:00+00:00,1721.6309250692327
2018-11-19 01:00:00+00:00,1614.0128594704315
2018-11-19 02:00:00+00:00,1537.081827152617
2018-11-19 03:00:00+00:00,1515.5681418986871
2018-11-19 04:00:00+00:00,1530.5294357047196
2018-11-19 05:00:00+00:00,1628.567110777428
2018-11-19 06:00:00+00:00,1839.5342596680666
2018-11-19 07:00:00+00:00,2037.9922976127195
2018-11-19 08:00:00+00:00,2127.392729413199
2018-11-19 09:00:00+00:00,2134.4911534817547
2018-11-19 10:00:00+00:00,2151.692324816709
2018-11-19 11:00:00+00:00,2159.310818057124
2018-11-19 12:00:00+00:00,2207.7190918449237
2018-11-19 13:00:00+00:00,2237.0460075071805
2018-11-19 14:00:00+00:00,2283.0517377640854
2018-11-19 15:00:00+00:00,2326.5953572951125
2018-11-19 16:00:00+00:00,2404.2908352818486
2018-11-19 17:00:00+00:00,2568.597014770793
2018-11-19 18:00:00+00:00,2791.7158714375323
2018-11-19 19:00:00+00:00,2787.3873219355883
2018-11-19 20:00:00+00:00,2686.0833790047604
2018-11-19 21:00:00+00:00,2434.1737114305934
2018-11-19 22:00:00+00:00,2146.603149794535
2018-11-19 23:00:00+00:00,1924.695492759074
2018-11-20 00:00:00+00:00,1764.1023350906046
2018-11-20 01:00:00+00:00,1657.1990758315742
2018-11-20 02:00:00+00:00,1574.7580779780276
2018-11-20 03:00:00+00:00,1547.7344271883655
2018-11-20 04:00:00+00:00,1555.1009036343353
2018-11-20 05:00:00+00:00,1650.0113009705472
2018-11-20 06:00:00+00:00,1856.2130742627146
2018-11-20 07:00:00+00:00,2049.9057366088964
2018-11-20 08:00:00+00:00,2137.5191525599503
2018-11-20 09:00:00+00:00,2139.613932250111
2018-11-20 10:00:00+00:00,2140.2248772600733
2018-11-20 11:00:00+00:00,2159.310818057124
2018-11-20 12:00:00+00:00,2202.477178686606
2018-11-20 13:00:00+00:00,2216.316623653832
2018-11-20 14:00:00+00:00,2234.385339464701
2018-11-20 15:00:00+00:00,2270.2447908431946
2018-11-20 16:00:00+00:00,2362.3555300153043
2018-11-20 17:00:00+00:00,2535.358519971459
2018-11-20 18:00:00+00:00,2755.975554449001
2018-11-20 19:00:00+00:00,2749.0558319653874
2018-11-20 20:00:00+00:00,2652.1300778656555
2018-11-20 21:00:00+00:00,2408.559817588812
2018-11-20 22:00:00+00:00,2135.2853827481667
2018-11-20 23:00:00+00:00,1922.6702081297233
2018-11-21 00:00:00+00:00,1760.4091690017897
2018-11-21 01:00:00+00:00,1648.5618325593455
2018-11-21 02:00:00+00:00,1561.653295082233
2018-11-21 03:00:00+00:00,1530.0429702790423
2018-11-21 04:00:00+00:00,1546.9104143244633
2018-11-21 05:00:00+00:00,1660.7333960671065
2018-11-21 06:00:00+00:00,1895.8252589250042
2018-11-21 07:00:00+00:00,2102.3248681920763
2018-11-21 08:00:00+00:00,2170.4300277868892
2018-11-21 09:00:00+00:00,2157.5436579393577
2018-11-21 10:00:00+00:00,2144.736711018467
2018-11-21 11:00:00+00:00,2174.8578559471357
2018-11-21 12:00:00+00:00,2223.444831319878
2018-11-21 13:00:00+00:00,2247.4106994338545
2018-11-21 14:00:00+00:00,2272.8061802273724
2018-11-21 15:00:00+00:00,2303.5428528375096
2018-11-21 16:00:00+00:00,2372.8393563319405
2018-11-21 17:00:00+00:00,2518.739272571791
2018-11-21 18:00:00+00:00,2720.235237460469
2018-11-21 19:00:00+00:00,2701.8786135405253
2018-11-21 20:00:00+00:00,2604.02956791859
2018-11-21 21:00:00+00:00,2370.1389768261406
2018-11-21 22:00:00+00:00,2105.859188427609
2018-11-21 23:00:00+00:00,1890.2656540601217
2018-11-22 00:00:00+00:00,1725.3240911580474
2018-11-22 01:00:00+00:00,1615.7403081248774
2018-11-22 02:00:00+00:00,1533.8056314286682
2018-11-22 03:00:00+00:00,1504.3099420472997
2018-11-22 04:00:00+00:00,1514.1484570849761
2018-11-22 05:00:00+00:00,1616.0579998314417
2018-11-22 06:00:00+00:00,1837.4494078437356
2018-11-22 07:00:00+00:00,2054.671112207367
2018-11-22 08:00:00+00:00,2155.2403930667633
2018-11-22 09:00:00+00:00,2162.666436707714
2018-11-22 10:00:00+00:00,2165.2278260918915
2018-11-22 11:00:00+00:00,2208.5431047088264
2018-11-22 12:00:00+00:00,2262.7591800072632
2018-11-22 13:00:00+00:00,2286.2782941588825
2018-11-22 14:00:00+00:00,2316.3497997584
2018-11-22 15:00:00+00:00,2359.893419289428
2018-11-22 16:00:00+00:00,2438.3632708109158
2018-11-22 17:00:00+00:00,2590.7560113036825
2018-11-22 18:00:00+00:00,2794.694231186576
2018-11-22 19:00:00+00:00,2766.7472888747106
2018-11-22 20:00:00+00:00,2654.9595196272476
2018-11-22 21:00:00+00:00,2403.4370388204557
2018-11-22 22:00:00+00:00,2126.2311691110717
2018-11-22 23:00:00+00:00,1908.4932157242727
2018-11-23 00:00:00+00:00,1747.4830876909373
2018-11-23 01:00:00+00:00,1641.6520379415629
2018-11-23 02:00:00+00:00,1563.2913929442072
2018-11-23 03:00:00+00:00,1538.084541601462
2018-11-23 04:00:00+00:00,1553.462805772361
2018-11-23 05:00:00+00:00,1657.1593643682534
2018-11-23 06:00:00+00:00,1874.9767406816939
2018-11-23 07:00:00+00:00,2092.7941169951346
2018-11-23 08:00:00+00:00,2208.4041145872043
2018-11-23 09:00:00+00:00,2234.385339464701
2018-11-23 10:00:00+00:00,2249.7536757697694
2018-11-23 11:00:00+00:00,2299.2341590672254
2018-11-23 12:00:00+00:00,2349.2507471195104
2018-11-23 13:00:00+00:00,2351.0576187005963
2018-11-23 14:00:00+00:00,2357.3320299052502
2018-11-23 15:00:00+00:00,2382.945923747031
2018-11-23 16:00:00+00:00,2464.5728366025055
2018-11-23 17:00:00+00:00,2629.5342552362395
2018-11-23 18:00:00+00:00,2851.2830664184185
2018-11-23 19:00:00+00:00,2843.4102688151115
2018-11-23 20:00:00+00:00,2742.672214236603
2018-11-23 21:00:00+00:00,2490.524277882512
2018-11-23 22:00:00+00:00,2203.1919850263766
2018-11-23 23:00:00+00:00,1973.302323863477
2018-11-24 00:00:00+00:00,1671.5269717976432
2018-11-24 01:00:00+00:00,1562.0799947556122
2018-11-24 02:00:00+00:00,1478.2358916242913
2018-11-24 03:00:00+00:00,1449.8631431469705
2018-11-24 04:00:00+00:00,1467.571874542838
2018-11-24 05:00:00+00:00,1581.0444026216771
2018-11-24 06:00:00+00:00,1815.4681201092055
2018-11-24 07:00:00+00:00,2048.2299128567674
2018-11-24 08:00:00+00:00,2162.1179221205985
2018-11-24 09:00:00+00:00,2173.2620507935976
2018-11-24 10:00:00+00:00,2168.4978665390263
2018-11-24 11:00:00+00:00,2196.1227488833615
2018-11-24 12:00:00+00:00,2235.990476812119
2018-11-24 13:00:00+00:00,2229.8598211046865
2018-11-24 14:00:00+00:00,2228.050169721167
2018-11-24 15:00:00+00:00,2242.3427224848806
2018-11-24 16:00:00+00:00,2301.802696514802
2018-11-24 17:00:00+00:00,2435.1629239819094
2018-11-24 18:00:00+00:00,2623.9945061030176
2018-11-24 19:00:00+00:00,2603.238912683877
2018-11-24 20:00:00+00:00,2503.3203041509882
2018-11-24 21:00:00+00:00,2270.927828012309
2018-11-24 22:00:00+00:00,2008.971557332665
2018-11-24 23:00:00+00:00,1801.2678964977124
2018-11-25 00:00:00+00:00,1645.7671383281588
2018-11-25 01:00:00+00:00,1542.8016677719986
2018-11-25 02:00:00+00:00,1461.4781504962937
2018-11-25 03:00:00+00:00,1434.90582048727
2018-11-25 04:00:00+00:00,1455.384426449749
2018-11-25 05:00:00+00:00,1571.072854181877
2018-11-25 06:00:00+00:00,1801.8957347328108
2018-11-25 07:00:00+00:00,2019.4232173640112
2018-11-25 08:00:00+00:00,2112.675661106588
2018-11-25 09:00:00+00:00,2118.4739318660277
2018-11-25 10:00:00+00:00,2108.945563356885
2018-11-25 11:00:00+00:00,2135.8779770595684
2018-11-25 12:00:00+00:00,2179.9282155839082
2018-11-25 13:00:00+00:00,2193.7129580104106
2018-11-25 14:00:00+00:00,2208.9934327028823
2018-11-25 15:00:00+00:00,2232.8143539757384
2018-11-25 16:00:00+00:00,2299.3652068961837
2018-11-25 17:00:00+00:00,2440.3148906758065
2018-11-25 18:00:00+00:00,2635.074004369462
2018-11-25 19:00:00+00:00,2611.4654401467124
2018-11-25 20:00:00+00:00,2511.2144466658306
2018-11-25 21:00:00+00:00,2278.0741043941653
2018-11-25 22:00:00+00:00,2019.4970806857873
2018-11-25 23:00:00+00:00,1810.6854700241906
2018-11-26 00:00:00+00:00,1784.4147485790863
2018-11-26 01:00:00+00:00,1681.3833569938135
2018-11-26 02:00:00+00:00,1610.7962309414638
2018-11-26 03:00:00+00:00,1591.1589123294318
2018-11-26 04:00:00+00:00,1600.9676437696178
2018-11-26 05:00:00+00:00,1692.8996813567853
2018-11-26 06:00:00+00:00,1912.5040735196521
2018-11-26 07:00:00+00:00,2128.5344339836665
2018-11-26 08:00:00+00:00,2223.59374930733
2018-11-26 09:00:00+00:00,2226.7011713121665
2018-11-26 10:00:00+00:00,2221.57839254381
2018-11-26 11:00:00+00:00,2252.5930453971914
2018-11-26 12:00:00+00:00,2294.210658957171
2018-11-26 13:00:00+00:00,2307.0076780122313
2018-11-26 14:00:00+00:00,2321.472578526757
2018-11-26 15:00:00+00:00,2347.0864723685377
2018-11-26 16:00:00+00:00,2422.6375313359613
2018-11-26 17:00:00+00:00,2579.676513037238
2018-11-26 18:00:00+00:00,2791.7158714375323
2018-11-26 19:00:00+00:00,2781.4901696324805
2018-11-26 20:00:00+00:00,2688.912820766353
2018-11-26 21:00:00+00:00,2439.2964901989494
2018-11-26 22:00:00+00:00,2157.920916840904
2018-11-26 23:00:00+00:00,1934.8219159058247
2018-11-27 00:00:00+00:00,1769.642084223827
2018-11-27 01:00:00+00:00,1660.653973140465
2018-11-27 02:00:00+00:00,1576.3961758400021
2018-11-27 03:00:00+00:00,1547.7344271883655
2018-11-27 04:00:00+00:00,1566.567588668156
2018-11-27 05:00:00+00:00,1687.5386338085054
2018-11-27 06:00:00+00:00,1943.7768508846173
2018-11-27 07:00:00+00:00,2190.484316763788
2018-11-27 08:00:00+00:00,2299.5419229079603
2018-11-27 09:00:00+00:00,2306.104242221688
2018-11-27 10:00:00+00:00,2293.2972953007975
2018-11-27 11:00:00+00:00,2314.781196957237
2018-11-27 12:00:00+00:00,2354.492660277828
2018-11-27 13:00:00+00:00,2361.4223106272707
2018-11-27 14:00:00+00:00,2370.1389768261406
2018-11-27 15:00:00+00:00,2390.6300918995657
2018-11-27 16:00:00+00:00,2456.7099668650285
2018-11-27 17:00:00+00:00,2607.3752587033496
2018-11-27 18:00:00+00:00,2815.542749429887
2018-11-27 19:00:00+00:00,2805.0787788449106
2018-11-27 20:00:00+00:00,2705.889471335905
2018-11-27 21:00:00+00:00,2464.91038404073
2018-11-27 22:00:00+00:00,2187.3471111614613
2018-11-27 23:00:00+00:00,1965.2011853460767
2018-11-28 00:00:00+00:00,1797.3408298899387
2018-11-28 01:00:00+00:00,1684.8382543027049
2018-11-28 02:00:00+00:00,1599.3295459076435
2018-11-28 03:00:00+00:00,1570.2508268911406
2018-11-28 04:00:00+00:00,1571.481882254079
2018-11-28 05:00:00+00:00,1660.7333960671065
2018-11-28 06:00:00+00:00,1872.8918888573633
2018-11-28 07:00:00+00:00,2061.8191756050737
2018-11-28 08:00:00+00:00,2122.3295178398234
2018-11-28 09:00:00+00:00,2191.828391264935
2018-11-28 10:00:00+00:00,2220.4970101565254
2018-11-28 11:00:00+00:00,2246.3167428327642
2018-11-28 12:00:00+00:00,2225.1999459748645
2018-11-28 13:00:00+00:00,2192.996066818815
2018-11-28 14:00:00+00:00,2219.017003159632
2018-11-28 15:00:00+00:00,2252.3150651539477
2018-11-28 16:00:00+00:00,2338.7669208028738
2018-11-28 17:00:00+00:00,2502.1200251721243
2018-11-28 18:00:00+00:00,2720.235237460469
2018-11-28 19:00:00+00:00,2710.7243419951874
2018-11-28 20:00:00+00:00,2612.5178932033664
2018-11-28 21:00:00+00:00,2365.0161980577845
2018-11-28 22:00:00+00:00,2087.7507611534193
2018-11-28 23:00:00+00:00,1867.9875231372703
2018-11-29 00:00:00+00:00,1701.3185115807503
2018-11-29 01:00:00+00:00,1593.283475617083
2018-11-29 02:00:00+00:00,1515.7865549469504
2018-11-29 03:00:00+00:00,1496.26837072488
2018-11-29 04:00:00+00:00,1520.7008485328738
2018-11-29 05:00:00+00:00,1626.7800949280015
2018-11-29 06:00:00+00:00,1849.9585187897214
2018-11-29 07:00:00+00:00,2061.8191756050737
2018-11-29 08:00:00+00:00,2150.177181493388
2018-11-29 09:00:00+00:00,2162.666436707714
2018-11-29 10:00:00+00:00,2160.105047323536
2018-11-29 11:00:00+00:00,2187.813720855478
2018-11-29 12:00:00+00:00,2223.444831319878
2018-11-29 13:00:00+00:00,2250.0018724155234
2018-11-29 14:00:00+00:00,2288.174516532441
2018-11-29 15:00:00+00:00,2324.0339679109347
2018-11-29 16:00:00+00:00,2399.0489221235302
2018-11-29 17:00:00+00:00,2557.5175165043484
2018-11-29 18:00:00+00:00,2770.8673531942222
2018-11-29 19:00:00+00:00,2763.798712723157
2018-11-29 20:00:00+00:00,2669.1067284352084
2018-11-29 21:00:00+00:00,2431.612322046415
2018-11-29 22:00:00+00:00,2157.920916840904
2018-11-29 23:00:00+00:00,1938.8724851645247
2018-11-30 00:00:00+00:00,1647.484460559458
2018-11-30 01:00:00+00:00,1542.8016677719986
2018-11-30 02:00:00+00:00,1464.525012519566
2018-11-30 03:00:00+00:00,1439.3930172851803
2018-11-30 04:00:00+00:00,1446.2438403799317
2018-11-30 05:00:00+00:00,1534.5105099026093
2018-11-30 06:00:00+00:00,1732.0948956542084
2018-11-30 07:00:00+00:00,1919.7077329660078
2018-11-30 08:00:00+00:00,2006.7279589337093
2018-11-30 09:00:00+00:00,2016.0439703927452
2018-11-30 10:00:00+00:00,2018.4260625200307
2018-11-30 11:00:00+00:00,2053.9450873792084
2018-11-30 12:00:00+00:00,2101.9285477881367
2018-11-30 13:00:00+00:00,2128.648604440713
2018-11-30 14:00:00+00:00,2166.1157744117404
2018-11-30 15:00:00+00:00,2201.847156321025
2018-11-30 16:00:00+00:00,2277.4278003286227
2018-11-30 17:00:00+00:00,2430.010957288013
2018-11-30 18:00:00+00:00,2632.304129802851
2018-11-30 19:00:00+00:00,2627.918495072383
2018-11-30 20:00:00+00:00,2545.422397563479
2018-11-30 21:00:00+00:00,2323.3338548125926
2018-11-30 22:00:00+00:00,2065.8093834395268
2018-11-30 23:00:00+00:00,1859.656852361877
2018-12-01 00:00:00+00:00,1704.1560941923235
2018-12-01 01:00:00+00:00,1600.6366487228404
2018-12-01 02:00:00+00:00,1522.4153909617403
2018-12-01 03:00:00+00:00,1497.7265756580123
2018-12-01 04:00:00+00:00,1501.0873567988338
2018-12-01 05:00:00+00:00,1586.0301768415775
2018-12-01 06:00:00+00:00,1801.8957347328108
2018-12-01 07:00:00+00:00,2023.855016670589
2018-12-01 08:00:00+00:00,2126.8020213963055
2018-12-01 09:00:00+00:00,2135.1485767570275
2018-12-01 10:00:00+00:00,2128.0023003751708
2018-12-01 11:00:00+00:00,2157.5660949161343
2018-12-01 12:00:00+00:00,2196.9906429142334
2018-12-01 13:00:00+00:00,2217.810866739928
2018-12-01 14:00:00+00:00,2251.8710909940237
2018-12-01 15:00:00+00:00,2282.8382886487366
2018-12-01 16:00:00+00:00,2348.114999268541
2018-12-01 17:00:00+00:00,2491.834557614775
2018-12-01 18:00:00+00:00,2696.0112448349087
2018-12-01 19:00:00+00:00,2688.2463631331752
2018-12-01 20:00:00+00:00,2595.418633490811
2018-12-01 21:00:00+00:00,2361.447328849163
2018-12-01 22:00:00+00:00,2097.3859534988947
2018-12-01 23:00:00+00:00,1882.259028825424
2018-12-02 00:00:00+00:00,1717.8946720427148
2018-12-02 01:00:00+00:00,1605.456230468744
2018-12-02 02:00:00+00:00,1519.3685289384678
2018-12-02 03:00:00+00:00,1490.2479143281619
2018-12-02 04:00:00+00:00,1505.6576498337422
2018-12-02 05:00:00+00:00,1607.635198461145
2018-12-02 06:00:00+00:00,1813.529207912578
2018-12-02 07:00:00+00:00,2008.3437190975665
2018-12-02 08:00:00+00:00,2098.549300816871
2018-12-02 09:00:00+00:00,2111.3276554841714
2018-12-02 10:00:00+00:00,2106.563471229599
2018-12-02 11:00:00+00:00,2128.648604440713
2018-12-02 12:00:00+00:00,2175.0532363466727
2018-12-02 13:00:00+00:00,2193.7129580104106
2018-12-02 14:00:00+00:00,2201.847156321025
2018-12-02 15:00:00+00:00,2223.2859854665962
2018-12-02 16:00:00+00:00,2299.3652068961837
2018-12-02 17:00:00+00:00,2445.4668573697027
2018-12-02 18:00:00+00:00,2640.613753502685
2018-12-02 19:00:00+00:00,2614.207615967658
2018-12-02 20:00:00+00:00,2498.0575424744275
2018-12-02 21:00:00+00:00,2256.635275248595
2018-12-02 22:00:00+00:00,1998.4460339795423
2018-12-02 23:00:00+00:00,1791.8503229712342
2018-12-03 00:00:00+00:00,1756.7160029129745
2018-12-03 01:00:00+00:00,1645.1069352504542
2018-12-03 02:00:00+00:00,1561.653295082233
2018-12-03 03:00:00+00:00,1533.2595988080104
2018-12-03 04:00:00+00:00,1555.1009036343353
2018-12-03 05:00:00+00:00,1671.455491163666
2018-12-03 06:00:00+00:00,1904.1646662223284
2018-12-03 07:00:00+00:00,2114.2383071882537
2018-12-03 08:00:00+00:00,2188.1512682937027
2018-12-03 09:00:00+00:00,2170.350604860248
2018-12-03 10:00:00+00:00,2142.175321634289
2018-12-03 11:00:00+00:00,2159.310818057124
2018-12-03 12:00:00+00:00,2205.098135265765
2018-12-03 13:00:00+00:00,2255.1842183788604
2018-12-03 14:00:00+00:00,2311.227020990044
2018-12-03 15:00:00+00:00,2344.5250829843594
2018-12-03 16:00:00+00:00,2420.0165747568026
2018-12-03 17:00:00+00:00,2582.446387603849
2018-12-03 18:00:00+00:00,2809.5860299317983
2018-12-03 19:00:00+00:00,2808.027354996465
2018-12-03 20:00:00+00:00,2720.036680143866
2018-12-03 21:00:00+00:00,2482.840109729977
2018-12-03 22:00:00+00:00,2209.9826452541975
2018-12-03 23:00:00+00:00,1989.504600898278
2018-12-04 00:00:00+00:00,1823.1929925116435
2018-12-04 01:00:00+00:00,1714.204881428282
2018-12-04 02:00:00+00:00,1627.1772095612075
2018-12-04 03:00:00+00:00,1587.9422838004639
2018-12-04 04:00:00+00:00,1592.7771544597458
2018-12-04 05:00:00+00:00,1703.6217764533446
2018-12-04 06:00:00+00:00,1952.1162581819412
2018-12-04 07:00:00+00:00,2188.1016289645527
2018-12-04 08:00:00+00:00,2286.883893974522
2018-12-04 09:00:00+00:00,2290.735905916619
2018-12-04 10:00:00+00:00,2280.4903483799067
2018-12-04 11:00:00+00:00,2309.5988509938998
2018-12-04 12:00:00+00:00,2354.492660277828
2018-12-04 13:00:00+00:00,2382.151694480619
2018-12-04 14:00:00+00:00,2421.3667645097025
2018-12-04 15:00:00+00:00,2457.2262158881963
2018-12-04 16:00:00+00:00,2530.09675108148
2018-12-04 17:00:00+00:00,2687.701621135075
2018-12-04 18:00:00+00:00,2901.915182152172
2018-12-04 19:00:00+00:00,2887.6389110884193
2018-12-04 20:00:00+00:00,2782.284398898892
2018-12-04 21:00:00+00:00,2528.9451186451834
2018-12-04 22:00:00+00:00,2243.935946393303
2018-12-04 23:00:00+00:00,2013.8080164504797
2018-12-05 00:00:00+00:00,1841.6588229557183
2018-12-05 01:00:00+00:00,1729.7519193182936
2018-12-05 02:00:00+00:00,1648.4724817668744
2018-12-05 03:00:00+00:00,1623.3251976191102
2018-12-05 04:00:00+00:00,1630.4534052851561
2018-12-05 05:00:00+00:00,1725.0659666464633
2018-12-05 06:00:00+00:00,1958.3708136549346
2018-12-05 07:00:00+00:00,2192.8670045630233
2018-12-05 08:00:00+00:00,2299.5419229079603
2018-12-05 09:00:00+00:00,2308.6656316058657
2018-12-05 10:00:00+00:00,2303.5428528375096
2018-12-05 11:00:00+00:00,2332.9194078289165
2018-12-05 12:00:00+00:00,2375.4603129111
2018-12-05 13:00:00+00:00,2389.925213425625
2018-12-05 14:00:00+00:00,2405.998428204634
2018-12-05 15:00:00+00:00,2423.9281538938803
2018-12-05 16:00:00+00:00,2490.7824023940952
2018-12-05 17:00:00+00:00,2640.613753502685
2018-12-05 18:00:00+00:00,2860.2181456655517
2018-12-05 19:00:00+00:00,2858.1531495728805
2018-12-05 20:00:00+00:00,2762.478306567747
2018-12-05 21:00:00+00:00,2511.0153929559365
2018-12-05 22:00:00+00:00,2216.773305482019
2018-12-05 23:00:00+00:00,1977.3528931221772
2018-12-06 00:00:00+00:00,1802.880579023161
2018-12-06 01:00:00+00:00,1686.565702957151
2018-12-06 02:00:00+00:00,1599.3295459076435
2018-12-06 03:00:00+00:00,1568.6425126266568
2018-12-06 04:00:00+00:00,1589.5009587357972
2018-12-06 05:00:00+00:00,1714.3438715499044
2018-12-06 06:00:00+00:00,1979.2193318982445
2018-12-06 07:00:00+00:00,2245.2861361462033
2018-12-06 08:00:00+00:00,2370.4268849352147
2018-12-06 09:00:00+00:00,2385.507313131209
2018-12-06 10:00:00+00:00,2372.7003662103184
2018-12-06 11:00:00+00:00,2397.6987323706303
2018-12-06 12:00:00+00:00,2438.3632708109158
2018-12-06 13:00:00+00:00,2439.1575000773273
2018-12-06 14:00:00+00:00,2441.8578795831277
2018-12-06 15:00:00+00:00,2457.2262158881963
2018-12-06 16:00:00+00:00,2527.4757945023207
2018-12-06 17:00:00+00:00,2679.3919974352416
2018-12-06 18:00:00+00:00,2887.0233834069504
2018-12-06 19:00:00+00:00,2861.101725724435
2018-12-06 20:00:00+00:00,2748.3310977597866
2018-12-06 21:00:00+00:00,2487.962888498333
2018-12-06 22:00:00+00:00,2200.928431617103
2018-12-06 23:00:00+00:00,1973.302323863477
2018-12-07 00:00:00+00:00,1802.880579023161
2018-12-07 01:00:00+00:00,1688.2931516115966
2018-12-07 02:00:00+00:00,1604.2438394935664
2018-12-07 03:00:00+00:00,1576.6840839490767
2018-12-07 04:00:00+00:00,1602.605741631592
2018-12-07 05:00:00+00:00,1732.21403004417
2018-12-07 06:00:00+00:00,1995.898146492893
2018-12-07 07:00:00+00:00,2257.1995751423806
2018-12-07 08:00:00+00:00,2378.0217022952775
2018-12-07 09:00:00+00:00,2395.7528706679213
2018-12-07 10:00:00+00:00,2390.6300918995657
2018-12-07 11:00:00+00:00,2423.610462187316
2018-12-07 12:00:00+00:00,2467.193793181664
2018-12-07 13:00:00+00:00,2470.25157585735
2018-12-07 14:00:00+00:00,2477.717330961621
2018-12-07 15:00:00+00:00,2500.769835419224
2018-12-07 16:00:00+00:00,2574.653012927183
2018-12-07 17:00:00+00:00,2740.329237900688
2018-12-07 18:00:00+00:00,2967.4390966311466
2018-12-07 19:00:00+00:00,2955.456162574158
2018-12-07 20:00:00+00:00,2853.020442938694
2018-12-07 21:00:00+00:00,2598.1026320179917
2018-12-07 22:00:00+00:00,2307.3154418529657
2018-12-07 23:00:00+00:00,2068.490701442933
2018-12-08 00:00:00+00:00,1757.3930833625905
2018-12-08 01:00:00+00:00,1645.6194116846063
2018-12-08 02:00:00+00:00,1560.501166252644
2018-12-08 03:00:00+00:00,1533.6241500412934
2018-12-08 04:00:00+00:00,1545.2668561362825
2018-12-08 05:00:00+00:00,1645.8594674803794
2018-12-08 06:00:00+00:00,1867.8187494181573
2018-12-08 07:00:00+00:00,2085.9002069626804
2018-12-08 08:00:00+00:00,2180.9530691735545
2018-12-08 09:00:00+00:00,2185.1725114300257
2018-12-08 10:00:00+00:00,2173.2620507935976
2018-12-08 11:00:00+00:00,2198.532539756314
2018-12-08 12:00:00+00:00,2238.4279664307373
2018-12-08 13:00:00+00:00,2263.596893326011
2018-12-08 14:00:00+00:00,2299.512933539736
2018-12-08 15:00:00+00:00,2330.4801311944498
2018-12-08 16:00:00+00:00,2404.177260496752
2018-12-08 17:00:00+00:00,2553.6581579415365
2018-12-08 18:00:00+00:00,2754.1786107337443
2018-12-08 19:00:00+00:00,2732.1211762682965
2018-12-08 20:00:00+00:00,2621.7324418736184
2018-12-08 21:00:00+00:00,2378.1219737401625
2018-12-08 22:00:00+00:00,2103.701267510768
2018-12-08 23:00:00+00:00,1889.7930876466064
2018-12-09 00:00:00+00:00,1733.3505721244055
2018-12-09 01:00:00+00:00,1629.5541391982615
2018-12-09 02:00:00+00:00,1549.837149171191
2018-12-09 03:00:00+00:00,1523.1540241795033
2018-12-09 04:00:00+00:00,1534.6028390548295
2018-12-09 05:00:00+00:00,1639.2117685205126
2018-12-09 06:00:00+00:00,1860.0631006316464
2018-12-09 07:00:00+00:00,2063.7412104297905
2018-12-09 08:00:00+00:00,2152.70034859412
2018-12-09 09:00:00+00:00,2163.7336822844554
2018-12-09 10:00:00+00:00,2161.351590157169
2018-12-09 11:00:00+00:00,2188.893376264507
2018-12-09 12:00:00+00:00,2223.80302871903
2018-12-09 13:00:00+00:00,2234.67940285059
2018-12-09 14:00:00+00:00,2242.3427224848806
2018-12-09 15:00:00+00:00,2261.3994595031663
2018-12-09 16:00:00+00:00,2331.052571938216
2018-12-09 17:00:00+00:00,2484.1066075739295
2018-12-09 18:00:00+00:00,2693.241370268298
2018-12-09 19:00:00+00:00,2690.9885389541205
2018-12-09 20:00:00+00:00,2613.8382993587757
2018-12-09 21:00:00+00:00,2385.2682501220193
2018-12-09 22:00:00+00:00,2116.331895534515
2018-12-09 23:00:00+00:00,1895.4436317624936
2018-12-10 00:00:00+00:00,1726.4812831992094
2018-12-10 01:00:00+00:00,1608.669284966013
2018-12-10 02:00:00+00:00,1523.9388219733762
2018-12-10 03:00:00+00:00,1496.230843392042
2018-12-10 04:00:00+00:00,1514.7982359035593
2018-12-10 05:00:00+00:00,1620.9305963808786
2018-12-10 06:00:00+00:00,1836.796154272112
2018-12-10 07:00:00+00:00,2034.9345149370342
2018-12-10 08:00:00+00:00,2119.738841251447
2018-12-10 09:00:00+00:00,2123.2381161205994
2018-12-10 10:00:00+00:00,2118.4739318660277
2018-12-10 11:00:00+00:00,2152.7465131702306
2018-12-10 12:00:00+00:00,2204.3031117700866
2018-12-10 13:00:00+00:00,2239.4989845964933
2018-12-10 14:00:00+00:00,2278.0741043941653
2018-12-10 15:00:00+00:00,2306.659209921593
2018-12-10 16:00:00+00:00,2370.0524058361016
2018-12-10 17:00:00+00:00,2520.170374431207
2018-12-10 18:00:00+00:00,2720.9401159344093
2018-12-10 19:00:00+00:00,2704.699418058846
2018-12-10 20:00:00+00:00,2605.944156843934
2018-12-10 21:00:00+00:00,2366.211513103734
2018-12-10 22:00:00+00:00,2097.3859534988947
2018-12-10 23:00:00+00:00,1882.259028825424
2018-12-11 00:00:00+00:00,1850.8917381777553
2018-12-11 01:00:00+00:00,1733.2068166271845
2018-12-11 02:00:00+00:00,1643.5581881809512
2018-12-11 03:00:00+00:00,1615.2836262966907
2018-12-11 04:00:00+00:00,1633.7296010091052
2018-12-11 05:00:00+00:00,1735.7880617430235
2018-12-11 06:00:00+00:00,1960.4556654792657
2018-12-11 07:00:00+00:00,2180.953565566846
2018-12-11 08:00:00+00:00,2281.8206824011463
2018-12-11 09:00:00+00:00,2288.174516532441
2018-12-11 10:00:00+00:00,2280.4903483799067
2018-12-11 11:00:00+00:00,2314.781196957237
2018-12-11 12:00:00+00:00,2367.597443173623
2018-12-11 13:00:00+00:00,2410.6545972789736
2018-12-11 14:00:00+00:00,2459.7876052723745
2018-12-11 15:00:00+00:00,2498.2084460350457
2018-12-11 16:00:00+00:00,2572.032056348024
2018-12-11 17:00:00+00:00,2734.7894887674656
2018-12-11 18:00:00+00:00,2961.482377133058
2018-12-11 19:00:00+00:00,2949.5590102710503
2018-12-11 20:00:00+00:00,2841.702675892326
2018-12-11 21:00:00+00:00,2580.1729063287453
2018-12-11 22:00:00+00:00,2286.943461169503
2018-12-11 23:00:00+00:00,2052.288424408132
2018-12-12 00:00:00+00:00,1876.74390079946
2018-12-12 01:00:00+00:00,1759.1185464438704
2018-12-12 02:00:00+00:00,1671.4058518345157
2018-12-12 03:00:00+00:00,1642.6249687929173
2018-12-12 04:00:00+00:00,1648.4724817668744
2018-12-12 05:00:00+00:00,1737.57507759245
2018-12-12 06:00:00+00:00,1962.5405173035965
2018-12-12 07:00:00+00:00,2192.8670045630233
2018-12-12 08:00:00+00:00,2294.4787113345847
2018-12-12 09:00:00+00:00,2300.9814634533313
2018-12-12 10:00:00+00:00,2295.8586846849757
2018-12-12 11:00:00+00:00,2332.9194078289165
2018-12-12 12:00:00+00:00,2385.944139227736
2018-12-12 13:00:00+00:00,2418.428116223979
2018-12-12 14:00:00+00:00,2462.3489946565523
2018-12-12 15:00:00+00:00,2498.2084460350457
2018-12-12 16:00:00+00:00,2574.653012927183
2018-12-12 17:00:00+00:00,2737.559363334077
2018-12-12 18:00:00+00:00,2958.5040173840134
2018-12-12 19:00:00+00:00,2940.713281816389
2018-12-12 20:00:00+00:00,2833.2143506075495
2018-12-12 21:00:00+00:00,2569.9273487920323
2018-12-12 22:00:00+00:00,2268.8350338953132
2018-12-12 23:00:00+00:00,2017.8585857091798
2018-12-13 00:00:00+00:00,1830.5793246892733
2018-12-13 01:00:00+00:00,1702.1127408471618
2018-12-13 02:00:00+00:00,1605.8819373555411
2018-12-13 03:00:00+00:00,1571.859141155625
2018-12-13 04:00:00+00:00,1591.1390565977713
2018-12-13 05:00:00+00:00,1716.1308873993312
2018-12-13 06:00:00+00:00,1975.0496282495828
2018-12-13 07:00:00+00:00,2221.4592581538486
2018-12-13 08:00:00+00:00,2324.8579807748374
2018-12-13 09:00:00+00:00,2329.1567466792903
2018-12-13 10:00:00+00:00,2321.472578526757
2018-12-13 11:00:00+00:00,2351.0576187005963
2018-12-13 12:00:00+00:00,2393.807008965213
2018-12-13 13:00:00+00:00,2418.428116223979
2018-12-13 14:00:00+00:00,2449.5420477356615
2018-12-13 15:00:00+00:00,2480.278720345799
2018-12-13 16:00:00+00:00,2558.9272734522287
2018-12-13 17:00:00+00:00,2723.7099905010205
2018-12-13 18:00:00+00:00,2946.5905783878366
2018-12-13 19:00:00+00:00,2934.8161295132813
2018-12-13 20:00:00+00:00,2833.2143506075495
2018-12-13 21:00:00+00:00,2580.1729063287453
2018-12-13 22:00:00+00:00,2291.4705679880503
2018-12-13 23:00:00+00:00,2058.3642782961824
2018-12-14 00:00:00+00:00,1880.4370668882752
2018-12-14 01:00:00+00:00,1759.1185464438704
2018-12-14 02:00:00+00:00,1664.853460386618
2018-12-14 03:00:00+00:00,1632.9750832060136
2018-12-14 04:00:00+00:00,1648.4724817668744
2018-12-14 05:00:00+00:00,1760.8062836349955
2018-12-14 06:00:00+00:00,1995.898146492893
2018-12-14 07:00:00+00:00,2209.5458191576713
2018-12-14 08:00:00+00:00,2294.4787113345847
2018-12-14 09:00:00+00:00,2290.735905916619
2018-12-14 10:00:00+00:00,2275.3675696115506
2018-12-14 11:00:00+00:00,2299.2341590672254
2018-12-14 12:00:00+00:00,2344.0088339611916
2018-12-14 13:00:00+00:00,2376.969348517282
2018-12-14 14:00:00+00:00,2418.8053751255243
2018-12-14 15:00:00+00:00,2462.3489946565523
2018-12-14 16:00:00+00:00,2551.0644037147517
2018-12-14 17:00:00+00:00,2715.400366801188
2018-12-14 18:00:00+00:00,2934.677139391659
2018-12-14 19:00:00+00:00,2917.124672603958
2018-12-14 20:00:00+00:00,2813.408258276405
2018-12-14 21:00:00+00:00,2557.120401871142
2018-12-14 22:00:00+00:00,2264.3079270767657
2018-12-14 23:00:00+00:00,2030.0102934852803
2018-12-15 00:00:00+00:00,1723.0466387366118
2018-12-15 01:00:00+00:00,1616.7019212091855
2018-12-15 02:00:00+00:00,1533.0794080431933
2018-12-15 03:00:00+00:00,1500.7180401899523
2018-12-15 04:00:00+00:00,1511.7513738802872
2018-12-15 05:00:00+00:00,1614.2828974210117
2018-12-15 06:00:00+00:00,1832.9183298788566
2018-12-15 07:00:00+00:00,2032.7186152837448
2018-12-15 08:00:00+00:00,2096.1949074352515
2018-12-15 09:00:00+00:00,2075.5962735748867
2018-12-15 10:00:00+00:00,2056.5395365566014
2018-12-15 11:00:00+00:00,2078.042996108726
2018-12-15 12:00:00+00:00,2123.865954355698
2018-12-15 13:00:00+00:00,2167.205258407941
2018-12-15 14:00:00+00:00,2213.757616957453
2018-12-15 15:00:00+00:00,2242.3427224848806
2018-12-15 16:00:00+00:00,2301.802696514802
2018-12-15 17:00:00+00:00,2435.1629239819094
2018-12-15 18:00:00+00:00,2621.224631536406
2018-12-15 19:00:00+00:00,2605.9810885048228
2018-12-15 20:00:00+00:00,2508.58306582755
2018-12-15 21:00:00+00:00,2275.6920122668803
2018-12-15 22:00:00+00:00,2011.0766620032894
2018-12-15 23:00:00+00:00,1799.384381792417
2018-12-16 00:00:00+00:00,1644.0498160968602
2018-12-16 01:00:00+00:00,1541.1951405233638
2018-12-16 02:00:00+00:00,1463.0015815079298
2018-12-16 03:00:00+00:00,1436.4015527532404
2018-12-16 04:00:00+00:00,1450.8141334148406
2018-12-16 05:00:00+00:00,1554.4536067822098
2018-12-16 06:00:00+00:00,1772.812051783393
2018-12-16 07:00:00+00:00,1959.5939267252088
2018-12-16 08:00:00+00:00,2027.9174993682855
2018-12-16 09:00:00+00:00,2030.3365231564592
2018-12-16 10:00:00+00:00,2025.5723389018876
2018-12-16 11:00:00+00:00,2056.3548782521602
2018-12-16 12:00:00+00:00,2104.366037406755
2018-12-16 13:00:00+00:00,2128.648604440713
2018-12-16 14:00:00+00:00,2147.059037393455
2018-12-16 15:00:00+00:00,2170.8799586663117
2018-12-16 16:00:00+00:00,2248.1779249052083
2018-12-16 17:00:00+00:00,2406.8271071654767
2018-12-16 18:00:00+00:00,2621.224631536406
2018-12-16 19:00:00+00:00,2622.434143430493
2018-12-16 20:00:00+00:00,2534.896874210356
2018-12-16 21:00:00+00:00,2304.2771177943077
2018-12-16 22:00:00+00:00,2044.7583367332816
2018-12-16 23:00:00+00:00,1838.938190603625
2018-12-17 00:00:00+00:00,1817.6532433784212
2018-12-17 01:00:00+00:00,1715.9323300827277
2018-12-17 02:00:00+00:00,1640.2819924570024
2018-12-17 03:00:00+00:00,1616.8919405611746
2018-12-17 04:00:00+00:00,1627.1772095612075
2018-12-17 05:00:00+00:00,1721.4919349476104
2018-12-17 06:00:00+00:00,1950.0314063576109
2018-12-17 07:00:00+00:00,2178.5708777676105
2018-12-17 08:00:00+00:00,2281.8206824011463
2018-12-17 09:00:00+00:00,2290.735905916619
2018-12-17 10:00:00+00:00,2290.735905916619
2018-12-17 11:00:00+00:00,2325.145888883911
2018-12-17 12:00:00+00:00,2375.4603129111
2018-12-17 13:00:00+00:00,2413.2457702606416
2018-12-17 14:00:00+00:00,2457.2262158881963
2018-12-17 15:00:00+00:00,2493.085667266689
2018-12-17 16:00:00+00:00,2569.4110997688654
2018-12-17 17:00:00+00:00,2732.0196142008544
2018-12-17 18:00:00+00:00,2955.5256576349693
2018-12-17 19:00:00+00:00,2940.713281816389
2018-12-17 20:00:00+00:00,2836.043792369141
2018-12-17 21:00:00+00:00,2575.050127560389
2018-12-17 22:00:00+00:00,2280.152800941682
2018-12-17 23:00:00+00:00,2038.1114320026809
2018-12-18 00:00:00+00:00,1856.4314873109781
2018-12-18 01:00:00+00:00,1734.9342652816306
2018-12-18 02:00:00+00:00,1641.9200903189767
2018-12-18 03:00:00+00:00,1607.2420549742708
2018-12-18 04:00:00+00:00,1620.6248181133103
2018-12-18 05:00:00+00:00,1737.57507759245
2018-12-18 06:00:00+00:00,1979.2193318982445
2018-12-18 07:00:00+00:00,2202.397755759965
2018-12-18 08:00:00+00:00,2294.4787113345847
2018-12-18 09:00:00+00:00,2290.735905916619
2018-12-18 10:00:00+00:00,2272.8061802273724
2018-12-18 11:00:00+00:00,2296.6429860855574
2018-12-18 12:00:00+00:00,2338.7669208028738
2018-12-18 13:00:00+00:00,2366.604656590608
2018-12-18 14:00:00+00:00,2395.7528706679213
2018-12-18 15:00:00+00:00,2426.489543278059
2018-12-18 16:00:00+00:00,2514.3710116065263
2018-12-18 17:00:00+00:00,2687.701621135075
2018-12-18 18:00:00+00:00,2916.8069808973933
2018-12-18 19:00:00+00:00,2914.176096452404
2018-12-18 20:00:00+00:00,2813.408258276405
2018-12-18 21:00:00+00:00,2557.120401871142
2018-12-18 22:00:00+00:00,2266.57148048604
2018-12-18 23:00:00+00:00,2030.0102934852803
2018-12-19 00:00:00+00:00,1849.045155133348
2018-12-19 01:00:00+00:00,1731.4793679727388
2018-12-19 02:00:00+00:00,1645.1962860429257
2018-12-19 03:00:00+00:00,1616.8919405611746
2018-12-19 04:00:00+00:00,1632.0915031471307
2018-12-19 05:00:00+00:00,1732.21403004417
2018-12-19 06:00:00+00:00,1960.4556654792657
2018-12-19 07:00:00+00:00,2185.718941165317
2018-12-19 08:00:00+00:00,2286.883893974522
2018-12-19 09:00:00+00:00,2300.9814634533313
2018-12-19 10:00:00+00:00,2303.5428528375096
2018-12-19 11:00:00+00:00,2338.101753792254
2018-12-19 12:00:00+00:00,2388.5650958068945
2018-12-19 13:00:00+00:00,2423.610462187316
2018-12-19 14:00:00+00:00,2467.4717734249084
2018-12-19 15:00:00+00:00,2500.769835419224
2018-12-19 16:00:00+00:00,2577.273969506342
2018-12-19 17:00:00+00:00,2740.329237900688
2018-12-19 18:00:00+00:00,2967.4390966311466
2018-12-19 19:00:00+00:00,2955.456162574158
2018-12-19 20:00:00+00:00,2847.36155941551
2018-12-19 21:00:00+00:00,2582.734295712923
2018-12-19 22:00:00+00:00,2282.4163543509553
2018-12-19 23:00:00+00:00,2036.0861473733307
2018-12-20 00:00:00+00:00,1847.1985720889404
2018-12-20 01:00:00+00:00,1722.8421247005106
2018-12-20 02:00:00+00:00,1633.7296010091052
2018-12-20 03:00:00+00:00,1604.0254264453033
2018-12-20 04:00:00+00:00,1625.5391116992334
2018-12-20 05:00:00+00:00,1757.2322519361423
2018-12-20 06:00:00+00:00,2025.086072033527
2018-12-20 07:00:00+00:00,2285.791828733206
2018-12-20 08:00:00+00:00,2398.274548588779
2018-12-20 09:00:00+00:00,2400.875649436278
2018-12-20 10:00:00+00:00,2390.6300918995657
2018-12-20 11:00:00+00:00,2423.610462187316
2018-12-20 12:00:00+00:00,2467.193793181664
2018-12-20 13:00:00+00:00,2478.0250948023554
2018-12-20 14:00:00+00:00,2490.524277882512
2018-12-20 15:00:00+00:00,2511.0153929559365
2018-12-20 16:00:00+00:00,2582.51588266466
2018-12-20 17:00:00+00:00,2743.0991124672987
2018-12-20 18:00:00+00:00,2961.482377133058
2018-12-20 19:00:00+00:00,2934.8161295132813
2018-12-20 20:00:00+00:00,2816.237700037997
2018-12-20 21:00:00+00:00,2551.9976231027863
2018-12-20 22:00:00+00:00,2252.9901600303974
2018-12-20 23:00:00+00:00,2013.8080164504797
2018-12-21 00:00:00+00:00,1834.2724907780882
2018-12-21 01:00:00+00:00,1715.9323300827277
2018-12-21 02:00:00+00:00,1625.5391116992334
2018-12-21 03:00:00+00:00,1594.3755408583997
2018-12-21 04:00:00+00:00,1615.710524527387
2018-12-21 05:00:00+00:00,1744.723140990156
2018-12-21 06:00:00+00:00,2006.322405614548
2018-12-21 07:00:00+00:00,2257.1995751423806
2018-12-21 08:00:00+00:00,2362.832067575152
2018-12-21 09:00:00+00:00,2367.5775874419624
2018-12-21 10:00:00+00:00,2354.7706405210715
2018-12-21 11:00:00+00:00,2379.5605214989505
2018-12-21 12:00:00+00:00,2417.3956181776434
2018-12-21 13:00:00+00:00,2433.9751541139904
2018-12-21 14:00:00+00:00,2449.5420477356615
2018-12-21 15:00:00+00:00,2470.0331628090867
2018-12-21 16:00:00+00:00,2545.822490556434
2018-12-21 17:00:00+00:00,2709.8606176679646
2018-12-21 18:00:00+00:00,2934.677139391659
2018-12-21 19:00:00+00:00,2925.9704010586197
2018-12-21 20:00:00+00:00,2827.555467084366
2018-12-21 21:00:00+00:00,2575.050127560389
2018-12-21 22:00:00+00:00,2280.152800941682
2018-12-21 23:00:00+00:00,2036.0861473733307
2018-12-22 00:00:00+00:00,1721.3293165053126
2018-12-22 01:00:00+00:00,1608.669284966013
2018-12-22 02:00:00+00:00,1523.9388219733762
2018-12-22 03:00:00+00:00,1494.7351111260723
2018-12-22 04:00:00+00:00,1519.3685289384678
2018-12-22 05:00:00+00:00,1644.1975427404127
2018-12-22 06:00:00+00:00,1879.4522225979244
2018-12-22 07:00:00+00:00,2090.3320062692583
2018-12-22 08:00:00+00:00,2176.2442824103155
2018-12-22 09:00:00+00:00,2180.4083271754544
2018-12-22 10:00:00+00:00,2168.4978665390263
2018-12-22 11:00:00+00:00,2191.3031671374583
2018-12-22 12:00:00+00:00,2228.6780079562654
2018-12-22 13:00:00+00:00,2244.318566342397
2018-12-22 14:00:00+00:00,2266.1636437577376
2018-12-22 15:00:00+00:00,2292.3666571578797
2018-12-22 16:00:00+00:00,2362.739936980248
2018-12-22 17:00:00+00:00,2515.0184077373106
2018-12-22 18:00:00+00:00,2723.7099905010205
2018-12-22 19:00:00+00:00,2715.6681213426264
2018-12-22 20:00:00+00:00,2621.7324418736184
2018-12-22 21:00:00+00:00,2390.0324343765906
2018-12-22 22:00:00+00:00,2126.857418887638
2018-12-22 23:00:00+00:00,1914.2787788154499
2018-12-23 00:00:00+00:00,1753.9584388999929
2018-12-23 01:00:00+00:00,1645.6194116846063
2018-12-23 02:00:00+00:00,1565.0714592875527
2018-12-23 03:00:00+00:00,1541.1028113711438
2018-12-23 04:00:00+00:00,1551.3605801828273
2018-12-23 05:00:00+00:00,1645.8594674803794
2018-12-23 06:00:00+00:00,1862.0020128282742
2018-12-23 07:00:00+00:00,2070.3889093896573
2018-12-23 08:00:00+00:00,2164.4723155022175
2018-12-23 09:00:00+00:00,2168.4978665390263
2018-12-23 10:00:00+00:00,2156.587405902598
2018-12-23 11:00:00+00:00,2179.2542127726992
2018-12-23 12:00:00+00:00,2218.9280494817945
2018-12-23 13:00:00+00:00,2234.67940285059
2018-12-23 14:00:00+00:00,2256.635275248595
2018-12-23 15:00:00+00:00,2287.6024729033084
2018-12-23 16:00:00+00:00,2362.739936980248
2018-12-23 17:00:00+00:00,2515.0184077373106
2018-12-23 18:00:00+00:00,2720.9401159344093
2018-12-23 19:00:00+00:00,2707.4415938797906
2018-12-23 20:00:00+00:00,2611.206918520495
2018-12-23 21:00:00+00:00,2373.357789485591
2018-12-23 22:00:00+00:00,2107.911476852017
2018-12-23 23:00:00+00:00,1899.2106611730849
2018-12-24 00:00:00+00:00,1874.8973177550529
2018-12-24 01:00:00+00:00,1762.5734437527612
2018-12-24 02:00:00+00:00,1676.3201454204386
2018-12-24 03:00:00+00:00,1644.233283057401
2018-12-24 04:00:00+00:00,1655.0248732147716
2018-12-24 05:00:00+00:00,1760.8062836349955
2018-12-24 06:00:00+00:00,1993.8132946685616
2018-12-24 07:00:00+00:00,2216.693882555378
2018-12-24 08:00:00+00:00,2314.7315576280857
2018-12-24 09:00:00+00:00,2313.788410374222
2018-12-24 10:00:00+00:00,2300.9814634533313
2018-12-24 11:00:00+00:00,2325.145888883911
2018-12-24 12:00:00+00:00,2370.2183997527814
2018-12-24 13:00:00+00:00,2402.8810783339673
2018-12-24 14:00:00+00:00,2441.8578795831277
2018-12-24 15:00:00+00:00,2480.278720345799
2018-12-24 16:00:00+00:00,2566.7901431897058
2018-12-24 17:00:00+00:00,2740.329237900688
2018-12-24 18:00:00+00:00,2967.4390966311466
2018-12-24 19:00:00+00:00,2955.456162574158
2018-12-24 20:00:00+00:00,2850.1910011771024
2018-12-24 21:00:00+00:00,2590.4184638654574
2018-12-24 22:00:00+00:00,2298.261228215871
2018-12-24 23:00:00+00:00,2064.440132184233
2018-12-25 00:00:00+00:00,1757.3930833625905
2018-12-25 01:00:00+00:00,1647.225938933241
2018-12-25 02:00:00+00:00,1566.5948902991888
2018-12-25 03:00:00+00:00,1541.1028113711438
2018-12-25 04:00:00+00:00,1552.8840111944635
2018-12-25 05:00:00+00:00,1652.5071664402465
2018-12-25 06:00:00+00:00,1873.635486008041
2018-12-25 07:00:00+00:00,2074.820708696235
2018-12-25 08:00:00+00:00,2145.6371684492615
2018-12-25 09:00:00+00:00,2130.3843925024557
2018-12-25 10:00:00+00:00,2104.1813791023137
2018-12-25 11:00:00+00:00,2119.0094409489056
2018-12-25 12:00:00+00:00,2162.8657882535836
2018-12-25 13:00:00+00:00,2196.1227488833615
2018-12-25 14:00:00+00:00,2213.757616957453
2018-12-25 15:00:00+00:00,2223.2859854665962
2018-12-25 16:00:00+00:00,2287.177758803094
2018-12-25 17:00:00+00:00,2440.3148906758065
2018-12-25 18:00:00+00:00,2654.46312633574
2018-12-25 19:00:00+00:00,2649.8559016399436
2018-12-25 20:00:00+00:00,2558.579301754882
2018-12-25 21:00:00+00:00,2332.8622233217357
2018-12-25 22:00:00+00:00,2078.440011463274
2018-12-25 23:00:00+00:00,1874.7249700042414
2018-12-26 00:00:00+00:00,1850.8917381777553
2018-12-26 01:00:00+00:00,1736.6617139360758
2018-12-26 02:00:00+00:00,1643.5581881809512
2018-12-26 03:00:00+00:00,1607.2420549742708
2018-12-26 04:00:00+00:00,1620.6248181133103
2018-12-26 05:00:00+00:00,1726.85298249589
2018-12-26 06:00:00+00:00,1950.0314063576109
2018-12-26 07:00:00+00:00,2166.657438771433
2018-12-26 08:00:00+00:00,2259.0362303209577
2018-12-26 09:00:00+00:00,2270.2447908431946
2018-12-26 10:00:00+00:00,2272.8061802273724
2018-12-26 11:00:00+00:00,2314.781196957237
2018-12-26 12:00:00+00:00,2372.8393563319405
2018-12-26 13:00:00+00:00,2421.0192892056475
2018-12-26 14:00:00+00:00,2477.717330961621
2018-12-26 15:00:00+00:00,2518.6995611084703
2018-12-26 16:00:00+00:00,2598.2416221396143
2018-12-26 17:00:00+00:00,2759.7183598669667
2018-12-26 18:00:00+00:00,2982.330895376368
2018-12-26 19:00:00+00:00,2964.301891028819
2018-12-26 20:00:00+00:00,2855.8498847002866
2018-12-26 21:00:00+00:00,2595.541242633814
2018-12-26 22:00:00+00:00,2302.7883350344187
2018-12-26 23:00:00+00:00,2068.490701442933
2018-12-27 00:00:00+00:00,1891.51656515472
2018-12-27 01:00:00+00:00,1772.9381356794358
2018-12-27 02:00:00+00:00,1682.8725368683358
2018-12-27 03:00:00+00:00,1649.058225850853
2018-12-27 04:00:00+00:00,1653.3867753527975
2018-12-27 05:00:00+00:00,1759.0192677855691
2018-12-27 06:00:00+00:00,2016.7466647362028
2018-12-27 07:00:00+00:00,2283.40914093397
2018-12-27 08:00:00+00:00,2423.5906064556557
2018-12-27 09:00:00+00:00,2457.2262158881963
2018-12-27 10:00:00+00:00,2462.3489946565523
2018-12-27 11:00:00+00:00,2501.345651637372
2018-12-27 12:00:00+00:00,2548.4434471355935
2018-12-27 13:00:00+00:00,2550.5779382890746
2018-12-27 14:00:00+00:00,2551.9976231027863
2018-12-27 15:00:00+00:00,2572.488738176211
2018-12-27 16:00:00+00:00,2648.0397971436346
2018-12-27 17:00:00+00:00,2812.3459766325786
2018-12-27 18:00:00+00:00,3035.9413708591655
2018-12-27 19:00:00+00:00,3017.376261756789
2018-12-27 20:00:00+00:00,2906.7798364089435
2018-12-27 21:00:00+00:00,2633.9620833964855
2018-12-27 22:00:00+00:00,2327.687422536429
2018-12-27 23:00:00+00:00,2084.692978477734
2018-12-28 00:00:00+00:00,1902.5960634211647
2018-12-28 01:00:00+00:00,1781.5753789516646
2018-12-28 02:00:00+00:00,1691.063026178208
2018-12-28 03:00:00+00:00,1660.3164257022404
2018-12-28 04:00:00+00:00,1682.8725368683358
2018-12-28 05:00:00+00:00,1816.2037749672197
2018-12-28 06:00:00+00:00,2091.8013304121196
2018-12-28 07:00:00+00:00,2357.272462710269
2018-12-28 08:00:00+00:00,2471.691116402721
2018-12-28 09:00:00+00:00,2475.1559415774427
2018-12-28 10:00:00+00:00,2459.7876052723745
2018-12-28 11:00:00+00:00,2485.7986137473613
2018-12-28 12:00:00+00:00,2527.4757945023207
2018-12-28 13:00:00+00:00,2542.8044193440687
2018-12-28 14:00:00+00:00,2572.488738176211
2018-12-28 15:00:00+00:00,2605.7868001705265
2018-12-28 16:00:00+00:00,2684.733189251861
2018-12-28 17:00:00+00:00,2853.8940951317477
2018-12-28 18:00:00+00:00,3080.6167670948307
2018-12-28 19:00:00+00:00,3058.656327878543
2018-12-28 20:00:00+00:00,2940.7331375480494
2018-12-28 21:00:00+00:00,2662.1373666224445
2018-12-28 22:00:00+00:00,2352.5865100384394
2018-12-28 23:00:00+00:00,2102.9205401418853
2018-12-29 00:00:00+00:00,1783.1529168320749
2018-12-29 01:00:00+00:00,1666.5042659168546
2018-12-29 02:00:00+00:00,1578.7823383922785
2018-12-29 03:00:00+00:00,1548.5814727009938
2018-12-29 04:00:00+00:00,1563.5480282759165
2018-12-29 05:00:00+00:00,1667.4644890999466
2018-12-29 06:00:00+00:00,1893.0246079743197
2018-12-29 07:00:00+00:00,2116.922802108726
2018-12-29 08:00:00+00:00,2216.268969897847
2018-12-29 09:00:00+00:00,2223.2859854665962
2018-12-29 10:00:00+00:00,2213.757616957453
2018-12-29 11:00:00+00:00,2239.4989845964933
2018-12-29 12:00:00+00:00,2279.865289947241
2018-12-29 13:00:00+00:00,2292.514383801432
2018-12-29 14:00:00+00:00,2309.0413020488786
2018-12-29 15:00:00+00:00,2340.0084997035924
2018-12-29 16:00:00+00:00,2418.8021982084592
2018-12-29 17:00:00+00:00,2579.417991411021
2018-12-29 18:00:00+00:00,2792.956854666301
2018-12-29 19:00:00+00:00,2784.2225168662535
2018-12-29 20:00:00+00:00,2684.885581992353
2018-12-29 21:00:00+00:00,2437.6742769223033
2018-12-29 22:00:00+00:00,2158.4339889470057
2018-12-29 23:00:00+00:00,1936.8809552789974
2018-12-30 00:00:00+00:00,1771.1316612129824
2018-12-30 01:00:00+00:00,1660.078156922317
2018-12-30 02:00:00+00:00,1577.2589073806419
2018-12-30 03:00:00+00:00,1551.5729372329342
2018-12-30 04:00:00+00:00,1566.5948902991888
2018-12-30 05:00:00+00:00,1669.126413839914
2018-12-30 06:00:00+00:00,1891.0856957776912
2018-12-30 07:00:00+00:00,2112.491002802148
2018-12-30 08:00:00+00:00,2213.914576516228
2018-12-30 09:00:00+00:00,2225.6680775938817
2018-12-30 10:00:00+00:00,2220.9038933393103
2018-12-30 11:00:00+00:00,2253.957729834204
2018-12-30 12:00:00+00:00,2301.802696514802
2018-12-30 13:00:00+00:00,2323.8416651498046
2018-12-30 14:00:00+00:00,2351.918960340021
2018-12-30 15:00:00+00:00,2380.504065867448
2018-12-30 16:00:00+00:00,2450.489563250491
2018-12-30 17:00:00+00:00,2600.0258581866087
2018-12-30 18:00:00+00:00,2801.266478366135
2018-12-30 19:00:00+00:00,2767.7694619405834
2018-12-30 20:00:00+00:00,2650.677631094705
2018-12-30 21:00:00+00:00,2397.1787107584473
2018-12-30 22:00:00+00:00,2118.4370002051396
2018-12-30 23:00:00+00:00,1897.3271464677894
2018-12-31 00:00:00+00:00,1863.8178194886082
2018-12-31 01:00:00+00:00,1747.0264058627504
2018-12-31 02:00:00+00:00,1658.3010689387204
2018-12-31 03:00:00+00:00,1629.7584546770456
2018-12-31 04:00:00+00:00,1655.0248732147716
2018-12-31 05:00:00+00:00,1784.037489677541
2018-12-31 06:00:00+00:00,2037.5951829795133
2018-12-31 07:00:00+00:00,2269.1130141385574
2018-12-31 08:00:00+00:00,2360.300461788464
2018-12-31 09:00:00+00:00,2362.4548086736063
2018-12-31 10:00:00+00:00,2352.209251136894
2018-12-31 11:00:00+00:00,2384.7428674622874
2018-12-31 12:00:00+00:00,2427.8794444942796
2018-12-31 13:00:00+00:00,2454.7045379673386
2018-12-31 14:00:00+00:00,2495.647056650868
2018-12-31 15:00:00+00:00,2531.506508029361
2018-12-31 16:00:00+00:00,2611.3464050354087
2018-12-31 17:00:00+00:00,2779.107481833245
2018-12-31 18:00:00+00:00,3003.179413619678
2018-12-31 19:00:00+00:00,2981.9933479381434
2018-12-31 20:00:00+00:00,2869.9970935082465
2018-12-31 21:00:00+00:00,2605.7868001705265
2018-12-31 22:00:00+00:00,2311.842548671513
2018-12-31 23:00:00+00:00,2078.6171245896835
