,63.0,UNMAPPED,64.0,12.0,solar_MW
2018-01-01 00:00:00+00:00,0.0,0.0,0.0,0.0,0.0
2018-01-01 01:00:00+00:00,0.0,0.0,0.0,0.0,0.0
2018-01-01 02:00:00+00:00,0.0,0.0,0.0,0.0,0.0
2018-01-01 03:00:00+00:00,0.0,0.0,0.0,0.0,0.0
2018-01-01 04:00:00+00:00,0.0,0.0,0.0,0.0,0.0
2018-01-01 05:00:00+00:00,21.632856508047027,17.821042254141524,0.0,0.0,39.45389876218855
2018-01-01 06:00:00+00:00,29.95344029303324,20.5493096224598,0.0,0.0,50.50274991549304
2018-01-01 07:00:00+00:00,38.32950832027591,9.46703762670714,0.0,0.0,47.79654594698305
2018-01-01 08:00:00+00:00,47.18655099300551,28.791338226285923,0.0,0.0,75.97788921929143
2018-01-01 09:00:00+00:00,40.468769376397695,48.55391353902223,0.0,0.0,89.02268291541992
2018-01-01 10:00:00+00:00,45.30276371238239,34.43334939148443,0.0,0.0,79.73611310386681
2018-01-01 11:00:00+00:00,18.12184675778935,16.465473229917947,0.0,0.0,34.587319987707296
2018-01-01 12:00:00+00:00,11.051961429505777,5.39459551805255,0.0,0.0,16.446556947558328
2018-01-01 13:00:00+00:00,8.871550290045919,0.9159094551937429,0.0,0.0,9.787459745239662
2018-01-01 14:00:00+00:00,6.465516563419153,1.754624290684139,0.0,0.0,8.220140854103292
2018-01-01 15:00:00+00:00,0.0,0.0,0.0,0.0,0.0
2018-01-01 16:00:00+00:00,0.0,0.0,0.0,0.0,0.0
2018-01-01 17:00:00+00:00,0.0,0.0,0.0,0.0,0.0
2018-01-01 18:00:00+00:00,0.0,0.0,0.0,0.0,0.0
2018-01-01 19:00:00+00:00,0.0,0.0,0.0,0.0,0.0
2018-01-01 20:00:00+00:00,0.0,0.0,0.0,0.0,0.0
2018-01-01 21:00:00+00:00,0.0,0.0,0.0,0.0,0.0
2018-01-01 22:00:00+00:00,0.0,0.0,0.0,0.0,0.0
2018-01-01 23:00:00+00:00,0.0,0.0,0.0,0.0,0.0
2018-01-02 00:00:00+00:00,0.0,0.0,0.0,0.0,0.0
2018-01-02 01:00:00+00:00,0.0,0.0,0.0,0.0,0.0
2018-01-02 02:00:00+00:00,0.0,0.0,0.0,0.0,0.0
2018-01-02 03:00:00+00:00,0.0,0.0,0.0,0.0,0.0
2018-01-02 04:00:00+00:00,0.0,0.0,0.0,0.0,0.0
2018-01-02 05:00:00+00:00,0.904730699841946,25.545805720648094,0.0,0.0,26.45053642049004
2018-01-02 06:00:00+00:00,73.78624950331415,54.523398084088115,0.0,0.0,128.30964758740225
2018-01-02 07:00:00+00:00,104.19642137772868,77.89469071288381,0.0,0.0,182.0911120906125
2018-01-02 08:00:00+00:00,72.93190455842401,93.43441465959177,0.0,0.0,166.36631921801578
2018-01-02 09:00:00+00:00,135.01895727854233,101.66361033008936,0.0,0.0,236.6825676086317
2018-01-02 10:00:00+00:00,135.38141593090324,65.1243147386646,0.0,0.0,200.50573066956784
2018-01-02 11:00:00+00:00,125.36604209592508,94.25574720868111,0.0,0.0,219.62178930460618
2018-01-02 12:00:00+00:00,104.68086260060917,78.60661864588934,0.0,0.0,183.28748124649852
2018-01-02 13:00:00+00:00,72.15064319633902,23.138809663003766,0.0,0.0,95.28945285934279
2018-01-02 14:00:00+00:00,22.589680426257537,16.042860601412343,0.0,0.0,38.63254102766988
2018-01-02 15:00:00+00:00,0.0,0.0,0.0,0.0,0.0
2018-01-02 16:00:00+00:00,0.0,0.0,0.0,0.0,0.0
2018-01-02 17:00:00+00:00,0.0,0.0,0.0,0.0,0.0
2018-01-02 18:00:00+00:00,0.0,0.0,0.0,0.0,0.0
2018-01-02 19:00:00+00:00,0.0,0.0,0.0,0.0,0.0
2018-01-02 20:00:00+00:00,0.0,0.0,0.0,0.0,0.0
2018-01-02 21:00:00+00:00,0.0,0.0,0.0,0.0,0.0
2018-01-02 22:00:00+00:00,0.0,0.0,0.0,0.0,0.0
2018-01-02 23:00:00+00:00,0.0,0.0,0.0,0.0,0.0
2018-01-03 00:00:00+00:00,0.0,0.0,0.0,0.0,0.0
2018-01-03 01:00:00+00:00,0.0,0.0,0.0,0.0,0.0
2018-01-03 02:00:00+00:00,0.0,0.0,0.0,0.0,0.0
2018-01-03 03:00:00+00:00,0.0,0.0,0.0,0.0,0.0
2018-01-03 04:00:00+00:00,0.0,0.0,0.0,0.0,0.0
2018-01-03 05:00:00+00:00,37.493885281660596,27.39229520893671,0.0,0.0,64.8861804905973
2018-01-03 06:00:00+00:00,75.34437223923719,55.94031615560175,0.0,0.0,131.28468839483895
2018-01-03 07:00:00+00:00,69.97548910559308,78.30535432795818,0.0,0.0,148.28084343355127
2018-01-03 08:00:00+00:00,124.87018272622775,78.16264834449763,0.0,0.0,203.03283107072536
2018-01-03 09:00:00+00:00,134.63424149115494,101.07736442138248,0.0,0.0,235.71160591253744
2018-01-03 10:00:00+00:00,134.66840492020705,66.03615633515712,0.0,0.0,200.70456125536418
2018-01-03 11:00:00+00:00,124.92775926587615,94.10474647180534,0.0,0.0,219.0325057376815
2018-01-03 12:00:00+00:00,32.685725591307566,25.067212289626525,0.0,0.0,57.75293788093409
2018-01-03 13:00:00+00:00,70.98066050515723,53.114358353208964,0.0,0.0,124.09501885836619
2018-01-03 14:00:00+00:00,9.672161122536153,2.5537743764333447,0.0,0.0,12.225935498969498
2018-01-03 15:00:00+00:00,0.0,0.0,0.0,0.0,0.0
2018-01-03 16:00:00+00:00,0.0,0.0,0.0,0.0,0.0
2018-01-03 17:00:00+00:00,0.0,0.0,0.0,0.0,0.0
2018-01-03 18:00:00+00:00,0.0,0.0,0.0,0.0,0.0
2018-01-03 19:00:00+00:00,0.0,0.0,0.0,0.0,0.0
2018-01-03 20:00:00+00:00,0.0,0.0,0.0,0.0,0.0
2018-01-03 21:00:00+00:00,0.0,0.0,0.0,0.0,0.0
2018-01-03 22:00:00+00:00,0.0,0.0,0.0,0.0,0.0
2018-01-03 23:00:00+00:00,0.0,0.0,0.0,0.0,0.0
2018-01-04 00:00:00+00:00,0.0,0.0,0.0,0.0,0.0
2018-01-04 01:00:00+00:00,0.0,0.0,0.0,0.0,0.0
2018-01-04 02:00:00+00:00,0.0,0.0,0.0,0.0,0.0
2018-01-04 03:00:00+00:00,0.0,0.0,0.0,0.0,0.0
2018-01-04 04:00:00+00:00,0.0,0.0,0.0,0.0,0.0
2018-01-04 05:00:00+00:00,28.76551616103861,14.878414930639714,0.0,0.0,43.643931091678326
2018-01-04 06:00:00+00:00,65.03697826885994,47.509850249478376,0.0,0.0,112.54682851833832
2018-01-04 07:00:00+00:00,49.498163444402266,60.25039626803143,0.0,0.0,109.74855971243369
2018-01-04 08:00:00+00:00,102.18278875988115,55.7197571912389,0.0,0.0,157.90254595112003
2018-01-04 09:00:00+00:00,125.1617902944023,61.114258279231166,0.0,0.0,186.27604857363346
2018-01-04 10:00:00+00:00,62.36969463877254,47.15892621452103,0.0,0.0,109.52862085329357
2018-01-04 11:00:00+00:00,44.66046331416152,80.27118241852618,0.0,0.0,124.9316457326877
2018-01-04 12:00:00+00:00,29.871530465654843,34.46072464492899,0.0,0.0,64.33225511058383
2018-01-04 13:00:00+00:00,49.18214559574321,14.16228743309234,0.0,0.0,63.344433028835546
2018-01-04 14:00:00+00:00,4.369264060669383,2.000596308406967,0.0,0.0,6.369860369076349
2018-01-04 15:00:00+00:00,0.0,0.0,0.0,0.0,0.0
2018-01-04 16:00:00+00:00,0.0,0.0,0.0,0.0,0.0
2018-01-04 17:00:00+00:00,0.0,0.0,0.0,0.0,0.0
2018-01-04 18:00:00+00:00,0.0,0.0,0.0,0.0,0.0
2018-01-04 19:00:00+00:00,0.0,0.0,0.0,0.0,0.0
2018-01-04 20:00:00+00:00,0.0,0.0,0.0,0.0,0.0
2018-01-04 21:00:00+00:00,0.0,0.0,0.0,0.0,0.0
2018-01-04 22:00:00+00:00,0.0,0.0,0.0,0.0,0.0
2018-01-04 23:00:00+00:00,0.0,0.0,0.0,0.0,0.0
2018-01-05 00:00:00+00:00,0.0,0.0,0.0,0.0,0.0
2018-01-05 01:00:00+00:00,0.0,0.0,0.0,0.0,0.0
2018-01-05 02:00:00+00:00,0.0,0.0,0.0,0.0,0.0
2018-01-05 03:00:00+00:00,0.0,0.0,0.0,0.0,0.0
2018-01-05 04:00:00+00:00,0.0,0.0,0.0,0.0,0.0
2018-01-05 05:00:00+00:00,0.8470681832025602,4.085251733737647,0.0,0.0,4.932319916940207
2018-01-05 06:00:00+00:00,11.572053739547776,2.1858654236753448,0.0,0.0,13.757919163223121
2018-01-05 07:00:00+00:00,40.251650171087064,8.582987375930479,0.0,0.0,48.83463754701754
2018-01-05 08:00:00+00:00,56.50385780653914,36.303010980174484,0.0,0.0,92.80686878671362
2018-01-05 09:00:00+00:00,40.53628809883113,70.20301754703222,0.0,0.0,110.73930564586334
2018-01-05 10:00:00+00:00,63.082245436740365,87.69541350165522,0.0,0.0,150.77765893839558
2018-01-05 11:00:00+00:00,25.856478394220915,46.7648739490221,0.0,0.0,72.62135234324302
2018-01-05 12:00:00+00:00,16.416158432986872,18.49474886471214,0.0,0.0,34.91090729769901
2018-01-05 13:00:00+00:00,1.28584522662265,8.97163708240801,0.0,0.0,10.25748230903066
2018-01-05 14:00:00+00:00,0.8578811049835062,1.0222570661354253,0.0,0.0,1.8801381711189316
2018-01-05 15:00:00+00:00,0.0,0.0,0.0,0.0,0.0
2018-01-05 16:00:00+00:00,0.0,0.0,0.0,0.0,0.0
2018-01-05 17:00:00+00:00,0.0,0.0,0.0,0.0,0.0
2018-01-05 18:00:00+00:00,0.0,0.0,0.0,0.0,0.0
2018-01-05 19:00:00+00:00,0.0,0.0,0.0,0.0,0.0
2018-01-05 20:00:00+00:00,0.0,0.0,0.0,0.0,0.0
2018-01-05 21:00:00+00:00,0.0,0.0,0.0,0.0,0.0
2018-01-05 22:00:00+00:00,0.0,0.0,0.0,0.0,0.0
2018-01-05 23:00:00+00:00,0.0,0.0,0.0,0.0,0.0
2018-01-06 00:00:00+00:00,0.0,0.0,0.0,0.0,0.0
2018-01-06 01:00:00+00:00,0.0,0.0,0.0,0.0,0.0
2018-01-06 02:00:00+00:00,0.0,0.0,0.0,0.0,0.0
2018-01-06 03:00:00+00:00,0.0,0.0,0.0,0.0,0.0
2018-01-06 04:00:00+00:00,0.0,0.0,0.0,0.0,0.0
2018-01-06 05:00:00+00:00,2.29064332536267,5.600813614964322,0.0,0.0,7.891456940326991
2018-01-06 06:00:00+00:00,2.208977703443272,3.0454824620479912,0.0,0.0,5.254460165491263
2018-01-06 07:00:00+00:00,30.342710061564368,9.909089751703926,0.0,0.0,40.25179981326829
2018-01-06 08:00:00+00:00,66.35381123159512,45.4634127792531,0.0,0.0,111.81722401084821
2018-01-06 09:00:00+00:00,2.948202209290992,20.333148041864668,0.0,0.0,23.281350251155658
2018-01-06 10:00:00+00:00,3.1508734279428214,4.149716474106631,0.0,0.0,7.3005899020494525
2018-01-06 11:00:00+00:00,42.25391757162156,7.762785852911431,0.0,0.0,50.01670342453299
2018-01-06 12:00:00+00:00,24.114213155736493,1.3987209992084093,0.0,0.0,25.5129341549449
2018-01-06 13:00:00+00:00,1.74320215005956,4.235625869462311,0.0,0.0,5.97882801952187
2018-01-06 14:00:00+00:00,0.611915477550423,1.944557815293634,0.0,0.0,2.556473292844057
2018-01-06 15:00:00+00:00,0.0,0.0,0.0,0.0,0.0
2018-01-06 16:00:00+00:00,0.0,0.0,0.0,0.0,0.0
2018-01-06 17:00:00+00:00,0.0,0.0,0.0,0.0,0.0
2018-01-06 18:00:00+00:00,0.0,0.0,0.0,0.0,0.0
2018-01-06 19:00:00+00:00,0.0,0.0,0.0,0.0,0.0
2018-01-06 20:00:00+00:00,0.0,0.0,0.0,0.0,0.0
2018-01-06 21:00:00+00:00,0.0,0.0,0.0,0.0,0.0
2018-01-06 22:00:00+00:00,0.0,0.0,0.0,0.0,0.0
2018-01-06 23:00:00+00:00,0.0,0.0,0.0,0.0,0.0
2018-01-07 00:00:00+00:00,0.0,0.0,0.0,0.0,0.0
2018-01-07 01:00:00+00:00,0.0,0.0,0.0,0.0,0.0
2018-01-07 02:00:00+00:00,0.0,0.0,0.0,0.0,0.0
2018-01-07 03:00:00+00:00,0.0,0.0,0.0,0.0,0.0
2018-01-07 04:00:00+00:00,0.0,0.0,0.0,0.0,0.0
2018-01-07 05:00:00+00:00,0.8996173119171413,2.0793956325251113,0.0,0.0,2.9790129444422524
2018-01-07 06:00:00+00:00,1.955190817175986,34.531676904922456,0.0,0.0,36.486867722098445
2018-01-07 07:00:00+00:00,50.56184313040801,48.8467225069781,0.0,0.0,99.4085656373861
2018-01-07 08:00:00+00:00,94.72498885048269,74.99657632172651,0.0,0.0,169.72156517220918
2018-01-07 09:00:00+00:00,117.3595618818965,93.52923326263621,0.0,0.0,210.8887951445327
2018-01-07 10:00:00+00:00,125.07862637529968,93.73839180400282,0.0,0.0,218.8170181793025
2018-01-07 11:00:00+00:00,114.54438506934343,91.31654185596611,0.0,0.0,205.86092692530954
2018-01-07 12:00:00+00:00,59.79776408894561,71.99454426459485,0.0,0.0,131.79230835354048
2018-01-07 13:00:00+00:00,36.32279661207069,46.52120588044844,0.0,0.0,82.84400249251914
2018-01-07 14:00:00+00:00,2.3944876989822372,1.9953329137207545,0.0,0.0,4.389820612702992
2018-01-07 15:00:00+00:00,0.0,0.0,0.0,0.0,0.0
2018-01-07 16:00:00+00:00,0.0,0.0,0.0,0.0,0.0
2018-01-07 17:00:00+00:00,0.0,0.0,0.0,0.0,0.0
2018-01-07 18:00:00+00:00,0.0,0.0,0.0,0.0,0.0
2018-01-07 19:00:00+00:00,0.0,0.0,0.0,0.0,0.0
2018-01-07 20:00:00+00:00,0.0,0.0,0.0,0.0,0.0
2018-01-07 21:00:00+00:00,0.0,0.0,0.0,0.0,0.0
2018-01-07 22:00:00+00:00,0.0,0.0,0.0,0.0,0.0
2018-01-07 23:00:00+00:00,0.0,0.0,0.0,0.0,0.0
2018-01-08 00:00:00+00:00,0.0,0.0,0.0,0.0,0.0
2018-01-08 01:00:00+00:00,0.0,0.0,0.0,0.0,0.0
2018-01-08 02:00:00+00:00,0.0,0.0,0.0,0.0,0.0
2018-01-08 03:00:00+00:00,0.0,0.0,0.0,0.0,0.0
2018-01-08 04:00:00+00:00,0.0,0.0,0.0,0.0,0.0
2018-01-08 05:00:00+00:00,13.267645843992701,8.723585210509436,0.0,0.0,21.991231054502137
2018-01-08 06:00:00+00:00,43.2023408730417,32.76719254736945,0.0,0.0,75.96953342041115
2018-01-08 07:00:00+00:00,89.62666252202476,62.56834331558063,0.0,0.0,152.19500583760538
2018-01-08 08:00:00+00:00,116.42698821126271,89.65495128903493,0.0,0.0,206.08193950029764
2018-01-08 09:00:00+00:00,136.3068625242435,101.77590661780926,0.0,0.0,238.08276914205277
2018-01-08 10:00:00+00:00,136.4179298024501,102.3365549554964,0.0,0.0,238.7544847579465
2018-01-08 11:00:00+00:00,126.89941043729434,94.98678801303501,0.0,0.0,221.88619845032935
2018-01-08 12:00:00+00:00,103.74300707940395,77.18345951951702,0.0,0.0,180.92646659892097
2018-01-08 13:00:00+00:00,34.29482396121246,52.02572071811554,0.0,0.0,86.320544679328
2018-01-08 14:00:00+00:00,3.877586204399899,3.550875205752197,0.0,0.0,7.428461410152096
2018-01-08 15:00:00+00:00,0.0,0.0,0.0,0.0,0.0
2018-01-08 16:00:00+00:00,0.0,0.0,0.0,0.0,0.0
2018-01-08 17:00:00+00:00,0.0,0.0,0.0,0.0,0.0
2018-01-08 18:00:00+00:00,0.0,0.0,0.0,0.0,0.0
2018-01-08 19:00:00+00:00,0.0,0.0,0.0,0.0,0.0
2018-01-08 20:00:00+00:00,0.0,0.0,0.0,0.0,0.0
2018-01-08 21:00:00+00:00,0.0,0.0,0.0,0.0,0.0
2018-01-08 22:00:00+00:00,0.0,0.0,0.0,0.0,0.0
2018-01-08 23:00:00+00:00,0.0,0.0,0.0,0.0,0.0
2018-01-09 00:00:00+00:00,0.0,0.0,0.0,0.0,0.0
2018-01-09 01:00:00+00:00,0.0,0.0,0.0,0.0,0.0
2018-01-09 02:00:00+00:00,0.0,0.0,0.0,0.0,0.0
2018-01-09 03:00:00+00:00,0.0,0.0,0.0,0.0,0.0
2018-01-09 04:00:00+00:00,0.0,0.0,0.0,0.0,0.0
2018-01-09 05:00:00+00:00,36.69000157971173,26.399926455254345,0.0,0.0,63.08992803496608
2018-01-09 06:00:00+00:00,75.10224225467103,55.537782711500384,0.0,0.0,130.6400249661714
2018-01-09 07:00:00+00:00,105.1888585823468,78.51013464631782,0.0,0.0,183.69899322866462
2018-01-09 08:00:00+00:00,125.25131678914467,93.64916238283281,0.0,0.0,218.90047917197748
2018-01-09 09:00:00+00:00,135.26689257767168,101.70889103146848,0.0,0.0,236.97578360914017
2018-01-09 10:00:00+00:00,135.20331489869992,102.22291443902871,0.0,0.0,237.4262293377286
2018-01-09 11:00:00+00:00,125.63815234983062,78.90011549506316,0.0,0.0,204.53826784489377
2018-01-09 12:00:00+00:00,105.64966084136816,79.26467995203066,0.0,0.0,184.91434079339882
2018-01-09 13:00:00+00:00,74.13065835674614,54.90325521969252,0.0,0.0,129.03391357643866
2018-01-09 14:00:00+00:00,26.189607680725167,18.391481046047822,0.0,0.0,44.58108872677299
2018-01-09 15:00:00+00:00,0.0,0.0,0.0,0.0,0.0
2018-01-09 16:00:00+00:00,0.0,0.0,0.0,0.0,0.0
2018-01-09 17:00:00+00:00,0.0,0.0,0.0,0.0,0.0
2018-01-09 18:00:00+00:00,0.0,0.0,0.0,0.0,0.0
2018-01-09 19:00:00+00:00,0.0,0.0,0.0,0.0,0.0
2018-01-09 20:00:00+00:00,0.0,0.0,0.0,0.0,0.0
2018-01-09 21:00:00+00:00,0.0,0.0,0.0,0.0,0.0
2018-01-09 22:00:00+00:00,0.0,0.0,0.0,0.0,0.0
2018-01-09 23:00:00+00:00,0.0,0.0,0.0,0.0,0.0
2018-01-10 00:00:00+00:00,0.0,0.0,0.0,0.0,0.0
2018-01-10 01:00:00+00:00,0.0,0.0,0.0,0.0,0.0
2018-01-10 02:00:00+00:00,0.0,0.0,0.0,0.0,0.0
2018-01-10 03:00:00+00:00,0.0,0.0,0.0,0.0,0.0
2018-01-10 04:00:00+00:00,0.0,0.0,0.0,0.0,0.0
2018-01-10 05:00:00+00:00,35.71539286244692,26.21425965918603,0.0,0.0,61.929652521632946
2018-01-10 06:00:00+00:00,73.7021069541118,55.09132284720275,0.0,0.0,128.79342980131455
2018-01-10 07:00:00+00:00,103.55624666421012,77.87872642333824,0.0,0.0,181.43497308754837
2018-01-10 08:00:00+00:00,123.48894748173882,92.99289503822443,0.0,0.0,216.48184251996327
2018-01-10 09:00:00+00:00,133.46200543566007,100.79789334760417,0.0,0.0,234.25989878326425
2018-01-10 10:00:00+00:00,133.1683857716382,87.82282088738903,0.0,0.0,220.99120665902723
2018-01-10 11:00:00+00:00,123.80264228486669,82.55769626404111,0.0,0.0,206.3603385489078
2018-01-10 12:00:00+00:00,71.99180690581758,34.08071465229842,0.0,0.0,106.072521558116
2018-01-10 13:00:00+00:00,38.61657021667769,12.705844223401142,0.0,0.0,51.32241444007883
2018-01-10 14:00:00+00:00,3.554682816353278,2.8572998990535883,0.0,0.0,6.411982715406866
2018-01-10 15:00:00+00:00,0.0,0.0,0.0,0.0,0.0
2018-01-10 16:00:00+00:00,0.0,0.0,0.0,0.0,0.0
2018-01-10 17:00:00+00:00,0.0,0.0,0.0,0.0,0.0
2018-01-10 18:00:00+00:00,0.0,0.0,0.0,0.0,0.0
2018-01-10 19:00:00+00:00,0.0,0.0,0.0,0.0,0.0
2018-01-10 20:00:00+00:00,0.0,0.0,0.0,0.0,0.0
2018-01-10 21:00:00+00:00,0.0,0.0,0.0,0.0,0.0
2018-01-10 22:00:00+00:00,0.0,0.0,0.0,0.0,0.0
2018-01-10 23:00:00+00:00,0.0,0.0,0.0,0.0,0.0
2018-01-11 00:00:00+00:00,0.0,0.0,0.0,0.0,0.0
2018-01-11 01:00:00+00:00,0.0,0.0,0.0,0.0,0.0
2018-01-11 02:00:00+00:00,0.0,0.0,0.0,0.0,0.0
2018-01-11 03:00:00+00:00,0.0,0.0,0.0,0.0,0.0
2018-01-11 04:00:00+00:00,0.0,0.0,0.0,0.0,0.0
2018-01-11 05:00:00+00:00,36.55763064344099,26.648021863298958,0.0,0.0,63.205652506739945
2018-01-11 06:00:00+00:00,74.48624374322438,55.16707959687478,0.0,0.0,129.65332334009915
2018-01-11 07:00:00+00:00,104.237218441181,78.11253592827228,0.0,0.0,182.34975436945328
2018-01-11 08:00:00+00:00,124.0310154391925,93.38732037756387,0.0,0.0,217.41833581675638
2018-01-11 09:00:00+00:00,134.1655989902506,101.30355400759233,0.0,0.0,235.4691529978429
2018-01-11 10:00:00+00:00,135.12543730785785,101.99015481367178,0.0,0.0,237.11559212152963
2018-01-11 11:00:00+00:00,126.50042601459268,94.63850601420403,0.0,0.0,221.13893202879672
2018-01-11 12:00:00+00:00,106.66084588217205,79.93065542880503,0.0,0.0,186.5915013109771
2018-01-11 13:00:00+00:00,76.495418775656,56.459800107366064,0.0,0.0,132.95521888302207
2018-01-11 14:00:00+00:00,29.66733620869962,20.55493258545227,0.0,0.0,50.22226879415189
2018-01-11 15:00:00+00:00,0.0,0.0,0.0,0.0,0.0
2018-01-11 16:00:00+00:00,0.0,0.0,0.0,0.0,0.0
2018-01-11 17:00:00+00:00,0.0,0.0,0.0,0.0,0.0
2018-01-11 18:00:00+00:00,0.0,0.0,0.0,0.0,0.0
2018-01-11 19:00:00+00:00,0.0,0.0,0.0,0.0,0.0
2018-01-11 20:00:00+00:00,0.0,0.0,0.0,0.0,0.0
2018-01-11 21:00:00+00:00,0.0,0.0,0.0,0.0,0.0
2018-01-11 22:00:00+00:00,0.0,0.0,0.0,0.0,0.0
2018-01-11 23:00:00+00:00,0.0,0.0,0.0,0.0,0.0
2018-01-12 00:00:00+00:00,0.0,0.0,0.0,0.0,0.0
2018-01-12 01:00:00+00:00,0.0,0.0,0.0,0.0,0.0
2018-01-12 02:00:00+00:00,0.0,0.0,0.0,0.0,0.0
2018-01-12 03:00:00+00:00,0.0,0.0,0.0,0.0,0.0
2018-01-12 04:00:00+00:00,0.0,0.0,0.0,0.0,0.0
2018-01-12 05:00:00+00:00,27.1339814295765,17.91877996104449,0.0,0.0,45.05276139062099
2018-01-12 06:00:00+00:00,64.36075260830914,45.46940304945581,0.0,0.0,109.83015565776495
2018-01-12 07:00:00+00:00,94.51279806974819,68.50735454852835,0.0,0.0,163.02015261827654
2018-01-12 08:00:00+00:00,115.27880836981618,84.45217720980452,0.0,0.0,199.7309855796207
2018-01-12 09:00:00+00:00,126.43311815011677,93.70474425679845,0.0,0.0,220.13786240691522
2018-01-12 10:00:00+00:00,127.54481157208932,94.1139376224681,0.0,0.0,221.6587491945574
2018-01-12 11:00:00+00:00,117.70676267112148,86.5226089298935,0.0,0.0,204.22937160101498
2018-01-12 12:00:00+00:00,96.23830475981173,70.23112394670105,0.0,0.0,166.46942870651276
2018-01-12 13:00:00+00:00,62.683227428395085,44.65308354625457,0.0,0.0,107.33631097464965
2018-01-12 14:00:00+00:00,14.478790474592564,9.158712484644417,0.0,0.0,23.637502959236983
2018-01-12 15:00:00+00:00,0.0,0.0,0.0,0.0,0.0
2018-01-12 16:00:00+00:00,0.0,0.0,0.0,0.0,0.0
2018-01-12 17:00:00+00:00,0.0,0.0,0.0,0.0,0.0
2018-01-12 18:00:00+00:00,0.0,0.0,0.0,0.0,0.0
2018-01-12 19:00:00+00:00,0.0,0.0,0.0,0.0,0.0
2018-01-12 20:00:00+00:00,0.0,0.0,0.0,0.0,0.0
2018-01-12 21:00:00+00:00,0.0,0.0,0.0,0.0,0.0
2018-01-12 22:00:00+00:00,0.0,0.0,0.0,0.0,0.0
2018-01-12 23:00:00+00:00,0.0,0.0,0.0,0.0,0.0
2018-01-13 00:00:00+00:00,0.0,0.0,0.0,0.0,0.0
2018-01-13 01:00:00+00:00,0.0,0.0,0.0,0.0,0.0
2018-01-13 02:00:00+00:00,0.0,0.0,0.0,0.0,0.0
2018-01-13 03:00:00+00:00,0.0,0.0,0.0,0.0,0.0
2018-01-13 04:00:00+00:00,0.0,0.0,0.0,0.0,0.0
2018-01-13 05:00:00+00:00,32.488137150430404,22.234780559154224,0.0,0.0,54.72291770958463
2018-01-13 06:00:00+00:00,70.98988756136556,51.215105243427196,0.0,0.0,122.20499280479277
2018-01-13 07:00:00+00:00,101.02504794995914,74.31075448249607,0.0,0.0,175.3358024324552
2018-01-13 08:00:00+00:00,120.84118438677189,89.69599608319291,0.0,0.0,210.5371804699648
2018-01-13 09:00:00+00:00,127.70790680772222,95.49935380725927,0.0,0.0,223.2072606149815
2018-01-13 10:00:00+00:00,126.48661740065509,94.97227089183791,0.0,0.0,221.458888292493
2018-01-13 11:00:00+00:00,88.56053426733729,86.94080171815222,0.0,0.0,175.5013359854895
2018-01-13 12:00:00+00:00,59.93248390729542,62.39533385604944,0.0,0.0,122.32781776334485
2018-01-13 13:00:00+00:00,49.25008034245339,16.436851351970578,0.0,0.0,65.68693169442396
2018-01-13 14:00:00+00:00,14.385151154929442,9.7980038047145,0.0,0.0,24.183154959643943
2018-01-13 15:00:00+00:00,0.0,0.0,0.0,0.0,0.0
2018-01-13 16:00:00+00:00,0.0,0.0,0.0,0.0,0.0
2018-01-13 17:00:00+00:00,0.0,0.0,0.0,0.0,0.0
2018-01-13 18:00:00+00:00,0.0,0.0,0.0,0.0,0.0
2018-01-13 19:00:00+00:00,0.0,0.0,0.0,0.0,0.0
2018-01-13 20:00:00+00:00,0.0,0.0,0.0,0.0,0.0
2018-01-13 21:00:00+00:00,0.0,0.0,0.0,0.0,0.0
2018-01-13 22:00:00+00:00,0.0,0.0,0.0,0.0,0.0
2018-01-13 23:00:00+00:00,0.0,0.0,0.0,0.0,0.0
2018-01-14 00:00:00+00:00,0.0,0.0,0.0,0.0,0.0
2018-01-14 01:00:00+00:00,0.0,0.0,0.0,0.0,0.0
2018-01-14 02:00:00+00:00,0.0,0.0,0.0,0.0,0.0
2018-01-14 03:00:00+00:00,0.0,0.0,0.0,0.0,0.0
2018-01-14 04:00:00+00:00,0.0,0.0,0.0,0.0,0.0
2018-01-14 05:00:00+00:00,26.49443681861232,19.102801097088282,0.0,0.0,45.5972379157006
2018-01-14 06:00:00+00:00,66.84107726113041,49.16226554505497,0.0,0.0,116.00334280618537
2018-01-14 07:00:00+00:00,99.66066770885126,74.03081348667573,0.0,0.0,173.691481195527
2018-01-14 08:00:00+00:00,121.92920438691928,90.904171608939,0.0,0.0,212.83337599585826
2018-01-14 09:00:00+00:00,135.26044787394198,100.5807850544912,0.0,0.0,235.8412329284332
2018-01-14 10:00:00+00:00,136.3458002004591,101.14217603927963,0.0,0.0,237.48797623973874
2018-01-14 11:00:00+00:00,125.61865277842091,92.69553572825939,0.0,0.0,218.3141885066803
2018-01-14 12:00:00+00:00,102.89739947825493,74.9507206085373,0.0,0.0,177.84812008679222
2018-01-14 13:00:00+00:00,65.96261867266686,46.696446956237224,0.0,0.0,112.65906562890409
2018-01-14 14:00:00+00:00,13.849694235065957,8.891825315554161,0.0,0.0,22.74151955062012
2018-01-14 15:00:00+00:00,0.0,0.0,0.0,0.0,0.0
2018-01-14 16:00:00+00:00,0.0,0.0,0.0,0.0,0.0
2018-01-14 17:00:00+00:00,0.0,0.0,0.0,0.0,0.0
2018-01-14 18:00:00+00:00,0.0,0.0,0.0,0.0,0.0
2018-01-14 19:00:00+00:00,0.0,0.0,0.0,0.0,0.0
2018-01-14 20:00:00+00:00,0.0,0.0,0.0,0.0,0.0
2018-01-14 21:00:00+00:00,0.0,0.0,0.0,0.0,0.0
2018-01-14 22:00:00+00:00,0.0,0.0,0.0,0.0,0.0
2018-01-14 23:00:00+00:00,0.0,0.0,0.0,0.0,0.0
2018-01-15 00:00:00+00:00,0.0,0.0,0.0,0.0,0.0
2018-01-15 01:00:00+00:00,0.0,0.0,0.0,0.0,0.0
2018-01-15 02:00:00+00:00,0.0,0.0,0.0,0.0,0.0
2018-01-15 03:00:00+00:00,0.0,0.0,0.0,0.0,0.0
2018-01-15 04:00:00+00:00,0.0,0.0,0.0,0.0,0.0
2018-01-15 05:00:00+00:00,21.120364245899395,23.996361049103008,0.0,0.0,45.116725295002404
2018-01-15 06:00:00+00:00,18.478229748123795,7.5482465333775846,0.0,0.0,26.02647628150138
2018-01-15 07:00:00+00:00,43.302164230797445,39.09962713663383,0.0,0.0,82.40179136743127
2018-01-15 08:00:00+00:00,53.41090139774582,58.047630433737694,0.0,0.0,111.45853183148351
2018-01-15 09:00:00+00:00,62.48492621466784,65.83752999548244,0.0,0.0,128.32245621015028
2018-01-15 10:00:00+00:00,60.667229632107045,65.7348918266737,0.0,0.0,126.40212145878075
2018-01-15 11:00:00+00:00,127.32532066636514,57.08513470146911,0.0,0.0,184.41045536783426
2018-01-15 12:00:00+00:00,60.700486239607685,40.17464624751794,0.0,0.0,100.87513248712563
2018-01-15 13:00:00+00:00,21.9768375738647,57.00661967261759,0.0,0.0,78.98345724648229
2018-01-15 14:00:00+00:00,30.221522164780623,21.76585994797209,0.0,0.0,51.98738211275271
2018-01-15 15:00:00+00:00,0.0,0.0,0.0,0.0,0.0
2018-01-15 16:00:00+00:00,0.0,0.0,0.0,0.0,0.0
2018-01-15 17:00:00+00:00,0.0,0.0,0.0,0.0,0.0
2018-01-15 18:00:00+00:00,0.0,0.0,0.0,0.0,0.0
2018-01-15 19:00:00+00:00,0.0,0.0,0.0,0.0,0.0
2018-01-15 20:00:00+00:00,0.0,0.0,0.0,0.0,0.0
2018-01-15 21:00:00+00:00,0.0,0.0,0.0,0.0,0.0
2018-01-15 22:00:00+00:00,0.0,0.0,0.0,0.0,0.0
2018-01-15 23:00:00+00:00,0.0,0.0,0.0,0.0,0.0
2018-01-16 00:00:00+00:00,0.0,0.0,0.0,0.0,0.0
2018-01-16 01:00:00+00:00,0.0,0.0,0.0,0.0,0.0
2018-01-16 02:00:00+00:00,0.0,0.0,0.0,0.0,0.0
2018-01-16 03:00:00+00:00,0.0,0.0,0.0,0.0,0.0
2018-01-16 04:00:00+00:00,0.0,0.0,0.0,0.0,0.0
2018-01-16 05:00:00+00:00,35.88457009567999,26.342489360263023,0.0,0.0,62.227059455943014
2018-01-16 06:00:00+00:00,74.38129954961045,55.453131015786056,0.0,0.0,129.8344305653965
2018-01-16 07:00:00+00:00,104.68455555033613,78.83269578439159,0.0,0.0,183.51725133472772
2018-01-16 08:00:00+00:00,125.8658050350759,94.82734509578532,0.0,0.0,220.69315013086123
2018-01-16 09:00:00+00:00,136.3348927293599,102.81006864762887,0.0,0.0,239.14496137698876
2018-01-16 10:00:00+00:00,137.5698938606451,103.79381660040347,0.0,0.0,241.36371046104858
2018-01-16 11:00:00+00:00,128.3369481315714,96.98330543017397,0.0,0.0,225.32025356174537
2018-01-16 12:00:00+00:00,106.97649655523271,80.51155891050448,0.0,0.0,187.4880554657372
2018-01-16 13:00:00+00:00,76.07721413043473,57.13582476099691,0.0,0.0,133.21303889143164
2018-01-16 14:00:00+00:00,29.962032384362722,21.994657569630668,0.0,0.0,51.95668995399339
2018-01-16 15:00:00+00:00,0.0,0.0,0.0,0.0,0.0
2018-01-16 16:00:00+00:00,0.0,0.0,0.0,0.0,0.0
2018-01-16 17:00:00+00:00,0.0,0.0,0.0,0.0,0.0
2018-01-16 18:00:00+00:00,0.0,0.0,0.0,0.0,0.0
2018-01-16 19:00:00+00:00,0.0,0.0,0.0,0.0,0.0
2018-01-16 20:00:00+00:00,0.0,0.0,0.0,0.0,0.0
2018-01-16 21:00:00+00:00,0.0,0.0,0.0,0.0,0.0
2018-01-16 22:00:00+00:00,0.0,0.0,0.0,0.0,0.0
2018-01-16 23:00:00+00:00,0.0,0.0,0.0,0.0,0.0
2018-01-17 00:00:00+00:00,0.0,0.0,0.0,0.0,0.0
2018-01-17 01:00:00+00:00,0.0,0.0,0.0,0.0,0.0
2018-01-17 02:00:00+00:00,0.0,0.0,0.0,0.0,0.0
2018-01-17 03:00:00+00:00,0.0,0.0,0.0,0.0,0.0
2018-01-17 04:00:00+00:00,0.0,0.0,0.0,0.0,0.0
2018-01-17 05:00:00+00:00,34.25647894506443,25.11070177185193,0.0,0.0,59.36718071691636
2018-01-17 06:00:00+00:00,73.26414399510482,54.447128731648945,0.0,0.0,127.71127272675376
2018-01-17 07:00:00+00:00,105.0911301220251,78.56302456873956,0.0,0.0,183.65415469076467
2018-01-17 08:00:00+00:00,126.86761814481952,95.66086433973747,0.0,0.0,222.528482484557
2018-01-17 09:00:00+00:00,137.50153411970763,103.07775487815553,0.0,0.0,240.57928899786316
2018-01-17 10:00:00+00:00,138.82942142188287,104.39069071094293,0.0,0.0,243.22011213282582
2018-01-17 11:00:00+00:00,129.9589748971941,97.10094611221058,0.0,0.0,227.0599210094047
2018-01-17 12:00:00+00:00,81.40099777033772,45.861812456967975,0.0,0.0,127.26281022730569
2018-01-17 13:00:00+00:00,12.303434788506875,3.180503915068508,0.0,0.0,15.483938703575383
2018-01-17 14:00:00+00:00,13.620261423209115,16.81977106222134,0.0,0.0,30.440032485430454
2018-01-17 15:00:00+00:00,0.0,0.0,0.0,0.0,0.0
2018-01-17 16:00:00+00:00,0.0,0.0,0.0,0.0,0.0
2018-01-17 17:00:00+00:00,0.0,0.0,0.0,0.0,0.0
2018-01-17 18:00:00+00:00,0.0,0.0,0.0,0.0,0.0
2018-01-17 19:00:00+00:00,0.0,0.0,0.0,0.0,0.0
2018-01-17 20:00:00+00:00,0.0,0.0,0.0,0.0,0.0
2018-01-17 21:00:00+00:00,0.0,0.0,0.0,0.0,0.0
2018-01-17 22:00:00+00:00,0.0,0.0,0.0,0.0,0.0
2018-01-17 23:00:00+00:00,0.0,0.0,0.0,0.0,0.0
2018-01-18 00:00:00+00:00,0.0,0.0,0.0,0.0,0.0
2018-01-18 01:00:00+00:00,0.0,0.0,0.0,0.0,0.0
2018-01-18 02:00:00+00:00,0.0,0.0,0.0,0.0,0.0
2018-01-18 03:00:00+00:00,0.0,0.0,0.0,0.0,0.0
2018-01-18 04:00:00+00:00,0.0,0.0,0.0,0.0,0.0
2018-01-18 05:00:00+00:00,34.94320137485323,24.988310616466144,0.0,0.0,59.931511991319375
2018-01-18 06:00:00+00:00,73.18655364380523,53.902908624356265,0.0,0.0,127.0894622681615
2018-01-18 07:00:00+00:00,103.81668704077356,77.3011526153817,0.0,0.0,181.11783965615524
2018-01-18 08:00:00+00:00,125.16090286654813,93.63658826356289,0.0,0.0,218.797491130111
2018-01-18 09:00:00+00:00,136.97215202213027,102.76939061031845,0.0,0.0,239.74154263244873
2018-01-18 10:00:00+00:00,138.41133804409694,103.79878879629129,0.0,0.0,242.21012684038823
2018-01-18 11:00:00+00:00,129.44069104461926,96.70838322767779,0.0,0.0,226.14907427229704
2018-01-18 12:00:00+00:00,110.16660038362764,81.88933636264522,0.0,0.0,192.05593674627286
2018-01-18 13:00:00+00:00,78.51384712399066,57.618274312411586,0.0,0.0,136.13212143640226
2018-01-18 14:00:00+00:00,31.484973708839142,21.922374051668502,0.0,0.0,53.40734776050765
2018-01-18 15:00:00+00:00,0.0,0.0,0.0,0.0,0.0
2018-01-18 16:00:00+00:00,0.0,0.0,0.0,0.0,0.0
2018-01-18 17:00:00+00:00,0.0,0.0,0.0,0.0,0.0
2018-01-18 18:00:00+00:00,0.0,0.0,0.0,0.0,0.0
2018-01-18 19:00:00+00:00,0.0,0.0,0.0,0.0,0.0
2018-01-18 20:00:00+00:00,0.0,0.0,0.0,0.0,0.0
2018-01-18 21:00:00+00:00,0.0,0.0,0.0,0.0,0.0
2018-01-18 22:00:00+00:00,0.0,0.0,0.0,0.0,0.0
2018-01-18 23:00:00+00:00,0.0,0.0,0.0,0.0,0.0
2018-01-19 00:00:00+00:00,0.0,0.0,0.0,0.0,0.0
2018-01-19 01:00:00+00:00,0.0,0.0,0.0,0.0,0.0
2018-01-19 02:00:00+00:00,0.0,0.0,0.0,0.0,0.0
2018-01-19 03:00:00+00:00,0.0,0.0,0.0,0.0,0.0
2018-01-19 04:00:00+00:00,0.0,0.0,0.0,0.0,0.0
2018-01-19 05:00:00+00:00,12.109764529254733,18.20177756950084,0.0,0.0,30.311542098755574
2018-01-19 06:00:00+00:00,63.95140923032666,47.41974307197593,0.0,0.0,111.37115230230259
2018-01-19 07:00:00+00:00,97.33447614331968,38.660970176571155,0.0,0.0,135.99544631989085
2018-01-19 08:00:00+00:00,121.00181161230287,75.60576866736199,0.0,0.0,196.60758027966486
2018-01-19 09:00:00+00:00,137.00575010880465,87.27604783261214,0.0,0.0,224.28179794141678
2018-01-19 10:00:00+00:00,138.1561607716978,88.53233699711498,0.0,0.0,226.6884977688128
2018-01-19 11:00:00+00:00,80.91525621982578,42.78611651514884,0.0,0.0,123.70137273497463
2018-01-19 12:00:00+00:00,60.969714324922535,27.674919741813994,0.0,0.0,88.64463406673653
2018-01-19 13:00:00+00:00,21.478492230829897,17.28571788799487,0.0,0.0,38.764210118824764
2018-01-19 14:00:00+00:00,10.629809012884554,3.813034315442943,0.0,0.0,14.442843328327497
2018-01-19 15:00:00+00:00,0.0,0.0,0.0,0.0,0.0
2018-01-19 16:00:00+00:00,0.0,0.0,0.0,0.0,0.0
2018-01-19 17:00:00+00:00,0.0,0.0,0.0,0.0,0.0
2018-01-19 18:00:00+00:00,0.0,0.0,0.0,0.0,0.0
2018-01-19 19:00:00+00:00,0.0,0.0,0.0,0.0,0.0
2018-01-19 20:00:00+00:00,0.0,0.0,0.0,0.0,0.0
2018-01-19 21:00:00+00:00,0.0,0.0,0.0,0.0,0.0
2018-01-19 22:00:00+00:00,0.0,0.0,0.0,0.0,0.0
2018-01-19 23:00:00+00:00,0.0,0.0,0.0,0.0,0.0
2018-01-20 00:00:00+00:00,0.0,0.0,0.0,0.0,0.0
2018-01-20 01:00:00+00:00,0.0,0.0,0.0,0.0,0.0
2018-01-20 02:00:00+00:00,0.0,0.0,0.0,0.0,0.0
2018-01-20 03:00:00+00:00,0.0,0.0,0.0,0.0,0.0
2018-01-20 04:00:00+00:00,0.0,0.0,0.0,0.0,0.0
2018-01-20 05:00:00+00:00,34.47811265876868,25.36339328051826,0.0,0.0,59.84150593928694
2018-01-20 06:00:00+00:00,74.13982879971707,55.251523374170105,0.0,0.0,129.39135217388719
2018-01-20 07:00:00+00:00,90.57979711231975,79.63305449232337,0.0,0.0,170.2128516046431
2018-01-20 08:00:00+00:00,128.3136042961286,96.14559675751181,0.0,0.0,224.4592010536404
2018-01-20 09:00:00+00:00,137.758948587307,103.2647584803385,0.0,0.0,241.0237070676455
2018-01-20 10:00:00+00:00,139.08226091529502,104.2788733118013,0.0,0.0,243.36113422709633
2018-01-20 11:00:00+00:00,130.04785855477346,97.32984570569663,0.0,0.0,227.37770426047007
2018-01-20 12:00:00+00:00,110.31216040101852,82.03505382255659,0.0,0.0,192.34721422357512
2018-01-20 13:00:00+00:00,79.03855074186629,58.240537889842145,0.0,0.0,137.27908863170842
2018-01-20 14:00:00+00:00,32.96231973334113,23.195184258758907,0.0,0.0,56.15750399210004
2018-01-20 15:00:00+00:00,0.0,0.0,0.0,0.0,0.0
2018-01-20 16:00:00+00:00,0.0,0.0,0.0,0.0,0.0
2018-01-20 17:00:00+00:00,0.0,0.0,0.0,0.0,0.0
2018-01-20 18:00:00+00:00,0.0,0.0,0.0,0.0,0.0
2018-01-20 19:00:00+00:00,0.0,0.0,0.0,0.0,0.0
2018-01-20 20:00:00+00:00,0.0,0.0,0.0,0.0,0.0
2018-01-20 21:00:00+00:00,0.0,0.0,0.0,0.0,0.0
2018-01-20 22:00:00+00:00,0.0,0.0,0.0,0.0,0.0
2018-01-20 23:00:00+00:00,0.0,0.0,0.0,0.0,0.0
2018-01-21 00:00:00+00:00,0.0,0.0,0.0,0.0,0.0
2018-01-21 01:00:00+00:00,0.0,0.0,0.0,0.0,0.0
2018-01-21 02:00:00+00:00,0.0,0.0,0.0,0.0,0.0
2018-01-21 03:00:00+00:00,0.0,0.0,0.0,0.0,0.0
2018-01-21 04:00:00+00:00,0.0,0.0,0.0,0.0,0.0
2018-01-21 05:00:00+00:00,12.591276864912436,8.302941257947936,0.0,0.0,20.894218122860373
2018-01-21 06:00:00+00:00,50.97955749914573,47.852681125455305,0.0,0.0,98.83223862460103
2018-01-21 07:00:00+00:00,86.95810941883892,79.27474663449641,0.0,0.0,166.23285605333533
2018-01-21 08:00:00+00:00,101.26061739429572,73.16909291025326,0.0,0.0,174.42971030454896
2018-01-21 09:00:00+00:00,108.75130787158426,75.77665145985779,0.0,0.0,184.52795933144205
2018-01-21 10:00:00+00:00,98.91234474566794,83.88208540710315,0.0,0.0,182.7944301527711
2018-01-21 11:00:00+00:00,73.36568146115022,60.0611064873218,0.0,0.0,133.42678794847203
2018-01-21 12:00:00+00:00,86.30483010668466,28.632957148257148,0.0,0.0,114.93778725494181
2018-01-21 13:00:00+00:00,30.590131613911666,29.563575823380173,0.0,0.0,60.15370743729184
2018-01-21 14:00:00+00:00,4.662113194947727,4.332544445521557,0.0,0.0,8.994657640469285
2018-01-21 15:00:00+00:00,0.0,0.0,0.0,0.0,0.0
2018-01-21 16:00:00+00:00,0.0,0.0,0.0,0.0,0.0
2018-01-21 17:00:00+00:00,0.0,0.0,0.0,0.0,0.0
2018-01-21 18:00:00+00:00,0.0,0.0,0.0,0.0,0.0
2018-01-21 19:00:00+00:00,0.0,0.0,0.0,0.0,0.0
2018-01-21 20:00:00+00:00,0.0,0.0,0.0,0.0,0.0
2018-01-21 21:00:00+00:00,0.0,0.0,0.0,0.0,0.0
2018-01-21 22:00:00+00:00,0.0,0.0,0.0,0.0,0.0
2018-01-21 23:00:00+00:00,0.0,0.0,0.0,0.0,0.0
2018-01-22 00:00:00+00:00,0.0,0.0,0.0,0.0,0.0
2018-01-22 01:00:00+00:00,0.0,0.0,0.0,0.0,0.0
2018-01-22 02:00:00+00:00,0.0,0.0,0.0,0.0,0.0
2018-01-22 03:00:00+00:00,0.0,0.0,0.0,0.0,0.0
2018-01-22 04:00:00+00:00,0.0,0.0,0.0,0.0,0.0
2018-01-22 05:00:00+00:00,13.772920775699248,14.906109999835572,0.0,0.0,28.67903077553482
2018-01-22 06:00:00+00:00,58.70164917918744,47.966945816519775,0.0,0.0,106.66859499570722
2018-01-22 07:00:00+00:00,83.81941256129318,56.6676851546128,0.0,0.0,140.48709771590597
2018-01-22 08:00:00+00:00,97.66079367303055,71.25097666706766,0.0,0.0,168.9117703400982
2018-01-22 09:00:00+00:00,100.50604033910074,74.40648266301326,0.0,0.0,174.912523002114
2018-01-22 10:00:00+00:00,90.21343714691258,79.89027467159599,0.0,0.0,170.10371181850857
2018-01-22 11:00:00+00:00,84.5027403747583,67.08161641565403,0.0,0.0,151.58435679041233
2018-01-22 12:00:00+00:00,21.638164682098147,36.95010138801557,0.0,0.0,58.58826607011372
2018-01-22 13:00:00+00:00,29.7444868312715,22.803594323050543,0.0,0.0,52.54808115432205
2018-01-22 14:00:00+00:00,4.358032793938371,3.237225052963524,0.0,0.0,7.5952578469018945
2018-01-22 15:00:00+00:00,0.0,0.0,0.0,0.0,0.0
2018-01-22 16:00:00+00:00,0.0,0.0,0.0,0.0,0.0
2018-01-22 17:00:00+00:00,0.0,0.0,0.0,0.0,0.0
2018-01-22 18:00:00+00:00,0.0,0.0,0.0,0.0,0.0
2018-01-22 19:00:00+00:00,0.0,0.0,0.0,0.0,0.0
2018-01-22 20:00:00+00:00,0.0,0.0,0.0,0.0,0.0
2018-01-22 21:00:00+00:00,0.0,0.0,0.0,0.0,0.0
2018-01-22 22:00:00+00:00,0.0,0.0,0.0,0.0,0.0
2018-01-22 23:00:00+00:00,0.0,0.0,0.0,0.0,0.0
2018-01-23 00:00:00+00:00,0.0,0.0,0.0,0.0,0.0
2018-01-23 01:00:00+00:00,0.0,0.0,0.0,0.0,0.0
2018-01-23 02:00:00+00:00,0.0,0.0,0.0,0.0,0.0
2018-01-23 03:00:00+00:00,0.0,0.0,0.0,0.0,0.0
2018-01-23 04:00:00+00:00,0.0,0.0,0.0,0.0,0.0
2018-01-23 05:00:00+00:00,23.010326427644248,15.608355755048741,0.0,0.0,38.61868218269299
2018-01-23 06:00:00+00:00,57.96771784290941,41.08679351090929,0.0,0.0,99.0545113538187
2018-01-23 07:00:00+00:00,44.541329171369696,63.87965370087487,0.0,0.0,108.42098287224456
2018-01-23 08:00:00+00:00,46.20493388251238,38.974851663681505,0.0,0.0,85.17978554619388
2018-01-23 09:00:00+00:00,31.711367077135467,34.54476463418449,0.0,0.0,66.25613171131995
2018-01-23 10:00:00+00:00,51.13811467076073,30.252709418176313,0.0,0.0,81.39082408893704
2018-01-23 11:00:00+00:00,64.55873490829863,26.872020412723483,0.0,0.0,91.43075532102212
2018-01-23 12:00:00+00:00,54.89662515694328,34.766638417302175,0.0,0.0,89.66326357424546
2018-01-23 13:00:00+00:00,61.32769767096835,44.58067268202439,0.0,0.0,105.90837035299273
2018-01-23 14:00:00+00:00,13.263616012788525,11.423087084783592,0.0,0.0,24.686703097572117
2018-01-23 15:00:00+00:00,0.0,0.0,0.0,0.0,0.0
2018-01-23 16:00:00+00:00,0.0,0.0,0.0,0.0,0.0
2018-01-23 17:00:00+00:00,0.0,0.0,0.0,0.0,0.0
2018-01-23 18:00:00+00:00,0.0,0.0,0.0,0.0,0.0
2018-01-23 19:00:00+00:00,0.0,0.0,0.0,0.0,0.0
2018-01-23 20:00:00+00:00,0.0,0.0,0.0,0.0,0.0
2018-01-23 21:00:00+00:00,0.0,0.0,0.0,0.0,0.0
2018-01-23 22:00:00+00:00,0.0,0.0,0.0,0.0,0.0
2018-01-23 23:00:00+00:00,0.0,0.0,0.0,0.0,0.0
2018-01-24 00:00:00+00:00,0.0,0.0,0.0,0.0,0.0
2018-01-24 01:00:00+00:00,0.0,0.0,0.0,0.0,0.0
2018-01-24 02:00:00+00:00,0.0,0.0,0.0,0.0,0.0
2018-01-24 03:00:00+00:00,0.0,0.0,0.0,0.0,0.0
2018-01-24 04:00:00+00:00,0.0,0.0,0.0,0.0,0.0
2018-01-24 05:00:00+00:00,18.257907114706352,20.24392588319219,0.0,0.0,38.501832997898546
2018-01-24 06:00:00+00:00,65.59975349723473,41.88628225012379,0.0,0.0,107.48603574735853
2018-01-24 07:00:00+00:00,45.387961365583585,31.98948894518646,0.0,0.0,77.37745031077004
2018-01-24 08:00:00+00:00,62.422169333470265,47.656951988494036,0.0,0.0,110.0791213219643
2018-01-24 09:00:00+00:00,125.49642690460199,82.55177819663587,0.0,0.0,208.04820510123784
2018-01-24 10:00:00+00:00,125.97293235139091,94.79204741615463,0.0,0.0,220.76497976754553
2018-01-24 11:00:00+00:00,116.28402793004034,87.46928438762703,0.0,0.0,203.75331231766737
2018-01-24 12:00:00+00:00,95.54545678089063,71.98204376488249,0.0,0.0,167.52750054577314
2018-01-24 13:00:00+00:00,63.69529554633327,47.53808058420678,0.0,0.0,111.23337613054005
2018-01-24 14:00:00+00:00,19.522426735889557,14.349184252731167,0.0,0.0,33.87161098862072
2018-01-24 15:00:00+00:00,0.0,0.0,0.0,0.0,0.0
2018-01-24 16:00:00+00:00,0.0,0.0,0.0,0.0,0.0
2018-01-24 17:00:00+00:00,0.0,0.0,0.0,0.0,0.0
2018-01-24 18:00:00+00:00,0.0,0.0,0.0,0.0,0.0
2018-01-24 19:00:00+00:00,0.0,0.0,0.0,0.0,0.0
2018-01-24 20:00:00+00:00,0.0,0.0,0.0,0.0,0.0
2018-01-24 21:00:00+00:00,0.0,0.0,0.0,0.0,0.0
2018-01-24 22:00:00+00:00,0.0,0.0,0.0,0.0,0.0
2018-01-24 23:00:00+00:00,0.0,0.0,0.0,0.0,0.0
2018-01-25 00:00:00+00:00,0.0,0.0,0.0,0.0,0.0
2018-01-25 01:00:00+00:00,0.0,0.0,0.0,0.0,0.0
2018-01-25 02:00:00+00:00,0.0,0.0,0.0,0.0,0.0
2018-01-25 03:00:00+00:00,0.0,0.0,0.0,0.0,0.0
2018-01-25 04:00:00+00:00,0.0,0.0,0.0,0.0,0.0
2018-01-25 05:00:00+00:00,19.498194919110915,6.260536758277027,0.0,0.0,25.758731677387942
2018-01-25 06:00:00+00:00,66.80950349539421,48.87192134420617,0.0,0.0,115.68142483960038
2018-01-25 07:00:00+00:00,66.87743999730017,52.22128300336506,0.0,0.0,119.09872300066523
2018-01-25 08:00:00+00:00,64.6837664104647,45.63061165952906,0.0,0.0,110.31437806999375
2018-01-25 09:00:00+00:00,54.652019854057414,51.57925074691292,0.0,0.0,106.23127060097033
2018-01-25 10:00:00+00:00,98.75611697697143,32.73657568503113,0.0,0.0,131.49269266200255
2018-01-25 11:00:00+00:00,103.96407615051962,21.731567487561332,0.0,0.0,125.69564363808095
2018-01-25 12:00:00+00:00,9.675684416756226,4.057632364828386,0.0,0.0,13.733316781584612
2018-01-25 13:00:00+00:00,14.406241857075592,5.699330031518967,0.0,0.0,20.10557188859456
2018-01-25 14:00:00+00:00,2.982638232108729,1.5083572086536294,0.0,0.0,4.490995440762358
2018-01-25 15:00:00+00:00,0.0,0.0,0.0,0.0,0.0
2018-01-25 16:00:00+00:00,0.0,0.0,0.0,0.0,0.0
2018-01-25 17:00:00+00:00,0.0,0.0,0.0,0.0,0.0
2018-01-25 18:00:00+00:00,0.0,0.0,0.0,0.0,0.0
2018-01-25 19:00:00+00:00,0.0,0.0,0.0,0.0,0.0
2018-01-25 20:00:00+00:00,0.0,0.0,0.0,0.0,0.0
2018-01-25 21:00:00+00:00,0.0,0.0,0.0,0.0,0.0
2018-01-25 22:00:00+00:00,0.0,0.0,0.0,0.0,0.0
2018-01-25 23:00:00+00:00,0.0,0.0,0.0,0.0,0.0
2018-01-26 00:00:00+00:00,0.0,0.0,0.0,0.0,0.0
2018-01-26 01:00:00+00:00,0.0,0.0,0.0,0.0,0.0
2018-01-26 02:00:00+00:00,0.0,0.0,0.0,0.0,0.0
2018-01-26 03:00:00+00:00,0.0,0.0,0.0,0.0,0.0
2018-01-26 04:00:00+00:00,0.0,0.0,0.0,0.0,0.0
2018-01-26 05:00:00+00:00,10.11643264362322,16.299345134284003,0.0,0.0,26.415777777907223
2018-01-26 06:00:00+00:00,60.347869031423194,41.47883215286822,0.0,0.0,101.82670118429141
2018-01-26 07:00:00+00:00,86.07980149013697,36.19832386652657,0.0,0.0,122.27812535666354
2018-01-26 08:00:00+00:00,70.61502332405252,79.86736015073639,0.0,0.0,150.4823834747889
2018-01-26 09:00:00+00:00,67.95421438932466,52.12956688211995,0.0,0.0,120.08378127144462
2018-01-26 10:00:00+00:00,72.65330075262126,37.9034810474687,0.0,0.0,110.55678180008996
2018-01-26 11:00:00+00:00,31.375367604134517,21.473178917403843,0.0,0.0,52.84854652153836
2018-01-26 12:00:00+00:00,36.098007781821785,31.86199372325393,0.0,0.0,67.96000150507572
2018-01-26 13:00:00+00:00,21.295033795911603,20.62677719405932,0.0,0.0,41.92181098997092
2018-01-26 14:00:00+00:00,1.819318421054338,4.783594833598545,0.0,0.0,6.602913254652883
2018-01-26 15:00:00+00:00,0.0,0.0,0.0,0.0,0.0
2018-01-26 16:00:00+00:00,0.0,0.0,0.0,0.0,0.0
2018-01-26 17:00:00+00:00,0.0,0.0,0.0,0.0,0.0
2018-01-26 18:00:00+00:00,0.0,0.0,0.0,0.0,0.0
2018-01-26 19:00:00+00:00,0.0,0.0,0.0,0.0,0.0
2018-01-26 20:00:00+00:00,0.0,0.0,0.0,0.0,0.0
2018-01-26 21:00:00+00:00,0.0,0.0,0.0,0.0,0.0
2018-01-26 22:00:00+00:00,0.0,0.0,0.0,0.0,0.0
2018-01-26 23:00:00+00:00,0.0,0.0,0.0,0.0,0.0
2018-01-27 00:00:00+00:00,0.0,0.0,0.0,0.0,0.0
2018-01-27 01:00:00+00:00,0.0,0.0,0.0,0.0,0.0
2018-01-27 02:00:00+00:00,0.0,0.0,0.0,0.0,0.0
2018-01-27 03:00:00+00:00,0.0,0.0,0.0,0.0,0.0
2018-01-27 04:00:00+00:00,0.0,0.0,0.0,0.0,0.0
2018-01-27 05:00:00+00:00,1.0072471952366449,0.8389174532851104,0.0,0.0,1.8461646485217553
2018-01-27 06:00:00+00:00,43.732815801646865,3.9138473679775876,0.0,0.0,47.64666316962445
2018-01-27 07:00:00+00:00,67.97463893461318,10.273481839480537,0.0,0.0,78.24812077409372
2018-01-27 08:00:00+00:00,85.9527172160721,23.669860346088285,0.0,0.0,109.62257756216039
2018-01-27 09:00:00+00:00,122.39906345607605,36.21596329344848,0.0,0.0,158.61502674952453
2018-01-27 10:00:00+00:00,93.58977866819777,34.36119727501767,0.0,0.0,127.95097594321544
2018-01-27 11:00:00+00:00,65.37590414880006,39.10050555814305,0.0,0.0,104.47640970694312
2018-01-27 12:00:00+00:00,30.032728136662428,44.414666498051545,0.0,0.0,74.44739463471397
2018-01-27 13:00:00+00:00,27.684218102125264,18.913828243854674,0.0,0.0,46.59804634597994
2018-01-27 14:00:00+00:00,28.33291894793515,2.3266469381742336,0.0,0.0,30.659565886109384
2018-01-27 15:00:00+00:00,0.0,0.0,0.0,0.0,0.0
2018-01-27 16:00:00+00:00,0.0,0.0,0.0,0.0,0.0
2018-01-27 17:00:00+00:00,0.0,0.0,0.0,0.0,0.0
2018-01-27 18:00:00+00:00,0.0,0.0,0.0,0.0,0.0
2018-01-27 19:00:00+00:00,0.0,0.0,0.0,0.0,0.0
2018-01-27 20:00:00+00:00,0.0,0.0,0.0,0.0,0.0
2018-01-27 21:00:00+00:00,0.0,0.0,0.0,0.0,0.0
2018-01-27 22:00:00+00:00,0.0,0.0,0.0,0.0,0.0
2018-01-27 23:00:00+00:00,0.0,0.0,0.0,0.0,0.0
2018-01-28 00:00:00+00:00,0.0,0.0,0.0,0.0,0.0
2018-01-28 01:00:00+00:00,0.0,0.0,0.0,0.0,0.0
2018-01-28 02:00:00+00:00,0.0,0.0,0.0,0.0,0.0
2018-01-28 03:00:00+00:00,0.0,0.0,0.0,0.0,0.0
2018-01-28 04:00:00+00:00,0.0,0.0,0.0,0.0,0.0
2018-01-28 05:00:00+00:00,32.97270679162224,23.3486799421201,0.0,0.0,56.32138673374234
2018-01-28 06:00:00+00:00,71.7565337106302,52.835264324872696,0.0,0.0,124.59179803550289
2018-01-28 07:00:00+00:00,104.15896932602942,53.63437202653817,0.0,0.0,157.7933413525676
2018-01-28 08:00:00+00:00,126.72848236848088,95.04221226427146,0.0,0.0,221.77069463275234
2018-01-28 09:00:00+00:00,137.62511475575252,102.82679709088464,0.0,0.0,240.45191184663716
2018-01-28 10:00:00+00:00,138.865302736493,104.1087768651976,0.0,0.0,242.9740796016906
2018-01-28 11:00:00+00:00,71.81305037424029,97.37353284986422,0.0,0.0,169.1865832241045
2018-01-28 12:00:00+00:00,38.67107372063198,31.37987289621435,0.0,0.0,70.05094661684633
2018-01-28 13:00:00+00:00,16.476201600294793,21.35422984629283,0.0,0.0,37.830431446587625
2018-01-28 14:00:00+00:00,7.682692137483617,22.16725481212754,0.0,0.0,29.849946949611155
2018-01-28 15:00:00+00:00,0.0,0.0,0.0,0.0,0.0
2018-01-28 16:00:00+00:00,0.0,0.0,0.0,0.0,0.0
2018-01-28 17:00:00+00:00,0.0,0.0,0.0,0.0,0.0
2018-01-28 18:00:00+00:00,0.0,0.0,0.0,0.0,0.0
2018-01-28 19:00:00+00:00,0.0,0.0,0.0,0.0,0.0
2018-01-28 20:00:00+00:00,0.0,0.0,0.0,0.0,0.0
2018-01-28 21:00:00+00:00,0.0,0.0,0.0,0.0,0.0
2018-01-28 22:00:00+00:00,0.0,0.0,0.0,0.0,0.0
2018-01-28 23:00:00+00:00,0.0,0.0,0.0,0.0,0.0
2018-01-29 00:00:00+00:00,0.0,0.0,0.0,0.0,0.0
2018-01-29 01:00:00+00:00,0.0,0.0,0.0,0.0,0.0
2018-01-29 02:00:00+00:00,0.0,0.0,0.0,0.0,0.0
2018-01-29 03:00:00+00:00,0.0,0.0,0.0,0.0,0.0
2018-01-29 04:00:00+00:00,0.0,0.0,0.0,0.0,0.0
2018-01-29 05:00:00+00:00,32.90903815849865,23.831908948927882,0.0,0.0,56.740947107426535
2018-01-29 06:00:00+00:00,33.65924332670468,52.621448941233425,0.0,0.0,86.28069226793811
2018-01-29 07:00:00+00:00,102.85498231718397,77.0738798413372,0.0,0.0,179.92886215852116
2018-01-29 08:00:00+00:00,125.63403916199147,94.41785898002759,0.0,0.0,220.05189814201907
2018-01-29 09:00:00+00:00,134.33307115362885,63.301803963353365,0.0,0.0,197.63487511698222
2018-01-29 10:00:00+00:00,68.7041727370125,59.237714417945675,0.0,0.0,127.94188715495818
2018-01-29 11:00:00+00:00,44.5247045296764,50.92750322642826,0.0,0.0,95.45220775610466
2018-01-29 12:00:00+00:00,38.140861698748814,32.23599288013238,0.0,0.0,70.3768545788812
2018-01-29 13:00:00+00:00,18.251874214331202,21.25288434628353,0.0,0.0,39.50475856061473
2018-01-29 14:00:00+00:00,8.707301741494716,10.021170545066182,0.0,0.0,18.728472286560898
2018-01-29 15:00:00+00:00,0.0,0.0,0.0,0.0,0.0
2018-01-29 16:00:00+00:00,0.0,0.0,0.0,0.0,0.0
2018-01-29 17:00:00+00:00,0.0,0.0,0.0,0.0,0.0
2018-01-29 18:00:00+00:00,0.0,0.0,0.0,0.0,0.0
2018-01-29 19:00:00+00:00,0.0,0.0,0.0,0.0,0.0
2018-01-29 20:00:00+00:00,0.0,0.0,0.0,0.0,0.0
2018-01-29 21:00:00+00:00,0.0,0.0,0.0,0.0,0.0
2018-01-29 22:00:00+00:00,0.0,0.0,0.0,0.0,0.0
2018-01-29 23:00:00+00:00,0.0,0.0,0.0,0.0,0.0
2018-01-30 00:00:00+00:00,0.0,0.0,0.0,0.0,0.0
2018-01-30 01:00:00+00:00,0.0,0.0,0.0,0.0,0.0
2018-01-30 02:00:00+00:00,0.0,0.0,0.0,0.0,0.0
2018-01-30 03:00:00+00:00,0.0,0.0,0.0,0.0,0.0
2018-01-30 04:00:00+00:00,0.0,0.0,0.0,0.0,0.0
2018-01-30 05:00:00+00:00,34.17513310929149,25.082127786351293,0.0,0.0,59.25726089564278
2018-01-30 06:00:00+00:00,73.10303960904395,54.46899220283976,0.0,0.0,127.5720318118837
2018-01-30 07:00:00+00:00,105.04612713005707,78.78317000654731,0.0,0.0,183.8292971366044
2018-01-30 08:00:00+00:00,127.55082820882137,95.82191592353414,0.0,0.0,223.3727441323555
2018-01-30 09:00:00+00:00,140.08101805886818,105.09261178944611,0.0,0.0,245.1736298483143
2018-01-30 10:00:00+00:00,141.7366627094318,106.65054305947136,0.0,0.0,248.3872057689032
2018-01-30 11:00:00+00:00,132.7778306503649,99.83617668655175,0.0,0.0,232.61400733691664
2018-01-30 12:00:00+00:00,109.19295854102192,81.68268176426575,0.0,0.0,190.87564030528767
2018-01-30 13:00:00+00:00,78.16050506267597,57.99735395966763,0.0,0.0,136.1578590223436
2018-01-30 14:00:00+00:00,33.78467730336484,24.463427592500835,0.0,0.0,58.24810489586567
2018-01-30 15:00:00+00:00,0.0,0.0,0.0,0.0,0.0
2018-01-30 16:00:00+00:00,0.0,0.0,0.0,0.0,0.0
2018-01-30 17:00:00+00:00,0.0,0.0,0.0,0.0,0.0
2018-01-30 18:00:00+00:00,0.0,0.0,0.0,0.0,0.0
2018-01-30 19:00:00+00:00,0.0,0.0,0.0,0.0,0.0
2018-01-30 20:00:00+00:00,0.0,0.0,0.0,0.0,0.0
2018-01-30 21:00:00+00:00,0.0,0.0,0.0,0.0,0.0
2018-01-30 22:00:00+00:00,0.0,0.0,0.0,0.0,0.0
2018-01-30 23:00:00+00:00,0.0,0.0,0.0,0.0,0.0
2018-01-31 00:00:00+00:00,0.0,0.0,0.0,0.0,0.0
2018-01-31 01:00:00+00:00,0.0,0.0,0.0,0.0,0.0
2018-01-31 02:00:00+00:00,0.0,0.0,0.0,0.0,0.0
2018-01-31 03:00:00+00:00,0.0,0.0,0.0,0.0,0.0
2018-01-31 04:00:00+00:00,0.0,0.0,0.0,0.0,0.0
2018-01-31 05:00:00+00:00,36.10695905393281,26.316381477723077,0.0,0.0,62.42334053165589
2018-01-31 06:00:00+00:00,74.6555067309295,55.48987293641575,0.0,0.0,130.14537966734525
2018-01-31 07:00:00+00:00,105.88436348809157,79.32862030411539,0.0,0.0,185.21298379220696
2018-01-31 08:00:00+00:00,127.90332892497324,96.23404334200893,0.0,0.0,224.13737226698217
2018-01-31 09:00:00+00:00,134.34924240033845,100.96034883342271,0.0,0.0,235.30959123376118
2018-01-31 10:00:00+00:00,136.08546482627733,101.93261517957097,0.0,0.0,238.0180800058483
2018-01-31 11:00:00+00:00,127.12783101041364,95.30286264621107,0.0,0.0,222.43069365662473
2018-01-31 12:00:00+00:00,104.47853306972155,78.4707286367911,0.0,0.0,182.94926170651263
2018-01-31 13:00:00+00:00,73.13674503658112,54.5563892587696,0.0,0.0,127.69313429535072
2018-01-31 14:00:00+00:00,28.815717026088922,21.07700225426335,0.0,0.0,49.89271928035227
2018-01-31 15:00:00+00:00,0.0,0.0,0.0,0.0,0.0
2018-01-31 16:00:00+00:00,0.0,0.0,0.0,0.0,0.0
2018-01-31 17:00:00+00:00,0.0,0.0,0.0,0.0,0.0
2018-01-31 18:00:00+00:00,0.0,0.0,0.0,0.0,0.0
2018-01-31 19:00:00+00:00,0.0,0.0,0.0,0.0,0.0
2018-01-31 20:00:00+00:00,0.0,0.0,0.0,0.0,0.0
2018-01-31 21:00:00+00:00,0.0,0.0,0.0,0.0,0.0
2018-01-31 22:00:00+00:00,0.0,0.0,0.0,0.0,0.0
2018-01-31 23:00:00+00:00,0.0,0.0,0.0,0.0,0.0
2018-02-01 00:00:00+00:00,0.0,0.0,0.0,0.0,0.0
2018-02-01 01:00:00+00:00,0.0,0.0,0.0,0.0,0.0
2018-02-01 02:00:00+00:00,0.0,0.0,0.0,0.0,0.0
2018-02-01 03:00:00+00:00,0.0,0.0,0.0,0.0,0.0
2018-02-01 04:00:00+00:00,0.0,0.0,0.0,0.0,0.0
2018-02-01 05:00:00+00:00,36.320065043029295,26.362541489295722,0.0,0.0,62.68260653232502
2018-02-01 06:00:00+00:00,75.13273264657144,55.76865478001403,0.0,0.0,130.90138742658547
2018-02-01 07:00:00+00:00,106.05047212305931,79.50109913339959,0.0,0.0,185.55157125645889
2018-02-01 08:00:00+00:00,127.49578688496712,95.43927584267436,0.0,0.0,222.93506272764148
2018-02-01 09:00:00+00:00,136.50690818499754,102.70111569244105,0.0,0.0,239.2080238774386
2018-02-01 10:00:00+00:00,138.1953487718354,103.96045994857793,0.0,0.0,242.15580872041335
2018-02-01 11:00:00+00:00,129.49088081677584,97.3613820978674,0.0,0.0,226.85226291464323
2018-02-01 12:00:00+00:00,103.52186551878542,77.5029749727404,0.0,0.0,181.02484049152582
2018-02-01 13:00:00+00:00,72.1983856401173,53.72667799229592,0.0,0.0,125.92506363241321
2018-02-01 14:00:00+00:00,28.05719823133871,20.42553852827961,0.0,0.0,48.48273675961832
2018-02-01 15:00:00+00:00,0.0,0.0,0.0,0.0,0.0
2018-02-01 16:00:00+00:00,0.0,0.0,0.0,0.0,0.0
2018-02-01 17:00:00+00:00,0.0,0.0,0.0,0.0,0.0
2018-02-01 18:00:00+00:00,0.0,0.0,0.0,0.0,0.0
2018-02-01 19:00:00+00:00,0.0,0.0,0.0,0.0,0.0
2018-02-01 20:00:00+00:00,0.0,0.0,0.0,0.0,0.0
2018-02-01 21:00:00+00:00,0.0,0.0,0.0,0.0,0.0
2018-02-01 22:00:00+00:00,0.0,0.0,0.0,0.0,0.0
2018-02-01 23:00:00+00:00,0.0,0.0,0.0,0.0,0.0
2018-02-02 00:00:00+00:00,0.0,0.0,0.0,0.0,0.0
2018-02-02 01:00:00+00:00,0.0,0.0,0.0,0.0,0.0
2018-02-02 02:00:00+00:00,0.0,0.0,0.0,0.0,0.0
2018-02-02 03:00:00+00:00,0.0,0.0,0.0,0.0,0.0
2018-02-02 04:00:00+00:00,0.0,0.0,0.0,0.0,0.0
2018-02-02 05:00:00+00:00,31.66171851164438,23.047214302049753,0.0,0.0,54.70893281369413
2018-02-02 06:00:00+00:00,68.76492359760951,50.62183668775862,0.0,0.0,119.38676028536813
2018-02-02 07:00:00+00:00,97.96709914228168,72.82549715578685,0.0,0.0,170.79259629806853
2018-02-02 08:00:00+00:00,118.86665154407729,88.58170498206009,0.0,0.0,207.4483565261374
2018-02-02 09:00:00+00:00,128.85830218673127,96.26638784090224,0.0,0.0,225.1246900276335
2018-02-02 10:00:00+00:00,129.97960290967785,97.28457513334419,0.0,0.0,227.26417804302204
2018-02-02 11:00:00+00:00,121.32833157089075,90.57709329707998,0.0,0.0,211.90542486797074
2018-02-02 12:00:00+00:00,96.90400648731016,72.09829397550384,0.0,0.0,169.002300462814
2018-02-02 13:00:00+00:00,64.98142848329786,47.76632225605283,0.0,0.0,112.74775073935069
2018-02-02 14:00:00+00:00,22.350882728179727,16.318651776766433,0.0,0.0,38.66953450494616
2018-02-02 15:00:00+00:00,0.0,0.0,0.0,0.0,0.0
2018-02-02 16:00:00+00:00,0.0,0.0,0.0,0.0,0.0
2018-02-02 17:00:00+00:00,0.0,0.0,0.0,0.0,0.0
2018-02-02 18:00:00+00:00,0.0,0.0,0.0,0.0,0.0
2018-02-02 19:00:00+00:00,0.0,0.0,0.0,0.0,0.0
2018-02-02 20:00:00+00:00,0.0,0.0,0.0,0.0,0.0
2018-02-02 21:00:00+00:00,0.0,0.0,0.0,0.0,0.0
2018-02-02 22:00:00+00:00,0.0,0.0,0.0,0.0,0.0
2018-02-02 23:00:00+00:00,0.0,0.0,0.0,0.0,0.0
2018-02-03 00:00:00+00:00,0.0,0.0,0.0,0.0,0.0
2018-02-03 01:00:00+00:00,0.0,0.0,0.0,0.0,0.0
2018-02-03 02:00:00+00:00,0.0,0.0,0.0,0.0,0.0
2018-02-03 03:00:00+00:00,0.0,0.0,0.0,0.0,0.0
2018-02-03 04:00:00+00:00,0.0,0.0,0.0,0.0,0.0
2018-02-03 05:00:00+00:00,20.68990576826431,13.458687239461412,0.0,0.0,34.14859300772572
2018-02-03 06:00:00+00:00,55.67548462447608,42.966081345364316,0.0,0.0,98.6415659698404
2018-02-03 07:00:00+00:00,90.97229791345637,75.81076697065896,0.0,0.0,166.78306488411533
2018-02-03 08:00:00+00:00,122.34533150706955,91.8358271134769,0.0,0.0,214.18115862054646
2018-02-03 09:00:00+00:00,133.48511196328258,100.37817912503685,0.0,0.0,233.86329108831944
2018-02-03 10:00:00+00:00,134.96567971969534,101.32339355781355,0.0,0.0,236.2890732775089
2018-02-03 11:00:00+00:00,127.32301717080152,95.35402251709318,0.0,0.0,222.6770396878947
2018-02-03 12:00:00+00:00,107.20511476353929,52.15641808434173,0.0,0.0,159.36153284788102
2018-02-03 13:00:00+00:00,75.87384652187188,55.926963312825464,0.0,0.0,131.80080983469736
2018-02-03 14:00:00+00:00,32.304399920119195,22.950702272640378,0.0,0.0,55.25510219275957
2018-02-03 15:00:00+00:00,0.0,0.0,0.0,0.0,0.0
2018-02-03 16:00:00+00:00,0.0,0.0,0.0,0.0,0.0
2018-02-03 17:00:00+00:00,0.0,0.0,0.0,0.0,0.0
2018-02-03 18:00:00+00:00,0.0,0.0,0.0,0.0,0.0
2018-02-03 19:00:00+00:00,0.0,0.0,0.0,0.0,0.0
2018-02-03 20:00:00+00:00,0.0,0.0,0.0,0.0,0.0
2018-02-03 21:00:00+00:00,0.0,0.0,0.0,0.0,0.0
2018-02-03 22:00:00+00:00,0.0,0.0,0.0,0.0,0.0
2018-02-03 23:00:00+00:00,0.0,0.0,0.0,0.0,0.0
2018-02-04 00:00:00+00:00,0.0,0.0,0.0,0.0,0.0
2018-02-04 01:00:00+00:00,0.0,0.0,0.0,0.0,0.0
2018-02-04 02:00:00+00:00,0.0,0.0,0.0,0.0,0.0
2018-02-04 03:00:00+00:00,0.0,0.0,0.0,0.0,0.0
2018-02-04 04:00:00+00:00,0.0,0.0,0.0,0.0,0.0
2018-02-04 05:00:00+00:00,14.554634189899996,13.466920907663201,0.0,0.0,28.021555097563198
2018-02-04 06:00:00+00:00,56.16254137651324,42.995877453484475,0.0,0.0,99.15841882999771
2018-02-04 07:00:00+00:00,85.96565416980408,66.44058298168191,0.0,0.0,152.40623715148598
2018-02-04 08:00:00+00:00,119.9749017637246,90.10882738695074,0.0,0.0,210.08372915067534
2018-02-04 09:00:00+00:00,131.1099902112362,99.08671867878274,0.0,0.0,230.19670889001895
2018-02-04 10:00:00+00:00,133.35587263779814,101.03485404205128,0.0,0.0,234.39072667984942
2018-02-04 11:00:00+00:00,125.47600460275163,95.02392382617549,0.0,0.0,220.49992842892712
2018-02-04 12:00:00+00:00,106.1872602273314,80.13920676395631,0.0,0.0,186.3264669912877
2018-02-04 13:00:00+00:00,48.36670462002276,57.67639837410934,0.0,0.0,106.0431029941321
2018-02-04 14:00:00+00:00,2.4559726093331666,25.641599178360483,0.0,0.0,28.09757178769365
2018-02-04 15:00:00+00:00,0.0,0.0,0.0,0.0,0.0
2018-02-04 16:00:00+00:00,0.0,0.0,0.0,0.0,0.0
2018-02-04 17:00:00+00:00,0.0,0.0,0.0,0.0,0.0
2018-02-04 18:00:00+00:00,0.0,0.0,0.0,0.0,0.0
2018-02-04 19:00:00+00:00,0.0,0.0,0.0,0.0,0.0
2018-02-04 20:00:00+00:00,0.0,0.0,0.0,0.0,0.0
2018-02-04 21:00:00+00:00,0.0,0.0,0.0,0.0,0.0
2018-02-04 22:00:00+00:00,0.0,0.0,0.0,0.0,0.0
2018-02-04 23:00:00+00:00,0.0,0.0,0.0,0.0,0.0
2018-02-05 00:00:00+00:00,0.0,0.0,0.0,0.0,0.0
2018-02-05 01:00:00+00:00,0.0,0.0,0.0,0.0,0.0
2018-02-05 02:00:00+00:00,0.0,0.0,0.0,0.0,0.0
2018-02-05 03:00:00+00:00,0.0,0.0,0.0,0.0,0.0
2018-02-05 04:00:00+00:00,0.0,0.0,0.0,0.0,0.0
2018-02-05 05:00:00+00:00,34.39798025691596,25.02708451319733,0.0,0.0,59.42506477011329
2018-02-05 06:00:00+00:00,71.37630340816408,53.05132095658287,0.0,0.0,124.42762436474695
2018-02-05 07:00:00+00:00,101.12352783132845,75.74204961586949,0.0,0.0,176.86557744719795
2018-02-05 08:00:00+00:00,121.73658325399197,91.82929831957577,0.0,0.0,213.56588157356774
2018-02-05 09:00:00+00:00,134.07519850898484,101.27178423052983,0.0,0.0,235.34698273951466
2018-02-05 10:00:00+00:00,105.83929894742397,102.91768316424563,0.0,0.0,208.7569821116696
2018-02-05 11:00:00+00:00,79.58845603186064,64.18667089322398,0.0,0.0,143.77512692508463
2018-02-05 12:00:00+00:00,57.572305960526336,41.77948559968743,0.0,0.0,99.35179156021377
2018-02-05 13:00:00+00:00,22.771427068638587,15.625174914564528,0.0,0.0,38.39660198320311
2018-02-05 14:00:00+00:00,2.131289687545319,4.488052805036452,0.0,0.0,6.619342492581771
2018-02-05 15:00:00+00:00,0.0,0.0,0.0,0.0,0.0
2018-02-05 16:00:00+00:00,0.0,0.0,0.0,0.0,0.0
2018-02-05 17:00:00+00:00,0.0,0.0,0.0,0.0,0.0
2018-02-05 18:00:00+00:00,0.0,0.0,0.0,0.0,0.0
2018-02-05 19:00:00+00:00,0.0,0.0,0.0,0.0,0.0
2018-02-05 20:00:00+00:00,0.0,0.0,0.0,0.0,0.0
2018-02-05 21:00:00+00:00,0.0,0.0,0.0,0.0,0.0
2018-02-05 22:00:00+00:00,0.0,0.0,0.0,0.0,0.0
2018-02-05 23:00:00+00:00,0.0,0.0,0.0,0.0,0.0
2018-02-06 00:00:00+00:00,0.0,0.0,0.0,0.0,0.0
2018-02-06 01:00:00+00:00,0.0,0.0,0.0,0.0,0.0
2018-02-06 02:00:00+00:00,0.0,0.0,0.0,0.0,0.0
2018-02-06 03:00:00+00:00,0.0,0.0,0.0,0.0,0.0
2018-02-06 04:00:00+00:00,0.0,0.0,0.0,0.0,0.0
2018-02-06 05:00:00+00:00,5.448620366940636,9.4734904744647,0.0,0.0,14.922110841405337
2018-02-06 06:00:00+00:00,58.63206595373667,31.473188423518614,0.0,0.0,90.10525437725528
2018-02-06 07:00:00+00:00,64.76152965930956,55.289833353775265,0.0,0.0,120.05136301308482
2018-02-06 08:00:00+00:00,90.29172075218551,74.61343497271736,0.0,0.0,164.90515572490287
2018-02-06 09:00:00+00:00,124.33552338472471,72.00956421185126,0.0,0.0,196.34508759657598
2018-02-06 10:00:00+00:00,95.40019986711135,81.24980518557402,0.0,0.0,176.65000505268537
2018-02-06 11:00:00+00:00,56.50874107337489,45.74281386128976,0.0,0.0,102.25155493466465
2018-02-06 12:00:00+00:00,43.59975486610687,35.59866762044629,0.0,0.0,79.19842248655317
2018-02-06 13:00:00+00:00,26.47618870010095,14.497782301541594,0.0,0.0,40.97397100164254
2018-02-06 14:00:00+00:00,3.0351292322398824,2.9902539613972627,0.0,0.0,6.025383193637145
2018-02-06 15:00:00+00:00,0.0,0.0,0.0,0.0,0.0
2018-02-06 16:00:00+00:00,0.0,0.0,0.0,0.0,0.0
2018-02-06 17:00:00+00:00,0.0,0.0,0.0,0.0,0.0
2018-02-06 18:00:00+00:00,0.0,0.0,0.0,0.0,0.0
2018-02-06 19:00:00+00:00,0.0,0.0,0.0,0.0,0.0
2018-02-06 20:00:00+00:00,0.0,0.0,0.0,0.0,0.0
2018-02-06 21:00:00+00:00,0.0,0.0,0.0,0.0,0.0
2018-02-06 22:00:00+00:00,0.0,0.0,0.0,0.0,0.0
2018-02-06 23:00:00+00:00,0.0,0.0,0.0,0.0,0.0
2018-02-07 00:00:00+00:00,0.0,0.0,0.0,0.0,0.0
2018-02-07 01:00:00+00:00,0.0,0.0,0.0,0.0,0.0
2018-02-07 02:00:00+00:00,0.0,0.0,0.0,0.0,0.0
2018-02-07 03:00:00+00:00,0.0,0.0,0.0,0.0,0.0
2018-02-07 04:00:00+00:00,0.0,0.0,0.0,0.0,0.0
2018-02-07 05:00:00+00:00,28.639082860877235,20.794495299565693,0.0,0.0,49.43357816044293
2018-02-07 06:00:00+00:00,64.6348445442525,47.58331953089001,0.0,0.0,112.21816407514251
2018-02-07 07:00:00+00:00,94.61628084389676,70.56939480719723,0.0,0.0,165.185675651094
2018-02-07 08:00:00+00:00,115.57540482638309,86.60947373027544,0.0,0.0,202.18487855665853
2018-02-07 09:00:00+00:00,119.89548657931562,90.27056868386387,0.0,0.0,210.1660552631795
2018-02-07 10:00:00+00:00,120.74535750315258,90.9719019172138,0.0,0.0,211.71725942036636
2018-02-07 11:00:00+00:00,95.11556110611468,83.27230905119104,0.0,0.0,178.3878701573057
2018-02-07 12:00:00+00:00,91.75072164695148,36.83457270895491,0.0,0.0,128.5852943559064
2018-02-07 13:00:00+00:00,61.3478355943808,26.247246028518987,0.0,0.0,87.59508162289978
2018-02-07 14:00:00+00:00,20.85378746603793,11.296720544055502,0.0,0.0,32.15050801009343
2018-02-07 15:00:00+00:00,0.0,0.0,0.0,0.0,0.0
2018-02-07 16:00:00+00:00,0.0,0.0,0.0,0.0,0.0
2018-02-07 17:00:00+00:00,0.0,0.0,0.0,0.0,0.0
2018-02-07 18:00:00+00:00,0.0,0.0,0.0,0.0,0.0
2018-02-07 19:00:00+00:00,0.0,0.0,0.0,0.0,0.0
2018-02-07 20:00:00+00:00,0.0,0.0,0.0,0.0,0.0
2018-02-07 21:00:00+00:00,0.0,0.0,0.0,0.0,0.0
2018-02-07 22:00:00+00:00,0.0,0.0,0.0,0.0,0.0
2018-02-07 23:00:00+00:00,0.0,0.0,0.0,0.0,0.0
2018-02-08 00:00:00+00:00,0.0,0.0,0.0,0.0,0.0
2018-02-08 01:00:00+00:00,0.0,0.0,0.0,0.0,0.0
2018-02-08 02:00:00+00:00,0.0,0.0,0.0,0.0,0.0
2018-02-08 03:00:00+00:00,0.0,0.0,0.0,0.0,0.0
2018-02-08 04:00:00+00:00,0.16238032764783308,0.0,0.0,0.0,0.16238032764783308
2018-02-08 05:00:00+00:00,19.729263038295485,6.784542444611901,0.0,0.0,26.513805482907387
2018-02-08 06:00:00+00:00,62.48435872019088,28.124848034474766,0.0,0.0,90.60920675466565
2018-02-08 07:00:00+00:00,73.57973211005347,56.188570932760705,0.0,0.0,129.76830304281418
2018-02-08 08:00:00+00:00,82.99446881127244,60.44856395273245,0.0,0.0,143.4430327640049
2018-02-08 09:00:00+00:00,88.81749297057625,62.46821823969245,0.0,0.0,151.2857112102687
2018-02-08 10:00:00+00:00,95.50962315958613,61.103175413990634,0.0,0.0,156.61279857357675
2018-02-08 11:00:00+00:00,77.48266931373475,61.00567275436558,0.0,0.0,138.48834206810034
2018-02-08 12:00:00+00:00,64.58935245677844,51.37063156806063,0.0,0.0,115.95998402483907
2018-02-08 13:00:00+00:00,28.061692388450567,21.69436561090234,0.0,0.0,49.756057999352905
2018-02-08 14:00:00+00:00,1.2210316334072657,5.58975272431274,0.0,0.0,6.8107843577200065
2018-02-08 15:00:00+00:00,0.0,0.0,0.0,0.0,0.0
2018-02-08 16:00:00+00:00,0.0,0.0,0.0,0.0,0.0
2018-02-08 17:00:00+00:00,0.0,0.0,0.0,0.0,0.0
2018-02-08 18:00:00+00:00,0.0,0.0,0.0,0.0,0.0
2018-02-08 19:00:00+00:00,0.0,0.0,0.0,0.0,0.0
2018-02-08 20:00:00+00:00,0.0,0.0,0.0,0.0,0.0
2018-02-08 21:00:00+00:00,0.0,0.0,0.0,0.0,0.0
2018-02-08 22:00:00+00:00,0.0,0.0,0.0,0.0,0.0
2018-02-08 23:00:00+00:00,0.0,0.0,0.0,0.0,0.0
2018-02-09 00:00:00+00:00,0.0,0.0,0.0,0.0,0.0
2018-02-09 01:00:00+00:00,0.0,0.0,0.0,0.0,0.0
2018-02-09 02:00:00+00:00,0.0,0.0,0.0,0.0,0.0
2018-02-09 03:00:00+00:00,0.0,0.0,0.0,0.0,0.0
2018-02-09 04:00:00+00:00,0.7339447494188321,0.38867190475543106,0.0,0.0,1.1226166541742633
2018-02-09 05:00:00+00:00,21.604483205113816,14.521383937265327,0.0,0.0,36.12586714237914
2018-02-09 06:00:00+00:00,61.37843760284644,45.30283909923187,0.0,0.0,106.6812767020783
2018-02-09 07:00:00+00:00,89.23690879834648,59.556901866844846,0.0,0.0,148.79381066519133
2018-02-09 08:00:00+00:00,105.32370058443416,82.01060664913831,0.0,0.0,187.33430723357247
2018-02-09 09:00:00+00:00,119.76128878480736,89.82670127632522,0.0,0.0,209.5879900611326
2018-02-09 10:00:00+00:00,91.82669360788901,91.16642390291733,0.0,0.0,182.99311751080634
2018-02-09 11:00:00+00:00,84.30674833177238,71.38598328444338,0.0,0.0,155.69273161621578
2018-02-09 12:00:00+00:00,64.91175378252478,70.19530607716722,0.0,0.0,135.10705985969201
2018-02-09 13:00:00+00:00,35.93257319394195,31.696578120018387,0.0,0.0,67.62915131396034
2018-02-09 14:00:00+00:00,23.506965619188392,17.216724130983547,0.0,0.0,40.72368975017194
2018-02-09 15:00:00+00:00,0.0,0.0,0.0,0.0,0.0
2018-02-09 16:00:00+00:00,0.0,0.0,0.0,0.0,0.0
2018-02-09 17:00:00+00:00,0.0,0.0,0.0,0.0,0.0
2018-02-09 18:00:00+00:00,0.0,0.0,0.0,0.0,0.0
2018-02-09 19:00:00+00:00,0.0,0.0,0.0,0.0,0.0
2018-02-09 20:00:00+00:00,0.0,0.0,0.0,0.0,0.0
2018-02-09 21:00:00+00:00,0.0,0.0,0.0,0.0,0.0
2018-02-09 22:00:00+00:00,0.0,0.0,0.0,0.0,0.0
2018-02-09 23:00:00+00:00,0.0,0.0,0.0,0.0,0.0
2018-02-10 00:00:00+00:00,0.0,0.0,0.0,0.0,0.0
2018-02-10 01:00:00+00:00,0.0,0.0,0.0,0.0,0.0
2018-02-10 02:00:00+00:00,0.0,0.0,0.0,0.0,0.0
2018-02-10 03:00:00+00:00,0.0,0.0,0.0,0.0,0.0
2018-02-10 04:00:00+00:00,1.1839932600908958,0.5446516480315341,0.0,0.0,1.7286449081224298
2018-02-10 05:00:00+00:00,23.31367666082227,5.581640938379536,0.0,0.0,28.895317599201807
2018-02-10 06:00:00+00:00,59.07192082363983,33.81093908956021,0.0,0.0,92.88285991320004
2018-02-10 07:00:00+00:00,77.3126569867486,55.57533979099258,0.0,0.0,132.8879967777412
2018-02-10 08:00:00+00:00,78.97913078644494,45.568817425644966,0.0,0.0,124.5479482120899
2018-02-10 09:00:00+00:00,87.05687943670677,68.91436770951299,0.0,0.0,155.97124714621975
2018-02-10 10:00:00+00:00,94.68809953488586,68.6018306235211,0.0,0.0,163.28993015840695
2018-02-10 11:00:00+00:00,82.16827050034408,60.177306501765855,0.0,0.0,142.34557700210993
2018-02-10 12:00:00+00:00,68.91364125126552,43.80655852868291,0.0,0.0,112.72019977994843
2018-02-10 13:00:00+00:00,26.038232360039448,21.485332449295512,0.0,0.0,47.52356480933496
2018-02-10 14:00:00+00:00,9.009755853096165,16.668436312244747,0.0,0.0,25.67819216534091
2018-02-10 15:00:00+00:00,0.0,0.0,0.0,0.0,0.0
2018-02-10 16:00:00+00:00,0.0,0.0,0.0,0.0,0.0
2018-02-10 17:00:00+00:00,0.0,0.0,0.0,0.0,0.0
2018-02-10 18:00:00+00:00,0.0,0.0,0.0,0.0,0.0
2018-02-10 19:00:00+00:00,0.0,0.0,0.0,0.0,0.0
2018-02-10 20:00:00+00:00,0.0,0.0,0.0,0.0,0.0
2018-02-10 21:00:00+00:00,0.0,0.0,0.0,0.0,0.0
2018-02-10 22:00:00+00:00,0.0,0.0,0.0,0.0,0.0
2018-02-10 23:00:00+00:00,0.0,0.0,0.0,0.0,0.0
2018-02-11 00:00:00+00:00,0.0,0.0,0.0,0.0,0.0
2018-02-11 01:00:00+00:00,0.0,0.0,0.0,0.0,0.0
2018-02-11 02:00:00+00:00,0.0,0.0,0.0,0.0,0.0
2018-02-11 03:00:00+00:00,0.0,0.0,0.0,0.0,0.0
2018-02-11 04:00:00+00:00,1.1644113289823692,0.8225534007048493,0.0,0.0,1.9869647296872186
2018-02-11 05:00:00+00:00,5.117880444411158,8.872987512847878,0.0,0.0,13.990867957259036
2018-02-11 06:00:00+00:00,40.289810694250846,36.990146026563245,0.0,0.0,77.27995672081408
2018-02-11 07:00:00+00:00,80.31065590701182,50.92183367466633,0.0,0.0,131.23248958167815
2018-02-11 08:00:00+00:00,94.06656109686375,67.77856316647498,0.0,0.0,161.84512426333873
2018-02-11 09:00:00+00:00,96.76620297716599,67.03860067710232,0.0,0.0,163.8048036542683
2018-02-11 10:00:00+00:00,103.5457609154571,85.00128776020046,0.0,0.0,188.54704867565755
2018-02-11 11:00:00+00:00,86.344329308439,64.14694454710165,0.0,0.0,150.49127385554067
2018-02-11 12:00:00+00:00,73.20063672434759,47.68114526020808,0.0,0.0,120.88178198455567
2018-02-11 13:00:00+00:00,51.30197506469147,25.62366819871273,0.0,0.0,76.9256432634042
2018-02-11 14:00:00+00:00,21.50452334571745,16.306116837489053,0.0,0.0,37.8106401832065
2018-02-11 15:00:00+00:00,0.0,0.0,0.0,0.0,0.0
2018-02-11 16:00:00+00:00,0.0,0.0,0.0,0.0,0.0
2018-02-11 17:00:00+00:00,0.0,0.0,0.0,0.0,0.0
2018-02-11 18:00:00+00:00,0.0,0.0,0.0,0.0,0.0
2018-02-11 19:00:00+00:00,0.0,0.0,0.0,0.0,0.0
2018-02-11 20:00:00+00:00,0.0,0.0,0.0,0.0,0.0
2018-02-11 21:00:00+00:00,0.0,0.0,0.0,0.0,0.0
2018-02-11 22:00:00+00:00,0.0,0.0,0.0,0.0,0.0
2018-02-11 23:00:00+00:00,0.0,0.0,0.0,0.0,0.0
2018-02-12 00:00:00+00:00,0.0,0.0,0.0,0.0,0.0
2018-02-12 01:00:00+00:00,0.0,0.0,0.0,0.0,0.0
2018-02-12 02:00:00+00:00,0.0,0.0,0.0,0.0,0.0
2018-02-12 03:00:00+00:00,0.0,0.0,0.0,0.0,0.0
2018-02-12 04:00:00+00:00,0.8816499246917067,0.42584783887471955,0.0,0.0,1.3074977635664262
2018-02-12 05:00:00+00:00,9.55019352720598,3.9748720705314327,0.0,0.0,13.525065597737413
2018-02-12 06:00:00+00:00,22.20886098337197,21.02411163538366,0.0,0.0,43.23297261875563
2018-02-12 07:00:00+00:00,66.92338722703933,50.76375100445502,0.0,0.0,117.68713823149434
2018-02-12 08:00:00+00:00,75.98583874244295,44.87207392091404,0.0,0.0,120.85791266335698
2018-02-12 09:00:00+00:00,95.96893618651185,64.19543932610308,0.0,0.0,160.16437551261492
2018-02-12 10:00:00+00:00,79.13673489935096,52.45983621058598,0.0,0.0,131.59657110993695
2018-02-12 11:00:00+00:00,74.91019815401049,50.246852283814675,0.0,0.0,125.15705043782516
2018-02-12 12:00:00+00:00,54.314398144426846,40.02764125106923,0.0,0.0,94.34203939549607
2018-02-12 13:00:00+00:00,31.971035745093744,19.015702829024654,0.0,0.0,50.9867385741184
2018-02-12 14:00:00+00:00,6.642364300917718,3.8152202040661125,0.0,0.0,10.457584504983831
2018-02-12 15:00:00+00:00,0.0,0.0,0.0,0.0,0.0
2018-02-12 16:00:00+00:00,0.0,0.0,0.0,0.0,0.0
2018-02-12 17:00:00+00:00,0.0,0.0,0.0,0.0,0.0
2018-02-12 18:00:00+00:00,0.0,0.0,0.0,0.0,0.0
2018-02-12 19:00:00+00:00,0.0,0.0,0.0,0.0,0.0
2018-02-12 20:00:00+00:00,0.0,0.0,0.0,0.0,0.0
2018-02-12 21:00:00+00:00,0.0,0.0,0.0,0.0,0.0
2018-02-12 22:00:00+00:00,0.0,0.0,0.0,0.0,0.0
2018-02-12 23:00:00+00:00,0.0,0.0,0.0,0.0,0.0
2018-02-13 00:00:00+00:00,0.0,0.0,0.0,0.0,0.0
2018-02-13 01:00:00+00:00,0.0,0.0,0.0,0.0,0.0
2018-02-13 02:00:00+00:00,0.0,0.0,0.0,0.0,0.0
2018-02-13 03:00:00+00:00,0.0,0.0,0.0,0.0,0.0
2018-02-13 04:00:00+00:00,0.500082501175365,0.19243069966009765,0.0,0.0,0.6925132008354626
2018-02-13 05:00:00+00:00,21.306982877310247,1.1868493793406083,0.0,0.0,22.493832256650855
2018-02-13 06:00:00+00:00,41.94699339420629,4.499963509449574,0.0,0.0,46.44695690365586
2018-02-13 07:00:00+00:00,51.83000419884476,16.06899940962192,0.0,0.0,67.89900360846669
2018-02-13 08:00:00+00:00,14.494919303827517,27.901834912503,0.0,0.0,42.396754216330514
2018-02-13 09:00:00+00:00,22.005750647351963,48.08734405573537,0.0,0.0,70.09309470308733
2018-02-13 10:00:00+00:00,102.5396536795599,76.76866147505281,0.0,0.0,179.30831515461273
2018-02-13 11:00:00+00:00,134.71814340818497,55.14663145070304,0.0,0.0,189.864774858888
2018-02-13 12:00:00+00:00,43.33631785391153,47.745648294207136,0.0,0.0,91.08196614811867
2018-02-13 13:00:00+00:00,23.40485693758479,22.64048269416792,0.0,0.0,46.04533963175271
2018-02-13 14:00:00+00:00,26.698611556476628,9.122549692943437,0.0,0.0,35.821161249420065
2018-02-13 15:00:00+00:00,0.0,0.0,0.0,0.0,0.0
2018-02-13 16:00:00+00:00,0.0,0.0,0.0,0.0,0.0
2018-02-13 17:00:00+00:00,0.0,0.0,0.0,0.0,0.0
2018-02-13 18:00:00+00:00,0.0,0.0,0.0,0.0,0.0
2018-02-13 19:00:00+00:00,0.0,0.0,0.0,0.0,0.0
2018-02-13 20:00:00+00:00,0.0,0.0,0.0,0.0,0.0
2018-02-13 21:00:00+00:00,0.0,0.0,0.0,0.0,0.0
2018-02-13 22:00:00+00:00,0.0,0.0,0.0,0.0,0.0
2018-02-13 23:00:00+00:00,0.0,0.0,0.0,0.0,0.0
2018-02-14 00:00:00+00:00,0.0,0.0,0.0,0.0,0.0
2018-02-14 01:00:00+00:00,0.0,0.0,0.0,0.0,0.0
2018-02-14 02:00:00+00:00,0.0,0.0,0.0,0.0,0.0
2018-02-14 03:00:00+00:00,0.0,0.0,0.0,0.0,0.0
2018-02-14 04:00:00+00:00,2.405464900637074,2.7250143831941513,0.0,0.0,5.130479283831225
2018-02-14 05:00:00+00:00,41.25609451888291,30.35226137957538,0.0,0.0,71.60835589845829
2018-02-14 06:00:00+00:00,80.67934275566626,50.469848482330114,0.0,0.0,131.14919123799638
2018-02-14 07:00:00+00:00,106.10558158108205,59.16643385066534,0.0,0.0,165.27201543174738
2018-02-14 08:00:00+00:00,134.8093500413862,101.12211921806556,0.0,0.0,235.93146925945177
2018-02-14 09:00:00+00:00,142.5,107.86273560945554,0.0,0.0,250.36273560945554
2018-02-14 10:00:00+00:00,142.5,108.25119576486574,0.0,0.0,250.75119576486574
2018-02-14 11:00:00+00:00,138.38191597350823,103.6546407121504,0.0,0.0,242.03655668565864
2018-02-14 12:00:00+00:00,78.00861914650775,76.59706495165203,0.0,0.0,154.60568409815977
2018-02-14 13:00:00+00:00,89.48607969855478,26.578914865756023,0.0,0.0,116.0649945643108
2018-02-14 14:00:00+00:00,47.22507589251575,31.390423771705017,0.0,0.0,78.61549966422076
2018-02-14 15:00:00+00:00,0.0,0.0,0.0,0.0,0.0
2018-02-14 16:00:00+00:00,0.0,0.0,0.0,0.0,0.0
2018-02-14 17:00:00+00:00,0.0,0.0,0.0,0.0,0.0
2018-02-14 18:00:00+00:00,0.0,0.0,0.0,0.0,0.0
2018-02-14 19:00:00+00:00,0.0,0.0,0.0,0.0,0.0
2018-02-14 20:00:00+00:00,0.0,0.0,0.0,0.0,0.0
2018-02-14 21:00:00+00:00,0.0,0.0,0.0,0.0,0.0
2018-02-14 22:00:00+00:00,0.0,0.0,0.0,0.0,0.0
2018-02-14 23:00:00+00:00,0.0,0.0,0.0,0.0,0.0
2018-02-15 00:00:00+00:00,0.0,0.0,0.0,0.0,0.0
2018-02-15 01:00:00+00:00,0.0,0.0,0.0,0.0,0.0
2018-02-15 02:00:00+00:00,0.0,0.0,0.0,0.0,0.0
2018-02-15 03:00:00+00:00,0.0,0.0,0.0,0.0,0.0
2018-02-15 04:00:00+00:00,1.45882237204543,0.5900326582591309,0.0,0.0,2.048855030304561
2018-02-15 05:00:00+00:00,9.535163817617821,5.353510917622332,0.0,0.0,14.888674735240153
2018-02-15 06:00:00+00:00,36.294892475136606,27.15565549535782,0.0,0.0,63.450547970494426
2018-02-15 07:00:00+00:00,54.47575556879204,50.38212624651857,0.0,0.0,104.8578818153106
2018-02-15 08:00:00+00:00,88.12793667087425,59.95388974961016,0.0,0.0,148.08182642048442
2018-02-15 09:00:00+00:00,102.33894325254141,70.74857966977248,0.0,0.0,173.0875229223139
2018-02-15 10:00:00+00:00,102.1614802116903,67.50609403699737,0.0,0.0,169.66757424868769
2018-02-15 11:00:00+00:00,95.74016233590643,84.91773064498366,0.0,0.0,180.6578929808901
2018-02-15 12:00:00+00:00,56.13547849436449,37.408831232787215,0.0,0.0,93.5443097271517
2018-02-15 13:00:00+00:00,29.68831399971983,27.73055095055675,0.0,0.0,57.418864950276586
2018-02-15 14:00:00+00:00,20.839470235982617,5.32386793844086,0.0,0.0,26.163338174423476
2018-02-15 15:00:00+00:00,0.0,0.0,0.0,0.0,0.0
2018-02-15 16:00:00+00:00,0.0,0.0,0.0,0.0,0.0
2018-02-15 17:00:00+00:00,0.0,0.0,0.0,0.0,0.0
2018-02-15 18:00:00+00:00,0.0,0.0,0.0,0.0,0.0
2018-02-15 19:00:00+00:00,0.0,0.0,0.0,0.0,0.0
2018-02-15 20:00:00+00:00,0.0,0.0,0.0,0.0,0.0
2018-02-15 21:00:00+00:00,0.0,0.0,0.0,0.0,0.0
2018-02-15 22:00:00+00:00,0.0,0.0,0.0,0.0,0.0
2018-02-15 23:00:00+00:00,0.0,0.0,0.0,0.0,0.0
2018-02-16 00:00:00+00:00,0.0,0.0,0.0,0.0,0.0
2018-02-16 01:00:00+00:00,0.0,0.0,0.0,0.0,0.0
2018-02-16 02:00:00+00:00,0.0,0.0,0.0,0.0,0.0
2018-02-16 03:00:00+00:00,0.0,0.0,0.0,0.0,0.0
2018-02-16 04:00:00+00:00,1.6368145318266047,1.3334378812278915,0.0,0.0,2.9702524130544963
2018-02-16 05:00:00+00:00,12.89100567688801,9.578925670510486,0.0,0.0,22.469931347398497
2018-02-16 06:00:00+00:00,27.818235855287696,40.88835540422582,0.0,0.0,68.70659125951352
2018-02-16 07:00:00+00:00,83.36629748196091,62.83140705036793,0.0,0.0,146.19770453232883
2018-02-16 08:00:00+00:00,80.8949703500316,58.148549356472955,0.0,0.0,139.04351970650455
2018-02-16 09:00:00+00:00,103.57277192664577,72.07043084938411,0.0,0.0,175.64320277602988
2018-02-16 10:00:00+00:00,105.79169585499106,73.75612373662614,0.0,0.0,179.5478195916172
2018-02-16 11:00:00+00:00,84.2157975665753,62.00959293711077,0.0,0.0,146.22539050368607
2018-02-16 12:00:00+00:00,49.3123335277595,58.443559044093234,0.0,0.0,107.75589257185274
2018-02-16 13:00:00+00:00,42.92709753599438,50.758321366878434,0.0,0.0,93.68541890287281
2018-02-16 14:00:00+00:00,25.753398485552253,26.6832415922599,0.0,0.0,52.43664007781216
2018-02-16 15:00:00+00:00,0.0,0.0,0.0,0.0,0.0
2018-02-16 16:00:00+00:00,0.0,0.0,0.0,0.0,0.0
2018-02-16 17:00:00+00:00,0.0,0.0,0.0,0.0,0.0
2018-02-16 18:00:00+00:00,0.0,0.0,0.0,0.0,0.0
2018-02-16 19:00:00+00:00,0.0,0.0,0.0,0.0,0.0
2018-02-16 20:00:00+00:00,0.0,0.0,0.0,0.0,0.0
2018-02-16 21:00:00+00:00,0.0,0.0,0.0,0.0,0.0
2018-02-16 22:00:00+00:00,0.0,0.0,0.0,0.0,0.0
2018-02-16 23:00:00+00:00,0.0,0.0,0.0,0.0,0.0
2018-02-17 00:00:00+00:00,0.0,0.0,0.0,0.0,0.0
2018-02-17 01:00:00+00:00,0.0,0.0,0.0,0.0,0.0
2018-02-17 02:00:00+00:00,0.0,0.0,0.0,0.0,0.0
2018-02-17 03:00:00+00:00,0.0,0.0,0.0,0.0,0.0
2018-02-17 04:00:00+00:00,2.088857268117745,0.6025029920231395,0.0,0.0,2.6913602601408844
2018-02-17 05:00:00+00:00,34.491761458354475,6.103897557850066,0.0,0.0,40.59565901620454
2018-02-17 06:00:00+00:00,71.17081749215613,38.24705843414706,0.0,0.0,109.4178759263032
2018-02-17 07:00:00+00:00,101.95941289317417,74.47002563912825,0.0,0.0,176.4294385323024
2018-02-17 08:00:00+00:00,124.42326744113174,75.63557998267292,0.0,0.0,200.05884742380465
2018-02-17 09:00:00+00:00,136.26705792043853,52.12378800281793,0.0,0.0,188.39084592325645
2018-02-17 10:00:00+00:00,136.69975021238338,48.245777012357,0.0,0.0,184.94552722474037
2018-02-17 11:00:00+00:00,89.62741759069559,41.23586247015083,0.0,0.0,130.86328006084642
2018-02-17 12:00:00+00:00,106.25440036311454,78.54975444589304,0.0,0.0,184.80415480900757
2018-02-17 13:00:00+00:00,73.62755372349346,43.26392312057101,0.0,0.0,116.89147684406447
2018-02-17 14:00:00+00:00,30.782379053411766,3.4871544440200766,0.0,0.0,34.269533497431844
2018-02-17 15:00:00+00:00,0.0,0.0,0.0,0.0,0.0
2018-02-17 16:00:00+00:00,0.0,0.0,0.0,0.0,0.0
2018-02-17 17:00:00+00:00,0.0,0.0,0.0,0.0,0.0
2018-02-17 18:00:00+00:00,0.0,0.0,0.0,0.0,0.0
2018-02-17 19:00:00+00:00,0.0,0.0,0.0,0.0,0.0
2018-02-17 20:00:00+00:00,0.0,0.0,0.0,0.0,0.0
2018-02-17 21:00:00+00:00,0.0,0.0,0.0,0.0,0.0
2018-02-17 22:00:00+00:00,0.0,0.0,0.0,0.0,0.0
2018-02-17 23:00:00+00:00,0.0,0.0,0.0,0.0,0.0
2018-02-18 00:00:00+00:00,0.0,0.0,0.0,0.0,0.0
2018-02-18 01:00:00+00:00,0.0,0.0,0.0,0.0,0.0
2018-02-18 02:00:00+00:00,0.0,0.0,0.0,0.0,0.0
2018-02-18 03:00:00+00:00,0.0,0.0,0.0,0.0,0.0
2018-02-18 04:00:00+00:00,3.682826388925536,2.5233778779966203,0.0,0.0,6.206204266922157
2018-02-18 05:00:00+00:00,36.61163028290357,26.697099777984615,0.0,0.0,63.30873006088818
2018-02-18 06:00:00+00:00,48.20580616922565,54.570657265542295,0.0,0.0,102.77646343476795
2018-02-18 07:00:00+00:00,105.20208055064026,78.26448172726361,0.0,0.0,183.46656227790388
2018-02-18 08:00:00+00:00,128.18946255688314,95.6468114209044,0.0,0.0,223.83627397778753
2018-02-18 09:00:00+00:00,139.16451398268072,90.59672231710178,0.0,0.0,229.7612362997825
2018-02-18 10:00:00+00:00,139.3706133394486,103.81507981189986,0.0,0.0,243.18569315134846
2018-02-18 11:00:00+00:00,72.43893235101191,96.17641696983728,0.0,0.0,168.6153493208492
2018-02-18 12:00:00+00:00,91.28518020682131,81.1123196703405,0.0,0.0,172.3974998771618
2018-02-18 13:00:00+00:00,47.20622814270641,38.93239135612742,0.0,0.0,86.13861949883383
2018-02-18 14:00:00+00:00,14.38300664797729,8.350578693247098,0.0,0.0,22.733585341224387
2018-02-18 15:00:00+00:00,0.0,0.0,0.0,0.0,0.0
2018-02-18 16:00:00+00:00,0.0,0.0,0.0,0.0,0.0
2018-02-18 17:00:00+00:00,0.0,0.0,0.0,0.0,0.0
2018-02-18 18:00:00+00:00,0.0,0.0,0.0,0.0,0.0
2018-02-18 19:00:00+00:00,0.0,0.0,0.0,0.0,0.0
2018-02-18 20:00:00+00:00,0.0,0.0,0.0,0.0,0.0
2018-02-18 21:00:00+00:00,0.0,0.0,0.0,0.0,0.0
2018-02-18 22:00:00+00:00,0.0,0.0,0.0,0.0,0.0
2018-02-18 23:00:00+00:00,0.0,0.0,0.0,0.0,0.0
2018-02-19 00:00:00+00:00,0.0,0.0,0.0,0.0,0.0
2018-02-19 01:00:00+00:00,0.0,0.0,0.0,0.0,0.0
2018-02-19 02:00:00+00:00,0.0,0.0,0.0,0.0,0.0
2018-02-19 03:00:00+00:00,0.0,0.0,0.0,0.0,0.0
2018-02-19 04:00:00+00:00,1.5670286512282772,3.018310845343911,0.0,0.0,4.585339496572188
2018-02-19 05:00:00+00:00,16.439061696536758,29.556617234039294,0.0,0.0,45.99567893057605
2018-02-19 06:00:00+00:00,70.3586810894327,51.937977185647405,0.0,0.0,122.29665827508009
2018-02-19 07:00:00+00:00,96.58887659363438,64.20814166862,0.0,0.0,160.79701826225437
2018-02-19 08:00:00+00:00,132.53551949182832,91.27688399029152,0.0,0.0,223.81240348211986
2018-02-19 09:00:00+00:00,142.5,107.81152077363599,0.0,0.0,250.311520773636
2018-02-19 10:00:00+00:00,140.4469203047516,97.5167132709746,0.0,0.0,237.9636335757262
2018-02-19 11:00:00+00:00,105.31017067359755,63.767892431093955,0.0,0.0,169.07806310469152
2018-02-19 12:00:00+00:00,77.14468907191821,51.429245685112264,0.0,0.0,128.5739347570305
2018-02-19 13:00:00+00:00,47.48513014434506,33.429379439026086,0.0,0.0,80.91450958337114
2018-02-19 14:00:00+00:00,16.2626889175882,8.655515610951838,0.0,0.0,24.918204528540038
2018-02-19 15:00:00+00:00,0.0,0.0,0.0,0.0,0.0
2018-02-19 16:00:00+00:00,0.0,0.0,0.0,0.0,0.0
2018-02-19 17:00:00+00:00,0.0,0.0,0.0,0.0,0.0
2018-02-19 18:00:00+00:00,0.0,0.0,0.0,0.0,0.0
2018-02-19 19:00:00+00:00,0.0,0.0,0.0,0.0,0.0
2018-02-19 20:00:00+00:00,0.0,0.0,0.0,0.0,0.0
2018-02-19 21:00:00+00:00,0.0,0.0,0.0,0.0,0.0
2018-02-19 22:00:00+00:00,0.0,0.0,0.0,0.0,0.0
2018-02-19 23:00:00+00:00,0.0,0.0,0.0,0.0,0.0
2018-02-20 00:00:00+00:00,0.0,0.0,0.0,0.0,0.0
2018-02-20 01:00:00+00:00,0.0,0.0,0.0,0.0,0.0
2018-02-20 02:00:00+00:00,0.0,0.0,0.0,0.0,0.0
2018-02-20 03:00:00+00:00,0.0,0.0,0.0,0.0,0.0
2018-02-20 04:00:00+00:00,0.9276846825143077,1.6061688143834771,0.0,0.0,2.533853496897785
2018-02-20 05:00:00+00:00,10.781713695507122,9.73874974924513,0.0,0.0,20.520463444752252
2018-02-20 06:00:00+00:00,28.730811553132455,28.808253094056038,0.0,0.0,57.539064647188496
2018-02-20 07:00:00+00:00,71.00273267648701,48.87952623796899,0.0,0.0,119.882258914456
2018-02-20 08:00:00+00:00,88.47884897292289,50.75160931123903,0.0,0.0,139.23045828416193
2018-02-20 09:00:00+00:00,98.30832956209144,60.45926124529345,0.0,0.0,158.7675908073849
2018-02-20 10:00:00+00:00,99.81350846018208,76.8148591938066,0.0,0.0,176.62836765398868
2018-02-20 11:00:00+00:00,35.26555035362306,65.42928437717777,0.0,0.0,100.69483473080084
2018-02-20 12:00:00+00:00,53.872374146621596,84.14779084771573,0.0,0.0,138.02016499433734
2018-02-20 13:00:00+00:00,29.690593262031623,61.47403605127418,0.0,0.0,91.16462931330581
2018-02-20 14:00:00+00:00,0.9725643192087453,10.940619099156585,0.0,0.0,11.91318341836533
2018-02-20 15:00:00+00:00,0.0,0.0,0.0,0.0,0.0
2018-02-20 16:00:00+00:00,0.0,0.0,0.0,0.0,0.0
2018-02-20 17:00:00+00:00,0.0,0.0,0.0,0.0,0.0
2018-02-20 18:00:00+00:00,0.0,0.0,0.0,0.0,0.0
2018-02-20 19:00:00+00:00,0.0,0.0,0.0,0.0,0.0
2018-02-20 20:00:00+00:00,0.0,0.0,0.0,0.0,0.0
2018-02-20 21:00:00+00:00,0.0,0.0,0.0,0.0,0.0
2018-02-20 22:00:00+00:00,0.0,0.0,0.0,0.0,0.0
2018-02-20 23:00:00+00:00,0.0,0.0,0.0,0.0,0.0
2018-02-21 00:00:00+00:00,0.0,0.0,0.0,0.0,0.0
2018-02-21 01:00:00+00:00,0.0,0.0,0.0,0.0,0.0
2018-02-21 02:00:00+00:00,0.0,0.0,0.0,0.0,0.0
2018-02-21 03:00:00+00:00,0.0,0.0,0.0,0.0,0.0
2018-02-21 04:00:00+00:00,3.8036967920845477,2.2231283337036643,0.0,0.0,6.026825125788212
2018-02-21 05:00:00+00:00,23.334356962469823,12.004987785717818,0.0,0.0,35.33934474818764
2018-02-21 06:00:00+00:00,53.12749869122348,35.21993842858807,0.0,0.0,88.34743711981156
2018-02-21 07:00:00+00:00,83.16702066558582,64.19323310469969,0.0,0.0,147.3602537702855
2018-02-21 08:00:00+00:00,79.79254347870655,59.18896510330228,0.0,0.0,138.98150858200881
2018-02-21 09:00:00+00:00,97.40811243244815,82.02768758959506,0.0,0.0,179.43580002204322
2018-02-21 10:00:00+00:00,141.4435773361372,105.94557053966705,0.0,0.0,247.38914787580424
2018-02-21 11:00:00+00:00,86.94920181056139,76.99699479972901,0.0,0.0,163.9461966102904
2018-02-21 12:00:00+00:00,70.06815260223067,53.04425061791497,0.0,0.0,123.11240322014564
2018-02-21 13:00:00+00:00,32.021085036556435,38.692073205691216,0.0,0.0,70.71315824224766
2018-02-21 14:00:00+00:00,1.329955068516008,17.928014827573847,0.0,0.0,19.257969896089854
2018-02-21 15:00:00+00:00,0.0,0.0,0.0,0.0,0.0
2018-02-21 16:00:00+00:00,0.0,0.0,0.0,0.0,0.0
2018-02-21 17:00:00+00:00,0.0,0.0,0.0,0.0,0.0
2018-02-21 18:00:00+00:00,0.0,0.0,0.0,0.0,0.0
2018-02-21 19:00:00+00:00,0.0,0.0,0.0,0.0,0.0
2018-02-21 20:00:00+00:00,0.0,0.0,0.0,0.0,0.0
2018-02-21 21:00:00+00:00,0.0,0.0,0.0,0.0,0.0
2018-02-21 22:00:00+00:00,0.0,0.0,0.0,0.0,0.0
2018-02-21 23:00:00+00:00,0.0,0.0,0.0,0.0,0.0
2018-02-22 00:00:00+00:00,0.0,0.0,0.0,0.0,0.0
2018-02-22 01:00:00+00:00,0.0,0.0,0.0,0.0,0.0
2018-02-22 02:00:00+00:00,0.0,0.0,0.0,0.0,0.0
2018-02-22 03:00:00+00:00,0.0,0.0,0.0,0.0,0.0
2018-02-22 04:00:00+00:00,3.185076568670612,1.3638049230481588,0.0,0.0,4.54888149171877
2018-02-22 05:00:00+00:00,4.7564321924316575,7.257467107632683,0.0,0.0,12.013899300064342
2018-02-22 06:00:00+00:00,54.725052131881746,42.44771613263709,0.0,0.0,97.17276826451884
2018-02-22 07:00:00+00:00,99.05160282444393,73.24861147510944,0.0,0.0,172.30021429955337
2018-02-22 08:00:00+00:00,119.92624681866803,89.35161535991253,0.0,0.0,209.27786217858056
2018-02-22 09:00:00+00:00,97.31398222060722,99.0356208947134,0.0,0.0,196.34960311532063
2018-02-22 10:00:00+00:00,132.67098278650272,74.35399531885004,0.0,0.0,207.02497810535277
2018-02-22 11:00:00+00:00,123.1096608041876,92.10845438005488,0.0,0.0,215.2181151842425
2018-02-22 12:00:00+00:00,103.89933617249936,68.32131150230256,0.0,0.0,172.2206476748019
2018-02-22 13:00:00+00:00,73.52105427115004,41.082460052671735,0.0,0.0,114.60351432382177
2018-02-22 14:00:00+00:00,31.801074104067045,20.790624045857367,0.0,0.0,52.59169814992441
2018-02-22 15:00:00+00:00,0.0,0.0,0.0,0.0,0.0
2018-02-22 16:00:00+00:00,0.0,0.0,0.0,0.0,0.0
2018-02-22 17:00:00+00:00,0.0,0.0,0.0,0.0,0.0
2018-02-22 18:00:00+00:00,0.0,0.0,0.0,0.0,0.0
2018-02-22 19:00:00+00:00,0.0,0.0,0.0,0.0,0.0
2018-02-22 20:00:00+00:00,0.0,0.0,0.0,0.0,0.0
2018-02-22 21:00:00+00:00,0.0,0.0,0.0,0.0,0.0
2018-02-22 22:00:00+00:00,0.0,0.0,0.0,0.0,0.0
2018-02-22 23:00:00+00:00,0.0,0.0,0.0,0.0,0.0
2018-02-23 00:00:00+00:00,0.0,0.0,0.0,0.0,0.0
2018-02-23 01:00:00+00:00,0.0,0.0,0.0,0.0,0.0
2018-02-23 02:00:00+00:00,0.0,0.0,0.0,0.0,0.0
2018-02-23 03:00:00+00:00,0.0,0.0,0.0,0.0,0.0
2018-02-23 04:00:00+00:00,0.8833342628367165,0.6188001723964612,0.0,0.0,1.5021344352331778
2018-02-23 05:00:00+00:00,1.4739965714935082,7.490601648479121,0.0,0.0,8.964598219972629
2018-02-23 06:00:00+00:00,3.249039561330341,5.349520985104137,0.0,0.0,8.598560546434477
2018-02-23 07:00:00+00:00,4.813607728216444,7.55087623868902,0.0,0.0,12.364483966905464
2018-02-23 08:00:00+00:00,7.239327960028053,13.872082332865094,0.0,0.0,21.111410292893147
2018-02-23 09:00:00+00:00,7.162555009186559,40.75546102524944,0.0,0.0,47.918016034436
2018-02-23 10:00:00+00:00,40.19409034194526,40.801244607344394,0.0,0.0,80.99533494928966
2018-02-23 11:00:00+00:00,45.33192209424675,64.70035117637875,0.0,0.0,110.0322732706255
2018-02-23 12:00:00+00:00,68.0572699002342,62.834986628508695,0.0,0.0,130.8922565287429
2018-02-23 13:00:00+00:00,30.084236855058755,46.04157797855767,0.0,0.0,76.12581483361643
2018-02-23 14:00:00+00:00,1.0280559625615577,1.0717830606983694,0.0,0.0,2.099839023259927
2018-02-23 15:00:00+00:00,0.0,0.0,0.0,0.0,0.0
2018-02-23 16:00:00+00:00,0.0,0.0,0.0,0.0,0.0
2018-02-23 17:00:00+00:00,0.0,0.0,0.0,0.0,0.0
2018-02-23 18:00:00+00:00,0.0,0.0,0.0,0.0,0.0
2018-02-23 19:00:00+00:00,0.0,0.0,0.0,0.0,0.0
2018-02-23 20:00:00+00:00,0.0,0.0,0.0,0.0,0.0
2018-02-23 21:00:00+00:00,0.0,0.0,0.0,0.0,0.0
2018-02-23 22:00:00+00:00,0.0,0.0,0.0,0.0,0.0
2018-02-23 23:00:00+00:00,0.0,0.0,0.0,0.0,0.0
2018-02-24 00:00:00+00:00,0.0,0.0,0.0,0.0,0.0
2018-02-24 01:00:00+00:00,0.0,0.0,0.0,0.0,0.0
2018-02-24 02:00:00+00:00,0.0,0.0,0.0,0.0,0.0
2018-02-24 03:00:00+00:00,0.0,0.0,0.0,0.0,0.0
2018-02-24 04:00:00+00:00,4.911995318796458,3.393883942331672,0.0,0.0,8.30587926112813
2018-02-24 05:00:00+00:00,37.30929762922828,27.34052849692891,0.0,0.0,64.6498261261572
2018-02-24 06:00:00+00:00,75.11595351181735,55.689612250785416,0.0,0.0,130.80556576260278
2018-02-24 07:00:00+00:00,107.0266212374205,79.83683048938481,0.0,0.0,186.8634517268053
2018-02-24 08:00:00+00:00,129.71941112335193,97.19308375288549,0.0,0.0,226.91249487623742
2018-02-24 09:00:00+00:00,142.0150176723056,106.74268624427991,0.0,0.0,248.7577039165855
2018-02-24 10:00:00+00:00,108.06096220148329,108.22922380685438,0.0,0.0,216.29018600833768
2018-02-24 11:00:00+00:00,136.6317537891881,102.94374346271482,0.0,0.0,239.57549725190293
2018-02-24 12:00:00+00:00,119.04266465014916,89.63806870204131,0.0,0.0,208.6807333521905
2018-02-24 13:00:00+00:00,90.37874759260546,67.74359555877133,0.0,0.0,158.1223431513768
2018-02-24 14:00:00+00:00,50.42835481207304,37.58096751364906,0.0,0.0,88.0093223257221
2018-02-24 15:00:00+00:00,0.0,0.0,0.0,0.0,0.0
2018-02-24 16:00:00+00:00,0.0,0.0,0.0,0.0,0.0
2018-02-24 17:00:00+00:00,0.0,0.0,0.0,0.0,0.0
2018-02-24 18:00:00+00:00,0.0,0.0,0.0,0.0,0.0
2018-02-24 19:00:00+00:00,0.0,0.0,0.0,0.0,0.0
2018-02-24 20:00:00+00:00,0.0,0.0,0.0,0.0,0.0
2018-02-24 21:00:00+00:00,0.0,0.0,0.0,0.0,0.0
2018-02-24 22:00:00+00:00,0.0,0.0,0.0,0.0,0.0
2018-02-24 23:00:00+00:00,0.0,0.0,0.0,0.0,0.0
2018-02-25 00:00:00+00:00,0.0,0.0,0.0,0.0,0.0
2018-02-25 01:00:00+00:00,0.0,0.0,0.0,0.0,0.0
2018-02-25 02:00:00+00:00,0.0,0.0,0.0,0.0,0.0
2018-02-25 03:00:00+00:00,0.0,0.0,0.0,0.0,0.0
2018-02-25 04:00:00+00:00,3.5853739189435716,2.602981516796966,0.0,0.0,6.1883554357405375
2018-02-25 05:00:00+00:00,35.78992741571337,27.24431943610583,0.0,0.0,63.034246851819205
2018-02-25 06:00:00+00:00,74.68866826560277,43.79203693705661,0.0,0.0,118.48070520265938
2018-02-25 07:00:00+00:00,103.79989552907224,77.36110152196919,0.0,0.0,181.16099705104142
2018-02-25 08:00:00+00:00,124.62946853008981,93.13047513878149,0.0,0.0,217.7599436688713
2018-02-25 09:00:00+00:00,134.1638434294738,100.2648910431978,0.0,0.0,234.42873447267158
2018-02-25 10:00:00+00:00,135.66763025870176,101.24913645397709,0.0,0.0,236.91676671267885
2018-02-25 11:00:00+00:00,126.49775793410191,93.5936704756265,0.0,0.0,220.0914284097284
2018-02-25 12:00:00+00:00,103.43489471840499,48.610640244521704,0.0,0.0,152.0455349629267
2018-02-25 13:00:00+00:00,48.558518473535386,30.308246541279676,0.0,0.0,78.86676501481506
2018-02-25 14:00:00+00:00,10.83462568035437,15.462308708693655,0.0,0.0,26.296934389048026
2018-02-25 15:00:00+00:00,0.0,0.0,0.0,0.0,0.0
2018-02-25 16:00:00+00:00,0.0,0.0,0.0,0.0,0.0
2018-02-25 17:00:00+00:00,0.0,0.0,0.0,0.0,0.0
2018-02-25 18:00:00+00:00,0.0,0.0,0.0,0.0,0.0
2018-02-25 19:00:00+00:00,0.0,0.0,0.0,0.0,0.0
2018-02-25 20:00:00+00:00,0.0,0.0,0.0,0.0,0.0
2018-02-25 21:00:00+00:00,0.0,0.0,0.0,0.0,0.0
2018-02-25 22:00:00+00:00,0.0,0.0,0.0,0.0,0.0
2018-02-25 23:00:00+00:00,0.0,0.0,0.0,0.0,0.0
2018-02-26 00:00:00+00:00,0.0,0.0,0.0,0.0,0.0
2018-02-26 01:00:00+00:00,0.0,0.0,0.0,0.0,0.0
2018-02-26 02:00:00+00:00,0.0,0.0,0.0,0.0,0.0
2018-02-26 03:00:00+00:00,0.0,0.0,0.0,0.0,0.0
2018-02-26 04:00:00+00:00,2.8753244606623216,1.8036981318342695,0.0,0.0,4.679022592496591
2018-02-26 05:00:00+00:00,34.75145718969287,14.082134981593903,0.0,0.0,48.833592171286774
2018-02-26 06:00:00+00:00,69.96590594023249,25.79396509967432,0.0,0.0,95.75987103990681
2018-02-26 07:00:00+00:00,100.6518369445725,43.64899903098059,0.0,0.0,144.30083597555307
2018-02-26 08:00:00+00:00,122.88976989311126,65.56846721614252,0.0,0.0,188.4582371092538
2018-02-26 09:00:00+00:00,135.11961546203747,73.67107087119952,0.0,0.0,208.79068633323698
2018-02-26 10:00:00+00:00,137.33656515682313,73.60030082403922,0.0,0.0,210.93686598086236
2018-02-26 11:00:00+00:00,128.85948985079978,96.37501944304601,0.0,0.0,225.2345092938458
2018-02-26 12:00:00+00:00,107.5488260219876,45.213480388965195,0.0,0.0,152.7623064109528
2018-02-26 13:00:00+00:00,75.46553359432238,31.108869600652426,0.0,0.0,106.5744031949748
2018-02-26 14:00:00+00:00,32.9759361918304,8.551795123682815,0.0,0.0,41.527731315513215
2018-02-26 15:00:00+00:00,0.0,0.13860873552561043,0.0,0.0,0.13860873552561043
2018-02-26 16:00:00+00:00,0.0,0.0,0.0,0.0,0.0
2018-02-26 17:00:00+00:00,0.0,0.0,0.0,0.0,0.0
2018-02-26 18:00:00+00:00,0.0,0.0,0.0,0.0,0.0
2018-02-26 19:00:00+00:00,0.0,0.0,0.0,0.0,0.0
2018-02-26 20:00:00+00:00,0.0,0.0,0.0,0.0,0.0
2018-02-26 21:00:00+00:00,0.0,0.0,0.0,0.0,0.0
2018-02-26 22:00:00+00:00,0.0,0.0,0.0,0.0,0.0
2018-02-26 23:00:00+00:00,0.0,0.0,0.0,0.0,0.0
2018-02-27 00:00:00+00:00,0.0,0.0,0.0,0.0,0.0
2018-02-27 01:00:00+00:00,0.0,0.0,0.0,0.0,0.0
2018-02-27 02:00:00+00:00,0.0,0.0,0.0,0.0,0.0
2018-02-27 03:00:00+00:00,0.0,0.0,0.0,0.0,0.0
2018-02-27 04:00:00+00:00,2.1358617435697087,1.027285698827569,0.0,0.0,3.1631474423972774
2018-02-27 05:00:00+00:00,7.176000701412261,1.4607707660427445,0.0,0.0,8.636771467455006
2018-02-27 06:00:00+00:00,13.014973781130479,39.48634095256743,0.0,0.0,52.50131473369791
2018-02-27 07:00:00+00:00,78.64682957246504,25.7427248215451,0.0,0.0,104.38955439401013
2018-02-27 08:00:00+00:00,85.40369763349202,66.20359115425728,0.0,0.0,151.6072887877493
2018-02-27 09:00:00+00:00,67.89724909367857,65.52737552801904,0.0,0.0,133.4246246216976
2018-02-27 10:00:00+00:00,93.42153324436259,98.9527797418622,0.0,0.0,192.3743129862248
2018-02-27 11:00:00+00:00,125.47576949232754,93.34222585078874,0.0,0.0,218.81799534311628
2018-02-27 12:00:00+00:00,107.98569515392404,64.8582708221886,0.0,0.0,172.84396597611266
2018-02-27 13:00:00+00:00,79.03972009355655,44.725679323777186,0.0,0.0,123.76539941733374
2018-02-27 14:00:00+00:00,39.90244835311989,28.660907307864573,0.0,0.0,68.56335566098446
2018-02-27 15:00:00+00:00,0.0,0.13974667721672013,0.0,0.0,0.13974667721672013
2018-02-27 16:00:00+00:00,0.0,0.0,0.0,0.0,0.0
2018-02-27 17:00:00+00:00,0.0,0.0,0.0,0.0,0.0
2018-02-27 18:00:00+00:00,0.0,0.0,0.0,0.0,0.0
2018-02-27 19:00:00+00:00,0.0,0.0,0.0,0.0,0.0
2018-02-27 20:00:00+00:00,0.0,0.0,0.0,0.0,0.0
2018-02-27 21:00:00+00:00,0.0,0.0,0.0,0.0,0.0
2018-02-27 22:00:00+00:00,0.0,0.0,0.0,0.0,0.0
2018-02-27 23:00:00+00:00,0.0,0.0,0.0,0.0,0.0
2018-02-28 00:00:00+00:00,0.0,0.0,0.0,0.0,0.0
2018-02-28 01:00:00+00:00,0.0,0.0,0.0,0.0,0.0
2018-02-28 02:00:00+00:00,0.0,0.0,0.0,0.0,0.0
2018-02-28 03:00:00+00:00,0.0,0.0,0.0,0.0,0.0
2018-02-28 04:00:00+00:00,1.6215126290144264,4.714196876808872,0.0,0.0,6.335709505823298
2018-02-28 05:00:00+00:00,7.602786275872594,29.371704057809524,0.0,0.0,36.97449033368212
2018-02-28 06:00:00+00:00,59.56164501902235,56.46622623712429,0.0,0.0,116.02787125614664
2018-02-28 07:00:00+00:00,43.26096862035594,61.52673791872043,0.0,0.0,104.78770653907637
2018-02-28 08:00:00+00:00,125.52027637345381,71.4608873629608,0.0,0.0,196.9811637364146
2018-02-28 09:00:00+00:00,134.3684769649183,101.97570123103611,0.0,0.0,236.3441781959544
2018-02-28 10:00:00+00:00,135.06363225714952,102.87766533167118,0.0,0.0,237.9412975888207
2018-02-28 11:00:00+00:00,125.90495317376556,95.90748668766705,0.0,0.0,221.8124398614326
2018-02-28 12:00:00+00:00,106.14211596831524,81.07816768031402,0.0,0.0,187.22028364862928
2018-02-28 13:00:00+00:00,76.16817885118103,58.43074772731289,0.0,0.0,134.59892657849392
2018-02-28 14:00:00+00:00,36.56432709506318,28.54036010752545,0.0,0.0,65.10468720258862
2018-02-28 15:00:00+00:00,0.0,0.33670129898669016,0.0,0.0,0.33670129898669016
2018-02-28 16:00:00+00:00,0.0,0.0,0.0,0.0,0.0
2018-02-28 17:00:00+00:00,0.0,0.0,0.0,0.0,0.0
2018-02-28 18:00:00+00:00,0.0,0.0,0.0,0.0,0.0
2018-02-28 19:00:00+00:00,0.0,0.0,0.0,0.0,0.0
2018-02-28 20:00:00+00:00,0.0,0.0,0.0,0.0,0.0
2018-02-28 21:00:00+00:00,0.0,0.0,0.0,0.0,0.0
2018-02-28 22:00:00+00:00,0.0,0.0,0.0,0.0,0.0
2018-02-28 23:00:00+00:00,0.0,0.0,0.0,0.0,0.0
2018-03-01 00:00:00+00:00,0.0,0.0,0.0,0.0,0.0
2018-03-01 01:00:00+00:00,0.0,0.0,0.0,0.0,0.0
2018-03-01 02:00:00+00:00,0.0,0.0,0.0,0.0,0.0
2018-03-01 03:00:00+00:00,0.0,0.0,0.0,0.0,0.0
2018-03-01 04:00:00+00:00,6.837364111737126,5.012115348948977,0.0,0.0,11.849479460686103
2018-03-01 05:00:00+00:00,40.59973499994243,30.396264225782947,0.0,0.0,70.99599922572537
2018-03-01 06:00:00+00:00,77.2588837749556,57.84308087683853,0.0,0.0,135.10196465179413
2018-03-01 07:00:00+00:00,107.40629179786808,80.72777029880285,0.0,0.0,188.13406209667093
2018-03-01 08:00:00+00:00,128.7594841383407,96.95837292460445,0.0,0.0,225.71785706294514
2018-03-01 09:00:00+00:00,139.96603710861024,105.14665327834187,0.0,0.0,245.11269038695212
2018-03-01 10:00:00+00:00,141.3666474836054,106.33528743518045,0.0,0.0,247.70193491878584
2018-03-01 11:00:00+00:00,133.01699755065437,99.78161459196511,0.0,0.0,232.79861214261948
2018-03-01 12:00:00+00:00,101.47671979040803,83.15253384679104,0.0,0.0,184.62925363719907
2018-03-01 13:00:00+00:00,82.36890541400984,60.45663448423262,0.0,0.0,142.82553989824248
2018-03-01 14:00:00+00:00,42.83754418879431,30.24679592497211,0.0,0.0,73.08434011376642
2018-03-01 15:00:00+00:00,0.0,0.20778863097076872,0.0,0.0,0.20778863097076872
2018-03-01 16:00:00+00:00,0.0,0.0,0.0,0.0,0.0
2018-03-01 17:00:00+00:00,0.0,0.0,0.0,0.0,0.0
2018-03-01 18:00:00+00:00,0.0,0.0,0.0,0.0,0.0
2018-03-01 19:00:00+00:00,0.0,0.0,0.0,0.0,0.0
2018-03-01 20:00:00+00:00,0.0,0.0,0.0,0.0,0.0
2018-03-01 21:00:00+00:00,0.0,0.0,0.0,0.0,0.0
2018-03-01 22:00:00+00:00,0.0,0.0,0.0,0.0,0.0
2018-03-01 23:00:00+00:00,0.0,0.0,0.0,0.0,0.0
2018-03-02 00:00:00+00:00,0.0,0.0,0.0,0.0,0.0
2018-03-02 01:00:00+00:00,0.0,0.0,0.0,0.0,0.0
2018-03-02 02:00:00+00:00,0.0,0.0,0.0,0.0,0.0
2018-03-02 03:00:00+00:00,0.0,0.0,0.0,0.0,0.0
2018-03-02 04:00:00+00:00,6.748879556378821,4.633855664240741,0.0,0.0,11.382735220619562
2018-03-02 05:00:00+00:00,38.682015854579554,27.8648559571749,0.0,0.0,66.54687181175446
2018-03-02 06:00:00+00:00,74.74692441263485,54.54439489073521,0.0,0.0,129.29131930337007
2018-03-02 07:00:00+00:00,104.78176555081953,77.26918378079435,0.0,0.0,182.05094933161388
2018-03-02 08:00:00+00:00,126.13695410069334,93.49302103174313,0.0,0.0,219.62997513243647
2018-03-02 09:00:00+00:00,136.04474032068964,101.83251822244651,0.0,0.0,237.87725854313615
2018-03-02 10:00:00+00:00,137.7585840141482,103.2255311694056,0.0,0.0,240.9841151835538
2018-03-02 11:00:00+00:00,129.0349200295616,96.75314463446495,0.0,0.0,225.78806466402654
2018-03-02 12:00:00+00:00,110.40255826659265,82.71700829241792,0.0,0.0,193.11956655901056
2018-03-02 13:00:00+00:00,81.24894214383184,60.479958599965705,0.0,0.0,141.72890074379754
2018-03-02 14:00:00+00:00,41.98592669396278,15.979956225685449,0.0,0.0,57.96588291964823
2018-03-02 15:00:00+00:00,0.0,0.43463026154801154,0.0,0.0,0.43463026154801154
2018-03-02 16:00:00+00:00,0.0,0.0,0.0,0.0,0.0
2018-03-02 17:00:00+00:00,0.0,0.0,0.0,0.0,0.0
2018-03-02 18:00:00+00:00,0.0,0.0,0.0,0.0,0.0
2018-03-02 19:00:00+00:00,0.0,0.0,0.0,0.0,0.0
2018-03-02 20:00:00+00:00,0.0,0.0,0.0,0.0,0.0
2018-03-02 21:00:00+00:00,0.0,0.0,0.0,0.0,0.0
2018-03-02 22:00:00+00:00,0.0,0.0,0.0,0.0,0.0
2018-03-02 23:00:00+00:00,0.0,0.0,0.0,0.0,0.0
2018-03-03 00:00:00+00:00,0.0,0.0,0.0,0.0,0.0
2018-03-03 01:00:00+00:00,0.0,0.0,0.0,0.0,0.0
2018-03-03 02:00:00+00:00,0.0,0.0,0.0,0.0,0.0
2018-03-03 03:00:00+00:00,0.0,0.0,0.0,0.0,0.0
2018-03-03 04:00:00+00:00,6.421678449154342,3.7878910398228003,0.0,0.0,10.209569488977142
2018-03-03 05:00:00+00:00,27.66056196695638,29.76756224240672,0.0,0.0,57.4281242093631
2018-03-03 06:00:00+00:00,72.05884393688468,56.39909147366984,0.0,0.0,128.4579354105545
2018-03-03 07:00:00+00:00,105.99556828928002,78.69094171386982,0.0,0.0,184.68651000314983
2018-03-03 08:00:00+00:00,124.24881901169502,94.38215949460057,0.0,0.0,218.6309785062956
2018-03-03 09:00:00+00:00,139.16975647012325,104.25560570680942,0.0,0.0,243.42536217693265
2018-03-03 10:00:00+00:00,140.54647308317013,105.33186838858099,0.0,0.0,245.87834147175113
2018-03-03 11:00:00+00:00,131.99323966971681,98.64962629574364,0.0,0.0,230.64286596546046
2018-03-03 12:00:00+00:00,114.12033856597378,85.27438270939027,0.0,0.0,199.39472127536405
2018-03-03 13:00:00+00:00,84.95714470645291,55.117948603372014,0.0,0.0,140.07509330982492
2018-03-03 14:00:00+00:00,45.31704432257709,25.542838437620407,0.0,0.0,70.8598827601975
2018-03-03 15:00:00+00:00,0.5506397846992455,0.43033138640665236,0.0,0.0,0.9809711711058978
2018-03-03 16:00:00+00:00,0.0,0.0,0.0,0.0,0.0
2018-03-03 17:00:00+00:00,0.0,0.0,0.0,0.0,0.0
2018-03-03 18:00:00+00:00,0.0,0.0,0.0,0.0,0.0
2018-03-03 19:00:00+00:00,0.0,0.0,0.0,0.0,0.0
2018-03-03 20:00:00+00:00,0.0,0.0,0.0,0.0,0.0
2018-03-03 21:00:00+00:00,0.0,0.0,0.0,0.0,0.0
2018-03-03 22:00:00+00:00,0.0,0.0,0.0,0.0,0.0
2018-03-03 23:00:00+00:00,0.0,0.0,0.0,0.0,0.0
2018-03-04 00:00:00+00:00,0.0,0.0,0.0,0.0,0.0
2018-03-04 01:00:00+00:00,0.0,0.0,0.0,0.0,0.0
2018-03-04 02:00:00+00:00,0.0,0.0,0.0,0.0,0.0
2018-03-04 03:00:00+00:00,0.0,0.0,0.0,0.0,0.0
2018-03-04 04:00:00+00:00,7.180807179694423,4.970743715304664,0.0,0.0,12.151550894999087
2018-03-04 05:00:00+00:00,37.23466071771834,27.024641901079463,0.0,0.0,64.2593026187978
2018-03-04 06:00:00+00:00,70.56044278085866,51.786035666239236,0.0,0.0,122.3464784470979
2018-03-04 07:00:00+00:00,98.32411967228347,69.64392185609097,0.0,0.0,167.96804152837444
2018-03-04 08:00:00+00:00,103.31414151676663,87.99501394848429,0.0,0.0,191.3091554652509
2018-03-04 09:00:00+00:00,105.22031518336783,97.51338702873015,0.0,0.0,202.73370221209797
2018-03-04 10:00:00+00:00,131.36085247448491,98.30601815269273,0.0,0.0,229.66687062717764
2018-03-04 11:00:00+00:00,122.16621665894863,91.12835624523032,0.0,0.0,213.29457290417895
2018-03-04 12:00:00+00:00,106.5581587729549,79.7318345794904,0.0,0.0,186.2899933524453
2018-03-04 13:00:00+00:00,78.09362107301158,57.886115590333574,0.0,0.0,135.97973666334514
2018-03-04 14:00:00+00:00,39.73314520252691,28.921467372231703,0.0,0.0,68.65461257475862
2018-03-04 15:00:00+00:00,1.2557648896749483,0.8475275205312172,0.0,0.0,2.1032924102061656
2018-03-04 16:00:00+00:00,0.0,0.0,0.0,0.0,0.0
2018-03-04 17:00:00+00:00,0.0,0.0,0.0,0.0,0.0
2018-03-04 18:00:00+00:00,0.0,0.0,0.0,0.0,0.0
2018-03-04 19:00:00+00:00,0.0,0.0,0.0,0.0,0.0
2018-03-04 20:00:00+00:00,0.0,0.0,0.0,0.0,0.0
2018-03-04 21:00:00+00:00,0.0,0.0,0.0,0.0,0.0
2018-03-04 22:00:00+00:00,0.0,0.0,0.0,0.0,0.0
2018-03-04 23:00:00+00:00,0.0,0.0,0.0,0.0,0.0
2018-03-05 00:00:00+00:00,0.0,0.0,0.0,0.0,0.0
2018-03-05 01:00:00+00:00,0.0,0.0,0.0,0.0,0.0
2018-03-05 02:00:00+00:00,0.0,0.0,0.0,0.0,0.0
2018-03-05 03:00:00+00:00,0.0,0.0,0.0,0.0,0.0
2018-03-05 04:00:00+00:00,7.971068448128569,5.712700864343438,0.0,0.0,13.683769312472005
2018-03-05 05:00:00+00:00,39.347055569281636,28.936579416654247,0.0,0.0,68.28363498593589
2018-03-05 06:00:00+00:00,73.87714745157258,54.82582319577196,0.0,0.0,128.70297064734456
2018-03-05 07:00:00+00:00,102.58127065427814,76.51723456879951,0.0,0.0,179.09850522307767
2018-03-05 08:00:00+00:00,122.85400839778686,91.82846145893542,0.0,0.0,214.68246985672226
2018-03-05 09:00:00+00:00,129.4741212047029,96.9155891726283,0.0,0.0,226.3897103773312
2018-03-05 10:00:00+00:00,130.8860773561588,97.32253101392853,0.0,0.0,228.20860837008735
2018-03-05 11:00:00+00:00,122.78028200493276,90.68096464376309,0.0,0.0,213.46124664869586
2018-03-05 12:00:00+00:00,105.6254270498928,78.04615418556158,0.0,0.0,183.67158123545437
2018-03-05 13:00:00+00:00,76.53219382700667,55.627758200966724,0.0,0.0,132.1599520279734
2018-03-05 14:00:00+00:00,37.08460279779514,26.008916874679045,0.0,0.0,63.09351967247419
2018-03-05 15:00:00+00:00,0.9821601115572645,0.5884251980822278,0.0,0.0,1.5705853096394922
2018-03-05 16:00:00+00:00,0.0,0.0,0.0,0.0,0.0
2018-03-05 17:00:00+00:00,0.0,0.0,0.0,0.0,0.0
2018-03-05 18:00:00+00:00,0.0,0.0,0.0,0.0,0.0
2018-03-05 19:00:00+00:00,0.0,0.0,0.0,0.0,0.0
2018-03-05 20:00:00+00:00,0.0,0.0,0.0,0.0,0.0
2018-03-05 21:00:00+00:00,0.0,0.0,0.0,0.0,0.0
2018-03-05 22:00:00+00:00,0.0,0.0,0.0,0.0,0.0
2018-03-05 23:00:00+00:00,0.0,0.0,0.0,0.0,0.0
2018-03-06 00:00:00+00:00,0.0,0.0,0.0,0.0,0.0
2018-03-06 01:00:00+00:00,0.0,0.0,0.0,0.0,0.0
2018-03-06 02:00:00+00:00,0.0,0.0,0.0,0.0,0.0
2018-03-06 03:00:00+00:00,0.0,0.0,0.0,0.0,0.0
2018-03-06 04:00:00+00:00,6.904678967366377,4.6227069581432385,0.0,0.0,11.527385925509616
2018-03-06 05:00:00+00:00,35.11755859326595,25.70622473338211,0.0,0.0,60.823783326648055
2018-03-06 06:00:00+00:00,66.71873449100788,49.76304683465814,0.0,0.0,116.48178132566602
2018-03-06 07:00:00+00:00,94.71688645310283,70.79874662968135,0.0,0.0,165.51563308278418
2018-03-06 08:00:00+00:00,114.73474928834013,85.89357047245207,0.0,0.0,200.62831976079218
2018-03-06 09:00:00+00:00,123.76621032803337,92.81758710322066,0.0,0.0,216.58379743125403
2018-03-06 10:00:00+00:00,122.76824989848967,91.75275540732244,0.0,0.0,214.5210053058121
2018-03-06 11:00:00+00:00,113.74991309044975,84.36591140673413,0.0,0.0,198.1158244971839
2018-03-06 12:00:00+00:00,96.87662461746973,71.93013761379466,0.0,0.0,168.80676223126437
2018-03-06 13:00:00+00:00,68.47106903931754,49.6672778613535,0.0,0.0,118.13834690067104
2018-03-06 14:00:00+00:00,31.023399271121825,21.526583831028052,0.0,0.0,52.54998310214988
2018-03-06 15:00:00+00:00,0.5263568537283748,0.2805150263034843,0.0,0.0,0.8068718800318591
2018-03-06 16:00:00+00:00,0.0,0.0,0.0,0.0,0.0
2018-03-06 17:00:00+00:00,0.0,0.0,0.0,0.0,0.0
2018-03-06 18:00:00+00:00,0.0,0.0,0.0,0.0,0.0
2018-03-06 19:00:00+00:00,0.0,0.0,0.0,0.0,0.0
2018-03-06 20:00:00+00:00,0.0,0.0,0.0,0.0,0.0
2018-03-06 21:00:00+00:00,0.0,0.0,0.0,0.0,0.0
2018-03-06 22:00:00+00:00,0.0,0.0,0.0,0.0,0.0
2018-03-06 23:00:00+00:00,0.0,0.0,0.0,0.0,0.0
2018-03-07 00:00:00+00:00,0.0,0.0,0.0,0.0,0.0
2018-03-07 01:00:00+00:00,0.0,0.0,0.0,0.0,0.0
2018-03-07 02:00:00+00:00,0.0,0.0,0.0,0.0,0.0
2018-03-07 03:00:00+00:00,0.0,0.0,0.0,0.0,0.0
2018-03-07 04:00:00+00:00,8.861334672741329,6.271754465847615,0.0,0.0,15.133089138588943
2018-03-07 05:00:00+00:00,41.37742299153369,30.520075322834852,0.0,0.0,71.89749831436855
2018-03-07 06:00:00+00:00,77.28014802566169,57.38906282814012,0.0,0.0,134.66921085380181
2018-03-07 07:00:00+00:00,106.94438702490481,79.84990490409051,0.0,0.0,186.79429192899534
2018-03-07 08:00:00+00:00,127.89496419523593,95.75436227939716,0.0,0.0,223.64932647463309
2018-03-07 09:00:00+00:00,138.1942370480134,104.1751255357984,0.0,0.0,242.3693625838118
2018-03-07 10:00:00+00:00,140.35243530172605,105.71994291319967,0.0,0.0,246.07237821492572
2018-03-07 11:00:00+00:00,132.02360734163622,99.15414315965631,0.0,0.0,231.17775050129254
2018-03-07 12:00:00+00:00,112.59657546493224,84.42932731298701,0.0,0.0,197.02590277791927
2018-03-07 13:00:00+00:00,84.19511661614594,62.65806407505412,0.0,0.0,146.85318069120007
2018-03-07 14:00:00+00:00,46.14311767729648,33.70829438615811,0.0,0.0,79.85141206345459
2018-03-07 15:00:00+00:00,3.061579060730471,2.155666515088015,0.0,0.0,5.217245575818486
2018-03-07 16:00:00+00:00,0.0,0.0,0.0,0.0,0.0
2018-03-07 17:00:00+00:00,0.0,0.0,0.0,0.0,0.0
2018-03-07 18:00:00+00:00,0.0,0.0,0.0,0.0,0.0
2018-03-07 19:00:00+00:00,0.0,0.0,0.0,0.0,0.0
2018-03-07 20:00:00+00:00,0.0,0.0,0.0,0.0,0.0
2018-03-07 21:00:00+00:00,0.0,0.0,0.0,0.0,0.0
2018-03-07 22:00:00+00:00,0.0,0.0,0.0,0.0,0.0
2018-03-07 23:00:00+00:00,0.0,0.0,0.0,0.0,0.0
2018-03-08 00:00:00+00:00,0.0,0.0,0.0,0.0,0.0
2018-03-08 01:00:00+00:00,0.0,0.0,0.0,0.0,0.0
2018-03-08 02:00:00+00:00,0.0,0.0,0.0,0.0,0.0
2018-03-08 03:00:00+00:00,0.0,0.0,0.0,0.0,0.0
2018-03-08 04:00:00+00:00,9.225013149818347,6.716793106841032,0.0,0.0,15.94180625665938
2018-03-08 05:00:00+00:00,40.74171863136924,30.0584698862489,0.0,0.0,70.80018851761814
2018-03-08 06:00:00+00:00,74.23878747369906,55.07807086700693,0.0,0.0,129.316858340706
2018-03-08 07:00:00+00:00,101.82797352430927,76.0493212377198,0.0,0.0,177.87729476202907
2018-03-08 08:00:00+00:00,121.19972381786752,90.44303244188681,0.0,0.0,211.64275625975432
2018-03-08 09:00:00+00:00,126.35661271498893,93.6083723608664,0.0,0.0,219.96498507585534
2018-03-08 10:00:00+00:00,99.9974597610613,76.21762393399165,0.0,0.0,176.21508369505295
2018-03-08 11:00:00+00:00,113.14633035037089,83.21242248435833,0.0,0.0,196.35875283472922
2018-03-08 12:00:00+00:00,86.87769955260157,62.54564765512703,0.0,0.0,149.4233472077286
2018-03-08 13:00:00+00:00,51.27156887767988,40.695732208491705,0.0,0.0,91.96730108617159
2018-03-08 14:00:00+00:00,13.702153910812461,15.459465406577511,0.0,0.0,29.16161931738997
2018-03-08 15:00:00+00:00,0.14405049338438486,0.13438209495863154,0.0,0.0,0.27843258834301643
2018-03-08 16:00:00+00:00,0.0,0.0,0.0,0.0,0.0
2018-03-08 17:00:00+00:00,0.0,0.0,0.0,0.0,0.0
2018-03-08 18:00:00+00:00,0.0,0.0,0.0,0.0,0.0
2018-03-08 19:00:00+00:00,0.0,0.0,0.0,0.0,0.0
2018-03-08 20:00:00+00:00,0.0,0.0,0.0,0.0,0.0
2018-03-08 21:00:00+00:00,0.0,0.0,0.0,0.0,0.0
2018-03-08 22:00:00+00:00,0.0,0.0,0.0,0.0,0.0
2018-03-08 23:00:00+00:00,0.0,0.0,0.0,0.0,0.0
2018-03-09 00:00:00+00:00,0.0,0.0,0.0,0.0,0.0
2018-03-09 01:00:00+00:00,0.0,0.0,0.0,0.0,0.0
2018-03-09 02:00:00+00:00,0.0,0.0,0.0,0.0,0.0
2018-03-09 03:00:00+00:00,0.0,0.0,0.0,0.0,0.0
2018-03-09 04:00:00+00:00,9.480176463634402,7.017744143728572,0.0,0.0,16.497920607362975
2018-03-09 05:00:00+00:00,42.793416822779534,31.85648604736553,0.0,0.0,74.64990287014507
2018-03-09 06:00:00+00:00,79.31104761250262,59.37813517013795,0.0,0.0,138.68918278264056
2018-03-09 07:00:00+00:00,109.26202828057637,81.98650446062261,0.0,0.0,191.24853274119897
2018-03-09 08:00:00+00:00,130.29508471394496,97.63656046121473,0.0,0.0,227.9316451751597
2018-03-09 09:00:00+00:00,142.0078977838123,106.22807965341471,0.0,0.0,248.235977437227
2018-03-09 10:00:00+00:00,142.26111755211787,86.56509204759122,0.0,0.0,228.8262095997091
2018-03-09 11:00:00+00:00,132.7168277254688,80.80254788306023,0.0,0.0,213.519375608529
2018-03-09 12:00:00+00:00,73.09242713171774,64.48462507506015,0.0,0.0,137.5770522067779
2018-03-09 13:00:00+00:00,57.96440581583289,39.236993362095724,0.0,0.0,97.20139917792861
2018-03-09 14:00:00+00:00,10.296671205112355,17.064921957311824,0.0,0.0,27.361593162424178
2018-03-09 15:00:00+00:00,1.6191645272999509,1.4129845035227873,0.0,0.0,3.032149030822738
2018-03-09 16:00:00+00:00,0.0,0.0,0.0,0.0,0.0
2018-03-09 17:00:00+00:00,0.0,0.0,0.0,0.0,0.0
2018-03-09 18:00:00+00:00,0.0,0.0,0.0,0.0,0.0
2018-03-09 19:00:00+00:00,0.0,0.0,0.0,0.0,0.0
2018-03-09 20:00:00+00:00,0.0,0.0,0.0,0.0,0.0
2018-03-09 21:00:00+00:00,0.0,0.0,0.0,0.0,0.0
2018-03-09 22:00:00+00:00,0.0,0.0,0.0,0.0,0.0
2018-03-09 23:00:00+00:00,0.0,0.0,0.0,0.0,0.0
2018-03-10 00:00:00+00:00,0.0,0.0,0.0,0.0,0.0
2018-03-10 01:00:00+00:00,0.0,0.0,0.0,0.0,0.0
2018-03-10 02:00:00+00:00,0.0,0.0,0.0,0.0,0.0
2018-03-10 03:00:00+00:00,0.0,0.0,0.0,0.0,0.0
2018-03-10 04:00:00+00:00,10.228871401251832,7.512501767563569,0.0,0.0,17.7413731688154
2018-03-10 05:00:00+00:00,46.5739875615498,34.57192933990486,0.0,0.0,81.14591690145465
2018-03-10 06:00:00+00:00,59.82739471776011,62.44915280308372,0.0,0.0,122.27654752084382
2018-03-10 07:00:00+00:00,112.77023934149567,84.9045829647325,0.0,0.0,197.67482230622818
2018-03-10 08:00:00+00:00,133.01286697975704,100.48375630862644,0.0,0.0,233.4966232883835
2018-03-10 09:00:00+00:00,142.5,107.89445993804884,0.0,0.0,250.39445993804884
2018-03-10 10:00:00+00:00,142.5,108.11003812031258,0.0,0.0,250.6100381203126
2018-03-10 11:00:00+00:00,136.58866924973958,103.10516038225589,0.0,0.0,239.69382963199547
2018-03-10 12:00:00+00:00,117.31947335339538,88.47432285559374,0.0,0.0,205.79379620898914
2018-03-10 13:00:00+00:00,88.46638171046558,66.14666253694533,0.0,0.0,154.61304424741093
2018-03-10 14:00:00+00:00,49.37982959536286,36.25139100297654,0.0,0.0,85.6312205983394
2018-03-10 15:00:00+00:00,4.559980929220636,3.213467660383256,0.0,0.0,7.773448589603892
2018-03-10 16:00:00+00:00,0.0,0.0,0.0,0.0,0.0
2018-03-10 17:00:00+00:00,0.0,0.0,0.0,0.0,0.0
2018-03-10 18:00:00+00:00,0.0,0.0,0.0,0.0,0.0
2018-03-10 19:00:00+00:00,0.0,0.0,0.0,0.0,0.0
2018-03-10 20:00:00+00:00,0.0,0.0,0.0,0.0,0.0
2018-03-10 21:00:00+00:00,0.0,0.0,0.0,0.0,0.0
2018-03-10 22:00:00+00:00,0.0,0.0,0.0,0.0,0.0
2018-03-10 23:00:00+00:00,0.0,0.0,0.0,0.0,0.0
2018-03-11 00:00:00+00:00,0.0,0.0,0.0,0.0,0.0
2018-03-11 01:00:00+00:00,0.0,0.0,0.0,0.0,0.0
2018-03-11 02:00:00+00:00,0.0,0.0,0.0,0.0,0.0
2018-03-11 03:00:00+00:00,0.0,0.0,0.0,0.0,0.0
2018-03-11 04:00:00+00:00,10.369500698091723,7.722136156031963,0.0,0.0,18.091636854123685
2018-03-11 05:00:00+00:00,46.788756618685085,34.917441407452955,0.0,0.0,81.70619802613804
2018-03-11 06:00:00+00:00,84.02020778795247,62.90200475150044,0.0,0.0,146.92221253945291
2018-03-11 07:00:00+00:00,113.90883566967277,85.70196476101147,0.0,0.0,199.61080043068424
2018-03-11 08:00:00+00:00,134.53696565788164,101.68913953215669,0.0,0.0,236.2261051900383
2018-03-11 09:00:00+00:00,142.5,108.56303371142354,0.0,0.0,251.06303371142354
2018-03-11 10:00:00+00:00,142.5,109.01567041817236,0.0,0.0,251.51567041817236
2018-03-11 11:00:00+00:00,138.49165933387218,104.96439759176852,0.0,0.0,243.4560569256407
2018-03-11 12:00:00+00:00,120.35681616911951,91.36046039862396,0.0,0.0,211.71727656774345
2018-03-11 13:00:00+00:00,91.76443212026814,69.87288898048631,0.0,0.0,161.63732110075443
2018-03-11 14:00:00+00:00,53.82082074390223,41.101550024091594,0.0,0.0,94.92237076799383
2018-03-11 15:00:00+00:00,8.37106366717051,6.558396226721592,0.0,0.0,14.929459893892101
2018-03-11 16:00:00+00:00,0.0,0.0,0.0,0.0,0.0
2018-03-11 17:00:00+00:00,0.0,0.0,0.0,0.0,0.0
2018-03-11 18:00:00+00:00,0.0,0.0,0.0,0.0,0.0
2018-03-11 19:00:00+00:00,0.0,0.0,0.0,0.0,0.0
2018-03-11 20:00:00+00:00,0.0,0.0,0.0,0.0,0.0
2018-03-11 21:00:00+00:00,0.0,0.0,0.0,0.0,0.0
2018-03-11 22:00:00+00:00,0.0,0.0,0.0,0.0,0.0
2018-03-11 23:00:00+00:00,0.0,0.0,0.0,0.0,0.0
2018-03-12 00:00:00+00:00,0.0,0.0,0.0,0.0,0.0
2018-03-12 01:00:00+00:00,0.0,0.0,0.0,0.0,0.0
2018-03-12 02:00:00+00:00,0.0,0.0,0.0,0.0,0.0
2018-03-12 03:00:00+00:00,0.0,0.0,0.0,0.0,0.0
2018-03-12 04:00:00+00:00,10.718284575246999,7.959802184351871,0.0,0.0,18.67808675959887
2018-03-12 05:00:00+00:00,47.76447942254595,35.4969424158033,0.0,0.0,83.26142183834925
2018-03-12 06:00:00+00:00,84.06680795859967,63.28796514665984,0.0,0.0,147.3547731052595
2018-03-12 07:00:00+00:00,113.69421699925373,85.94035433338914,0.0,0.0,199.63457133264285
2018-03-12 08:00:00+00:00,134.38534726174663,101.87141237217782,0.0,0.0,236.25675963392445
2018-03-12 09:00:00+00:00,142.5,108.68682406840628,0.0,0.0,251.18682406840628
2018-03-12 10:00:00+00:00,142.5,109.06983410212825,0.0,0.0,251.56983410212825
2018-03-12 11:00:00+00:00,138.9929105336574,105.52096382414129,0.0,0.0,244.5138743577987
2018-03-12 12:00:00+00:00,121.21861729999785,91.69602596815048,0.0,0.0,212.91464326814832
2018-03-12 13:00:00+00:00,93.46432415733915,70.45177934274344,0.0,0.0,163.91610350008258
2018-03-12 14:00:00+00:00,56.188785216887226,42.071595601733456,0.0,0.0,98.26038081862069
2018-03-12 15:00:00+00:00,10.35601030114298,7.640354708974028,0.0,0.0,17.99636501011701
2018-03-12 16:00:00+00:00,0.0,0.0,0.0,0.0,0.0
2018-03-12 17:00:00+00:00,0.0,0.0,0.0,0.0,0.0
2018-03-12 18:00:00+00:00,0.0,0.0,0.0,0.0,0.0
2018-03-12 19:00:00+00:00,0.0,0.0,0.0,0.0,0.0
2018-03-12 20:00:00+00:00,0.0,0.0,0.0,0.0,0.0
2018-03-12 21:00:00+00:00,0.0,0.0,0.0,0.0,0.0
2018-03-12 22:00:00+00:00,0.0,0.0,0.0,0.0,0.0
2018-03-12 23:00:00+00:00,0.0,0.0,0.0,0.0,0.0
2018-03-13 00:00:00+00:00,0.0,0.0,0.0,0.0,0.0
2018-03-13 01:00:00+00:00,0.0,0.0,0.0,0.0,0.0
2018-03-13 02:00:00+00:00,0.0,0.0,0.0,0.0,0.0
2018-03-13 03:00:00+00:00,0.0,0.0,0.0,0.0,0.0
2018-03-13 04:00:00+00:00,11.10216977303526,8.318088077372831,0.0,0.0,19.420257850408092
2018-03-13 05:00:00+00:00,47.81612916538144,35.55114360637837,0.0,0.0,83.36727277175981
2018-03-13 06:00:00+00:00,84.18559078911653,63.27140398437858,0.0,0.0,147.45699477349513
2018-03-13 07:00:00+00:00,112.9309387404923,85.17877621667952,0.0,0.0,198.10971495717183
2018-03-13 08:00:00+00:00,133.4354809502256,100.76146965507056,0.0,0.0,234.19695060529617
2018-03-13 09:00:00+00:00,142.5,108.15346178915138,0.0,0.0,250.65346178915138
2018-03-13 10:00:00+00:00,142.5,108.61824884894762,0.0,0.0,251.11824884894762
2018-03-13 11:00:00+00:00,96.20935477520041,80.08622291566597,0.0,0.0,176.29557769086637
2018-03-13 12:00:00+00:00,84.88581451002757,86.3770611222784,0.0,0.0,171.26287563230596
2018-03-13 13:00:00+00:00,90.38250644273525,68.2452130126853,0.0,0.0,158.62771945542056
2018-03-13 14:00:00+00:00,52.97441774415661,39.95698016564538,0.0,0.0,92.931397909802
2018-03-13 15:00:00+00:00,8.253237450156359,5.941530520255913,0.0,0.0,14.194767970412272
2018-03-13 16:00:00+00:00,0.0,0.0,0.0,0.0,0.0
2018-03-13 17:00:00+00:00,0.0,0.0,0.0,0.0,0.0
2018-03-13 18:00:00+00:00,0.0,0.0,0.0,0.0,0.0
2018-03-13 19:00:00+00:00,0.0,0.0,0.0,0.0,0.0
2018-03-13 20:00:00+00:00,0.0,0.0,0.0,0.0,0.0
2018-03-13 21:00:00+00:00,0.0,0.0,0.0,0.0,0.0
2018-03-13 22:00:00+00:00,0.0,0.0,0.0,0.0,0.0
2018-03-13 23:00:00+00:00,0.0,0.0,0.0,0.0,0.0
2018-03-14 00:00:00+00:00,0.0,0.0,0.0,0.0,0.0
2018-03-14 01:00:00+00:00,0.0,0.0,0.0,0.0,0.0
2018-03-14 02:00:00+00:00,0.0,0.0,0.0,0.0,0.0
2018-03-14 03:00:00+00:00,0.0,0.0,0.0,0.0,0.0
2018-03-14 04:00:00+00:00,10.973411633822476,8.189866774904129,0.0,0.0,19.163278408726605
2018-03-14 05:00:00+00:00,43.993295810730274,32.73273247868028,0.0,0.0,76.72602828941055
2018-03-14 06:00:00+00:00,78.17595794858093,58.48520428949015,0.0,0.0,136.66116223807109
2018-03-14 07:00:00+00:00,106.2123224888421,79.58038870365213,0.0,0.0,185.79271119249424
2018-03-14 08:00:00+00:00,125.86127902812318,94.41417258299569,0.0,0.0,220.27545161111885
2018-03-14 09:00:00+00:00,136.11827237269716,102.51345674690728,0.0,0.0,238.63172911960444
2018-03-14 10:00:00+00:00,137.44058938844765,104.02197662244174,0.0,0.0,241.4625660108894
2018-03-14 11:00:00+00:00,129.7702021788438,97.85594414533003,0.0,0.0,227.62614632417382
2018-03-14 12:00:00+00:00,112.38093905372729,84.4642267442009,0.0,0.0,196.8451657979282
2018-03-14 13:00:00+00:00,84.33050032173429,62.949184403163734,0.0,0.0,147.27968472489803
2018-03-14 14:00:00+00:00,46.50642097804284,34.170881143585994,0.0,0.0,80.67730212162883
2018-03-14 15:00:00+00:00,4.39958659693775,3.15861363141182,0.0,0.0,7.55820022834957
2018-03-14 16:00:00+00:00,0.0,0.0,0.0,0.0,0.0
2018-03-14 17:00:00+00:00,0.0,0.0,0.0,0.0,0.0
2018-03-14 18:00:00+00:00,0.0,0.0,0.0,0.0,0.0
2018-03-14 19:00:00+00:00,0.0,0.0,0.0,0.0,0.0
2018-03-14 20:00:00+00:00,0.0,0.0,0.0,0.0,0.0
2018-03-14 21:00:00+00:00,0.0,0.0,0.0,0.0,0.0
2018-03-14 22:00:00+00:00,0.0,0.0,0.0,0.0,0.0
2018-03-14 23:00:00+00:00,0.0,0.0,0.0,0.0,0.0
2018-03-15 00:00:00+00:00,0.0,0.0,0.0,0.0,0.0
2018-03-15 01:00:00+00:00,0.0,0.0,0.0,0.0,0.0
2018-03-15 02:00:00+00:00,0.0,0.0,0.0,0.0,0.0
2018-03-15 03:00:00+00:00,0.0,0.0,0.0,0.0,0.0
2018-03-15 04:00:00+00:00,0.7304917432052428,2.730129600261756,0.0,0.0,3.460621343466999
2018-03-15 05:00:00+00:00,39.58740620428621,26.978650718615633,0.0,0.0,66.56605692290185
2018-03-15 06:00:00+00:00,73.47097753801461,53.74594109220223,0.0,0.0,127.21691863021684
2018-03-15 07:00:00+00:00,96.04304884526509,70.01057266163495,0.0,0.0,166.05362150690004
2018-03-15 08:00:00+00:00,110.21421215079404,75.64069713073066,0.0,0.0,185.8549092815247
2018-03-15 09:00:00+00:00,135.83090544220505,85.72542377659278,0.0,0.0,221.55632921879783
2018-03-15 10:00:00+00:00,135.18841546609733,79.70123933874468,0.0,0.0,214.889654804842
2018-03-15 11:00:00+00:00,95.42030563425669,47.890691711754954,0.0,0.0,143.31099734601165
2018-03-15 12:00:00+00:00,56.73760307609321,62.10271397539529,0.0,0.0,118.8403170514885
2018-03-15 13:00:00+00:00,10.078327212323467,19.56814422786985,0.0,0.0,29.646471440193316
2018-03-15 14:00:00+00:00,3.8530395187924436,6.447425493565372,0.0,0.0,10.300465012357815
2018-03-15 15:00:00+00:00,1.2162088101529953,0.40902696741287614,0.0,0.0,1.6252357775658715
2018-03-15 16:00:00+00:00,0.0,0.0,0.0,0.0,0.0
2018-03-15 17:00:00+00:00,0.0,0.0,0.0,0.0,0.0
2018-03-15 18:00:00+00:00,0.0,0.0,0.0,0.0,0.0
2018-03-15 19:00:00+00:00,0.0,0.0,0.0,0.0,0.0
2018-03-15 20:00:00+00:00,0.0,0.0,0.0,0.0,0.0
2018-03-15 21:00:00+00:00,0.0,0.0,0.0,0.0,0.0
2018-03-15 22:00:00+00:00,0.0,0.0,0.0,0.0,0.0
2018-03-15 23:00:00+00:00,0.0,0.0,0.0,0.0,0.0
2018-03-16 00:00:00+00:00,0.0,0.0,0.0,0.0,0.0
2018-03-16 01:00:00+00:00,0.0,0.0,0.0,0.0,0.0
2018-03-16 02:00:00+00:00,0.0,0.0,0.0,0.0,0.0
2018-03-16 03:00:00+00:00,0.0,0.0,0.0,0.0,0.0
2018-03-16 04:00:00+00:00,11.605162663513646,8.665847495733981,0.0,0.0,20.271010159247627
2018-03-16 05:00:00+00:00,47.09841268033091,35.04567269733631,0.0,0.0,82.14408537766721
2018-03-16 06:00:00+00:00,83.380793895149,62.31612258576652,0.0,0.0,145.69691648091552
2018-03-16 07:00:00+00:00,113.11633010123033,85.24892543085105,0.0,0.0,198.3652555320814
2018-03-16 08:00:00+00:00,134.49665712287802,100.7700499144959,0.0,0.0,235.26670703737392
2018-03-16 09:00:00+00:00,142.5,107.8835890157346,0.0,0.0,250.3835890157346
2018-03-16 10:00:00+00:00,142.5,108.20450477002007,0.0,0.0,250.70450477002007
2018-03-16 11:00:00+00:00,139.3469065674921,104.59528436347797,0.0,0.0,243.94219093097007
2018-03-16 12:00:00+00:00,120.72967913251946,90.47056061927216,0.0,0.0,211.20023975179163
2018-03-16 13:00:00+00:00,92.1892052888109,68.72773535857826,0.0,0.0,160.91694064738914
2018-03-16 14:00:00+00:00,54.02003683144553,39.957715687689,0.0,0.0,93.97775251913453
2018-03-16 15:00:00+00:00,9.176542647322712,6.538727036452514,0.0,0.0,15.715269683775226
2018-03-16 16:00:00+00:00,0.0,0.0,0.0,0.0,0.0
2018-03-16 17:00:00+00:00,0.0,0.0,0.0,0.0,0.0
2018-03-16 18:00:00+00:00,0.0,0.0,0.0,0.0,0.0
2018-03-16 19:00:00+00:00,0.0,0.0,0.0,0.0,0.0
2018-03-16 20:00:00+00:00,0.0,0.0,0.0,0.0,0.0
2018-03-16 21:00:00+00:00,0.0,0.0,0.0,0.0,0.0
2018-03-16 22:00:00+00:00,0.0,0.0,0.0,0.0,0.0
2018-03-16 23:00:00+00:00,0.0,0.0,0.0,0.0,0.0
2018-03-17 00:00:00+00:00,0.0,0.0,0.0,0.0,0.0
2018-03-17 01:00:00+00:00,0.0,0.0,0.0,0.0,0.0
2018-03-17 02:00:00+00:00,0.0,0.0,0.0,0.0,0.0
2018-03-17 03:00:00+00:00,0.0,0.0,0.0,0.0,0.0
2018-03-17 04:00:00+00:00,12.120511290697129,9.048716376844158,0.0,0.0,21.169227667541286
2018-03-17 05:00:00+00:00,50.035493791774385,37.41972870925307,0.0,0.0,87.45522250102746
2018-03-17 06:00:00+00:00,86.76743969320641,65.44280345231492,0.0,0.0,152.21024314552133
2018-03-17 07:00:00+00:00,115.98322399748707,87.77592418841093,0.0,0.0,203.759148185898
2018-03-17 08:00:00+00:00,136.04707825740115,102.86363164315433,0.0,0.0,238.9107099005555
2018-03-17 09:00:00+00:00,142.5,108.34570659874494,0.0,0.0,250.84570659874493
2018-03-17 10:00:00+00:00,142.5,108.68572918803493,0.0,0.0,251.18572918803494
2018-03-17 11:00:00+00:00,137.86523104994484,104.55751639385213,0.0,0.0,242.42274744379696
2018-03-17 12:00:00+00:00,119.19856279970571,90.5114491433412,0.0,0.0,209.7100119430469
2018-03-17 13:00:00+00:00,91.21738019577893,69.10784115280232,0.0,0.0,160.32522134858124
2018-03-17 14:00:00+00:00,54.210128222954026,40.921987423582394,0.0,0.0,95.13211564653642
2018-03-17 15:00:00+00:00,10.224812272784785,3.888777424148037,0.0,0.0,14.113589696932822
2018-03-17 16:00:00+00:00,0.0,0.0,0.0,0.0,0.0
2018-03-17 17:00:00+00:00,0.0,0.0,0.0,0.0,0.0
2018-03-17 18:00:00+00:00,0.0,0.0,0.0,0.0,0.0
2018-03-17 19:00:00+00:00,0.0,0.0,0.0,0.0,0.0
2018-03-17 20:00:00+00:00,0.0,0.0,0.0,0.0,0.0
2018-03-17 21:00:00+00:00,0.0,0.0,0.0,0.0,0.0
2018-03-17 22:00:00+00:00,0.0,0.0,0.0,0.0,0.0
2018-03-17 23:00:00+00:00,0.0,0.0,0.0,0.0,0.0
2018-03-18 00:00:00+00:00,0.0,0.0,0.0,0.0,0.0
2018-03-18 01:00:00+00:00,0.0,0.0,0.0,0.0,0.0
2018-03-18 02:00:00+00:00,0.0,0.0,0.0,0.0,0.0
2018-03-18 03:00:00+00:00,0.0,0.0,0.0,0.0,0.0
2018-03-18 04:00:00+00:00,12.224295178249246,9.07328515020861,0.0,0.0,21.297580328457855
2018-03-18 05:00:00+00:00,49.41438392662451,36.851334254112466,0.0,0.0,86.26571818073697
2018-03-18 06:00:00+00:00,85.35435692187428,63.93979865310377,0.0,0.0,149.29415557497805
2018-03-18 07:00:00+00:00,113.98296345662695,85.70651264301017,0.0,0.0,199.68947609963712
2018-03-18 08:00:00+00:00,133.81848376585745,100.88838125274323,0.0,0.0,234.7068650186007
2018-03-18 09:00:00+00:00,142.5,107.84418198469135,0.0,0.0,250.34418198469135
2018-03-18 10:00:00+00:00,142.5,108.16114995335933,0.0,0.0,250.6611499533593
2018-03-18 11:00:00+00:00,136.30086839461802,102.95415553567008,0.0,0.0,239.2550239302881
2018-03-18 12:00:00+00:00,118.37922096980927,56.717099225791245,0.0,0.0,175.09632019560053
2018-03-18 13:00:00+00:00,50.24095937534618,45.13036158213109,0.0,0.0,95.37132095747727
2018-03-18 14:00:00+00:00,38.89594883921531,15.187838517316933,0.0,0.0,54.08378735653224
2018-03-18 15:00:00+00:00,3.3139508985743635,2.611548321698242,0.0,0.0,5.925499220272606
2018-03-18 16:00:00+00:00,0.0,0.0,0.0,0.0,0.0
2018-03-18 17:00:00+00:00,0.0,0.0,0.0,0.0,0.0
2018-03-18 18:00:00+00:00,0.0,0.0,0.0,0.0,0.0
2018-03-18 19:00:00+00:00,0.0,0.0,0.0,0.0,0.0
2018-03-18 20:00:00+00:00,0.0,0.0,0.0,0.0,0.0
2018-03-18 21:00:00+00:00,0.0,0.0,0.0,0.0,0.0
2018-03-18 22:00:00+00:00,0.0,0.0,0.0,0.0,0.0
2018-03-18 23:00:00+00:00,0.0,0.0,0.0,0.0,0.0
2018-03-19 00:00:00+00:00,0.0,0.0,0.0,0.0,0.0
2018-03-19 01:00:00+00:00,0.0,0.0,0.0,0.0,0.0
2018-03-19 02:00:00+00:00,0.0,0.0,0.0,0.0,0.0
2018-03-19 03:00:00+00:00,0.0,0.0,0.0,0.0,0.0
2018-03-19 04:00:00+00:00,12.763730349756454,9.494324800076894,0.0,0.0,22.258055149833346
2018-03-19 05:00:00+00:00,48.90778496769346,36.226234251463616,0.0,0.0,85.13401921915707
2018-03-19 06:00:00+00:00,83.8262217951773,62.341748334554865,0.0,0.0,146.16797012973217
2018-03-19 07:00:00+00:00,111.56737622213089,83.36725718767146,0.0,0.0,194.93463340980236
2018-03-19 08:00:00+00:00,130.5915553781487,98.0229677490648,0.0,0.0,228.61452312721352
2018-03-19 09:00:00+00:00,141.16145646664523,106.58632947130077,0.0,0.0,247.747785937946
2018-03-19 10:00:00+00:00,142.13660513627664,107.10504878987237,0.0,0.0,249.241653926149
2018-03-19 11:00:00+00:00,133.7634663415841,100.2708196341213,0.0,0.0,234.0342859757054
2018-03-19 12:00:00+00:00,114.13396692301549,84.9676506348709,0.0,0.0,199.1016175578864
2018-03-19 13:00:00+00:00,85.94974492182463,63.52929139487029,0.0,0.0,149.47903631669493
2018-03-19 14:00:00+00:00,48.47096102517976,35.03357441669454,0.0,0.0,83.50453544187431
2018-03-19 15:00:00+00:00,6.148624969205904,4.180631092079212,0.0,0.0,10.329256061285115
2018-03-19 16:00:00+00:00,0.0,0.0,0.0,0.0,0.0
2018-03-19 17:00:00+00:00,0.0,0.0,0.0,0.0,0.0
2018-03-19 18:00:00+00:00,0.0,0.0,0.0,0.0,0.0
2018-03-19 19:00:00+00:00,0.0,0.0,0.0,0.0,0.0
2018-03-19 20:00:00+00:00,0.0,0.0,0.0,0.0,0.0
2018-03-19 21:00:00+00:00,0.0,0.0,0.0,0.0,0.0
2018-03-19 22:00:00+00:00,0.0,0.0,0.0,0.0,0.0
2018-03-19 23:00:00+00:00,0.0,0.0,0.0,0.0,0.0
2018-03-20 00:00:00+00:00,0.0,0.0,0.0,0.0,0.0
2018-03-20 01:00:00+00:00,0.0,0.0,0.0,0.0,0.0
2018-03-20 02:00:00+00:00,0.0,0.0,0.0,0.0,0.0
2018-03-20 03:00:00+00:00,0.0,0.0,0.0,0.0,0.0
2018-03-20 04:00:00+00:00,13.619618376108264,9.911843565458884,0.0,0.0,23.531461941567148
2018-03-20 05:00:00+00:00,45.07399827218633,32.87792875804131,0.0,0.0,77.95192703022764
2018-03-20 06:00:00+00:00,77.82822934279542,56.88056932360385,0.0,0.0,134.70879866639928
2018-03-20 07:00:00+00:00,104.68218208112518,76.97915467906536,0.0,0.0,181.66133676019052
2018-03-20 08:00:00+00:00,123.52839271339982,91.09336267356237,0.0,0.0,214.6217553869622
2018-03-20 09:00:00+00:00,136.00317443493498,101.72403743815701,0.0,0.0,237.727211873092
2018-03-20 10:00:00+00:00,136.45162741573262,101.94795669409946,0.0,0.0,238.39958410983206
2018-03-20 11:00:00+00:00,126.82985662840072,94.64913249736054,0.0,0.0,221.47898912576125
2018-03-20 12:00:00+00:00,109.7522293558856,81.33277430444016,0.0,0.0,191.08500366032575
2018-03-20 13:00:00+00:00,80.67369311620774,59.02207276015176,0.0,0.0,139.6957658763595
2018-03-20 14:00:00+00:00,42.370062110212466,30.26224448058545,0.0,0.0,72.63230659079792
2018-03-20 15:00:00+00:00,3.96760588036262,2.5891245714223663,0.0,0.0,6.556730451784986
2018-03-20 16:00:00+00:00,0.0,0.0,0.0,0.0,0.0
2018-03-20 17:00:00+00:00,0.0,0.0,0.0,0.0,0.0
2018-03-20 18:00:00+00:00,0.0,0.0,0.0,0.0,0.0
2018-03-20 19:00:00+00:00,0.0,0.0,0.0,0.0,0.0
2018-03-20 20:00:00+00:00,0.0,0.0,0.0,0.0,0.0
2018-03-20 21:00:00+00:00,0.0,0.0,0.0,0.0,0.0
2018-03-20 22:00:00+00:00,0.0,0.0,0.0,0.0,0.0
2018-03-20 23:00:00+00:00,0.0,0.0,0.0,0.0,0.0
2018-03-21 00:00:00+00:00,0.0,0.0,0.0,0.0,0.0
2018-03-21 01:00:00+00:00,0.0,0.0,0.0,0.0,0.0
2018-03-21 02:00:00+00:00,0.0,0.0,0.0,0.0,0.0
2018-03-21 03:00:00+00:00,0.0,0.0,0.0,0.0,0.0
2018-03-21 04:00:00+00:00,14.1241627533486,10.382778235649598,0.0,0.0,24.506940988998196
2018-03-21 05:00:00+00:00,49.033479211315154,36.65271315529365,0.0,0.0,85.6861923666088
2018-03-21 06:00:00+00:00,84.27542535950752,63.11072674821008,0.0,0.0,147.3861521077176
2018-03-21 07:00:00+00:00,112.9106938828092,84.2582344253915,0.0,0.0,197.1689283082007
2018-03-21 08:00:00+00:00,132.3075271705813,99.28323258816326,0.0,0.0,231.59075975874455
2018-03-21 09:00:00+00:00,140.1522863685479,105.71521040308305,0.0,0.0,245.86749677163095
2018-03-21 10:00:00+00:00,140.77786347371222,106.17265386072776,0.0,0.0,246.95051733443998
2018-03-21 11:00:00+00:00,131.69891599204078,99.12909076432756,0.0,0.0,230.82800675636832
2018-03-21 12:00:00+00:00,112.42753914960659,84.79409432508234,0.0,0.0,197.22163347468893
2018-03-21 13:00:00+00:00,83.83774578470224,63.12141100817415,0.0,0.0,146.9591567928764
2018-03-21 14:00:00+00:00,46.52275398963975,34.871552079652204,0.0,0.0,81.39430606929196
2018-03-21 15:00:00+00:00,5.88703711504219,4.429470803831211,0.0,0.0,10.316507918873402
2018-03-21 16:00:00+00:00,0.0,0.0,0.0,0.0,0.0
2018-03-21 17:00:00+00:00,0.0,0.0,0.0,0.0,0.0
2018-03-21 18:00:00+00:00,0.0,0.0,0.0,0.0,0.0
2018-03-21 19:00:00+00:00,0.0,0.0,0.0,0.0,0.0
2018-03-21 20:00:00+00:00,0.0,0.0,0.0,0.0,0.0
2018-03-21 21:00:00+00:00,0.0,0.0,0.0,0.0,0.0
2018-03-21 22:00:00+00:00,0.0,0.0,0.0,0.0,0.0
2018-03-21 23:00:00+00:00,0.0,0.0,0.0,0.0,0.0
2018-03-22 00:00:00+00:00,0.0,0.0,0.0,0.0,0.0
2018-03-22 01:00:00+00:00,0.0,0.0,0.0,0.0,0.0
2018-03-22 02:00:00+00:00,0.0,0.0,0.0,0.0,0.0
2018-03-22 03:00:00+00:00,0.0,0.0,0.0,0.0,0.0
2018-03-22 04:00:00+00:00,14.200810280173226,10.649865288746238,0.0,0.0,24.850675568919463
2018-03-22 05:00:00+00:00,47.03630072490874,35.87604070897198,0.0,0.0,82.91234143388073
2018-03-22 06:00:00+00:00,82.5660795609932,61.55689425526009,0.0,0.0,144.1229738162533
2018-03-22 07:00:00+00:00,109.8304435109728,67.76869836500315,0.0,0.0,177.59914187597593
2018-03-22 08:00:00+00:00,128.7391849603613,88.73110900250173,0.0,0.0,217.47029396286302
2018-03-22 09:00:00+00:00,138.82727639683773,104.6279900328237,0.0,0.0,243.45526642966144
2018-03-22 10:00:00+00:00,139.3550796515073,98.63203263353324,0.0,0.0,237.98711228504055
2018-03-22 11:00:00+00:00,125.07806357051027,98.31843841852123,0.0,0.0,223.3965019890315
2018-03-22 12:00:00+00:00,76.80964879730007,85.38016254902459,0.0,0.0,162.18981134632466
2018-03-22 13:00:00+00:00,84.82151838849063,64.35270898871067,0.0,0.0,149.1742273772013
2018-03-22 14:00:00+00:00,48.53324975423745,29.07564381185215,0.0,0.0,77.6088935660896
2018-03-22 15:00:00+00:00,4.21252652883703,5.062693826678405,0.0,0.0,9.275220355515435
2018-03-22 16:00:00+00:00,0.0,0.0,0.0,0.0,0.0
2018-03-22 17:00:00+00:00,0.0,0.0,0.0,0.0,0.0
2018-03-22 18:00:00+00:00,0.0,0.0,0.0,0.0,0.0
2018-03-22 19:00:00+00:00,0.0,0.0,0.0,0.0,0.0
2018-03-22 20:00:00+00:00,0.0,0.0,0.0,0.0,0.0
2018-03-22 21:00:00+00:00,0.0,0.0,0.0,0.0,0.0
2018-03-22 22:00:00+00:00,0.0,0.0,0.0,0.0,0.0
2018-03-22 23:00:00+00:00,0.0,0.0,0.0,0.0,0.0
2018-03-23 00:00:00+00:00,0.0,0.0,0.0,0.0,0.0
2018-03-23 01:00:00+00:00,0.0,0.0,0.0,0.0,0.0
2018-03-23 02:00:00+00:00,0.0,0.0,0.0,0.0,0.0
2018-03-23 03:00:00+00:00,0.0,0.0,0.0,0.0,0.0
2018-03-23 04:00:00+00:00,0.7584029260753029,0.44022917043507037,0.0,0.0,1.1986320965103734
2018-03-23 05:00:00+00:00,35.392698100329795,21.15512448708097,0.0,0.0,56.547822587410764
2018-03-23 06:00:00+00:00,74.86723466015853,52.883715306926625,0.0,0.0,127.75094996708515
2018-03-23 07:00:00+00:00,108.39244481184613,77.96212634671589,0.0,0.0,186.354571158562
2018-03-23 08:00:00+00:00,102.71482231543035,94.69672376364434,0.0,0.0,197.4115460790747
2018-03-23 09:00:00+00:00,114.71235968499755,94.40943953939438,0.0,0.0,209.12179922439194
2018-03-23 10:00:00+00:00,111.1094849776795,79.41493946830454,0.0,0.0,190.52442444598404
2018-03-23 11:00:00+00:00,98.2292889576229,70.71132469204129,0.0,0.0,168.9406136496642
2018-03-23 12:00:00+00:00,70.09509795368423,52.21107611295733,0.0,0.0,122.30617406664156
2018-03-23 13:00:00+00:00,74.72088176563955,51.54863515623911,0.0,0.0,126.26951692187865
2018-03-23 14:00:00+00:00,13.276910224891882,14.968354210683927,0.0,0.0,28.24526443557581
2018-03-23 15:00:00+00:00,3.7703840414348866,2.3982959374522386,0.0,0.0,6.168679978887125
2018-03-23 16:00:00+00:00,0.0,0.0,0.0,0.0,0.0
2018-03-23 17:00:00+00:00,0.0,0.0,0.0,0.0,0.0
2018-03-23 18:00:00+00:00,0.0,0.0,0.0,0.0,0.0
2018-03-23 19:00:00+00:00,0.0,0.0,0.0,0.0,0.0
2018-03-23 20:00:00+00:00,0.0,0.0,0.0,0.0,0.0
2018-03-23 21:00:00+00:00,0.0,0.0,0.0,0.0,0.0
2018-03-23 22:00:00+00:00,0.0,0.0,0.0,0.0,0.0
2018-03-23 23:00:00+00:00,0.0,0.0,0.0,0.0,0.0
2018-03-24 00:00:00+00:00,0.0,0.0,0.0,0.0,0.0
2018-03-24 01:00:00+00:00,0.0,0.0,0.0,0.0,0.0
2018-03-24 02:00:00+00:00,0.0,0.0,0.0,0.0,0.0
2018-03-24 03:00:00+00:00,0.0,0.0,0.0,0.0,0.0
2018-03-24 04:00:00+00:00,1.8322018677754495,2.355135052339589,0.0,0.0,4.1873369201150386
2018-03-24 05:00:00+00:00,30.513830853926795,21.29841042153776,0.0,0.0,51.81224127546456
2018-03-24 06:00:00+00:00,57.229511347193764,47.10723560097491,0.0,0.0,104.33674694816867
2018-03-24 07:00:00+00:00,88.87525239056461,63.43833888824051,0.0,0.0,152.31359127880512
2018-03-24 08:00:00+00:00,102.16445872886447,73.6806994645068,0.0,0.0,175.84515819337128
2018-03-24 09:00:00+00:00,95.75230465479362,78.5684653099771,0.0,0.0,174.3207699647707
2018-03-24 10:00:00+00:00,102.5511397553689,74.94159638620431,0.0,0.0,177.4927361415732
2018-03-24 11:00:00+00:00,60.66853340760166,61.130986719432876,0.0,0.0,121.79952012703453
2018-03-24 12:00:00+00:00,66.99976687234141,55.588227017647355,0.0,0.0,122.58799388998877
2018-03-24 13:00:00+00:00,28.102890549606133,22.789320564142987,0.0,0.0,50.89221111374912
2018-03-24 14:00:00+00:00,25.85633631764977,22.26718115519938,0.0,0.0,48.12351747284915
2018-03-24 15:00:00+00:00,1.8715535710832567,1.0054088053329793,0.0,0.0,2.8769623764162358
2018-03-24 16:00:00+00:00,0.0,0.0,0.0,0.0,0.0
2018-03-24 17:00:00+00:00,0.0,0.0,0.0,0.0,0.0
2018-03-24 18:00:00+00:00,0.0,0.0,0.0,0.0,0.0
2018-03-24 19:00:00+00:00,0.0,0.0,0.0,0.0,0.0
2018-03-24 20:00:00+00:00,0.0,0.0,0.0,0.0,0.0
2018-03-24 21:00:00+00:00,0.0,0.0,0.0,0.0,0.0
2018-03-24 22:00:00+00:00,0.0,0.0,0.0,0.0,0.0
2018-03-24 23:00:00+00:00,0.0,0.0,0.0,0.0,0.0
2018-03-25 00:00:00+00:00,0.0,0.0,0.0,0.0,0.0
2018-03-25 01:00:00+00:00,0.0,0.0,0.0,0.0,0.0
2018-03-25 02:00:00+00:00,0.0,0.0,0.0,0.0,0.0
2018-03-25 03:00:00+00:00,0.0,0.0,0.0,0.0,0.0
2018-03-25 04:00:00+00:00,5.130941526323566,10.977420168319638,0.0,0.0,16.108361694643204
2018-03-25 05:00:00+00:00,38.36521491753747,32.256682435999195,0.0,0.0,70.62189735353667
2018-03-25 06:00:00+00:00,73.63123706205207,57.65891594189843,0.0,0.0,131.29015300395048
2018-03-25 07:00:00+00:00,102.10770988271332,73.11436386422614,0.0,0.0,175.22207374693946
2018-03-25 08:00:00+00:00,120.90224324564213,77.61890084140715,0.0,0.0,198.52114408704927
2018-03-25 09:00:00+00:00,125.43638997084,92.53512623553333,0.0,0.0,217.97151620637334
2018-03-25 10:00:00+00:00,126.14026113009265,98.34439384366219,0.0,0.0,224.48465497375486
2018-03-25 11:00:00+00:00,116.89386425405819,92.01868381855547,0.0,0.0,208.91254807261367
2018-03-25 12:00:00+00:00,91.72559908882356,78.36655610677174,0.0,0.0,170.0921551955953
2018-03-25 13:00:00+00:00,71.3043779982805,57.530443604133204,0.0,0.0,128.8348216024137
2018-03-25 14:00:00+00:00,36.91560694293591,30.892696492095553,0.0,0.0,67.80830343503146
2018-03-25 15:00:00+00:00,3.8537336081755496,3.888783644680539,0.0,0.0,7.742517252856088
2018-03-25 16:00:00+00:00,0.0,0.0,0.0,0.0,0.0
2018-03-25 17:00:00+00:00,0.0,0.0,0.0,0.0,0.0
2018-03-25 18:00:00+00:00,0.0,0.0,0.0,0.0,0.0
2018-03-25 19:00:00+00:00,0.0,0.0,0.0,0.0,0.0
2018-03-25 20:00:00+00:00,0.0,0.0,0.0,0.0,0.0
2018-03-25 21:00:00+00:00,0.0,0.0,0.0,0.0,0.0
2018-03-25 22:00:00+00:00,0.0,0.0,0.0,0.0,0.0
2018-03-25 23:00:00+00:00,0.0,0.0,0.0,0.0,0.0
2018-03-26 00:00:00+00:00,0.0,0.0,0.0,0.0,0.0
2018-03-26 01:00:00+00:00,0.0,0.0,0.0,0.0,0.0
2018-03-26 02:00:00+00:00,0.0,0.0,0.0,0.0,0.0
2018-03-26 03:00:00+00:00,0.0,0.0,0.0,0.0,0.0
2018-03-26 04:00:00+00:00,15.866291413768622,11.919241656482942,0.0,0.0,27.785533070251564
2018-03-26 05:00:00+00:00,47.98476716121791,35.70691916705174,0.0,0.0,83.69168632826964
2018-03-26 06:00:00+00:00,65.61135068972001,60.506711241687455,0.0,0.0,126.11806193140747
2018-03-26 07:00:00+00:00,107.13155463042081,65.86684290625242,0.0,0.0,172.99839753667322
2018-03-26 08:00:00+00:00,125.02291279834714,94.4742861940834,0.0,0.0,219.49719899243053
2018-03-26 09:00:00+00:00,113.95413216894673,94.24411648504869,0.0,0.0,208.19824865399542
2018-03-26 10:00:00+00:00,131.23169592162526,99.83164073940947,0.0,0.0,231.06333666103473
2018-03-26 11:00:00+00:00,121.8897173944357,92.72140365235892,0.0,0.0,214.6111210467946
2018-03-26 12:00:00+00:00,99.0144142257935,69.33566802464426,0.0,0.0,168.35008225043777
2018-03-26 13:00:00+00:00,57.99186550428865,48.89030447972986,0.0,0.0,106.8821699840185
2018-03-26 14:00:00+00:00,37.515493376114485,24.01279426326917,0.0,0.0,61.528287639383656
2018-03-26 15:00:00+00:00,4.287778716819304,3.2564308517826914,0.0,0.0,7.544209568601995
2018-03-26 16:00:00+00:00,0.0,0.0,0.0,0.0,0.0
2018-03-26 17:00:00+00:00,0.0,0.0,0.0,0.0,0.0
2018-03-26 18:00:00+00:00,0.0,0.0,0.0,0.0,0.0
2018-03-26 19:00:00+00:00,0.0,0.0,0.0,0.0,0.0
2018-03-26 20:00:00+00:00,0.0,0.0,0.0,0.0,0.0
2018-03-26 21:00:00+00:00,0.0,0.0,0.0,0.0,0.0
2018-03-26 22:00:00+00:00,0.0,0.0,0.0,0.0,0.0
2018-03-26 23:00:00+00:00,0.0,0.0,0.0,0.0,0.0
2018-03-27 00:00:00+00:00,0.0,0.0,0.0,0.0,0.0
2018-03-27 01:00:00+00:00,0.0,0.0,0.0,0.0,0.0
2018-03-27 02:00:00+00:00,0.0,0.0,0.0,0.0,0.0
2018-03-27 03:00:00+00:00,0.0,0.0,0.0,0.0,0.0
2018-03-27 04:00:00+00:00,1.9282344841322738,0.7365787877605343,0.0,0.0,2.6648132718928084
2018-03-27 05:00:00+00:00,34.163843869771,29.962353323275224,0.0,0.0,64.12619719304622
2018-03-27 06:00:00+00:00,66.85399966603383,42.163973843008755,0.0,0.0,109.01797350904258
2018-03-27 07:00:00+00:00,80.4220227204976,48.39284825848927,0.0,0.0,128.81487097898687
2018-03-27 08:00:00+00:00,59.3626919693301,60.50572899483074,0.0,0.0,119.86842096416083
2018-03-27 09:00:00+00:00,69.51270929824317,66.48567512381965,0.0,0.0,135.99838442206283
2018-03-27 10:00:00+00:00,85.22336132832419,71.49727148682862,0.0,0.0,156.7206328151528
2018-03-27 11:00:00+00:00,66.30237542363874,57.35429232454899,0.0,0.0,123.65666774818773
2018-03-27 12:00:00+00:00,38.24804567764562,20.860889854277332,0.0,0.0,59.10893553192295
2018-03-27 13:00:00+00:00,24.77391780472021,16.36812742164755,0.0,0.0,41.142045226367756
2018-03-27 14:00:00+00:00,9.794063829612515,2.8677956265720677,0.0,0.0,12.661859456184583
2018-03-27 15:00:00+00:00,0.5693240324714329,0.5773771618218566,0.0,0.0,1.1467011942932896
2018-03-27 16:00:00+00:00,0.0,0.0,0.0,0.0,0.0
2018-03-27 17:00:00+00:00,0.0,0.0,0.0,0.0,0.0
2018-03-27 18:00:00+00:00,0.0,0.0,0.0,0.0,0.0
2018-03-27 19:00:00+00:00,0.0,0.0,0.0,0.0,0.0
2018-03-27 20:00:00+00:00,0.0,0.0,0.0,0.0,0.0
2018-03-27 21:00:00+00:00,0.0,0.0,0.0,0.0,0.0
2018-03-27 22:00:00+00:00,0.0,0.0,0.0,0.0,0.0
2018-03-27 23:00:00+00:00,0.0,0.0,0.0,0.0,0.0
2018-03-28 00:00:00+00:00,0.0,0.0,0.0,0.0,0.0
2018-03-28 01:00:00+00:00,0.0,0.0,0.0,0.0,0.0
2018-03-28 02:00:00+00:00,0.0,0.0,0.0,0.0,0.0
2018-03-28 03:00:00+00:00,0.0,0.0,0.0,0.0,0.0
2018-03-28 04:00:00+00:00,12.29527478417443,1.079449329620952,0.0,0.0,13.37472411379538
2018-03-28 05:00:00+00:00,37.953805404438455,31.905377144924692,0.0,0.0,69.85918254936314
2018-03-28 06:00:00+00:00,74.75616881577344,48.46592788778553,0.0,0.0,123.22209670355898
2018-03-28 07:00:00+00:00,86.79293272690032,68.74826307586898,0.0,0.0,155.5411958027693
2018-03-28 08:00:00+00:00,94.78808585713094,71.37355471552533,0.0,0.0,166.16164057265627
2018-03-28 09:00:00+00:00,111.92475109627935,76.93442717865813,0.0,0.0,188.85917827493748
2018-03-28 10:00:00+00:00,105.95777914748277,72.22011182071314,0.0,0.0,178.17789096819592
2018-03-28 11:00:00+00:00,88.42927080795054,59.38602114750669,0.0,0.0,147.81529195545724
2018-03-28 12:00:00+00:00,56.76371192451431,50.69894843224361,0.0,0.0,107.46266035675792
2018-03-28 13:00:00+00:00,53.18057255360459,38.27357835118488,0.0,0.0,91.45415090478947
2018-03-28 14:00:00+00:00,23.795248920630222,11.092551892682334,0.0,0.0,34.88780081331255
2018-03-28 15:00:00+00:00,4.762858303896504,3.409727465094918,0.0,0.0,8.172585768991421
2018-03-28 16:00:00+00:00,0.0,0.0,0.0,0.0,0.0
2018-03-28 17:00:00+00:00,0.0,0.0,0.0,0.0,0.0
2018-03-28 18:00:00+00:00,0.0,0.0,0.0,0.0,0.0
2018-03-28 19:00:00+00:00,0.0,0.0,0.0,0.0,0.0
2018-03-28 20:00:00+00:00,0.0,0.0,0.0,0.0,0.0
2018-03-28 21:00:00+00:00,0.0,0.0,0.0,0.0,0.0
2018-03-28 22:00:00+00:00,0.0,0.0,0.0,0.0,0.0
2018-03-28 23:00:00+00:00,0.0,0.0,0.0,0.0,0.0
2018-03-29 00:00:00+00:00,0.0,0.0,0.0,0.0,0.0
2018-03-29 01:00:00+00:00,0.0,0.0,0.0,0.0,0.0
2018-03-29 02:00:00+00:00,0.0,0.0,0.0,0.0,0.0
2018-03-29 03:00:00+00:00,0.0,0.0,0.0,0.0,0.0
2018-03-29 04:00:00+00:00,14.851000992476006,4.780455225869395,0.0,0.0,19.631456218345402
2018-03-29 05:00:00+00:00,37.41959567507852,21.878111762221216,0.0,0.0,59.297707437299735
2018-03-29 06:00:00+00:00,73.80768573241704,46.510825912329416,0.0,0.0,120.31851164474645
2018-03-29 07:00:00+00:00,94.90712232186044,55.18768675224783,0.0,0.0,150.09480907410827
2018-03-29 08:00:00+00:00,113.1908576808744,91.25694746060364,0.0,0.0,204.44780514147806
2018-03-29 09:00:00+00:00,128.29444604067277,95.43111685496709,0.0,0.0,223.72556289563985
2018-03-29 10:00:00+00:00,129.3353210846212,96.84943495024133,0.0,0.0,226.18475603486252
2018-03-29 11:00:00+00:00,120.85234197840668,90.42761759402623,0.0,0.0,211.27995957243292
2018-03-29 12:00:00+00:00,102.77218607097728,76.17358444188255,0.0,0.0,178.94577051285984
2018-03-29 13:00:00+00:00,73.82241780911326,53.79530271086966,0.0,0.0,127.61772051998292
2018-03-29 14:00:00+00:00,36.38967904906502,26.11154436371374,0.0,0.0,62.501223412778764
2018-03-29 15:00:00+00:00,3.271156139997754,2.0220511883671732,0.0,0.0,5.293207328364927
2018-03-29 16:00:00+00:00,0.0,0.0,0.0,0.0,0.0
2018-03-29 17:00:00+00:00,0.0,0.0,0.0,0.0,0.0
2018-03-29 18:00:00+00:00,0.0,0.0,0.0,0.0,0.0
2018-03-29 19:00:00+00:00,0.0,0.0,0.0,0.0,0.0
2018-03-29 20:00:00+00:00,0.0,0.0,0.0,0.0,0.0
2018-03-29 21:00:00+00:00,0.0,0.0,0.0,0.0,0.0
2018-03-29 22:00:00+00:00,0.0,0.0,0.0,0.0,0.0
2018-03-29 23:00:00+00:00,0.0,0.0,0.0,0.0,0.0
2018-03-30 00:00:00+00:00,0.0,0.0,0.0,0.0,0.0
2018-03-30 01:00:00+00:00,0.0,0.0,0.0,0.0,0.0
2018-03-30 02:00:00+00:00,0.0,0.0,0.0,0.0,0.0
2018-03-30 03:00:00+00:00,0.0,0.0,0.0,0.0,0.0
2018-03-30 04:00:00+00:00,17.169615410603555,12.723861959508156,0.0,0.0,29.89347737011171
2018-03-30 05:00:00+00:00,52.56748766752448,39.26652289201043,0.0,0.0,91.8340105595349
2018-03-30 06:00:00+00:00,88.15001135407965,66.07254519343655,0.0,0.0,154.2225565475162
2018-03-30 07:00:00+00:00,116.82240415360933,87.99432846789081,0.0,0.0,204.81673262150014
2018-03-30 08:00:00+00:00,136.56592102422593,102.95897524650086,0.0,0.0,239.5248962707268
2018-03-30 09:00:00+00:00,142.5,108.64428143810851,0.0,0.0,251.14428143810852
2018-03-30 10:00:00+00:00,142.5,108.78514431668845,0.0,0.0,251.28514431668845
2018-03-30 11:00:00+00:00,137.42346926123213,103.60642014551516,0.0,0.0,241.0298894067473
2018-03-30 12:00:00+00:00,117.86179240606869,88.44438327100974,0.0,0.0,206.30617567707844
2018-03-30 13:00:00+00:00,88.45715217152309,66.23285824494485,0.0,0.0,154.69001041646794
2018-03-30 14:00:00+00:00,50.54663214141621,37.545654717705546,0.0,0.0,88.09228685912176
2018-03-30 15:00:00+00:00,9.642909415381638,6.963965327545539,0.0,0.0,16.606874742927175
2018-03-30 16:00:00+00:00,0.0,0.0,0.0,0.0,0.0
2018-03-30 17:00:00+00:00,0.0,0.0,0.0,0.0,0.0
2018-03-30 18:00:00+00:00,0.0,0.0,0.0,0.0,0.0
2018-03-30 19:00:00+00:00,0.0,0.0,0.0,0.0,0.0
2018-03-30 20:00:00+00:00,0.0,0.0,0.0,0.0,0.0
2018-03-30 21:00:00+00:00,0.0,0.0,0.0,0.0,0.0
2018-03-30 22:00:00+00:00,0.0,0.0,0.0,0.0,0.0
2018-03-30 23:00:00+00:00,0.0,0.0,0.0,0.0,0.0
2018-03-31 00:00:00+00:00,0.0,0.0,0.0,0.0,0.0
2018-03-31 01:00:00+00:00,0.0,0.0,0.0,0.0,0.0
2018-03-31 02:00:00+00:00,0.0,0.0,0.0,0.0,0.0
2018-03-31 03:00:00+00:00,0.0,0.0,0.0,0.0,0.0
2018-03-31 04:00:00+00:00,17.235419785807057,12.867785147189338,0.0,0.0,30.103204932996395
2018-03-31 05:00:00+00:00,53.178224506330764,39.83832496905797,0.0,0.0,93.01654947538873
2018-03-31 06:00:00+00:00,88.63391512387389,66.5911006634499,0.0,0.0,155.2250157873238
2018-03-31 07:00:00+00:00,116.87890782626013,88.047857148089,0.0,0.0,204.9267649743491
2018-03-31 08:00:00+00:00,136.20640497211622,102.48644133474853,0.0,0.0,238.69284630686474
2018-03-31 09:00:00+00:00,142.5,107.75725982458171,0.0,0.0,250.2572598245817
2018-03-31 10:00:00+00:00,142.5,107.82251678214175,0.0,0.0,250.32251678214175
2018-03-31 11:00:00+00:00,103.14275518500277,101.30000034645632,0.0,0.0,204.44275553145908
2018-03-31 12:00:00+00:00,113.60739037564926,85.84402277433742,0.0,0.0,199.45141314998668
2018-03-31 13:00:00+00:00,84.91823262779752,64.07357702040517,0.0,0.0,148.9918096482027
2018-03-31 14:00:00+00:00,48.42115958112993,36.30014452066472,0.0,0.0,84.72130410179466
2018-03-31 15:00:00+00:00,9.035303822950807,6.548722431338145,0.0,0.0,15.584026254288952
2018-03-31 16:00:00+00:00,0.0,0.0,0.0,0.0,0.0
2018-03-31 17:00:00+00:00,0.0,0.0,0.0,0.0,0.0
2018-03-31 18:00:00+00:00,0.0,0.0,0.0,0.0,0.0
2018-03-31 19:00:00+00:00,0.0,0.0,0.0,0.0,0.0
2018-03-31 20:00:00+00:00,0.0,0.0,0.0,0.0,0.0
2018-03-31 21:00:00+00:00,0.0,0.0,0.0,0.0,0.0
2018-03-31 22:00:00+00:00,0.0,0.0,0.0,0.0,0.0
2018-03-31 23:00:00+00:00,0.0,0.0,0.0,0.0,0.0
2018-04-01 00:00:00+00:00,0.0,0.0,0.0,0.0,0.0
2018-04-01 01:00:00+00:00,0.0,0.0,0.0,0.0,0.0
2018-04-01 02:00:00+00:00,0.0,0.0,0.0,0.0,0.0
2018-04-01 03:00:00+00:00,0.0,0.0,0.0,0.0,0.0
2018-04-01 04:00:00+00:00,5.900025975614682,11.701994032223281,0.0,0.0,17.602020007837964
2018-04-01 05:00:00+00:00,47.860717545457206,16.679611704748872,0.0,0.0,64.54032925020607
2018-04-01 06:00:00+00:00,66.32104770383538,55.66272127216631,0.0,0.0,121.98376897600168
2018-04-01 07:00:00+00:00,111.23413464735228,59.36698702304258,0.0,0.0,170.60112167039486
2018-04-01 08:00:00+00:00,132.70412603034185,94.18902524196946,0.0,0.0,226.89315127231131
2018-04-01 09:00:00+00:00,118.49342159880621,87.42763024905241,0.0,0.0,205.92105184785862
2018-04-01 10:00:00+00:00,136.05103490759853,106.46095911288106,0.0,0.0,242.5119940204796
2018-04-01 11:00:00+00:00,132.3687442227299,99.48105692381446,0.0,0.0,231.84980114654437
2018-04-01 12:00:00+00:00,113.27507109623204,85.28268985580397,0.0,0.0,198.557760952036
2018-04-01 13:00:00+00:00,84.79816647396859,63.949106351590416,0.0,0.0,148.747272825559
2018-04-01 14:00:00+00:00,49.07363562586516,36.70397033560623,0.0,0.0,85.77760596147138
2018-04-01 15:00:00+00:00,9.909299125304516,7.381672954235388,0.0,0.0,17.290972079539905
2018-04-01 16:00:00+00:00,0.0,0.0,0.0,0.0,0.0
2018-04-01 17:00:00+00:00,0.0,0.0,0.0,0.0,0.0
2018-04-01 18:00:00+00:00,0.0,0.0,0.0,0.0,0.0
2018-04-01 19:00:00+00:00,0.0,0.0,0.0,0.0,0.0
2018-04-01 20:00:00+00:00,0.0,0.0,0.0,0.0,0.0
2018-04-01 21:00:00+00:00,0.0,0.0,0.0,0.0,0.0
2018-04-01 22:00:00+00:00,0.0,0.0,0.0,0.0,0.0
2018-04-01 23:00:00+00:00,0.0,0.0,0.0,0.0,0.0
2018-04-02 00:00:00+00:00,0.0,0.0,0.0,0.0,0.0
2018-04-02 01:00:00+00:00,0.0,0.0,0.0,0.0,0.0
2018-04-02 02:00:00+00:00,0.0,0.0,0.0,0.0,0.0
2018-04-02 03:00:00+00:00,0.0,0.0,0.0,0.0,0.0
2018-04-02 04:00:00+00:00,16.988764381210743,12.792705023127812,0.0,0.0,29.781469404338555
2018-04-02 05:00:00+00:00,52.58563424665465,39.29851401925005,0.0,0.0,91.8841482659047
2018-04-02 06:00:00+00:00,86.27903874731744,64.76813131554295,0.0,0.0,151.0471700628604
2018-04-02 07:00:00+00:00,113.19319995012142,85.20083514813133,0.0,0.0,198.39403509825274
2018-04-02 08:00:00+00:00,131.7691747068651,99.50584596117957,0.0,0.0,231.27502066804468
2018-04-02 09:00:00+00:00,138.40116380201874,103.9975176428269,0.0,0.0,242.39868144484564
2018-04-02 10:00:00+00:00,138.3596569364366,104.13608678771584,0.0,0.0,242.49574372415245
2018-04-02 11:00:00+00:00,129.08568872747014,96.75596771355367,0.0,0.0,225.84165644102382
2018-04-02 12:00:00+00:00,82.33547965633826,77.8352204080511,0.0,0.0,160.17070006438937
2018-04-02 13:00:00+00:00,75.40485315902441,56.41547601093228,0.0,0.0,131.8203291699567
2018-04-02 14:00:00+00:00,39.86156750157692,29.59166459027069,0.0,0.0,69.45323209184761
2018-04-02 15:00:00+00:00,5.5630325706440145,4.135324440814571,0.0,0.0,9.698357011458587
2018-04-02 16:00:00+00:00,0.0,0.0,0.0,0.0,0.0
2018-04-02 17:00:00+00:00,0.0,0.0,0.0,0.0,0.0
2018-04-02 18:00:00+00:00,0.0,0.0,0.0,0.0,0.0
2018-04-02 19:00:00+00:00,0.0,0.0,0.0,0.0,0.0
2018-04-02 20:00:00+00:00,0.0,0.0,0.0,0.0,0.0
2018-04-02 21:00:00+00:00,0.0,0.0,0.0,0.0,0.0
2018-04-02 22:00:00+00:00,0.0,0.0,0.0,0.0,0.0
2018-04-02 23:00:00+00:00,0.0,0.0,0.0,0.0,0.0
2018-04-03 00:00:00+00:00,0.0,0.0,0.0,0.0,0.0
2018-04-03 01:00:00+00:00,0.0,0.0,0.0,0.0,0.0
2018-04-03 02:00:00+00:00,0.0,0.0,0.0,0.0,0.0
2018-04-03 03:00:00+00:00,0.0,0.0,0.0,0.0,0.0
2018-04-03 04:00:00+00:00,6.833920476693722,8.240190565280678,0.0,0.0,15.0741110419744
2018-04-03 05:00:00+00:00,38.64227506568401,33.2164453696176,0.0,0.0,71.85872043530162
2018-04-03 06:00:00+00:00,72.39099718021038,52.39651488708673,0.0,0.0,124.78751206729711
2018-04-03 07:00:00+00:00,91.64197801260964,67.53486855917673,0.0,0.0,159.17684657178637
2018-04-03 08:00:00+00:00,92.14696378259586,77.59971742857623,0.0,0.0,169.74668121117207
2018-04-03 09:00:00+00:00,116.40729242254571,76.19776874908868,0.0,0.0,192.6050611716344
2018-04-03 10:00:00+00:00,104.20118555562101,83.02120159143952,0.0,0.0,187.22238714706054
2018-04-03 11:00:00+00:00,77.17380204623278,53.822493964949274,0.0,0.0,130.99629601118204
2018-04-03 12:00:00+00:00,46.10521751724064,52.61260303988124,0.0,0.0,98.71782055712188
2018-04-03 13:00:00+00:00,38.31985004800103,38.79809048249729,0.0,0.0,77.11794053049832
2018-04-03 14:00:00+00:00,37.305658695908186,1.2399193760649656,0.0,0.0,38.545578071973154
2018-04-03 15:00:00+00:00,0.6684631229460487,1.9629594416316964,0.0,0.0,2.631422564577745
2018-04-03 16:00:00+00:00,0.0,0.0,0.0,0.0,0.0
2018-04-03 17:00:00+00:00,0.0,0.0,0.0,0.0,0.0
2018-04-03 18:00:00+00:00,0.0,0.0,0.0,0.0,0.0
2018-04-03 19:00:00+00:00,0.0,0.0,0.0,0.0,0.0
2018-04-03 20:00:00+00:00,0.0,0.0,0.0,0.0,0.0
2018-04-03 21:00:00+00:00,0.0,0.0,0.0,0.0,0.0
2018-04-03 22:00:00+00:00,0.0,0.0,0.0,0.0,0.0
2018-04-03 23:00:00+00:00,0.0,0.0,0.0,0.0,0.0
2018-04-04 00:00:00+00:00,0.0,0.0,0.0,0.0,0.0
2018-04-04 01:00:00+00:00,0.0,0.0,0.0,0.0,0.0
2018-04-04 02:00:00+00:00,0.0,0.0,0.0,0.0,0.0
2018-04-04 03:00:00+00:00,0.1637380203037295,0.3935475235226389,0.0,0.0,0.5572855438263684
2018-04-04 04:00:00+00:00,19.217278816024915,14.381052769060036,0.0,0.0,33.59833158508495
2018-04-04 05:00:00+00:00,49.44547863975541,37.125908968899296,0.0,0.0,86.5713876086547
2018-04-04 06:00:00+00:00,80.0186099223443,60.18477405338098,0.0,0.0,140.20338397572527
2018-04-04 07:00:00+00:00,104.85518046913828,78.71385267868004,0.0,0.0,183.56903314781832
2018-04-04 08:00:00+00:00,121.52813143218464,91.3196242333461,0.0,0.0,212.84775566553074
2018-04-04 09:00:00+00:00,127.48108490634965,95.54649360599664,0.0,0.0,223.02757851234628
2018-04-04 10:00:00+00:00,126.24506842789651,94.6793681122777,0.0,0.0,220.9244365401742
2018-04-04 11:00:00+00:00,115.70379494934684,86.93807611623963,0.0,0.0,202.64187106558649
2018-04-04 12:00:00+00:00,97.33885741069258,57.13919721262658,0.0,0.0,154.47805462331917
2018-04-04 13:00:00+00:00,41.20846260719163,26.50138463260428,0.0,0.0,67.7098472397959
2018-04-04 14:00:00+00:00,36.43214918865084,14.738595825690421,0.0,0.0,51.170745014341264
2018-04-04 15:00:00+00:00,5.171253366839808,3.805277414443001,0.0,0.0,8.97653078128281
2018-04-04 16:00:00+00:00,0.0,0.0,0.0,0.0,0.0
2018-04-04 17:00:00+00:00,0.0,0.0,0.0,0.0,0.0
2018-04-04 18:00:00+00:00,0.0,0.0,0.0,0.0,0.0
2018-04-04 19:00:00+00:00,0.0,0.0,0.0,0.0,0.0
2018-04-04 20:00:00+00:00,0.0,0.0,0.0,0.0,0.0
2018-04-04 21:00:00+00:00,0.0,0.0,0.0,0.0,0.0
2018-04-04 22:00:00+00:00,0.0,0.0,0.0,0.0,0.0
2018-04-04 23:00:00+00:00,0.0,0.0,0.0,0.0,0.0
2018-04-05 00:00:00+00:00,0.0,0.0,0.0,0.0,0.0
2018-04-05 01:00:00+00:00,0.0,0.0,0.0,0.0,0.0
2018-04-05 02:00:00+00:00,0.0,0.0,0.0,0.0,0.0
2018-04-05 03:00:00+00:00,0.6361633516001128,0.5409284482456662,0.0,0.0,1.177091799845779
2018-04-05 04:00:00+00:00,5.377949788155781,2.1286138297509525,0.0,0.0,7.506563617906734
2018-04-05 05:00:00+00:00,44.764819899859525,21.749713076257418,0.0,0.0,66.51453297611694
2018-04-05 06:00:00+00:00,52.980495853660024,51.9731627763389,0.0,0.0,104.95365862999893
2018-04-05 07:00:00+00:00,86.1964967728303,66.5316041711182,0.0,0.0,152.7281009439485
2018-04-05 08:00:00+00:00,107.27013958191233,78.70678995887742,0.0,0.0,185.97692954078974
2018-04-05 09:00:00+00:00,119.95494593659328,95.69239280801143,0.0,0.0,215.64733874460472
2018-04-05 10:00:00+00:00,116.52001308493053,81.37851360662899,0.0,0.0,197.8985266915595
2018-04-05 11:00:00+00:00,95.39719435685637,90.96254793100394,0.0,0.0,186.3597422878603
2018-04-05 12:00:00+00:00,99.15372134703873,68.55264270436793,0.0,0.0,167.70636405140664
2018-04-05 13:00:00+00:00,73.18459579344832,39.24028810081607,0.0,0.0,112.4248838942644
2018-04-05 14:00:00+00:00,25.264204186131543,27.185093328450076,0.0,0.0,52.449297514581616
2018-04-05 15:00:00+00:00,6.2940703858722635,4.379811873483635,0.0,0.0,10.6738822593559
2018-04-05 16:00:00+00:00,0.0,0.0,0.0,0.0,0.0
2018-04-05 17:00:00+00:00,0.0,0.0,0.0,0.0,0.0
2018-04-05 18:00:00+00:00,0.0,0.0,0.0,0.0,0.0
2018-04-05 19:00:00+00:00,0.0,0.0,0.0,0.0,0.0
2018-04-05 20:00:00+00:00,0.0,0.0,0.0,0.0,0.0
2018-04-05 21:00:00+00:00,0.0,0.0,0.0,0.0,0.0
2018-04-05 22:00:00+00:00,0.0,0.0,0.0,0.0,0.0
2018-04-05 23:00:00+00:00,0.0,0.0,0.0,0.0,0.0
2018-04-06 00:00:00+00:00,0.0,0.0,0.0,0.0,0.0
2018-04-06 01:00:00+00:00,0.0,0.0,0.0,0.0,0.0
2018-04-06 02:00:00+00:00,0.0,0.0,0.0,0.0,0.0
2018-04-06 03:00:00+00:00,1.4696766403156563,0.8558618963975991,0.0,0.0,2.3255385367132555
2018-04-06 04:00:00+00:00,18.714901201739796,14.286128579487674,0.0,0.0,33.00102978122747
2018-04-06 05:00:00+00:00,51.843376667915535,38.7613779090989,0.0,0.0,90.60475457701443
2018-04-06 06:00:00+00:00,84.91238989148773,63.56865073383103,0.0,0.0,148.48104062531877
2018-04-06 07:00:00+00:00,111.8359506938456,83.89635627026136,0.0,0.0,195.73230696410695
2018-04-06 08:00:00+00:00,130.34160475249394,98.01630708990224,0.0,0.0,228.35791184239616
2018-04-06 09:00:00+00:00,139.70804503387197,105.05985784997745,0.0,0.0,244.76790288384942
2018-04-06 10:00:00+00:00,139.18444106411323,104.77741504360263,0.0,0.0,243.96185610771585
2018-04-06 11:00:00+00:00,129.7200381137215,97.560593481335,0.0,0.0,227.2806315950565
2018-04-06 12:00:00+00:00,110.44927268853917,83.00101865860121,0.0,0.0,193.45029134714036
2018-04-06 13:00:00+00:00,82.46469513357329,61.71225538324488,0.0,0.0,144.17695051681818
2018-04-06 14:00:00+00:00,33.265663037320564,35.25355454045223,0.0,0.0,68.51921757777279
2018-04-06 15:00:00+00:00,8.993490457614556,7.380668455633545,0.0,0.0,16.374158913248102
2018-04-06 16:00:00+00:00,0.0,0.0,0.0,0.0,0.0
2018-04-06 17:00:00+00:00,0.0,0.0,0.0,0.0,0.0
2018-04-06 18:00:00+00:00,0.0,0.0,0.0,0.0,0.0
2018-04-06 19:00:00+00:00,0.0,0.0,0.0,0.0,0.0
2018-04-06 20:00:00+00:00,0.0,0.0,0.0,0.0,0.0
2018-04-06 21:00:00+00:00,0.0,0.0,0.0,0.0,0.0
2018-04-06 22:00:00+00:00,0.0,0.0,0.0,0.0,0.0
2018-04-06 23:00:00+00:00,0.0,0.0,0.0,0.0,0.0
2018-04-07 00:00:00+00:00,0.0,0.0,0.0,0.0,0.0
2018-04-07 01:00:00+00:00,0.0,0.0,0.0,0.0,0.0
2018-04-07 02:00:00+00:00,0.0,0.0,0.0,0.0,0.0
2018-04-07 03:00:00+00:00,1.9022852020100274,1.263242781054539,0.0,0.0,3.1655279830645666
2018-04-07 04:00:00+00:00,18.951273717316543,12.255727834116133,0.0,0.0,31.207001551432676
2018-04-07 05:00:00+00:00,51.15867443218285,38.12574742872202,0.0,0.0,89.28442186090487
2018-04-07 06:00:00+00:00,83.08972622528847,61.82225372932381,0.0,0.0,144.9119799546123
2018-04-07 07:00:00+00:00,109.22689906874801,81.20644866588735,0.0,0.0,190.43334773463536
2018-04-07 08:00:00+00:00,100.22694155472006,77.43153830578265,0.0,0.0,177.65847986050272
2018-04-07 09:00:00+00:00,134.37449594104342,100.10697650163485,0.0,0.0,234.48147244267827
2018-04-07 10:00:00+00:00,107.42689985400642,99.85803488870269,0.0,0.0,207.2849347427091
2018-04-07 11:00:00+00:00,68.0991500833673,92.50360549627581,0.0,0.0,160.60275557964312
2018-04-07 12:00:00+00:00,72.9622498143393,77.7507924721536,0.0,0.0,150.7130422864929
2018-04-07 13:00:00+00:00,40.12034951239136,40.770889771713,0.0,0.0,80.89123928410436
2018-04-07 14:00:00+00:00,14.312543471171338,21.728855857568558,0.0,0.0,36.0413993287399
2018-04-07 15:00:00+00:00,6.77291289675451,4.474288371095971,0.0,0.0,11.247201267850482
2018-04-07 16:00:00+00:00,0.0,0.0,0.0,0.0,0.0
2018-04-07 17:00:00+00:00,0.0,0.0,0.0,0.0,0.0
2018-04-07 18:00:00+00:00,0.0,0.0,0.0,0.0,0.0
2018-04-07 19:00:00+00:00,0.0,0.0,0.0,0.0,0.0
2018-04-07 20:00:00+00:00,0.0,0.0,0.0,0.0,0.0
2018-04-07 21:00:00+00:00,0.0,0.0,0.0,0.0,0.0
2018-04-07 22:00:00+00:00,0.0,0.0,0.0,0.0,0.0
2018-04-07 23:00:00+00:00,0.0,0.0,0.0,0.0,0.0
2018-04-08 00:00:00+00:00,0.0,0.0,0.0,0.0,0.0
2018-04-08 01:00:00+00:00,0.0,0.0,0.0,0.0,0.0
2018-04-08 02:00:00+00:00,0.0,0.0,0.0,0.0,0.0
2018-04-08 03:00:00+00:00,1.4674432065094194,0.9972879675696318,0.0,0.0,2.464731174079051
2018-04-08 04:00:00+00:00,22.2065483873957,15.894215472895318,0.0,0.0,38.10076386029102
2018-04-08 05:00:00+00:00,50.93560130952038,38.64742817678733,0.0,0.0,89.58302948630771
2018-04-08 06:00:00+00:00,81.39310450672521,62.209197547808095,0.0,0.0,143.6023020545333
2018-04-08 07:00:00+00:00,106.93256669046278,81.41429735673601,0.0,0.0,188.34686404719878
2018-04-08 08:00:00+00:00,124.59256970070243,94.89450671197808,0.0,0.0,219.4870764126805
2018-04-08 09:00:00+00:00,82.33560069275737,101.90500204788631,0.0,0.0,184.24060274064368
2018-04-08 10:00:00+00:00,100.22117417103645,79.35912442332642,0.0,0.0,179.5802985943629
2018-04-08 11:00:00+00:00,125.25157624951859,74.1454620987123,0.0,0.0,199.3970383482309
2018-04-08 12:00:00+00:00,104.12660413018065,78.58137240625284,0.0,0.0,182.70797653643348
2018-04-08 13:00:00+00:00,77.30973656790182,57.77899823730348,0.0,0.0,135.08873480520532
2018-04-08 14:00:00+00:00,43.10189516725499,31.798779629503812,0.0,0.0,74.9006747967588
2018-04-08 15:00:00+00:00,8.408895312372925,5.972323425861745,0.0,0.0,14.38121873823467
2018-04-08 16:00:00+00:00,0.0,0.0,0.0,0.0,0.0
2018-04-08 17:00:00+00:00,0.0,0.0,0.0,0.0,0.0
2018-04-08 18:00:00+00:00,0.0,0.0,0.0,0.0,0.0
2018-04-08 19:00:00+00:00,0.0,0.0,0.0,0.0,0.0
2018-04-08 20:00:00+00:00,0.0,0.0,0.0,0.0,0.0
2018-04-08 21:00:00+00:00,0.0,0.0,0.0,0.0,0.0
2018-04-08 22:00:00+00:00,0.0,0.0,0.0,0.0,0.0
2018-04-08 23:00:00+00:00,0.0,0.0,0.0,0.0,0.0
2018-04-09 00:00:00+00:00,0.0,0.0,0.0,0.0,0.0
2018-04-09 01:00:00+00:00,0.0,0.0,0.0,0.0,0.0
2018-04-09 02:00:00+00:00,0.0,0.0,0.0,0.0,0.0
2018-04-09 03:00:00+00:00,2.375405103569275,1.5851195023340634,0.0,0.0,3.9605246059033385
2018-04-09 04:00:00+00:00,20.367576231338848,15.368084939068407,0.0,0.0,35.735661170407255
2018-04-09 05:00:00+00:00,53.54750414108683,40.1984143558339,0.0,0.0,93.74591849692072
2018-04-09 06:00:00+00:00,86.33923960950573,65.27727209551796,0.0,0.0,151.6165117050237
2018-04-09 07:00:00+00:00,113.12097609555187,85.6118669923981,0.0,0.0,198.73284308794996
2018-04-09 08:00:00+00:00,131.7030986047558,99.8742203019135,0.0,0.0,231.5773189066693
2018-04-09 09:00:00+00:00,141.9746520713865,107.53705649744849,0.0,0.0,249.511708568835
2018-04-09 10:00:00+00:00,141.98948826943598,107.36742726189296,0.0,0.0,249.35691553132892
2018-04-09 11:00:00+00:00,132.67426135036087,99.97794733741203,0.0,0.0,232.65220868777288
2018-04-09 12:00:00+00:00,113.15689340634285,84.83005002421294,0.0,0.0,197.98694343055578
2018-04-09 13:00:00+00:00,84.71178047153212,63.2605972489153,0.0,0.0,147.9723777204474
2018-04-09 14:00:00+00:00,48.299215274085576,35.90305550470419,0.0,0.0,84.20227077878977
2018-04-09 15:00:00+00:00,10.24159433242178,7.492159802061004,0.0,0.0,17.733754134482783
2018-04-09 16:00:00+00:00,0.0,0.0,0.0,0.0,0.0
2018-04-09 17:00:00+00:00,0.0,0.0,0.0,0.0,0.0
2018-04-09 18:00:00+00:00,0.0,0.0,0.0,0.0,0.0
2018-04-09 19:00:00+00:00,0.0,0.0,0.0,0.0,0.0
2018-04-09 20:00:00+00:00,0.0,0.0,0.0,0.0,0.0
2018-04-09 21:00:00+00:00,0.0,0.0,0.0,0.0,0.0
2018-04-09 22:00:00+00:00,0.0,0.0,0.0,0.0,0.0
2018-04-09 23:00:00+00:00,0.0,0.0,0.0,0.0,0.0
2018-04-10 00:00:00+00:00,0.0,0.0,0.0,0.0,0.0
2018-04-10 01:00:00+00:00,0.0,0.0,0.0,0.0,0.0
2018-04-10 02:00:00+00:00,0.0,0.0,0.0,0.0,0.0
2018-04-10 03:00:00+00:00,2.685511388043615,1.8508399522775332,0.0,0.0,4.536351340321148
2018-04-10 04:00:00+00:00,20.20680302128225,15.101566115139182,0.0,0.0,35.30836913642143
2018-04-10 05:00:00+00:00,54.485530508566626,40.758498414409715,0.0,0.0,95.24402892297634
2018-04-10 06:00:00+00:00,88.40681335714191,66.33795200337343,0.0,0.0,154.74476536051534
2018-04-10 07:00:00+00:00,115.83750035632391,87.01896277293716,0.0,0.0,202.85646312926107
2018-04-10 08:00:00+00:00,134.67012767389144,101.26487037219303,0.0,0.0,235.93499804608447
2018-04-10 09:00:00+00:00,142.5,107.91238066171022,0.0,0.0,250.41238066171022
2018-04-10 10:00:00+00:00,142.5,81.83448909978064,0.0,0.0,224.33448909978063
2018-04-10 11:00:00+00:00,133.97802563751043,67.09264011541208,0.0,0.0,201.0706657529225
2018-04-10 12:00:00+00:00,101.63166057616812,61.696615978737164,0.0,0.0,163.32827655490527
2018-04-10 13:00:00+00:00,42.22102897207257,37.22575832260135,0.0,0.0,79.44678729467392
2018-04-10 14:00:00+00:00,41.60667593943117,25.57157325433511,0.0,0.0,67.17824919376628
2018-04-10 15:00:00+00:00,11.01170411533955,8.22851812901034,0.0,0.0,19.240222244349887
2018-04-10 16:00:00+00:00,0.0,0.0,0.0,0.0,0.0
2018-04-10 17:00:00+00:00,0.0,0.0,0.0,0.0,0.0
2018-04-10 18:00:00+00:00,0.0,0.0,0.0,0.0,0.0
2018-04-10 19:00:00+00:00,0.0,0.0,0.0,0.0,0.0
2018-04-10 20:00:00+00:00,0.0,0.0,0.0,0.0,0.0
2018-04-10 21:00:00+00:00,0.0,0.0,0.0,0.0,0.0
2018-04-10 22:00:00+00:00,0.0,0.0,0.0,0.0,0.0
2018-04-10 23:00:00+00:00,0.0,0.0,0.0,0.0,0.0
2018-04-11 00:00:00+00:00,0.0,0.0,0.0,0.0,0.0
2018-04-11 01:00:00+00:00,0.0,0.0,0.0,0.0,0.0
2018-04-11 02:00:00+00:00,0.0,0.0,0.0,0.0,0.0
2018-04-11 03:00:00+00:00,2.996133009171844,2.1919569982215226,0.0,0.0,5.188090007393367
2018-04-11 04:00:00+00:00,19.27574015538058,14.52866855796153,0.0,0.0,33.804408713342106
2018-04-11 05:00:00+00:00,54.26760239542564,40.953337466800285,0.0,0.0,95.22093986222592
2018-04-11 06:00:00+00:00,87.92009559713306,66.47644543161132,0.0,0.0,154.39654102874437
2018-04-11 07:00:00+00:00,114.86561079383341,86.92345401691855,0.0,0.0,201.78906481075197
2018-04-11 08:00:00+00:00,133.08143588729575,100.7990231594475,0.0,0.0,233.88045904674325
2018-04-11 09:00:00+00:00,141.8425030157871,107.45453232058915,0.0,0.0,249.29703533637624
2018-04-11 10:00:00+00:00,141.33062675530056,106.89385513092752,0.0,0.0,248.2244818862281
2018-04-11 11:00:00+00:00,131.78145305765338,99.43810292726594,0.0,0.0,231.21955598491934
2018-04-11 12:00:00+00:00,110.03020289138422,82.82118998162461,0.0,0.0,192.85139287300882
2018-04-11 13:00:00+00:00,81.95897307352841,61.68673091057788,0.0,0.0,143.6457039841063
2018-04-11 14:00:00+00:00,47.595940041338494,35.583775524251216,0.0,0.0,83.1797155655897
2018-04-11 15:00:00+00:00,11.036822126073774,8.090868885471842,0.0,0.0,19.127691011545615
2018-04-11 16:00:00+00:00,0.0,0.0,0.0,0.0,0.0
2018-04-11 17:00:00+00:00,0.0,0.0,0.0,0.0,0.0
2018-04-11 18:00:00+00:00,0.0,0.0,0.0,0.0,0.0
2018-04-11 19:00:00+00:00,0.0,0.0,0.0,0.0,0.0
2018-04-11 20:00:00+00:00,0.0,0.0,0.0,0.0,0.0
2018-04-11 21:00:00+00:00,0.0,0.0,0.0,0.0,0.0
2018-04-11 22:00:00+00:00,0.0,0.0,0.0,0.0,0.0
2018-04-11 23:00:00+00:00,0.0,0.0,0.0,0.0,0.0
2018-04-12 00:00:00+00:00,0.0,0.0,0.0,0.0,0.0
2018-04-12 01:00:00+00:00,0.0,0.0,0.0,0.0,0.0
2018-04-12 02:00:00+00:00,0.0,0.0,0.0,0.0,0.0
2018-04-12 03:00:00+00:00,2.814945933695612,1.7341322808931194,0.0,0.0,4.549078214588731
2018-04-12 04:00:00+00:00,21.77886070916159,17.308564644831826,0.0,0.0,39.08742535399342
2018-04-12 05:00:00+00:00,53.00171230402354,37.89160766232059,0.0,0.0,90.89331996634414
2018-04-12 06:00:00+00:00,79.19307692295581,57.8245954310802,0.0,0.0,137.017672354036
2018-04-12 07:00:00+00:00,98.29989782861126,70.29658915483353,0.0,0.0,168.59648698344478
2018-04-12 08:00:00+00:00,97.11083675328854,81.47026821814724,0.0,0.0,178.58110497143576
2018-04-12 09:00:00+00:00,131.28576863282342,98.66464962326258,0.0,0.0,229.95041825608598
2018-04-12 10:00:00+00:00,119.2887782062638,84.97389463936075,0.0,0.0,204.26267284562454
2018-04-12 11:00:00+00:00,120.23563877035404,90.25244880503217,0.0,0.0,210.4880875753862
2018-04-12 12:00:00+00:00,99.36250795856834,74.32866744425473,0.0,0.0,173.6911754028231
2018-04-12 13:00:00+00:00,71.3359905808065,53.153283159838736,0.0,0.0,124.48927374064523
2018-04-12 14:00:00+00:00,38.165807371073775,28.105938666868212,0.0,0.0,66.271746037942
2018-04-12 15:00:00+00:00,6.794135022447726,4.79158113816646,0.0,0.0,11.585716160614187
2018-04-12 16:00:00+00:00,0.0,0.0,0.0,0.0,0.0
2018-04-12 17:00:00+00:00,0.0,0.0,0.0,0.0,0.0
2018-04-12 18:00:00+00:00,0.0,0.0,0.0,0.0,0.0
2018-04-12 19:00:00+00:00,0.0,0.0,0.0,0.0,0.0
2018-04-12 20:00:00+00:00,0.0,0.0,0.0,0.0,0.0
2018-04-12 21:00:00+00:00,0.0,0.0,0.0,0.0,0.0
2018-04-12 22:00:00+00:00,0.0,0.0,0.0,0.0,0.0
2018-04-12 23:00:00+00:00,0.0,0.0,0.0,0.0,0.0
2018-04-13 00:00:00+00:00,0.0,0.0,0.0,0.0,0.0
2018-04-13 01:00:00+00:00,0.0,0.0,0.0,0.0,0.0
2018-04-13 02:00:00+00:00,0.0,0.0,0.0,0.0,0.0
2018-04-13 03:00:00+00:00,1.7485865554514501,1.2264457406795666,0.0,0.0,2.9750322961310167
2018-04-13 04:00:00+00:00,22.429003085686276,16.51908165556401,0.0,0.0,38.948084741250284
2018-04-13 05:00:00+00:00,50.897027954788484,37.902021545603986,0.0,0.0,88.79904950039247
2018-04-13 06:00:00+00:00,79.26712433548511,59.31639957931133,0.0,0.0,138.58352391479644
2018-04-13 07:00:00+00:00,102.38397303510118,76.83622828220805,0.0,0.0,179.22020131730923
2018-04-13 08:00:00+00:00,118.7048488563041,88.92048690361098,0.0,0.0,207.62533575991506
2018-04-13 09:00:00+00:00,125.46824553150297,93.9766959265623,0.0,0.0,219.44494145806527
2018-04-13 10:00:00+00:00,123.98763680484659,93.38589982614879,0.0,0.0,217.37353663099537
2018-04-13 11:00:00+00:00,114.34904678819467,86.05179471700866,0.0,0.0,200.40084150520335
2018-04-13 12:00:00+00:00,95.31678161845164,71.16890606116833,0.0,0.0,166.48568767961996
2018-04-13 13:00:00+00:00,68.35195417583104,46.121218779878006,0.0,0.0,114.47317295570905
2018-04-13 14:00:00+00:00,35.48716154166962,25.660660750058682,0.0,0.0,61.1478222917283
2018-04-13 15:00:00+00:00,5.353919726621943,3.424340809031463,0.0,0.0,8.778260535653406
2018-04-13 16:00:00+00:00,0.0,0.0,0.0,0.0,0.0
2018-04-13 17:00:00+00:00,0.0,0.0,0.0,0.0,0.0
2018-04-13 18:00:00+00:00,0.0,0.0,0.0,0.0,0.0
2018-04-13 19:00:00+00:00,0.0,0.0,0.0,0.0,0.0
2018-04-13 20:00:00+00:00,0.0,0.0,0.0,0.0,0.0
2018-04-13 21:00:00+00:00,0.0,0.0,0.0,0.0,0.0
2018-04-13 22:00:00+00:00,0.0,0.0,0.0,0.0,0.0
2018-04-13 23:00:00+00:00,0.0,0.0,0.0,0.0,0.0
2018-04-14 00:00:00+00:00,0.0,0.0,0.0,0.0,0.0
2018-04-14 01:00:00+00:00,0.0,0.0,0.0,0.0,0.0
2018-04-14 02:00:00+00:00,0.0,0.0,0.0,0.0,0.0
2018-04-14 03:00:00+00:00,1.7510198228087712,1.064770162723247,0.0,0.0,2.8157899855320183
2018-04-14 04:00:00+00:00,23.37801293361722,17.335202110849117,0.0,0.0,40.71321504446634
2018-04-14 05:00:00+00:00,51.90427576586213,38.83795608809764,0.0,0.0,90.74223185395977
2018-04-14 06:00:00+00:00,80.55053815775204,60.64412693566874,0.0,0.0,141.19466509342078
2018-04-14 07:00:00+00:00,104.51577554519605,78.76759474708473,0.0,0.0,183.28337029228078
2018-04-14 08:00:00+00:00,121.51175715099077,91.78144800105115,0.0,0.0,213.29320515204193
2018-04-14 09:00:00+00:00,131.47780450187932,100.03240901621248,0.0,0.0,231.5102135180918
2018-04-14 10:00:00+00:00,132.02597421207017,100.5548568634882,0.0,0.0,232.58083107555836
2018-04-14 11:00:00+00:00,123.52778226289331,93.94660267002058,0.0,0.0,217.4743849329139
2018-04-14 12:00:00+00:00,106.85785251448769,80.973354806611,0.0,0.0,187.8312073210987
2018-04-14 13:00:00+00:00,80.8371069015346,60.945757308834416,0.0,0.0,141.782864210369
2018-04-14 14:00:00+00:00,47.32316336727298,35.19555232127698,0.0,0.0,82.51871568854996
2018-04-14 15:00:00+00:00,11.778566432169015,8.525450205626889,0.0,0.0,20.304016637795904
2018-04-14 16:00:00+00:00,0.0,0.0,0.0,0.0,0.0
2018-04-14 17:00:00+00:00,0.0,0.0,0.0,0.0,0.0
2018-04-14 18:00:00+00:00,0.0,0.0,0.0,0.0,0.0
2018-04-14 19:00:00+00:00,0.0,0.0,0.0,0.0,0.0
2018-04-14 20:00:00+00:00,0.0,0.0,0.0,0.0,0.0
2018-04-14 21:00:00+00:00,0.0,0.0,0.0,0.0,0.0
2018-04-14 22:00:00+00:00,0.0,0.0,0.0,0.0,0.0
2018-04-14 23:00:00+00:00,0.0,0.0,0.0,0.0,0.0
2018-04-15 00:00:00+00:00,0.0,0.0,0.0,0.0,0.0
2018-04-15 01:00:00+00:00,0.0,0.0,0.0,0.0,0.0
2018-04-15 02:00:00+00:00,0.0,0.0,0.0,0.0,0.0
2018-04-15 03:00:00+00:00,3.9643548643028677,2.8343062531047853,0.0,0.0,6.7986611174076526
2018-04-15 04:00:00+00:00,21.087959103761047,16.01057135676845,0.0,0.0,37.098530460529496
2018-04-15 05:00:00+00:00,54.264354163397286,40.81918757790899,0.0,0.0,95.08354174130628
2018-04-15 06:00:00+00:00,86.72016418651296,65.11607782691657,0.0,0.0,151.8362420134295
2018-04-15 07:00:00+00:00,112.76906170888151,84.99236060841952,0.0,0.0,197.76142231730103
2018-04-15 08:00:00+00:00,130.6580936085523,98.64373607881534,0.0,0.0,229.30182968736761
2018-04-15 09:00:00+00:00,140.0574486865279,105.91712405075963,0.0,0.0,245.97457273728753
2018-04-15 10:00:00+00:00,140.24666012020793,106.01840727408535,0.0,0.0,246.26506739429328
2018-04-15 11:00:00+00:00,131.12116274882516,99.1046939600975,0.0,0.0,230.22585670892266
2018-04-15 12:00:00+00:00,111.85805287923134,84.44560097933083,0.0,0.0,196.30365385856217
2018-04-15 13:00:00+00:00,84.4154673225017,63.417252619025895,0.0,0.0,147.83271994152759
2018-04-15 14:00:00+00:00,49.775297187403666,36.88833156698779,0.0,0.0,86.66362875439145
2018-04-15 15:00:00+00:00,12.865433695125663,9.273820759020865,0.0,0.0,22.139254454146528
2018-04-15 16:00:00+00:00,0.0,0.0,0.0,0.0,0.0
2018-04-15 17:00:00+00:00,0.0,0.0,0.0,0.0,0.0
2018-04-15 18:00:00+00:00,0.0,0.0,0.0,0.0,0.0
2018-04-15 19:00:00+00:00,0.0,0.0,0.0,0.0,0.0
2018-04-15 20:00:00+00:00,0.0,0.0,0.0,0.0,0.0
2018-04-15 21:00:00+00:00,0.0,0.0,0.0,0.0,0.0
2018-04-15 22:00:00+00:00,0.0,0.0,0.0,0.0,0.0
2018-04-15 23:00:00+00:00,0.0,0.0,0.0,0.0,0.0
2018-04-16 00:00:00+00:00,0.0,0.0,0.0,0.0,0.0
2018-04-16 01:00:00+00:00,0.0,0.0,0.0,0.0,0.0
2018-04-16 02:00:00+00:00,0.0,0.0,0.0,0.0,0.0
2018-04-16 03:00:00+00:00,4.173586402154143,3.0261934074641874,0.0,0.0,7.199779809618331
2018-04-16 04:00:00+00:00,21.494731102423543,16.280033230285422,0.0,0.0,37.77476433270897
2018-04-16 05:00:00+00:00,55.31053898162425,41.41512314316485,0.0,0.0,96.7256621247891
2018-04-16 06:00:00+00:00,87.96886639790398,65.95554824758943,0.0,0.0,153.9244146454934
2018-04-16 07:00:00+00:00,114.0746763529489,85.97496231464608,0.0,0.0,200.049638667595
2018-04-16 08:00:00+00:00,132.1516133713124,99.53197873553728,0.0,0.0,231.6835921068497
2018-04-16 09:00:00+00:00,140.37942763422788,105.7743567294108,0.0,0.0,246.1537843636387
2018-04-16 10:00:00+00:00,139.93883460013316,105.40305253495053,0.0,0.0,245.3418871350837
2018-04-16 11:00:00+00:00,130.27102002963753,98.02447338022539,0.0,0.0,228.2954934098629
2018-04-16 12:00:00+00:00,109.53417385441128,82.59957621747986,0.0,0.0,192.13375007189114
2018-04-16 13:00:00+00:00,81.6855670464127,61.41679530128946,0.0,0.0,143.10236234770215
2018-04-16 14:00:00+00:00,46.75425344605996,35.10864626294018,0.0,0.0,81.86289970900015
2018-04-16 15:00:00+00:00,11.126451323537498,8.413007220570496,0.0,0.0,19.539458544107994
2018-04-16 16:00:00+00:00,0.0,0.0,0.0,0.0,0.0
2018-04-16 17:00:00+00:00,0.0,0.0,0.0,0.0,0.0
2018-04-16 18:00:00+00:00,0.0,0.0,0.0,0.0,0.0
2018-04-16 19:00:00+00:00,0.0,0.0,0.0,0.0,0.0
2018-04-16 20:00:00+00:00,0.0,0.0,0.0,0.0,0.0
2018-04-16 21:00:00+00:00,0.0,0.0,0.0,0.0,0.0
2018-04-16 22:00:00+00:00,0.0,0.0,0.0,0.0,0.0
2018-04-16 23:00:00+00:00,0.0,0.0,0.0,0.0,0.0
2018-04-17 00:00:00+00:00,0.0,0.0,0.0,0.0,0.0
2018-04-17 01:00:00+00:00,0.0,0.0,0.0,0.0,0.0
2018-04-17 02:00:00+00:00,0.0,0.0,0.0,0.0,0.0
2018-04-17 03:00:00+00:00,4.571332889921321,3.189269768122448,0.0,0.0,7.760602658043768
2018-04-17 04:00:00+00:00,22.56713523720409,17.185840741410942,0.0,0.0,39.752975978615034
2018-04-17 05:00:00+00:00,55.893801017591315,41.635675937456305,0.0,0.0,97.52947695504761
2018-04-17 06:00:00+00:00,87.67167400603664,65.29476357371607,0.0,0.0,152.96643757975272
2018-04-17 07:00:00+00:00,113.12468102453973,84.3663590197518,0.0,0.0,197.49104004429154
2018-04-17 08:00:00+00:00,129.97323107676903,97.33685128985383,0.0,0.0,227.31008236662285
2018-04-17 09:00:00+00:00,137.07248660169057,102.15028378313289,0.0,0.0,239.22277038482346
2018-04-17 10:00:00+00:00,136.57502520134685,101.53409513661984,0.0,0.0,238.1091203379667
2018-04-17 11:00:00+00:00,126.02231565621094,93.47810108103857,0.0,0.0,219.5004167372495
2018-04-17 12:00:00+00:00,106.8313918631917,78.82194239608103,0.0,0.0,185.65333425927273
2018-04-17 13:00:00+00:00,78.12135633309354,57.29511878153973,0.0,0.0,135.41647511463327
2018-04-17 14:00:00+00:00,43.592707102642876,31.521298671429093,0.0,0.0,75.11400577407197
2018-04-17 15:00:00+00:00,9.648672669879012,6.5956155408478505,0.0,0.0,16.244288210726864
2018-04-17 16:00:00+00:00,0.0,0.0,0.0,0.0,0.0
2018-04-17 17:00:00+00:00,0.0,0.0,0.0,0.0,0.0
2018-04-17 18:00:00+00:00,0.0,0.0,0.0,0.0,0.0
2018-04-17 19:00:00+00:00,0.0,0.0,0.0,0.0,0.0
2018-04-17 20:00:00+00:00,0.0,0.0,0.0,0.0,0.0
2018-04-17 21:00:00+00:00,0.0,0.0,0.0,0.0,0.0
2018-04-17 22:00:00+00:00,0.0,0.0,0.0,0.0,0.0
2018-04-17 23:00:00+00:00,0.0,0.0,0.0,0.0,0.0
2018-04-18 00:00:00+00:00,0.0,0.0,0.0,0.0,0.0
2018-04-18 01:00:00+00:00,0.0,0.0,0.0,0.0,0.0
2018-04-18 02:00:00+00:00,0.0,0.0,0.0,0.0,0.0
2018-04-18 03:00:00+00:00,4.614074086085585,3.0451562516184114,0.0,0.0,7.659230337703997
2018-04-18 04:00:00+00:00,23.1421411554197,17.586102194676442,0.0,0.0,40.72824335009614
2018-04-18 05:00:00+00:00,54.522440948839275,40.17117352478411,0.0,0.0,94.69361447362338
2018-04-18 06:00:00+00:00,84.80901692959678,62.465499883548354,0.0,0.0,147.27451681314514
2018-04-18 07:00:00+00:00,109.21867362890788,80.74168594233652,0.0,0.0,189.9603595712444
2018-04-18 08:00:00+00:00,126.09983963533224,93.33070166160678,0.0,0.0,219.43054129693903
2018-04-18 09:00:00+00:00,133.7557081357133,99.04626224241511,0.0,0.0,232.8019703781284
2018-04-18 10:00:00+00:00,132.98970781703892,98.34566192653125,0.0,0.0,231.33536974357017
2018-04-18 11:00:00+00:00,123.17669150481925,90.74934652184515,0.0,0.0,213.9260380266644
2018-04-18 12:00:00+00:00,102.3677042967247,75.32225003032198,0.0,0.0,177.68995432704668
2018-04-18 13:00:00+00:00,75.09960081519677,54.71626979860436,0.0,0.0,129.8158706138011
2018-04-18 14:00:00+00:00,41.82882389457602,29.905965552198847,0.0,0.0,71.73478944677487
2018-04-18 15:00:00+00:00,9.242517378958317,6.124082307945535,0.0,0.0,15.366599686903852
2018-04-18 16:00:00+00:00,0.0,0.0,0.0,0.0,0.0
2018-04-18 17:00:00+00:00,0.0,0.0,0.0,0.0,0.0
2018-04-18 18:00:00+00:00,0.0,0.0,0.0,0.0,0.0
2018-04-18 19:00:00+00:00,0.0,0.0,0.0,0.0,0.0
2018-04-18 20:00:00+00:00,0.0,0.0,0.0,0.0,0.0
2018-04-18 21:00:00+00:00,0.0,0.0,0.0,0.0,0.0
2018-04-18 22:00:00+00:00,0.0,0.0,0.0,0.0,0.0
2018-04-18 23:00:00+00:00,0.0,0.0,0.0,0.0,0.0
2018-04-19 00:00:00+00:00,0.0,0.0,0.0,0.0,0.0
2018-04-19 01:00:00+00:00,0.0,0.0,0.0,0.0,0.0
2018-04-19 02:00:00+00:00,0.0,0.0,0.0,0.0,0.0
2018-04-19 03:00:00+00:00,4.04470320667114,2.530301275045287,0.0,0.0,6.575004481716427
2018-04-19 04:00:00+00:00,24.15520029077355,18.206754558009916,0.0,0.0,42.36195484878347
2018-04-19 05:00:00+00:00,53.41645644819184,40.27349129336303,0.0,0.0,93.68994774155487
2018-04-19 06:00:00+00:00,82.57174555904216,62.42305482097923,0.0,0.0,144.9948003800214
2018-04-19 07:00:00+00:00,106.58567780929454,80.56463598133423,0.0,0.0,187.1503137906288
2018-04-19 08:00:00+00:00,123.11360463251634,92.75323497348063,0.0,0.0,215.86683960599697
2018-04-19 09:00:00+00:00,130.73257534490014,98.72933987492387,0.0,0.0,229.461915219824
2018-04-19 10:00:00+00:00,129.76636866330418,98.03796931583587,0.0,0.0,227.80433797914003
2018-04-19 11:00:00+00:00,120.42071378071404,90.84593596498233,0.0,0.0,211.26664974569638
2018-04-19 12:00:00+00:00,102.32936907505335,77.04788639156425,0.0,0.0,179.3772554666176
2018-04-19 13:00:00+00:00,76.26340038026045,57.21341982184595,0.0,0.0,133.4768202021064
2018-04-19 14:00:00+00:00,43.804885786171454,32.839457021165245,0.0,0.0,76.6443428073367
2018-04-19 15:00:00+00:00,10.839048758130936,8.124126678633214,0.0,0.0,18.96317543676415
2018-04-19 16:00:00+00:00,0.0,0.0,0.0,0.0,0.0
2018-04-19 17:00:00+00:00,0.0,0.0,0.0,0.0,0.0
2018-04-19 18:00:00+00:00,0.0,0.0,0.0,0.0,0.0
2018-04-19 19:00:00+00:00,0.0,0.0,0.0,0.0,0.0
2018-04-19 20:00:00+00:00,0.0,0.0,0.0,0.0,0.0
2018-04-19 21:00:00+00:00,0.0,0.0,0.0,0.0,0.0
2018-04-19 22:00:00+00:00,0.0,0.0,0.0,0.0,0.0
2018-04-19 23:00:00+00:00,0.0,0.0,0.0,0.0,0.0
2018-04-20 00:00:00+00:00,0.0,0.0,0.0,0.0,0.0
2018-04-20 01:00:00+00:00,0.0,0.0,0.0,0.0,0.0
2018-04-20 02:00:00+00:00,0.0,0.0,0.0,0.0,0.0
2018-04-20 03:00:00+00:00,3.481595020332515,2.2693368891026293,0.0,0.0,5.750931909435144
2018-04-20 04:00:00+00:00,24.922364033146874,18.721000301772566,0.0,0.0,43.64336433491944
2018-04-20 05:00:00+00:00,52.56838575142332,39.638923493516224,0.0,0.0,92.20730924493955
2018-04-20 06:00:00+00:00,80.44377457399239,60.80785168532799,0.0,0.0,141.25162625932037
2018-04-20 07:00:00+00:00,104.0763330718864,78.59152151552081,0.0,0.0,182.6678545874072
2018-04-20 08:00:00+00:00,120.33082538996678,90.58596016305283,0.0,0.0,210.91678555301962
2018-04-20 09:00:00+00:00,126.68673376618509,95.00503729809748,0.0,0.0,221.69177106428256
2018-04-20 10:00:00+00:00,124.8568424906638,93.38490487093766,0.0,0.0,218.24174736160145
2018-04-20 11:00:00+00:00,114.00525798323208,84.87224002549385,0.0,0.0,198.87749800872592
2018-04-20 12:00:00+00:00,94.3964061421475,69.63135352867357,0.0,0.0,164.02775967082107
2018-04-20 13:00:00+00:00,64.09846650039353,46.39387598370589,0.0,0.0,110.49234248409942
2018-04-20 14:00:00+00:00,31.386120450805645,18.92257145491382,0.0,0.0,50.30869190571947
2018-04-20 15:00:00+00:00,4.344916490333801,2.9903048421814233,0.0,0.0,7.335221332515224
2018-04-20 16:00:00+00:00,0.0,0.0,0.0,0.0,0.0
2018-04-20 17:00:00+00:00,0.0,0.0,0.0,0.0,0.0
2018-04-20 18:00:00+00:00,0.0,0.0,0.0,0.0,0.0
2018-04-20 19:00:00+00:00,0.0,0.0,0.0,0.0,0.0
2018-04-20 20:00:00+00:00,0.0,0.0,0.0,0.0,0.0
2018-04-20 21:00:00+00:00,0.0,0.0,0.0,0.0,0.0
2018-04-20 22:00:00+00:00,0.0,0.0,0.0,0.0,0.0
2018-04-20 23:00:00+00:00,0.0,0.0,0.0,0.0,0.0
2018-04-21 00:00:00+00:00,0.0,0.0,0.0,0.0,0.0
2018-04-21 01:00:00+00:00,0.0,0.0,0.0,0.0,0.0
2018-04-21 02:00:00+00:00,0.0,0.0,0.0,0.0,0.0
2018-04-21 03:00:00+00:00,1.452220591882702,0.9586944956277792,0.0,0.0,2.4109150875104812
2018-04-21 04:00:00+00:00,23.472583448254692,12.814991138062057,0.0,0.0,36.28757458631675
2018-04-21 05:00:00+00:00,49.439072773041374,29.856144745104373,0.0,0.0,79.29521751814575
2018-04-21 06:00:00+00:00,76.04208775406039,44.386325124875015,0.0,0.0,120.4284128789354
2018-04-21 07:00:00+00:00,97.8036372752853,73.12199789775282,0.0,0.0,170.92563517303813
2018-04-21 08:00:00+00:00,110.50203257175899,81.42938120835909,0.0,0.0,191.93141378011808
2018-04-21 09:00:00+00:00,119.020577025085,76.70670622510588,0.0,0.0,195.72728325019088
2018-04-21 10:00:00+00:00,118.02973494083746,75.82142185229044,0.0,0.0,193.8511567931279
2018-04-21 11:00:00+00:00,91.5914597717703,56.90366956678268,0.0,0.0,148.495129338553
2018-04-21 12:00:00+00:00,79.72606186094501,33.060027013958084,0.0,0.0,112.7860888749031
2018-04-21 13:00:00+00:00,59.20317845772506,26.57789304687362,0.0,0.0,85.78107150459869
2018-04-21 14:00:00+00:00,33.56102253267112,18.17112476802805,0.0,0.0,51.73214730069917
2018-04-21 15:00:00+00:00,5.259417452435623,3.1575381494318577,0.0,0.0,8.416955601867482
2018-04-21 16:00:00+00:00,0.0,0.0,0.0,0.0,0.0
2018-04-21 17:00:00+00:00,0.0,0.0,0.0,0.0,0.0
2018-04-21 18:00:00+00:00,0.0,0.0,0.0,0.0,0.0
2018-04-21 19:00:00+00:00,0.0,0.0,0.0,0.0,0.0
2018-04-21 20:00:00+00:00,0.0,0.0,0.0,0.0,0.0
2018-04-21 21:00:00+00:00,0.0,0.0,0.0,0.0,0.0
2018-04-21 22:00:00+00:00,0.0,0.0,0.0,0.0,0.0
2018-04-21 23:00:00+00:00,0.0,0.0,0.0,0.0,0.0
2018-04-22 00:00:00+00:00,0.0,0.0,0.0,0.0,0.0
2018-04-22 01:00:00+00:00,0.0,0.0,0.0,0.0,0.0
2018-04-22 02:00:00+00:00,0.0,0.0,0.0,0.0,0.0
2018-04-22 03:00:00+00:00,5.606219685825717,4.064601633837944,0.0,0.0,9.670821319663661
2018-04-22 04:00:00+00:00,23.58900265854039,17.729128621846606,0.0,0.0,41.31813128038699
2018-04-22 05:00:00+00:00,56.52616674760954,42.57511842409656,0.0,0.0,99.1012851717061
2018-04-22 06:00:00+00:00,89.70818755583194,67.588982873005,0.0,0.0,157.29717042883692
2018-04-22 07:00:00+00:00,116.38862791911208,87.75485713635126,0.0,0.0,204.14348505546334
2018-04-22 08:00:00+00:00,134.45938780167222,101.19072565359848,0.0,0.0,235.65011345527068
2018-04-22 09:00:00+00:00,142.5,108.17224244478655,0.0,0.0,250.67224244478655
2018-04-22 10:00:00+00:00,142.38032693303177,107.96956940582501,0.0,0.0,250.34989633885678
2018-04-22 11:00:00+00:00,132.9334388909285,99.99440697437959,0.0,0.0,232.9278458653081
2018-04-22 12:00:00+00:00,113.26928275106656,85.1068334337163,0.0,0.0,198.37611618478286
2018-04-22 13:00:00+00:00,84.56826742737061,63.44746746377085,0.0,0.0,148.01573489114145
2018-04-22 14:00:00+00:00,49.12998987353463,36.81421963132828,0.0,0.0,85.94420950486291
2018-04-22 15:00:00+00:00,12.085576842730504,9.83707556076051,0.0,0.0,21.922652403491014
2018-04-22 16:00:00+00:00,0.0,0.0,0.0,0.0,0.0
2018-04-22 17:00:00+00:00,0.0,0.0,0.0,0.0,0.0
2018-04-22 18:00:00+00:00,0.0,0.0,0.0,0.0,0.0
2018-04-22 19:00:00+00:00,0.0,0.0,0.0,0.0,0.0
2018-04-22 20:00:00+00:00,0.0,0.0,0.0,0.0,0.0
2018-04-22 21:00:00+00:00,0.0,0.0,0.0,0.0,0.0
2018-04-22 22:00:00+00:00,0.0,0.0,0.0,0.0,0.0
2018-04-22 23:00:00+00:00,0.0,0.0,0.0,0.0,0.0
2018-04-23 00:00:00+00:00,0.0,0.0,0.0,0.0,0.0
2018-04-23 01:00:00+00:00,0.0,0.0,0.0,0.0,0.0
2018-04-23 02:00:00+00:00,0.0,0.0,0.0,0.0,0.0
2018-04-23 03:00:00+00:00,4.896918720845338,3.809159752514444,0.0,0.0,8.706078473359781
2018-04-23 04:00:00+00:00,22.037309611198687,16.66832730765701,0.0,0.0,38.705636918855696
2018-04-23 05:00:00+00:00,58.15090256278452,43.434838876010105,0.0,0.0,101.58574143879463
2018-04-23 06:00:00+00:00,91.46808350878993,68.76576049580319,0.0,0.0,160.23384400459312
2018-04-23 07:00:00+00:00,117.53922289084683,88.92640142909524,0.0,0.0,206.46562431994207
2018-04-23 08:00:00+00:00,135.27782892467155,102.41424142798687,0.0,0.0,237.69207035265842
2018-04-23 09:00:00+00:00,142.47655754512203,108.02884545527095,0.0,0.0,250.505403000393
2018-04-23 10:00:00+00:00,142.21426843858663,107.46255172279336,0.0,0.0,249.67682016138
2018-04-23 11:00:00+00:00,132.42688259882806,99.95633454094893,0.0,0.0,232.383217139777
2018-04-23 12:00:00+00:00,112.3648145914807,84.80707288201141,0.0,0.0,197.17188747349212
2018-04-23 13:00:00+00:00,84.69528040077218,63.893100354627364,0.0,0.0,148.58838075539956
2018-04-23 14:00:00+00:00,50.13174694253587,37.769877956636016,0.0,0.0,87.90162489917188
2018-04-23 15:00:00+00:00,14.096994595099996,10.680867257254565,0.0,0.0,24.77786185235456
2018-04-23 16:00:00+00:00,0.0,0.0,0.0,0.0,0.0
2018-04-23 17:00:00+00:00,0.0,0.0,0.0,0.0,0.0
2018-04-23 18:00:00+00:00,0.0,0.0,0.0,0.0,0.0
2018-04-23 19:00:00+00:00,0.0,0.0,0.0,0.0,0.0
2018-04-23 20:00:00+00:00,0.0,0.0,0.0,0.0,0.0
2018-04-23 21:00:00+00:00,0.0,0.0,0.0,0.0,0.0
2018-04-23 22:00:00+00:00,0.0,0.0,0.0,0.0,0.0
2018-04-23 23:00:00+00:00,0.0,0.0,0.0,0.0,0.0
2018-04-24 00:00:00+00:00,0.0,0.0,0.0,0.0,0.0
2018-04-24 01:00:00+00:00,0.0,0.0,0.0,0.0,0.0
2018-04-24 02:00:00+00:00,0.0,0.0,0.0,0.0,0.0
2018-04-24 03:00:00+00:00,5.493615613512471,4.066229932281837,0.0,0.0,9.559845545794309
2018-04-24 04:00:00+00:00,22.639089557142732,17.436038173216165,0.0,0.0,40.0751277303589
2018-04-24 05:00:00+00:00,56.383404095415216,42.396454035418714,0.0,0.0,98.77985813083393
2018-04-24 06:00:00+00:00,87.88680021861018,66.02795540072695,0.0,0.0,153.91475561933714
2018-04-24 07:00:00+00:00,112.89664934717574,84.98203462248543,0.0,0.0,197.87868396966115
2018-04-24 08:00:00+00:00,129.62041775455248,97.78872205365369,0.0,0.0,227.40913980820616
2018-04-24 09:00:00+00:00,138.00392020102396,104.19797078556047,0.0,0.0,242.20189098658443
2018-04-24 10:00:00+00:00,137.05269796712787,103.07249849983896,0.0,0.0,240.12519646696683
2018-04-24 11:00:00+00:00,127.09668902634006,95.58955708731982,0.0,0.0,222.68624611365988
2018-04-24 12:00:00+00:00,107.37432818594692,80.55034948118285,0.0,0.0,187.92467766712977
2018-04-24 13:00:00+00:00,80.48406934165592,59.763244740416525,0.0,0.0,140.24731408207245
2018-04-24 14:00:00+00:00,46.9218985412476,34.2900649587132,0.0,0.0,81.2119634999608
2018-04-24 15:00:00+00:00,12.49991079235427,8.95635794528804,0.0,0.0,21.45626873764231
2018-04-24 16:00:00+00:00,0.0,0.0,0.0,0.0,0.0
2018-04-24 17:00:00+00:00,0.0,0.0,0.0,0.0,0.0
2018-04-24 18:00:00+00:00,0.0,0.0,0.0,0.0,0.0
2018-04-24 19:00:00+00:00,0.0,0.0,0.0,0.0,0.0
2018-04-24 20:00:00+00:00,0.0,0.0,0.0,0.0,0.0
2018-04-24 21:00:00+00:00,0.0,0.0,0.0,0.0,0.0
2018-04-24 22:00:00+00:00,0.0,0.0,0.0,0.0,0.0
2018-04-24 23:00:00+00:00,0.0,0.0,0.0,0.0,0.0
2018-04-25 00:00:00+00:00,0.0,0.0,0.0,0.0,0.0
2018-04-25 01:00:00+00:00,0.0,0.0,0.0,0.0,0.0
2018-04-25 02:00:00+00:00,0.0,0.0,0.0,0.0,0.0
2018-04-25 03:00:00+00:00,2.5669749676945344,3.060453417198249,0.0,0.0,5.6274283848927835
2018-04-25 04:00:00+00:00,25.767717184571236,19.494166297389672,0.0,0.0,45.26188348196091
2018-04-25 05:00:00+00:00,55.43570831338005,41.7247834007053,0.0,0.0,97.16049171408534
2018-04-25 06:00:00+00:00,85.41881864946669,64.3080964495218,0.0,0.0,149.72691509898848
2018-04-25 07:00:00+00:00,109.73729617817662,65.26925371706771,0.0,0.0,175.00654989524435
2018-04-25 08:00:00+00:00,67.26457497050507,95.38118282540252,0.0,0.0,162.64575779590757
2018-04-25 09:00:00+00:00,129.77852124360516,64.46048105077091,0.0,0.0,194.23900229437606
2018-04-25 10:00:00+00:00,114.33628143821898,31.484058482468416,0.0,0.0,145.8203399206874
2018-04-25 11:00:00+00:00,56.01314370388015,7.68618422453633,0.0,0.0,63.69932792841648
2018-04-25 12:00:00+00:00,70.37935753679078,20.069361009692116,0.0,0.0,90.4487185464829
2018-04-25 13:00:00+00:00,54.791840533499,35.38202344886636,0.0,0.0,90.17386398236536
2018-04-25 14:00:00+00:00,24.987679036416523,24.50530100432467,0.0,0.0,49.492980040741195
2018-04-25 15:00:00+00:00,4.190560892869807,4.876821916519683,0.0,0.0,9.067382809389489
2018-04-25 16:00:00+00:00,0.0,0.0,0.0,0.0,0.0
2018-04-25 17:00:00+00:00,0.0,0.0,0.0,0.0,0.0
2018-04-25 18:00:00+00:00,0.0,0.0,0.0,0.0,0.0
2018-04-25 19:00:00+00:00,0.0,0.0,0.0,0.0,0.0
2018-04-25 20:00:00+00:00,0.0,0.0,0.0,0.0,0.0
2018-04-25 21:00:00+00:00,0.0,0.0,0.0,0.0,0.0
2018-04-25 22:00:00+00:00,0.0,0.0,0.0,0.0,0.0
2018-04-25 23:00:00+00:00,0.0,0.0,0.0,0.0,0.0
2018-04-26 00:00:00+00:00,0.0,0.0,0.0,0.0,0.0
2018-04-26 01:00:00+00:00,0.0,0.0,0.0,0.0,0.0
2018-04-26 02:00:00+00:00,0.0,0.0,0.0,0.0,0.0
2018-04-26 03:00:00+00:00,3.3718949529050866,4.405289661900398,1.4787512785717898,0.0,9.255935893377275
2018-04-26 04:00:00+00:00,26.880676817555134,14.752009536865142,0.5880094834782807,0.0,42.22069583789855
2018-04-26 05:00:00+00:00,56.70926443578189,35.297118635243166,36.34268187607237,0.0,128.34906494709742
2018-04-26 06:00:00+00:00,83.28465745152253,59.20240523715246,52.22461469313179,0.0,194.7116773818068
2018-04-26 07:00:00+00:00,88.79093923743267,78.19208805761473,71.61224814331055,0.0,238.59527543835796
2018-04-26 08:00:00+00:00,72.05630437077852,86.0329166860336,82.22638650204382,0.0,240.31560755885593
2018-04-26 09:00:00+00:00,54.10035493573311,102.36369660045702,88.71724368317408,0.0,245.18129521936422
2018-04-26 10:00:00+00:00,42.28569068024517,57.22955700700934,62.42376537109959,0.0,161.9390130583541
2018-04-26 11:00:00+00:00,63.53353627845328,43.36962881304315,72.1540366511505,0.0,179.05720174264695
2018-04-26 12:00:00+00:00,83.1534302480161,20.703568837667873,49.78528274067136,0.0,153.64228182635532
2018-04-26 13:00:00+00:00,44.781315382456356,8.448457314458068,22.962174677807866,0.0,76.19194737472229
2018-04-26 14:00:00+00:00,32.00117770087161,26.401079592117746,21.270916573816244,0.0,79.6731738668056
2018-04-26 15:00:00+00:00,2.919641866294592,3.466747693313107,1.9460798694727042,0.0,8.332469429080403
2018-04-26 16:00:00+00:00,0.0,0.0,0.0,0.0,0.0
2018-04-26 17:00:00+00:00,0.0,0.0,0.0,0.0,0.0
2018-04-26 18:00:00+00:00,0.0,0.0,0.0,0.0,0.0
2018-04-26 19:00:00+00:00,0.0,0.0,0.0,0.0,0.0
2018-04-26 20:00:00+00:00,0.0,0.0,0.0,0.0,0.0
2018-04-26 21:00:00+00:00,0.0,0.0,0.0,0.0,0.0
2018-04-26 22:00:00+00:00,0.0,0.0,0.0,0.0,0.0
2018-04-26 23:00:00+00:00,0.0,0.0,0.0,0.0,0.0
2018-04-27 00:00:00+00:00,0.0,0.0,0.0,0.0,0.0
2018-04-27 01:00:00+00:00,0.0,0.0,0.0,0.0,0.0
2018-04-27 02:00:00+00:00,0.0,0.0,0.0,0.0,0.0
2018-04-27 03:00:00+00:00,4.417249017236602,3.728710404760581,2.2595974328586084,0.0,10.405556854855792
2018-04-27 04:00:00+00:00,27.836734069843423,22.467094074168205,19.940973092146816,0.0,70.24480123615845
2018-04-27 05:00:00+00:00,55.81618356790287,38.327508111308816,36.08021529617942,0.0,130.22390697539112
2018-04-27 06:00:00+00:00,82.32495287850844,54.23786688301882,49.71313734255285,0.0,186.2759571040801
2018-04-27 07:00:00+00:00,107.08179222257894,69.72547403377555,65.23918042270131,0.0,242.0464466790558
2018-04-27 08:00:00+00:00,123.47291338294181,78.14978922260056,74.70001410641727,0.0,276.32271671195963
2018-04-27 09:00:00+00:00,125.53538558842806,87.88389723376663,78.9340749854225,0.0,292.3533578076172
2018-04-27 10:00:00+00:00,132.83185283142555,76.42486428944099,69.06117972655849,0.0,278.317896847425
2018-04-27 11:00:00+00:00,96.16867456158579,81.90463218856992,56.788640990809654,0.0,234.86194774096538
2018-04-27 12:00:00+00:00,83.56618881444479,45.45456183309696,38.143192825292715,0.0,167.16394347283446
2018-04-27 13:00:00+00:00,4.307694301117106,17.92311306852528,7.618389377377292,0.0,29.849196747019676
2018-04-27 14:00:00+00:00,2.5167690754044876,3.556193120384951,15.8049661700088,0.0,21.87792836579824
2018-04-27 15:00:00+00:00,4.972122676074122,0.40960207504625695,0.2882794562389015,0.0,5.6700042073592805
2018-04-27 16:00:00+00:00,0.0,0.0,0.0,0.0,0.0
2018-04-27 17:00:00+00:00,0.0,0.0,0.0,0.0,0.0
2018-04-27 18:00:00+00:00,0.0,0.0,0.0,0.0,0.0
2018-04-27 19:00:00+00:00,0.0,0.0,0.0,0.0,0.0
2018-04-27 20:00:00+00:00,0.0,0.0,0.0,0.0,0.0
2018-04-27 21:00:00+00:00,0.0,0.0,0.0,0.0,0.0
2018-04-27 22:00:00+00:00,0.0,0.0,0.0,0.0,0.0
2018-04-27 23:00:00+00:00,0.0,0.0,0.0,0.0,0.0
2018-04-28 00:00:00+00:00,0.0,0.0,0.0,0.0,0.0
2018-04-28 01:00:00+00:00,0.0,0.0,0.0,0.0,0.0
2018-04-28 02:00:00+00:00,0.0,0.0,0.0,0.0,0.0
2018-04-28 03:00:00+00:00,6.625858145248513,3.099336750436663,3.910387108047925,0.0,13.6355820037331
2018-04-28 04:00:00+00:00,26.473923002186776,20.075420999782025,16.728740571877474,0.0,63.27808457384628
2018-04-28 05:00:00+00:00,54.994437248370964,40.5403432293933,35.493373041554044,0.0,131.0281535193183
2018-04-28 06:00:00+00:00,83.46721892450383,59.67599394348867,54.14158541117835,0.0,197.28479827917084
2018-04-28 07:00:00+00:00,76.65722908749203,41.34156347188932,69.59821174835264,0.0,187.59700430773398
2018-04-28 08:00:00+00:00,43.20130075041971,77.34327764189007,80.27987111157633,0.0,200.82444950388611
2018-04-28 09:00:00+00:00,91.51701204956018,81.32204378657237,85.12784584399934,0.0,257.9669016801319
2018-04-28 10:00:00+00:00,90.47064203886862,82.96014400996933,84.47926829022968,0.0,257.91005433906764
2018-04-28 11:00:00+00:00,84.8032666977071,89.26283815793879,78.19683209979797,0.0,252.26293695544388
2018-04-28 12:00:00+00:00,99.97828974073906,75.1342506717997,66.21336634336984,0.0,241.3259067559086
2018-04-28 13:00:00+00:00,67.9621690944217,43.50222471899833,49.1262789581411,0.0,160.59067277156112
2018-04-28 14:00:00+00:00,41.94141523712215,20.20658945617817,28.38671485708512,0.0,90.53471955038545
2018-04-28 15:00:00+00:00,11.365159577302375,8.532310401011959,7.9401035059357445,0.0,27.83757348425008
2018-04-28 16:00:00+00:00,0.0,0.0,0.0,0.0,0.0
2018-04-28 17:00:00+00:00,0.0,0.0,0.0,0.0,0.0
2018-04-28 18:00:00+00:00,0.0,0.0,0.0,0.0,0.0
2018-04-28 19:00:00+00:00,0.0,0.0,0.0,0.0,0.0
2018-04-28 20:00:00+00:00,0.0,0.0,0.0,0.0,0.0
2018-04-28 21:00:00+00:00,0.0,0.0,0.0,0.0,0.0
2018-04-28 22:00:00+00:00,0.0,0.0,0.0,0.0,0.0
2018-04-28 23:00:00+00:00,0.0,0.0,0.0,0.0,0.0
2018-04-29 00:00:00+00:00,0.0,0.0,0.0,0.0,0.0
2018-04-29 01:00:00+00:00,0.0,0.0,0.0,0.0,0.0
2018-04-29 02:00:00+00:00,0.0,0.0,0.0,0.0,0.0
2018-04-29 03:00:00+00:00,6.607122460881897,4.8409671952798465,4.2663784029854535,0.0,15.714468059147197
2018-04-29 04:00:00+00:00,23.796215233219044,18.4282796722541,15.66246678935699,0.0,57.886961694830134
2018-04-29 05:00:00+00:00,55.54383489835216,41.78525241781331,35.76449630672105,0.0,133.0935836228865
2018-04-29 06:00:00+00:00,85.80194214525258,64.30390674105463,55.37862151416067,0.0,205.4844704004679
2018-04-29 07:00:00+00:00,110.00263905403528,82.59245693572228,71.41132669133812,0.0,264.00642268109567
2018-04-29 08:00:00+00:00,126.25618231994136,94.90034708094332,82.31389009326233,0.0,303.470419494147
2018-04-29 09:00:00+00:00,135.15252133972658,102.25440259638535,79.61623287723602,0.0,317.02315681334795
2018-04-29 10:00:00+00:00,134.5344533320819,101.86183407992047,78.91806570100378,0.0,315.3143531130062
2018-04-29 11:00:00+00:00,112.63676585909462,87.43937668948975,60.152007466391154,0.0,260.22815001497554
2018-04-29 12:00:00+00:00,83.61901416644508,74.45476602324494,57.54250601521924,0.0,215.61628620490924
2018-04-29 13:00:00+00:00,80.54577860503767,60.701234514945654,41.90553921383537,0.0,183.15255233381868
2018-04-29 14:00:00+00:00,47.9479797050562,36.03665637649567,32.276740109014135,0.0,116.26137619056601
2018-04-29 15:00:00+00:00,14.15082900012058,10.876937949596291,10.045246618687619,0.0,35.07301356840449
2018-04-29 16:00:00+00:00,0.0,0.0,0.0,0.0,0.0
2018-04-29 17:00:00+00:00,0.0,0.0,0.0,0.0,0.0
2018-04-29 18:00:00+00:00,0.0,0.0,0.0,0.0,0.0
2018-04-29 19:00:00+00:00,0.0,0.0,0.0,0.0,0.0
2018-04-29 20:00:00+00:00,0.0,0.0,0.0,0.0,0.0
2018-04-29 21:00:00+00:00,0.0,0.0,0.0,0.0,0.0
2018-04-29 22:00:00+00:00,0.0,0.0,0.0,0.0,0.0
2018-04-29 23:00:00+00:00,0.0,0.0,0.0,0.0,0.0
2018-04-30 00:00:00+00:00,0.0,0.0,0.0,0.0,0.0
2018-04-30 01:00:00+00:00,0.0,0.0,0.0,0.0,0.0
2018-04-30 02:00:00+00:00,0.0,0.0,0.0,0.0,0.0
2018-04-30 03:00:00+00:00,6.742334075875358,5.047085317736807,4.078104294456646,0.0,15.867523688068811
2018-04-30 04:00:00+00:00,23.57920572403212,17.94812352202072,14.677876245081368,0.0,56.20520549113421
2018-04-30 05:00:00+00:00,55.00974663551193,41.22419011106763,35.109372964756,0.0,131.34330971133556
2018-04-30 06:00:00+00:00,84.6938217678976,63.31540089162635,54.48241420960887,0.0,202.49163686913283
2018-04-30 07:00:00+00:00,108.0914994032864,80.9299567895693,69.78797680468418,0.0,258.8094329975399
2018-04-30 08:00:00+00:00,123.99801166727582,92.70737222697608,79.92768464327828,0.0,296.63306853753016
2018-04-30 09:00:00+00:00,131.1734400405413,98.4194908049232,62.46208202134329,0.0,292.0550128668078
2018-04-30 10:00:00+00:00,124.73458744856465,97.01790151569847,76.04028932474912,0.0,297.7927782890123
2018-04-30 11:00:00+00:00,49.585901237057215,58.65606191205935,63.18603559515709,0.0,171.42799874427365
2018-04-30 12:00:00+00:00,69.49644268470121,47.130261522697225,34.00420304351497,0.0,150.6309072509134
2018-04-30 13:00:00+00:00,48.60549109359528,31.01659105044235,29.81679809048716,0.0,109.43888023452479
2018-04-30 14:00:00+00:00,5.4862859910644275,10.050779687289204,2.1198671088777026,0.0,17.656932787231334
2018-04-30 15:00:00+00:00,0.510355475998167,0.5539230043228517,0.8388104805314031,0.0,1.903088960852422
2018-04-30 16:00:00+00:00,0.0,0.0,0.0,0.0,0.0
2018-04-30 17:00:00+00:00,0.0,0.0,0.0,0.0,0.0
2018-04-30 18:00:00+00:00,0.0,0.0,0.0,0.0,0.0
2018-04-30 19:00:00+00:00,0.0,0.0,0.0,0.0,0.0
2018-04-30 20:00:00+00:00,0.0,0.0,0.0,0.0,0.0
2018-04-30 21:00:00+00:00,0.0,0.0,0.0,0.0,0.0
2018-04-30 22:00:00+00:00,0.0,0.0,0.0,0.0,0.0
2018-04-30 23:00:00+00:00,0.0,0.0,0.0,0.0,0.0
2018-05-01 00:00:00+00:00,0.0,0.0,0.0,0.0,0.0
2018-05-01 01:00:00+00:00,0.0,0.0,0.0,0.0,0.0
2018-05-01 02:00:00+00:00,0.0,0.0,0.0,0.0,0.0
2018-05-01 03:00:00+00:00,5.419870202168713,3.251568956466458,3.0502943012667134,0.0,11.721733459901884
2018-05-01 04:00:00+00:00,27.515121044093114,12.135611169944024,17.429874287730907,0.0,57.080606501768045
2018-05-01 05:00:00+00:00,53.863828971203915,40.624324474587944,34.37192570646813,0.0,128.86007915225997
2018-05-01 06:00:00+00:00,79.63165289220504,59.00584207954661,50.929861151321056,0.0,189.56735612307273
2018-05-01 07:00:00+00:00,101.02593189845365,72.18038694616627,64.71484336348732,0.0,237.92116220810723
2018-05-01 08:00:00+00:00,115.3574162908196,86.14258858451241,74.18222715618846,0.0,275.68223203152047
2018-05-01 09:00:00+00:00,112.27027341845624,92.80083195767786,75.38254253067466,0.0,280.4536479068087
2018-05-01 10:00:00+00:00,101.55804606328046,91.50227505629809,78.69405525870788,0.0,271.7543763782864
2018-05-01 11:00:00+00:00,110.65277421942781,74.97650043234677,63.8566303111433,0.0,249.48590496291789
2018-05-01 12:00:00+00:00,89.78041635264573,67.56770228324875,50.34960355214998,0.0,207.69772218804445
2018-05-01 13:00:00+00:00,64.98513273571511,48.66563515745269,41.28559168178496,0.0,154.93635957495275
2018-05-01 14:00:00+00:00,3.915954445784561,23.12688828017489,23.457339232200862,0.0,50.50018195816031
2018-05-01 15:00:00+00:00,0.5122245074465438,1.7053101493269398,0.46639006034654606,0.0,2.68392471712003
2018-05-01 16:00:00+00:00,0.0,0.0,0.0,0.0,0.0
2018-05-01 17:00:00+00:00,0.0,0.0,0.0,0.0,0.0
2018-05-01 18:00:00+00:00,0.0,0.0,0.0,0.0,0.0
2018-05-01 19:00:00+00:00,0.0,0.0,0.0,0.0,0.0
2018-05-01 20:00:00+00:00,0.0,0.0,0.0,0.0,0.0
2018-05-01 21:00:00+00:00,0.0,0.0,0.0,0.0,0.0
2018-05-01 22:00:00+00:00,0.0,0.0,0.0,0.0,0.0
2018-05-01 23:00:00+00:00,0.0,0.0,0.0,0.0,0.0
2018-05-02 00:00:00+00:00,0.0,0.0,0.0,0.0,0.0
2018-05-02 01:00:00+00:00,0.0,0.0,0.0,0.0,0.0
2018-05-02 02:00:00+00:00,0.0,0.0,0.0,0.0,0.0
2018-05-02 03:00:00+00:00,5.204970836679433,3.5979259376773394,2.7722509142622513,0.0,11.575147688619023
2018-05-02 04:00:00+00:00,27.56933344092834,17.137300465081854,17.4310746868538,0.0,62.137708592864
2018-05-02 05:00:00+00:00,53.7464785540768,40.29867717911861,34.5719996650531,0.0,128.6171553982485
2018-05-02 06:00:00+00:00,79.6222876314685,59.41818624816741,51.59082453964819,0.0,190.6312984192841
2018-05-02 07:00:00+00:00,101.32508696282804,75.5803116653132,65.97527125060145,0.0,242.8806698787427
2018-05-02 08:00:00+00:00,116.49472825186243,86.95642063279763,75.93878923400783,0.0,279.3899381186679
2018-05-02 09:00:00+00:00,105.51052709147667,91.75702066026486,64.98403477608457,0.0,262.2515825278261
2018-05-02 10:00:00+00:00,121.14595420079866,59.08357999179273,80.36933009484689,0.0,260.5988642874383
2018-05-02 11:00:00+00:00,81.17713618379788,83.88443165694417,74.26254233403671,0.0,239.32411017477875
2018-05-02 12:00:00+00:00,95.2527361090502,62.251834791430724,63.395663526688594,0.0,220.90023442716952
2018-05-02 13:00:00+00:00,70.09605299317386,52.26427696916377,46.768912051965685,0.0,169.12924201430332
2018-05-02 14:00:00+00:00,39.703779976548844,29.465004919648674,26.64691522186233,0.0,95.81570011805985
2018-05-02 15:00:00+00:00,10.602017770673562,7.614404511017309,7.28816153430418,0.0,25.50458381599505
2018-05-02 16:00:00+00:00,0.0,0.0,0.0,0.0,0.0
2018-05-02 17:00:00+00:00,0.0,0.0,0.0,0.0,0.0
2018-05-02 18:00:00+00:00,0.0,0.0,0.0,0.0,0.0
2018-05-02 19:00:00+00:00,0.0,0.0,0.0,0.0,0.0
2018-05-02 20:00:00+00:00,0.0,0.0,0.0,0.0,0.0
2018-05-02 21:00:00+00:00,0.0,0.0,0.0,0.0,0.0
2018-05-02 22:00:00+00:00,0.0,0.0,0.0,0.0,0.0
2018-05-02 23:00:00+00:00,0.0,0.0,0.0,0.0,0.0
2018-05-03 00:00:00+00:00,0.0,0.0,0.0,0.0,0.0
2018-05-03 01:00:00+00:00,0.0,0.0,0.0,0.0,0.0
2018-05-03 02:00:00+00:00,0.0,0.0,0.0,0.0,0.0
2018-05-03 03:00:00+00:00,7.31806306471813,5.043961465551386,3.990119933129615,0.0,16.35214446339913
2018-05-03 04:00:00+00:00,15.420546686979103,22.73043290994871,6.746110560357722,0.0,44.89709015728553
2018-05-03 05:00:00+00:00,50.26919171308158,42.380809283530965,35.12002610721349,0.0,127.77002710382604
2018-05-03 06:00:00+00:00,80.58572329214272,60.11044160566642,51.64001253233184,0.0,192.33617743014096
2018-05-03 07:00:00+00:00,98.89551194054688,74.10546590607166,65.18937915154187,0.0,238.19035699816038
2018-05-03 08:00:00+00:00,115.03252620957568,80.40509376633999,74.12295772117477,0.0,269.5605776970904
2018-05-03 09:00:00+00:00,114.22314057538051,84.62848778043183,77.49580067017436,0.0,276.3474290259867
2018-05-03 10:00:00+00:00,112.43212664477056,88.05315909324787,76.1381339328005,0.0,276.6234196708189
2018-05-03 11:00:00+00:00,102.17405079073686,69.7378095182033,64.1652581829974,0.0,236.07711849193757
2018-05-03 12:00:00+00:00,77.16221381838261,43.645069545141745,55.13362667120903,0.0,175.9409100347334
2018-05-03 13:00:00+00:00,53.16994929664608,37.114585085757106,36.38679191795212,0.0,126.6713263003553
2018-05-03 14:00:00+00:00,35.88140028927398,26.968343610399092,20.65578549559897,0.0,83.50552939527205
2018-05-03 15:00:00+00:00,8.707003720833264,6.43953598729852,0.37031900121874906,0.0,15.516858709350533
2018-05-03 16:00:00+00:00,0.0,0.0,0.0,0.0,0.0
2018-05-03 17:00:00+00:00,0.0,0.0,0.0,0.0,0.0
2018-05-03 18:00:00+00:00,0.0,0.0,0.0,0.0,0.0
2018-05-03 19:00:00+00:00,0.0,0.0,0.0,0.0,0.0
2018-05-03 20:00:00+00:00,0.0,0.0,0.0,0.0,0.0
2018-05-03 21:00:00+00:00,0.0,0.0,0.0,0.0,0.0
2018-05-03 22:00:00+00:00,0.0,0.0,0.0,0.0,0.0
2018-05-03 23:00:00+00:00,0.0,0.0,0.0,0.0,0.0
2018-05-04 00:00:00+00:00,0.0,0.0,0.0,0.0,0.0
2018-05-04 01:00:00+00:00,0.0,0.0,0.0,0.0,0.0
2018-05-04 02:00:00+00:00,0.0,0.0,0.0,0.0,0.0
2018-05-04 03:00:00+00:00,7.40553061218724,4.947267988299767,3.9666195307001235,0.0,16.31941813118713
2018-05-04 04:00:00+00:00,27.324630876361887,21.645074516327053,17.51426037596023,0.0,66.48396576864917
2018-05-04 05:00:00+00:00,55.51996549054333,30.832191368689667,34.31924995697943,0.0,120.67140681621242
2018-05-04 06:00:00+00:00,70.5092255483226,54.95838799549258,50.87623576677537,0.0,176.34384931059057
2018-05-04 07:00:00+00:00,70.83825400089273,62.27192750129598,64.63398875399683,0.0,197.74417025618555
2018-05-04 08:00:00+00:00,94.51243057065986,49.424718635243934,66.0478944098144,0.0,209.98504361571818
2018-05-04 09:00:00+00:00,98.42806999042357,68.79465821632878,79.09167923518935,0.0,246.31440744194168
2018-05-04 10:00:00+00:00,103.76426545345105,72.16739361635176,73.83972375222882,0.0,249.77138282203163
2018-05-04 11:00:00+00:00,57.368171247595825,47.9219257772761,50.639462650537624,0.0,155.92955967540956
2018-05-04 12:00:00+00:00,26.575364950408943,36.16957373629156,46.38479074211015,0.0,109.12972942881066
2018-05-04 13:00:00+00:00,24.24686639011064,33.13929806200236,9.864203173825535,0.0,67.25036762593854
2018-05-04 14:00:00+00:00,3.154070636560089,11.171609841992872,22.255466752446896,0.0,36.58114723099986
2018-05-04 15:00:00+00:00,0.5074373184065973,0.321396252761649,0.27855163160326096,0.0,1.1073852027715074
2018-05-04 16:00:00+00:00,0.0,0.0,0.0,0.0,0.0
2018-05-04 17:00:00+00:00,0.0,0.0,0.0,0.0,0.0
2018-05-04 18:00:00+00:00,0.0,0.0,0.0,0.0,0.0
2018-05-04 19:00:00+00:00,0.0,0.0,0.0,0.0,0.0
2018-05-04 20:00:00+00:00,0.0,0.0,0.0,0.0,0.0
2018-05-04 21:00:00+00:00,0.0,0.0,0.0,0.0,0.0
2018-05-04 22:00:00+00:00,0.0,0.0,0.0,0.0,0.0
2018-05-04 23:00:00+00:00,0.0,0.0,0.0,0.0,0.0
2018-05-05 00:00:00+00:00,0.0,0.0,0.0,0.0,0.0
2018-05-05 01:00:00+00:00,0.0,0.0,0.0,0.0,0.0
2018-05-05 02:00:00+00:00,0.0,0.0,0.0,0.0,0.0
2018-05-05 03:00:00+00:00,6.519464081922665,4.060958415850991,3.3094637236497326,0.0,13.88988622142339
2018-05-05 04:00:00+00:00,16.475395522947327,17.739600971124396,15.847603893791744,0.0,50.06260038786347
2018-05-05 05:00:00+00:00,53.67292197576081,36.542596460432655,34.61790887023543,0.0,124.83342730642889
2018-05-05 06:00:00+00:00,77.96339181255378,58.1955694457004,50.56580555979173,0.0,186.7247668180459
2018-05-05 07:00:00+00:00,96.50911413747295,73.21730043145273,63.68684068002629,0.0,233.413255248952
2018-05-05 08:00:00+00:00,106.15461025784708,70.93647212693378,72.58343961217037,0.0,249.67452199695123
2018-05-05 09:00:00+00:00,110.45686484543464,83.11335485477122,75.45358959111205,0.0,269.0238092913179
2018-05-05 10:00:00+00:00,113.3978511715456,84.130360285565,73.57598397716123,0.0,271.10419543427184
2018-05-05 11:00:00+00:00,102.05002152814227,73.79261020990577,66.59476571883133,0.0,242.43739745687938
2018-05-05 12:00:00+00:00,79.24999722125465,53.02475982473692,55.31540694889584,0.0,187.5901639948874
2018-05-05 13:00:00+00:00,60.427142105424494,45.160988659151855,40.761364330963154,0.0,146.3494950955395
2018-05-05 14:00:00+00:00,34.64664778331583,18.98231656086147,23.821420839402304,0.0,77.4503851835796
2018-05-05 15:00:00+00:00,9.490793338628132,5.660429988161654,0.4680672714906221,0.0,15.619290598280408
2018-05-05 16:00:00+00:00,0.0,0.0,0.0,0.0,0.0
2018-05-05 17:00:00+00:00,0.0,0.0,0.0,0.0,0.0
2018-05-05 18:00:00+00:00,0.0,0.0,0.0,0.0,0.0
2018-05-05 19:00:00+00:00,0.0,0.0,0.0,0.0,0.0
2018-05-05 20:00:00+00:00,0.0,0.0,0.0,0.0,0.0
2018-05-05 21:00:00+00:00,0.0,0.0,0.0,0.0,0.0
2018-05-05 22:00:00+00:00,0.0,0.0,0.0,0.0,0.0
2018-05-05 23:00:00+00:00,0.0,0.0,0.0,0.0,0.0
2018-05-06 00:00:00+00:00,0.0,0.0,0.0,0.0,0.0
2018-05-06 01:00:00+00:00,0.0,0.0,0.0,0.0,0.0
2018-05-06 02:00:00+00:00,0.0,0.0,0.0,0.0,0.0
2018-05-06 03:00:00+00:00,6.153119964586691,3.088855880997515,3.151439268667976,0.0,12.393415114252182
2018-05-06 04:00:00+00:00,6.435660029643694,3.8950901083720852,8.087611221191988,0.0,18.41836135920777
2018-05-06 05:00:00+00:00,17.501332885237154,15.299662612058572,5.785244357244424,0.0,38.58623985454015
2018-05-06 06:00:00+00:00,76.91377020024433,46.82756791292986,51.188822061421426,0.0,174.9301601745956
2018-05-06 07:00:00+00:00,96.61069518891053,70.54414472589421,64.78019877889336,0.0,231.93503869369812
2018-05-06 08:00:00+00:00,106.42633041065599,70.88613449706324,72.67679086885536,0.0,249.9892557765746
2018-05-06 09:00:00+00:00,72.98420983589739,63.8577354589863,49.36184276688651,0.0,186.20378806177018
2018-05-06 10:00:00+00:00,64.76100198624624,58.68554618074535,56.2047016822965,0.0,179.6512498492881
2018-05-06 11:00:00+00:00,84.85667410319583,35.815260976900554,16.37094449102765,0.0,137.04287957112402
2018-05-06 12:00:00+00:00,35.07646789053636,30.61004222026355,36.573437242577455,0.0,102.25994735337736
2018-05-06 13:00:00+00:00,33.934457380177435,18.413006676559704,10.449068419219602,0.0,62.79653247595674
2018-05-06 14:00:00+00:00,10.535454789235965,8.283119822768478,14.487889337269559,0.0,33.306463949274004
2018-05-06 15:00:00+00:00,1.2787506597793428,0.5084267186808756,0.28101154128123906,0.0,2.0681889197414574
2018-05-06 16:00:00+00:00,0.0,0.0,0.0,0.0,0.0
2018-05-06 17:00:00+00:00,0.0,0.0,0.0,0.0,0.0
2018-05-06 18:00:00+00:00,0.0,0.0,0.0,0.0,0.0
2018-05-06 19:00:00+00:00,0.0,0.0,0.0,0.0,0.0
2018-05-06 20:00:00+00:00,0.0,0.0,0.0,0.0,0.0
2018-05-06 21:00:00+00:00,0.0,0.0,0.0,0.0,0.0
2018-05-06 22:00:00+00:00,0.0,0.0,0.0,0.0,0.0
2018-05-06 23:00:00+00:00,0.0,0.0,0.0,0.0,0.0
2018-05-07 00:00:00+00:00,0.0,0.0,0.0,0.0,0.0
2018-05-07 01:00:00+00:00,0.0,0.0,0.0,0.0,0.0
2018-05-07 02:00:00+00:00,0.0,0.0,0.0,0.0,0.0
2018-05-07 03:00:00+00:00,5.6376207730533086,3.9241875270253184,3.2250581852028604,0.0,12.786866485281488
2018-05-07 04:00:00+00:00,19.653003024683592,14.884573845480567,11.375102950603843,0.0,45.912679820768005
2018-05-07 05:00:00+00:00,33.95721854627787,24.78402114622502,21.344028791154063,0.0,80.08526848365695
2018-05-07 06:00:00+00:00,34.311275718001724,28.584373457769274,25.859726418396026,0.0,88.75537559416702
2018-05-07 07:00:00+00:00,29.933130642615183,32.92938063430866,24.228733338361096,0.0,87.09124461528494
2018-05-07 08:00:00+00:00,25.369975371021212,32.690508749571755,21.386208077632507,0.0,79.44669219822548
2018-05-07 09:00:00+00:00,24.204627145075737,34.59451545050142,20.506295926295362,0.0,79.30543852187252
2018-05-07 10:00:00+00:00,27.356743653989973,42.43731810036007,24.014071669525134,0.0,93.80813342387519
2018-05-07 11:00:00+00:00,39.27851328369138,52.54212671292002,33.97532120431254,0.0,125.79596120092395
2018-05-07 12:00:00+00:00,66.8837245137434,63.69166909648932,49.93759354716193,0.0,180.51298715739463
2018-05-07 13:00:00+00:00,63.756167597805515,54.676666147627614,48.53330754245743,0.0,166.96614128789057
2018-05-07 14:00:00+00:00,42.64163459128873,32.23171519156951,28.93728159996753,0.0,103.81063138282578
2018-05-07 15:00:00+00:00,12.881192317764192,9.796761607988303,9.066655161850324,0.0,31.74460908760282
2018-05-07 16:00:00+00:00,0.0,0.0,0.0,0.0,0.0
2018-05-07 17:00:00+00:00,0.0,0.0,0.0,0.0,0.0
2018-05-07 18:00:00+00:00,0.0,0.0,0.0,0.0,0.0
2018-05-07 19:00:00+00:00,0.0,0.0,0.0,0.0,0.0
2018-05-07 20:00:00+00:00,0.0,0.0,0.0,0.0,0.0
2018-05-07 21:00:00+00:00,0.0,0.0,0.0,0.0,0.0
2018-05-07 22:00:00+00:00,0.0,0.0,0.0,0.0,0.0
2018-05-07 23:00:00+00:00,0.0,0.0,0.0,0.0,0.0
2018-05-08 00:00:00+00:00,0.0,0.0,0.0,0.0,0.0
2018-05-08 01:00:00+00:00,0.0,0.0,0.0,0.0,0.0
2018-05-08 02:00:00+00:00,0.0,0.0,0.0,0.0,0.0
2018-05-08 03:00:00+00:00,7.405907019674627,5.677847473193036,4.880209488746923,0.0,17.963963981614583
2018-05-08 04:00:00+00:00,24.531996337631533,18.706114906653056,15.763981672076918,0.0,59.002092916361505
2018-05-08 05:00:00+00:00,56.541648663323855,42.44366575125312,36.22559560935751,0.0,135.2109100239345
2018-05-08 06:00:00+00:00,86.41351074790616,64.74736346748453,55.58448228143636,0.0,206.74535649682704
2018-05-08 07:00:00+00:00,110.20296060298489,82.6822968031583,71.22682687702725,0.0,264.1120842831704
2018-05-08 08:00:00+00:00,126.07946037093564,94.72785541007042,81.65796514225843,0.0,302.46528092326446
2018-05-08 09:00:00+00:00,133.70013914685234,79.77265486221522,80.5862232613707,0.0,294.0590172704383
2018-05-08 10:00:00+00:00,132.43752125848118,99.4759733415139,77.9632252268048,0.0,309.8767198267999
2018-05-08 11:00:00+00:00,98.32426875445631,76.0214239753301,67.7340288504217,0.0,242.07972158020812
2018-05-08 12:00:00+00:00,83.17635513903434,77.15052579064229,51.443113380139685,0.0,211.76999430981633
2018-05-08 13:00:00+00:00,76.62971558329298,57.339934196780426,41.02888717538966,0.0,174.99853695546307
2018-05-08 14:00:00+00:00,37.82020339278844,33.655037196060604,12.380387440108343,0.0,83.8556280289574
2018-05-08 15:00:00+00:00,13.686733920458334,10.339150058061552,0.47403068889178096,0.0,24.499914667411666
2018-05-08 16:00:00+00:00,0.0,0.0,0.0,0.0,0.0
2018-05-08 17:00:00+00:00,0.0,0.0,0.0,0.0,0.0
2018-05-08 18:00:00+00:00,0.0,0.0,0.0,0.0,0.0
2018-05-08 19:00:00+00:00,0.0,0.0,0.0,0.0,0.0
2018-05-08 20:00:00+00:00,0.0,0.0,0.0,0.0,0.0
2018-05-08 21:00:00+00:00,0.0,0.0,0.0,0.0,0.0
2018-05-08 22:00:00+00:00,0.0,0.0,0.0,0.0,0.0
2018-05-08 23:00:00+00:00,0.0,0.0,0.0,0.0,0.0
2018-05-09 00:00:00+00:00,0.0,0.0,0.0,0.0,0.0
2018-05-09 01:00:00+00:00,0.0,0.0,0.0,0.0,0.0
2018-05-09 02:00:00+00:00,0.0,0.0,0.0,0.0,0.0
2018-05-09 03:00:00+00:00,7.326776977497206,2.9389101678144183,4.615768522527701,0.0,14.881455667839326
2018-05-09 04:00:00+00:00,23.949987979304876,18.15802734115349,15.009561605548612,0.0,57.117576926006976
2018-05-09 05:00:00+00:00,56.642781437999716,42.33123053673594,36.364395321261334,0.0,135.33840729599697
2018-05-09 06:00:00+00:00,87.47882795003856,65.85424031236096,56.84908215388944,0.0,210.18215041628898
2018-05-09 07:00:00+00:00,112.36883619996007,84.70188209718205,73.23179628429206,0.0,270.3025145814342
2018-05-09 08:00:00+00:00,129.20415279473352,97.45182693016741,84.58482319256318,0.0,311.2408029174641
2018-05-09 09:00:00+00:00,135.88360541285763,102.11788822257417,88.64464176403823,0.0,326.64613539947004
2018-05-09 10:00:00+00:00,134.67155007457123,101.45163821183733,88.17361690570544,0.0,324.296805192114
2018-05-09 11:00:00+00:00,125.14721658768183,94.03714222977395,82.15074328811727,0.0,301.335102105573
2018-05-09 12:00:00+00:00,105.82239689019264,79.45921202428251,69.77930231883683,0.0,255.06091123331197
2018-05-09 13:00:00+00:00,79.73081131636263,59.229609070719285,52.393611997480065,0.0,191.35403238456198
2018-05-09 14:00:00+00:00,47.48459205441071,30.936245207517633,30.864609453479275,0.0,109.28544671540762
2018-05-09 15:00:00+00:00,14.969939402588027,10.807778472529401,2.3596157147624757,0.0,28.137333589879905
2018-05-09 16:00:00+00:00,0.0,0.0,0.0,0.0,0.0
2018-05-09 17:00:00+00:00,0.0,0.0,0.0,0.0,0.0
2018-05-09 18:00:00+00:00,0.0,0.0,0.0,0.0,0.0
2018-05-09 19:00:00+00:00,0.0,0.0,0.0,0.0,0.0
2018-05-09 20:00:00+00:00,0.0,0.0,0.0,0.0,0.0
2018-05-09 21:00:00+00:00,0.0,0.0,0.0,0.0,0.0
2018-05-09 22:00:00+00:00,0.0,0.0,0.0,0.0,0.0
2018-05-09 23:00:00+00:00,0.0,0.0,0.0,0.0,0.0
2018-05-10 00:00:00+00:00,0.0,0.0,0.0,0.0,0.0
2018-05-10 01:00:00+00:00,0.0,0.0,0.0,0.0,0.0
2018-05-10 02:00:00+00:00,0.0,0.0,0.0,0.0,0.0
2018-05-10 03:00:00+00:00,3.889387628182925,1.5241195857249492,2.1815884789796978,0.0,7.595095692887572
2018-05-10 04:00:00+00:00,28.432843951490227,15.566163693392824,4.675183209874188,0.0,48.67419085475724
2018-05-10 05:00:00+00:00,26.876415383730027,31.19981776319491,14.955502829199679,0.0,73.03173597612461
2018-05-10 06:00:00+00:00,76.34027607947196,54.63228197886434,26.971107123398287,0.0,157.9436651817346
2018-05-10 07:00:00+00:00,96.11544820088716,64.80813444202863,54.2026873518098,0.0,215.1262699947256
2018-05-10 08:00:00+00:00,103.17997913233611,46.75044460124266,72.67761069227103,0.0,222.6080344258498
2018-05-10 09:00:00+00:00,101.6872053583511,74.90336986022913,69.34475479201309,0.0,245.9353300105933
2018-05-10 10:00:00+00:00,85.88728273746939,75.75681112301966,76.68036366985076,0.0,238.32445753033983
2018-05-10 11:00:00+00:00,101.57515497660039,79.61577472263025,69.99610979936931,0.0,251.18703949859997
2018-05-10 12:00:00+00:00,88.65308111916656,63.24186163709933,54.03989573834159,0.0,205.93483849460748
2018-05-10 13:00:00+00:00,54.28871760163245,29.819881178057972,14.48403580333396,0.0,98.59263458302439
2018-05-10 14:00:00+00:00,12.309767870279407,11.245276504578898,19.32003449481839,0.0,42.8750788696767
2018-05-10 15:00:00+00:00,0.5576278922756153,0.39388832982773725,0.37002083034869115,0.0,1.3215370524520438
2018-05-10 16:00:00+00:00,0.0,0.0,0.0,0.0,0.0
2018-05-10 17:00:00+00:00,0.0,0.0,0.0,0.0,0.0
2018-05-10 18:00:00+00:00,0.0,0.0,0.0,0.0,0.0
2018-05-10 19:00:00+00:00,0.0,0.0,0.0,0.0,0.0
2018-05-10 20:00:00+00:00,0.0,0.0,0.0,0.0,0.0
2018-05-10 21:00:00+00:00,0.0,0.0,0.0,0.0,0.0
2018-05-10 22:00:00+00:00,0.0,0.0,0.0,0.0,0.0
2018-05-10 23:00:00+00:00,0.0,0.0,0.0,0.0,0.0
2018-05-11 00:00:00+00:00,0.0,0.0,0.0,0.0,0.0
2018-05-11 01:00:00+00:00,0.0,0.0,0.0,0.0,0.0
2018-05-11 02:00:00+00:00,0.0,0.0,0.0,0.0,0.0
2018-05-11 03:00:00+00:00,8.364244764058135,1.3586871303782206,4.556813829587909,0.0,14.279745724024263
2018-05-11 04:00:00+00:00,29.510120852685695,21.77548933445659,18.572197722438652,0.0,69.85780790958094
2018-05-11 05:00:00+00:00,55.30043791955818,44.44934025522031,35.527580010221065,0.0,135.27735818499954
2018-05-11 06:00:00+00:00,81.78158054377558,61.453524202103274,52.60809147058097,0.0,195.84319621645983
2018-05-11 07:00:00+00:00,104.05953677467015,78.21178568722819,67.1169408352434,0.0,249.38826329714175
2018-05-11 08:00:00+00:00,119.66172422591868,89.91302436680185,77.3464593052448,0.0,286.92120789796536
2018-05-11 09:00:00+00:00,125.73641914236094,94.82736289634664,81.39684399172613,0.0,301.96062603043373
2018-05-11 10:00:00+00:00,125.54746092613823,94.67155753927099,81.44251980423037,0.0,301.6615382696396
2018-05-11 11:00:00+00:00,116.79054600999604,87.98483466909886,75.76518818656463,0.0,280.5405688656595
2018-05-11 12:00:00+00:00,97.70435450895998,74.08419399179304,64.44674114100401,0.0,236.23528964175705
2018-05-11 13:00:00+00:00,73.69437560244214,55.7552383275337,48.993947141937326,0.0,178.44356107191317
2018-05-11 14:00:00+00:00,43.849679686448006,32.96770099993839,29.283870482046616,0.0,106.10125116843301
2018-05-11 15:00:00+00:00,13.94855598062697,10.530177399472274,9.528667711461186,0.0,34.007401091560425
2018-05-11 16:00:00+00:00,0.0,0.0,0.0,0.0,0.0
2018-05-11 17:00:00+00:00,0.0,0.0,0.0,0.0,0.0
2018-05-11 18:00:00+00:00,0.0,0.0,0.0,0.0,0.0
2018-05-11 19:00:00+00:00,0.0,0.0,0.0,0.0,0.0
2018-05-11 20:00:00+00:00,0.0,0.0,0.0,0.0,0.0
2018-05-11 21:00:00+00:00,0.0,0.0,0.0,0.0,0.0
2018-05-11 22:00:00+00:00,0.0,0.0,0.0,0.0,0.0
2018-05-11 23:00:00+00:00,0.0,0.0,0.0,0.0,0.0
2018-05-12 00:00:00+00:00,0.0,0.0,0.0,0.0,0.0
2018-05-12 01:00:00+00:00,0.0,0.0,0.0,0.0,0.0
2018-05-12 02:00:00+00:00,0.0,0.0,0.0,0.0,0.0
2018-05-12 03:00:00+00:00,7.451815075802466,5.87053768088697,2.9127971663911985,0.0,16.235149923080634
2018-05-12 04:00:00+00:00,24.364663271593614,18.65891554895241,20.393056268686244,0.0,63.416635089232265
2018-05-12 05:00:00+00:00,57.347186352728734,41.17027470377295,36.96316963989947,0.0,135.48063069640114
2018-05-12 06:00:00+00:00,88.26353576355456,66.46044658715435,57.34539863157728,0.0,212.0693809822862
2018-05-12 07:00:00+00:00,112.73298917284882,84.81443963208233,73.64553691922535,0.0,271.19296572415647
2018-05-12 08:00:00+00:00,129.06818534106458,97.43438765773709,84.61461790879991,0.0,311.1171909076016
2018-05-12 09:00:00+00:00,137.1302683413146,103.28065218005352,89.87640262228264,0.0,330.2873231436508
2018-05-12 10:00:00+00:00,136.1855248785076,102.69995129397357,89.34564092375585,0.0,328.231117096237
2018-05-12 11:00:00+00:00,126.3910770447005,95.30039710986736,83.19065006865235,0.0,304.8821242232202
2018-05-12 12:00:00+00:00,108.05502135713684,58.99626087852428,71.03638988716038,0.0,238.08767212282152
2018-05-12 13:00:00+00:00,81.53693828140659,42.8952291368904,53.795829606750665,0.0,178.22799702504764
2018-05-12 14:00:00+00:00,22.514347965205086,36.99603911654073,32.59689333763034,0.0,92.10728041937617
2018-05-12 15:00:00+00:00,0.8101753831979635,12.226636879943474,10.946207479588237,0.0,23.983019742729674
2018-05-12 16:00:00+00:00,0.0,0.0,0.0,0.0,0.0
2018-05-12 17:00:00+00:00,0.0,0.0,0.0,0.0,0.0
2018-05-12 18:00:00+00:00,0.0,0.0,0.0,0.0,0.0
2018-05-12 19:00:00+00:00,0.0,0.0,0.0,0.0,0.0
2018-05-12 20:00:00+00:00,0.0,0.0,0.0,0.0,0.0
2018-05-12 21:00:00+00:00,0.0,0.0,0.0,0.0,0.0
2018-05-12 22:00:00+00:00,0.0,0.0,0.0,0.0,0.0
2018-05-12 23:00:00+00:00,0.0,0.0,0.0,0.0,0.0
2018-05-13 00:00:00+00:00,0.0,0.0,0.0,0.0,0.0
2018-05-13 01:00:00+00:00,0.0,0.0,0.0,0.0,0.0
2018-05-13 02:00:00+00:00,0.0,0.0,0.0,0.0,0.0
2018-05-13 03:00:00+00:00,4.489548870139862,6.217155026214426,5.191547066374611,0.0,15.898250962728898
2018-05-13 04:00:00+00:00,24.63948876190815,22.190893414883867,15.59277347167837,0.0,62.423155648470384
2018-05-13 05:00:00+00:00,56.66295351362774,42.58977640825467,36.401115031112,0.0,135.6538449529944
2018-05-13 06:00:00+00:00,86.95204815755372,53.00532881154578,56.46259936388167,0.0,196.41997633298118
2018-05-13 07:00:00+00:00,104.31958879882706,62.387885973898314,70.69889987571388,0.0,237.40637464843923
2018-05-13 08:00:00+00:00,114.91400976212995,76.84125875777286,80.75709148249958,0.0,272.5123600024024
2018-05-13 09:00:00+00:00,121.12335971622664,84.6096251250423,75.26929904655806,0.0,281.002283887827
2018-05-13 10:00:00+00:00,112.06897465657619,88.8273464315777,78.51795545772914,0.0,279.414276545883
2018-05-13 11:00:00+00:00,103.02129171308869,77.61912073894314,65.49236111035557,0.0,246.1327735623874
2018-05-13 12:00:00+00:00,101.5394536788786,76.42273406921667,67.27110789514455,0.0,245.23329564323984
2018-05-13 13:00:00+00:00,75.6489237323327,57.104476408333255,50.44287025743676,0.0,183.19627039810274
2018-05-13 14:00:00+00:00,44.97947403932518,34.03739107327942,30.423440079923594,0.0,109.4403051925282
2018-05-13 15:00:00+00:00,14.628442938862317,11.217558485849725,10.121057693792576,0.0,35.96705911850462
2018-05-13 16:00:00+00:00,0.0,0.0,0.0,0.0,0.0
2018-05-13 17:00:00+00:00,0.0,0.0,0.0,0.0,0.0
2018-05-13 18:00:00+00:00,0.0,0.0,0.0,0.0,0.0
2018-05-13 19:00:00+00:00,0.0,0.0,0.0,0.0,0.0
2018-05-13 20:00:00+00:00,0.0,0.0,0.0,0.0,0.0
2018-05-13 21:00:00+00:00,0.0,0.0,0.0,0.0,0.0
2018-05-13 22:00:00+00:00,0.0,0.0,0.0,0.0,0.0
2018-05-13 23:00:00+00:00,0.0,0.0,0.0,0.0,0.0
2018-05-14 00:00:00+00:00,0.0,0.0,0.0,0.0,0.0
2018-05-14 01:00:00+00:00,0.0,0.0,0.0,0.0,0.0
2018-05-14 02:00:00+00:00,0.0,0.0,0.0,0.0,0.0
2018-05-14 03:00:00+00:00,8.185174292278901,6.249268646611786,5.2799706303097365,0.0,19.714413569200424
2018-05-14 04:00:00+00:00,24.659380811822246,18.729414608244948,15.520100769878479,0.0,58.90889618994568
2018-05-14 05:00:00+00:00,56.94754427797736,42.92142897813304,36.522859050037404,0.0,136.3918323061478
2018-05-14 06:00:00+00:00,87.77046738561404,66.23074040165419,56.667296820918004,0.0,210.66850460818625
2018-05-14 07:00:00+00:00,112.25878606402918,84.89725981097735,72.94798065325462,0.0,270.10402652826116
2018-05-14 08:00:00+00:00,128.95926119583137,97.59385495211123,84.24734836806768,0.0,310.80046451601027
2018-05-14 09:00:00+00:00,136.46614588892845,103.2746719576673,89.32140841482472,0.0,329.06222626142045
2018-05-14 10:00:00+00:00,135.89180569963568,102.69958524579013,88.97723286765348,0.0,327.5686238130793
2018-05-14 11:00:00+00:00,126.39719018226454,95.52487614993845,83.07394976364097,0.0,304.99601609584397
2018-05-14 12:00:00+00:00,108.72522626935256,82.28879905965334,71.52823615482295,0.0,262.54226148382884
2018-05-14 13:00:00+00:00,82.93587896333466,62.71586967871102,54.672161957531436,0.0,200.32391059957712
2018-05-14 14:00:00+00:00,50.93884109894313,38.48958808365719,33.7071690115266,0.0,123.13559819412693
2018-05-14 15:00:00+00:00,17.117945854670104,13.00102464059361,11.548764023546847,0.0,41.66773451881056
2018-05-14 16:00:00+00:00,0.0,0.0,0.0,0.0,0.0
2018-05-14 17:00:00+00:00,0.0,0.0,0.0,0.0,0.0
2018-05-14 18:00:00+00:00,0.0,0.0,0.0,0.0,0.0
2018-05-14 19:00:00+00:00,0.0,0.0,0.0,0.0,0.0
2018-05-14 20:00:00+00:00,0.0,0.0,0.0,0.0,0.0
2018-05-14 21:00:00+00:00,0.0,0.0,0.0,0.0,0.0
2018-05-14 22:00:00+00:00,0.0,0.0,0.0,0.0,0.0
2018-05-14 23:00:00+00:00,0.0,0.0,0.0,0.0,0.0
2018-05-15 00:00:00+00:00,0.0,0.0,0.0,0.0,0.0
2018-05-15 01:00:00+00:00,0.0,0.0,0.0,0.0,0.0
2018-05-15 02:00:00+00:00,0.0,0.0,0.0,0.0,0.0
2018-05-15 03:00:00+00:00,6.903224864295943,5.626833041020134,4.653098456172076,0.0,17.18315636148815
2018-05-15 04:00:00+00:00,23.84997653960945,18.28242302934415,15.211586192032055,0.0,57.34398576098566
2018-05-15 05:00:00+00:00,57.15177904958465,43.146833642001795,36.74865218094764,0.0,137.04726487253407
2018-05-15 06:00:00+00:00,87.90285722025081,66.39336293230707,56.97244327791018,0.0,211.26866343046805
2018-05-15 07:00:00+00:00,112.25023149725672,84.9515732251237,73.08519554031535,0.0,270.28700026269576
2018-05-15 08:00:00+00:00,128.54167321632173,97.3298826255973,83.96428853269413,0.0,309.83584437461315
2018-05-15 09:00:00+00:00,136.1362066111609,103.17544178768965,89.17566965289772,0.0,328.4873180517483
2018-05-15 10:00:00+00:00,135.01010306002433,102.18196063577835,88.71815239861384,0.0,325.9102160944165
2018-05-15 11:00:00+00:00,125.64749463258123,95.00534817226531,82.76415225886491,0.0,303.41699506371145
2018-05-15 12:00:00+00:00,107.91865920884877,81.61054543924205,71.18431729049246,0.0,260.71352193858326
2018-05-15 13:00:00+00:00,82.24876160908701,62.11921011782172,54.3587086751154,0.0,198.72668040202413
2018-05-15 14:00:00+00:00,50.30883019574074,38.05647655327468,33.55008419555727,0.0,121.91539094457269
2018-05-15 15:00:00+00:00,17.095308225266884,12.944436245601214,11.63617656270964,0.0,41.67592103357774
2018-05-15 16:00:00+00:00,0.0,0.0,0.0,0.0,0.0
2018-05-15 17:00:00+00:00,0.0,0.0,0.0,0.0,0.0
2018-05-15 18:00:00+00:00,0.0,0.0,0.0,0.0,0.0
2018-05-15 19:00:00+00:00,0.0,0.0,0.0,0.0,0.0
2018-05-15 20:00:00+00:00,0.0,0.0,0.0,0.0,0.0
2018-05-15 21:00:00+00:00,0.0,0.0,0.0,0.0,0.0
2018-05-15 22:00:00+00:00,0.0,0.0,0.0,0.0,0.0
2018-05-15 23:00:00+00:00,0.0,0.0,0.0,0.0,0.0
2018-05-16 00:00:00+00:00,0.0,0.0,0.0,0.0,0.0
2018-05-16 01:00:00+00:00,0.0,0.0,0.0,0.0,0.0
2018-05-16 02:00:00+00:00,0.0,0.0,0.0,0.0,0.0
2018-05-16 03:00:00+00:00,7.379679493438529,5.793901646303267,4.798348974981248,0.0,17.971930114723044
2018-05-16 04:00:00+00:00,23.722617921800364,18.144621377133063,15.165370233007046,0.0,57.03260953194047
2018-05-16 05:00:00+00:00,56.13699302587704,42.2511045434959,39.737278203671856,0.0,138.1253757730448
2018-05-16 06:00:00+00:00,80.17810298587588,64.68493543879094,55.75150815950161,0.0,200.61454658416844
2018-05-16 07:00:00+00:00,91.35152477067737,76.88905907839953,69.16445823097104,0.0,237.40504208004793
2018-05-16 08:00:00+00:00,110.19735959847014,89.00774076223094,79.03803926501767,0.0,278.24313962571875
2018-05-16 09:00:00+00:00,116.91641035976151,78.92076144294145,68.90869539361205,0.0,264.74586719631503
2018-05-16 10:00:00+00:00,108.83916116792773,79.6184786794522,67.70726642301392,0.0,256.1649062703939
2018-05-16 11:00:00+00:00,82.28048892109487,84.5521394028307,47.70864267471338,0.0,214.54127099863896
2018-05-16 12:00:00+00:00,68.06486889736425,66.16164971697579,47.55413052069553,0.0,181.78064913503556
2018-05-16 13:00:00+00:00,42.33753268572893,52.04985805510201,42.47261821551291,0.0,136.86000895634385
2018-05-16 14:00:00+00:00,42.454430384306036,22.993435317748386,24.04514288997044,0.0,89.49300859202486
2018-05-16 15:00:00+00:00,1.692211951033825,12.50081608330343,1.0196653360972505,0.0,15.212693370434506
2018-05-16 16:00:00+00:00,0.0,0.0,0.0,0.0,0.0
2018-05-16 17:00:00+00:00,0.0,0.0,0.0,0.0,0.0
2018-05-16 18:00:00+00:00,0.0,0.0,0.0,0.0,0.0
2018-05-16 19:00:00+00:00,0.0,0.0,0.0,0.0,0.0
2018-05-16 20:00:00+00:00,0.0,0.0,0.0,0.0,0.0
2018-05-16 21:00:00+00:00,0.0,0.0,0.0,0.0,0.0
2018-05-16 22:00:00+00:00,0.0,0.0,0.0,0.0,0.0
2018-05-16 23:00:00+00:00,0.0,0.0,0.0,0.0,0.0
2018-05-17 00:00:00+00:00,0.0,0.0,0.0,0.0,0.0
2018-05-17 01:00:00+00:00,0.0,0.0,0.0,0.0,0.0
2018-05-17 02:00:00+00:00,0.0,0.0,0.0,0.0,0.0
2018-05-17 03:00:00+00:00,7.455577082989706,5.7321018163661455,4.746482730340649,0.0,17.9341616296965
2018-05-17 04:00:00+00:00,23.710310172002348,17.982892784933156,14.971410454411387,0.0,56.66461341134689
2018-05-17 05:00:00+00:00,55.30887388684246,41.60990824107496,35.45795903636283,0.0,132.37674116428025
2018-05-17 06:00:00+00:00,84.39959984709978,63.589329925490176,54.32810249730513,0.0,202.3170322698951
2018-05-17 07:00:00+00:00,107.64197070935413,81.12424091621462,69.64092754377265,0.0,258.4071391693414
2018-05-17 08:00:00+00:00,123.17921333940222,92.8638223283908,80.004274869521,0.0,296.04731053731405
2018-05-17 09:00:00+00:00,129.91249490009605,98.00510911946117,84.1977602630703,0.0,312.1153642826275
2018-05-17 10:00:00+00:00,129.05144160942908,97.3655932926246,83.87962015756625,0.0,310.2966550596199
2018-05-17 11:00:00+00:00,119.89236810599533,90.34731925149902,78.05223028773518,0.0,288.29191764522955
2018-05-17 12:00:00+00:00,102.714304887839,77.4210256436399,67.09964960850296,0.0,247.23498013998187
2018-05-17 13:00:00+00:00,78.01768211190519,58.685006349271745,51.04968100786571,0.0,187.75236946904263
2018-05-17 14:00:00+00:00,47.62812671116522,35.79863211905272,31.30587989043924,0.0,114.73263872065719
2018-05-17 15:00:00+00:00,16.221209396113405,12.228312788350362,10.88546089848312,0.0,39.334983082946884
2018-05-17 16:00:00+00:00,0.0,0.0,0.0,0.0,0.0
2018-05-17 17:00:00+00:00,0.0,0.0,0.0,0.0,0.0
2018-05-17 18:00:00+00:00,0.0,0.0,0.0,0.0,0.0
2018-05-17 19:00:00+00:00,0.0,0.0,0.0,0.0,0.0
2018-05-17 20:00:00+00:00,0.0,0.0,0.0,0.0,0.0
2018-05-17 21:00:00+00:00,0.0,0.0,0.0,0.0,0.0
2018-05-17 22:00:00+00:00,0.0,0.0,0.0,0.0,0.0
2018-05-17 23:00:00+00:00,0.0,0.0,0.0,0.0,0.0
2018-05-18 00:00:00+00:00,0.0,0.0,0.0,0.0,0.0
2018-05-18 01:00:00+00:00,0.0,0.0,0.0,0.0,0.0
2018-05-18 02:00:00+00:00,0.0,0.0,0.0,0.0,0.0
2018-05-18 03:00:00+00:00,9.279360390611258,6.906923654654274,6.019662381287853,0.0,22.205946426553382
2018-05-18 04:00:00+00:00,25.673400082204907,19.482426183126037,16.67417851467415,0.0,61.8300047800051
2018-05-18 05:00:00+00:00,54.30429457096034,40.85353663514607,34.91051614435321,0.0,130.06834735045962
2018-05-18 06:00:00+00:00,81.62540481487368,61.330240624612124,52.4785550986765,0.0,195.43420053816232
2018-05-18 07:00:00+00:00,103.62663666436954,77.76321809743047,66.66161637811977,0.0,248.05147113991978
2018-05-18 08:00:00+00:00,118.27575663251048,88.87172376022808,76.07443109144963,0.0,283.2219114841882
2018-05-18 09:00:00+00:00,123.4607770531687,93.00633157207548,79.55200930465499,0.0,296.01911792989915
2018-05-18 10:00:00+00:00,121.92854740862298,78.84124143132559,78.72507331779806,0.0,279.49486215774664
2018-05-18 11:00:00+00:00,106.32772571025237,84.46059367490585,72.4231432123538,0.0,263.211462597512
2018-05-18 12:00:00+00:00,73.24918560320762,44.56553523970197,59.019359642770766,0.0,176.83408048568037
2018-05-18 13:00:00+00:00,27.252514580107384,24.532860295373055,41.95294280618025,0.0,93.7383176816607
2018-05-18 14:00:00+00:00,21.86167980550402,9.44313883121399,0.7194494318769398,0.0,32.02426806859495
2018-05-18 15:00:00+00:00,0.5526555633280466,2.5586691430685877,0.5468619034102837,0.0,3.658186609806918
2018-05-18 16:00:00+00:00,0.0,0.0,0.0,0.0,0.0
2018-05-18 17:00:00+00:00,0.0,0.0,0.0,0.0,0.0
2018-05-18 18:00:00+00:00,0.0,0.0,0.0,0.0,0.0
2018-05-18 19:00:00+00:00,0.0,0.0,0.0,0.0,0.0
2018-05-18 20:00:00+00:00,0.0,0.0,0.0,0.0,0.0
2018-05-18 21:00:00+00:00,0.0,0.0,0.0,0.0,0.0
2018-05-18 22:00:00+00:00,0.0,0.0,0.0,0.0,0.0
2018-05-18 23:00:00+00:00,0.0,0.0,0.0,0.0,0.0
2018-05-19 00:00:00+00:00,0.0,0.0,0.0,0.0,0.0
2018-05-19 01:00:00+00:00,0.0,0.0,0.0,0.0,0.0
2018-05-19 02:00:00+00:00,0.0,0.0,0.0,0.0,0.0
2018-05-19 03:00:00+00:00,10.015064905670663,6.9879015920564225,6.268700610347086,0.0,23.271667108074173
2018-05-19 04:00:00+00:00,26.589492270329842,20.45340833460744,17.86068338510753,0.0,64.90358399004481
2018-05-19 05:00:00+00:00,54.498797322965586,40.91694536912143,34.994926098099164,0.0,130.41066879018618
2018-05-19 06:00:00+00:00,81.88010434095827,61.01973764984396,52.13392231180416,0.0,195.0337643026064
2018-05-19 07:00:00+00:00,104.30666221217531,77.62190099701309,66.36333105061442,0.0,248.2918942598028
2018-05-19 08:00:00+00:00,119.43794522120311,88.9180347538956,76.34338940081834,0.0,284.69936937591706
2018-05-19 09:00:00+00:00,126.80517726260544,94.53171035295902,81.68039234432149,0.0,303.01727995988597
2018-05-19 10:00:00+00:00,125.81288392758138,93.87069273664889,81.24090572554468,0.0,300.92448238977494
2018-05-19 11:00:00+00:00,116.52678244102765,87.04358241392005,75.44754105541571,0.0,279.0179059103634
2018-05-19 12:00:00+00:00,99.54644002915117,74.19538830731412,64.48803325811517,0.0,238.22986159458046
2018-05-19 13:00:00+00:00,75.24511877129042,55.91471019600574,48.734172287851166,0.0,179.89400125514732
2018-05-19 14:00:00+00:00,45.505431908218625,33.660016768163985,29.56867352353587,0.0,108.73412219991849
2018-05-19 15:00:00+00:00,15.697248239548378,11.601859323883707,10.321009587194236,0.0,37.62011715062632
2018-05-19 16:00:00+00:00,0.0,0.0,0.0,0.0,0.0
2018-05-19 17:00:00+00:00,0.0,0.0,0.0,0.0,0.0
2018-05-19 18:00:00+00:00,0.0,0.0,0.0,0.0,0.0
2018-05-19 19:00:00+00:00,0.0,0.0,0.0,0.0,0.0
2018-05-19 20:00:00+00:00,0.0,0.0,0.0,0.0,0.0
2018-05-19 21:00:00+00:00,0.0,0.0,0.0,0.0,0.0
2018-05-19 22:00:00+00:00,0.0,0.0,0.0,0.0,0.0
2018-05-19 23:00:00+00:00,0.0,0.0,0.0,0.0,0.0
2018-05-20 00:00:00+00:00,0.0,0.0,0.0,0.0,0.0
2018-05-20 01:00:00+00:00,0.0,0.0,0.0,0.0,0.0
2018-05-20 02:00:00+00:00,0.0,0.0,0.0,0.0,0.0
2018-05-20 03:00:00+00:00,9.385221293046822,7.235363334107199,6.117330984087789,0.0,22.73791561124181
2018-05-20 04:00:00+00:00,25.478649503594625,19.6408691171149,16.591452903134133,0.0,61.71097152384366
2018-05-20 05:00:00+00:00,54.16206031392066,40.62679292313741,34.78147776447036,0.0,129.57033100152844
2018-05-20 06:00:00+00:00,81.14542476849536,60.669986074627985,52.35575205966325,0.0,194.1711629027866
2018-05-20 07:00:00+00:00,103.13415674445808,77.06981121499106,66.69064509998766,0.0,246.89461305943678
2018-05-20 08:00:00+00:00,117.86997496405026,74.89696887574462,76.25786141241697,0.0,269.0248052522118
2018-05-20 09:00:00+00:00,108.41019654179047,91.49366205911518,80.03393961187464,0.0,279.9377982127803
2018-05-20 10:00:00+00:00,118.17046186900181,79.67808944174192,79.34361072718247,0.0,277.1921620379262
2018-05-20 11:00:00+00:00,80.41652462336616,65.14675552979774,73.13940401903102,0.0,218.70268417219492
2018-05-20 12:00:00+00:00,73.05536703517676,70.84280824687241,61.839852669211936,0.0,205.73802795126113
2018-05-20 13:00:00+00:00,66.6932140473685,52.6856551557153,46.10075604026098,0.0,165.4796252433448
2018-05-20 14:00:00+00:00,41.964416801430396,31.137392101702254,27.535705546635878,0.0,100.63751444976853
2018-05-20 15:00:00+00:00,14.207821746061882,10.530944092908667,9.494326804998346,0.0,34.233092643968895
2018-05-20 16:00:00+00:00,0.0,0.0,0.0,0.0,0.0
2018-05-20 17:00:00+00:00,0.0,0.0,0.0,0.0,0.0
2018-05-20 18:00:00+00:00,0.0,0.0,0.0,0.0,0.0
2018-05-20 19:00:00+00:00,0.0,0.0,0.0,0.0,0.0
2018-05-20 20:00:00+00:00,0.0,0.0,0.0,0.0,0.0
2018-05-20 21:00:00+00:00,0.0,0.0,0.0,0.0,0.0
2018-05-20 22:00:00+00:00,0.0,0.0,0.0,0.0,0.0
2018-05-20 23:00:00+00:00,0.0,0.0,0.0,0.0,0.0
2018-05-21 00:00:00+00:00,0.0,0.0,0.0,0.0,0.0
2018-05-21 01:00:00+00:00,0.0,0.0,0.0,0.0,0.0
2018-05-21 02:00:00+00:00,0.0,0.0,0.0,0.0,0.0
2018-05-21 03:00:00+00:00,10.4584992946288,7.690463514680431,6.494578868955354,0.0,24.643541678264587
2018-05-21 04:00:00+00:00,27.328899686104137,20.67678813195201,17.412786557955297,0.0,65.41847437601145
2018-05-21 05:00:00+00:00,54.44019833559575,41.1571890361678,35.111039457101015,0.0,130.70842682886456
2018-05-21 06:00:00+00:00,81.1296886444782,61.3617193676809,52.604755467468486,0.0,195.0961634796276
2018-05-21 07:00:00+00:00,103.17364816792355,78.33668877255174,67.11859776593609,0.0,248.62893470641137
2018-05-21 08:00:00+00:00,118.47686061260049,90.01375034081451,77.03997558757509,0.0,285.5305865409901
2018-05-21 09:00:00+00:00,125.56011553121192,95.38718471453566,81.91894780948272,0.0,302.8662480552303
2018-05-21 10:00:00+00:00,125.54477840405318,95.1709624905744,81.84682206762058,0.0,302.56256296224814
2018-05-21 11:00:00+00:00,117.47812171962593,88.94295816088416,76.76577044062806,0.0,283.18685032113814
2018-05-21 12:00:00+00:00,101.29585581422,76.48318083952394,66.23334427131454,0.0,244.0123809250585
2018-05-21 13:00:00+00:00,69.01044121313619,58.31195661804509,50.81706730168431,0.0,178.13946513286558
2018-05-21 14:00:00+00:00,47.49074914637971,35.67247847376824,31.223025505570686,0.0,114.38625312571864
2018-05-21 15:00:00+00:00,16.558564586747938,12.47906570328684,11.119970640032081,0.0,40.157600930066856
2018-05-21 16:00:00+00:00,0.0,0.0,0.0,0.0,0.0
2018-05-21 17:00:00+00:00,0.0,0.0,0.0,0.0,0.0
2018-05-21 18:00:00+00:00,0.0,0.0,0.0,0.0,0.0
2018-05-21 19:00:00+00:00,0.0,0.0,0.0,0.0,0.0
2018-05-21 20:00:00+00:00,0.0,0.0,0.0,0.0,0.0
2018-05-21 21:00:00+00:00,0.0,0.0,0.0,0.0,0.0
2018-05-21 22:00:00+00:00,0.0,0.0,0.0,0.0,0.0
2018-05-21 23:00:00+00:00,0.0,0.0,0.0,0.0,0.0
2018-05-22 00:00:00+00:00,0.0,0.0,0.0,0.0,0.0
2018-05-22 01:00:00+00:00,0.0,0.0,0.0,0.0,0.0
2018-05-22 02:00:00+00:00,0.0,0.0,0.0,0.0,0.0
2018-05-22 03:00:00+00:00,0.5675372854264438,0.4004745016907454,0.2817942398151412,0.0,1.2498060269323303
2018-05-22 04:00:00+00:00,5.51335930733436,3.583992000390085,9.814623796835907,0.0,18.91197510456035
2018-05-22 05:00:00+00:00,40.328021617402214,26.373708350715432,30.583074789877596,0.0,97.28480475799525
2018-05-22 06:00:00+00:00,63.070798218807525,52.22493840220304,51.02899375957169,0.0,166.32473038058225
2018-05-22 07:00:00+00:00,97.50553366077463,55.58463890200279,64.40405836545142,0.0,217.49423092822883
2018-05-22 08:00:00+00:00,108.9282397481927,57.47784120287108,71.85991469534595,0.0,238.26599564640975
2018-05-22 09:00:00+00:00,103.57573485696373,70.85589319032988,77.9695876888324,0.0,252.401215736126
2018-05-22 10:00:00+00:00,106.58862517801043,80.19871674622631,76.23177006424433,0.0,263.0191119884811
2018-05-22 11:00:00+00:00,93.87972445890605,71.12069204244729,63.28014427142915,0.0,228.2805607727825
2018-05-22 12:00:00+00:00,71.918819749119,63.35358624852965,54.01335137216299,0.0,189.28575736981165
2018-05-22 13:00:00+00:00,52.9075193133707,44.25162294488729,43.301592663097644,0.0,140.46073492135562
2018-05-22 14:00:00+00:00,39.15069299389932,27.51749261093453,20.17977453947658,0.0,86.84796014431043
2018-05-22 15:00:00+00:00,13.181541619096159,7.38395085026591,0.724220165797867,0.0,21.289712635159937
2018-05-22 16:00:00+00:00,0.0,0.0,0.0,0.0,0.0
2018-05-22 17:00:00+00:00,0.0,0.0,0.0,0.0,0.0
2018-05-22 18:00:00+00:00,0.0,0.0,0.0,0.0,0.0
2018-05-22 19:00:00+00:00,0.0,0.0,0.0,0.0,0.0
2018-05-22 20:00:00+00:00,0.0,0.0,0.0,0.0,0.0
2018-05-22 21:00:00+00:00,0.0,0.0,0.0,0.0,0.0
2018-05-22 22:00:00+00:00,0.0,0.0,0.0,0.0,0.0
2018-05-22 23:00:00+00:00,0.0,0.0,0.0,0.0,0.0
2018-05-23 00:00:00+00:00,0.0,0.0,0.0,0.0,0.0
2018-05-23 01:00:00+00:00,0.0,0.0,0.0,0.0,0.0
2018-05-23 02:00:00+00:00,0.0,0.0,0.0,0.0,0.0
2018-05-23 03:00:00+00:00,10.142400742583348,7.135174093137758,6.114664733135461,0.0,23.392239568856567
2018-05-23 04:00:00+00:00,29.493988129852113,25.245196173932026,18.784938197336125,0.0,73.52412250112027
2018-05-23 05:00:00+00:00,53.89466949656364,40.69963053944783,34.715035073522806,0.0,129.3093351095343
2018-05-23 06:00:00+00:00,77.86461271228217,58.014241817680436,50.541565522588755,0.0,186.42042005255138
2018-05-23 07:00:00+00:00,97.65977342045278,73.51074241421733,63.71967363389539,0.0,234.8901894685655
2018-05-23 08:00:00+00:00,111.2402277911787,83.63521005852844,72.46356155418123,0.0,267.33899940388835
2018-05-23 09:00:00+00:00,118.42829921280673,89.1122416120548,77.50275914577459,0.0,285.0432999706361
2018-05-23 10:00:00+00:00,117.4025370351722,88.29034881390979,76.92399743975112,0.0,282.6168832888331
2018-05-23 11:00:00+00:00,108.56978327119313,81.48454650779742,71.20223976907099,0.0,261.2565695480615
2018-05-23 12:00:00+00:00,88.01608400418584,62.82468249545822,50.0948564774886,0.0,200.93562297713268
2018-05-23 13:00:00+00:00,59.02129575665367,50.05128287507169,42.65369300616098,0.0,151.72627163788633
2018-05-23 14:00:00+00:00,38.89875818578463,30.188893522590085,26.851460743128705,0.0,95.93911245150343
2018-05-23 15:00:00+00:00,13.629238594065649,9.963050701999068,9.203838061014123,0.0,32.79612735707884
2018-05-23 16:00:00+00:00,0.0,0.0,0.0,0.0,0.0
2018-05-23 17:00:00+00:00,0.0,0.0,0.0,0.0,0.0
2018-05-23 18:00:00+00:00,0.0,0.0,0.0,0.0,0.0
2018-05-23 19:00:00+00:00,0.0,0.0,0.0,0.0,0.0
2018-05-23 20:00:00+00:00,0.0,0.0,0.0,0.0,0.0
2018-05-23 21:00:00+00:00,0.0,0.0,0.0,0.0,0.0
2018-05-23 22:00:00+00:00,0.0,0.0,0.0,0.0,0.0
2018-05-23 23:00:00+00:00,0.0,0.0,0.0,0.0,0.0
2018-05-24 00:00:00+00:00,0.0,0.0,0.0,0.0,0.0
2018-05-24 01:00:00+00:00,0.0,0.0,0.0,0.0,0.0
2018-05-24 02:00:00+00:00,0.0,0.0,0.0,0.0,0.0
2018-05-24 03:00:00+00:00,1.7154637490643387,2.9787491266890367,0.2850368480270213,0.0,4.979249723780397
2018-05-24 04:00:00+00:00,26.072907279390414,20.48278091246017,6.153413989335431,0.0,52.70910218118602
2018-05-24 05:00:00+00:00,53.35682736351882,41.63750505098636,35.34170729687052,0.0,130.3360397113757
2018-05-24 06:00:00+00:00,79.67317449392723,59.68929723708156,53.14615668818184,0.0,192.50862841919061
2018-05-24 07:00:00+00:00,101.49344899640957,78.86400216757718,67.67345377043556,0.0,248.03090493442232
2018-05-24 08:00:00+00:00,115.36314777687852,84.78915565135519,77.78162216837241,0.0,277.9339255966061
2018-05-24 09:00:00+00:00,127.92380748159054,96.42801110477919,83.05979075514945,0.0,307.4116093415192
2018-05-24 10:00:00+00:00,127.94730971861844,96.21181251871897,83.03717050722692,0.0,307.19629274456435
2018-05-24 11:00:00+00:00,119.38531809710449,89.75278559126508,77.62732125842771,0.0,286.7654249467973
2018-05-24 12:00:00+00:00,102.76493682209212,76.59811385581736,66.28788426936426,0.0,245.65093494727375
2018-05-24 13:00:00+00:00,78.12391918391774,57.87273868600404,49.9992222380051,0.0,185.99588010792687
2018-05-24 14:00:00+00:00,47.37918166759516,35.0652176681493,30.3127982119031,0.0,112.75719754764756
2018-05-24 15:00:00+00:00,16.47767112288344,12.264192500094781,10.839462578952459,0.0,39.58132620193068
2018-05-24 16:00:00+00:00,0.0,0.0,0.0,0.0,0.0
2018-05-24 17:00:00+00:00,0.0,0.0,0.0,0.0,0.0
2018-05-24 18:00:00+00:00,0.0,0.0,0.0,0.0,0.0
2018-05-24 19:00:00+00:00,0.0,0.0,0.0,0.0,0.0
2018-05-24 20:00:00+00:00,0.0,0.0,0.0,0.0,0.0
2018-05-24 21:00:00+00:00,0.0,0.0,0.0,0.0,0.0
2018-05-24 22:00:00+00:00,0.0,0.0,0.0,0.0,0.0
2018-05-24 23:00:00+00:00,0.0,0.0,0.0,0.0,0.0
2018-05-25 00:00:00+00:00,0.0,0.0,0.0,0.0,0.0
2018-05-25 01:00:00+00:00,0.0,0.0,0.0,0.0,0.0
2018-05-25 02:00:00+00:00,0.0,0.0,0.0,0.0,0.0
2018-05-25 03:00:00+00:00,1.9168674815500069,3.2078832782721802,0.37822052927528466,0.0,5.502971289097472
2018-05-25 04:00:00+00:00,32.615491696504485,20.04965832071694,12.944242419860926,0.0,65.60939243708235
2018-05-25 05:00:00+00:00,57.5790256593955,38.31445852748228,35.89277490300396,0.0,131.78625908988172
2018-05-25 06:00:00+00:00,61.93717439441055,53.25686867922309,51.354648299823275,0.0,166.5486913734569
2018-05-25 07:00:00+00:00,73.01311379688565,56.86345633954435,60.17182028471812,0.0,190.0483904211481
2018-05-25 08:00:00+00:00,99.43901045283913,74.31409926794186,73.73429840576412,0.0,247.4874081265451
2018-05-25 09:00:00+00:00,66.2630121242827,73.61288740582499,72.01563073816324,0.0,211.8915302682709
2018-05-25 10:00:00+00:00,90.05879937002734,65.91620806632994,77.14722077584112,0.0,233.12222821219842
2018-05-25 11:00:00+00:00,99.20684749023931,58.61520877496888,72.27845334676904,0.0,230.1005096119772
2018-05-25 12:00:00+00:00,76.29133795117511,57.30309987275709,46.88764044141897,0.0,180.48207826535116
2018-05-25 13:00:00+00:00,59.545801944553865,39.500720541865235,26.319002073130452,0.0,125.36552455954954
2018-05-25 14:00:00+00:00,21.625506065826784,31.626017779334827,13.757567078338889,0.0,67.00909092350051
2018-05-25 15:00:00+00:00,15.119277100381762,11.259900781303166,1.2832517585211947,0.0,27.662429640206124
2018-05-25 16:00:00+00:00,0.0,0.0,0.0,0.0,0.0
2018-05-25 17:00:00+00:00,0.0,0.0,0.0,0.0,0.0
2018-05-25 18:00:00+00:00,0.0,0.0,0.0,0.0,0.0
2018-05-25 19:00:00+00:00,0.0,0.0,0.0,0.0,0.0
2018-05-25 20:00:00+00:00,0.0,0.0,0.0,0.0,0.0
2018-05-25 21:00:00+00:00,0.0,0.0,0.0,0.0,0.0
2018-05-25 22:00:00+00:00,0.0,0.0,0.0,0.0,0.0
2018-05-25 23:00:00+00:00,0.0,0.0,0.0,0.0,0.0
2018-05-26 00:00:00+00:00,0.0,0.0,0.0,0.0,0.0
2018-05-26 01:00:00+00:00,0.0,0.0,0.0,0.0,0.0
2018-05-26 02:00:00+00:00,0.0,0.0,0.0,0.0,0.0
2018-05-26 03:00:00+00:00,10.863714919374772,8.066248072248918,6.746127737517023,0.0,25.67609072914071
2018-05-26 04:00:00+00:00,27.51849168153715,21.29203456875867,17.6757055468649,0.0,66.48623179716073
2018-05-26 05:00:00+00:00,54.2841550787827,40.881203698168065,34.91898980894597,0.0,130.08434858589675
2018-05-26 06:00:00+00:00,80.54183144710791,60.29603248798318,51.80167010064252,0.0,192.63953403573362
2018-05-26 07:00:00+00:00,101.96927558064942,76.2107278814561,65.57901645430434,0.0,243.75901991640984
2018-05-26 08:00:00+00:00,116.5217633066656,76.01418176886048,69.73590258516096,0.0,262.27184766068706
2018-05-26 09:00:00+00:00,90.11555065162054,67.75391863422786,76.95828281605927,0.0,234.82775210190766
2018-05-26 10:00:00+00:00,83.72555472886916,78.95980290238516,64.98913051445227,0.0,227.67448814570656
2018-05-26 11:00:00+00:00,76.4825918770702,70.41322398072188,28.114730806628213,0.0,175.0105466644203
2018-05-26 12:00:00+00:00,86.84285393726898,70.32465441933556,60.8377777727454,0.0,218.00528612934994
2018-05-26 13:00:00+00:00,47.08707019854612,46.01322343279705,45.47492040191923,0.0,138.5752140332624
2018-05-26 14:00:00+00:00,32.0837345151406,22.51540682576274,27.47039912100605,0.0,82.06954046190938
2018-05-26 15:00:00+00:00,14.424624239670866,6.673361551277616,9.872654054889164,0.0,30.970639845837646
2018-05-26 16:00:00+00:00,0.0,0.0,0.0,0.0,0.0
2018-05-26 17:00:00+00:00,0.0,0.0,0.0,0.0,0.0
2018-05-26 18:00:00+00:00,0.0,0.0,0.0,0.0,0.0
2018-05-26 19:00:00+00:00,0.0,0.0,0.0,0.0,0.0
2018-05-26 20:00:00+00:00,0.0,0.0,0.0,0.0,0.0
2018-05-26 21:00:00+00:00,0.0,0.0,0.0,0.0,0.0
2018-05-26 22:00:00+00:00,0.0,0.0,0.0,0.0,0.0
2018-05-26 23:00:00+00:00,0.0,0.0,0.0,0.0,0.0
2018-05-27 00:00:00+00:00,0.0,0.0,0.0,0.0,0.0
2018-05-27 01:00:00+00:00,0.0,0.0,0.0,0.0,0.0
2018-05-27 02:00:00+00:00,0.0,0.0,0.0,0.0,0.0
2018-05-27 03:00:00+00:00,10.971491824693954,7.861371840781638,6.683586835245522,0.0,25.516450500721113
2018-05-27 04:00:00+00:00,29.154487176603343,22.064096865818883,18.75260565776779,0.0,69.97118970019001
2018-05-27 05:00:00+00:00,54.287866703566934,40.970897704027976,35.27220558207376,0.0,130.53096998966868
2018-05-27 06:00:00+00:00,78.83163012761545,59.43897120597762,51.19295289606494,0.0,189.46355422965803
2018-05-27 07:00:00+00:00,98.85101165491989,74.52520677919892,64.16794026219992,0.0,237.54415869631873
2018-05-27 08:00:00+00:00,102.19169950166271,84.65013315104949,73.07229394855906,0.0,259.9141266012713
2018-05-27 09:00:00+00:00,118.0189169550844,83.97934491782615,77.23115681598514,0.0,279.22941868889575
2018-05-27 10:00:00+00:00,112.79637703804963,64.17389207664303,75.01106701381156,0.0,251.9813361285042
2018-05-27 11:00:00+00:00,107.57240880423998,77.42664947538799,70.44511198061272,0.0,255.4441702602407
2018-05-27 12:00:00+00:00,90.73017175327257,65.84625820659112,54.77090257057388,0.0,211.34733253043754
2018-05-27 13:00:00+00:00,55.89316978342002,43.303558579373416,36.46375546925882,0.0,135.66048383205225
2018-05-27 14:00:00+00:00,36.75720351667705,18.51988796052513,18.100491480221134,0.0,73.37758295742331
2018-05-27 15:00:00+00:00,3.4314798482784474,5.381718386159643,0.3709153429588649,0.0,9.184113577396955
2018-05-27 16:00:00+00:00,0.0,0.0,0.0,0.0,0.0
2018-05-27 17:00:00+00:00,0.0,0.0,0.0,0.0,0.0
2018-05-27 18:00:00+00:00,0.0,0.0,0.0,0.0,0.0
2018-05-27 19:00:00+00:00,0.0,0.0,0.0,0.0,0.0
2018-05-27 20:00:00+00:00,0.0,0.0,0.0,0.0,0.0
2018-05-27 21:00:00+00:00,0.0,0.0,0.0,0.0,0.0
2018-05-27 22:00:00+00:00,0.0,0.0,0.0,0.0,0.0
2018-05-27 23:00:00+00:00,0.0,0.0,0.0,0.0,0.0
2018-05-28 00:00:00+00:00,0.0,0.0,0.0,0.0,0.0
2018-05-28 01:00:00+00:00,0.0,0.0,0.0,0.0,0.0
2018-05-28 02:00:00+00:00,0.0,0.0,0.0,0.0,0.0
2018-05-28 03:00:00+00:00,0.8816406813615258,0.40212587143093337,0.28403052134057577,0.0,1.5677970741330352
2018-05-28 04:00:00+00:00,15.792927951633366,9.24021396701439,21.30222926607395,0.0,46.33537118472171
2018-05-28 05:00:00+00:00,23.650517120769088,18.408124278311803,37.32945972180661,0.0,79.3881011208875
2018-05-28 06:00:00+00:00,79.31200142060891,59.598859399229895,48.66701746803554,0.0,187.57787828787434
2018-05-28 07:00:00+00:00,99.82897763429116,60.162136498294416,64.34625876545917,0.0,224.33737289804475
2018-05-28 08:00:00+00:00,97.33829221456796,70.07200965219447,23.637425110718713,0.0,191.04772697748115
2018-05-28 09:00:00+00:00,47.275349510510246,40.85706678739801,13.948371901653891,0.0,102.08078819956215
2018-05-28 10:00:00+00:00,43.10163946365688,75.79216044504757,31.769911828769175,0.0,150.66371173747362
2018-05-28 11:00:00+00:00,32.00324399040086,29.501011333724453,66.37312484445287,0.0,127.87738016857818
2018-05-28 12:00:00+00:00,75.40739983263784,49.17018991920137,61.14556377109169,0.0,185.7231535229309
2018-05-28 13:00:00+00:00,58.80760618425844,42.255235654507835,36.916156474023275,0.0,137.97899831278954
2018-05-28 14:00:00+00:00,16.69879263833596,28.21502899499402,24.75840452627587,0.0,69.67222615960586
2018-05-28 15:00:00+00:00,6.034350741968597,8.313820604330035,10.063495588169982,0.0,24.411666934468613
2018-05-28 16:00:00+00:00,0.0,0.0,0.0,0.0,0.0
2018-05-28 17:00:00+00:00,0.0,0.0,0.0,0.0,0.0
2018-05-28 18:00:00+00:00,0.0,0.0,0.0,0.0,0.0
2018-05-28 19:00:00+00:00,0.0,0.0,0.0,0.0,0.0
2018-05-28 20:00:00+00:00,0.0,0.0,0.0,0.0,0.0
2018-05-28 21:00:00+00:00,0.0,0.0,0.0,0.0,0.0
2018-05-28 22:00:00+00:00,0.0,0.0,0.0,0.0,0.0
2018-05-28 23:00:00+00:00,0.0,0.0,0.0,0.0,0.0
2018-05-29 00:00:00+00:00,0.0,0.0,0.0,0.0,0.0
2018-05-29 01:00:00+00:00,0.0,0.0,0.0,0.0,0.0
2018-05-29 02:00:00+00:00,0.0,0.0,0.0,0.0,0.0
2018-05-29 03:00:00+00:00,11.09594964349002,8.261758447472813,6.861464812236233,0.0,26.219172903199063
2018-05-29 04:00:00+00:00,32.546365776765604,21.156720097013945,17.575256111921284,0.0,71.27834198570083
2018-05-29 05:00:00+00:00,54.38998726020451,42.29851791982185,35.115060177726384,0.0,131.80356535775275
2018-05-29 06:00:00+00:00,80.80039706454046,60.97578607383235,52.61618426379669,0.0,194.3923674021695
2018-05-29 07:00:00+00:00,102.59944052072495,77.542667285327,67.0920115131328,0.0,247.23411931918477
2018-05-29 08:00:00+00:00,117.8438947951705,71.39748012823706,77.40099297071478,0.0,266.64236789412234
2018-05-29 09:00:00+00:00,125.78858575508269,75.62293966235201,82.75972379804655,0.0,284.1712492154812
2018-05-29 10:00:00+00:00,125.31440013846495,73.62273545593249,82.68912438878907,0.0,281.6262599831865
2018-05-29 11:00:00+00:00,116.92773447225474,87.88424804818938,77.24717545122866,0.0,282.0591579716728
2018-05-29 12:00:00+00:00,100.59414671303242,75.35289291229483,66.1507017384763,0.0,242.09774136380355
2018-05-29 13:00:00+00:00,76.37340504226228,57.10397388947001,50.20505999290912,0.0,183.68243892464142
2018-05-29 14:00:00+00:00,46.76543594411889,34.8855221575014,30.785939453579914,0.0,112.4368975552002
2018-05-29 15:00:00+00:00,17.03135092637526,12.869682203356792,11.450637044621619,0.0,41.35167017435367
2018-05-29 16:00:00+00:00,0.0,0.0,0.0,0.0,0.0
2018-05-29 17:00:00+00:00,0.0,0.0,0.0,0.0,0.0
2018-05-29 18:00:00+00:00,0.0,0.0,0.0,0.0,0.0
2018-05-29 19:00:00+00:00,0.0,0.0,0.0,0.0,0.0
2018-05-29 20:00:00+00:00,0.0,0.0,0.0,0.0,0.0
2018-05-29 21:00:00+00:00,0.0,0.0,0.0,0.0,0.0
2018-05-29 22:00:00+00:00,0.0,0.0,0.0,0.0,0.0
2018-05-29 23:00:00+00:00,0.0,0.0,0.0,0.0,0.0
2018-05-30 00:00:00+00:00,0.0,0.0,0.0,0.0,0.0
2018-05-30 01:00:00+00:00,0.0,0.0,0.0,0.0,0.0
2018-05-30 02:00:00+00:00,0.0,0.0,0.0,0.0,0.0
2018-05-30 03:00:00+00:00,10.259303366004428,7.966468260803982,6.703260017756751,0.0,24.92903164456516
2018-05-30 04:00:00+00:00,26.13616908809348,20.335969036552736,16.97259519686824,0.0,63.44473332151446
2018-05-30 05:00:00+00:00,54.6018857329868,41.392550980665334,35.26450532784439,0.0,131.25894204149654
2018-05-30 06:00:00+00:00,82.12999217511299,61.953222465878035,53.230778680144404,0.0,197.31399332113543
2018-05-30 07:00:00+00:00,104.47323254343608,78.71540229005403,67.97375384932425,0.0,251.16238868281437
2018-05-30 08:00:00+00:00,119.77394047987619,90.29372427238053,78.15921702099628,0.0,288.226881773253
2018-05-30 09:00:00+00:00,126.87878538973183,70.92957581646026,82.79964503901107,0.0,280.60800624520317
2018-05-30 10:00:00+00:00,126.14014756012358,73.82314686502897,82.45632531161864,0.0,282.4196197367712
2018-05-30 11:00:00+00:00,117.23223340603806,88.1600657849867,76.79634006656217,0.0,282.18863925758694
2018-05-30 12:00:00+00:00,99.87697819225778,75.0956270844589,65.75339263120138,0.0,240.72599790791804
2018-05-30 13:00:00+00:00,75.97982184922697,56.93266337938917,50.344151792961924,0.0,183.25663702157806
2018-05-30 14:00:00+00:00,46.69363926778749,34.95935836693273,31.173082258459285,0.0,112.82607989317951
2018-05-30 15:00:00+00:00,17.250526393538987,13.055220861268669,11.691316719246453,0.0,41.99706397405411
2018-05-30 16:00:00+00:00,0.0,0.0,0.0,0.0,0.0
2018-05-30 17:00:00+00:00,0.0,0.0,0.0,0.0,0.0
2018-05-30 18:00:00+00:00,0.0,0.0,0.0,0.0,0.0
2018-05-30 19:00:00+00:00,0.0,0.0,0.0,0.0,0.0
2018-05-30 20:00:00+00:00,0.0,0.0,0.0,0.0,0.0
2018-05-30 21:00:00+00:00,0.0,0.0,0.0,0.0,0.0
2018-05-30 22:00:00+00:00,0.0,0.0,0.0,0.0,0.0
2018-05-30 23:00:00+00:00,0.0,0.0,0.0,0.0,0.0
2018-05-31 00:00:00+00:00,0.0,0.0,0.0,0.0,0.0
2018-05-31 01:00:00+00:00,0.0,0.0,0.0,0.0,0.0
2018-05-31 02:00:00+00:00,0.0,0.0,0.0,0.0,0.0
2018-05-31 03:00:00+00:00,8.605710289070068,6.743409730694502,5.782537009210523,0.0,21.13165702897509
2018-05-31 04:00:00+00:00,24.011140239848057,18.326253197185867,15.392612239020522,0.0,57.730005676054446
2018-05-31 05:00:00+00:00,54.428073784095375,41.026604683206884,35.02515972976997,0.0,130.47983819707224
2018-05-31 06:00:00+00:00,83.16984383578414,62.70279028941664,53.81751186102596,0.0,199.69014598622672
2018-05-31 07:00:00+00:00,106.42061130803155,80.06144594379097,69.14902371197542,0.0,255.63108096379796
2018-05-31 08:00:00+00:00,122.17309427803436,92.01687814362614,79.70678137702373,0.0,293.89675379868424
2018-05-31 09:00:00+00:00,130.43418969220008,98.3798626310427,85.05947075374465,0.0,313.87352307698745
2018-05-31 10:00:00+00:00,129.8948627025226,98.00378151658624,84.83819334659171,0.0,312.73683756570057
2018-05-31 11:00:00+00:00,121.0730301641039,91.4455582506792,79.39499681540774,0.0,291.91358523019085
2018-05-31 12:00:00+00:00,104.42654793519426,78.69990626473324,68.55743178677102,0.0,251.68388598669853
2018-05-31 13:00:00+00:00,79.94511705003222,60.121676800692725,52.66149807045431,0.0,192.72829192117925
2018-05-31 14:00:00+00:00,49.5749453807406,37.179806284493004,32.78480124530981,0.0,119.53955291054342
2018-05-31 15:00:00+00:00,18.06358919615912,13.725076151055454,12.235023855782078,0.0,44.02368920299665
2018-05-31 16:00:00+00:00,0.0,0.0,0.0,0.0,0.0
2018-05-31 17:00:00+00:00,0.0,0.0,0.0,0.0,0.0
2018-05-31 18:00:00+00:00,0.0,0.0,0.0,0.0,0.0
2018-05-31 19:00:00+00:00,0.0,0.0,0.0,0.0,0.0
2018-05-31 20:00:00+00:00,0.0,0.0,0.0,0.0,0.0
2018-05-31 21:00:00+00:00,0.0,0.0,0.0,0.0,0.0
2018-05-31 22:00:00+00:00,0.0,0.0,0.0,0.0,0.0
2018-05-31 23:00:00+00:00,0.0,0.0,0.0,0.0,0.0
2018-06-01 00:00:00+00:00,0.0,0.0,0.0,0.0,0.0
2018-06-01 01:00:00+00:00,0.0,0.0,0.0,0.0,0.0
2018-06-01 02:00:00+00:00,0.0,0.0,0.0,0.0,0.0
2018-06-01 03:00:00+00:00,8.177325003839531,6.407408533489625,5.308392320080735,7.34995576068636,27.24308161809625
2018-06-01 04:00:00+00:00,23.257141820608908,17.786890831022028,14.735693162386612,17.93684119170528,73.71656700572282
2018-06-01 05:00:00+00:00,54.32307108722664,40.8317130613858,34.90371597854462,38.270627902260046,168.32912802941712
2018-06-01 06:00:00+00:00,83.63496910078385,62.709554866667986,53.83559158168218,57.743737837130865,257.9238533862649
2018-06-01 07:00:00+00:00,107.08706383913533,80.21974367846995,69.18690802083647,73.46370991852424,329.957425456966
2018-06-01 08:00:00+00:00,122.54909366916594,92.11028750602492,79.42115783956953,84.09058561753979,378.1711246323001
2018-06-01 09:00:00+00:00,130.19089321281865,97.90940887229888,84.36873400325216,89.65983924409758,402.12887533246726
2018-06-01 10:00:00+00:00,129.21946844877763,97.20499127286925,83.91947346484277,89.18739865503247,399.53133184152216
2018-06-01 11:00:00+00:00,120.12743997488515,90.22826250680046,77.95984325858608,83.009071128918,371.3246168691897
2018-06-01 12:00:00+00:00,103.33438275759897,77.69845656528548,67.38855828759844,45.108437652038205,293.5298352625211
2018-06-01 13:00:00+00:00,78.72931211414968,59.04462399383195,51.45199182819939,39.82786182779105,229.05378976397208
2018-06-01 14:00:00+00:00,48.52389778278058,36.28802777800818,31.855018089805142,33.41803008717699,150.0849737377709
2018-06-01 15:00:00+00:00,17.876179417347128,13.479287478686029,11.995695319044309,12.406784834439009,55.757947049516474
2018-06-01 16:00:00+00:00,0.0,0.0,0.0,0.0,0.0
2018-06-01 17:00:00+00:00,0.0,0.0,0.0,0.0,0.0
2018-06-01 18:00:00+00:00,0.0,0.0,0.0,0.0,0.0
2018-06-01 19:00:00+00:00,0.0,0.0,0.0,0.0,0.0
2018-06-01 20:00:00+00:00,0.0,0.0,0.0,0.0,0.0
2018-06-01 21:00:00+00:00,0.0,0.0,0.0,0.0,0.0
2018-06-01 22:00:00+00:00,0.0,0.0,0.0,0.0,0.0
2018-06-01 23:00:00+00:00,0.0,0.0,0.0,0.0,0.0
2018-06-02 00:00:00+00:00,0.0,0.0,0.0,0.0,0.0
2018-06-02 01:00:00+00:00,0.0,0.0,0.0,0.0,0.0
2018-06-02 02:00:00+00:00,0.0,0.0,0.0,0.0,0.0
2018-06-02 03:00:00+00:00,9.739175917972984,7.5528734584138,6.353694825487129,6.978891686679801,30.624635888553716
2018-06-02 04:00:00+00:00,25.03027075005547,19.09225476708878,16.147252595572635,17.63282981590573,77.90260792862261
2018-06-02 05:00:00+00:00,54.67099482666268,41.181205147261736,35.35438147477446,38.92791544440213,170.13449689310102
2018-06-02 06:00:00+00:00,83.05917364508275,62.61094149306345,53.87047494579168,59.12657687959036,258.66716696352825
2018-06-02 07:00:00+00:00,106.219283592327,80.07715250188582,69.15851450154399,75.25323497543951,330.70818557119634
2018-06-02 08:00:00+00:00,121.99300294153876,92.06110090631181,79.67940041116736,85.98069429085906,379.714198549877
2018-06-02 09:00:00+00:00,129.75657297524734,97.87077038636272,84.84865936718764,91.41477862442184,403.89078135321955
2018-06-02 10:00:00+00:00,129.1894272204956,71.18772025536116,84.72315050284345,90.66327128471676,375.76356926341697
2018-06-02 11:00:00+00:00,120.46600288411454,90.75767395755997,79.0966138964223,84.31224538170515,374.63253611980196
2018-06-02 12:00:00+00:00,103.50800791921188,78.01500986215487,68.04636453162368,72.42126112356411,321.99064343655454
2018-06-02 13:00:00+00:00,79.1208861267311,59.43325183372717,51.97854271773501,55.3159203705313,245.8486010487246
2018-06-02 14:00:00+00:00,48.88770075481996,36.579581193944534,32.25911842314233,34.22913102396643,151.95553139587327
2018-06-02 15:00:00+00:00,18.159981095059774,13.645957486587232,12.243943293882847,12.645902983730693,56.69578485926054
2018-06-02 16:00:00+00:00,0.0,0.0,0.0,0.0,0.0
2018-06-02 17:00:00+00:00,0.0,0.0,0.0,0.0,0.0
2018-06-02 18:00:00+00:00,0.0,0.0,0.0,0.0,0.0
2018-06-02 19:00:00+00:00,0.0,0.0,0.0,0.0,0.0
2018-06-02 20:00:00+00:00,0.0,0.0,0.0,0.0,0.0
2018-06-02 21:00:00+00:00,0.0,0.0,0.0,0.0,0.0
2018-06-02 22:00:00+00:00,0.0,0.0,0.0,0.0,0.0
2018-06-02 23:00:00+00:00,0.0,0.0,0.0,0.0,0.0
2018-06-03 00:00:00+00:00,0.0,0.0,0.0,0.0,0.0
2018-06-03 01:00:00+00:00,0.0,0.0,0.0,0.0,0.0
2018-06-03 02:00:00+00:00,0.0,0.0,0.0,0.0,0.0
2018-06-03 03:00:00+00:00,8.706904145495704,6.918122916377249,5.805627237176576,7.615501699832006,29.046155998881535
2018-06-03 04:00:00+00:00,23.867827106425395,18.361596489466965,15.282106315690879,17.948625109682467,75.4601550212657
2018-06-03 05:00:00+00:00,54.603141016467504,41.22211642479503,34.96180249776098,38.14886555956739,168.9359254985909
2018-06-03 06:00:00+00:00,83.42238638998838,62.792416347705775,53.90492212422803,57.55020208935903,257.66992695128124
2018-06-03 07:00:00+00:00,106.60777560107152,80.22761322010442,69.11004074344228,72.93888578538842,328.88431535000666
2018-06-03 08:00:00+00:00,122.15860028487543,92.1613119478336,79.61933503548529,83.36576616019795,377.3050134283923
2018-06-03 09:00:00+00:00,129.56682995943828,97.63421814689417,84.39611504343229,88.6501767730169,400.24733992278163
2018-06-03 10:00:00+00:00,128.74921125087363,97.15078424794137,83.97147485952162,62.419345951613266,372.2908163099499
2018-06-03 11:00:00+00:00,119.67788450680132,90.29184631584727,78.07696819473902,81.71545598464178,369.7621550020294
2018-06-03 12:00:00+00:00,103.33850159322964,78.00432743108976,67.77175540888265,70.71547884688164,319.83006328008366
2018-06-03 13:00:00+00:00,79.155236896714,59.65034844503579,51.96329790243811,54.01070793765842,244.77959118184634
2018-06-03 14:00:00+00:00,49.24735769058155,36.9132567457189,32.38478263544389,33.5386404001112,152.08403747185554
2018-06-03 15:00:00+00:00,18.398630975005492,13.90002734048441,12.429747571234447,12.55616147902332,57.28456736574766
2018-06-03 16:00:00+00:00,0.0,0.0,0.0,0.984224778640791,0.984224778640791
2018-06-03 17:00:00+00:00,0.0,0.0,0.0,0.0,0.0
2018-06-03 18:00:00+00:00,0.0,0.0,0.0,0.0,0.0
2018-06-03 19:00:00+00:00,0.0,0.0,0.0,0.0,0.0
2018-06-03 20:00:00+00:00,0.0,0.0,0.0,0.0,0.0
2018-06-03 21:00:00+00:00,0.0,0.0,0.0,0.0,0.0
2018-06-03 22:00:00+00:00,0.0,0.0,0.0,0.0,0.0
2018-06-03 23:00:00+00:00,0.0,0.0,0.0,0.0,0.0
2018-06-04 00:00:00+00:00,0.0,0.0,0.0,0.0,0.0
2018-06-04 01:00:00+00:00,0.0,0.0,0.0,0.0,0.0
2018-06-04 02:00:00+00:00,0.0,0.0,0.0,0.0,0.0
2018-06-04 03:00:00+00:00,8.221413668998489,6.311965369471354,5.343891198907586,7.320524060061937,27.197794297439366
2018-06-04 04:00:00+00:00,23.1784475229164,17.59097782067785,14.63778188316131,17.95528515022957,73.36249237698513
2018-06-04 05:00:00+00:00,54.174812541995294,40.67481406008438,34.66212756303385,34.402792914629245,163.91454707974276
2018-06-04 06:00:00+00:00,83.13706489170546,62.544490889172934,53.85561431360072,57.35554993282048,256.89272002729956
2018-06-04 07:00:00+00:00,106.21161881467123,80.16966027958443,69.28265788829589,72.91349607250507,328.57743305505664
2018-06-04 08:00:00+00:00,121.92672995066599,92.19710569310902,79.65091591782625,83.34911334155993,377.1238649031612
2018-06-04 09:00:00+00:00,129.6810372715986,98.20521163337264,84.91050620579418,88.66329010978865,401.46004522055404
2018-06-04 10:00:00+00:00,129.13291571548177,97.71902941403624,84.71345589967329,77.24845762123007,388.81385865042137
2018-06-04 11:00:00+00:00,112.13352565145941,91.21128469628152,79.14040193976358,61.239331982151846,343.72454426965635
2018-06-04 12:00:00+00:00,103.59475312570612,78.59307576079284,68.34205379727914,68.98508734068962,319.5149700244677
2018-06-04 13:00:00+00:00,79.55006852102618,60.31381805474864,52.64542443178937,53.31820060972534,245.82751161728953
2018-06-04 14:00:00+00:00,49.61640869303858,37.61240121326261,33.0869789125511,33.01761837237083,153.33340719122313
2018-06-04 15:00:00+00:00,18.59301872300323,14.148084845062598,12.62776384197425,12.530484604060039,57.89935201410012
2018-06-04 16:00:00+00:00,0.0,0.0,0.0,0.8850776587416224,0.8850776587416224
2018-06-04 17:00:00+00:00,0.0,0.0,0.0,0.0,0.0
2018-06-04 18:00:00+00:00,0.0,0.0,0.0,0.0,0.0
2018-06-04 19:00:00+00:00,0.0,0.0,0.0,0.0,0.0
2018-06-04 20:00:00+00:00,0.0,0.0,0.0,0.0,0.0
2018-06-04 21:00:00+00:00,0.0,0.0,0.0,0.0,0.0
2018-06-04 22:00:00+00:00,0.0,0.0,0.0,0.0,0.0
2018-06-04 23:00:00+00:00,0.0,0.0,0.0,0.0,0.0
2018-06-05 00:00:00+00:00,0.0,0.0,0.0,0.0,0.0
2018-06-05 01:00:00+00:00,0.0,0.0,0.0,0.0,0.0
2018-06-05 02:00:00+00:00,0.0,0.0,0.0,0.0,0.0
2018-06-05 03:00:00+00:00,7.846749476712584,6.21379573787387,4.973441967295161,7.264792742929244,26.29877992481086
2018-06-05 04:00:00+00:00,22.663113710371313,17.357736302111384,14.25550886287931,17.83581623478846,72.11217511015047
2018-06-05 05:00:00+00:00,53.85062649049824,40.67436971732549,34.70707057948856,37.9981288376138,167.2301956249261
2018-06-05 06:00:00+00:00,82.84194032253168,62.63751047678928,53.876230669805445,57.260049639191195,256.6157311083176
2018-06-05 07:00:00+00:00,105.95614691101045,80.14607125004532,69.17768488622384,72.79638934451415,328.0762923917938
2018-06-05 08:00:00+00:00,121.64567650802672,92.1041299735374,79.61682769170689,83.20937045651515,376.57600462978615
2018-06-05 09:00:00+00:00,128.84755026637464,97.68515968919944,84.57329265014859,88.28388933901033,399.389891944733
2018-06-05 10:00:00+00:00,128.07593214429104,97.20293236554669,84.33829822226288,87.73561154441707,397.35277427651766
2018-06-05 11:00:00+00:00,119.18329888844929,90.74073630854599,78.83550599803195,81.5320865938142,370.2916277888414
2018-06-05 12:00:00+00:00,102.17969206459125,77.61987234789598,67.48728942990456,60.36637910879513,307.6532329511869
2018-06-05 13:00:00+00:00,78.04407640079228,59.43806617495727,51.94600254929699,53.604223660988076,243.03236878603462
2018-06-05 14:00:00+00:00,48.696986286549176,37.00473879059067,32.470374572701424,33.54718241544872,151.71928206528997
2018-06-05 15:00:00+00:00,18.47276540399573,14.079786765452017,12.566325747692309,12.698199717700113,57.817077634840174
2018-06-05 16:00:00+00:00,0.0,0.0,0.0,1.0231241664291497,1.0231241664291497
2018-06-05 17:00:00+00:00,0.0,0.0,0.0,0.0,0.0
2018-06-05 18:00:00+00:00,0.0,0.0,0.0,0.0,0.0
2018-06-05 19:00:00+00:00,0.0,0.0,0.0,0.0,0.0
2018-06-05 20:00:00+00:00,0.0,0.0,0.0,0.0,0.0
2018-06-05 21:00:00+00:00,0.0,0.0,0.0,0.0,0.0
2018-06-05 22:00:00+00:00,0.0,0.0,0.0,0.0,0.0
2018-06-05 23:00:00+00:00,0.0,0.0,0.0,0.0,0.0
2018-06-06 00:00:00+00:00,0.0,0.0,0.0,0.0,0.0
2018-06-06 01:00:00+00:00,0.0,0.0,0.0,0.0,0.0
2018-06-06 02:00:00+00:00,0.0,0.0,0.0,0.0,0.0
2018-06-06 03:00:00+00:00,8.555692327035997,6.609745572023082,5.476703233978555,6.29384105927592,26.935982192313553
2018-06-06 04:00:00+00:00,23.01945675558551,17.570658412263697,14.580759243472118,16.71653911086455,71.88741352218587
2018-06-06 05:00:00+00:00,52.69683012646021,39.59902806808016,33.90035115519235,36.99042733398236,163.18663668371508
2018-06-06 06:00:00+00:00,80.47170725345649,60.65004698975082,52.34530941128052,55.723360156228466,249.19042381071628
2018-06-06 07:00:00+00:00,103.02693805900253,77.68684275710544,67.17871836956975,70.88577764533224,318.77827683101
2018-06-06 08:00:00+00:00,118.2531140795237,89.2815914917894,77.32671061599827,80.96152101935922,365.8229372066706
2018-06-06 09:00:00+00:00,125.55812928008788,94.67886398679698,82.53707751327933,86.17486620342231,388.9489369835865
2018-06-06 10:00:00+00:00,125.26777109650709,94.30210604062174,82.27750615371454,85.62427879233448,387.4716620831779
2018-06-06 11:00:00+00:00,116.98739160708038,87.91892926673297,76.90791413455331,79.49361283260762,361.3078478409743
2018-06-06 12:00:00+00:00,100.93036159300186,75.73256776170857,66.50631310410276,68.13937432064861,311.3086167794618
2018-06-06 13:00:00+00:00,77.53997476239275,58.247702245243815,51.22461315068414,52.03592565740553,239.04821581572622
2018-06-06 14:00:00+00:00,48.61814734926257,36.425294446189916,32.192174020615376,32.50549896331441,149.74111477938226
2018-06-06 15:00:00+00:00,18.41436926853082,13.933631047037139,12.374728044913484,12.45430286199598,57.177031222477424
2018-06-06 16:00:00+00:00,0.0,0.19673434025713168,0.0,1.012090985651617,1.2088253259087487
2018-06-06 17:00:00+00:00,0.0,0.0,0.0,0.0,0.0
2018-06-06 18:00:00+00:00,0.0,0.0,0.0,0.0,0.0
2018-06-06 19:00:00+00:00,0.0,0.0,0.0,0.0,0.0
2018-06-06 20:00:00+00:00,0.0,0.0,0.0,0.0,0.0
2018-06-06 21:00:00+00:00,0.0,0.0,0.0,0.0,0.0
2018-06-06 22:00:00+00:00,0.0,0.0,0.0,0.0,0.0
2018-06-06 23:00:00+00:00,0.0,0.0,0.0,0.0,0.0
2018-06-07 00:00:00+00:00,0.0,0.0,0.0,0.0,0.0
2018-06-07 01:00:00+00:00,0.0,0.0,0.0,0.0,0.0
2018-06-07 02:00:00+00:00,0.0,0.0,0.0,0.0,0.0
2018-06-07 03:00:00+00:00,8.002558072627885,6.590596818004961,5.399962316073805,5.9639702829984245,25.957087489705074
2018-06-07 04:00:00+00:00,22.612922115606068,17.594662291355036,14.540186232976085,16.379019009285017,71.1267896492222
2018-06-07 05:00:00+00:00,53.08900672246314,40.11086439254725,34.24054119435403,36.56060502196338,164.00101733132777
2018-06-07 06:00:00+00:00,81.24119528446857,61.43634696602299,52.82937362692868,54.83995679060726,250.34687266802752
2018-06-07 07:00:00+00:00,103.49053587970971,78.22760789396095,67.56864618394495,69.02934663630143,318.316136593917
2018-06-07 08:00:00+00:00,118.36934132032755,89.51418703140327,77.41333352749909,78.15926335913579,363.45612523836576
2018-06-07 09:00:00+00:00,124.98248692878042,94.66516845573727,81.95378143523716,81.26059609726856,382.8620329170234
2018-06-07 10:00:00+00:00,124.33520184946245,94.133805368772,81.73033373748295,80.42180101513331,380.6211419708507
2018-06-07 11:00:00+00:00,115.94931839021322,87.58636511488882,76.34322208285249,74.39924020930007,354.27814579725464
2018-06-07 12:00:00+00:00,99.04653540880727,74.69810018129948,65.16008804035935,61.279651122906124,300.1843747533722
2018-06-07 13:00:00+00:00,75.8322773667265,57.25056353076086,50.111600663536585,46.131747994810354,229.3261895558343
2018-06-07 14:00:00+00:00,47.42318863823821,35.59387967095883,31.4767646585374,28.450502238742907,142.94433520647735
2018-06-07 15:00:00+00:00,18.177965450175005,13.764876638728632,12.243867922220218,11.141625988435905,55.32833599955976
2018-06-07 16:00:00+00:00,0.0,0.09823700010604734,0.0,0.09629453634119872,0.19453153644724608
2018-06-07 17:00:00+00:00,0.0,0.0,0.0,0.0,0.0
2018-06-07 18:00:00+00:00,0.0,0.0,0.0,0.0,0.0
2018-06-07 19:00:00+00:00,0.0,0.0,0.0,0.0,0.0
2018-06-07 20:00:00+00:00,0.0,0.0,0.0,0.0,0.0
2018-06-07 21:00:00+00:00,0.0,0.0,0.0,0.0,0.0
2018-06-07 22:00:00+00:00,0.0,0.0,0.0,0.0,0.0
2018-06-07 23:00:00+00:00,0.0,0.0,0.0,0.0,0.0
2018-06-08 00:00:00+00:00,0.0,0.0,0.0,0.0,0.0
2018-06-08 01:00:00+00:00,0.0,0.0,0.0,0.0,0.0
2018-06-08 02:00:00+00:00,0.0,0.0,0.0,0.0,0.0
2018-06-08 03:00:00+00:00,11.11988535726292,8.612526316763102,7.113610899514455,8.52006172939884,35.36608430293931
2018-06-08 04:00:00+00:00,26.818088572391297,20.750191731173466,17.167632557505954,19.466003812748372,84.20191667381908
2018-06-08 05:00:00+00:00,53.67759716348206,40.78995089357151,34.44876528526762,38.01444971172526,166.93076305404645
2018-06-08 06:00:00+00:00,79.27675673647697,60.34573419971146,51.56799818764824,55.870120316220934,247.0606094400576
2018-06-08 07:00:00+00:00,99.9226578837532,76.09386779228764,65.54155473656456,70.26586830908931,311.8239487216947
2018-06-08 08:00:00+00:00,113.97085344742607,87.06918739983004,75.08137922927548,79.71046005381054,355.83188013034214
2018-06-08 09:00:00+00:00,119.9121135790582,91.62068831906066,79.27544388243113,84.17581064517023,374.98405642572027
2018-06-08 10:00:00+00:00,119.61736223186037,91.3040053215839,79.29976054428296,83.18573901268537,373.4068671104126
2018-06-08 11:00:00+00:00,111.73929741354064,85.02864307796345,73.93433784191521,77.34710534821245,348.0493836816317
2018-06-08 12:00:00+00:00,96.30821015412474,73.24443425936579,63.82655502807778,65.67373602027564,299.05293546184396
2018-06-08 13:00:00+00:00,73.97371053877434,56.00434977613659,49.264326141272,50.359178047553264,229.60156450373617
2018-06-08 14:00:00+00:00,46.34002746537644,35.01515351823379,31.065167271807134,31.768853239527576,144.18920149494494
2018-06-08 15:00:00+00:00,18.05326168958418,13.781611103233004,12.316619653258558,12.632396011159623,56.78388845723536
2018-06-08 16:00:00+00:00,0.0,0.1308057067865725,0.5528998635289573,0.8687137418725974,1.5524193121881271
2018-06-08 17:00:00+00:00,0.0,0.0,0.0,0.0,0.0
2018-06-08 18:00:00+00:00,0.0,0.0,0.0,0.0,0.0
2018-06-08 19:00:00+00:00,0.0,0.0,0.0,0.0,0.0
2018-06-08 20:00:00+00:00,0.0,0.0,0.0,0.0,0.0
2018-06-08 21:00:00+00:00,0.0,0.0,0.0,0.0,0.0
2018-06-08 22:00:00+00:00,0.0,0.0,0.0,0.0,0.0
2018-06-08 23:00:00+00:00,0.0,0.0,0.0,0.0,0.0
2018-06-09 00:00:00+00:00,0.0,0.0,0.0,0.0,0.0
2018-06-09 01:00:00+00:00,0.0,0.0,0.0,0.0,0.0
2018-06-09 02:00:00+00:00,0.0,0.0,0.0,0.0,0.0
2018-06-09 03:00:00+00:00,9.508435625385005,7.103164059831569,6.293833565696933,6.987135122630136,29.892568373543643
2018-06-09 04:00:00+00:00,24.23712912150468,18.31713439097635,15.539613145081319,17.279417831366207,75.37329448892855
2018-06-09 05:00:00+00:00,54.27727863841049,40.810096887592344,34.935820364179456,37.08412452566482,167.10732041584708
2018-06-09 06:00:00+00:00,82.40408119211529,62.31158060645595,53.45114005707329,55.70582813495496,253.87262999059948
2018-06-09 07:00:00+00:00,104.7688769339432,79.55964450161582,68.47615715155736,70.69274979591965,323.49742838303604
2018-06-09 08:00:00+00:00,120.40506670463125,91.30117858602848,78.79978108267612,80.90565772247179,371.4116840958077
2018-06-09 09:00:00+00:00,128.74769169198015,97.61929416322418,84.32909734310749,86.49125752170207,397.18734072001394
2018-06-09 10:00:00+00:00,129.01158110846248,97.84904227715522,84.52677669495634,86.49116244787672,397.87856252845074
2018-06-09 11:00:00+00:00,121.04077554470712,91.80398063467712,79.47136503802109,80.84805388087031,373.1641750982757
2018-06-09 12:00:00+00:00,104.95201087111269,79.329450171757,69.1513325755601,70.2627795354894,323.6955731539192
2018-06-09 13:00:00+00:00,81.61486175032672,61.40548824205238,53.82760383094884,54.238086898781205,251.08604072210915
2018-06-09 14:00:00+00:00,51.784552283221785,38.755151477196634,34.06952521307538,34.274292776996134,158.88352175048993
2018-06-09 15:00:00+00:00,19.680253258616805,14.88573652178293,13.368904049620431,13.149433220265028,61.0843270502852
2018-06-09 16:00:00+00:00,0.0,0.32855941336126265,1.0184353812582614,1.2584960982520248,2.605490892871549
2018-06-09 17:00:00+00:00,0.0,0.0,0.0,0.0,0.0
2018-06-09 18:00:00+00:00,0.0,0.0,0.0,0.0,0.0
2018-06-09 19:00:00+00:00,0.0,0.0,0.0,0.0,0.0
2018-06-09 20:00:00+00:00,0.0,0.0,0.0,0.0,0.0
2018-06-09 21:00:00+00:00,0.0,0.0,0.0,0.0,0.0
2018-06-09 22:00:00+00:00,0.0,0.0,0.0,0.0,0.0
2018-06-09 23:00:00+00:00,0.0,0.0,0.0,0.0,0.0
2018-06-10 00:00:00+00:00,0.0,0.0,0.0,0.0,0.0
2018-06-10 01:00:00+00:00,0.0,0.0,0.0,0.0,0.0
2018-06-10 02:00:00+00:00,0.0,0.0,0.0,0.0,0.0
2018-06-10 03:00:00+00:00,9.160018620529906,7.036588056374426,5.998983411221477,6.443480184914206,28.639070273040012
2018-06-10 04:00:00+00:00,23.33359443650189,17.9008680315745,15.0142567934122,16.60678822537796,72.85550748686654
2018-06-10 05:00:00+00:00,52.90363316530899,39.88150426331089,34.03035772883085,36.75848826726079,163.5739834247115
2018-06-10 06:00:00+00:00,80.69838388519788,60.760805677597865,52.23208796892889,55.60247913498576,249.2937566667104
2018-06-10 07:00:00+00:00,102.96975976460556,77.65774934159178,66.94138703149918,70.74583333552238,318.3147294732189
2018-06-10 08:00:00+00:00,118.29841559944154,88.85660537276684,76.8885490514732,80.77140283356334,364.8149728572449
2018-06-10 09:00:00+00:00,125.28094965676252,93.81081128124322,81.09895866936073,85.10118904222138,385.29190864958787
2018-06-10 10:00:00+00:00,124.36931451230133,93.02294590774119,80.55023351167775,84.38867972224838,382.3311736539687
2018-06-10 11:00:00+00:00,115.1623030273054,86.07435604558464,74.85495925172236,78.54135016158722,354.6329684861996
2018-06-10 12:00:00+00:00,97.55135105822022,72.86662743656233,63.42773185014874,68.77055606579944,302.61626641073076
2018-06-10 13:00:00+00:00,73.93134822065548,55.32089824831332,48.186550921972945,52.95472970213228,230.39352709307403
2018-06-10 14:00:00+00:00,45.73697761730348,34.31553407947312,29.846154136181955,33.457125934024276,143.35579176698283
2018-06-10 15:00:00+00:00,18.152359765499703,13.391170730414945,11.870368276204344,13.094425078924225,56.508323851043215
2018-06-10 16:00:00+00:00,0.2651419968518396,0.2549491009472379,0.1849754486638938,1.2633308813860942,1.9683974278490655
2018-06-10 17:00:00+00:00,0.0,0.0,0.0,0.0,0.0
2018-06-10 18:00:00+00:00,0.0,0.0,0.0,0.0,0.0
2018-06-10 19:00:00+00:00,0.0,0.0,0.0,0.0,0.0
2018-06-10 20:00:00+00:00,0.0,0.0,0.0,0.0,0.0
2018-06-10 21:00:00+00:00,0.0,0.0,0.0,0.0,0.0
2018-06-10 22:00:00+00:00,0.0,0.0,0.0,0.0,0.0
2018-06-10 23:00:00+00:00,0.0,0.0,0.0,0.0,0.0
2018-06-11 00:00:00+00:00,0.0,0.0,0.0,0.0,0.0
2018-06-11 01:00:00+00:00,0.0,0.0,0.0,0.0,0.0
2018-06-11 02:00:00+00:00,0.0,0.0,0.0,0.0,0.0
2018-06-11 03:00:00+00:00,10.740095536049154,8.021509380146899,6.857606350561699,6.983899907169292,32.60311117392705
2018-06-11 04:00:00+00:00,25.49932511022643,19.351810070367215,16.256641242883276,16.678766854137532,77.78654327761446
2018-06-11 05:00:00+00:00,52.44410321923577,39.45275535765574,33.667483256637965,37.330254106099254,162.89459593962872
2018-06-11 06:00:00+00:00,79.53019920865704,59.82212065681632,51.17561810266019,57.13461386238278,247.66255183051635
2018-06-11 07:00:00+00:00,101.98674475965129,76.6522822556034,65.89311422278378,72.76267586382838,317.2948171018668
2018-06-11 08:00:00+00:00,117.48128067761195,88.4658589724971,75.92160512679393,83.25638828179409,365.1251330586971
2018-06-11 09:00:00+00:00,125.56155455353735,94.50733244024502,81.33954699855902,88.34304962784806,389.75148362018945
2018-06-11 10:00:00+00:00,125.3958475999016,94.46156599626556,81.45372629594551,87.88466927720876,389.1958091693215
2018-06-11 11:00:00+00:00,117.27345227149544,88.17912564756573,76.13119467078162,81.88928585744854,363.47305844729135
2018-06-11 12:00:00+00:00,101.60107867146291,76.53500932494981,66.32185634940302,70.8451297926118,315.3030741384275
2018-06-11 13:00:00+00:00,78.15480208398276,58.66362049103125,51.11180521101336,54.72640899621243,242.65663678223981
2018-06-11 14:00:00+00:00,48.73726458201244,36.52164659934048,32.08679651800856,34.64260578155637,151.98831348091784
2018-06-11 15:00:00+00:00,18.835068512661678,14.195148017236018,12.669064886481417,13.334002546613181,59.0332839629923
2018-06-11 16:00:00+00:00,0.9798373021763873,0.6424314150244446,0.7400232219109382,1.325685377164242,3.687977316276012
2018-06-11 17:00:00+00:00,0.0,0.0,0.0,0.0,0.0
2018-06-11 18:00:00+00:00,0.0,0.0,0.0,0.0,0.0
2018-06-11 19:00:00+00:00,0.0,0.0,0.0,0.0,0.0
2018-06-11 20:00:00+00:00,0.0,0.0,0.0,0.0,0.0
2018-06-11 21:00:00+00:00,0.0,0.0,0.0,0.0,0.0
2018-06-11 22:00:00+00:00,0.0,0.0,0.0,0.0,0.0
2018-06-11 23:00:00+00:00,0.0,0.0,0.0,0.0,0.0
2018-06-12 00:00:00+00:00,0.0,0.0,0.0,0.0,0.0
2018-06-12 01:00:00+00:00,0.0,0.0,0.0,0.0,0.0
2018-06-12 02:00:00+00:00,0.0,0.0,0.0,0.0,0.0
2018-06-12 03:00:00+00:00,9.60557558223305,7.3655847293832,6.260938183600435,5.919581823357445,29.15168031857413
2018-06-12 04:00:00+00:00,24.044311956387375,18.58400470681952,15.544544263972531,15.87483219327883,74.04769312045826
2018-06-12 05:00:00+00:00,52.518675555433575,39.652245753715874,33.710259897768495,36.93480960056989,162.81599080748782
2018-06-12 06:00:00+00:00,80.1590754518408,60.27715124116056,51.558347872167204,56.55345862143523,248.54803318660382
2018-06-12 07:00:00+00:00,102.5602296323309,77.01583578268082,66.30692771809517,72.22459391549023,318.1075870485971
2018-06-12 08:00:00+00:00,117.9129859634352,88.57060418570943,76.64195092445406,82.8227092116506,365.9482502852493
2018-06-12 09:00:00+00:00,125.74114544765415,94.76614630533015,82.22401070494179,57.22900442233249,359.9603068802586
2018-06-12 10:00:00+00:00,125.4590786938073,94.64357827932925,82.44064604658352,74.37570270815735,376.91900572787745
2018-06-12 11:00:00+00:00,117.34882842755843,71.80230039160759,50.77226415733109,49.36577566251644,289.28916863901355
2018-06-12 12:00:00+00:00,101.47815939964975,65.18853675826496,66.76525525798726,43.26707740960791,276.6990288255099
2018-06-12 13:00:00+00:00,77.92346548237643,58.29219590785462,51.22025681521832,27.638653776658682,215.07457198210804
2018-06-12 14:00:00+00:00,48.585635586152904,36.23288622574157,31.892846056826105,1.7469678713655208,118.4583357400861
2018-06-12 15:00:00+00:00,18.83810573955213,14.227547612355544,12.70669944383654,7.6886488441667815,53.46100163991099
2018-06-12 16:00:00+00:00,0.8486597563906388,0.5836691871440375,0.5619025965382048,1.231175755228805,3.225407295301686
2018-06-12 17:00:00+00:00,0.0,0.0,0.0,0.0,0.0
2018-06-12 18:00:00+00:00,0.0,0.0,0.0,0.0,0.0
2018-06-12 19:00:00+00:00,0.0,0.0,0.0,0.0,0.0
2018-06-12 20:00:00+00:00,0.0,0.0,0.0,0.0,0.0
2018-06-12 21:00:00+00:00,0.0,0.0,0.0,0.0,0.0
2018-06-12 22:00:00+00:00,0.0,0.0,0.0,0.0,0.0
2018-06-12 23:00:00+00:00,0.0,0.0,0.0,0.0,0.0
2018-06-13 00:00:00+00:00,0.0,0.0,0.0,0.0,0.0
2018-06-13 01:00:00+00:00,0.0,0.0,0.0,0.0,0.0
2018-06-13 02:00:00+00:00,0.0,0.0,0.0,0.0,0.0
2018-06-13 03:00:00+00:00,10.367274651967247,7.887572332660245,6.668727171590676,7.436450361266111,32.36002451748428
2018-06-13 04:00:00+00:00,24.06916222354124,18.689784990688473,15.612250218672298,17.56939789690383,75.94059532980583
2018-06-13 05:00:00+00:00,52.54012026314818,39.69930715686389,33.88501118336745,38.43960680113065,164.56404540451018
2018-06-13 06:00:00+00:00,80.84466385433076,55.03225536380189,52.14462397430867,53.88239368642655,241.90393687886788
2018-06-13 07:00:00+00:00,103.78311584869523,77.92128310678976,67.18448726743986,71.03348937577704,319.9223755987019
2018-06-13 08:00:00+00:00,119.666480179002,89.86864878832324,77.73132718274063,34.97829629297708,322.24475244304296
2018-06-13 09:00:00+00:00,126.92589643985346,78.09534766537371,82.58082117658981,66.83265523735244,354.43472051916945
2018-06-13 10:00:00+00:00,126.30889080801603,94.9282768877117,82.43228245562143,56.194239053841244,359.86368920519044
2018-06-13 11:00:00+00:00,117.54879845800698,71.50262160089775,76.89622139363959,53.72240021437566,319.67004166692
2018-06-13 12:00:00+00:00,101.08058597625667,75.69941869550479,66.18249968224487,5.735343234952306,248.6978475889586
2018-06-13 13:00:00+00:00,77.23918669607471,57.8261508151672,50.65793707604519,49.78332702869313,235.50660161598023
2018-06-13 14:00:00+00:00,48.316963109902325,36.1346071597204,31.839977836174768,32.687106202851055,148.97865430864854
2018-06-13 15:00:00+00:00,19.06878548555501,14.403548028376221,12.746299081075096,13.068202926122598,59.28683552112892
2018-06-13 16:00:00+00:00,1.2177254955324353,0.9035963255816225,0.8394813649890334,1.1797626542420632,4.140565840345154
2018-06-13 17:00:00+00:00,0.0,0.0,0.0,0.0,0.0
2018-06-13 18:00:00+00:00,0.0,0.0,0.0,0.0,0.0
2018-06-13 19:00:00+00:00,0.0,0.0,0.0,0.0,0.0
2018-06-13 20:00:00+00:00,0.0,0.0,0.0,0.0,0.0
2018-06-13 21:00:00+00:00,0.0,0.0,0.0,0.0,0.0
2018-06-13 22:00:00+00:00,0.0,0.0,0.0,0.0,0.0
2018-06-13 23:00:00+00:00,0.0,0.0,0.0,0.0,0.0
2018-06-14 00:00:00+00:00,0.0,0.0,0.0,0.0,0.0
2018-06-14 01:00:00+00:00,0.0,0.0,0.0,0.0,0.0
2018-06-14 02:00:00+00:00,0.0,0.0,0.0,0.0,0.0
2018-06-14 03:00:00+00:00,7.566619767127692,5.959730960751342,5.076114339298321,5.918571503685434,24.52103657086279
2018-06-14 04:00:00+00:00,21.31915575651709,16.411499236425495,13.64036150882579,15.761402108721649,67.13241861049003
2018-06-14 05:00:00+00:00,51.79238951090017,38.89197850430614,33.19730308950749,36.22703664427482,160.10870774898862
2018-06-14 06:00:00+00:00,80.37569257095684,60.26549795381844,51.8348838712022,55.48799257059133,247.96406696656882
2018-06-14 07:00:00+00:00,103.21006443711218,77.54069612540472,66.84254073491087,71.20987661489309,318.80317791232085
2018-06-14 08:00:00+00:00,118.84909984606585,89.411048716997,77.1839633986944,81.96663533852902,367.4107473002863
2018-06-14 09:00:00+00:00,126.81203229392347,95.18394003894397,82.24177765162887,87.41801034644216,391.65576033093845
2018-06-14 10:00:00+00:00,126.43715501500081,94.83230162987154,81.97029446370878,87.2079682881924,390.44771939677355
2018-06-14 11:00:00+00:00,117.77974133894205,88.33554464568931,76.37306899783528,81.24984288018229,363.7381978626489
2018-06-14 12:00:00+00:00,101.72513806665964,76.21965141427735,65.90231428106033,70.36003389494348,314.20713765694086
2018-06-14 13:00:00+00:00,77.89858992166319,58.275192975126785,50.55551320353646,54.214401790586024,240.94369789091246
2018-06-14 14:00:00+00:00,48.872576922166715,36.6096425834037,31.78203381734862,34.303378452316245,151.56763177523527
2018-06-14 15:00:00+00:00,19.25824029551969,14.526695114270087,12.835002650928896,13.452456513819477,60.07239457453816
2018-06-14 16:00:00+00:00,1.2080864654213093,0.8642081062041027,0.740917734521112,1.367224739171289,4.180437045317813
2018-06-14 17:00:00+00:00,0.0,0.0,0.0,0.0,0.0
2018-06-14 18:00:00+00:00,0.0,0.0,0.0,0.0,0.0
2018-06-14 19:00:00+00:00,0.0,0.0,0.0,0.0,0.0
2018-06-14 20:00:00+00:00,0.0,0.0,0.0,0.0,0.0
2018-06-14 21:00:00+00:00,0.0,0.0,0.0,0.0,0.0
2018-06-14 22:00:00+00:00,0.0,0.0,0.0,0.0,0.0
2018-06-14 23:00:00+00:00,0.0,0.0,0.0,0.0,0.0
2018-06-15 00:00:00+00:00,0.0,0.0,0.0,0.0,0.0
2018-06-15 01:00:00+00:00,0.0,0.0,0.0,0.0,0.0
2018-06-15 02:00:00+00:00,0.0,0.0,0.0,0.0,0.0
2018-06-15 03:00:00+00:00,8.353810438763515,6.513088123507132,5.332945420210834,5.320122036030509,25.51996601851199
2018-06-15 04:00:00+00:00,22.167564766923597,16.909441296864586,14.080760513115466,15.531988441937822,68.68975501884147
2018-06-15 05:00:00+00:00,52.31109061489274,39.31271689653622,33.54839151885024,37.28268676611215,162.45488579639135
2018-06-15 06:00:00+00:00,80.80073853812402,60.78474623834149,52.30742649628336,57.281495251566604,251.1744065243155
2018-06-15 07:00:00+00:00,103.84581191483096,78.21708318841168,67.59806479320325,73.26020538527132,322.9211652817172
2018-06-15 08:00:00+00:00,119.69156702408984,90.21719362249006,78.06828234600171,83.82942685494433,371.80646984752593
2018-06-15 09:00:00+00:00,127.61227735146755,96.25272643959296,83.69061342845126,89.08104929542753,396.6366665149393
2018-06-15 10:00:00+00:00,127.93498482279693,96.45929057099205,83.9157889642636,88.63060687064736,396.9406712286999
2018-06-15 11:00:00+00:00,119.88917941509867,90.33765511094892,78.82007525625141,82.6248499898818,371.6717597721808
2018-06-15 12:00:00+00:00,103.96590901000195,78.34937387502613,68.49931497549774,71.46681184345998,322.2814097039858
2018-06-15 13:00:00+00:00,80.45853348464567,60.62303845231115,53.256261807751315,55.184154451830096,249.52198819653825
2018-06-15 14:00:00+00:00,51.145294576272825,38.50703502097046,34.11898633563222,34.99568286035804,158.76699879323357
2018-06-15 15:00:00+00:00,20.10667266221837,15.314797403449285,13.707025850602387,13.757100350003526,62.885596266273566
2018-06-15 16:00:00+00:00,1.6846805634693425,1.320564633370442,1.2080209328279443,1.4654720057932837,5.678738135461012
2018-06-15 17:00:00+00:00,0.0,0.0,0.0,0.0,0.0
2018-06-15 18:00:00+00:00,0.0,0.0,0.0,0.0,0.0
2018-06-15 19:00:00+00:00,0.0,0.0,0.0,0.0,0.0
2018-06-15 20:00:00+00:00,0.0,0.0,0.0,0.0,0.0
2018-06-15 21:00:00+00:00,0.0,0.0,0.0,0.0,0.0
2018-06-15 22:00:00+00:00,0.0,0.0,0.0,0.0,0.0
2018-06-15 23:00:00+00:00,0.0,0.0,0.0,0.0,0.0
2018-06-16 00:00:00+00:00,0.0,0.0,0.0,0.0,0.0
2018-06-16 01:00:00+00:00,0.0,0.0,0.0,0.0,0.0
2018-06-16 02:00:00+00:00,0.0,0.0,0.0,0.0,0.0
2018-06-16 03:00:00+00:00,10.676618952491017,7.914231046381938,6.9098114485782975,6.678203829318514,32.17886527676976
2018-06-16 04:00:00+00:00,25.52406836436608,19.394965140243606,16.7650122469173,16.638743748811365,78.32278950033836
2018-06-16 05:00:00+00:00,52.21594062137278,39.27800063629164,33.789389572898905,35.937227676852146,161.2205585074155
2018-06-16 06:00:00+00:00,78.2440170699206,58.71365582499979,50.603100544271136,53.936622302223476,241.497395741415
2018-06-16 07:00:00+00:00,99.67729915449468,74.74453661785972,64.58903201125013,68.19286596187342,307.20373374547796
2018-06-16 08:00:00+00:00,113.88090994139844,85.29387192909527,73.89342394966808,77.75475561992292,350.82296144008467
2018-06-16 09:00:00+00:00,121.37487604123851,90.94485441331393,78.89538661730872,83.22743771300783,374.44255478486895
2018-06-16 10:00:00+00:00,120.10567172454057,90.08710456002824,78.03976446604439,82.46278820296943,370.69532895358265
2018-06-16 11:00:00+00:00,111.32360129453483,83.6521664050199,72.60041990547298,76.07362012762208,343.6498077326498
2018-06-16 12:00:00+00:00,95.99801378842548,72.13659522144567,62.543483036315465,65.90661672505698,296.58470877124364
2018-06-16 13:00:00+00:00,73.4494605251009,54.986068604192475,47.95944022786924,50.178055592253465,226.57302494941607
2018-06-16 14:00:00+00:00,33.303166057344065,32.99746300806278,29.787394361368825,31.2574770905192,127.34550051729487
2018-06-16 15:00:00+00:00,5.321061187154108,6.768774046236256,11.874872804708843,12.666391221526732,36.63109925962594
2018-06-16 16:00:00+00:00,0.27574635202487535,0.1782882278366754,0.18266462442094467,0.6673725630132581,1.3040717672957536
2018-06-16 17:00:00+00:00,0.0,0.0,0.0,0.0,0.0
2018-06-16 18:00:00+00:00,0.0,0.0,0.0,0.0,0.0
2018-06-16 19:00:00+00:00,0.0,0.0,0.0,0.0,0.0
2018-06-16 20:00:00+00:00,0.0,0.0,0.0,0.0,0.0
2018-06-16 21:00:00+00:00,0.0,0.0,0.0,0.0,0.0
2018-06-16 22:00:00+00:00,0.0,0.0,0.0,0.0,0.0
2018-06-16 23:00:00+00:00,0.0,0.0,0.0,0.0,0.0
2018-06-17 00:00:00+00:00,0.0,0.0,0.0,0.0,0.0
2018-06-17 01:00:00+00:00,0.0,0.0,0.0,0.0,0.0
2018-06-17 02:00:00+00:00,0.0,0.0,0.0,0.0,0.0
2018-06-17 03:00:00+00:00,11.163696530703165,8.268854391877131,6.888256298168769,0.5872580365813476,26.908065257330414
2018-06-17 04:00:00+00:00,26.905255793779496,20.729921382840743,17.226100963019128,20.708736473063226,85.5700146127026
2018-06-17 05:00:00+00:00,51.704663561314845,39.1519660121308,33.36641513655498,36.944461436813064,161.16750614681368
2018-06-17 06:00:00+00:00,76.56548805461163,57.79871219826923,49.699012085522504,53.72145894592373,237.7846712843271
2018-06-17 07:00:00+00:00,97.13976998558243,73.2439138680455,63.262632088281634,67.66686678143415,301.31318272334374
2018-06-17 08:00:00+00:00,111.47999244055075,83.90226789530784,72.73566471942047,77.42672680820381,345.54465186348284
2018-06-17 09:00:00+00:00,118.55304339891573,89.18418347192043,77.16905101533274,83.82990886959261,368.73618675576154
2018-06-17 10:00:00+00:00,117.77766064233015,88.62318330616,76.6927462823396,83.78734949339479,366.88093972422456
2018-06-17 11:00:00+00:00,109.38145785328189,82.26118173542983,71.07184447031571,78.36969038232695,341.0841744413544
2018-06-17 12:00:00+00:00,94.21348209587589,70.87517941712659,61.64466836634642,68.41035148424143,295.1436813635903
2018-06-17 13:00:00+00:00,71.92935301535167,54.02491891951285,47.099545275981114,52.50263454845657,225.5564517593022
2018-06-17 14:00:00+00:00,44.99032047651379,33.7765489940745,29.546401749380006,33.13649411559469,141.44976533556297
2018-06-17 15:00:00+00:00,18.23478188355487,13.624767038958563,12.061754815243823,13.316684526761591,57.23798826451885
2018-06-17 16:00:00+00:00,0.4183711233514876,0.25488136632276703,0.2767626063829132,1.2686624885626423,2.21867758461981
2018-06-17 17:00:00+00:00,0.0,0.0,0.0,0.0,0.0
2018-06-17 18:00:00+00:00,0.0,0.0,0.0,0.0,0.0
2018-06-17 19:00:00+00:00,0.0,0.0,0.0,0.0,0.0
2018-06-17 20:00:00+00:00,0.0,0.0,0.0,0.0,0.0
2018-06-17 21:00:00+00:00,0.0,0.0,0.0,0.0,0.0
2018-06-17 22:00:00+00:00,0.0,0.0,0.0,0.0,0.0
2018-06-17 23:00:00+00:00,0.0,0.0,0.0,0.0,0.0
2018-06-18 00:00:00+00:00,0.0,0.0,0.0,0.0,0.0
2018-06-18 01:00:00+00:00,0.0,0.0,0.0,0.0,0.0
2018-06-18 02:00:00+00:00,0.0,0.0,0.0,0.0,0.0
2018-06-18 03:00:00+00:00,11.19519506604221,8.291960953665654,6.86990857565699,5.157750487061929,31.514815082426782
2018-06-18 04:00:00+00:00,27.315896533215305,20.729157594101498,17.23070266139422,14.972401620080685,80.24815840879171
2018-06-18 05:00:00+00:00,52.11060024386659,39.40100978771724,33.55881423920121,36.55608642531317,161.62651069609822
2018-06-18 06:00:00+00:00,77.00167848860025,58.23642982388402,49.93877042770386,56.2699325824741,241.4468113226622
2018-06-18 07:00:00+00:00,97.77080910187667,74.01967428155814,63.65771843933404,71.92319390368786,307.37139572645674
2018-06-18 08:00:00+00:00,112.29174292114165,84.99204363844092,73.1802849830195,82.85020329130768,353.31427483390974
2018-06-18 09:00:00+00:00,119.78709432373279,90.56172263158963,77.70215076047018,88.58769962648974,376.6386673422823
2018-06-18 10:00:00+00:00,118.84541318941552,81.73470866489679,62.03276876642675,88.57240178484423,351.18529240558325
2018-06-18 11:00:00+00:00,109.94151702958166,73.13822725804643,71.67078875715137,82.89756052188399,337.6480935666635
2018-06-18 12:00:00+00:00,94.93986777622843,72.00283274010917,62.17213982180639,71.76139947620729,300.87623981435127
2018-06-18 13:00:00+00:00,72.6413538971133,55.142561325533244,47.67852710788981,55.45830791701998,230.92075024755633
2018-06-18 14:00:00+00:00,45.53497660806645,34.78622301631559,30.116662670365084,35.29315287519993,145.73101516994706
2018-06-18 15:00:00+00:00,18.54812299542256,14.209766812789482,12.442815673737607,13.937557305359782,59.13826278730943
2018-06-18 16:00:00+00:00,0.6477744729514365,0.617812549906294,0.46303563805839415,1.56885012652948,3.2974727874456047
2018-06-18 17:00:00+00:00,0.0,0.0,0.0,0.0,0.0
2018-06-18 18:00:00+00:00,0.0,0.0,0.0,0.0,0.0
2018-06-18 19:00:00+00:00,0.0,0.0,0.0,0.0,0.0
2018-06-18 20:00:00+00:00,0.0,0.0,0.0,0.0,0.0
2018-06-18 21:00:00+00:00,0.0,0.0,0.0,0.0,0.0
2018-06-18 22:00:00+00:00,0.0,0.0,0.0,0.0,0.0
2018-06-18 23:00:00+00:00,0.0,0.0,0.0,0.0,0.0
2018-06-19 00:00:00+00:00,0.0,0.0,0.0,0.0,0.0
2018-06-19 01:00:00+00:00,0.0,0.0,0.0,0.0,0.0
2018-06-19 02:00:00+00:00,0.0,0.0,0.0,0.0,0.0
2018-06-19 03:00:00+00:00,11.117082133809461,8.217423628075956,6.909691956144289,6.059056911799319,32.30325462982903
2018-06-19 04:00:00+00:00,26.244499151223298,19.798366164777207,16.6812292120021,15.748449801459632,78.47254432946224
2018-06-19 05:00:00+00:00,52.27902211390419,39.691513951783975,33.66454659923926,37.00069634108696,162.6357790060144
2018-06-19 06:00:00+00:00,78.41500224887055,59.36782111830365,50.82585527301728,56.41287091546787,245.02154955565936
2018-06-19 07:00:00+00:00,100.2834575974203,75.74862863003202,65.14693025102875,72.04076550641565,313.2197819848967
2018-06-19 08:00:00+00:00,115.3014570394314,86.95759354986755,75.10263779655847,82.50703489038828,359.8687232762457
2018-06-19 09:00:00+00:00,122.89710736471417,92.86981013180048,80.31100342466304,87.49477887824864,383.57269979942635
2018-06-19 10:00:00+00:00,122.80897944234104,92.83241759150421,80.49420958808656,87.65665620575723,383.792262827689
2018-06-19 11:00:00+00:00,114.57084327451307,86.82600610111889,75.45488075458677,82.23608903488122,359.0878191651
2018-06-19 12:00:00+00:00,98.75729575027452,74.82218849317388,64.9444672930022,71.78652436793425,310.3104759043849
2018-06-19 13:00:00+00:00,75.79453130682178,57.458640387253055,50.0078833053518,55.840501711931495,239.1015567113581
2018-06-19 14:00:00+00:00,47.96030357807164,36.29566806262543,31.763535364824598,35.516965004516635,151.5364720100383
2018-06-19 15:00:00+00:00,19.299359467687278,14.700056102891953,13.106917510642832,14.017668624416935,61.124001705638996
2018-06-19 16:00:00+00:00,1.3478964909253293,1.0702953477115769,1.0196330670508758,1.5661041666449163,5.0039290723326975
2018-06-19 17:00:00+00:00,0.0,0.0,0.0,0.0,0.0
2018-06-19 18:00:00+00:00,0.0,0.0,0.0,0.0,0.0
2018-06-19 19:00:00+00:00,0.0,0.0,0.0,0.0,0.0
2018-06-19 20:00:00+00:00,0.0,0.0,0.0,0.0,0.0
2018-06-19 21:00:00+00:00,0.0,0.0,0.0,0.0,0.0
2018-06-19 22:00:00+00:00,0.0,0.0,0.0,0.0,0.0
2018-06-19 23:00:00+00:00,0.0,0.0,0.0,0.0,0.0
2018-06-20 00:00:00+00:00,0.0,0.0,0.0,0.0,0.0
2018-06-20 01:00:00+00:00,0.0,0.0,0.0,0.0,0.0
2018-06-20 02:00:00+00:00,0.0,0.0,0.0,0.0,0.0
2018-06-20 03:00:00+00:00,8.005357736857558,6.150338017274805,5.079303431102242,5.778713508051964,25.01371269328657
2018-06-20 04:00:00+00:00,21.076737143806945,16.075865553000607,13.329243978374791,15.399320995903985,65.88116767108633
2018-06-20 05:00:00+00:00,51.0715490639967,38.56650664998247,32.95859267752906,35.804365004937154,158.4010133964454
2018-06-20 06:00:00+00:00,79.40228334703684,60.05120962471848,51.74461075954407,55.11224344006111,246.3103471713605
2018-06-20 07:00:00+00:00,102.56897849660845,77.49973388519669,66.946962971611,70.71592913110169,317.73160448451785
2018-06-20 08:00:00+00:00,118.35577163516095,89.66942290089894,77.59101719523083,81.34356116538079,366.9597728966715
2018-06-20 09:00:00+00:00,126.31251868647246,95.61939659476266,82.92961948367682,87.33797224598248,392.1995070108944
2018-06-20 10:00:00+00:00,126.68811457527576,95.62314419555908,83.11528383649133,87.50933458039604,392.9358771877222
2018-06-20 11:00:00+00:00,118.84524250459859,89.74175687668912,78.264652518079,82.23036811107745,369.0820200104442
2018-06-20 12:00:00+00:00,103.26996439138595,77.66999561384722,67.85208708105844,71.60978162944969,320.4018287157413
2018-06-20 13:00:00+00:00,80.03163489032804,60.14127794865643,52.75962099364912,56.06153673187063,248.99407056450423
2018-06-20 14:00:00+00:00,50.883368394537314,38.299354762022716,33.71361513293241,35.99467984203731,158.89101813152973
2018-06-20 15:00:00+00:00,20.24940118748463,15.40147383397533,13.658635834331378,14.257672709169583,63.56718356496092
2018-06-20 16:00:00+00:00,1.7752914630175005,1.396910098666054,1.3005169049858125,1.4796510686173896,5.952369535286756
2018-06-20 17:00:00+00:00,0.0,0.0,0.0,0.0,0.0
2018-06-20 18:00:00+00:00,0.0,0.0,0.0,0.0,0.0
2018-06-20 19:00:00+00:00,0.0,0.0,0.0,0.0,0.0
2018-06-20 20:00:00+00:00,0.0,0.0,0.0,0.0,0.0
2018-06-20 21:00:00+00:00,0.0,0.0,0.0,0.0,0.0
2018-06-20 22:00:00+00:00,0.0,0.0,0.0,0.0,0.0
2018-06-20 23:00:00+00:00,0.0,0.0,0.0,0.0,0.0
2018-06-21 00:00:00+00:00,0.0,0.0,0.0,0.0,0.0
2018-06-21 01:00:00+00:00,0.0,0.0,0.0,0.0,0.0
2018-06-21 02:00:00+00:00,0.0,0.0,0.0,0.0,0.0
2018-06-21 03:00:00+00:00,7.395778933264775,5.815768858705773,5.017133177284894,6.095518368179128,24.32419933743457
2018-06-21 04:00:00+00:00,20.935165610981585,16.143054840559245,13.43865317838253,15.520870349436471,66.03774397935983
2018-06-21 05:00:00+00:00,51.27081688269638,38.687446452858296,33.00558740843984,36.40391695978593,159.36776770378043
2018-06-21 06:00:00+00:00,79.5414063394442,59.8707264217702,51.39100973207213,56.042217769745925,246.84536026303243
2018-06-21 07:00:00+00:00,102.3023925868491,77.15704182357787,66.19560207573537,71.53387510358394,317.1889115897463
2018-06-21 08:00:00+00:00,117.95363742489675,88.80063467370198,76.38414891828594,82.0426977291134,365.18111874599805
2018-06-21 09:00:00+00:00,124.36038972279124,93.10133722095489,80.08416276309508,86.78694719880609,384.3328369056473
2018-06-21 10:00:00+00:00,123.25640694910248,92.27184213212259,79.54792851683989,86.47033006457389,381.5465076626388
2018-06-21 11:00:00+00:00,114.39718768925772,85.80187976575472,73.84062399259525,80.77030419099349,354.80999563860115
2018-06-21 12:00:00+00:00,100.10191177386673,75.24404070724432,64.94095615859723,70.00320351201691,310.2901121517252
2018-06-21 13:00:00+00:00,77.29368636053992,57.840519389293426,50.03131483523487,53.9329234233917,239.09844400845992
2018-06-21 14:00:00+00:00,48.56160224539887,36.23638709023139,31.496448221517532,34.05522136972368,150.34965892687148
2018-06-21 15:00:00+00:00,19.36963280661385,14.511797802410463,12.771341583601377,13.643844860773973,60.296617053399665
2018-06-21 16:00:00+00:00,1.0690990646301906,0.7580615581811647,0.6510281625193538,1.4620575920377026,3.9402463773684118
2018-06-21 17:00:00+00:00,0.0,0.0,0.0,0.0,0.0
2018-06-21 18:00:00+00:00,0.0,0.0,0.0,0.0,0.0
2018-06-21 19:00:00+00:00,0.0,0.0,0.0,0.0,0.0
2018-06-21 20:00:00+00:00,0.0,0.0,0.0,0.0,0.0
2018-06-21 21:00:00+00:00,0.0,0.0,0.0,0.0,0.0
2018-06-21 22:00:00+00:00,0.0,0.0,0.0,0.0,0.0
2018-06-21 23:00:00+00:00,0.0,0.0,0.0,0.0,0.0
2018-06-22 00:00:00+00:00,0.0,0.0,0.0,0.0,0.0
2018-06-22 01:00:00+00:00,0.0,0.0,0.0,0.0,0.0
2018-06-22 02:00:00+00:00,0.0,0.0,0.0,0.0,0.0
2018-06-22 03:00:00+00:00,10.415209813774798,7.747399639542859,6.5462792614259415,6.201075522966255,30.90996423770985
2018-06-22 04:00:00+00:00,24.995330482216314,19.41155374836791,16.228000394300725,15.667225156776343,76.30210978166129
2018-06-22 05:00:00+00:00,51.019487987351525,38.57775793177971,32.81968380188364,36.42977923017628,158.84670895119115
2018-06-22 06:00:00+00:00,76.98119338136644,57.64758132360515,49.38696181699095,55.86652864555958,239.88226516752212
2018-06-22 07:00:00+00:00,98.42631803729307,73.65477152968825,63.1909152154967,71.41379777825003,306.685802560728
2018-06-22 08:00:00+00:00,113.35176188289651,84.88988380675991,72.93322144736891,81.8066957039056,352.9815628409309
2018-06-22 09:00:00+00:00,121.29589730011381,90.79205255620181,77.95558308910428,86.57827787013973,376.6218108155596
2018-06-22 10:00:00+00:00,120.86068044468675,90.60247807065932,77.71998343436024,85.7305720767118,374.91371402641806
2018-06-22 11:00:00+00:00,112.56403237333677,84.51287724973714,72.53764427730971,79.4424502564776,349.05700415686124
2018-06-22 12:00:00+00:00,96.7569559602143,72.69072435944885,62.502658638343874,68.0266108447534,299.97694980276043
2018-06-22 13:00:00+00:00,74.23088485142618,55.63839970661159,48.05553438729856,52.05622112573004,229.9810400710664
2018-06-22 14:00:00+00:00,46.79603385203677,35.082176246929826,30.454857107975254,32.9834846599646,145.31655186690648
2018-06-22 15:00:00+00:00,19.073889804461928,14.348358304796974,12.68887402440399,13.445230112958175,59.55635224662106
2018-06-22 16:00:00+00:00,1.0624252117697126,0.7200379330799762,0.6436760848649202,1.4541736769822573,3.8803129066968665
2018-06-22 17:00:00+00:00,0.0,0.0,0.0,0.0,0.0
2018-06-22 18:00:00+00:00,0.0,0.0,0.0,0.0,0.0
2018-06-22 19:00:00+00:00,0.0,0.0,0.0,0.0,0.0
2018-06-22 20:00:00+00:00,0.0,0.0,0.0,0.0,0.0
2018-06-22 21:00:00+00:00,0.0,0.0,0.0,0.0,0.0
2018-06-22 22:00:00+00:00,0.0,0.0,0.0,0.0,0.0
2018-06-22 23:00:00+00:00,0.0,0.0,0.0,0.0,0.0
2018-06-23 00:00:00+00:00,0.0,0.0,0.0,0.0,0.0
2018-06-23 01:00:00+00:00,0.0,0.0,0.0,0.0,0.0
2018-06-23 02:00:00+00:00,0.0,0.0,0.0,0.0,0.0
2018-06-23 03:00:00+00:00,9.505818187366215,7.203057553976915,6.028587572769733,6.516574250049026,29.254037564161887
2018-06-23 04:00:00+00:00,23.016008245075355,17.554730782074778,14.709818052300037,16.09568416275151,71.37624124220167
2018-06-23 05:00:00+00:00,50.504794289923865,38.133985647639605,32.505194833474285,36.063311121944345,157.2072858929821
2018-06-23 06:00:00+00:00,77.32751976420698,58.32682554459332,50.06809170460833,55.04202925612168,240.76446626953032
2018-06-23 07:00:00+00:00,99.27907990517267,74.96477639561495,64.53578635469682,70.41920244099904,309.1988450964835
2018-06-23 08:00:00+00:00,114.58831919630268,86.49420434697414,74.58683419645143,81.0444692331532,356.7138269728814
2018-06-23 09:00:00+00:00,122.87042380077908,93.03568711653696,80.21048186502276,86.61176438715114,382.7283571694899
2018-06-23 10:00:00+00:00,123.09894064927867,92.9729346204164,80.3877336951399,86.29179261469007,382.751401579525
2018-06-23 11:00:00+00:00,115.49268068038785,87.0021978056133,75.34068947599116,80.45913413588141,358.2947020978737
2018-06-23 12:00:00+00:00,99.15950943201418,73.88961294599768,64.3929768926511,68.74906066644446,306.19115993710744
2018-06-23 13:00:00+00:00,76.01238888988541,56.34186244906045,49.41445378946152,52.90421918448032,234.6729243128877
2018-06-23 14:00:00+00:00,47.51911217607069,35.11718482342989,31.025669382964082,33.46966317044857,147.13162955291324
2018-06-23 15:00:00+00:00,19.284542919805503,14.277306861986695,12.876008205913958,13.730457207263767,60.16831519496992
2018-06-23 16:00:00+00:00,0.8388208927284283,0.46903163604838316,0.5546888887493049,1.4622246702971806,3.324766087823297
2018-06-23 17:00:00+00:00,0.0,0.0,0.0,0.0,0.0
2018-06-23 18:00:00+00:00,0.0,0.0,0.0,0.0,0.0
2018-06-23 19:00:00+00:00,0.0,0.0,0.0,0.0,0.0
2018-06-23 20:00:00+00:00,0.0,0.0,0.0,0.0,0.0
2018-06-23 21:00:00+00:00,0.0,0.0,0.0,0.0,0.0
2018-06-23 22:00:00+00:00,0.0,0.0,0.0,0.0,0.0
2018-06-23 23:00:00+00:00,0.0,0.0,0.0,0.0,0.0
2018-06-24 00:00:00+00:00,0.0,0.0,0.0,0.0,0.0
2018-06-24 01:00:00+00:00,0.0,0.0,0.0,0.0,0.0
2018-06-24 02:00:00+00:00,0.0,0.0,0.0,0.0,0.0
2018-06-24 03:00:00+00:00,9.778540042030771,7.3167376643106135,6.10242232859789,6.938354045313886,30.13605408025316
2018-06-24 04:00:00+00:00,23.183340020749164,17.58654239488562,14.732249439295636,15.923267438879192,71.4253992938096
2018-06-24 05:00:00+00:00,51.224399194879226,38.686296116736344,32.93095326341128,36.21774468073458,159.05939325576145
2018-06-24 06:00:00+00:00,78.44898725390286,59.43487785580659,50.78372746757265,55.50441711979282,244.17200969707494
2018-06-24 07:00:00+00:00,100.79042971117306,76.41906095575106,65.52065906918516,71.0851356081985,313.81528534430777
2018-06-24 08:00:00+00:00,116.2038747398312,87.98206981632539,75.7591153738705,81.59590073990321,361.5409606699303
2018-06-24 09:00:00+00:00,123.43360227367083,93.66927660397513,80.83976056659522,86.91484640981398,384.8574858540552
2018-06-24 10:00:00+00:00,123.33378964614332,93.65339410246673,80.87525460808268,86.67468428050412,384.53712263719683
2018-06-24 11:00:00+00:00,115.16124186458845,87.4477807167393,75.65401657113908,80.93262772154316,359.19566687401
2018-06-24 12:00:00+00:00,99.89080310770183,75.81546420820538,65.56747205892488,69.94679076154033,311.2205301363724
2018-06-24 13:00:00+00:00,77.2213004310806,58.57144861441302,50.87378930323581,54.0712654133571,240.73780376208651
2018-06-24 14:00:00+00:00,49.062080797328065,37.24814457934222,32.41213293662761,34.49169653315388,153.21405484645177
2018-06-24 15:00:00+00:00,19.95098129230948,15.198125339889312,13.38065553187356,14.013637082141727,62.54339924621408
2018-06-24 16:00:00+00:00,1.6259025219183068,1.2504200035971573,1.1129575666189075,1.6620400551889614,5.651320147323333
2018-06-24 17:00:00+00:00,0.0,0.0,0.0,0.0,0.0
2018-06-24 18:00:00+00:00,0.0,0.0,0.0,0.0,0.0
2018-06-24 19:00:00+00:00,0.0,0.0,0.0,0.0,0.0
2018-06-24 20:00:00+00:00,0.0,0.0,0.0,0.0,0.0
2018-06-24 21:00:00+00:00,0.0,0.0,0.0,0.0,0.0
2018-06-24 22:00:00+00:00,0.0,0.0,0.0,0.0,0.0
2018-06-24 23:00:00+00:00,0.0,0.0,0.0,0.0,0.0
2018-06-25 00:00:00+00:00,0.0,0.0,0.0,0.0,0.0
2018-06-25 01:00:00+00:00,0.0,0.0,0.0,0.0,0.0
2018-06-25 02:00:00+00:00,0.0,0.0,0.0,0.0,0.0
2018-06-25 03:00:00+00:00,9.058692724297568,6.914375628698727,5.731555553974972,6.285543513191787,27.990167420163054
2018-06-25 04:00:00+00:00,22.36160009549712,17.0198246957137,14.2057420898372,15.614726400265408,69.20189328131343
2018-06-25 05:00:00+00:00,50.705321647480424,38.46109465552465,32.76868492723825,36.41936466375519,158.3544658939985
2018-06-25 06:00:00+00:00,77.97763393480378,59.17118785220063,50.7996558994081,55.84457360946972,243.7930512958822
2018-06-25 07:00:00+00:00,100.08967461297536,75.93008485881475,65.50785594338345,71.4478699923938,312.97548540756736
2018-06-25 08:00:00+00:00,115.04139225242425,87.33295937438288,75.40096633979613,81.82860563575106,359.6039236023543
2018-06-25 09:00:00+00:00,122.78213215937363,93.45116008550588,80.85246118719884,87.33037073682395,384.41612416890234
2018-06-25 10:00:00+00:00,122.41050959726343,93.20659042866724,81.0547311486683,87.10830357982627,383.7801347544252
2018-06-25 11:00:00+00:00,114.46688439429161,87.27941927914758,75.99859092945623,81.47104468202578,359.21593928492115
2018-06-25 12:00:00+00:00,99.46506890882443,75.77318966935253,66.12158672566058,70.52273266352165,311.88257796735917
2018-06-25 13:00:00+00:00,77.18133810927077,58.9815649716373,51.418362488859344,54.460244777693255,242.04151034746064
2018-06-25 14:00:00+00:00,49.50278419655982,37.69143165600006,33.1201173916111,34.62596062799533,154.94029387216634
2018-06-25 15:00:00+00:00,20.166098981016365,15.488101129366676,13.785888684913552,14.102704202138357,63.54279299743495
2018-06-25 16:00:00+00:00,1.7559743875204972,1.4155575878803288,1.2926801964405772,1.6484442062809839,6.112656378122387
2018-06-25 17:00:00+00:00,0.0,0.0,0.0,0.0,0.0
2018-06-25 18:00:00+00:00,0.0,0.0,0.0,0.0,0.0
2018-06-25 19:00:00+00:00,0.0,0.0,0.0,0.0,0.0
2018-06-25 20:00:00+00:00,0.0,0.0,0.0,0.0,0.0
2018-06-25 21:00:00+00:00,0.0,0.0,0.0,0.0,0.0
2018-06-25 22:00:00+00:00,0.0,0.0,0.0,0.0,0.0
2018-06-25 23:00:00+00:00,0.0,0.0,0.0,0.0,0.0
2018-06-26 00:00:00+00:00,0.0,0.0,0.0,0.0,0.0
2018-06-26 01:00:00+00:00,0.0,0.0,0.0,0.0,0.0
2018-06-26 02:00:00+00:00,0.0,0.0,0.0,0.0,0.0
2018-06-26 03:00:00+00:00,9.82208169817913,7.548898238385264,6.272765467275415,7.208953788223615,30.852699192063426
2018-06-26 04:00:00+00:00,23.514199901705876,18.26906816544374,15.147854904326511,16.861793422785844,73.79291639426197
2018-06-26 05:00:00+00:00,50.875069151554946,38.751843850605624,32.833761772629714,36.85831512938472,159.318989904175
2018-06-26 06:00:00+00:00,77.44041433662062,58.71755650634853,50.29804927075528,55.56232508601589,242.01834519974034
2018-06-26 07:00:00+00:00,99.05090421347066,75.01297481646978,64.5568839934456,70.61254018116472,309.23330320455074
2018-06-26 08:00:00+00:00,113.8137826483557,86.14354869007391,74.44585269483731,80.69221206391484,355.0953960971818
2018-06-26 09:00:00+00:00,120.90599850994471,91.6469612898369,79.29221344733217,85.9768838444121,377.8220570915259
2018-06-26 10:00:00+00:00,120.24125512526169,91.35217814315175,79.01537492642534,85.84595748632105,376.45476568115987
2018-06-26 11:00:00+00:00,112.10535432757479,85.28823368062355,73.92511059059638,80.10595436450494,351.42465296329965
2018-06-26 12:00:00+00:00,95.91596183662335,73.36017812852305,63.73502850140495,70.08313750703286,303.0943059735842
2018-06-26 13:00:00+00:00,73.74163758535536,56.62271658282401,49.406619364476605,54.36272137092886,234.13369490358482
2018-06-26 14:00:00+00:00,46.90467334423731,36.20366376090945,31.691060487046,34.56558266815521,149.36498026034798
2018-06-26 15:00:00+00:00,19.61336141035075,15.17660505643438,13.283435453335025,14.145565298379474,62.21896721849963
2018-06-26 16:00:00+00:00,1.328351006392067,1.1622777448006063,1.00777577265369,1.641482244535089,5.139886768381452
2018-06-26 17:00:00+00:00,0.0,0.0,0.0,0.0,0.0
2018-06-26 18:00:00+00:00,0.0,0.0,0.0,0.0,0.0
2018-06-26 19:00:00+00:00,0.0,0.0,0.0,0.0,0.0
2018-06-26 20:00:00+00:00,0.0,0.0,0.0,0.0,0.0
2018-06-26 21:00:00+00:00,0.0,0.0,0.0,0.0,0.0
2018-06-26 22:00:00+00:00,0.0,0.0,0.0,0.0,0.0
2018-06-26 23:00:00+00:00,0.0,0.0,0.0,0.0,0.0
2018-06-27 00:00:00+00:00,0.0,0.0,0.0,0.0,0.0
2018-06-27 01:00:00+00:00,0.0,0.0,0.0,0.0,0.0
2018-06-27 02:00:00+00:00,0.0,0.0,0.0,0.0,0.0
2018-06-27 03:00:00+00:00,9.125546102718634,7.057687028599623,5.772445975152258,6.917931749093727,28.873610855564245
2018-06-27 04:00:00+00:00,22.030438704262693,17.085660103890564,13.94078313239364,16.33936601940264,69.39624795994953
2018-06-27 05:00:00+00:00,50.17017679400409,38.17594483465352,32.50611674015632,35.712590015487635,156.56482838430156
2018-06-27 06:00:00+00:00,77.60111689112024,58.7999975952619,50.72671613264646,54.27833572858533,241.40616634761392
2018-06-27 07:00:00+00:00,100.07289207488733,75.73280428739315,65.41042659920748,69.58821147564325,310.8043344371312
2018-06-27 08:00:00+00:00,115.27659810593775,87.47388676824708,75.65726784703647,79.96748317104678,358.37523589226805
2018-06-27 09:00:00+00:00,123.14145076630675,93.71814389633255,81.13550618649951,86.17240729256247,384.16750814170126
2018-06-27 10:00:00+00:00,123.40043782414108,93.92107532625606,81.58799100677625,86.57772867252615,385.48723282969956
2018-06-27 11:00:00+00:00,115.71969962796467,88.25498353233868,76.63895539203736,81.2421120318264,361.85575058416714
2018-06-27 12:00:00+00:00,101.05182967233924,77.25971570634923,67.07139510052129,71.1539086714462,316.53684915065594
2018-06-27 13:00:00+00:00,79.0656576198491,60.52454672466645,52.648787871912404,55.651994080418945,247.8909862968469
2018-06-27 14:00:00+00:00,50.98486878266198,39.09172309689407,34.10346745044135,35.91222959418222,160.09228892417963
2018-06-27 15:00:00+00:00,20.9898550922458,16.1986398879803,14.359045219914487,14.713367994232497,66.26090819437307
2018-06-27 16:00:00+00:00,2.0222438002755423,1.6207006562718096,1.4694389048182355,1.642397981140188,6.754781342505776
2018-06-27 17:00:00+00:00,0.0,0.0,0.0,0.0,0.0
2018-06-27 18:00:00+00:00,0.0,0.0,0.0,0.0,0.0
2018-06-27 19:00:00+00:00,0.0,0.0,0.0,0.0,0.0
2018-06-27 20:00:00+00:00,0.0,0.0,0.0,0.0,0.0
2018-06-27 21:00:00+00:00,0.0,0.0,0.0,0.0,0.0
2018-06-27 22:00:00+00:00,0.0,0.0,0.0,0.0,0.0
2018-06-27 23:00:00+00:00,0.0,0.0,0.0,0.0,0.0
2018-06-28 00:00:00+00:00,0.0,0.0,0.0,0.0,0.0
2018-06-28 01:00:00+00:00,0.0,0.0,0.0,0.0,0.0
2018-06-28 02:00:00+00:00,0.0,0.0,0.0,0.0,0.0
2018-06-28 03:00:00+00:00,8.772828766269743,6.979020029085727,5.573584097002072,7.311774223943391,28.637207116300935
2018-06-28 04:00:00+00:00,22.26411835821593,17.2822283352855,14.05820137124947,16.896575192193946,70.50112325694485
2018-06-28 05:00:00+00:00,50.65652941186961,38.437589079443875,32.68689272431825,35.59169900463786,157.3727102202696
2018-06-28 06:00:00+00:00,77.80869468167316,58.83228720503675,50.74623866937164,53.670441954580596,241.05766251066217
2018-06-28 07:00:00+00:00,100.05125661180456,75.66147374640148,65.25895756973452,68.44277555653444,309.414463484475
2018-06-28 08:00:00+00:00,115.40531814358519,87.36936410390703,75.54291632476436,78.61031390301342,356.92791247527003
2018-06-28 09:00:00+00:00,122.62036683982649,92.65777061921692,80.59472899042333,83.76299293332376,379.6358593827905
2018-06-28 10:00:00+00:00,122.72643888156404,92.57577968156532,80.5439678933059,83.41835430836898,379.2645407648042
2018-06-28 11:00:00+00:00,114.98691178363188,86.43568776215278,75.52675537638973,77.89069175177902,354.8400466739534
2018-06-28 12:00:00+00:00,100.02126161017384,75.22594213559664,65.29535234742139,69.01430956089413,309.556865654086
2018-06-28 13:00:00+00:00,77.36048396669696,57.99140773636016,50.546354083678,53.43260164098952,239.33084742772462
2018-06-28 14:00:00+00:00,49.133285762040686,36.884884332377794,32.219305530291145,34.17725824028317,152.4147338649928
2018-06-28 15:00:00+00:00,20.292917266386425,15.212362674483206,13.519922779763887,14.02036444566869,63.045567166302206
2018-06-28 16:00:00+00:00,1.3955619026929116,0.9701162398968117,0.9240857191782141,1.5530019576896774,4.842765819457615
2018-06-28 17:00:00+00:00,0.0,0.0,0.0,0.0,0.0
2018-06-28 18:00:00+00:00,0.0,0.0,0.0,0.0,0.0
2018-06-28 19:00:00+00:00,0.0,0.0,0.0,0.0,0.0
2018-06-28 20:00:00+00:00,0.0,0.0,0.0,0.0,0.0
2018-06-28 21:00:00+00:00,0.0,0.0,0.0,0.0,0.0
2018-06-28 22:00:00+00:00,0.0,0.0,0.0,0.0,0.0
2018-06-28 23:00:00+00:00,0.0,0.0,0.0,0.0,0.0
2018-06-29 00:00:00+00:00,0.0,0.0,0.0,0.0,0.0
2018-06-29 01:00:00+00:00,0.0,0.0,0.0,0.0,0.0
2018-06-29 02:00:00+00:00,0.0,0.0,0.0,0.0,0.0
2018-06-29 03:00:00+00:00,10.061741123731085,7.682684887470968,6.5731745667788575,7.4420169099311515,31.75961748791206
2018-06-29 04:00:00+00:00,24.44935451450897,18.8823378773185,15.884151266472962,16.756589805140646,75.97243346344108
2018-06-29 05:00:00+00:00,51.85353581192605,39.39881820479435,33.419401409496714,36.53029190279372,161.20204732901084
2018-06-29 06:00:00+00:00,78.37728390847415,59.550084810814894,50.93497022643767,55.84126791192941,244.70360685765613
2018-06-29 07:00:00+00:00,99.98807294787623,75.95567903716204,65.3145817070295,71.25408526322943,312.5124189552972
2018-06-29 08:00:00+00:00,114.65279969213185,87.22861192580308,74.98317093452381,81.87694812141393,358.74153067387266
2018-06-29 09:00:00+00:00,122.5117743168188,93.47886702358748,80.66874476208045,87.78272362485987,384.44210972734663
2018-06-29 10:00:00+00:00,122.56254657453269,93.56271461815828,80.9536067460265,87.6945744154011,384.7734423541186
2018-06-29 11:00:00+00:00,115.16045780402865,87.68202698626942,76.16471535544824,82.20090181777933,361.2081019635256
2018-06-29 12:00:00+00:00,100.05551936896023,75.93631918790467,66.21749609548347,71.38936660082243,313.5987012531708
2018-06-29 13:00:00+00:00,77.59205485588481,58.88940103863623,51.3177298177933,55.60520577388571,243.40439148620004
2018-06-29 14:00:00+00:00,49.66793492418185,37.5631311993925,32.9273487309382,35.818039245560726,155.97645410007328
2018-06-29 15:00:00+00:00,20.42069844648337,15.444607542544706,13.655358244444901,14.75855749753908,64.27922173101206
2018-06-29 16:00:00+00:00,1.5457497936210456,1.223857248453274,1.1153742503477844,1.7666420452596148,5.651623337681719
2018-06-29 17:00:00+00:00,0.0,0.0,0.0,0.0,0.0
2018-06-29 18:00:00+00:00,0.0,0.0,0.0,0.0,0.0
2018-06-29 19:00:00+00:00,0.0,0.0,0.0,0.0,0.0
2018-06-29 20:00:00+00:00,0.0,0.0,0.0,0.0,0.0
2018-06-29 21:00:00+00:00,0.0,0.0,0.0,0.0,0.0
2018-06-29 22:00:00+00:00,0.0,0.0,0.0,0.0,0.0
2018-06-29 23:00:00+00:00,0.0,0.0,0.0,0.0,0.0
2018-06-30 00:00:00+00:00,0.0,0.0,0.0,0.0,0.0
2018-06-30 01:00:00+00:00,0.0,0.0,0.0,0.0,0.0
2018-06-30 02:00:00+00:00,0.0,0.0,0.0,0.0,0.0
2018-06-30 03:00:00+00:00,9.010991571525768,7.04291965779211,5.781954980244226,6.772536992140003,28.608403201702103
2018-06-30 04:00:00+00:00,22.13064583267279,17.052010164266687,13.957370236546991,16.06856402053524,69.20859025402171
2018-06-30 05:00:00+00:00,51.48328063778277,39.001333561057095,33.12848748899297,36.868437839292966,160.4815395271258
2018-06-30 06:00:00+00:00,79.54450046809586,60.5295583823589,51.795626194802054,56.69757326008887,248.56725830534572
2018-06-30 07:00:00+00:00,102.08404784878181,77.7259718385308,66.9289037527233,72.61684850988976,319.35577194992567
2018-06-30 08:00:00+00:00,117.52974845267858,89.79939288118476,77.58338027867445,83.49739922176087,368.40992083429865
2018-06-30 09:00:00+00:00,126.08000583811102,96.41607116088545,83.44308184164773,89.09957166861295,395.03873050925716
2018-06-30 10:00:00+00:00,126.27227510691199,96.64112917796581,83.7266494921001,89.19534549372038,395.83539927069825
2018-06-30 11:00:00+00:00,118.8960593229719,90.81281143295014,78.9869607817621,83.5523129017244,372.2481444394085
2018-06-30 12:00:00+00:00,102.91746871724516,78.43169999751726,68.49636880804864,72.64957428491172,322.49511180772276
2018-06-30 13:00:00+00:00,80.40884406073184,60.98034468002975,53.60360672488042,56.40427039139627,251.39706585703829
2018-06-30 14:00:00+00:00,51.73169953639456,39.17802440651722,34.53397333913813,36.2081540109417,161.65185129299158
2018-06-30 15:00:00+00:00,21.127236513038714,16.171879031324,14.344873940234198,14.73637283441113,66.38036231900804
2018-06-30 16:00:00+00:00,1.9600051807383578,1.5007086263624836,1.3937068493119875,1.7589174804807286,6.6133381368935575
2018-06-30 17:00:00+00:00,0.0,0.0,0.0,0.0,0.0
2018-06-30 18:00:00+00:00,0.0,0.0,0.0,0.0,0.0
2018-06-30 19:00:00+00:00,0.0,0.0,0.0,0.0,0.0
2018-06-30 20:00:00+00:00,0.0,0.0,0.0,0.0,0.0
2018-06-30 21:00:00+00:00,0.0,0.0,0.0,0.0,0.0
2018-06-30 22:00:00+00:00,0.0,0.0,0.0,0.0,0.0
2018-06-30 23:00:00+00:00,0.0,0.0,0.0,0.0,0.0
2018-07-01 00:00:00+00:00,0.0,0.0,0.0,0.0,0.0
2018-07-01 01:00:00+00:00,0.0,0.0,0.0,0.0,0.0
2018-07-01 02:00:00+00:00,0.0,0.0,0.0,0.0,0.0
2018-07-01 03:00:00+00:00,9.681297745383995,7.23712709480809,6.131966431662548,6.615999657110392,29.666390928965026
2018-07-01 04:00:00+00:00,23.685796061267688,17.89528635712752,15.02121723945335,15.87915735124387,72.48145700909244
2018-07-01 05:00:00+00:00,51.871679192611786,39.151633156319164,33.34440429776356,36.4568739445886,160.8245905912831
2018-07-01 06:00:00+00:00,78.93539404030211,59.72857203045452,51.24048683959537,55.72966045337542,245.63411336372744
2018-07-01 07:00:00+00:00,100.71718656214955,76.22122412380088,65.70447979018827,71.11866049287148,313.76155096901016
2018-07-01 08:00:00+00:00,115.6197647929431,87.73441755829109,75.9234812863674,81.61402609585798,360.89168973345954
2018-07-01 09:00:00+00:00,121.95919838049221,92.8877970234182,80.73090720649073,87.1114348591178,382.68933746951893
2018-07-01 10:00:00+00:00,122.10509902319794,92.76863682689563,80.71272462982121,86.56043803876773,382.1468985186825
2018-07-01 11:00:00+00:00,114.18482111457067,86.91869824389043,75.56453288672567,80.85814832055979,357.52620056574654
2018-07-01 12:00:00+00:00,99.21282696166263,75.73376814792086,65.90531103168234,70.23133811576207,311.0832442570279
2018-07-01 13:00:00+00:00,76.67295652904029,58.51328339180478,50.996464172513114,54.60078730169421,240.7834913950524
2018-07-01 14:00:00+00:00,48.83199874255277,37.18359016702349,32.59552968943026,35.11664798124861,153.72776658025512
2018-07-01 15:00:00+00:00,20.134325401506793,15.44205896045142,13.670906612274933,14.547528061174756,63.7948190354079
2018-07-01 16:00:00+00:00,1.3373082514465526,1.0714191976166907,0.9241976940064217,1.7413616514378054,5.07428679450747
2018-07-01 17:00:00+00:00,0.0,0.0,0.0,0.0,0.0
2018-07-01 18:00:00+00:00,0.0,0.0,0.0,0.0,0.0
2018-07-01 19:00:00+00:00,0.0,0.0,0.0,0.0,0.0
2018-07-01 20:00:00+00:00,0.0,0.0,0.0,0.0,0.0
2018-07-01 21:00:00+00:00,0.0,0.0,0.0,0.0,0.0
2018-07-01 22:00:00+00:00,0.0,0.0,0.0,0.0,0.0
2018-07-01 23:00:00+00:00,0.0,0.0,0.0,0.0,0.0
2018-07-02 00:00:00+00:00,0.0,0.0,0.0,0.0,0.0
2018-07-02 01:00:00+00:00,0.0,0.0,0.0,0.0,0.0
2018-07-02 02:00:00+00:00,0.0,0.0,0.0,0.0,0.0
2018-07-02 03:00:00+00:00,10.314889604444215,7.304495064169711,6.328174319149374,8.15166341830594,32.099222406069245
2018-07-02 04:00:00+00:00,27.71564580593675,20.98782211075485,18.047460009721046,18.75958029582595,85.5105082222386
2018-07-02 05:00:00+00:00,52.13380659865656,39.48502022121086,33.804880660397295,36.43121812071433,161.85492560097904
2018-07-02 06:00:00+00:00,76.18834684741083,57.636611670994036,49.29007285193438,53.98423407385682,237.09926544419605
2018-07-02 07:00:00+00:00,96.24003851146729,72.74957509601569,62.652863997607824,68.26532384154493,299.90780144663574
2018-07-02 08:00:00+00:00,110.1102307601958,83.2169622661639,71.92430152982001,78.0054406179825,343.25693517416227
2018-07-02 09:00:00+00:00,117.60405257813977,89.00593930702819,76.9966733896609,84.57614611832682,368.1828113931557
2018-07-02 10:00:00+00:00,116.97272787070177,88.57207232866848,76.64083361786037,84.16857891805137,366.354212735282
2018-07-02 11:00:00+00:00,108.93727600812414,82.36488693687679,71.46152265633157,78.64531773889667,341.40900334022916
2018-07-02 12:00:00+00:00,93.53011264254587,70.71639451669908,61.41389531909683,68.4788885454584,294.1392910238002
2018-07-02 13:00:00+00:00,71.97248306321164,54.36147084251707,47.34166808508602,52.735780176186154,226.4114021670009
2018-07-02 14:00:00+00:00,45.76655367339814,34.47127189556172,30.18143547284828,33.423757147172914,143.84301818898106
2018-07-02 15:00:00+00:00,19.170852188780195,14.410764335239673,12.758337508415854,13.942033925308476,60.28198795774419
2018-07-02 16:00:00+00:00,0.6907895185706956,0.46412638313021287,0.459494858976456,1.2027151970459613,2.817125957723326
2018-07-02 17:00:00+00:00,0.0,0.0,0.0,0.0,0.0
2018-07-02 18:00:00+00:00,0.0,0.0,0.0,0.0,0.0
2018-07-02 19:00:00+00:00,0.0,0.0,0.0,0.0,0.0
2018-07-02 20:00:00+00:00,0.0,0.0,0.0,0.0,0.0
2018-07-02 21:00:00+00:00,0.0,0.0,0.0,0.0,0.0
2018-07-02 22:00:00+00:00,0.0,0.0,0.0,0.0,0.0
2018-07-02 23:00:00+00:00,0.0,0.0,0.0,0.0,0.0
2018-07-03 00:00:00+00:00,0.0,0.0,0.0,0.0,0.0
2018-07-03 01:00:00+00:00,0.0,0.0,0.0,0.0,0.0
2018-07-03 02:00:00+00:00,0.0,0.0,0.0,0.0,0.0
2018-07-03 03:00:00+00:00,10.274317509664634,7.074398533006422,5.930665832879791,8.331776347154356,31.611158222705203
2018-07-03 04:00:00+00:00,27.87111401577944,21.315527654588372,18.071672950816353,19.395730463192457,86.65404508437663
2018-07-03 05:00:00+00:00,51.59082686568986,39.546737014676594,33.623987482734876,36.764129099094845,161.5256804621962
2018-07-03 06:00:00+00:00,75.70295091132922,57.545550241946955,49.176458010894066,54.2493590461777,236.67431821034796
2018-07-03 07:00:00+00:00,95.27309088629505,72.34295949484151,62.17153832135155,68.55866294831291,298.34625165080104
2018-07-03 08:00:00+00:00,108.48566499974272,82.46347216560827,71.37784745233704,78.3917254700871,340.7187100877751
2018-07-03 09:00:00+00:00,116.24785792647093,88.20026191841222,76.47379847305756,84.26702492173891,365.1889432396796
2018-07-03 10:00:00+00:00,116.08737376303984,87.99334742976872,76.46660950213156,83.86854113282573,364.41587182776584
2018-07-03 11:00:00+00:00,108.5899825354294,82.26238050324051,71.33390511581652,78.21851340313543,340.4047815576219
2018-07-03 12:00:00+00:00,91.0277046433238,69.08326386780806,60.09010201778833,66.66291030929855,286.8639808382187
2018-07-03 13:00:00+00:00,69.97332657519928,52.9690911316865,46.23350711956138,51.3076712536644,220.48359608011157
2018-07-03 14:00:00+00:00,44.41338708670572,33.576921032427386,29.475328758344794,32.8327465468175,140.2983834242954
2018-07-03 15:00:00+00:00,18.42045210357448,14.004376426515664,12.489472949973754,13.939868027150045,58.85416950721394
2018-07-03 16:00:00+00:00,0.4147917518041243,0.3912693722913173,0.36733729251816954,1.302660926032247,2.476059342645858
2018-07-03 17:00:00+00:00,0.0,0.0,0.0,0.0,0.0
2018-07-03 18:00:00+00:00,0.0,0.0,0.0,0.0,0.0
2018-07-03 19:00:00+00:00,0.0,0.0,0.0,0.0,0.0
2018-07-03 20:00:00+00:00,0.0,0.0,0.0,0.0,0.0
2018-07-03 21:00:00+00:00,0.0,0.0,0.0,0.0,0.0
2018-07-03 22:00:00+00:00,0.0,0.0,0.0,0.0,0.0
2018-07-03 23:00:00+00:00,0.0,0.0,0.0,0.0,0.0
2018-07-04 00:00:00+00:00,0.0,0.0,0.0,0.0,0.0
2018-07-04 01:00:00+00:00,0.0,0.0,0.0,0.0,0.0
2018-07-04 02:00:00+00:00,0.0,0.0,0.0,0.0,0.0
2018-07-04 03:00:00+00:00,10.147955093645994,7.521669709266505,6.207282832521965,7.356217816850835,31.2331254522853
2018-07-04 04:00:00+00:00,26.273275189153328,19.797778751354056,16.389566520707717,16.893504620763643,79.35412508197874
2018-07-04 05:00:00+00:00,51.2230445838463,38.90119504845628,32.96028082796859,36.24006717018307,159.32458763045423
2018-07-04 06:00:00+00:00,76.4420417586284,58.14535165208041,49.920557368377054,54.672431302741934,239.1803820818278
2018-07-04 07:00:00+00:00,97.21309760962461,74.1643636239289,63.92210389562918,69.67472881049476,304.9742939396774
2018-07-04 08:00:00+00:00,111.80651813383588,85.41826985149478,73.88250784150637,79.68066826288404,350.7879640897211
2018-07-04 09:00:00+00:00,119.61059453480789,91.33591495307552,79.30550714215893,85.17791557942064,375.429932209463
2018-07-04 10:00:00+00:00,119.93469916758352,91.46009856849923,79.51130476943162,84.73169663763679,375.63779914315114
2018-07-04 11:00:00+00:00,112.52496456757127,85.60602164634578,74.62586481237398,79.25484577258842,352.0116967988795
2018-07-04 12:00:00+00:00,97.04170296389097,73.54958138312661,64.39147935065054,69.05777491520512,304.0405386128732
2018-07-04 13:00:00+00:00,75.1117065487066,56.807842374492836,49.94183943796032,53.09603191971647,234.95742028087622
2018-07-04 14:00:00+00:00,47.954718202182704,36.196686702128154,32.04595011882596,33.60363660786629,149.80099163100311
2018-07-04 15:00:00+00:00,20.037956070376286,15.219929637098634,13.563063703478553,14.021232541707786,62.842181952661264
2018-07-04 16:00:00+00:00,1.1966724431799636,0.8177725951794581,0.828747213666947,1.2519802812846172,4.095172533310986
2018-07-04 17:00:00+00:00,0.0,0.0,0.0,0.0,0.0
2018-07-04 18:00:00+00:00,0.0,0.0,0.0,0.0,0.0
2018-07-04 19:00:00+00:00,0.0,0.0,0.0,0.0,0.0
2018-07-04 20:00:00+00:00,0.0,0.0,0.0,0.0,0.0
2018-07-04 21:00:00+00:00,0.0,0.0,0.0,0.0,0.0
2018-07-04 22:00:00+00:00,0.0,0.0,0.0,0.0,0.0
2018-07-04 23:00:00+00:00,0.0,0.0,0.0,0.0,0.0
2018-07-05 00:00:00+00:00,0.0,0.0,0.0,0.0,0.0
2018-07-05 01:00:00+00:00,0.0,0.0,0.0,0.0,0.0
2018-07-05 02:00:00+00:00,0.0,0.0,0.0,0.0,0.0
2018-07-05 03:00:00+00:00,9.908176423608865,7.376609976288627,6.045996930976468,7.725685837375133,31.056469168249095
2018-07-05 04:00:00+00:00,24.337321262004092,18.445888180209664,15.230494705905897,17.84693953022733,75.86064367834699
2018-07-05 05:00:00+00:00,50.56957769797846,38.14647650514938,32.61289623843509,35.802264266389514,157.13121470795244
2018-07-05 06:00:00+00:00,76.87560478993109,58.13347710512241,50.00292894906394,53.779080897509,238.79109174162645
2018-07-05 07:00:00+00:00,98.74086168499541,74.78817064006584,64.42553467601616,68.55655270216084,306.51111970323825
2018-07-05 08:00:00+00:00,113.67725801849546,86.14983274697023,74.60139662691522,78.98012809847086,353.4086154908518
2018-07-05 09:00:00+00:00,122.30428720496838,92.86960436212853,80.67405030227626,84.18601379705837,380.03395566643155
2018-07-05 10:00:00+00:00,122.60057384710709,93.29530578891945,80.96216610073488,84.35310101780054,381.211146754562
2018-07-05 11:00:00+00:00,115.36039151467244,87.698662257678,76.30649519770039,79.2283205573276,358.59386952737844
2018-07-05 12:00:00+00:00,100.22082909264716,76.1084266428368,66.47324515119718,69.06143070457546,311.8639315912566
2018-07-05 13:00:00+00:00,78.02185951658336,59.30781805069776,52.02194095679622,53.72610304997416,243.0777215740515
2018-07-05 14:00:00+00:00,50.300921681039995,38.17014242938666,33.63084160863985,34.53973293312475,156.64163865219126
2018-07-05 15:00:00+00:00,20.734051828968916,15.703328115708409,14.034070420817823,14.347298676403476,64.81874904189863
2018-07-05 16:00:00+00:00,1.755822370197534,1.381769116759489,1.2905904074951813,1.6388371874484442,6.067019081900648
2018-07-05 17:00:00+00:00,0.0,0.0,0.0,0.0,0.0
2018-07-05 18:00:00+00:00,0.0,0.0,0.0,0.0,0.0
2018-07-05 19:00:00+00:00,0.0,0.0,0.0,0.0,0.0
2018-07-05 20:00:00+00:00,0.0,0.0,0.0,0.0,0.0
2018-07-05 21:00:00+00:00,0.0,0.0,0.0,0.0,0.0
2018-07-05 22:00:00+00:00,0.0,0.0,0.0,0.0,0.0
2018-07-05 23:00:00+00:00,0.0,0.0,0.0,0.0,0.0
2018-07-06 00:00:00+00:00,0.0,0.0,0.0,0.0,0.0
2018-07-06 01:00:00+00:00,0.0,0.0,0.0,0.0,0.0
2018-07-06 02:00:00+00:00,0.0,0.0,0.0,0.0,0.0
2018-07-06 03:00:00+00:00,6.923082846224842,5.200170691454945,4.413389948697547,6.253282122656818,22.78992560903415
2018-07-06 04:00:00+00:00,18.827344912749425,14.195957798339549,11.907638880545813,15.046029949668206,59.97697154130299
2018-07-06 05:00:00+00:00,49.168844806655976,37.107762730353855,31.650763878951302,35.40752705387735,153.33489846983846
2018-07-06 06:00:00+00:00,78.10894574088391,59.035777451212404,50.6057876210615,54.91146798710466,242.66197880026246
2018-07-06 07:00:00+00:00,101.67505529581273,77.03718127601826,66.21048393094095,70.75689663681638,315.67961713958834
2018-07-06 08:00:00+00:00,118.18912385477778,89.46945439476195,77.1159745810252,81.55628955126923,366.3308423818342
2018-07-06 09:00:00+00:00,126.7974707804779,95.96389425715373,82.80955440169699,87.10500713354264,392.6759265728712
2018-07-06 10:00:00+00:00,127.43488938609838,96.36450668525673,83.24080989952851,87.00468015769238,394.04488612857597
2018-07-06 11:00:00+00:00,120.10160252003757,90.71265460600007,78.46439799313741,81.54134059600287,370.8199957151779
2018-07-06 12:00:00+00:00,104.68444898829185,79.06166739950754,68.63190644515338,70.64585680120192,323.0238796341547
2018-07-06 13:00:00+00:00,81.68628786107746,61.51364395821433,53.80063725116623,54.86625276136269,251.86682183182072
2018-07-06 14:00:00+00:00,52.44662654730226,39.408902868912634,34.690147988643936,35.07248340759248,161.6181608124513
2018-07-06 15:00:00+00:00,21.461842564033972,16.178679266973116,14.419413731286946,14.42028394435243,66.48021950664646
2018-07-06 16:00:00+00:00,1.8185868249411266,1.3902902054342168,1.2963373270950205,1.6431398338504457,6.148354191320809
2018-07-06 17:00:00+00:00,0.0,0.0,0.0,0.0,0.0
2018-07-06 18:00:00+00:00,0.0,0.0,0.0,0.0,0.0
2018-07-06 19:00:00+00:00,0.0,0.0,0.0,0.0,0.0
2018-07-06 20:00:00+00:00,0.0,0.0,0.0,0.0,0.0
2018-07-06 21:00:00+00:00,0.0,0.0,0.0,0.0,0.0
2018-07-06 22:00:00+00:00,0.0,0.0,0.0,0.0,0.0
2018-07-06 23:00:00+00:00,0.0,0.0,0.0,0.0,0.0
2018-07-07 00:00:00+00:00,0.0,0.0,0.0,0.0,0.0
2018-07-07 01:00:00+00:00,0.0,0.0,0.0,0.0,0.0
2018-07-07 02:00:00+00:00,0.0,0.0,0.0,0.0,0.0
2018-07-07 03:00:00+00:00,6.655928143923991,5.2918978633403535,4.503438421321768,5.431545084916367,21.88280951350248
2018-07-07 04:00:00+00:00,18.811918540402637,14.502030465914476,12.060816860270297,14.195395796642408,59.57016166322982
2018-07-07 05:00:00+00:00,49.62748737858976,37.41407420859397,31.893183201368128,35.08803871193215,154.02278350048402
2018-07-07 06:00:00+00:00,78.81364250867315,59.353023318243885,50.991740956196494,54.87062772497809,244.02903450809163
2018-07-07 07:00:00+00:00,102.45525555404524,77.27155879572122,66.52184599778633,70.73583534361589,316.9844956911687
2018-07-07 08:00:00+00:00,118.6736129991921,89.57188082835094,77.3976476136344,81.69024025955358,367.333381700731
2018-07-07 09:00:00+00:00,127.02518566445366,95.69651225386734,82.82646833595825,87.13568724840329,392.6838535026826
2018-07-07 10:00:00+00:00,127.3233018984816,96.08128055695774,83.27089059740025,86.96167272891957,393.63714578175916
2018-07-07 11:00:00+00:00,119.56574774894271,90.30117067842606,78.50961392732422,81.47991568639586,369.8564480410888
2018-07-07 12:00:00+00:00,102.87413809763424,77.64104211658785,67.63408641661026,71.2331060188114,319.38237264964374
2018-07-07 13:00:00+00:00,79.97353997034763,60.164835119100445,52.790208201728596,55.34898807052494,248.2775713617016
2018-07-07 14:00:00+00:00,51.1983861615891,38.56317238278721,34.15136236500714,35.62838160102194,159.5413025104054
2018-07-07 15:00:00+00:00,21.05935371297636,15.995808546980106,14.348686050118856,14.608636834177931,66.01248514425326
2018-07-07 16:00:00+00:00,1.758799551271676,1.3821847129163969,1.2900679602588323,1.5928817329680336,6.023933957414938
2018-07-07 17:00:00+00:00,0.0,0.0,0.0,0.0,0.0
2018-07-07 18:00:00+00:00,0.0,0.0,0.0,0.0,0.0
2018-07-07 19:00:00+00:00,0.0,0.0,0.0,0.0,0.0
2018-07-07 20:00:00+00:00,0.0,0.0,0.0,0.0,0.0
2018-07-07 21:00:00+00:00,0.0,0.0,0.0,0.0,0.0
2018-07-07 22:00:00+00:00,0.0,0.0,0.0,0.0,0.0
2018-07-07 23:00:00+00:00,0.0,0.0,0.0,0.0,0.0
2018-07-08 00:00:00+00:00,0.0,0.0,0.0,0.0,0.0
2018-07-08 01:00:00+00:00,0.0,0.0,0.0,0.0,0.0
2018-07-08 02:00:00+00:00,0.0,0.0,0.0,0.0,0.0
2018-07-08 03:00:00+00:00,7.145648116778732,5.563006089897803,4.636896527589433,5.345377064033054,22.690927798299022
2018-07-08 04:00:00+00:00,19.254439605525775,14.861070935029854,12.235173907333529,14.224660834244014,60.57534528213318
2018-07-08 05:00:00+00:00,48.616011461180165,36.67609124020362,31.178136878500972,35.273371166898585,151.74361074678333
2018-07-08 06:00:00+00:00,76.6693684889713,57.813926023890474,49.65111665156418,55.17298544404858,239.30739660847453
2018-07-08 07:00:00+00:00,99.4378350043268,75.09020563913101,64.70861852151735,71.13948278985865,310.37614195483377
2018-07-08 08:00:00+00:00,115.26742420861817,86.931312004063,75.29257122810256,82.11068344421673,359.60199088500053
2018-07-08 09:00:00+00:00,123.3874000847074,93.4429956358199,80.92483827307579,87.70128888663538,385.4565228802385
2018-07-08 10:00:00+00:00,123.68156576938244,93.70711484943747,81.18435398205828,87.7665912906585,386.3396258915367
2018-07-08 11:00:00+00:00,115.9567544372984,87.97204424728943,76.38610047809152,82.39347824536121,362.7083774080406
2018-07-08 12:00:00+00:00,100.66475929423365,76.41831096743306,66.4058561940288,71.62512077376613,315.1140472294616
2018-07-08 13:00:00+00:00,78.34680055550727,59.40209260264342,51.85230789033981,55.61347824750409,245.21467929599459
2018-07-08 14:00:00+00:00,50.2709135163134,38.1464952409018,33.500768504013145,35.744716643732716,157.66289390496107
2018-07-08 15:00:00+00:00,20.630248368280522,15.710527373784952,13.977785733739085,14.749330472064955,65.06789194786951
2018-07-08 16:00:00+00:00,1.7435083708167411,1.2999011099251843,1.1879746801699502,1.5436574797577554,5.775041640669631
2018-07-08 17:00:00+00:00,0.0,0.0,0.0,0.0,0.0
2018-07-08 18:00:00+00:00,0.0,0.0,0.0,0.0,0.0
2018-07-08 19:00:00+00:00,0.0,0.0,0.0,0.0,0.0
2018-07-08 20:00:00+00:00,0.0,0.0,0.0,0.0,0.0
2018-07-08 21:00:00+00:00,0.0,0.0,0.0,0.0,0.0
2018-07-08 22:00:00+00:00,0.0,0.0,0.0,0.0,0.0
2018-07-08 23:00:00+00:00,0.0,0.0,0.0,0.0,0.0
2018-07-09 00:00:00+00:00,0.0,0.0,0.0,0.0,0.0
2018-07-09 01:00:00+00:00,0.0,0.0,0.0,0.0,0.0
2018-07-09 02:00:00+00:00,0.0,0.0,0.0,0.0,0.0
2018-07-09 03:00:00+00:00,7.99701795869479,6.061230872937343,5.000706464840878,5.087368036990434,24.146323333463442
2018-07-09 04:00:00+00:00,20.481484613685627,15.579353710161396,12.746006379868247,13.944658401892305,62.751503105607576
2018-07-09 05:00:00+00:00,48.75349157638814,36.82006658727209,31.421732875912586,34.68213538534622,151.67742642491905
2018-07-09 06:00:00+00:00,76.43037250561994,57.94081404983224,49.799542667782184,54.26609510753962,238.43682433077402
2018-07-09 07:00:00+00:00,99.22691687863033,75.22393196973105,64.91852805642186,69.79005009999054,309.15942700477376
2018-07-09 08:00:00+00:00,115.09857676133376,87.3207581845927,75.57418031849352,80.6571924977535,358.6507077621735
2018-07-09 09:00:00+00:00,123.09813940847994,93.606051293868,81.29793244540082,86.39588031097591,384.3980034587247
2018-07-09 10:00:00+00:00,123.67809074601112,93.96758333391054,81.75875907122116,86.5289257070346,385.9333588581774
2018-07-09 11:00:00+00:00,116.37966068296836,88.4139636551705,77.06121327958182,81.12494854342529,362.97978616114597
2018-07-09 12:00:00+00:00,100.8260190405201,76.3380943727736,66.8864829087222,69.3193407453337,313.3699370673496
2018-07-09 13:00:00+00:00,78.78240614653177,59.58877213676233,52.40753119017713,53.664188224209646,244.4428976976809
2018-07-09 14:00:00+00:00,50.730844394604034,38.28298305185963,33.88547423969286,34.346453666783624,157.24575535294014
2018-07-09 15:00:00+00:00,20.867262468374776,15.899377458625427,14.23948734217038,14.25639574043358,65.26252300960415
2018-07-09 16:00:00+00:00,1.747153817766791,1.3037717082752556,1.2837735575437963,1.4438416674351706,5.778540751021014
2018-07-09 17:00:00+00:00,0.0,0.0,0.0,0.0,0.0
2018-07-09 18:00:00+00:00,0.0,0.0,0.0,0.0,0.0
2018-07-09 19:00:00+00:00,0.0,0.0,0.0,0.0,0.0
2018-07-09 20:00:00+00:00,0.0,0.0,0.0,0.0,0.0
2018-07-09 21:00:00+00:00,0.0,0.0,0.0,0.0,0.0
2018-07-09 22:00:00+00:00,0.0,0.0,0.0,0.0,0.0
2018-07-09 23:00:00+00:00,0.0,0.0,0.0,0.0,0.0
2018-07-10 00:00:00+00:00,0.0,0.0,0.0,0.0,0.0
2018-07-10 01:00:00+00:00,0.0,0.0,0.0,0.0,0.0
2018-07-10 02:00:00+00:00,0.0,0.0,0.0,0.0,0.0
2018-07-10 03:00:00+00:00,8.30092704002567,6.238581777946239,5.031052097763219,6.024362902670065,25.594923818405192
2018-07-10 04:00:00+00:00,21.076854083266564,15.949708551717872,13.058984340130257,15.093480790526074,65.17902776564077
2018-07-10 05:00:00+00:00,49.66342660244332,37.49054922270441,31.893716274079605,35.30716011319182,154.35485221241916
2018-07-10 06:00:00+00:00,77.69203609085945,58.676872177507434,50.49194412663448,54.577231080067534,241.43808347506888
2018-07-10 07:00:00+00:00,100.6860031671859,76.20910028156946,65.79811288649152,70.20648121051158,312.8996975457585
2018-07-10 08:00:00+00:00,116.60321408033863,88.39267483825789,76.42132551751374,80.97496487682753,362.3921793129378
2018-07-10 09:00:00+00:00,124.90462443581765,94.80743730812802,82.08251181102068,87.16580224588483,388.9603758008512
2018-07-10 10:00:00+00:00,125.09797064676044,95.19309800329911,82.46079437641579,87.32186273425052,390.0737257607259
2018-07-10 11:00:00+00:00,117.76497191653313,89.45562482903861,77.47897777881106,82.11319585110698,366.8127703754898
2018-07-10 12:00:00+00:00,102.89685931744454,78.13373246235054,68.00225559157788,71.73028529058845,320.76313266196144
2018-07-10 13:00:00+00:00,80.28628428456285,61.01686331834172,53.4032529003869,56.16521923151225,250.87161973480374
2018-07-10 14:00:00+00:00,51.975740591706696,39.47584070117716,34.656457192505336,36.374134787100694,162.4821732724899
2018-07-10 15:00:00+00:00,21.439907062933194,16.356412370579612,14.515509687819009,15.009951898803012,67.32178102013482
2018-07-10 16:00:00+00:00,1.7585523310951285,1.4180445308083627,1.2921577492042287,1.555280020114107,6.024034631221827
2018-07-10 17:00:00+00:00,0.0,0.0,0.0,0.0,0.0
2018-07-10 18:00:00+00:00,0.0,0.0,0.0,0.0,0.0
2018-07-10 19:00:00+00:00,0.0,0.0,0.0,0.0,0.0
2018-07-10 20:00:00+00:00,0.0,0.0,0.0,0.0,0.0
2018-07-10 21:00:00+00:00,0.0,0.0,0.0,0.0,0.0
2018-07-10 22:00:00+00:00,0.0,0.0,0.0,0.0,0.0
2018-07-10 23:00:00+00:00,0.0,0.0,0.0,0.0,0.0
2018-07-11 00:00:00+00:00,0.0,0.0,0.0,0.0,0.0
2018-07-11 01:00:00+00:00,0.0,0.0,0.0,0.0,0.0
2018-07-11 02:00:00+00:00,0.0,0.0,0.0,0.0,0.0
2018-07-11 03:00:00+00:00,8.092538207957658,6.234057572795552,5.354136440183116,5.969037724976665,25.64976994591299
2018-07-11 04:00:00+00:00,20.825462826814928,16.131471422985413,13.62053521449966,14.608594328434698,65.1860637927347
2018-07-11 05:00:00+00:00,50.124506303680505,38.064331551053314,32.48864497692052,35.45507228225509,156.13255511390943
2018-07-11 06:00:00+00:00,78.37453329741156,59.421178615980565,50.953344350588544,55.43650860027196,244.18556486425263
2018-07-11 07:00:00+00:00,101.14508021954491,76.87177213038802,66.15977577907071,71.5013821290423,315.67801025804596
2018-07-11 08:00:00+00:00,116.81939840714148,88.9225092807299,76.72010199485314,82.21197016610056,364.6739798488251
2018-07-11 09:00:00+00:00,125.44132375196205,95.6680411482401,82.64794546097863,88.11375220394211,391.8710625651229
2018-07-11 10:00:00+00:00,125.79324262656047,95.90530218654699,83.11829018353741,88.25585447217045,393.07268946881527
2018-07-11 11:00:00+00:00,118.30870540125989,90.18261725237117,78.36732876513945,82.92333555263122,369.78198697140175
2018-07-11 12:00:00+00:00,102.98480728827502,78.51760104818287,68.31416948418632,72.35523642564742,322.17181424629166
2018-07-11 13:00:00+00:00,80.57488844033466,61.387239147939695,53.510882442042245,56.58282684824155,252.05583687855818
2018-07-11 14:00:00+00:00,52.13042377424544,39.900068365168224,34.86702911848578,36.712336217142955,163.60985747504242
2018-07-11 15:00:00+00:00,21.57523126542977,16.540499667165417,14.629948715846869,15.066278931272784,67.81195857971483
2018-07-11 16:00:00+00:00,1.8107028407720647,1.3884904798238265,1.2942475381496241,1.5596019640168581,6.053042822762373
2018-07-11 17:00:00+00:00,0.0,0.0,0.0,0.0,0.0
2018-07-11 18:00:00+00:00,0.0,0.0,0.0,0.0,0.0
2018-07-11 19:00:00+00:00,0.0,0.0,0.0,0.0,0.0
2018-07-11 20:00:00+00:00,0.0,0.0,0.0,0.0,0.0
2018-07-11 21:00:00+00:00,0.0,0.0,0.0,0.0,0.0
2018-07-11 22:00:00+00:00,0.0,0.0,0.0,0.0,0.0
2018-07-11 23:00:00+00:00,0.0,0.0,0.0,0.0,0.0
2018-07-12 00:00:00+00:00,0.0,0.0,0.0,0.0,0.0
2018-07-12 01:00:00+00:00,0.0,0.0,0.0,0.0,0.0
2018-07-12 02:00:00+00:00,0.0,0.0,0.0,0.0,0.0
2018-07-12 03:00:00+00:00,8.360633945154074,6.5027321117755905,5.345014258011753,5.847913414010751,26.056293728952166
2018-07-12 04:00:00+00:00,21.172949679460345,16.470440424655166,13.65767321432851,14.32703409996016,65.62809741840418
2018-07-12 05:00:00+00:00,50.24648025959195,38.14379125429163,32.36298860794398,35.84406867634675,156.59732879817432
2018-07-12 06:00:00+00:00,78.88042211940848,59.65110643651849,51.01131454172295,56.328879572518154,245.87172267016808
2018-07-12 07:00:00+00:00,101.95768332092089,77.27813075142244,66.31294506609032,72.77728546524591,318.3260446036795
2018-07-12 08:00:00+00:00,117.64295846852767,89.23516414900645,76.96654364293823,83.72043472932668,367.565100989799
2018-07-12 09:00:00+00:00,124.95445025087983,95.12327585145917,82.1948757031486,88.90488690110999,391.1774887065976
2018-07-12 10:00:00+00:00,125.2751568130232,95.42029838212153,82.57827654397491,88.80013452289906,392.07386626201867
2018-07-12 11:00:00+00:00,117.75997470233003,89.63725408710894,78.04081934807925,83.42430955851708,368.86235769603525
2018-07-12 12:00:00+00:00,102.57234562908383,78.24604994763814,68.23170372416294,72.93409027074517,321.98418957163005
2018-07-12 13:00:00+00:00,80.206431235096,61.11869701923867,53.49675975017713,57.081738345142895,251.9036263496547
2018-07-12 14:00:00+00:00,51.77907111789363,39.53838029832496,34.708891469461975,36.95478762989849,162.98113051557905
2018-07-12 15:00:00+00:00,21.277281023539057,16.359955391486224,14.506036752415403,15.195416649704582,67.33868981714527
2018-07-12 16:00:00+00:00,1.6747963913972586,1.3167269509223405,1.2044706600080695,1.515442461885177,5.711436464212845
2018-07-12 17:00:00+00:00,0.0,0.0,0.0,0.0,0.0
2018-07-12 18:00:00+00:00,0.0,0.0,0.0,0.0,0.0
2018-07-12 19:00:00+00:00,0.0,0.0,0.0,0.0,0.0
2018-07-12 20:00:00+00:00,0.0,0.0,0.0,0.0,0.0
2018-07-12 21:00:00+00:00,0.0,0.0,0.0,0.0,0.0
2018-07-12 22:00:00+00:00,0.0,0.0,0.0,0.0,0.0
2018-07-12 23:00:00+00:00,0.0,0.0,0.0,0.0,0.0
2018-07-13 00:00:00+00:00,0.0,0.0,0.0,0.0,0.0
2018-07-13 01:00:00+00:00,0.0,0.0,0.0,0.0,0.0
2018-07-13 02:00:00+00:00,0.0,0.0,0.0,0.0,0.0
2018-07-13 03:00:00+00:00,7.421615227568806,5.676385699374592,4.819485049985237,5.5697830070729255,23.48726898400156
2018-07-13 04:00:00+00:00,19.860655068203314,15.177403779992247,12.47736414882095,14.004885207616189,61.520308204632705
2018-07-13 05:00:00+00:00,50.510641197357856,38.12898137237559,32.52619978423413,35.760594465988305,156.92641681995588
2018-07-13 06:00:00+00:00,79.69017620984282,60.46135756092646,51.836889450895484,56.18954969923463,248.17797292089938
2018-07-13 07:00:00+00:00,103.18833532258287,78.4071829335019,67.43998808752168,72.66766160047672,321.7031679440832
2018-07-13 08:00:00+00:00,119.51402878812567,90.82545661991563,78.32967497232731,83.71478199392087,372.3839423742895
2018-07-13 09:00:00+00:00,128.4496390135749,97.61090980928326,84.24039888981754,89.46964992224173,399.7705976349174
2018-07-13 10:00:00+00:00,129.10365292908992,97.95726945514862,84.62596857192422,89.39272111652906,401.0796120726918
2018-07-13 11:00:00+00:00,121.73122710478468,92.28403487442824,79.91481743438099,83.85008762336278,377.78016703695675
2018-07-13 12:00:00+00:00,106.42221647178673,80.46706117702138,69.85857788572388,72.92380067127863,329.6716562058106
2018-07-13 13:00:00+00:00,83.36127482587328,62.664283815312494,54.709195123969074,56.820189716081025,257.55494348123585
2018-07-13 14:00:00+00:00,53.52963492436034,40.210498372963926,35.40017869159754,36.34239370331005,165.48270569223186
2018-07-13 15:00:00+00:00,21.887405552359837,16.474089936615286,14.657236632840874,14.798326054331111,67.81705817614711
2018-07-13 16:00:00+00:00,1.68083232444117,1.2521380284502557,1.20480178822357,1.4613728452139745,5.5991449863289695
2018-07-13 17:00:00+00:00,0.0,0.0,0.0,0.0,0.0
2018-07-13 18:00:00+00:00,0.0,0.0,0.0,0.0,0.0
2018-07-13 19:00:00+00:00,0.0,0.0,0.0,0.0,0.0
2018-07-13 20:00:00+00:00,0.0,0.0,0.0,0.0,0.0
2018-07-13 21:00:00+00:00,0.0,0.0,0.0,0.0,0.0
2018-07-13 22:00:00+00:00,0.0,0.0,0.0,0.0,0.0
2018-07-13 23:00:00+00:00,0.0,0.0,0.0,0.0,0.0
2018-07-14 00:00:00+00:00,0.0,0.0,0.0,0.0,0.0
2018-07-14 01:00:00+00:00,0.0,0.0,0.0,0.0,0.0
2018-07-14 02:00:00+00:00,0.0,0.0,0.0,0.0,0.0
2018-07-14 03:00:00+00:00,7.2402564808872665,5.627258659785065,4.784860337510031,6.892182563118093,24.544558041300455
2018-07-14 04:00:00+00:00,19.682926617120863,15.253236272907913,12.6399866414166,16.957560153978307,64.53370968542367
2018-07-14 05:00:00+00:00,49.44403916986861,37.05988383053996,31.83644005590673,34.859006912828455,153.19936996914376
2018-07-14 06:00:00+00:00,77.90565875242744,58.34612123344725,50.60607710158769,53.073403104677844,239.93126019214023
2018-07-14 07:00:00+00:00,100.8198343074915,75.62609482313356,65.8278537057851,68.23340757906928,310.5071904154795
2018-07-14 08:00:00+00:00,116.77289523020693,87.56422975167521,76.4398942150594,78.72851590630557,359.5055351032471
2018-07-14 09:00:00+00:00,124.66259700265017,93.61737182444759,81.59404627713626,84.91385816808824,384.78787327232226
2018-07-14 10:00:00+00:00,124.68370820860594,93.52429096133807,81.6497668859398,85.06021817858166,384.9179842344655
2018-07-14 11:00:00+00:00,116.632456009143,87.44191437369638,76.29083027126919,79.78353343433392,360.14873408844244
2018-07-14 12:00:00+00:00,101.14575110691592,75.8726898734234,66.47468539378576,69.18948907646856,312.68261545059363
2018-07-14 13:00:00+00:00,77.9204889610367,58.440492446884605,51.37643380082536,53.8430909616659,241.58050617041258
2018-07-14 14:00:00+00:00,49.37029732953458,37.02319531012538,32.75341754753584,34.55922040895987,153.70613059615567
2018-07-14 15:00:00+00:00,20.19400637253363,15.255802293220903,13.495556415899625,14.326973207492815,63.27233828914697
2018-07-14 16:00:00+00:00,1.1112085847348605,0.817235526089771,0.8267345602940561,1.3562191321753758,4.1113978032940635
2018-07-14 17:00:00+00:00,0.0,0.0,0.0,0.0,0.0
2018-07-14 18:00:00+00:00,0.0,0.0,0.0,0.0,0.0
2018-07-14 19:00:00+00:00,0.0,0.0,0.0,0.0,0.0
2018-07-14 20:00:00+00:00,0.0,0.0,0.0,0.0,0.0
2018-07-14 21:00:00+00:00,0.0,0.0,0.0,0.0,0.0
2018-07-14 22:00:00+00:00,0.0,0.0,0.0,0.0,0.0
2018-07-14 23:00:00+00:00,0.0,0.0,0.0,0.0,0.0
2018-07-15 00:00:00+00:00,0.0,0.0,0.0,0.0,0.0
2018-07-15 01:00:00+00:00,0.0,0.0,0.0,0.0,0.0
2018-07-15 02:00:00+00:00,0.0,0.0,0.0,0.0,0.0
2018-07-15 03:00:00+00:00,6.73662383115179,5.247604506222411,4.643170302620436,6.062802036668824,22.690200676663462
2018-07-15 04:00:00+00:00,18.780741308098676,14.769107701185472,12.462997518830884,15.068686586430976,61.081533114546005
2018-07-15 05:00:00+00:00,48.70122599829202,36.73802855870529,31.342662039942425,34.59001321774487,151.3719298146846
2018-07-15 06:00:00+00:00,77.46932272482537,58.130587868829934,49.85536152948758,53.811115446406546,239.26638756954944
2018-07-15 07:00:00+00:00,100.70313306907454,75.78181458163321,64.99847641557886,69.46625021019862,310.9496742764852
2018-07-15 08:00:00+00:00,116.65749717966634,87.88353996206028,75.6255033510341,80.34881161751866,360.5153521102794
2018-07-15 09:00:00+00:00,125.70896842224826,94.89784323580449,81.55195866523567,86.23001906661139,388.3887893898998
2018-07-15 10:00:00+00:00,126.1356848299474,95.18794228956573,82.0544606954637,86.4461953848895,389.82428319986633
2018-07-15 11:00:00+00:00,118.51506374906916,89.51521249539978,77.26210063106598,81.21641822686439,366.50879510239935
2018-07-15 12:00:00+00:00,103.17453725536171,77.90915500228922,67.36034225887846,70.59868149275604,319.0427160092854
2018-07-15 13:00:00+00:00,80.4031164120422,60.6517921905411,52.592871907408146,54.83600881219668,248.4837893221881
2018-07-15 14:00:00+00:00,51.62915667990528,38.85450246881137,33.914598042867034,35.30748257730097,159.70573976888465
2018-07-15 15:00:00+00:00,21.10934590187938,15.978698336171416,14.081671599255873,14.46742029509355,65.63713613240022
2018-07-15 16:00:00+00:00,1.525298362853535,1.1673402655616547,1.0110097706892534,1.3548543407668017,5.058502739871245
2018-07-15 17:00:00+00:00,0.0,0.0,0.0,0.0,0.0
2018-07-15 18:00:00+00:00,0.0,0.0,0.0,0.0,0.0
2018-07-15 19:00:00+00:00,0.0,0.0,0.0,0.0,0.0
2018-07-15 20:00:00+00:00,0.0,0.0,0.0,0.0,0.0
2018-07-15 21:00:00+00:00,0.0,0.0,0.0,0.0,0.0
2018-07-15 22:00:00+00:00,0.0,0.0,0.0,0.0,0.0
2018-07-15 23:00:00+00:00,0.0,0.0,0.0,0.0,0.0
2018-07-16 00:00:00+00:00,0.0,0.0,0.0,0.0,0.0
2018-07-16 01:00:00+00:00,0.0,0.0,0.0,0.0,0.0
2018-07-16 02:00:00+00:00,0.0,0.0,0.0,0.0,0.0
2018-07-16 03:00:00+00:00,7.114740065223478,5.371889853660243,4.529852641997377,4.7527069866825915,21.76918954756369
2018-07-16 04:00:00+00:00,19.3341149977654,14.702303967296613,12.301121411687465,13.324922485045528,59.662462861795
2018-07-16 05:00:00+00:00,48.766576370826215,36.78944402826643,31.255460885742533,33.985560603249695,150.7970418880849
2018-07-16 06:00:00+00:00,77.091297741434,58.216885402007875,50.00663352084335,53.71480591436277,239.029622578648
2018-07-16 07:00:00+00:00,100.53459385197725,75.90383295201751,65.4445183928151,69.48553771308465,311.3684829098945
2018-07-16 08:00:00+00:00,116.72466749242798,88.37215942173108,76.35584442715982,80.35458572992708,361.80725707124594
2018-07-16 09:00:00+00:00,124.41197636676264,93.70537345679253,81.12062092871533,85.7494676584298,384.9874384107003
2018-07-16 10:00:00+00:00,124.75073623279137,93.89227790126526,81.26716905541402,85.60636528279987,385.5165484722705
2018-07-16 11:00:00+00:00,117.01460305909472,88.04283125518963,76.39652660988372,80.15369549019562,361.6076564143637
2018-07-16 12:00:00+00:00,99.77287926671157,74.8251985774596,64.92252280960875,69.97788076509858,309.4984814188785
2018-07-16 13:00:00+00:00,76.62599876183808,57.14153654697012,49.91529550814917,54.40336575152085,238.08619656847821
2018-07-16 14:00:00+00:00,48.317692459638124,35.985789776736524,31.472104101571222,34.91389735767422,150.68948369562008
2018-07-16 15:00:00+00:00,19.615672487332183,14.575058564049424,12.857059836348903,14.277978573287996,61.3257694610185
2018-07-16 16:00:00+00:00,0.5555355174466147,0.35913170956312246,0.36733729251816954,1.2513976077075273,2.533402127235434
2018-07-16 17:00:00+00:00,0.0,0.0,0.0,0.0,0.0
2018-07-16 18:00:00+00:00,0.0,0.0,0.0,0.0,0.0
2018-07-16 19:00:00+00:00,0.0,0.0,0.0,0.0,0.0
2018-07-16 20:00:00+00:00,0.0,0.0,0.0,0.0,0.0
2018-07-16 21:00:00+00:00,0.0,0.0,0.0,0.0,0.0
2018-07-16 22:00:00+00:00,0.0,0.0,0.0,0.0,0.0
2018-07-16 23:00:00+00:00,0.0,0.0,0.0,0.0,0.0
2018-07-17 00:00:00+00:00,0.0,0.0,0.0,0.0,0.0
2018-07-17 01:00:00+00:00,0.0,0.0,0.0,0.0,0.0
2018-07-17 02:00:00+00:00,0.0,0.0,0.0,0.0,0.0
2018-07-17 03:00:00+00:00,7.812395509583883,5.749549642302495,5.093563097877351,5.196557179788169,23.852065429551896
2018-07-17 04:00:00+00:00,20.20942008418266,15.789243131433267,13.440338022901216,13.875405075463227,63.31440631398037
2018-07-17 05:00:00+00:00,49.078048174549,36.93677411169511,31.58425995546036,34.161370862668164,151.76045310437263
2018-07-17 06:00:00+00:00,77.78047416108761,58.453470914820336,50.213728810388425,53.67697343258967,240.12464731888605
2018-07-17 07:00:00+00:00,101.46483390771078,76.2433533334378,65.63665384176278,69.55300441534553,312.89784549825686
2018-07-17 08:00:00+00:00,118.05396764681456,88.83120954530604,76.50794478243198,80.5758216674034,363.968943641956
2018-07-17 09:00:00+00:00,126.92017960331209,95.55193849977861,82.36772381521736,86.51843980104147,391.3582817193495
2018-07-17 10:00:00+00:00,127.67900562325872,96.12229642897816,82.94513891621365,86.62113716711022,393.36757813556073
2018-07-17 11:00:00+00:00,120.13607487856777,90.55257721374792,78.1998166682878,81.04016570663177,369.92863446723527
2018-07-17 12:00:00+00:00,105.26246181085202,79.3695532045568,68.65297165233206,70.28246286934939,323.5674495370902
2018-07-17 13:00:00+00:00,82.61509795286621,62.01204950609147,53.96005365162902,54.477551009255436,253.06475211984213
2018-07-17 14:00:00+00:00,53.44884149494945,40.07048871273509,34.96136559513532,34.89549611067008,163.37619191348995
2018-07-17 15:00:00+00:00,21.843415956053875,16.32257636356796,14.542656835945678,14.22191598692064,66.93056514248815
2018-07-17 16:00:00+00:00,1.5357721776927487,1.1383220969407934,1.1071348078740588,1.2549468529797763,5.0361759354873765
2018-07-17 17:00:00+00:00,0.0,0.0,0.0,0.0,0.0
2018-07-17 18:00:00+00:00,0.0,0.0,0.0,0.0,0.0
2018-07-17 19:00:00+00:00,0.0,0.0,0.0,0.0,0.0
2018-07-17 20:00:00+00:00,0.0,0.0,0.0,0.0,0.0
2018-07-17 21:00:00+00:00,0.0,0.0,0.0,0.0,0.0
2018-07-17 22:00:00+00:00,0.0,0.0,0.0,0.0,0.0
2018-07-17 23:00:00+00:00,0.0,0.0,0.0,0.0,0.0
2018-07-18 00:00:00+00:00,0.0,0.0,0.0,0.0,0.0
2018-07-18 01:00:00+00:00,0.0,0.0,0.0,0.0,0.0
2018-07-18 02:00:00+00:00,0.0,0.0,0.0,0.0,0.0
2018-07-18 03:00:00+00:00,6.686465363313946,5.101887485323289,4.451557169421739,4.720964802599542,20.960874820658518
2018-07-18 04:00:00+00:00,18.86332613326003,14.413367032614566,12.287392257571085,13.279804708200718,58.843890131646404
2018-07-18 05:00:00+00:00,49.47047096658973,37.04304855889388,31.51308968182552,34.32321873233402,152.34982793964315
2018-07-18 06:00:00+00:00,78.78383367594559,59.15132125110668,50.26580345061908,54.24768322988625,242.4486416075576
2018-07-18 07:00:00+00:00,102.13605038993435,77.02164424633094,65.7633870141593,70.34840532897871,315.26948697940327
2018-07-18 08:00:00+00:00,118.81661481141265,89.64130489002251,76.68940743636078,81.28891699579313,366.43624413358907
2018-07-18 09:00:00+00:00,128.1524063829108,96.79512032871526,83.03974906344719,87.1180392126695,395.10531498774276
2018-07-18 10:00:00+00:00,129.09056738251888,97.4024000345744,83.6296616204637,87.37845494258451,397.5010839801415
2018-07-18 11:00:00+00:00,121.82714538604253,91.91670196606768,79.11602507915428,82.20281731627233,375.0626897475368
2018-07-18 12:00:00+00:00,106.00438500340951,79.56333329314485,68.74572632635257,71.51297426503848,325.82641888794535
2018-07-18 13:00:00+00:00,83.177862479596,62.02021718983323,53.661369296648765,55.77990731936279,254.63935628544078
2018-07-18 14:00:00+00:00,53.58245293252076,39.797838435060115,34.656649205069485,35.88012388319826,163.9170644558486
2018-07-18 15:00:00+00:00,21.76707931385547,16.267078258112974,14.383018121006023,14.652814313355314,67.06999000632979
2018-07-18 16:00:00+00:00,1.3948566078067315,0.9666871770605417,0.9229675784154969,1.2549712017881265,4.539482565070896
2018-07-18 17:00:00+00:00,0.0,0.0,0.0,0.0,0.0
2018-07-18 18:00:00+00:00,0.0,0.0,0.0,0.0,0.0
2018-07-18 19:00:00+00:00,0.0,0.0,0.0,0.0,0.0
2018-07-18 20:00:00+00:00,0.0,0.0,0.0,0.0,0.0
2018-07-18 21:00:00+00:00,0.0,0.0,0.0,0.0,0.0
2018-07-18 22:00:00+00:00,0.0,0.0,0.0,0.0,0.0
2018-07-18 23:00:00+00:00,0.0,0.0,0.0,0.0,0.0
2018-07-19 00:00:00+00:00,0.0,0.0,0.0,0.0,0.0
2018-07-19 01:00:00+00:00,0.0,0.0,0.0,0.0,0.0
2018-07-19 02:00:00+00:00,0.0,0.0,0.0,0.0,0.0
2018-07-19 03:00:00+00:00,7.540613926137743,5.553670948596869,4.7177618384994915,5.37676605065081,23.18881276388491
2018-07-19 04:00:00+00:00,20.11749026737827,15.223859416017046,12.79082425624451,14.217412438448347,62.349586378088176
2018-07-19 05:00:00+00:00,49.29928335802963,37.053214429479844,31.462545885612286,34.719873496504135,152.53491716962588
2018-07-19 06:00:00+00:00,77.59423846712095,58.425703150690836,49.88328335009592,54.23134471231634,240.13456968022405
2018-07-19 07:00:00+00:00,100.77483299734104,75.94425604780496,65.20147227539974,70.1953107393762,312.1158720599219
2018-07-19 08:00:00+00:00,116.80409239802468,88.2893009578932,75.8202089357323,81.32989267525227,362.24349496690246
2018-07-19 09:00:00+00:00,125.08277868969967,94.62349946295669,81.48833642102926,87.32009740965427,388.5147119833399
2018-07-19 10:00:00+00:00,125.73785082395014,94.81953091050934,81.91099943768172,87.4188329182002,389.88721409034144
2018-07-19 11:00:00+00:00,118.27272091816269,89.06036381001978,77.02276709443726,82.08559308748454,366.4414449101043
2018-07-19 12:00:00+00:00,102.88821280779526,77.7054693630443,67.08599603026161,71.55402055057183,319.233698751673
2018-07-19 13:00:00+00:00,80.11716984947304,60.197590497996075,52.2712037507048,55.77764543289091,248.3636095310648
2018-07-19 14:00:00+00:00,51.18590388087988,38.45100591255187,33.5378224814984,35.818922851260396,158.99365512619056
2018-07-19 15:00:00+00:00,20.682969789929846,15.547441271762509,13.781114120158886,14.59026246072054,64.60178764257178
2018-07-19 16:00:00+00:00,1.1067417171223874,0.8133543341296452,0.7313762666792577,1.2107874239675889,3.862259741898879
2018-07-19 17:00:00+00:00,0.0,0.0,0.0,0.0,0.0
2018-07-19 18:00:00+00:00,0.0,0.0,0.0,0.0,0.0
2018-07-19 19:00:00+00:00,0.0,0.0,0.0,0.0,0.0
2018-07-19 20:00:00+00:00,0.0,0.0,0.0,0.0,0.0
2018-07-19 21:00:00+00:00,0.0,0.0,0.0,0.0,0.0
2018-07-19 22:00:00+00:00,0.0,0.0,0.0,0.0,0.0
2018-07-19 23:00:00+00:00,0.0,0.0,0.0,0.0,0.0
2018-07-20 00:00:00+00:00,0.0,0.0,0.0,0.0,0.0
2018-07-20 01:00:00+00:00,0.0,0.0,0.0,0.0,0.0
2018-07-20 02:00:00+00:00,0.0,0.0,0.0,0.0,0.0
2018-07-20 03:00:00+00:00,7.396936530380979,5.505949635169417,4.629018964545355,5.235864248490293,22.767769378586046
2018-07-20 04:00:00+00:00,20.20136345571786,15.513582557179053,12.877252876869811,13.882837964904002,62.47503685467073
2018-07-20 05:00:00+00:00,48.35822350441357,36.5302312951004,31.034189111366068,35.069660535625076,150.9923044465051
2018-07-20 06:00:00+00:00,76.3425895387138,57.58003595633076,49.291620565459695,55.449271756623205,238.66351781712746
2018-07-20 07:00:00+00:00,99.41368058832259,75.03757135556049,64.51259661974703,71.76024168531687,310.724090248947
2018-07-20 08:00:00+00:00,115.56486906520163,87.24763937307408,75.2508362321998,83.17278378107659,361.2361284515521
2018-07-20 09:00:00+00:00,124.28657091363789,93.76895015020843,81.1087929453469,88.97829793238895,388.1426119415822
2018-07-20 10:00:00+00:00,124.85379075800788,94.1387617834335,81.57102882172249,89.19002445762516,389.753605820789
2018-07-20 11:00:00+00:00,117.40898739017916,88.43947012584023,76.58126884229362,83.98116809629514,366.4108944546082
2018-07-20 12:00:00+00:00,101.76791390492184,76.36574459366143,66.16888980384323,73.48252149707102,317.7850697994975
2018-07-20 13:00:00+00:00,78.82502316188405,58.979777064218,51.09126624642472,57.453266207698576,246.3493326802253
2018-07-20 14:00:00+00:00,50.088640719823,37.30851017703229,32.507147197325175,37.08345028457177,156.98774837875223
2018-07-20 15:00:00+00:00,19.99589476050501,15.044045656637357,13.188710753863843,14.985876497718229,63.21452766872444
2018-07-20 16:00:00+00:00,0.7868036739071749,0.5758354266212484,0.5540180042916746,1.2726930793410198,3.1893501841611176
2018-07-20 17:00:00+00:00,0.0,0.0,0.0,0.0,0.0
2018-07-20 18:00:00+00:00,0.0,0.0,0.0,0.0,0.0
2018-07-20 19:00:00+00:00,0.0,0.0,0.0,0.0,0.0
2018-07-20 20:00:00+00:00,0.0,0.0,0.0,0.0,0.0
2018-07-20 21:00:00+00:00,0.0,0.0,0.0,0.0,0.0
2018-07-20 22:00:00+00:00,0.0,0.0,0.0,0.0,0.0
2018-07-20 23:00:00+00:00,0.0,0.0,0.0,0.0,0.0
2018-07-21 00:00:00+00:00,0.0,0.0,0.0,0.0,0.0
2018-07-21 01:00:00+00:00,0.0,0.0,0.0,0.0,0.0
2018-07-21 02:00:00+00:00,0.0,0.0,0.0,0.0,0.0
2018-07-21 03:00:00+00:00,6.288327363116148,4.66134475189606,3.9298566849911825,6.071383197825721,20.95091199782911
2018-07-21 04:00:00+00:00,18.191666353357213,13.73716829006543,11.388488596793893,15.122563973893756,58.43988721411029
2018-07-21 05:00:00+00:00,49.57072384789895,37.34940426033562,31.792798307965732,35.24336054351349,153.9562869597138
2018-07-21 06:00:00+00:00,79.8442937596661,60.16899376992056,51.533202378865596,55.256310306853585,246.80280021530584
2018-07-21 07:00:00+00:00,104.5137268422331,78.80624921149146,67.71023465071654,71.68626774804795,322.71647845248907
2018-07-21 08:00:00+00:00,121.51119549181618,91.71011698747756,79.43169403696346,83.07649343972754,375.72949995598475
2018-07-21 09:00:00+00:00,130.50176469084573,98.46365808655989,85.11648161598305,89.16232295220203,403.2442273455907
2018-07-21 10:00:00+00:00,131.03281509609997,99.08728549478886,85.92730502343551,89.27084705894023,405.3182526732646
2018-07-21 11:00:00+00:00,123.61098907502551,93.22797626908178,81.17806239597891,83.97812394748503,381.9951516875712
2018-07-21 12:00:00+00:00,108.03547229839447,81.3432770437874,70.93156682988014,73.24966002888914,333.55997620095116
2018-07-21 13:00:00+00:00,84.41641520788201,63.48607481723442,55.7620824187336,57.29907082273331,260.96364326658335
2018-07-21 14:00:00+00:00,54.39474874802484,40.88469088452035,36.03841958057163,36.86579964343622,168.18365885655305
2018-07-21 15:00:00+00:00,21.8268870667186,16.531810443707087,14.87199309426199,14.969874238421923,68.20056484310959
2018-07-21 16:00:00+00:00,0.0,0.3296632088207418,0.9305448446288621,1.1740553675743057,2.4342634210239096
2018-07-21 17:00:00+00:00,0.0,0.0,0.0,0.0,0.0
2018-07-21 18:00:00+00:00,0.0,0.0,0.0,0.0,0.0
2018-07-21 19:00:00+00:00,0.0,0.0,0.0,0.0,0.0
2018-07-21 20:00:00+00:00,0.0,0.0,0.0,0.0,0.0
2018-07-21 21:00:00+00:00,0.0,0.0,0.0,0.0,0.0
2018-07-21 22:00:00+00:00,0.0,0.0,0.0,0.0,0.0
2018-07-21 23:00:00+00:00,0.0,0.0,0.0,0.0,0.0
2018-07-22 00:00:00+00:00,0.0,0.0,0.0,0.0,0.0
2018-07-22 01:00:00+00:00,0.0,0.0,0.0,0.0,0.0
2018-07-22 02:00:00+00:00,0.0,0.0,0.0,0.0,0.0
2018-07-22 03:00:00+00:00,5.983594739311528,4.738584793974506,3.9436474661709298,5.951169715999252,20.616996715456217
2018-07-22 04:00:00+00:00,17.843511181550596,13.815928753303595,11.439910906625093,15.272699560817625,58.37205040229691
2018-07-22 05:00:00+00:00,49.55493411186283,37.22447621780912,31.69705152742172,34.53615511076809,153.01261696786176
2018-07-22 06:00:00+00:00,79.68837629647794,59.74348197391105,51.46140475254392,53.723452611713796,244.6167156346467
2018-07-22 07:00:00+00:00,103.93508799880803,78.0874547393267,67.39867479499027,69.60911266782557,319.0303302009506
2018-07-22 08:00:00+00:00,120.69063488792406,90.77431913088354,78.65544388023585,80.3816069774816,370.502004876525
2018-07-22 09:00:00+00:00,129.1460758167139,97.20501409153269,84.73592473619921,86.31896448645698,397.4059791309028
2018-07-22 10:00:00+00:00,129.57438930643062,97.55314981357462,85.01902561732335,86.37907450258199,398.52563923991056
2018-07-22 11:00:00+00:00,121.53815596264451,91.43194978933671,80.13875475506806,81.05848154164258,374.1673420486919
2018-07-22 12:00:00+00:00,105.46979381281241,79.47241411372143,69.51361277773393,70.44159481411991,324.8974155183877
2018-07-22 13:00:00+00:00,81.74004555605336,61.372101783039994,54.061173601214726,54.84436907667511,252.01769001698318
2018-07-22 14:00:00+00:00,51.978515922574225,38.97394113049469,34.623041271193486,35.236253186839036,160.81175151110142
2018-07-22 15:00:00+00:00,20.59561512256075,15.632869864636064,13.963062795967158,14.262584998656548,64.45413278182052
2018-07-22 16:00:00+00:00,0.0,0.2292976941019737,0.8294180981245776,1.0675904372210554,2.1263062294476067
2018-07-22 17:00:00+00:00,0.0,0.0,0.0,0.0,0.0
2018-07-22 18:00:00+00:00,0.0,0.0,0.0,0.0,0.0
2018-07-22 19:00:00+00:00,0.0,0.0,0.0,0.0,0.0
2018-07-22 20:00:00+00:00,0.0,0.0,0.0,0.0,0.0
2018-07-22 21:00:00+00:00,0.0,0.0,0.0,0.0,0.0
2018-07-22 22:00:00+00:00,0.0,0.0,0.0,0.0,0.0
2018-07-22 23:00:00+00:00,0.0,0.0,0.0,0.0,0.0
2018-07-23 00:00:00+00:00,0.0,0.0,0.0,0.0,0.0
2018-07-23 01:00:00+00:00,0.0,0.0,0.0,0.0,0.0
2018-07-23 02:00:00+00:00,0.0,0.0,0.0,0.0,0.0
2018-07-23 03:00:00+00:00,5.627214982556561,4.449382734902123,3.63224036026357,5.824458186742447,19.533296264464703
2018-07-23 04:00:00+00:00,17.429708858436292,13.451945798161443,10.91619621298395,14.697581320697267,56.495432190278954
2018-07-23 05:00:00+00:00,48.182598380944,36.25629105778693,30.941836895373708,33.998710651658364,149.37943698576302
2018-07-23 06:00:00+00:00,77.61520585957872,58.3530649822556,50.30800714702423,53.28179834613567,239.55807633499424
2018-07-23 07:00:00+00:00,101.600061126543,76.41413543643546,66.13214945135553,69.38071443061602,313.52706044495
2018-07-23 08:00:00+00:00,118.34764930545501,89.1726849068268,77.24610891744959,80.4448036213851,365.2112467511165
2018-07-23 09:00:00+00:00,126.88403403460723,95.36402879388004,82.58259015985496,86.29168881274057,391.12234180108277
2018-07-23 10:00:00+00:00,127.22847274020552,95.49788938476169,82.8061885135263,86.44917283333541,391.9817234718289
2018-07-23 11:00:00+00:00,119.42801181494988,89.51068468233119,77.68272071375948,80.91895846915419,367.5403756801947
2018-07-23 12:00:00+00:00,103.98416556481814,77.98219190174093,67.91734221807855,70.4099163399458,320.29361602458346
2018-07-23 13:00:00+00:00,80.4860139167493,60.044270013912,52.60074026457759,54.672631483446914,247.8036556786858
2018-07-23 14:00:00+00:00,50.98079355588704,37.92245209271442,33.52757194688588,35.042543007686895,157.47336060317423
2018-07-23 15:00:00+00:00,20.057755262882957,15.035241320167128,13.463792063966862,14.158430320855805,62.71521896787275
2018-07-23 16:00:00+00:00,0.0,0.1308057067865725,0.5531234916815008,0.967119329758934,1.6510485282270073
2018-07-23 17:00:00+00:00,0.0,0.0,0.0,0.0,0.0
2018-07-23 18:00:00+00:00,0.0,0.0,0.0,0.0,0.0
2018-07-23 19:00:00+00:00,0.0,0.0,0.0,0.0,0.0
2018-07-23 20:00:00+00:00,0.0,0.0,0.0,0.0,0.0
2018-07-23 21:00:00+00:00,0.0,0.0,0.0,0.0,0.0
2018-07-23 22:00:00+00:00,0.0,0.0,0.0,0.0,0.0
2018-07-23 23:00:00+00:00,0.0,0.0,0.0,0.0,0.0
2018-07-24 00:00:00+00:00,0.0,0.0,0.0,0.0,0.0
2018-07-24 01:00:00+00:00,0.0,0.0,0.0,0.0,0.0
2018-07-24 02:00:00+00:00,0.0,0.0,0.0,0.0,0.0
2018-07-24 03:00:00+00:00,6.013445937346215,4.734819834772535,3.980634054315638,4.7825418609570765,19.511441687391464
2018-07-24 04:00:00+00:00,18.05854959033278,14.020451138722382,11.676071125609278,13.512758826406778,57.26783068107122
2018-07-24 05:00:00+00:00,48.28821266272003,36.26776774819916,30.94837329573469,34.10808883579453,149.61244254244843
2018-07-24 06:00:00+00:00,77.07253826486604,57.84019560378825,49.72546765350872,53.510652133409124,238.14885365557217
2018-07-24 07:00:00+00:00,100.48461714331691,75.3815748445011,64.93335187648523,69.25581103039693,310.05535489470014
2018-07-24 08:00:00+00:00,116.51636763206173,87.32219800964114,75.57725349586791,80.00406921024282,359.41988834781364
2018-07-24 09:00:00+00:00,124.33942677021713,93.18452436864204,80.67065135804266,85.65563239004734,383.8502348869492
2018-07-24 10:00:00+00:00,124.43031509258739,93.39300665876789,80.86183677768075,85.4409295411862,384.1260880702222
2018-07-24 11:00:00+00:00,116.8158663275845,87.3962599946359,75.81715720615279,79.77132856924219,359.8006120976154
2018-07-24 12:00:00+00:00,100.92811615679872,75.29722787056663,65.46366216222357,68.72370190553409,310.412708095123
2018-07-24 13:00:00+00:00,77.62206409135261,57.79359314387861,50.44622656674112,52.922281142238496,238.78416494421083
2018-07-24 14:00:00+00:00,48.81375489107049,36.4257890019913,32.04744438763764,33.47794509924381,150.76493337994322
2018-07-24 15:00:00+00:00,19.250561928461632,14.4296381854208,12.838657778185265,13.404824659350297,59.923682551418
2018-07-24 16:00:00+00:00,0.0,0.06509212411858699,0.0,0.6732239399454296,0.7383160640640166
2018-07-24 17:00:00+00:00,0.0,0.0,0.0,0.0,0.0
2018-07-24 18:00:00+00:00,0.0,0.0,0.0,0.0,0.0
2018-07-24 19:00:00+00:00,0.0,0.0,0.0,0.0,0.0
2018-07-24 20:00:00+00:00,0.0,0.0,0.0,0.0,0.0
2018-07-24 21:00:00+00:00,0.0,0.0,0.0,0.0,0.0
2018-07-24 22:00:00+00:00,0.0,0.0,0.0,0.0,0.0
2018-07-24 23:00:00+00:00,0.0,0.0,0.0,0.0,0.0
2018-07-25 00:00:00+00:00,0.0,0.0,0.0,0.0,0.0
2018-07-25 01:00:00+00:00,0.0,0.0,0.0,0.0,0.0
2018-07-25 02:00:00+00:00,0.0,0.0,0.0,0.0,0.0
2018-07-25 03:00:00+00:00,7.311365244888805,5.329062241281299,4.450039609087949,5.888789337796051,22.979256433054104
2018-07-25 04:00:00+00:00,22.07229591827447,17.078974901148435,14.027961519818238,16.73386411949216,69.91309645873329
2018-07-25 05:00:00+00:00,48.14959285447958,36.2650471648633,30.82862384574898,34.12937129910938,149.37263516420123
2018-07-25 06:00:00+00:00,74.26419683908617,55.666699320414224,47.80856497978743,51.65237265325456,229.39183379254237
2018-07-25 07:00:00+00:00,96.07403593656608,72.00787812808146,62.164889021635425,66.0831940330934,296.32999711937634
2018-07-25 08:00:00+00:00,111.4837840487623,83.65418389330313,72.37101666350026,75.61932271202036,343.12830731758606
2018-07-25 09:00:00+00:00,119.37596268183692,89.77903298439062,77.67235024613751,82.33587746884817,369.16322338121324
2018-07-25 10:00:00+00:00,119.8060601084403,90.06495357750028,78.00404051896012,82.04262272616589,369.9176769310666
2018-07-25 11:00:00+00:00,112.61432117481931,84.58818569492087,73.3325358311528,76.72447163017674,347.2595143310697
2018-07-25 12:00:00+00:00,96.29667707489938,72.06688691148736,62.97952235061167,65.678167733766,297.02125407076437
2018-07-25 13:00:00+00:00,73.94472725649378,55.27687768559376,48.51132073136574,49.8420779308528,227.5750036043061
2018-07-25 14:00:00+00:00,46.41790455982729,34.58535393568004,30.581083052864756,31.11024166698718,142.69458321535927
2018-07-25 15:00:00+00:00,18.065578601274847,13.456740681137859,12.176917932321668,12.383653212343386,56.08289042707776
2018-07-25 16:00:00+00:00,0.0,0.0,0.0,0.19186878391637552,0.19186878391637552
2018-07-25 17:00:00+00:00,0.0,0.0,0.0,0.0,0.0
2018-07-25 18:00:00+00:00,0.0,0.0,0.0,0.0,0.0
2018-07-25 19:00:00+00:00,0.0,0.0,0.0,0.0,0.0
2018-07-25 20:00:00+00:00,0.0,0.0,0.0,0.0,0.0
2018-07-25 21:00:00+00:00,0.0,0.0,0.0,0.0,0.0
2018-07-25 22:00:00+00:00,0.0,0.0,0.0,0.0,0.0
2018-07-25 23:00:00+00:00,0.0,0.0,0.0,0.0,0.0
2018-07-26 00:00:00+00:00,0.0,0.0,0.0,0.0,0.0
2018-07-26 01:00:00+00:00,0.0,0.0,0.0,0.0,0.0
2018-07-26 02:00:00+00:00,0.0,0.0,0.0,0.0,0.0
2018-07-26 03:00:00+00:00,7.135746885387779,4.967880282206584,4.10521334063144,5.963591288033282,22.172431796259087
2018-07-26 04:00:00+00:00,23.292905876633057,17.768067420609125,14.930271399026928,16.381368348992684,72.3726130452618
2018-07-26 05:00:00+00:00,48.470915400440504,36.65165934919762,31.2295542013421,34.37248412950166,150.72461308048187
2018-07-26 06:00:00+00:00,74.09477946407873,56.04024007965115,48.09711637550791,52.67465380203559,230.90678972127336
2018-07-26 07:00:00+00:00,95.81121889588822,72.32409162527287,62.42177067417888,68.02111264719034,298.5781938425303
2018-07-26 08:00:00+00:00,111.28510673733697,83.88241936868847,72.5698200350346,78.60664657892659,346.3439927199866
2018-07-26 09:00:00+00:00,118.10290230004131,89.1002452936143,76.81249275899566,85.43985860098444,369.45549895363575
2018-07-26 10:00:00+00:00,118.16837918082882,89.06912949755227,77.10554753715594,84.88965236447643,369.2327085800135
2018-07-26 11:00:00+00:00,110.51339562488391,83.16063378013774,72.15289078346383,78.91349407520931,344.7404142636948
2018-07-26 12:00:00+00:00,93.73285685302109,70.75730364515667,61.424684572730165,68.37601471419659,294.29085978510454
2018-07-26 13:00:00+00:00,71.49726211150704,54.061102131507155,47.0359968896395,53.19767616634819,225.7920372990019
2018-07-26 14:00:00+00:00,44.47435192800529,33.66862612223302,29.437422700587927,34.269581322335725,141.84998207316198
2018-07-26 15:00:00+00:00,17.079232682614958,13.003978249884431,11.503015806751504,13.80994166342153,55.39616840267243
2018-07-26 16:00:00+00:00,0.0,0.0,0.0,0.0,0.0
2018-07-26 17:00:00+00:00,0.0,0.0,0.0,0.0,0.0
2018-07-26 18:00:00+00:00,0.0,0.0,0.0,0.0,0.0
2018-07-26 19:00:00+00:00,0.0,0.0,0.0,0.0,0.0
2018-07-26 20:00:00+00:00,0.0,0.0,0.0,0.0,0.0
2018-07-26 21:00:00+00:00,0.0,0.0,0.0,0.0,0.0
2018-07-26 22:00:00+00:00,0.0,0.0,0.0,0.0,0.0
2018-07-26 23:00:00+00:00,0.0,0.0,0.0,0.0,0.0
2018-07-27 00:00:00+00:00,0.0,0.0,0.0,0.0,0.0
2018-07-27 01:00:00+00:00,0.0,0.0,0.0,0.0,0.0
2018-07-27 02:00:00+00:00,0.0,0.0,0.0,0.0,0.0
2018-07-27 03:00:00+00:00,7.072181379440333,5.121477677642603,4.227703080186024,4.392856193385105,20.814218330654064
2018-07-27 04:00:00+00:00,20.48744966775747,15.585656620096655,12.99977742660561,12.836981752024878,61.90986546648461
2018-07-27 05:00:00+00:00,48.08894850856461,36.37551891311845,30.936905339659347,34.82223388476683,150.22360664610923
2018-07-27 06:00:00+00:00,75.95602436179479,57.40416092465793,49.20788618011125,55.654413293488496,238.22248476005245
2018-07-27 07:00:00+00:00,99.09315908084974,74.93793299298015,64.37776491207181,72.17687427645859,310.5857312623603
2018-07-27 08:00:00+00:00,115.25254409230305,87.14196501012708,75.07214421917492,83.62704972189647,361.09370304350153
2018-07-27 09:00:00+00:00,124.14397388454557,93.749207679455,80.87144800127986,89.7783046477881,388.5429342130685
2018-07-27 10:00:00+00:00,124.48819542064243,93.98597040974036,81.37888361486316,90.13705273098441,389.9901021762303
2018-07-27 11:00:00+00:00,117.05748387549673,88.32881604245236,76.58031427781467,84.64758478719337,366.61419898295713
2018-07-27 12:00:00+00:00,100.97199817025114,76.02903002482657,66.15619301040587,73.3444692214973,316.5016904269809
2018-07-27 13:00:00+00:00,78.20400627782792,58.84995121217676,51.33722926520022,57.02935103777918,245.42053779298408
2018-07-27 14:00:00+00:00,49.53504045936374,37.30287308802836,32.753767133748546,36.274006455662416,155.86568713680305
2018-07-27 15:00:00+00:00,19.369708883865332,14.706313923278879,13.071091883971883,14.301735171825246,61.448849862941344
2018-07-27 16:00:00+00:00,0.0,0.0,0.0,0.0,0.0
2018-07-27 17:00:00+00:00,0.0,0.0,0.0,0.0,0.0
2018-07-27 18:00:00+00:00,0.0,0.0,0.0,0.0,0.0
2018-07-27 19:00:00+00:00,0.0,0.0,0.0,0.0,0.0
2018-07-27 20:00:00+00:00,0.0,0.0,0.0,0.0,0.0
2018-07-27 21:00:00+00:00,0.0,0.0,0.0,0.0,0.0
2018-07-27 22:00:00+00:00,0.0,0.0,0.0,0.0,0.0
2018-07-27 23:00:00+00:00,0.0,0.0,0.0,0.0,0.0
2018-07-28 00:00:00+00:00,0.0,0.0,0.0,0.0,0.0
2018-07-28 01:00:00+00:00,0.0,0.0,0.0,0.0,0.0
2018-07-28 02:00:00+00:00,0.0,0.0,0.0,0.0,0.0
2018-07-28 03:00:00+00:00,5.668530174074645,4.406463139273634,3.7404355456509757,5.285059995732841,19.100488854732095
2018-07-28 04:00:00+00:00,17.926764751710394,13.751224025348883,11.349393301076438,13.933398065704882,56.960780143840594
2018-07-28 05:00:00+00:00,49.733237683494195,37.46550263274581,31.72925287975671,34.91111693022198,153.8391101262187
2018-07-28 06:00:00+00:00,80.22142938502729,60.288307400251895,51.78391361031419,55.34742109096466,247.64107148655802
2018-07-28 07:00:00+00:00,104.83890045528068,79.08264554962912,68.05805114683868,72.11883170378317,324.09842885553167
2018-07-28 08:00:00+00:00,121.70496218466923,92.13041120178217,79.48351089548889,83.56336868563409,376.8822529675744
2018-07-28 09:00:00+00:00,130.7562278161605,98.84385486403686,85.55629228621197,88.890291653839,404.0466666202483
2018-07-28 10:00:00+00:00,131.4961015849364,99.45379699951278,86.29744531108351,89.06292701445987,406.3102709099926
2018-07-28 11:00:00+00:00,123.99049773451708,93.51877872433717,81.50958012365162,83.47742341096105,382.49627999346694
2018-07-28 12:00:00+00:00,108.21263845778213,81.75243360872471,71.55630540206619,72.95786291533523,334.4792403839083
2018-07-28 13:00:00+00:00,84.70534209505165,63.83748917310551,56.14672613491121,56.867052232667874,261.5566096357362
2018-07-28 14:00:00+00:00,54.324556712680774,40.780510017156885,36.19440746978069,36.5981521252035,167.89762632482183
2018-07-28 15:00:00+00:00,21.127152902733105,16.019052696870915,14.580870579308868,14.530258325217424,66.25733450413031
2018-07-28 16:00:00+00:00,0.0,0.0,0.0,0.0,0.0
2018-07-28 17:00:00+00:00,0.0,0.0,0.0,0.0,0.0
2018-07-28 18:00:00+00:00,0.0,0.0,0.0,0.0,0.0
2018-07-28 19:00:00+00:00,0.0,0.0,0.0,0.0,0.0
2018-07-28 20:00:00+00:00,0.0,0.0,0.0,0.0,0.0
2018-07-28 21:00:00+00:00,0.0,0.0,0.0,0.0,0.0
2018-07-28 22:00:00+00:00,0.0,0.0,0.0,0.0,0.0
2018-07-28 23:00:00+00:00,0.0,0.0,0.0,0.0,0.0
2018-07-29 00:00:00+00:00,0.0,0.0,0.0,0.0,0.0
2018-07-29 01:00:00+00:00,0.0,0.0,0.0,0.0,0.0
2018-07-29 02:00:00+00:00,0.0,0.0,0.0,0.0,0.0
2018-07-29 03:00:00+00:00,5.2814525048290175,4.174383370779732,3.4892995840927097,5.501484246862686,18.446619706564142
2018-07-29 04:00:00+00:00,17.176850696563562,13.213728339131688,10.787529938330476,14.890434871622904,56.068543845648634
2018-07-29 05:00:00+00:00,49.92261553635316,37.53004498652785,32.05832140598824,34.872332132128264,154.38331406099752
2018-07-29 06:00:00+00:00,80.61700568570772,60.65668391065944,52.254194672349136,55.13127211355422,248.6591563822705
2018-07-29 07:00:00+00:00,105.13321177788718,79.40175047071969,68.59939515391248,71.71365198865296,324.8480093911723
2018-07-29 08:00:00+00:00,122.09329210627443,92.28298863956137,79.77573540628886,83.21307340739871,377.36508955952337
2018-07-29 09:00:00+00:00,130.95652711276117,99.18514172945457,85.97010309691885,89.37570896327473,405.4874809024093
2018-07-29 10:00:00+00:00,131.65866165585476,99.77848178908476,86.52632699020636,89.6032677620397,407.5667381971856
2018-07-29 11:00:00+00:00,124.18734884684909,93.98666750276604,81.75638814966432,84.2409313096866,384.1713358089661
2018-07-29 12:00:00+00:00,108.76822430408365,82.20962908749016,71.706455511573,73.35854179854533,336.04285070169215
2018-07-29 13:00:00+00:00,85.25978598347842,64.27538833557523,56.38591408054085,57.139351680651,263.0604400802455
2018-07-29 14:00:00+00:00,54.97005235240038,41.429805538069154,36.662539906413286,36.543658903416876,169.6060567002997
2018-07-29 15:00:00+00:00,21.758194074601594,16.421017977151603,14.834762577963646,14.320936465321072,67.33491109503791
2018-07-29 16:00:00+00:00,0.0,0.0,0.0,0.0,0.0
2018-07-29 17:00:00+00:00,0.0,0.0,0.0,0.0,0.0
2018-07-29 18:00:00+00:00,0.0,0.0,0.0,0.0,0.0
2018-07-29 19:00:00+00:00,0.0,0.0,0.0,0.0,0.0
2018-07-29 20:00:00+00:00,0.0,0.0,0.0,0.0,0.0
2018-07-29 21:00:00+00:00,0.0,0.0,0.0,0.0,0.0
2018-07-29 22:00:00+00:00,0.0,0.0,0.0,0.0,0.0
2018-07-29 23:00:00+00:00,0.0,0.0,0.0,0.0,0.0
2018-07-30 00:00:00+00:00,0.0,0.0,0.0,0.0,0.0
2018-07-30 01:00:00+00:00,0.0,0.0,0.0,0.0,0.0
2018-07-30 02:00:00+00:00,0.0,0.0,0.0,0.0,0.0
2018-07-30 03:00:00+00:00,5.367591367926011,4.169716289271224,3.543101645216568,4.942502660986393,18.022911963400198
2018-07-30 04:00:00+00:00,17.579332364128604,13.561642601563964,11.24560444437019,13.56847789826275,55.95505730832551
2018-07-30 05:00:00+00:00,48.89399602480187,36.92854261539955,31.43327201272906,34.88865112635344,152.14446177928392
2018-07-30 06:00:00+00:00,78.91566665391728,59.469648438655724,51.06037713155768,55.60909561749934,245.05478784163006
2018-07-30 07:00:00+00:00,103.11136207400183,77.89217600798172,67.10315064277991,72.42237153126857,320.52906025603204
2018-07-30 08:00:00+00:00,119.9637403689787,90.52072983871703,78.15699526011646,84.04096858440553,372.6824340522177
2018-07-30 09:00:00+00:00,129.09210082242197,97.54620425321508,84.38570620172564,89.96984920772131,400.993860485084
2018-07-30 10:00:00+00:00,129.6989340597332,98.03115014974841,84.85624784248029,89.99486143030674,402.58119348226865
2018-07-30 11:00:00+00:00,122.12943863306171,92.28042509147161,80.01303779274689,84.64279491082881,379.065696428109
2018-07-30 12:00:00+00:00,106.93085407665282,80.9552546552282,70.10426698426141,73.78818326425433,331.7785589803968
2018-07-30 13:00:00+00:00,83.62099258752016,63.19838086603011,54.91973963411696,57.572352789493806,259.311465877161
2018-07-30 14:00:00+00:00,53.71063985248907,40.52244673233588,35.44597316618112,36.988285218795596,166.66734496980166
2018-07-30 15:00:00+00:00,21.099528582226924,15.943062920230066,14.170076664347445,14.551340386399744,65.76400855320418
2018-07-30 16:00:00+00:00,0.0,0.0,0.0,0.0,0.0
2018-07-30 17:00:00+00:00,0.0,0.0,0.0,0.0,0.0
2018-07-30 18:00:00+00:00,0.0,0.0,0.0,0.0,0.0
2018-07-30 19:00:00+00:00,0.0,0.0,0.0,0.0,0.0
2018-07-30 20:00:00+00:00,0.0,0.0,0.0,0.0,0.0
2018-07-30 21:00:00+00:00,0.0,0.0,0.0,0.0,0.0
2018-07-30 22:00:00+00:00,0.0,0.0,0.0,0.0,0.0
2018-07-30 23:00:00+00:00,0.0,0.0,0.0,0.0,0.0
2018-07-31 00:00:00+00:00,0.0,0.0,0.0,0.0,0.0
2018-07-31 01:00:00+00:00,0.0,0.0,0.0,0.0,0.0
2018-07-31 02:00:00+00:00,0.0,0.0,0.0,0.0,0.0
2018-07-31 03:00:00+00:00,5.521129685295568,4.291712857595909,3.5214521336019766,4.439576015624243,17.773870692117697
2018-07-31 04:00:00+00:00,17.9782573871795,13.810025272876691,11.378981201867758,12.991953644210621,56.15921750613457
2018-07-31 05:00:00+00:00,48.72985874159477,36.71264451200841,31.148790264870115,35.170782050090935,151.76207556856423
2018-07-31 06:00:00+00:00,78.36240826351329,59.030810467535765,50.52120759087394,56.08629748715948,244.00072380908244
2018-07-31 07:00:00+00:00,102.3931619152755,77.42398358793012,66.64042920246936,72.95629994574973,319.4138746514247
2018-07-31 08:00:00+00:00,119.32622987533009,90.22321407812802,77.93365531531697,84.38998044029552,371.87307970907057
2018-07-31 09:00:00+00:00,128.39032580577936,97.02717856856553,83.98709834916005,90.50464834881433,399.90925107231925
2018-07-31 10:00:00+00:00,129.05398935770654,97.63685073870765,84.54092512953407,90.55791506574428,401.78968029169255
2018-07-31 11:00:00+00:00,121.64647632744752,91.84006992282409,79.95180773504686,84.95422586571691,378.3925798510354
2018-07-31 12:00:00+00:00,105.92879026701024,79.78321793831105,69.72575567287547,73.79946978818182,329.2372336663786
2018-07-31 13:00:00+00:00,82.42787333167135,62.19794338072025,54.364012479661405,57.399762531661096,256.3895917237141
2018-07-31 14:00:00+00:00,52.68480786316303,39.56595178008905,34.91959697784549,36.715413755563475,163.88577037666104
2018-07-31 15:00:00+00:00,20.380828050209477,15.328768666923164,13.816675810945995,14.384252968622135,63.91052549670077
2018-07-31 16:00:00+00:00,0.0,0.0,0.0,0.0,0.0
2018-07-31 17:00:00+00:00,0.0,0.0,0.0,0.0,0.0
2018-07-31 18:00:00+00:00,0.0,0.0,0.0,0.0,0.0
2018-07-31 19:00:00+00:00,0.0,0.0,0.0,0.0,0.0
2018-07-31 20:00:00+00:00,0.0,0.0,0.0,0.0,0.0
2018-07-31 21:00:00+00:00,0.0,0.0,0.0,0.0,0.0
2018-07-31 22:00:00+00:00,0.0,0.0,0.0,0.0,0.0
2018-07-31 23:00:00+00:00,0.0,0.0,0.0,0.0,0.0
2018-08-01 00:00:00+00:00,0.0,0.0,0.0,0.0,0.0
2018-08-01 01:00:00+00:00,0.0,0.0,0.0,0.0,0.0
2018-08-01 02:00:00+00:00,0.0,0.0,0.0,0.0,0.0
2018-08-01 03:00:00+00:00,5.602484206746389,4.215822459688045,3.6086646646205796,4.7128092520548055,18.13978058310982
2018-08-01 04:00:00+00:00,18.080991386069165,13.757307523724695,11.507465393503496,13.555251859847807,56.901016163145165
2018-08-01 05:00:00+00:00,48.8892193239372,36.702436783377266,31.291057892296465,34.99063049839766,151.87334449800858
2018-08-01 06:00:00+00:00,78.7612896195096,59.265312572722024,50.730790996076365,55.757377881765166,244.51477107007315
2018-08-01 07:00:00+00:00,103.42808028761533,77.74847443831996,66.903657824017,72.5499067030031,320.6301192529554
2018-08-01 08:00:00+00:00,120.67554099561866,90.73665285368887,78.30224563311567,83.85703059981084,373.57147008223404
2018-08-01 09:00:00+00:00,129.28765644058038,97.25801597311742,84.03726774611016,89.44931328293079,400.03225344273875
2018-08-01 10:00:00+00:00,129.91004622392194,97.61077102399003,84.44901686298536,89.76863816061204,401.73847227150935
2018-08-01 11:00:00+00:00,121.79332316845023,91.5417789065573,79.26102530903266,84.23406186031859,376.8301892443588
2018-08-01 12:00:00+00:00,104.88663908179149,78.60956429237301,68.14420504062171,73.59276596606152,325.23317438084774
2018-08-01 13:00:00+00:00,80.5376402646981,60.30891263710124,52.321391479558336,57.4409513112121,250.60889569256977
2018-08-01 14:00:00+00:00,50.25334745418537,37.596101818532816,32.752206433064615,36.75326016559812,157.3549158713809
2018-08-01 15:00:00+00:00,18.88709605288773,14.148125807541273,12.456174256756514,14.340798474168157,59.83219459135367
2018-08-01 16:00:00+00:00,0.0,0.0,0.0,0.0,0.0
2018-08-01 17:00:00+00:00,0.0,0.0,0.0,0.0,0.0
2018-08-01 18:00:00+00:00,0.0,0.0,0.0,0.0,0.0
2018-08-01 19:00:00+00:00,0.0,0.0,0.0,0.0,0.0
2018-08-01 20:00:00+00:00,0.0,0.0,0.0,0.0,0.0
2018-08-01 21:00:00+00:00,0.0,0.0,0.0,0.0,0.0
2018-08-01 22:00:00+00:00,0.0,0.0,0.0,0.0,0.0
2018-08-01 23:00:00+00:00,0.0,0.0,0.0,0.0,0.0
2018-08-02 00:00:00+00:00,0.0,0.0,0.0,0.0,0.0
2018-08-02 01:00:00+00:00,0.0,0.0,0.0,0.0,0.0
2018-08-02 02:00:00+00:00,0.0,0.0,0.0,0.0,0.0
2018-08-02 03:00:00+00:00,5.014462817799539,4.111516792370854,3.2710832701031403,5.01225490672802,17.409317787001555
2018-08-02 04:00:00+00:00,17.299094129544613,13.643419416185337,10.93425188090411,14.3760868373275,56.252852263961564
2018-08-02 05:00:00+00:00,49.27782298943442,37.12574540544939,31.67153407884699,34.450221729076105,152.52532420280693
2018-08-02 06:00:00+00:00,79.77779293572743,59.8965830638894,51.81477575683781,54.66907514158179,246.15822689803645
2018-08-02 07:00:00+00:00,104.33311172204476,78.51009184220177,68.2587891138852,71.31172352918949,322.4137162073213
2018-08-02 08:00:00+00:00,121.40737253711151,91.50782920188749,79.42966736621527,82.79760565347286,375.1424747586872
2018-08-02 09:00:00+00:00,129.89430813733597,97.9456710961751,85.28514385682111,88.66712564759747,401.79224873792964
2018-08-02 10:00:00+00:00,130.210571489907,98.24037504085295,85.51007740148249,88.96200650228764,402.92303043453006
2018-08-02 11:00:00+00:00,122.08487754155115,91.90843278553268,80.2805493245539,83.47498776813681,377.74884741977456
2018-08-02 12:00:00+00:00,105.95075408857912,79.7572087736776,69.87422206922288,72.32812605044408,327.9103109819237
2018-08-02 13:00:00+00:00,81.74259556305542,61.36942749745777,53.8780307749454,55.833092064647886,252.82314590010645
2018-08-02 14:00:00+00:00,51.27640122536809,38.43089116123667,33.954501353187425,34.9790712440343,158.64086498382648
2018-08-02 15:00:00+00:00,19.368663946659236,14.566708915922632,13.030301912676535,13.198496617724334,60.16417139298274
2018-08-02 16:00:00+00:00,0.0,0.0,0.0,0.0,0.0
2018-08-02 17:00:00+00:00,0.0,0.0,0.0,0.0,0.0
2018-08-02 18:00:00+00:00,0.0,0.0,0.0,0.0,0.0
2018-08-02 19:00:00+00:00,0.0,0.0,0.0,0.0,0.0
2018-08-02 20:00:00+00:00,0.0,0.0,0.0,0.0,0.0
2018-08-02 21:00:00+00:00,0.0,0.0,0.0,0.0,0.0
2018-08-02 22:00:00+00:00,0.0,0.0,0.0,0.0,0.0
2018-08-02 23:00:00+00:00,0.0,0.0,0.0,0.0,0.0
2018-08-03 00:00:00+00:00,0.0,0.0,0.0,0.0,0.0
2018-08-03 01:00:00+00:00,0.0,0.0,0.0,0.0,0.0
2018-08-03 02:00:00+00:00,0.0,0.0,0.0,0.0,0.0
2018-08-03 03:00:00+00:00,5.901094552476705,4.591058314840323,3.7196329732464317,5.064665250167812,19.27645109073127
2018-08-03 04:00:00+00:00,18.97108876089691,14.910016887279186,12.116599348244971,15.30972549961982,61.30743049604088
2018-08-03 05:00:00+00:00,49.21796978357051,37.1142720564469,31.78945721027234,34.23291965138226,152.354618701672
2018-08-03 06:00:00+00:00,78.63999722687842,59.13487702774947,50.92788532354967,53.21142489040885,241.91418446858643
2018-08-03 07:00:00+00:00,102.29164795249105,76.99925027146246,66.77423429720851,69.00745494372858,315.0725874648906
2018-08-03 08:00:00+00:00,118.82939598099003,89.55000654839087,77.64001171086925,80.07319259001675,366.0926068302669
2018-08-03 09:00:00+00:00,127.5019747713354,96.24576987909013,83.70730324627706,86.34658810326115,393.80163599996376
2018-08-03 10:00:00+00:00,127.85907560484083,96.50324629545224,84.13718891154495,86.64471388464887,395.1442246964869
2018-08-03 11:00:00+00:00,119.96375799610426,90.64828601675052,79.14121967789774,81.20984331032277,370.9631070010753
2018-08-03 12:00:00+00:00,104.35481424975045,78.48997391787128,68.82623691302341,70.1995921967735,321.87061727741866
2018-08-03 13:00:00+00:00,80.67577906290245,60.55111385477012,53.35562582574436,54.06487191295239,248.6473906563693
2018-08-03 14:00:00+00:00,50.66994979989359,37.93612991512521,33.69547030976779,33.741653367107595,156.0432033918942
2018-08-03 15:00:00+00:00,18.80875798383031,14.073674093034434,12.882315208090457,12.564512846748189,58.32926013170339
2018-08-03 16:00:00+00:00,0.0,0.0,0.0,0.0,0.0
2018-08-03 17:00:00+00:00,0.0,0.0,0.0,0.0,0.0
2018-08-03 18:00:00+00:00,0.0,0.0,0.0,0.0,0.0
2018-08-03 19:00:00+00:00,0.0,0.0,0.0,0.0,0.0
2018-08-03 20:00:00+00:00,0.0,0.0,0.0,0.0,0.0
2018-08-03 21:00:00+00:00,0.0,0.0,0.0,0.0,0.0
2018-08-03 22:00:00+00:00,0.0,0.0,0.0,0.0,0.0
2018-08-03 23:00:00+00:00,0.0,0.0,0.0,0.0,0.0
2018-08-04 00:00:00+00:00,0.0,0.0,0.0,0.0,0.0
2018-08-04 01:00:00+00:00,0.0,0.0,0.0,0.0,0.0
2018-08-04 02:00:00+00:00,0.0,0.0,0.0,0.0,0.0
2018-08-04 03:00:00+00:00,5.865148651233,4.647021785242373,3.881417822978747,5.221047995518452,19.614636254972574
2018-08-04 04:00:00+00:00,19.017566355951306,15.229207468749937,12.507046655374447,15.851534188094092,62.60535466816978
2018-08-04 05:00:00+00:00,49.17489859252849,37.16145814794952,31.77266504265434,34.68008340972402,152.78910519285637
2018-08-04 06:00:00+00:00,78.9711778505155,59.31677606025255,51.428531801648326,53.8940052262231,243.6104909386395
2018-08-04 07:00:00+00:00,103.37448832659803,77.79556510563287,67.52224770975216,69.74124138186923,318.43354252385234
2018-08-04 08:00:00+00:00,120.34699322261201,90.75241642084387,79.14192130864812,80.9168880359202,371.1582189880242
2018-08-04 09:00:00+00:00,129.65666458351373,97.85915273659813,85.1892487714676,87.47622589142554,400.181291983005
2018-08-04 10:00:00+00:00,130.1311513831487,98.3799156871894,85.61422033486943,87.54951124207415,401.6747986472817
2018-08-04 11:00:00+00:00,122.76252038557337,92.69845466038278,80.78213723695634,81.97842070664643,378.22153298955897
2018-08-04 12:00:00+00:00,107.10412466604835,80.97196897463967,70.673804848655,71.45615183699475,330.2060503263378
2018-08-04 13:00:00+00:00,83.62273436341053,63.13778320151155,55.36323275765685,55.36002792725982,257.48377824983874
2018-08-04 14:00:00+00:00,53.72479803932944,40.37315535039032,35.627266081955355,35.0284065486957,164.75362602037083
2018-08-04 15:00:00+00:00,20.641565970261297,15.573728271140219,13.981878892227764,13.296058717187137,63.493231850816414
2018-08-04 16:00:00+00:00,0.0,0.0,0.0,0.0,0.0
2018-08-04 17:00:00+00:00,0.0,0.0,0.0,0.0,0.0
2018-08-04 18:00:00+00:00,0.0,0.0,0.0,0.0,0.0
2018-08-04 19:00:00+00:00,0.0,0.0,0.0,0.0,0.0
2018-08-04 20:00:00+00:00,0.0,0.0,0.0,0.0,0.0
2018-08-04 21:00:00+00:00,0.0,0.0,0.0,0.0,0.0
2018-08-04 22:00:00+00:00,0.0,0.0,0.0,0.0,0.0
2018-08-04 23:00:00+00:00,0.0,0.0,0.0,0.0,0.0
2018-08-05 00:00:00+00:00,0.0,0.0,0.0,0.0,0.0
2018-08-05 01:00:00+00:00,0.0,0.0,0.0,0.0,0.0
2018-08-05 02:00:00+00:00,0.0,0.0,0.0,0.0,0.0
2018-08-05 03:00:00+00:00,4.881242043344385,3.6999941715354785,3.227556471640811,3.918734832885442,15.727527519406117
2018-08-05 04:00:00+00:00,17.303816874845538,13.265304674614866,11.15101876014142,12.901054594730123,54.621194904331944
2018-08-05 05:00:00+00:00,48.15043251203628,36.25374669436989,30.879029925066465,34.91566328089577,150.19887241236842
2018-08-05 06:00:00+00:00,77.332999788427,58.28567238913811,50.14292073181986,55.589558595474344,241.35115150485933
2018-08-05 07:00:00+00:00,101.1828369703388,76.35219194340998,65.93393304762432,71.96406408420646,315.43302604557954
2018-08-05 08:00:00+00:00,117.6578367881588,89.0326637110926,77.03523823650046,83.204096654212,366.92983538996384
2018-08-05 09:00:00+00:00,126.7282397342327,96.05335495164655,83.24574782437509,89.17810325480625,395.20544576506063
2018-08-05 10:00:00+00:00,127.49899326877153,96.5282920054207,83.74588887884843,89.15850898684403,396.9316831398847
2018-08-05 11:00:00+00:00,120.0310327736884,90.89216833855113,78.88312053736719,83.5682787253698,373.3746003749765
2018-08-05 12:00:00+00:00,104.54395342395787,79.08588293588738,68.72011146172342,72.6285232325832,324.9784710541519
2018-08-05 13:00:00+00:00,81.19282970809923,61.22017646268823,53.33982068137372,56.34983511852299,252.1026619706842
2018-08-05 14:00:00+00:00,51.40531894016128,38.66641459973606,33.90557790844821,35.594379661442346,159.57169110978788
2018-08-05 15:00:00+00:00,19.251083269541752,14.42575836529791,12.952096758493528,13.26179838968482,59.890736783018006
2018-08-05 16:00:00+00:00,0.0,0.0,0.0,0.0,0.0
2018-08-05 17:00:00+00:00,0.0,0.0,0.0,0.0,0.0
2018-08-05 18:00:00+00:00,0.0,0.0,0.0,0.0,0.0
2018-08-05 19:00:00+00:00,0.0,0.0,0.0,0.0,0.0
2018-08-05 20:00:00+00:00,0.0,0.0,0.0,0.0,0.0
2018-08-05 21:00:00+00:00,0.0,0.0,0.0,0.0,0.0
2018-08-05 22:00:00+00:00,0.0,0.0,0.0,0.0,0.0
2018-08-05 23:00:00+00:00,0.0,0.0,0.0,0.0,0.0
2018-08-06 00:00:00+00:00,0.0,0.0,0.0,0.0,0.0
2018-08-06 01:00:00+00:00,0.0,0.0,0.0,0.0,0.0
2018-08-06 02:00:00+00:00,0.0,0.0,0.0,0.0,0.0
2018-08-06 03:00:00+00:00,5.351386680925042,4.1081263578566265,3.5107008487123927,4.7790646408794935,17.749278528373555
2018-08-06 04:00:00+00:00,18.27499058455203,14.241253375565037,11.84612202168198,13.995127630322822,58.357493612121864
2018-08-06 05:00:00+00:00,48.406101009947875,36.71025798499224,31.314741722596047,35.27077727393339,151.70187799146956
2018-08-06 06:00:00+00:00,77.87030827102723,59.00874586068403,50.78701612827854,56.005983790128155,243.67205405011794
2018-08-06 07:00:00+00:00,102.12580332939218,77.4486768760415,66.70123488549274,72.85300663473737,319.1287217256638
2018-08-06 08:00:00+00:00,118.89116382864725,90.255922683818,77.86957552208148,84.2502497146279,371.2669117491746
2018-08-06 09:00:00+00:00,127.35026688828091,96.66494952299048,83.57895893635641,89.97269359759912,397.56686894522693
2018-08-06 10:00:00+00:00,128.0336066606517,97.01235531362238,83.9134345083397,90.04046812520865,398.9998646078224
2018-08-06 11:00:00+00:00,120.37623810866882,91.16303226894897,79.05005276596607,84.40119529122816,374.990518434812
2018-08-06 12:00:00+00:00,104.98582316700706,79.51139235092522,69.07589724402362,73.55179702190846,327.1249097838643
2018-08-06 13:00:00+00:00,81.29996477561954,61.72249183512481,53.79008544859679,57.07354923096253,253.88609129030368
2018-08-06 14:00:00+00:00,51.40725721337118,39.03454680088067,34.235522490386955,36.19197782133702,160.86930432597583
2018-08-06 15:00:00+00:00,19.21863432700012,14.551986520335308,12.973381025009578,13.52085860662545,60.26486047897046
2018-08-06 16:00:00+00:00,0.0,0.0,0.0,0.0,0.0
2018-08-06 17:00:00+00:00,0.0,0.0,0.0,0.0,0.0
2018-08-06 18:00:00+00:00,0.0,0.0,0.0,0.0,0.0
2018-08-06 19:00:00+00:00,0.0,0.0,0.0,0.0,0.0
2018-08-06 20:00:00+00:00,0.0,0.0,0.0,0.0,0.0
2018-08-06 21:00:00+00:00,0.0,0.0,0.0,0.0,0.0
2018-08-06 22:00:00+00:00,0.0,0.0,0.0,0.0,0.0
2018-08-06 23:00:00+00:00,0.0,0.0,0.0,0.0,0.0
2018-08-07 00:00:00+00:00,0.0,0.0,0.0,0.0,0.0
2018-08-07 01:00:00+00:00,0.0,0.0,0.0,0.0,0.0
2018-08-07 02:00:00+00:00,0.0,0.0,0.0,0.0,0.0
2018-08-07 03:00:00+00:00,4.886183958215195,3.6761449076188146,3.1418920602023084,4.538439812568997,16.242660738605316
2018-08-07 04:00:00+00:00,17.502786608311425,13.466484575867414,11.220244634120704,13.850804658468196,56.04032047676773
2018-08-07 05:00:00+00:00,48.42414583586394,36.6315809037463,31.19108369268816,34.862068531728916,151.1088789640273
2018-08-07 06:00:00+00:00,77.99027005912328,58.950472374698506,50.61963698148367,55.44333151587696,243.0037109311824
2018-08-07 07:00:00+00:00,101.99284349128169,77.10731669194476,66.70776794319697,72.05865557929691,317.8665837057203
2018-08-07 08:00:00+00:00,118.73111580832443,89.90415620553162,77.74700532926525,83.50903684778385,369.8913141909052
2018-08-07 09:00:00+00:00,127.3172972324367,96.46677486877559,83.68397579276444,89.34694281392481,396.81499070790153
2018-08-07 10:00:00+00:00,127.91197699286877,96.93042948229461,84.24096280821843,89.50432678206066,398.58769606544246
2018-08-07 11:00:00+00:00,120.58550231574131,90.9986444367582,79.40846406496318,83.67940760504499,374.6720184225077
2018-08-07 12:00:00+00:00,104.83342135698913,78.93035692051092,68.91547654593685,72.73899898201972,325.41825380545663
2018-08-07 13:00:00+00:00,81.23337038651596,61.002634786655264,53.529757638639,56.27176788340583,252.03753069521608
2018-08-07 14:00:00+00:00,51.02601252766519,38.1394012248831,33.75670494071801,35.454567906410084,158.3766865996764
2018-08-07 15:00:00+00:00,18.62599868541695,13.865276561231424,12.597265975815768,13.097169002255074,58.18571022471921
2018-08-07 16:00:00+00:00,0.0,0.0,0.0,0.0,0.0
2018-08-07 17:00:00+00:00,0.0,0.0,0.0,0.0,0.0
2018-08-07 18:00:00+00:00,0.0,0.0,0.0,0.0,0.0
2018-08-07 19:00:00+00:00,0.0,0.0,0.0,0.0,0.0
2018-08-07 20:00:00+00:00,0.0,0.0,0.0,0.0,0.0
2018-08-07 21:00:00+00:00,0.0,0.0,0.0,0.0,0.0
2018-08-07 22:00:00+00:00,0.0,0.0,0.0,0.0,0.0
2018-08-07 23:00:00+00:00,0.0,0.0,0.0,0.0,0.0
2018-08-08 00:00:00+00:00,0.0,0.0,0.0,0.0,0.0
2018-08-08 01:00:00+00:00,0.0,0.0,0.0,0.0,0.0
2018-08-08 02:00:00+00:00,0.0,0.0,0.0,0.0,0.0
2018-08-08 03:00:00+00:00,5.473722784296784,4.193092079234276,3.4286645651203647,4.562209769019962,17.657689197671388
2018-08-08 04:00:00+00:00,18.602380573437195,14.436289519834244,11.882792968175588,14.211389538112105,59.13285259955913
2018-08-08 05:00:00+00:00,49.53244540825381,37.233056880521936,31.793647074627646,34.819374687246,153.3785240506494
2018-08-08 06:00:00+00:00,79.35566133608359,59.810724329188695,51.474288531798855,55.17412044018305,245.8147946372542
2018-08-08 07:00:00+00:00,103.24858233012152,78.2194828097451,67.44376249170473,71.51742756760942,320.4292551991807
2018-08-08 08:00:00+00:00,119.92576089837962,91.08968312080584,78.6256232848541,82.82167280174875,372.46274010578827
2018-08-08 09:00:00+00:00,128.90243943184385,97.92017498790096,84.60499051071393,88.50499889554942,399.9326038260082
2018-08-08 10:00:00+00:00,129.61397307960294,98.28682096425092,85.13286417788373,88.63737714453312,401.6710353662707
2018-08-08 11:00:00+00:00,122.03718018397407,92.3958438625284,80.24261430414839,82.91611218353859,377.59175053418943
2018-08-08 12:00:00+00:00,106.40319991211535,80.45819816096437,69.78957665246764,71.8247372825265,328.47571200807386
2018-08-08 13:00:00+00:00,82.5198922951501,62.276455496589854,54.27994654194513,55.37948285749513,254.4557771911802
2018-08-08 14:00:00+00:00,52.13755433071883,39.18699537319974,34.40814756458489,34.707431751744,160.44012902024744
2018-08-08 15:00:00+00:00,19.040393400946886,14.26037091769933,12.862197501752306,12.659544713054117,58.82250653345264
2018-08-08 16:00:00+00:00,0.0,0.0,0.0,0.0,0.0
2018-08-08 17:00:00+00:00,0.0,0.0,0.0,0.0,0.0
2018-08-08 18:00:00+00:00,0.0,0.0,0.0,0.0,0.0
2018-08-08 19:00:00+00:00,0.0,0.0,0.0,0.0,0.0
2018-08-08 20:00:00+00:00,0.0,0.0,0.0,0.0,0.0
2018-08-08 21:00:00+00:00,0.0,0.0,0.0,0.0,0.0
2018-08-08 22:00:00+00:00,0.0,0.0,0.0,0.0,0.0
2018-08-08 23:00:00+00:00,0.0,0.0,0.0,0.0,0.0
2018-08-09 00:00:00+00:00,0.0,0.0,0.0,0.0,0.0
2018-08-09 01:00:00+00:00,0.0,0.0,0.0,0.0,0.0
2018-08-09 02:00:00+00:00,0.0,0.0,0.0,0.0,0.0
2018-08-09 03:00:00+00:00,5.189947887587211,4.007020431928669,3.3356797476026787,4.550070474251874,17.082718541370433
2018-08-09 04:00:00+00:00,18.319327869518492,14.22350396489825,11.814404186162117,14.325002512870856,58.68223853344972
2018-08-09 05:00:00+00:00,49.35838510374359,37.150873605626785,31.686506899794477,34.50251668154746,152.6982822907123
2018-08-09 06:00:00+00:00,79.32518750137865,59.72544321520971,51.40958757006441,54.656179248225655,245.11639753487844
2018-08-09 07:00:00+00:00,103.629232101826,78.15392219588269,67.41244188490275,70.97342243724303,320.16901861985446
2018-08-09 08:00:00+00:00,120.4430855016443,90.94569158426694,78.645480333961,82.12062262072973,372.15488004060194
2018-08-09 09:00:00+00:00,129.26427809550268,97.81115594552422,84.43889693714685,88.33586104357256,399.8501920217463
2018-08-09 10:00:00+00:00,129.546248199252,97.96193149853727,84.94022233784902,88.54197685695101,400.9903788925893
2018-08-09 11:00:00+00:00,121.83659836829074,92.14448090070111,79.96166989090717,83.06484711820232,377.00759627810135
2018-08-09 12:00:00+00:00,106.0119715532744,80.00536371970988,69.57849695732911,71.92767069493132,327.52350292524466
2018-08-09 13:00:00+00:00,82.08031251534891,61.95195595811265,54.07589696087981,55.54387534935225,253.65204078369362
2018-08-09 14:00:00+00:00,51.78320426771609,38.901388826935005,34.235045337508105,34.83607861328586,159.75571704544507
2018-08-09 15:00:00+00:00,18.896291670515122,14.209200673471134,12.679712873242567,12.691471403347059,58.47667662057588
2018-08-09 16:00:00+00:00,0.0,0.0,0.0,0.0,0.0
2018-08-09 17:00:00+00:00,0.0,0.0,0.0,0.0,0.0
2018-08-09 18:00:00+00:00,0.0,0.0,0.0,0.0,0.0
2018-08-09 19:00:00+00:00,0.0,0.0,0.0,0.0,0.0
2018-08-09 20:00:00+00:00,0.0,0.0,0.0,0.0,0.0
2018-08-09 21:00:00+00:00,0.0,0.0,0.0,0.0,0.0
2018-08-09 22:00:00+00:00,0.0,0.0,0.0,0.0,0.0
2018-08-09 23:00:00+00:00,0.0,0.0,0.0,0.0,0.0
2018-08-10 00:00:00+00:00,0.0,0.0,0.0,0.0,0.0
2018-08-10 01:00:00+00:00,0.0,0.0,0.0,0.0,0.0
2018-08-10 02:00:00+00:00,0.0,0.0,0.0,0.0,0.0
2018-08-10 03:00:00+00:00,4.721587426971206,3.619320931254118,3.0358265275936716,3.97237325947809,15.349108145297086
2018-08-10 04:00:00+00:00,17.633167818529813,13.525169833431914,11.291539580301,13.271942629784153,55.721819862046885
2018-08-10 05:00:00+00:00,48.987133694389016,36.94599720456195,31.42119797509437,34.324621295552305,151.67895016959764
2018-08-10 06:00:00+00:00,79.32257696855174,59.7153113995268,51.159558873261254,54.67947807599445,244.87692531733427
2018-08-10 07:00:00+00:00,103.78959860661168,78.3249634177942,67.55015485502038,71.18138084676613,320.8460977261924
2018-08-10 08:00:00+00:00,120.76285799805572,91.35629238395968,78.77413489846494,82.54062930897868,373.433914589459
2018-08-10 09:00:00+00:00,129.41593493397127,97.87003935824177,84.56946164685066,88.04593351602881,399.9013694550925
2018-08-10 10:00:00+00:00,130.0000398156694,98.38833855219346,85.13554255753637,88.08750393402941,401.61142485942867
2018-08-10 11:00:00+00:00,122.47032884888225,92.48908933220595,80.19273254644084,82.24249669095141,377.3946474184804
2018-08-10 12:00:00+00:00,106.76813435725879,80.53455202888921,69.99578252139618,71.6340329502801,328.93250185782426
2018-08-10 13:00:00+00:00,82.76784516987252,62.253721234622276,54.30342340015617,55.21792905688716,254.5429188615381
2018-08-10 14:00:00+00:00,52.070570557438884,38.99487586305993,34.28047791074413,34.34409373893777,159.6900180701807
2018-08-10 15:00:00+00:00,18.802778440755766,13.976011189699683,12.633518767335291,12.275065351863095,57.68737374965383
2018-08-10 16:00:00+00:00,0.0,0.0,0.0,0.0,0.0
2018-08-10 17:00:00+00:00,0.0,0.0,0.0,0.0,0.0
2018-08-10 18:00:00+00:00,0.0,0.0,0.0,0.0,0.0
2018-08-10 19:00:00+00:00,0.0,0.0,0.0,0.0,0.0
2018-08-10 20:00:00+00:00,0.0,0.0,0.0,0.0,0.0
2018-08-10 21:00:00+00:00,0.0,0.0,0.0,0.0,0.0
2018-08-10 22:00:00+00:00,0.0,0.0,0.0,0.0,0.0
2018-08-10 23:00:00+00:00,0.0,0.0,0.0,0.0,0.0
2018-08-11 00:00:00+00:00,0.0,0.0,0.0,0.0,0.0
2018-08-11 01:00:00+00:00,0.0,0.0,0.0,0.0,0.0
2018-08-11 02:00:00+00:00,0.0,0.0,0.0,0.0,0.0
2018-08-11 03:00:00+00:00,4.753927596078105,3.6483047906128725,3.030162661361445,4.249393676203581,15.681788724256002
2018-08-11 04:00:00+00:00,17.854653031778223,13.803653576258036,11.5138134926743,14.012972872007161,57.18509297271772
2018-08-11 05:00:00+00:00,48.599883212068505,36.61555726784768,31.364317606276778,34.805838298481135,151.3855963846741
2018-08-11 06:00:00+00:00,78.40863675063403,59.10911225349031,50.8504336226668,55.26703892964733,243.63522155643847
2018-08-11 07:00:00+00:00,102.64127462418571,77.5260102075489,66.82607435120622,71.78730817275306,318.7806673556939
2018-08-11 08:00:00+00:00,119.47873299576761,90.39891878638404,78.03399039977003,83.08327024499383,370.99491242691556
2018-08-11 09:00:00+00:00,128.36736912215036,97.00642960597352,84.02920888947567,89.31472433109175,398.71773194869127
2018-08-11 10:00:00+00:00,128.87452705969378,97.30005174948909,84.5091491724868,89.24355336106328,399.92728134273295
2018-08-11 11:00:00+00:00,120.98495923627324,91.2482160942104,79.5752427219401,83.47780693266921,375.286224985093
2018-08-11 12:00:00+00:00,105.63862066286548,79.56534224560242,69.51625649540624,72.37315783572987,327.093377239604
2018-08-11 13:00:00+00:00,81.66942995069006,61.375134252748765,53.834867886174926,55.703290334714595,252.58272242432832
2018-08-11 14:00:00+00:00,50.96335920287049,38.26458026440346,33.854014377822786,34.62709250480478,157.7090463499015
2018-08-11 15:00:00+00:00,18.03256278164008,13.51230226748471,12.228212638530193,12.237282247566085,56.01035993522107
2018-08-11 16:00:00+00:00,0.0,0.0,0.0,0.0,0.0
2018-08-11 17:00:00+00:00,0.0,0.0,0.0,0.0,0.0
2018-08-11 18:00:00+00:00,0.0,0.0,0.0,0.0,0.0
2018-08-11 19:00:00+00:00,0.0,0.0,0.0,0.0,0.0
2018-08-11 20:00:00+00:00,0.0,0.0,0.0,0.0,0.0
2018-08-11 21:00:00+00:00,0.0,0.0,0.0,0.0,0.0
2018-08-11 22:00:00+00:00,0.0,0.0,0.0,0.0,0.0
2018-08-11 23:00:00+00:00,0.0,0.0,0.0,0.0,0.0
2018-08-12 00:00:00+00:00,0.0,0.0,0.0,0.0,0.0
2018-08-12 01:00:00+00:00,0.0,0.0,0.0,0.0,0.0
2018-08-12 02:00:00+00:00,0.0,0.0,0.0,0.0,0.0
2018-08-12 03:00:00+00:00,4.848309293690314,3.5815506834668747,3.0284437391442887,4.16873434044198,15.627038056743459
2018-08-12 04:00:00+00:00,18.525615563497894,14.341593863127414,12.016907923172043,14.050156742274709,58.93427409207206
2018-08-12 05:00:00+00:00,48.71320295370079,36.773319700178426,31.28076834563867,34.788047205025265,151.55533820454315
2018-08-12 06:00:00+00:00,78.24555044503418,59.12223107371864,50.61834416226284,55.140573316603245,243.12669899761892
2018-08-12 07:00:00+00:00,102.41795407794174,77.4552743988076,66.6745453138777,71.57581905061977,318.1235928412468
2018-08-12 08:00:00+00:00,119.4304965788435,90.33008244803787,78.13257340845861,82.90712214434538,370.8002745796854
2018-08-12 09:00:00+00:00,128.43471271643585,97.19100496242093,84.07602258302796,89.35100183296075,399.0527420948455
2018-08-12 10:00:00+00:00,129.08093263065396,97.61227381504413,84.807881595052,89.48352712860233,400.9846151693524
2018-08-12 11:00:00+00:00,121.48493149950625,91.8033724350782,80.03885973313258,83.77078066495127,377.09794433266836
2018-08-12 12:00:00+00:00,105.96685866918315,79.66020662384092,69.5585000661844,72.75742303885869,327.9429883980672
2018-08-12 13:00:00+00:00,81.84329749265447,61.48594445813703,53.95658459986827,56.24233129041556,253.52815784107534
2018-08-12 14:00:00+00:00,50.8971347559993,38.20375193949547,33.70769895333823,35.11607981307884,157.92466546191184
2018-08-12 15:00:00+00:00,17.783380979037723,13.30209427262106,12.005412698294199,12.414627578674004,55.50551552862699
2018-08-12 16:00:00+00:00,0.0,0.0,0.0,0.0,0.0
2018-08-12 17:00:00+00:00,0.0,0.0,0.0,0.0,0.0
2018-08-12 18:00:00+00:00,0.0,0.0,0.0,0.0,0.0
2018-08-12 19:00:00+00:00,0.0,0.0,0.0,0.0,0.0
2018-08-12 20:00:00+00:00,0.0,0.0,0.0,0.0,0.0
2018-08-12 21:00:00+00:00,0.0,0.0,0.0,0.0,0.0
2018-08-12 22:00:00+00:00,0.0,0.0,0.0,0.0,0.0
2018-08-12 23:00:00+00:00,0.0,0.0,0.0,0.0,0.0
2018-08-13 00:00:00+00:00,0.0,0.0,0.0,0.0,0.0
2018-08-13 01:00:00+00:00,0.0,0.0,0.0,0.0,0.0
2018-08-13 02:00:00+00:00,0.0,0.0,0.0,0.0,0.0
2018-08-13 03:00:00+00:00,4.486113097701233,3.463341583268038,3.0529960723427063,4.257217870032618,15.259668623344595
2018-08-13 04:00:00+00:00,17.43619929417708,13.559966230882445,11.403206102232069,14.489144003638614,56.88851563093021
2018-08-13 05:00:00+00:00,50.09434586664585,37.63810541090608,32.14947734033448,35.144609798301346,155.02653841618775
2018-08-13 06:00:00+00:00,81.10887378538102,61.06381965820062,52.626620009477456,55.910563777461945,250.70987723052104
2018-08-13 07:00:00+00:00,106.05328775231624,80.01223240626273,69.21849904498933,72.4827181691551,327.7667373727234
2018-08-13 08:00:00+00:00,123.34080265656698,93.02723047678876,80.51672586864782,84.14255277791659,381.0273117799201
2018-08-13 09:00:00+00:00,132.28718238511001,99.87228739733877,86.67239864645616,90.28039884898841,409.11226727789335
2018-08-13 10:00:00+00:00,132.8535886670843,100.27225351356529,87.06932502294059,90.53614137948988,410.7313085830801
2018-08-13 11:00:00+00:00,124.80245094770322,94.1552471599386,82.2587774877191,84.99523713487082,386.21171273023174
2018-08-13 12:00:00+00:00,108.3126610409698,81.82771043030817,71.61632385605772,73.55549162927221,335.3121869566079
2018-08-13 13:00:00+00:00,83.65525480324965,63.1584946125108,55.573152450482944,56.92963821626675,259.31654008251013
2018-08-13 14:00:00+00:00,52.088573102489875,39.24469395820712,34.81401956424123,35.59925796947614,161.7465445944144
2018-08-13 15:00:00+00:00,17.95657718646124,13.511757088095788,12.326944476663627,12.55576794945905,56.3510467006797
2018-08-13 16:00:00+00:00,0.0,0.0,0.0,0.0,0.0
2018-08-13 17:00:00+00:00,0.0,0.0,0.0,0.0,0.0
2018-08-13 18:00:00+00:00,0.0,0.0,0.0,0.0,0.0
2018-08-13 19:00:00+00:00,0.0,0.0,0.0,0.0,0.0
2018-08-13 20:00:00+00:00,0.0,0.0,0.0,0.0,0.0
2018-08-13 21:00:00+00:00,0.0,0.0,0.0,0.0,0.0
2018-08-13 22:00:00+00:00,0.0,0.0,0.0,0.0,0.0
2018-08-13 23:00:00+00:00,0.0,0.0,0.0,0.0,0.0
2018-08-14 00:00:00+00:00,0.0,0.0,0.0,0.0,0.0
2018-08-14 01:00:00+00:00,0.0,0.0,0.0,0.0,0.0
2018-08-14 02:00:00+00:00,0.0,0.0,0.0,0.0,0.0
2018-08-14 03:00:00+00:00,4.389485897608922,3.321981721463701,2.7063577430818646,4.355531790202015,14.773357152356503
2018-08-14 04:00:00+00:00,17.536767985939868,13.337549846513244,10.960643801536296,15.323456477302482,57.158418111291894
2018-08-14 05:00:00+00:00,51.371819875112095,38.60448675021186,33.057059990965335,35.24937298333488,158.28273959962416
2018-08-14 06:00:00+00:00,83.07385095982362,62.72024876409246,53.98685838347626,55.6193893235918,255.40034743098414
2018-08-14 07:00:00+00:00,108.48716431107289,81.85555902729452,70.88490179224019,72.35452827342087,333.58215340402853
2018-08-14 08:00:00+00:00,125.73349205799687,94.96421610476166,82.51836381698352,83.74826988241651,386.96434186215856
2018-08-14 09:00:00+00:00,134.54185943519013,101.62137508612444,88.60691188227474,90.03075298890741,414.8008993924967
2018-08-14 10:00:00+00:00,134.93606752103886,102.045771004232,88.8291889591922,90.1887596174029,415.999787101866
2018-08-14 11:00:00+00:00,126.67050654508023,95.72566413643762,83.61786419744608,84.57130271411435,390.5853375930783
2018-08-14 12:00:00+00:00,110.145390447016,83.04935910890137,72.77057730611196,73.31184150203197,339.27716836406125
2018-08-14 13:00:00+00:00,84.95399116294828,63.97710778361642,56.26567143162045,56.5304803527155,261.72725073090066
2018-08-14 14:00:00+00:00,53.22077562198136,39.78818575886747,35.31419109622363,34.98572489527426,163.30887737234673
2018-08-14 15:00:00+00:00,18.251525737596854,13.618398494206545,12.42652016115454,12.07495856436526,56.3714029573232
2018-08-14 16:00:00+00:00,0.0,0.0,0.0,0.0,0.0
2018-08-14 17:00:00+00:00,0.0,0.0,0.0,0.0,0.0
2018-08-14 18:00:00+00:00,0.0,0.0,0.0,0.0,0.0
2018-08-14 19:00:00+00:00,0.0,0.0,0.0,0.0,0.0
2018-08-14 20:00:00+00:00,0.0,0.0,0.0,0.0,0.0
2018-08-14 21:00:00+00:00,0.0,0.0,0.0,0.0,0.0
2018-08-14 22:00:00+00:00,0.0,0.0,0.0,0.0,0.0
2018-08-14 23:00:00+00:00,0.0,0.0,0.0,0.0,0.0
2018-08-15 00:00:00+00:00,0.0,0.0,0.0,0.0,0.0
2018-08-15 01:00:00+00:00,0.0,0.0,0.0,0.0,0.0
2018-08-15 02:00:00+00:00,0.0,0.0,0.0,0.0,0.0
2018-08-15 03:00:00+00:00,4.369158885321105,3.5239943757098233,2.8833858518422955,4.215854135006875,14.992393247880099
2018-08-15 04:00:00+00:00,17.820982650512057,13.85994419018214,11.414314484630047,14.91993487771393,58.01517620303817
2018-08-15 05:00:00+00:00,51.13851964788228,38.424099864480944,32.77642497619161,35.662104266345835,158.00114875490067
2018-08-15 06:00:00+00:00,82.52125860325992,62.05401595280607,53.39597758728911,56.39605924436623,254.36731138772134
2018-08-15 07:00:00+00:00,107.6894147327415,81.10507585970213,70.08801603672129,73.12226410941241,332.00477073857735
2018-08-15 08:00:00+00:00,124.76431391956991,94.24110916794302,81.6002983689954,84.45114793973205,385.0568693962404
2018-08-15 09:00:00+00:00,133.81765929362624,101.03890369549192,87.76243976088422,90.35285899623915,412.97186174624153
2018-08-15 10:00:00+00:00,133.8639891302222,101.37528703040928,88.0891109945468,90.38560417837556,413.71399133355385
2018-08-15 11:00:00+00:00,125.86078814207582,95.3110956214357,82.89080022216972,84.58769674933774,388.650380735019
2018-08-15 12:00:00+00:00,109.43183779517491,82.68423740391556,72.25539902813478,73.2726526201057,337.64412684733094
2018-08-15 13:00:00+00:00,84.78340587327247,64.06445959122928,56.20778486956859,56.23629992177682,261.29195025584715
2018-08-15 14:00:00+00:00,53.32018484476637,40.111748809112754,35.42390526023442,34.81048443317924,163.6663233472928
2018-08-15 15:00:00+00:00,18.68601539805808,14.023852272638013,12.733059431603328,11.838608523702291,57.28153562600171
2018-08-15 16:00:00+00:00,0.0,0.0,0.0,0.0,0.0
2018-08-15 17:00:00+00:00,0.0,0.0,0.0,0.0,0.0
2018-08-15 18:00:00+00:00,0.0,0.0,0.0,0.0,0.0
2018-08-15 19:00:00+00:00,0.0,0.0,0.0,0.0,0.0
2018-08-15 20:00:00+00:00,0.0,0.0,0.0,0.0,0.0
2018-08-15 21:00:00+00:00,0.0,0.0,0.0,0.0,0.0
2018-08-15 22:00:00+00:00,0.0,0.0,0.0,0.0,0.0
2018-08-15 23:00:00+00:00,0.0,0.0,0.0,0.0,0.0
2018-08-16 00:00:00+00:00,0.0,0.0,0.0,0.0,0.0
2018-08-16 01:00:00+00:00,0.0,0.0,0.0,0.0,0.0
2018-08-16 02:00:00+00:00,0.0,0.0,0.0,0.0,0.0
2018-08-16 03:00:00+00:00,4.249251093974231,3.29174584942529,2.7736113028892437,3.878019969114598,14.192628215403364
2018-08-16 04:00:00+00:00,17.81839448832658,13.781606485707993,11.469745732459577,14.058890412138767,57.128637118632916
2018-08-16 05:00:00+00:00,50.66642460945456,38.06710055915638,32.549345153310476,35.368781527276695,156.65165184919812
2018-08-16 06:00:00+00:00,81.20169527662374,61.37255646638643,52.75976951281089,56.26802803694139,251.60204929276244
2018-08-16 07:00:00+00:00,105.88298465712998,80.05105711567592,69.18052143555366,72.94822286430457,328.06278607266415
2018-08-16 08:00:00+00:00,122.75419177479908,93.07242307927997,80.5174397207894,84.4361928113604,380.78024738622884
2018-08-16 09:00:00+00:00,130.9869262659296,99.37477107730433,86.07808208874035,90.38365544394992,406.8234348759242
2018-08-16 10:00:00+00:00,131.27807928843504,99.70221737043889,86.44056177398916,90.53750570665693,407.95836413952003
2018-08-16 11:00:00+00:00,123.18416263438709,93.73310221943144,81.32226158299214,84.83188401325674,383.07141045006745
2018-08-16 12:00:00+00:00,107.06985785559363,81.35505210813615,70.75068672803454,73.33136582831006,332.50696252007435
2018-08-16 13:00:00+00:00,82.78261233545692,62.80195138130401,54.83443346472878,56.40138430271168,256.8203814842014
2018-08-16 14:00:00+00:00,51.926061948730535,39.112605400689745,34.35263521849917,34.978230623991806,160.36953319191124
2018-08-16 15:00:00+00:00,17.818016153123576,13.39533967548387,11.939985623215238,11.877029177127117,55.0303706289498
2018-08-16 16:00:00+00:00,0.0,0.0,0.0,0.0,0.0
2018-08-16 17:00:00+00:00,0.0,0.0,0.0,0.0,0.0
2018-08-16 18:00:00+00:00,0.0,0.0,0.0,0.0,0.0
2018-08-16 19:00:00+00:00,0.0,0.0,0.0,0.0,0.0
2018-08-16 20:00:00+00:00,0.0,0.0,0.0,0.0,0.0
2018-08-16 21:00:00+00:00,0.0,0.0,0.0,0.0,0.0
2018-08-16 22:00:00+00:00,0.0,0.0,0.0,0.0,0.0
2018-08-16 23:00:00+00:00,0.0,0.0,0.0,0.0,0.0
2018-08-17 00:00:00+00:00,0.0,0.0,0.0,0.0,0.0
2018-08-17 01:00:00+00:00,0.0,0.0,0.0,0.0,0.0
2018-08-17 02:00:00+00:00,0.0,0.0,0.0,0.0,0.0
2018-08-17 03:00:00+00:00,4.234897146573963,3.1806614460994,2.675240107390086,3.5627285223260428,13.653527222389492
2018-08-17 04:00:00+00:00,18.045425613599814,13.732845941218123,11.373910469223654,13.560942580620726,56.71312460466232
2018-08-17 05:00:00+00:00,50.397601335592924,38.019881556290656,32.33010157246093,35.97628637487079,156.7238708392153
2018-08-17 06:00:00+00:00,80.7833442779791,61.316428811853584,52.43044513057244,57.17177840595133,251.70199662635645
2018-08-17 07:00:00+00:00,104.86901280484972,79.9440730639021,68.76577741533094,73.98168638732989,327.5605496714127
2018-08-17 08:00:00+00:00,121.72546984587223,92.65125948646386,80.07148507178061,85.44741643341129,379.89563083752796
2018-08-17 09:00:00+00:00,130.23141893448016,99.34523406591305,85.69980257120608,91.0433510381659,406.3198066097652
2018-08-17 10:00:00+00:00,130.9422416592687,99.67166224272508,86.04628311393468,90.72322727254905,407.3834142884775
2018-08-17 11:00:00+00:00,123.30540714321558,93.74816904188539,80.97822844222777,84.9651025091679,382.9969071364966
2018-08-17 12:00:00+00:00,105.59018792028975,79.87361286418144,69.42432786946068,73.5296450723983,328.41777372633015
2018-08-17 13:00:00+00:00,81.11344361965145,61.23550806841318,53.43295034311445,56.589936277952404,252.37183830913148
2018-08-17 14:00:00+00:00,49.91483032094199,37.457741324504894,32.991341440845,35.153799019041585,155.5177121053335
2018-08-17 15:00:00+00:00,16.21931180064474,12.109327281959436,10.959504126977315,11.900780560532464,51.18892377011396
2018-08-17 16:00:00+00:00,0.0,0.0,0.0,0.0,0.0
2018-08-17 17:00:00+00:00,0.0,0.0,0.0,0.0,0.0
2018-08-17 18:00:00+00:00,0.0,0.0,0.0,0.0,0.0
2018-08-17 19:00:00+00:00,0.0,0.0,0.0,0.0,0.0
2018-08-17 20:00:00+00:00,0.0,0.0,0.0,0.0,0.0
2018-08-17 21:00:00+00:00,0.0,0.0,0.0,0.0,0.0
2018-08-17 22:00:00+00:00,0.0,0.0,0.0,0.0,0.0
2018-08-17 23:00:00+00:00,0.0,0.0,0.0,0.0,0.0
2018-08-18 00:00:00+00:00,0.0,0.0,0.0,0.0,0.0
2018-08-18 01:00:00+00:00,0.0,0.0,0.0,0.0,0.0
2018-08-18 02:00:00+00:00,0.0,0.0,0.0,0.0,0.0
2018-08-18 03:00:00+00:00,4.477049865778316,3.373349977071627,2.769728049702112,3.837472948203698,14.457600840755752
2018-08-18 04:00:00+00:00,18.768829041028084,14.459542004094304,11.882076429342435,14.336866788365857,59.44731426283067
2018-08-18 05:00:00+00:00,50.49016031375908,38.19111696936014,32.39510532405357,36.06879568216993,157.1451782893427
2018-08-18 06:00:00+00:00,81.00957547482186,61.45949659905793,52.5034607815947,57.52229157270962,252.49482442818407
2018-08-18 07:00:00+00:00,105.45660545524535,80.21031413183672,68.71984558248386,74.46355703116254,328.85032220072844
2018-08-18 08:00:00+00:00,122.0767516585314,92.952620062409,79.96182726593531,86.11291046273526,381.104109449611
2018-08-18 09:00:00+00:00,130.8392214157041,99.53685635357103,85.72241654503645,92.0746327295918,408.1731270439034
2018-08-18 10:00:00+00:00,131.20263881654694,99.82936906833908,86.04287708540663,91.86315683871004,408.9380418090027
2018-08-18 11:00:00+00:00,123.15371467002227,93.41154007948576,80.8591240244143,86.083416525059,383.50779529898136
2018-08-18 12:00:00+00:00,106.86115848623919,80.92729278866393,70.25044649696297,74.55855513120946,332.5974529030756
2018-08-18 13:00:00+00:00,82.3212168910615,62.1945884468825,54.273678243490146,57.4688876417145,256.25837122314863
2018-08-18 14:00:00+00:00,50.887534786888395,38.33846329297132,33.79387236384158,35.75645753206071,158.776327975762
2018-08-18 15:00:00+00:00,16.717034569554716,12.579448989010903,11.436572194802546,11.970605316572819,52.70366106994098
2018-08-18 16:00:00+00:00,0.0,0.0,0.0,0.0,0.0
2018-08-18 17:00:00+00:00,0.0,0.0,0.0,0.0,0.0
2018-08-18 18:00:00+00:00,0.0,0.0,0.0,0.0,0.0
2018-08-18 19:00:00+00:00,0.0,0.0,0.0,0.0,0.0
2018-08-18 20:00:00+00:00,0.0,0.0,0.0,0.0,0.0
2018-08-18 21:00:00+00:00,0.0,0.0,0.0,0.0,0.0
2018-08-18 22:00:00+00:00,0.0,0.0,0.0,0.0,0.0
2018-08-18 23:00:00+00:00,0.0,0.0,0.0,0.0,0.0
2018-08-19 00:00:00+00:00,0.0,0.0,0.0,0.0,0.0
2018-08-19 01:00:00+00:00,0.0,0.0,0.0,0.0,0.0
2018-08-19 02:00:00+00:00,0.0,0.0,0.0,0.0,0.0
2018-08-19 03:00:00+00:00,4.19212497956997,3.188523062767301,2.581810206343709,3.596278972879557,13.558737221560536
2018-08-19 04:00:00+00:00,18.359755842980178,14.115705043276957,11.682312183165694,13.800264231561574,57.9580373009844
2018-08-19 05:00:00+00:00,50.210267530530984,37.90043186972735,32.37009378495498,36.08222297281306,156.56301615802636
2018-08-19 06:00:00+00:00,80.49739840385367,61.047320400832625,52.436877694979444,57.69469573457649,251.67629223424223
2018-08-19 07:00:00+00:00,105.02478782452116,79.6545320379405,68.7064968954784,74.85489258417984,328.2407093421199
2018-08-19 08:00:00+00:00,121.85908795120126,92.51692272595051,80.17492701016398,86.46122640447501,381.01216409179074
2018-08-19 09:00:00+00:00,130.45776143948154,99.32351638240974,85.98645125336934,92.16078915567816,407.9285182309388
2018-08-19 10:00:00+00:00,131.1250842477111,99.5264879022483,86.46517374284879,91.87948959784916,408.99623549065734
2018-08-19 11:00:00+00:00,123.13718135562686,93.36305834021199,81.24653582762595,85.90565698045584,383.65243250392064
2018-08-19 12:00:00+00:00,106.83813534793956,80.71621315699268,70.32942669072736,74.09129388578009,331.9750690814397
2018-08-19 13:00:00+00:00,82.27450917233134,61.8654673620179,54.14947102359876,56.86263692155654,255.15208447950454
2018-08-19 14:00:00+00:00,50.64666940928573,37.85860657993957,33.476180318940976,34.80569686683701,156.78715317500328
2018-08-19 15:00:00+00:00,16.385658434402416,12.222676182214007,11.072475411811995,11.296856301549244,50.977666329977666
2018-08-19 16:00:00+00:00,0.0,0.0,0.0,0.0,0.0
2018-08-19 17:00:00+00:00,0.0,0.0,0.0,0.0,0.0
2018-08-19 18:00:00+00:00,0.0,0.0,0.0,0.0,0.0
2018-08-19 19:00:00+00:00,0.0,0.0,0.0,0.0,0.0
2018-08-19 20:00:00+00:00,0.0,0.0,0.0,0.0,0.0
2018-08-19 21:00:00+00:00,0.0,0.0,0.0,0.0,0.0
2018-08-19 22:00:00+00:00,0.0,0.0,0.0,0.0,0.0
2018-08-19 23:00:00+00:00,0.0,0.0,0.0,0.0,0.0
2018-08-20 00:00:00+00:00,0.0,0.0,0.0,0.0,0.0
2018-08-20 01:00:00+00:00,0.0,0.0,0.0,0.0,0.0
2018-08-20 02:00:00+00:00,0.0,0.0,0.0,0.0,0.0
2018-08-20 03:00:00+00:00,4.162316069115345,2.98491101264842,2.4726832872394815,3.595444255808261,13.215354624811507
2018-08-20 04:00:00+00:00,18.49051063313188,14.14215883934602,11.767317825627595,13.998926474116235,58.39891377222173
2018-08-20 05:00:00+00:00,50.15481096625852,37.748341826478374,32.11579164728649,35.93028011884208,155.94922455886547
2018-08-20 06:00:00+00:00,80.26543163762486,60.45650974460955,51.94821492348324,57.08495705138293,249.75511335710058
2018-08-20 07:00:00+00:00,104.75943715372746,79.06112493308953,68.1555426857947,74.00383376942631,325.979938542038
2018-08-20 08:00:00+00:00,121.31047386272101,91.81003620585595,79.3209835014659,85.37422422280585,377.81571779284866
2018-08-20 09:00:00+00:00,129.808385550464,98.370242475942,85.26846930364367,91.44905841904207,404.8961557490918
2018-08-20 10:00:00+00:00,129.9243131460599,98.54729216614612,85.53838908956614,91.15268592657176,405.16268032834387
2018-08-20 11:00:00+00:00,121.70030957786216,92.10794750067382,80.22398596709101,85.16526775950362,379.1975108051306
2018-08-20 12:00:00+00:00,105.38925946049781,79.81543564712729,69.59787353567079,73.41818959689718,328.22075824019305
2018-08-20 13:00:00+00:00,80.5711027921784,61.073592919960475,53.53855477883676,56.19223522254629,251.3754857135219
2018-08-20 14:00:00+00:00,49.227846526922036,37.21639739445641,32.95925540335214,34.17634747774248,153.57984680247307
2018-08-20 15:00:00+00:00,15.56979117228342,11.741428768599404,10.73718797199425,10.877804084686483,48.92621199756355
2018-08-20 16:00:00+00:00,0.0,0.0,0.0,0.0,0.0
2018-08-20 17:00:00+00:00,0.0,0.0,0.0,0.0,0.0
2018-08-20 18:00:00+00:00,0.0,0.0,0.0,0.0,0.0
2018-08-20 19:00:00+00:00,0.0,0.0,0.0,0.0,0.0
2018-08-20 20:00:00+00:00,0.0,0.0,0.0,0.0,0.0
2018-08-20 21:00:00+00:00,0.0,0.0,0.0,0.0,0.0
2018-08-20 22:00:00+00:00,0.0,0.0,0.0,0.0,0.0
2018-08-20 23:00:00+00:00,0.0,0.0,0.0,0.0,0.0
2018-08-21 00:00:00+00:00,0.0,0.0,0.0,0.0,0.0
2018-08-21 01:00:00+00:00,0.0,0.0,0.0,0.0,0.0
2018-08-21 02:00:00+00:00,0.0,0.0,0.0,0.0,0.0
2018-08-21 03:00:00+00:00,4.070196388244891,3.023374088927949,2.4723206926655856,3.2516328916437596,12.817524061482185
2018-08-21 04:00:00+00:00,18.732126832826943,14.427760802331125,11.91980849520605,13.51361598777642,58.59331211814054
2018-08-21 05:00:00+00:00,50.12755948141157,37.7166900677998,32.13135427615147,35.97379924956098,155.94940307492385
2018-08-21 06:00:00+00:00,80.58942923516341,60.54405415421153,52.12645169806995,57.23936958139493,250.4993046688398
2018-08-21 07:00:00+00:00,105.13118598669365,79.19082450862547,68.39809335220063,74.16990074850777,326.8900045960275
2018-08-21 08:00:00+00:00,121.9939210545476,92.10074049405054,79.69663182236715,85.42285676192691,379.2141501328922
2018-08-21 09:00:00+00:00,130.90257947745113,99.02757883562849,85.8695205896766,91.61326564875986,407.4129445515161
2018-08-21 10:00:00+00:00,130.82582990039668,99.09122046207358,86.2114155940881,91.19235365760723,407.32081961416554
2018-08-21 11:00:00+00:00,122.48124117727536,92.67357769642162,80.84955994212761,85.35952164684409,381.36390046266865
2018-08-21 12:00:00+00:00,105.70815247780158,79.9104726569708,69.74721920328926,73.78360780709558,329.1494521451572
2018-08-21 13:00:00+00:00,80.97678069395602,61.067071055182275,53.594408440390445,56.281688735312926,251.91994892484166
2018-08-21 14:00:00+00:00,49.41762213938398,37.22548492894275,32.97374437188555,34.217389352603405,153.8342407928157
2018-08-21 15:00:00+00:00,15.535349162143383,11.696611843580062,10.738072163200052,10.677384979707156,48.64741814863065
2018-08-21 16:00:00+00:00,0.0,0.0,0.0,0.0,0.0
2018-08-21 17:00:00+00:00,0.0,0.0,0.0,0.0,0.0
2018-08-21 18:00:00+00:00,0.0,0.0,0.0,0.0,0.0
2018-08-21 19:00:00+00:00,0.0,0.0,0.0,0.0,0.0
2018-08-21 20:00:00+00:00,0.0,0.0,0.0,0.0,0.0
2018-08-21 21:00:00+00:00,0.0,0.0,0.0,0.0,0.0
2018-08-21 22:00:00+00:00,0.0,0.0,0.0,0.0,0.0
2018-08-21 23:00:00+00:00,0.0,0.0,0.0,0.0,0.0
2018-08-22 00:00:00+00:00,0.0,0.0,0.0,0.0,0.0
2018-08-22 01:00:00+00:00,0.0,0.0,0.0,0.0,0.0
2018-08-22 02:00:00+00:00,0.0,0.0,0.0,0.0,0.0
2018-08-22 03:00:00+00:00,3.875194634087495,2.9121807867991705,2.3776302951447192,3.5846694220908226,12.749675138122207
2018-08-22 04:00:00+00:00,18.53474543827609,14.332942711709144,11.936347615999075,14.97105083641841,59.77508660240272
2018-08-22 05:00:00+00:00,50.14689732065411,37.6782562898729,32.1443956105477,36.12870078794528,156.09825000901998
2018-08-22 06:00:00+00:00,80.67094583156067,60.65233944103463,52.040877591686346,56.607083537727625,249.97124640200926
2018-08-22 07:00:00+00:00,105.19314261752893,79.02998846022906,68.27907492211578,73.37559097505488,325.8777969749287
2018-08-22 08:00:00+00:00,121.8229274179383,91.69737991834977,79.46329966237387,84.45708505918378,377.4406920578457
2018-08-22 09:00:00+00:00,130.21913681815118,97.9881343834567,84.94155324531918,90.76355310511903,403.9123775520461
2018-08-22 10:00:00+00:00,130.0819910839005,98.11985031933858,85.0192375876352,90.57454935364387,403.79562834451815
2018-08-22 11:00:00+00:00,121.64163731047226,91.46018361483324,79.51303857097808,84.48847088592362,377.1033303822072
2018-08-22 12:00:00+00:00,104.50091892790411,78.66527522141809,68.50427603710632,73.08504418397291,324.75551437040144
2018-08-22 13:00:00+00:00,79.52990299185441,59.688213250709595,52.189647542908304,55.53339134049786,246.94115512597017
2018-08-22 14:00:00+00:00,47.835896573948766,35.77328570691539,31.535498003616386,33.595059311217554,148.7397395956981
2018-08-22 15:00:00+00:00,14.283098325068,10.65244396182182,9.620786383695853,10.186582208061093,44.74291087864677
2018-08-22 16:00:00+00:00,0.0,0.0,0.0,0.0,0.0
2018-08-22 17:00:00+00:00,0.0,0.0,0.0,0.0,0.0
2018-08-22 18:00:00+00:00,0.0,0.0,0.0,0.0,0.0
2018-08-22 19:00:00+00:00,0.0,0.0,0.0,0.0,0.0
2018-08-22 20:00:00+00:00,0.0,0.0,0.0,0.0,0.0
2018-08-22 21:00:00+00:00,0.0,0.0,0.0,0.0,0.0
2018-08-22 22:00:00+00:00,0.0,0.0,0.0,0.0,0.0
2018-08-22 23:00:00+00:00,0.0,0.0,0.0,0.0,0.0
2018-08-23 00:00:00+00:00,0.0,0.0,0.0,0.0,0.0
2018-08-23 01:00:00+00:00,0.0,0.0,0.0,0.0,0.0
2018-08-23 02:00:00+00:00,0.0,0.0,0.0,0.0,0.0
2018-08-23 03:00:00+00:00,3.7424072914114834,2.7391435533295394,2.287719883864069,3.371924747206859,12.141195475811951
2018-08-23 04:00:00+00:00,18.424209821509468,14.095110655624318,11.766907797589171,14.861965393591284,59.14819366831424
2018-08-23 05:00:00+00:00,50.1019484739967,37.80621025266557,32.1597790266018,35.73776131973958,155.80569907300364
2018-08-23 06:00:00+00:00,80.40630955537779,60.73657455012906,52.157331461277714,56.45049500942662,249.7507105762112
2018-08-23 07:00:00+00:00,105.03508244853336,79.33193382056481,68.37232669529348,73.05890360589734,325.798246570289
2018-08-23 08:00:00+00:00,121.42114294951222,91.90861830468886,79.44446691418311,84.40245698060816,377.17668514899236
2018-08-23 09:00:00+00:00,130.22442326598207,98.53572189058622,85.32590211582185,90.38843275877909,404.47448003116926
2018-08-23 10:00:00+00:00,130.0676665930212,98.23853357318298,85.26882867630613,90.18480126967533,403.7598301121856
2018-08-23 11:00:00+00:00,121.42188231999683,91.74811098883036,79.89496856899383,83.94245938675928,377.00742126458033
2018-08-23 12:00:00+00:00,104.57011947094587,78.81360753611963,68.7247817482587,72.34568357339433,324.4541923287185
2018-08-23 13:00:00+00:00,79.66452901951989,59.91799712082796,52.468703053990446,55.003721897540174,247.05495109187848
2018-08-23 14:00:00+00:00,48.49773520268472,36.185221776433366,31.919795395989713,33.10827199542478,149.71102437053258
2018-08-23 15:00:00+00:00,14.79115934965375,10.950348311820552,9.90812568436793,9.952640536316006,45.60227388215824
2018-08-23 16:00:00+00:00,0.0,0.0,0.0,0.0,0.0
2018-08-23 17:00:00+00:00,0.0,0.0,0.0,0.0,0.0
2018-08-23 18:00:00+00:00,0.0,0.0,0.0,0.0,0.0
2018-08-23 19:00:00+00:00,0.0,0.0,0.0,0.0,0.0
2018-08-23 20:00:00+00:00,0.0,0.0,0.0,0.0,0.0
2018-08-23 21:00:00+00:00,0.0,0.0,0.0,0.0,0.0
2018-08-23 22:00:00+00:00,0.0,0.0,0.0,0.0,0.0
2018-08-23 23:00:00+00:00,0.0,0.0,0.0,0.0,0.0
2018-08-24 00:00:00+00:00,0.0,0.0,0.0,0.0,0.0
2018-08-24 01:00:00+00:00,0.0,0.0,0.0,0.0,0.0
2018-08-24 02:00:00+00:00,0.0,0.0,0.0,0.0,0.0
2018-08-24 03:00:00+00:00,3.70957091805966,2.6811183657666815,2.2691674757843265,3.023782477923382,11.68363923753405
2018-08-24 04:00:00+00:00,18.509056817381666,14.121344152603125,11.698925994356879,13.473105415431323,57.802432379772995
2018-08-24 05:00:00+00:00,49.425016113464565,37.2051162087858,31.709057143419805,35.39745036143281,153.736639827103
2018-08-24 06:00:00+00:00,79.15113423059455,59.588195288747784,51.20496261805895,56.08245748752245,246.02674962492372
2018-08-24 07:00:00+00:00,103.19274938865284,77.61959509169925,67.26814675131203,72.58066443198834,320.6611556636525
2018-08-24 08:00:00+00:00,119.32261762222166,90.07433970065969,78.1717102136479,83.60294582769316,371.17161336422237
2018-08-24 09:00:00+00:00,127.08035045436542,95.88603860355495,83.26006678942082,89.05588824978605,395.28234409712724
2018-08-24 10:00:00+00:00,126.79741518354928,95.77072938955263,83.28808096730813,88.58836462132524,394.4445901617353
2018-08-24 11:00:00+00:00,118.24889450404127,89.36337520746844,77.82872371695012,82.35315131320131,367.7941447416611
2018-08-24 12:00:00+00:00,100.9419792755796,76.39212520309223,66.45834324185677,71.1279630966626,314.92041081719117
2018-08-24 13:00:00+00:00,76.02563073754092,57.491044304875516,50.31960766502895,53.74039896772775,237.57668167517312
2018-08-24 14:00:00+00:00,45.019197951798326,33.97177051355146,30.051501498268586,32.145054028095984,141.18752399171436
2018-08-24 15:00:00+00:00,12.501293808588711,9.361554945281524,8.541182863342973,9.253769502956317,39.65780112016952
2018-08-24 16:00:00+00:00,0.0,0.0,0.0,0.0,0.0
2018-08-24 17:00:00+00:00,0.0,0.0,0.0,0.0,0.0
2018-08-24 18:00:00+00:00,0.0,0.0,0.0,0.0,0.0
2018-08-24 19:00:00+00:00,0.0,0.0,0.0,0.0,0.0
2018-08-24 20:00:00+00:00,0.0,0.0,0.0,0.0,0.0
2018-08-24 21:00:00+00:00,0.0,0.0,0.0,0.0,0.0
2018-08-24 22:00:00+00:00,0.0,0.0,0.0,0.0,0.0
2018-08-24 23:00:00+00:00,0.0,0.0,0.0,0.0,0.0
2018-08-25 00:00:00+00:00,0.0,0.0,0.0,0.0,0.0
2018-08-25 01:00:00+00:00,0.0,0.0,0.0,0.0,0.0
2018-08-25 02:00:00+00:00,0.0,0.0,0.0,0.0,0.0
2018-08-25 03:00:00+00:00,3.6136846467900967,2.6491772121508728,2.1778531331431785,3.05657703326829,11.497292025352438
2018-08-25 04:00:00+00:00,18.939605340632212,14.438854509877508,11.964075384263879,13.845309173309435,59.18784440808304
2018-08-25 05:00:00+00:00,49.59601507156803,37.54936354416345,31.96519663587803,34.73832823791566,153.84890348952518
2018-08-25 06:00:00+00:00,79.26385920456892,60.09360818367554,51.84031055484095,54.99310195268623,246.19087989577164
2018-08-25 07:00:00+00:00,103.42529497941274,78.35402704817375,67.87823036785387,71.24691939090226,320.9044717863426
2018-08-25 08:00:00+00:00,119.73024678635727,90.82022707402393,78.93718595439097,82.25589963959881,371.743559454371
2018-08-25 09:00:00+00:00,127.7661738964693,97.0991422819513,84.47943948274589,88.34792836873311,397.69268402989957
2018-08-25 10:00:00+00:00,127.53784456742561,96.94297692151608,84.6513460843107,88.05205467197932,397.1842222452317
2018-08-25 11:00:00+00:00,119.07504463237554,90.63653779994597,79.08747235351326,82.02167970237261,370.82073448820734
2018-08-25 12:00:00+00:00,102.30814062742624,77.84688943964228,68.24028623363262,70.46851866138644,318.8638349620876
2018-08-25 13:00:00+00:00,77.65222650878633,59.03378909841448,51.949262482797394,53.32809972152994,241.96337781152812
2018-08-25 14:00:00+00:00,46.16137932834437,35.097258875828764,31.00862224531233,31.584061752789147,143.85132220227462
2018-08-25 15:00:00+00:00,12.787393903688853,9.718283937357857,8.836851637752908,8.814273471961592,40.15680295076121
2018-08-25 16:00:00+00:00,0.0,0.0,0.0,0.0,0.0
2018-08-25 17:00:00+00:00,0.0,0.0,0.0,0.0,0.0
2018-08-25 18:00:00+00:00,0.0,0.0,0.0,0.0,0.0
2018-08-25 19:00:00+00:00,0.0,0.0,0.0,0.0,0.0
2018-08-25 20:00:00+00:00,0.0,0.0,0.0,0.0,0.0
2018-08-25 21:00:00+00:00,0.0,0.0,0.0,0.0,0.0
2018-08-25 22:00:00+00:00,0.0,0.0,0.0,0.0,0.0
2018-08-25 23:00:00+00:00,0.0,0.0,0.0,0.0,0.0
2018-08-26 00:00:00+00:00,0.0,0.0,0.0,0.0,0.0
2018-08-26 01:00:00+00:00,0.0,0.0,0.0,0.0,0.0
2018-08-26 02:00:00+00:00,0.0,0.0,0.0,0.0,0.0
2018-08-26 03:00:00+00:00,3.607848987630711,2.628468801663702,2.1967006518779915,3.1321359177489336,11.565154358921337
2018-08-26 04:00:00+00:00,18.913828144925407,14.499517715077683,11.996045885468693,14.341654702300296,59.751046447772076
2018-08-26 05:00:00+00:00,51.34754904341719,38.41896067573903,32.877381874249146,35.98358353649469,158.62747512990006
2018-08-26 06:00:00+00:00,82.44779479539741,61.7038963686297,53.211884392108466,57.193010434722616,254.5565859908582
2018-08-26 07:00:00+00:00,107.09511982569359,80.52352255569186,69.59895474381932,74.12860306509164,331.3462001902964
2018-08-26 08:00:00+00:00,123.91915752295579,93.09377808647073,80.86871656100301,85.68745250294265,383.5691046733722
2018-08-26 09:00:00+00:00,132.63544243036137,99.76831899690318,86.68299287926337,91.60521541636857,410.6919697228965
2018-08-26 10:00:00+00:00,132.29659431758057,99.51942086005289,86.72767389315091,91.36280007666262,409.90648914744696
2018-08-26 11:00:00+00:00,123.25371046430786,92.64383977646534,81.0285554673345,85.13657081106957,382.0626765191773
2018-08-26 12:00:00+00:00,106.00533386268344,79.47170229296704,69.7151005650732,74.02637522263865,329.21851194336233
2018-08-26 13:00:00+00:00,79.70398853192614,59.67821505780131,52.50017026448076,56.27399294242336,248.15636679663157
2018-08-26 14:00:00+00:00,46.541147884928314,34.84480027637022,30.870672875876032,33.60269454287092,145.8593155800455
2018-08-26 15:00:00+00:00,12.058878344220545,9.079141232728006,8.303795704060098,9.458170218866519,38.89998549987517
2018-08-26 16:00:00+00:00,0.0,0.0,0.0,0.0,0.0
2018-08-26 17:00:00+00:00,0.0,0.0,0.0,0.0,0.0
2018-08-26 18:00:00+00:00,0.0,0.0,0.0,0.0,0.0
2018-08-26 19:00:00+00:00,0.0,0.0,0.0,0.0,0.0
2018-08-26 20:00:00+00:00,0.0,0.0,0.0,0.0,0.0
2018-08-26 21:00:00+00:00,0.0,0.0,0.0,0.0,0.0
2018-08-26 22:00:00+00:00,0.0,0.0,0.0,0.0,0.0
2018-08-26 23:00:00+00:00,0.0,0.0,0.0,0.0,0.0
2018-08-27 00:00:00+00:00,0.0,0.0,0.0,0.0,0.0
2018-08-27 01:00:00+00:00,0.0,0.0,0.0,0.0,0.0
2018-08-27 02:00:00+00:00,0.0,0.0,0.0,0.0,0.0
2018-08-27 03:00:00+00:00,3.051477336745257,2.3375796498711154,1.9216129997406568,2.6986789505135276,10.009348936870557
2018-08-27 04:00:00+00:00,17.894229141725965,13.529160891885784,11.14029569043144,13.290484707250766,55.85417043129395
2018-08-27 05:00:00+00:00,52.31655500574219,38.944871523988745,33.38205188265239,36.33105346538045,160.97453187776375
2018-08-27 06:00:00+00:00,84.34426076646547,63.23964608206162,54.338883009841815,58.03222421899285,259.95501407736174
2018-08-27 07:00:00+00:00,109.46330428305984,82.374171615026,71.00419748472436,75.35781606853479,338.199489451345
2018-08-27 08:00:00+00:00,126.28274092442899,95.26021724862332,82.51768340028826,86.84797746153731,390.9086190348779
2018-08-27 09:00:00+00:00,133.9900895807187,101.09731308040605,87.66455427167176,92.00190254945605,414.75385948225255
2018-08-27 10:00:00+00:00,133.7897065688112,100.72800953271968,87.53028503770965,91.44547847253341,413.4934796117739
2018-08-27 11:00:00+00:00,124.6700252850119,93.8297553664929,81.74426265566812,85.22007689917999,385.46412020635296
2018-08-27 12:00:00+00:00,106.03105034739784,79.46135900867782,69.37652553205646,72.8048611321515,327.6737960202836
2018-08-27 13:00:00+00:00,79.91130127385212,59.60208955956003,52.587103331387446,54.96570805302956,247.06620221782913
2018-08-27 14:00:00+00:00,47.1360417003428,34.754939421834415,31.169530182530774,32.32139281175907,145.38190411646707
2018-08-27 15:00:00+00:00,12.406904936705391,8.979754740951801,8.50855233821945,8.687073642041186,38.58228565791783
2018-08-27 16:00:00+00:00,0.0,0.0,0.0,0.0,0.0
2018-08-27 17:00:00+00:00,0.0,0.0,0.0,0.0,0.0
2018-08-27 18:00:00+00:00,0.0,0.0,0.0,0.0,0.0
2018-08-27 19:00:00+00:00,0.0,0.0,0.0,0.0,0.0
2018-08-27 20:00:00+00:00,0.0,0.0,0.0,0.0,0.0
2018-08-27 21:00:00+00:00,0.0,0.0,0.0,0.0,0.0
2018-08-27 22:00:00+00:00,0.0,0.0,0.0,0.0,0.0
2018-08-27 23:00:00+00:00,0.0,0.0,0.0,0.0,0.0
2018-08-28 00:00:00+00:00,0.0,0.0,0.0,0.0,0.0
2018-08-28 01:00:00+00:00,0.0,0.0,0.0,0.0,0.0
2018-08-28 02:00:00+00:00,0.0,0.0,0.0,0.0,0.0
2018-08-28 03:00:00+00:00,3.315828225300492,2.404440602987481,2.0012419739589355,2.7905943151278296,10.512105117374738
2018-08-28 04:00:00+00:00,18.655231017523015,14.24607960262156,11.829033870471726,13.722338720966855,58.45268321158315
2018-08-28 05:00:00+00:00,50.63852860150102,37.96295922405105,32.30024937981735,36.6343048911348,157.53604209650422
2018-08-28 06:00:00+00:00,81.26978079350303,60.972407064806994,52.474569865531066,58.25334692007955,252.97010464392065
2018-08-28 07:00:00+00:00,105.59042117839664,79.47441072761978,68.62955507053024,75.45374029494477,329.14812727149143
2018-08-28 08:00:00+00:00,121.82884710001017,92.00142910345134,79.69311487048684,86.95087146737797,380.4742625413263
2018-08-28 09:00:00+00:00,129.09660693619583,97.41050823143777,84.73280195759237,92.07024274235542,403.31015986758143
2018-08-28 10:00:00+00:00,128.52110872823457,96.96775184845444,84.28963762675906,91.53567253877132,401.3141707422194
2018-08-28 11:00:00+00:00,119.43812047440132,90.0418764911712,78.58902495427357,84.80303870989094,372.872060629737
2018-08-28 12:00:00+00:00,102.71405572946716,77.38081966171434,67.60472832879563,72.6386012372043,320.33820495718146
2018-08-28 13:00:00+00:00,77.20017027960105,58.07986836392166,50.96390708001051,54.67557169798522,240.91951742151844
2018-08-28 14:00:00+00:00,45.21998578497334,33.80877909620553,30.02570841761218,32.01918819673079,141.07366149552183
2018-08-28 15:00:00+00:00,11.64551568190608,8.628347856380538,7.966846611638874,8.306067885427773,36.54677803535327
2018-08-28 16:00:00+00:00,0.0,0.0,0.0,0.0,0.0
2018-08-28 17:00:00+00:00,0.0,0.0,0.0,0.0,0.0
2018-08-28 18:00:00+00:00,0.0,0.0,0.0,0.0,0.0
2018-08-28 19:00:00+00:00,0.0,0.0,0.0,0.0,0.0
2018-08-28 20:00:00+00:00,0.0,0.0,0.0,0.0,0.0
2018-08-28 21:00:00+00:00,0.0,0.0,0.0,0.0,0.0
2018-08-28 22:00:00+00:00,0.0,0.0,0.0,0.0,0.0
2018-08-28 23:00:00+00:00,0.0,0.0,0.0,0.0,0.0
2018-08-29 00:00:00+00:00,0.0,0.0,0.0,0.0,0.0
2018-08-29 01:00:00+00:00,0.0,0.0,0.0,0.0,0.0
2018-08-29 02:00:00+00:00,0.0,0.0,0.0,0.0,0.0
2018-08-29 03:00:00+00:00,3.139230991597935,2.3170835436126103,1.797714404877999,2.671559571846576,9.92558851193512
2018-08-29 04:00:00+00:00,19.004110661324,14.570259195585662,12.02652912080329,13.936495122468028,59.537394100180975
2018-08-29 05:00:00+00:00,49.41775731434187,37.111091165321476,31.768870093690133,34.56548920677503,152.8632077801285
2018-08-29 06:00:00+00:00,79.01779944195668,59.19340094220465,51.18188518728991,54.723410439816334,244.11649601126754
2018-08-29 07:00:00+00:00,102.6748788777247,77.207896810488,66.99229651595488,70.80576180040792,317.6808340045755
2018-08-29 08:00:00+00:00,118.74001091842544,89.27053543851544,77.56838587678412,81.49768104855681,367.07661328228187
2018-08-29 09:00:00+00:00,126.14997483996899,95.01576721052818,82.59515922485721,87.21351601445897,390.97441728981335
2018-08-29 10:00:00+00:00,125.5964856051406,94.48514518185165,82.31323143047764,86.68364154677037,389.0785037642403
2018-08-29 11:00:00+00:00,116.57877036993023,87.55896504029741,76.54015872373957,80.25132093010606,360.9292150640732
2018-08-29 12:00:00+00:00,99.24935366303853,74.6097114503068,65.47322019657706,68.47603402402791,307.8083193339503
2018-08-29 13:00:00+00:00,74.12637546609156,55.587592000614606,49.1330316402159,50.954575493220176,229.80157460014223
2018-08-29 14:00:00+00:00,42.54658924963061,31.82956593968158,28.437356267277696,29.175547684307723,131.9890591408976
2018-08-29 15:00:00+00:00,10.006122659005664,7.466349810694856,7.049631147808015,6.988652159185483,31.51075577669402
2018-08-29 16:00:00+00:00,0.0,0.0,0.0,0.0,0.0
2018-08-29 17:00:00+00:00,0.0,0.0,0.0,0.0,0.0
2018-08-29 18:00:00+00:00,0.0,0.0,0.0,0.0,0.0
2018-08-29 19:00:00+00:00,0.0,0.0,0.0,0.0,0.0
2018-08-29 20:00:00+00:00,0.0,0.0,0.0,0.0,0.0
2018-08-29 21:00:00+00:00,0.0,0.0,0.0,0.0,0.0
2018-08-29 22:00:00+00:00,0.0,0.0,0.0,0.0,0.0
2018-08-29 23:00:00+00:00,0.0,0.0,0.0,0.0,0.0
2018-08-30 00:00:00+00:00,0.0,0.0,0.0,0.0,0.0
2018-08-30 01:00:00+00:00,0.0,0.0,0.0,0.0,0.0
2018-08-30 02:00:00+00:00,0.0,0.0,0.0,0.0,0.0
2018-08-30 03:00:00+00:00,2.705785893267612,1.7459264385475741,1.2316405091532079,2.5551060560079524,8.238458896976347
2018-08-30 04:00:00+00:00,20.88508146179134,15.645403330603834,13.289745626465809,14.395329651166465,64.21556007002745
2018-08-30 05:00:00+00:00,49.32954241380344,37.07263113634961,31.65045469341151,34.12989170287461,152.18251994643916
2018-08-30 06:00:00+00:00,77.27071262875235,58.33680043075725,50.069451791090955,53.53159246577252,239.20855731637306
2018-08-30 07:00:00+00:00,99.64721622195573,75.34681398588536,64.91438271150145,69.07034328946796,308.9787562088105
2018-08-30 08:00:00+00:00,114.68369606307209,86.77819955329292,75.28365527121794,79.51043103507114,356.2559819226541
2018-08-30 09:00:00+00:00,121.63463727637294,92.2463852515666,80.1377712925543,85.81032700753866,379.8291208280325
2018-08-30 10:00:00+00:00,120.4368533585573,91.31198534321092,79.67823810899135,84.95943752033554,376.3865143310951
2018-08-30 11:00:00+00:00,111.59868234018433,84.2683502287052,73.60694488497485,78.34252678098453,347.81650423484894
2018-08-30 12:00:00+00:00,93.5600291881204,70.55624148903225,62.08922234990649,66.8131697486099,293.01866277566904
2018-08-30 13:00:00+00:00,68.59201370053307,51.660611691592756,45.69746158131997,48.726349397084824,214.6764363705306
2018-08-30 14:00:00+00:00,37.92782273218105,28.485850943332235,25.466030418552947,26.773118551574164,118.65282264564038
2018-08-30 15:00:00+00:00,7.704904718647345,5.774958589640367,5.4414068715463255,5.540176016343892,24.46144619617793
2018-08-30 16:00:00+00:00,0.0,0.0,0.0,0.0,0.0
2018-08-30 17:00:00+00:00,0.0,0.0,0.0,0.0,0.0
2018-08-30 18:00:00+00:00,0.0,0.0,0.0,0.0,0.0
2018-08-30 19:00:00+00:00,0.0,0.0,0.0,0.0,0.0
2018-08-30 20:00:00+00:00,0.0,0.0,0.0,0.0,0.0
2018-08-30 21:00:00+00:00,0.0,0.0,0.0,0.0,0.0
2018-08-30 22:00:00+00:00,0.0,0.0,0.0,0.0,0.0
2018-08-30 23:00:00+00:00,0.0,0.0,0.0,0.0,0.0
2018-08-31 00:00:00+00:00,0.0,0.0,0.0,0.0,0.0
2018-08-31 01:00:00+00:00,0.0,0.0,0.0,0.0,0.0
2018-08-31 02:00:00+00:00,0.0,0.0,0.0,0.0,0.0
2018-08-31 03:00:00+00:00,2.2725136814325135,1.524108812877852,1.0405753582148165,2.1649558190101423,7.002153671535324
2018-08-31 04:00:00+00:00,20.668918432073934,15.833025373509422,13.400545875809273,14.992387714298228,64.89487739569086
2018-08-31 05:00:00+00:00,48.77134497912457,36.7585041989112,31.41886445557947,34.38145766214143,151.33017129575666
2018-08-31 06:00:00+00:00,76.60262601822292,57.70921200643083,49.4938347390731,53.596525430647716,237.40219819437456
2018-08-31 07:00:00+00:00,98.9544662181415,74.76462065179155,64.07406574237541,69.2804748725743,307.07362748488276
2018-08-31 08:00:00+00:00,113.82689817231423,86.1419939364899,74.03504742659733,79.70836102440299,353.7123005598045
2018-08-31 09:00:00+00:00,119.1138887152664,90.21368330488797,77.83980437938052,85.03947553403056,372.2068519335654
2018-08-31 10:00:00+00:00,117.76709333860792,89.11375528620914,77.07936635601081,83.40717102444674,367.3673860052746
2018-08-31 11:00:00+00:00,108.00661589322877,81.60727576699735,71.0180379548824,76.13277868798252,336.764708303091
2018-08-31 12:00:00+00:00,88.79226417970452,66.7862007677052,57.997614035117785,65.86807535725353,279.444154339781
2018-08-31 13:00:00+00:00,53.41896348430308,47.85920516153532,41.773918462491785,47.35568709747189,190.4077742058021
2018-08-31 14:00:00+00:00,34.065667392163284,25.361869539007504,22.33757919986678,25.237429389772203,107.00254552080978
2018-08-31 15:00:00+00:00,5.8812484327284285,4.205287307314296,3.8850093265662604,4.512633122839891,18.484178189448876
2018-08-31 16:00:00+00:00,0.0,0.0,0.0,0.0,0.0
2018-08-31 17:00:00+00:00,0.0,0.0,0.0,0.0,0.0
2018-08-31 18:00:00+00:00,0.0,0.0,0.0,0.0,0.0
2018-08-31 19:00:00+00:00,0.0,0.0,0.0,0.0,0.0
2018-08-31 20:00:00+00:00,0.0,0.0,0.0,0.0,0.0
2018-08-31 21:00:00+00:00,0.0,0.0,0.0,0.0,0.0
2018-08-31 22:00:00+00:00,0.0,0.0,0.0,0.0,0.0
2018-08-31 23:00:00+00:00,0.0,0.0,0.0,0.0,0.0
2018-09-01 00:00:00+00:00,0.0,0.0,0.0,0.0,0.0
2018-09-01 01:00:00+00:00,0.0,0.0,0.0,0.0,0.0
2018-09-01 02:00:00+00:00,0.0,0.0,0.0,0.0,0.0
2018-09-01 03:00:00+00:00,1.6929740536761604,1.0761795141062331,0.7510555441030823,1.8665267918350223,5.386735903720498
2018-09-01 04:00:00+00:00,21.63645698745102,15.697271523030569,13.175312538973822,15.034187808880183,65.5432288583356
2018-09-01 05:00:00+00:00,48.02499835456012,36.04936630348227,30.682565243383067,34.1324650831277,148.88939498455315
2018-09-01 06:00:00+00:00,74.92565629716329,56.313042214287975,48.32258582526001,52.86123124157864,232.42251557828993
2018-09-01 07:00:00+00:00,96.88853950920401,72.81645029868712,62.779766841659786,68.04230685543445,300.52706350498534
2018-09-01 08:00:00+00:00,111.70633046773685,83.81117162583337,60.47169949933351,78.07566169448556,334.0648632873893
2018-09-01 09:00:00+00:00,112.24572631036838,90.37738932679466,70.07536096232637,84.07744055047664,356.77591714996606
2018-09-01 10:00:00+00:00,118.90772567511615,89.42580947980068,77.71474803946927,82.62717852822053,368.67546172260666
2018-09-01 11:00:00+00:00,74.250281793142,82.31181442676223,69.61711640757389,75.51803475238796,301.6972473798661
2018-09-01 12:00:00+00:00,49.88368303236261,68.96975878820203,60.260211940800914,62.832602961527215,241.94625672289277
2018-09-01 13:00:00+00:00,41.02163491783095,34.59040302257118,44.01280212042041,45.136870107751676,164.7617101685742
2018-09-01 14:00:00+00:00,22.252038589686528,18.970751622913752,10.671385980144587,23.95300277379416,75.84717896653902
2018-09-01 15:00:00+00:00,6.72146084214828,4.3505588230931735,4.581019941464716,4.057633043440425,19.710672650146595
2018-09-01 16:00:00+00:00,0.0,0.0,0.0,0.0,0.0
2018-09-01 17:00:00+00:00,0.0,0.0,0.0,0.0,0.0
2018-09-01 18:00:00+00:00,0.0,0.0,0.0,0.0,0.0
2018-09-01 19:00:00+00:00,0.0,0.0,0.0,0.0,0.0
2018-09-01 20:00:00+00:00,0.0,0.0,0.0,0.0,0.0
2018-09-01 21:00:00+00:00,0.0,0.0,0.0,0.0,0.0
2018-09-01 22:00:00+00:00,0.0,0.0,0.0,0.0,0.0
2018-09-01 23:00:00+00:00,0.0,0.0,0.0,0.0,0.0
2018-09-02 00:00:00+00:00,0.0,0.0,0.0,0.0,0.0
2018-09-02 01:00:00+00:00,0.0,0.0,0.0,0.0,0.0
2018-09-02 02:00:00+00:00,0.0,0.0,0.0,0.0,0.0
2018-09-02 03:00:00+00:00,1.547530076693606,1.0328549295998188,0.7495646897527926,1.8661570288456122,5.19610672489183
2018-09-02 04:00:00+00:00,20.713841198272444,15.554442867984966,13.017936683176703,14.931451708238122,64.21767245767222
2018-09-02 05:00:00+00:00,47.800993344889534,36.02239067304845,30.660693804830615,34.14957286271866,148.63365068548725
2018-09-02 06:00:00+00:00,74.51154100136752,56.326789469653505,48.51863548249396,53.39081353300735,232.74777948652235
2018-09-02 07:00:00+00:00,96.50777894268535,72.96069311884571,63.24732112533368,69.08348022088731,301.799273407752
2018-09-02 08:00:00+00:00,111.61300011109856,84.3273506993702,73.33702097639724,79.58350305153597,348.86087483840197
2018-09-02 09:00:00+00:00,116.85629145719206,88.38800223380011,77.2146423361154,84.71566504815934,367.1746010752669
2018-09-02 10:00:00+00:00,97.56842144370022,87.76571614352294,76.84965037954119,83.48854897963096,345.67233694639526
2018-09-02 11:00:00+00:00,76.43699167603971,59.0051615582973,70.94948118044874,76.85274798799807,283.2443824027838
2018-09-02 12:00:00+00:00,60.12543400825224,32.287216330817074,58.17957432609928,67.63873274799599,218.2309574131646
2018-09-02 13:00:00+00:00,27.95897592727253,36.120316759564936,41.92550512097641,49.7619899544236,155.76678776223747
2018-09-02 14:00:00+00:00,15.554337666668928,15.939237156824518,22.27876259179369,27.572505948408114,81.34484336369525
2018-09-02 15:00:00+00:00,5.091553629361224,3.763824111792024,3.5680923618913987,5.3512843890923385,17.774754492136985
2018-09-02 16:00:00+00:00,0.0,0.0,0.0,0.0,0.0
2018-09-02 17:00:00+00:00,0.0,0.0,0.0,0.0,0.0
2018-09-02 18:00:00+00:00,0.0,0.0,0.0,0.0,0.0
2018-09-02 19:00:00+00:00,0.0,0.0,0.0,0.0,0.0
2018-09-02 20:00:00+00:00,0.0,0.0,0.0,0.0,0.0
2018-09-02 21:00:00+00:00,0.0,0.0,0.0,0.0,0.0
2018-09-02 22:00:00+00:00,0.0,0.0,0.0,0.0,0.0
2018-09-02 23:00:00+00:00,0.0,0.0,0.0,0.0,0.0
2018-09-03 00:00:00+00:00,0.0,0.0,0.0,0.0,0.0
2018-09-03 01:00:00+00:00,0.0,0.0,0.0,0.0,0.0
2018-09-03 02:00:00+00:00,0.0,0.0,0.0,0.0,0.0
2018-09-03 03:00:00+00:00,1.6949841441017734,1.07804119894548,0.7537390819336038,1.9780758366074078,5.5048402615882654
2018-09-03 04:00:00+00:00,20.69099731122163,15.578758152177695,13.233324963546508,14.747782890303618,64.25086331724944
2018-09-03 05:00:00+00:00,48.65521635242558,36.7261451706855,31.521746520934155,35.14086026922183,152.04396831326707
2018-09-03 06:00:00+00:00,76.48133264215028,57.860512569930506,49.81203560969242,55.383162877844185,239.5370436996174
2018-09-03 07:00:00+00:00,98.8886509197775,74.99938843425603,64.61082084773673,71.73809444070315,310.2369546424734
2018-09-03 08:00:00+00:00,114.14292294456249,86.66057234339726,74.75544558501483,82.54476041088128,358.10370128385586
2018-09-03 09:00:00+00:00,121.33205323435101,91.98239641248216,79.38136156864012,88.45713540503877,381.152946620512
2018-09-03 10:00:00+00:00,119.99265148291701,90.72607222450192,78.48696909477728,87.26093487208846,376.46662767428467
2018-09-03 11:00:00+00:00,110.13193257917595,82.95780298921741,71.85047194866789,80.51541790232216,345.4556254193834
2018-09-03 12:00:00+00:00,92.80486110834072,70.37190788286904,61.547797839724694,68.06436725664472,292.78893408757915
2018-09-03 13:00:00+00:00,67.41066041653418,51.15588719492575,45.090077010885075,50.53702704646227,214.19365166880726
2018-09-03 14:00:00+00:00,36.13875361328022,27.41258170144789,24.55981979600644,28.48643521319716,116.59759032393171
2018-09-03 15:00:00+00:00,5.926121884126276,4.53953769315045,4.384967295074239,5.8067303027763675,20.65735717512733
2018-09-03 16:00:00+00:00,0.0,0.0,0.0,0.0,0.0
2018-09-03 17:00:00+00:00,0.0,0.0,0.0,0.0,0.0
2018-09-03 18:00:00+00:00,0.0,0.0,0.0,0.0,0.0
2018-09-03 19:00:00+00:00,0.0,0.0,0.0,0.0,0.0
2018-09-03 20:00:00+00:00,0.0,0.0,0.0,0.0,0.0
2018-09-03 21:00:00+00:00,0.0,0.0,0.0,0.0,0.0
2018-09-03 22:00:00+00:00,0.0,0.0,0.0,0.0,0.0
2018-09-03 23:00:00+00:00,0.0,0.0,0.0,0.0,0.0
2018-09-04 00:00:00+00:00,0.0,0.0,0.0,0.0,0.0
2018-09-04 01:00:00+00:00,0.0,0.0,0.0,0.0,0.0
2018-09-04 02:00:00+00:00,0.0,0.0,0.0,0.0,0.0
2018-09-04 03:00:00+00:00,1.8902954109317514,1.333607988086032,0.8461902095653371,2.1813724404087456,6.251466048991865
2018-09-04 04:00:00+00:00,20.43838156492854,15.227702046918274,12.965855948140687,13.786699280791318,62.41863884077882
2018-09-04 05:00:00+00:00,49.28537252681962,36.96793413543643,31.36603848908295,36.10034502787087,153.71969017920986
2018-09-04 06:00:00+00:00,77.60095894976358,58.42078527113505,49.90502687973048,57.23946204387825,243.16623314450737
2018-09-04 07:00:00+00:00,100.79533748971616,76.0327755190372,64.98909399616151,73.99246947439325,315.8096764793081
2018-09-04 08:00:00+00:00,116.35157256961381,87.77948936624679,75.42560123208526,85.27401969330278,364.83068286124865
2018-09-04 09:00:00+00:00,126.1177065287234,94.94166507677247,81.56916164219227,91.29100562111518,393.91953886880333
2018-09-04 10:00:00+00:00,124.5835447955198,93.59561588045993,80.2949728025844,90.45676045275911,388.9308939313232
2018-09-04 11:00:00+00:00,113.97666937304805,85.70596308630151,73.45080751213143,83.91697680606273,357.0504167775438
2018-09-04 12:00:00+00:00,94.42333040781942,70.8417314978091,60.63165335535231,71.69043711860787,297.5871523795887
2018-09-04 13:00:00+00:00,67.0170989805043,50.19805698013114,43.221464495629725,53.113365862139524,213.54998631840468
2018-09-04 14:00:00+00:00,34.455920166272264,25.72916691015073,22.433236330065096,29.57666093896617,112.19498434545426
2018-09-04 15:00:00+00:00,4.621923935873168,3.465923978657343,3.197513577421408,5.661034277866887,16.946395769818803
2018-09-04 16:00:00+00:00,0.0,0.0,0.0,0.0,0.0
2018-09-04 17:00:00+00:00,0.0,0.0,0.0,0.0,0.0
2018-09-04 18:00:00+00:00,0.0,0.0,0.0,0.0,0.0
2018-09-04 19:00:00+00:00,0.0,0.0,0.0,0.0,0.0
2018-09-04 20:00:00+00:00,0.0,0.0,0.0,0.0,0.0
2018-09-04 21:00:00+00:00,0.0,0.0,0.0,0.0,0.0
2018-09-04 22:00:00+00:00,0.0,0.0,0.0,0.0,0.0
2018-09-04 23:00:00+00:00,0.0,0.0,0.0,0.0,0.0
2018-09-05 00:00:00+00:00,0.0,0.0,0.0,0.0,0.0
2018-09-05 01:00:00+00:00,0.0,0.0,0.0,0.0,0.0
2018-09-05 02:00:00+00:00,0.0,0.0,0.0,0.0,0.0
2018-09-05 03:00:00+00:00,1.4047601235001752,0.9608776485067883,0.6561992614073541,2.061921186278049,5.083758219692367
2018-09-05 04:00:00+00:00,20.499615690585323,15.248565659774847,13.138351603862546,14.145787416923621,63.03232037114634
2018-09-05 05:00:00+00:00,48.36837529246691,36.15580466946196,30.973732849174215,35.12299120398072,150.6209040150838
2018-09-05 06:00:00+00:00,75.87215258211836,56.98064301598268,48.95877710121334,55.4203077840143,237.23188048332867
2018-09-05 07:00:00+00:00,98.24759428626052,74.02462409343647,63.91701514888188,71.71569340601718,307.90492693459606
2018-09-05 08:00:00+00:00,113.64153288379259,85.40932874921229,73.82960571567061,82.41764373488414,355.29811108355966
2018-09-05 09:00:00+00:00,118.78888469235085,89.90516181478795,77.42716483451785,88.8760462810732,374.9972576227299
2018-09-05 10:00:00+00:00,117.5685868246754,88.85267911180006,76.92882219634399,88.06384495416522,371.4139330869847
2018-09-05 11:00:00+00:00,108.071579706998,81.39983794166957,70.83914679076724,81.48665909715457,341.7972235365894
2018-09-05 12:00:00+00:00,91.49186435549397,69.05269469268094,59.7721016841665,70.01036667118407,290.32702740352545
2018-09-05 13:00:00+00:00,66.0266154327293,49.83439822103696,43.073252339630386,52.05664201263886,210.9909080060355
2018-09-05 14:00:00+00:00,34.552350458169414,25.967249847337513,22.545954553000087,29.081441832163556,112.14699669067056
2018-09-05 15:00:00+00:00,4.627108183449087,3.455304407876336,3.1873960772379824,5.53449834353037,16.804307012093773
2018-09-05 16:00:00+00:00,0.0,0.0,0.0,0.0,0.0
2018-09-05 17:00:00+00:00,0.0,0.0,0.0,0.0,0.0
2018-09-05 18:00:00+00:00,0.0,0.0,0.0,0.0,0.0
2018-09-05 19:00:00+00:00,0.0,0.0,0.0,0.0,0.0
2018-09-05 20:00:00+00:00,0.0,0.0,0.0,0.0,0.0
2018-09-05 21:00:00+00:00,0.0,0.0,0.0,0.0,0.0
2018-09-05 22:00:00+00:00,0.0,0.0,0.0,0.0,0.0
2018-09-05 23:00:00+00:00,0.0,0.0,0.0,0.0,0.0
2018-09-06 00:00:00+00:00,0.0,0.0,0.0,0.0,0.0
2018-09-06 01:00:00+00:00,0.0,0.0,0.0,0.0,0.0
2018-09-06 02:00:00+00:00,0.0,0.0,0.0,0.0,0.0
2018-09-06 03:00:00+00:00,1.8478452529830116,1.3077463156762659,0.7558262780240095,2.244028569708542,6.155446416391829
2018-09-06 04:00:00+00:00,20.064970244890127,14.919798103994747,12.671345505570011,14.424491653770538,62.08060550822542
2018-09-06 05:00:00+00:00,49.203149022767555,37.03758777549176,31.381706204396696,37.37541983113887,154.9978628337949
2018-09-06 06:00:00+00:00,78.20865032831232,59.063648480279916,50.276482934811945,59.26879840584063,246.8175801492448
2018-09-06 07:00:00+00:00,102.07151585397652,77.04944471322098,65.82690764597281,76.52372999793977,321.47159821111006
2018-09-06 08:00:00+00:00,118.4417859875251,89.49179340621785,76.85657299167573,87.84973017677731,372.63988256219596
2018-09-06 09:00:00+00:00,127.37139379869694,96.2132638058534,82.72097600035242,93.36960032122813,399.6752339261309
2018-09-06 10:00:00+00:00,126.6845953955171,95.39763874591162,82.15939278357627,92.71600625784362,396.9576331828486
2018-09-06 11:00:00+00:00,116.72088569566603,87.71135571307373,75.53946312038843,85.79013801292834,365.76184254205646
2018-09-06 12:00:00+00:00,97.70084870126605,73.27744976773556,62.78778973457338,73.3193635144743,307.0854517180493
2018-09-06 13:00:00+00:00,69.50952846622889,51.991201417158955,44.95103261033964,54.14551654207824,220.5972790358057
2018-09-06 14:00:00+00:00,35.62117137154709,26.625595791493673,23.21038993963245,30.022256083014895,115.47941318568812
2018-09-06 15:00:00+00:00,4.526315958369806,3.3344584566753226,3.1011583589834637,5.235357296926852,16.197290070955443
2018-09-06 16:00:00+00:00,0.0,0.0,0.0,0.0,0.0
2018-09-06 17:00:00+00:00,0.0,0.0,0.0,0.0,0.0
2018-09-06 18:00:00+00:00,0.0,0.0,0.0,0.0,0.0
2018-09-06 19:00:00+00:00,0.0,0.0,0.0,0.0,0.0
2018-09-06 20:00:00+00:00,0.0,0.0,0.0,0.0,0.0
2018-09-06 21:00:00+00:00,0.0,0.0,0.0,0.0,0.0
2018-09-06 22:00:00+00:00,0.0,0.0,0.0,0.0,0.0
2018-09-06 23:00:00+00:00,0.0,0.0,0.0,0.0,0.0
2018-09-07 00:00:00+00:00,0.0,0.0,0.0,0.0,0.0
2018-09-07 01:00:00+00:00,0.0,0.0,0.0,0.0,0.0
2018-09-07 02:00:00+00:00,0.0,0.0,0.0,0.0,0.0
2018-09-07 03:00:00+00:00,2.2939785512111373,1.6050012840588728,1.141623455824316,2.0381726143558074,7.078775905450134
2018-09-07 04:00:00+00:00,19.428314060484674,14.579672610528977,12.330384129657771,14.663208364770915,61.001579165442344
2018-09-07 05:00:00+00:00,51.056966024879955,38.512400184489906,32.66006384219513,36.53407752448134,158.76350757604632
2018-09-07 06:00:00+00:00,81.7855202139597,61.869867914085305,52.83537831654473,58.3696038734177,254.86037031800743
2018-09-07 07:00:00+00:00,106.48561677248249,80.70178464851472,69.2845029986096,76.01245543593367,332.48435985554045
2018-09-07 08:00:00+00:00,123.17236834339471,93.45097082313163,80.43457218353208,87.79198480233163,384.84989615239004
2018-09-07 09:00:00+00:00,130.352423040946,98.98974979812039,85.21177413873731,93.05651119616022,407.61045817396393
2018-09-07 10:00:00+00:00,129.9750556603455,98.62999301516652,85.05852068725166,92.46771035961993,406.1312797223836
2018-09-07 11:00:00+00:00,120.68197110430707,91.35339367661813,79.27877808873873,85.81868938270354,377.13283225236745
2018-09-07 12:00:00+00:00,102.32090312490507,77.59296718157216,67.5514525010411,73.2405926395356,320.70591544705394
2018-09-07 13:00:00+00:00,75.76437012318765,57.34170472901373,50.16887761062238,54.51210202724274,237.7870544900665
2018-09-07 14:00:00+00:00,41.88312728021527,31.470388083978552,27.932331696868953,30.676878206705737,131.96272526776852
2018-09-07 15:00:00+00:00,6.744682258559218,5.081343457683481,4.9296649642917965,5.621369499263124,22.37706017979762
2018-09-07 16:00:00+00:00,0.0,0.0,0.0,0.0,0.0
2018-09-07 17:00:00+00:00,0.0,0.0,0.0,0.0,0.0
2018-09-07 18:00:00+00:00,0.0,0.0,0.0,0.0,0.0
2018-09-07 19:00:00+00:00,0.0,0.0,0.0,0.0,0.0
2018-09-07 20:00:00+00:00,0.0,0.0,0.0,0.0,0.0
2018-09-07 21:00:00+00:00,0.0,0.0,0.0,0.0,0.0
2018-09-07 22:00:00+00:00,0.0,0.0,0.0,0.0,0.0
2018-09-07 23:00:00+00:00,0.0,0.0,0.0,0.0,0.0
2018-09-08 00:00:00+00:00,0.0,0.0,0.0,0.0,0.0
2018-09-08 01:00:00+00:00,0.0,0.0,0.0,0.0,0.0
2018-09-08 02:00:00+00:00,0.0,0.0,0.0,0.0,0.0
2018-09-08 03:00:00+00:00,2.459781592683649,1.783275051105412,1.4379246183253804,1.9485747249113663,7.629555987025808
2018-09-08 04:00:00+00:00,19.518613109383107,14.406582832150391,12.166231072164308,13.62255395313479,59.7139809668326
2018-09-08 05:00:00+00:00,53.58226213795774,40.09283577124452,34.31108677112167,37.17376382386216,165.1599485041861
2018-09-08 06:00:00+00:00,85.78405859782859,64.39372274829373,55.5421756224891,59.10772037102466,264.82767733963607
2018-09-08 07:00:00+00:00,111.06974175141647,83.7829559411589,72.47491589900925,76.476046784703,343.8036603762876
2018-09-08 08:00:00+00:00,128.20749347358935,96.97518759088219,83.94714973150481,87.90934617103099,397.0391769670073
2018-09-08 09:00:00+00:00,136.68744587443254,103.2167592188622,89.53255501144811,93.30967180109599,422.74643190583885
2018-09-08 10:00:00+00:00,136.36985778271207,102.80421029386486,89.27071841197697,92.54712598499145,420.99191247354537
2018-09-08 11:00:00+00:00,126.81133332797117,95.48634618893693,83.18940953485335,67.73196794533838,373.21905699709987
2018-09-08 12:00:00+00:00,108.3057275444283,81.13827568645829,71.01821039054813,71.93740858226451,332.3996222036992
2018-09-08 13:00:00+00:00,80.55533419303183,60.10594696899336,53.04969156995038,52.64313893438733,246.3541116663629
2018-09-08 14:00:00+00:00,45.275872416639686,33.39347291353917,29.942676327325273,28.604274076573663,137.2162957340778
2018-09-08 15:00:00+00:00,7.748582811287928,5.525034230686908,5.496285515413475,4.487235075266474,23.257137632654782
2018-09-08 16:00:00+00:00,0.0,0.0,0.0,0.0,0.0
2018-09-08 17:00:00+00:00,0.0,0.0,0.0,0.0,0.0
2018-09-08 18:00:00+00:00,0.0,0.0,0.0,0.0,0.0
2018-09-08 19:00:00+00:00,0.0,0.0,0.0,0.0,0.0
2018-09-08 20:00:00+00:00,0.0,0.0,0.0,0.0,0.0
2018-09-08 21:00:00+00:00,0.0,0.0,0.0,0.0,0.0
2018-09-08 22:00:00+00:00,0.0,0.0,0.0,0.0,0.0
2018-09-08 23:00:00+00:00,0.0,0.0,0.0,0.0,0.0
2018-09-09 00:00:00+00:00,0.0,0.0,0.0,0.0,0.0
2018-09-09 01:00:00+00:00,0.0,0.0,0.0,0.0,0.0
2018-09-09 02:00:00+00:00,0.0,0.0,0.0,0.0,0.0
2018-09-09 03:00:00+00:00,2.3191800577434427,1.6781836481702148,1.3450219016949483,1.8963040358981915,7.238689643506797
2018-09-09 04:00:00+00:00,19.282191627833914,14.426970218510514,12.037715035218048,14.341837240363219,60.0887141219257
2018-09-09 05:00:00+00:00,53.68965855204935,40.17415870156963,34.539821561412424,36.484539391870925,164.88817820690232
2018-09-09 06:00:00+00:00,85.87235387468328,64.6764329727308,55.82247397009422,58.12178286369349,264.4930436812018
2018-09-09 07:00:00+00:00,111.17827946383818,83.90333442336441,72.62024966343395,75.30097125598948,343.00283480662597
2018-09-09 08:00:00+00:00,127.92113751529104,96.77769732711448,84.04625787877734,86.80282554146271,395.54791826264557
2018-09-09 09:00:00+00:00,136.05548690548403,102.91026284518487,89.33438162514447,92.26792729894407,420.5680586747575
2018-09-09 10:00:00+00:00,135.41615505091957,102.29896019232109,89.11065239182453,91.46853669236124,418.2943043274264
2018-09-09 11:00:00+00:00,125.77026394476586,94.97600028916126,82.74526744331757,84.33767871138897,387.82921038863367
2018-09-09 12:00:00+00:00,107.25612502626444,80.62926236683053,70.60525438477153,47.75813837177699,306.24878014964344
2018-09-09 13:00:00+00:00,79.81213009468208,59.75137085121119,52.74150692142069,52.27900100416288,244.58400887147684
2018-09-09 14:00:00+00:00,44.77073321502968,33.04728458434906,29.837366802945787,28.38421756717187,136.0396021694964
2018-09-09 15:00:00+00:00,7.471920577120911,5.316563090846022,5.247342371532657,4.290835950268255,22.326661989767842
2018-09-09 16:00:00+00:00,0.0,0.0,0.0,0.0,0.0
2018-09-09 17:00:00+00:00,0.0,0.0,0.0,0.0,0.0
2018-09-09 18:00:00+00:00,0.0,0.0,0.0,0.0,0.0
2018-09-09 19:00:00+00:00,0.0,0.0,0.0,0.0,0.0
2018-09-09 20:00:00+00:00,0.0,0.0,0.0,0.0,0.0
2018-09-09 21:00:00+00:00,0.0,0.0,0.0,0.0,0.0
2018-09-09 22:00:00+00:00,0.0,0.0,0.0,0.0,0.0
2018-09-09 23:00:00+00:00,0.0,0.0,0.0,0.0,0.0
2018-09-10 00:00:00+00:00,0.0,0.0,0.0,0.0,0.0
2018-09-10 01:00:00+00:00,0.0,0.0,0.0,0.0,0.0
2018-09-10 02:00:00+00:00,0.0,0.0,0.0,0.0,0.0
2018-09-10 03:00:00+00:00,2.1720590157516764,1.566800210680238,1.2452254337257767,1.7937109070168975,6.777795567174589
2018-09-10 04:00:00+00:00,19.449009333397818,14.57371737476186,12.203113169220646,14.4164738026625,60.642313680042825
2018-09-10 05:00:00+00:00,53.498464005804564,40.07748939368788,34.25345663208677,36.9116612352125,164.74107126679172
2018-09-10 06:00:00+00:00,85.43639830000458,64.22992369323545,55.316881037756794,58.92622637558787,263.9094294065847
2018-09-10 07:00:00+00:00,110.79923950439454,83.60548470999137,72.15788478344085,76.37140611569893,342.9340151135257
2018-09-10 08:00:00+00:00,127.60632362723244,96.58541580284671,83.53302863296452,87.81845787659353,395.54322593963724
2018-09-10 09:00:00+00:00,135.80180120290737,102.96184918910596,89.15279863069539,93.33233925098355,421.2487882736923
2018-09-10 10:00:00+00:00,134.99372604317546,102.34718417940644,88.78958565874437,92.43386857057672,418.564364451903
2018-09-10 11:00:00+00:00,125.39549232071104,94.9554865559959,82.58625454474426,85.04725012458289,387.9844835460341
2018-09-10 12:00:00+00:00,106.86857510766549,80.82646494880069,70.66817420213543,71.70416674566658,330.0673810042682
2018-09-10 13:00:00+00:00,79.45914652148375,59.972340926806,52.82073169748064,52.27529879248577,244.52751793825615
2018-09-10 14:00:00+00:00,44.693610429234866,33.45941858906869,29.91975670767216,28.314668183641807,136.38745390961753
2018-09-10 15:00:00+00:00,7.463519568616487,5.5014391732953465,5.332911435780598,4.01050108624583,22.308371263938263
2018-09-10 16:00:00+00:00,0.0,0.0,0.0,0.0,0.0
2018-09-10 17:00:00+00:00,0.0,0.0,0.0,0.0,0.0
2018-09-10 18:00:00+00:00,0.0,0.0,0.0,0.0,0.0
2018-09-10 19:00:00+00:00,0.0,0.0,0.0,0.0,0.0
2018-09-10 20:00:00+00:00,0.0,0.0,0.0,0.0,0.0
2018-09-10 21:00:00+00:00,0.0,0.0,0.0,0.0,0.0
2018-09-10 22:00:00+00:00,0.0,0.0,0.0,0.0,0.0
2018-09-10 23:00:00+00:00,0.0,0.0,0.0,0.0,0.0
2018-09-11 00:00:00+00:00,0.0,0.0,0.0,0.0,0.0
2018-09-11 01:00:00+00:00,0.0,0.0,0.0,0.0,0.0
2018-09-11 02:00:00+00:00,0.0,0.0,0.0,0.0,0.0
2018-09-11 03:00:00+00:00,2.166716503273815,1.4200390166355519,1.1501336416821717,1.7996163360463415,6.53650549763788
2018-09-11 04:00:00+00:00,19.500445285309183,14.79616801453954,12.286673817734634,14.164565163214503,60.74785228079786
2018-09-11 05:00:00+00:00,52.88761083890985,39.58300186916621,33.895520343132596,37.37078080789402,163.73691385910269
2018-09-11 06:00:00+00:00,84.44754370455459,63.39116827116322,54.71918914674294,59.3095787408072,261.86747986326793
2018-09-11 07:00:00+00:00,109.40926354091522,82.2897539758695,71.31370586502304,76.52661539932163,339.53933878112935
2018-09-11 08:00:00+00:00,125.74540764744232,94.81884890495017,82.35433496923709,88.01750130383297,390.93609282546254
2018-09-11 09:00:00+00:00,133.534052500649,100.73156340773994,87.66483741462947,93.24242864243658,415.17288196545496
2018-09-11 10:00:00+00:00,132.42735948814587,100.04571466998695,87.1802937863155,92.04279867508995,411.69616661953825
2018-09-11 11:00:00+00:00,122.5745416549541,92.6208603038163,81.11088542127777,84.98776320900964,381.2940505890578
2018-09-11 12:00:00+00:00,103.31810277993732,77.99577387981446,68.40694857012363,72.34492827169385,322.06575350156925
2018-09-11 13:00:00+00:00,76.2440488605218,57.261233787112864,50.64033516623268,53.18766516132099,237.33328297518835
2018-09-11 14:00:00+00:00,42.09997235939104,31.343456556291144,28.130801914381305,28.99780278953022,130.5720336195937
2018-09-11 15:00:00+00:00,6.092288614992395,4.440762499244538,4.434587355893652,3.992446708577652,18.960085178708237
2018-09-11 16:00:00+00:00,0.0,0.0,0.0,0.0,0.0
2018-09-11 17:00:00+00:00,0.0,0.0,0.0,0.0,0.0
2018-09-11 18:00:00+00:00,0.0,0.0,0.0,0.0,0.0
2018-09-11 19:00:00+00:00,0.0,0.0,0.0,0.0,0.0
2018-09-11 20:00:00+00:00,0.0,0.0,0.0,0.0,0.0
2018-09-11 21:00:00+00:00,0.0,0.0,0.0,0.0,0.0
2018-09-11 22:00:00+00:00,0.0,0.0,0.0,0.0,0.0
2018-09-11 23:00:00+00:00,0.0,0.0,0.0,0.0,0.0
2018-09-12 00:00:00+00:00,0.0,0.0,0.0,0.0,0.0
2018-09-12 01:00:00+00:00,0.0,0.0,0.0,0.0,0.0
2018-09-12 02:00:00+00:00,0.0,0.0,0.0,0.0,0.0
2018-09-12 03:00:00+00:00,1.8590006670994248,1.1988190291553298,0.8569243608874232,1.6795842174855737,5.594328274627752
2018-09-12 04:00:00+00:00,20.064656209503642,15.12088812776283,12.698658481269927,14.021295846352672,61.905498664889066
2018-09-12 05:00:00+00:00,51.17009388649714,38.31062936275504,30.385425237988045,36.134415581413435,156.00056406865366
2018-09-12 06:00:00+00:00,80.04321071646086,60.16872901297623,51.56785010892371,56.94958375482817,248.72937359318894
2018-09-12 07:00:00+00:00,102.66031241479948,77.56835373692994,66.79702438225813,73.18501521334514,320.21070574733267
2018-09-12 08:00:00+00:00,117.5193081928565,88.84350308332395,76.76254788744602,83.8084324787813,366.93379164240775
2018-09-12 09:00:00+00:00,104.75635987584127,93.97814282912526,81.54711290992954,88.6099238567391,368.89153947163516
2018-09-12 10:00:00+00:00,121.60843395676561,92.16473120563278,79.9883769646605,86.85920753685349,380.62074966391236
2018-09-12 11:00:00+00:00,64.20741164774991,56.988761002970875,72.02998812749685,79.08526622375919,272.3114270019768
2018-09-12 12:00:00+00:00,84.49840754286721,64.9602267781512,56.90712901143366,63.849900738210586,270.2156640706626
2018-09-12 13:00:00+00:00,58.127211537171505,44.66529690835078,40.17408584301639,23.89825085115033,166.864845139689
2018-09-12 14:00:00+00:00,28.173168518780535,21.404132117357985,20.331774943977575,20.137379692497067,90.04645527261316
2018-09-12 15:00:00+00:00,1.681328101190942,1.42999247564634,1.7003775398589467,0.9944966395266974,5.806194756222926
2018-09-12 16:00:00+00:00,0.0,0.0,0.0,0.0,0.0
2018-09-12 17:00:00+00:00,0.0,0.0,0.0,0.0,0.0
2018-09-12 18:00:00+00:00,0.0,0.0,0.0,0.0,0.0
2018-09-12 19:00:00+00:00,0.0,0.0,0.0,0.0,0.0
2018-09-12 20:00:00+00:00,0.0,0.0,0.0,0.0,0.0
2018-09-12 21:00:00+00:00,0.0,0.0,0.0,0.0,0.0
2018-09-12 22:00:00+00:00,0.0,0.0,0.0,0.0,0.0
2018-09-12 23:00:00+00:00,0.0,0.0,0.0,0.0,0.0
2018-09-13 00:00:00+00:00,0.0,0.0,0.0,0.0,0.0
2018-09-13 01:00:00+00:00,0.0,0.0,0.0,0.0,0.0
2018-09-13 02:00:00+00:00,0.0,0.0,0.0,0.0,0.0
2018-09-13 03:00:00+00:00,0.7028236125661413,0.37256758822132047,0.3770278457950529,0.5842254279569994,2.0366444745395142
2018-09-13 04:00:00+00:00,7.08200886525997,12.391109910135123,5.121531344041206,14.020435441872653,38.61508556130895
2018-09-13 05:00:00+00:00,48.370193746701204,29.19283878788577,29.5477120875763,32.686087350104486,139.79683197226774
2018-09-13 06:00:00+00:00,71.79578847410039,56.986312979296294,30.789586165635388,51.108134614116814,210.67982223314888
2018-09-13 07:00:00+00:00,98.53725822320106,65.24274804194266,63.32768774955389,65.92100415388296,293.0286981685806
2018-09-13 08:00:00+00:00,113.26286222471421,79.31822122533839,72.85455912466429,75.47158079449721,340.9072233692141
2018-09-13 09:00:00+00:00,96.29473978949875,90.58954430157542,78.3913643382129,79.68208247867314,344.9577309079602
2018-09-13 10:00:00+00:00,118.11870598322724,66.42497689426901,77.05916597694103,67.44880771803243,329.0516565724697
2018-09-13 11:00:00+00:00,98.98403533765605,38.0720761730877,70.88096862459439,71.61855186347373,279.55563199881186
2018-09-13 12:00:00+00:00,89.67435685911497,21.101255110550213,58.59980801782953,58.147898714804036,227.52331870229872
2018-09-13 13:00:00+00:00,62.7166603823504,46.41371021931152,41.16910948703042,37.64014210778799,187.93962219648034
2018-09-13 14:00:00+00:00,30.348264217322537,22.554429157317774,20.43899595764111,3.327622201448304,76.66931153372973
2018-09-13 15:00:00+00:00,2.038785343696887,1.4649032765519285,1.6251044412415347,0.7508932896308287,5.87968635112118
2018-09-13 16:00:00+00:00,0.0,0.0,0.0,0.0,0.0
2018-09-13 17:00:00+00:00,0.0,0.0,0.0,0.0,0.0
2018-09-13 18:00:00+00:00,0.0,0.0,0.0,0.0,0.0
2018-09-13 19:00:00+00:00,0.0,0.0,0.0,0.0,0.0
2018-09-13 20:00:00+00:00,0.0,0.0,0.0,0.0,0.0
2018-09-13 21:00:00+00:00,0.0,0.0,0.0,0.0,0.0
2018-09-13 22:00:00+00:00,0.0,0.0,0.0,0.0,0.0
2018-09-13 23:00:00+00:00,0.0,0.0,0.0,0.0,0.0
2018-09-14 00:00:00+00:00,0.0,0.0,0.0,0.0,0.0
2018-09-14 01:00:00+00:00,0.0,0.0,0.0,0.0,0.0
2018-09-14 02:00:00+00:00,0.0,0.0,0.0,0.0,0.0
2018-09-14 03:00:00+00:00,0.7196772216171499,0.3808413655232489,0.28660224509482557,0.6973098532792601,2.0844306855144845
2018-09-14 04:00:00+00:00,20.18059502488887,15.075013541900336,12.649792386963503,14.357593772550459,62.26299472630317
2018-09-14 05:00:00+00:00,49.2933446926978,36.88037542096683,31.595807526918236,34.63079053849312,152.40031817907598
2018-09-14 06:00:00+00:00,78.22808072951936,58.78027190708046,50.54353439853728,55.16249079347368,242.7143778286108
2018-09-14 07:00:00+00:00,101.61157104290324,76.83722992797664,66.11906563153973,71.90190525658281,316.46977185900244
2018-09-14 08:00:00+00:00,117.44655128097394,89.02657310234045,76.86848225092999,83.30617987243669,366.6477865066811
2018-09-14 09:00:00+00:00,124.61837141315394,94.80251613014383,81.62763838183375,90.07378113004957,391.12230705518107
2018-09-14 10:00:00+00:00,123.22975521626685,93.6597649217446,80.90650966781355,88.99451323558232,386.7905430414073
2018-09-14 11:00:00+00:00,113.12806552056767,86.05225085613897,74.56388386727141,81.96016762131346,355.70436786529154
2018-09-14 12:00:00+00:00,95.42643896807445,73.16738467050774,63.195496005738846,69.11823204871462,300.90755169303566
2018-09-14 13:00:00+00:00,68.67085663924067,52.70890074934273,45.896601007370165,50.059841338288315,217.3361997342419
2018-09-14 14:00:00+00:00,34.95367798564277,26.860303396038702,23.651903425765212,26.151395475285298,111.61728028273198
2018-09-14 15:00:00+00:00,2.781239023101117,2.175148457319311,2.187523505391535,2.4258687862279196,9.569779772039883
2018-09-14 16:00:00+00:00,0.0,0.0,0.0,0.0,0.0
2018-09-14 17:00:00+00:00,0.0,0.0,0.0,0.0,0.0
2018-09-14 18:00:00+00:00,0.0,0.0,0.0,0.0,0.0
2018-09-14 19:00:00+00:00,0.0,0.0,0.0,0.0,0.0
2018-09-14 20:00:00+00:00,0.0,0.0,0.0,0.0,0.0
2018-09-14 21:00:00+00:00,0.0,0.0,0.0,0.0,0.0
2018-09-14 22:00:00+00:00,0.0,0.0,0.0,0.0,0.0
2018-09-14 23:00:00+00:00,0.0,0.0,0.0,0.0,0.0
2018-09-15 00:00:00+00:00,0.0,0.0,0.0,0.0,0.0
2018-09-15 01:00:00+00:00,0.0,0.0,0.0,0.0,0.0
2018-09-15 02:00:00+00:00,0.0,0.0,0.0,0.0,0.0
2018-09-15 03:00:00+00:00,1.3039314868839378,0.7674968071525365,0.0,1.5102563449482882,3.5816846389847625
2018-09-15 04:00:00+00:00,20.14213556345382,14.915837104520914,12.653266547805522,14.48111250459544,62.1923517203757
2018-09-15 05:00:00+00:00,51.53517552435579,38.58661353859725,33.07562201333444,38.23296789353849,161.43037896982597
2018-09-15 06:00:00+00:00,81.82760489063529,61.761187708535005,52.93807027754362,60.515298356807286,257.0421612335212
2018-09-15 07:00:00+00:00,105.93262949599233,80.09225737489109,68.90428084803979,77.97656852605209,332.9057362449753
2018-09-15 08:00:00+00:00,121.70877291961106,92.35951068209901,79.75170999741148,89.12609831249178,382.94609191161334
2018-09-15 09:00:00+00:00,127.3330032499783,96.74026854065899,83.78196274128851,94.32695578795077,402.18219031987655
2018-09-15 10:00:00+00:00,125.42241819082767,95.52818713512319,82.85807592534742,92.45408615517715,396.2627674064754
2018-09-15 11:00:00+00:00,114.94232608886662,87.4090131768587,76.0722047090131,84.59738085806526,363.0209248328037
2018-09-15 12:00:00+00:00,99.46255804038657,75.92496520399449,65.98937856461004,72.08357542557428,313.46047723456536
2018-09-15 13:00:00+00:00,72.04038404833632,54.881810945348,47.71942095278529,52.364988078096715,227.00660402456634
2018-09-15 14:00:00+00:00,37.200711045184335,28.41632748685553,24.711217716107473,27.83415865824184,118.16241490638916
2018-09-15 15:00:00+00:00,3.025568029164864,2.3885154264147683,2.179545440759391,2.83512308856979,10.428751984908814
2018-09-15 16:00:00+00:00,0.0,0.0,0.0,0.0,0.0
2018-09-15 17:00:00+00:00,0.0,0.0,0.0,0.0,0.0
2018-09-15 18:00:00+00:00,0.0,0.0,0.0,0.0,0.0
2018-09-15 19:00:00+00:00,0.0,0.0,0.0,0.0,0.0
2018-09-15 20:00:00+00:00,0.0,0.0,0.0,0.0,0.0
2018-09-15 21:00:00+00:00,0.0,0.0,0.0,0.0,0.0
2018-09-15 22:00:00+00:00,0.0,0.0,0.0,0.0,0.0
2018-09-15 23:00:00+00:00,0.0,0.0,0.0,0.0,0.0
2018-09-16 00:00:00+00:00,0.0,0.0,0.0,0.0,0.0
2018-09-16 01:00:00+00:00,0.0,0.0,0.0,0.0,0.0
2018-09-16 02:00:00+00:00,0.0,0.0,0.0,0.0,0.0
2018-09-16 03:00:00+00:00,0.8655339365424946,0.5343094264041236,0.0,1.1987403543456203,2.5985837172922386
2018-09-16 04:00:00+00:00,20.039124820371768,14.90421474070006,12.754186556403333,14.285313606473073,61.98283972394823
2018-09-16 05:00:00+00:00,50.04307278835626,37.54040981928672,32.27812903558489,35.63735385541465,155.49896549864255
2018-09-16 06:00:00+00:00,79.1887963872235,59.76110134584768,51.401261561353124,56.44965135174379,246.8008106461681
2018-09-16 07:00:00+00:00,102.15571313587509,77.29660720962602,66.93560035066142,72.98432311139487,319.3722438075574
2018-09-16 08:00:00+00:00,117.19106247428837,88.85977625547368,77.29044492093968,83.9442929851435,367.28557663584525
2018-09-16 09:00:00+00:00,126.0252996564057,96.05733079625446,83.36754287701687,90.97564469717342,396.4258180268505
2018-09-16 10:00:00+00:00,124.16676426955958,94.8135808477463,82.40878837043279,89.76435731303374,391.1534908007724
2018-09-16 11:00:00+00:00,113.49479311643168,86.98915794773849,75.63403020721759,82.68398990883897,358.8019711802267
2018-09-16 12:00:00+00:00,93.22520065577399,72.21463431679781,62.679414464286644,70.17758894650993,298.29683838336837
2018-09-16 13:00:00+00:00,65.59431757527112,51.17522000509858,44.9763112132941,51.06836098654902,212.81420978021282
2018-09-16 14:00:00+00:00,31.929777123110703,25.3293326324833,22.815823448584723,26.792318310822402,106.86725151500113
2018-09-16 15:00:00+00:00,1.7685163425296162,1.550759575338913,1.6741861325804768,2.2200266383502667,7.213488688799273
2018-09-16 16:00:00+00:00,0.0,0.0,0.0,0.0,0.0
2018-09-16 17:00:00+00:00,0.0,0.0,0.0,0.0,0.0
2018-09-16 18:00:00+00:00,0.0,0.0,0.0,0.0,0.0
2018-09-16 19:00:00+00:00,0.0,0.0,0.0,0.0,0.0
2018-09-16 20:00:00+00:00,0.0,0.0,0.0,0.0,0.0
2018-09-16 21:00:00+00:00,0.0,0.0,0.0,0.0,0.0
2018-09-16 22:00:00+00:00,0.0,0.0,0.0,0.0,0.0
2018-09-16 23:00:00+00:00,0.0,0.0,0.0,0.0,0.0
2018-09-17 00:00:00+00:00,0.0,0.0,0.0,0.0,0.0
2018-09-17 01:00:00+00:00,0.0,0.0,0.0,0.0,0.0
2018-09-17 02:00:00+00:00,0.0,0.0,0.0,0.0,0.0
2018-09-17 03:00:00+00:00,1.0112701839953369,0.6105767433625903,0.0,1.1476276196442603,2.7694745470021873
2018-09-17 04:00:00+00:00,20.08604881328952,15.123961353021162,12.716185318080392,14.465200379974632,62.391395864365705
2018-09-17 05:00:00+00:00,51.47674863923875,38.56243845279085,33.04928260245125,36.57653419385956,159.66500388834044
2018-09-17 06:00:00+00:00,81.7366863409819,61.7780207656001,53.09240012424927,57.97928389950789,254.58639113033917
2018-09-17 07:00:00+00:00,105.75029209649054,80.22154890454661,69.25307401784328,75.0220150821859,330.24693010106637
2018-09-17 08:00:00+00:00,121.64654512010458,92.37659189282033,79.96051376520083,86.17085397509402,380.1545047532197
2018-09-17 09:00:00+00:00,127.94047006518957,97.86503852140021,84.95612083955251,91.61280791487593,402.3744373410182
2018-09-17 10:00:00+00:00,126.41328235816763,96.77008476307152,84.26404326037803,90.24193454898031,397.6893449305975
2018-09-17 11:00:00+00:00,116.23833735759925,88.92778247692084,77.49888403039878,82.71266007044943,365.3776639353683
2018-09-17 12:00:00+00:00,97.10377163504407,74.21463669879806,65.05026088490085,69.23452081610054,305.6031900348435
2018-09-17 13:00:00+00:00,69.41082651397019,52.88091866102803,46.734156626705065,49.92716906720482,218.95307086890813
2018-09-17 14:00:00+00:00,34.67446465860043,26.334860148857143,23.815150965769586,25.521895111647066,110.34637088487423
2018-09-17 15:00:00+00:00,1.9057305247604714,1.4936992072143513,1.7270788669744754,1.5481038562721434,6.674612455221442
2018-09-17 16:00:00+00:00,0.0,0.0,0.0,0.0,0.0
2018-09-17 17:00:00+00:00,0.0,0.0,0.0,0.0,0.0
2018-09-17 18:00:00+00:00,0.0,0.0,0.0,0.0,0.0
2018-09-17 19:00:00+00:00,0.0,0.0,0.0,0.0,0.0
2018-09-17 20:00:00+00:00,0.0,0.0,0.0,0.0,0.0
2018-09-17 21:00:00+00:00,0.0,0.0,0.0,0.0,0.0
2018-09-17 22:00:00+00:00,0.0,0.0,0.0,0.0,0.0
2018-09-17 23:00:00+00:00,0.0,0.0,0.0,0.0,0.0
2018-09-18 00:00:00+00:00,0.0,0.0,0.0,0.0,0.0
2018-09-18 01:00:00+00:00,0.0,0.0,0.0,0.0,0.0
2018-09-18 02:00:00+00:00,0.0,0.0,0.0,0.0,0.0
2018-09-18 03:00:00+00:00,1.1502349017701516,0.6107832765141991,0.0,1.0958698340356863,2.856888012320037
2018-09-18 04:00:00+00:00,19.993104645277985,15.12504875154714,12.685260068224773,14.392128594482575,62.19554205953247
2018-09-18 05:00:00+00:00,51.99609242939849,39.12522264296924,33.556973748701395,36.63003114596819,161.30831996703733
2018-09-18 06:00:00+00:00,82.44539774713282,62.37933919405151,53.777285857863475,58.17393500990879,256.7759578089566
2018-09-18 07:00:00+00:00,106.50398087697305,80.88008695247566,69.97683983704569,74.89960188099073,332.2605095474852
2018-09-18 08:00:00+00:00,122.36862614129018,93.17744048306515,80.8883216791959,85.94044065871165,382.3748289622629
2018-09-18 09:00:00+00:00,130.7368499647798,99.75882134188137,86.61586849712019,91.77606906838332,408.88760887216466
2018-09-18 10:00:00+00:00,129.90961684989148,98.84322834056297,85.80294346385284,91.01432636898349,405.5701150232908
2018-09-18 11:00:00+00:00,120.17685367077925,91.09760660127236,79.43488593634126,83.94370510973384,374.6530513181267
2018-09-18 12:00:00+00:00,97.47105157253603,74.39916102505225,65.24600681002902,70.22917050352925,307.3453899111465
2018-09-18 13:00:00+00:00,70.23050496189761,53.49443345217259,47.5275445544142,50.2910123681891,221.54349533667352
2018-09-18 14:00:00+00:00,35.71795048673973,26.931404944298574,24.400574599295677,25.474867894328632,112.52479792466261
2018-09-18 15:00:00+00:00,1.9008665625006271,1.4653991434187361,1.6000555058585915,1.4427629015739851,6.40908411335194
2018-09-18 16:00:00+00:00,0.0,0.0,0.0,0.0,0.0
2018-09-18 17:00:00+00:00,0.0,0.0,0.0,0.0,0.0
2018-09-18 18:00:00+00:00,0.0,0.0,0.0,0.0,0.0
2018-09-18 19:00:00+00:00,0.0,0.0,0.0,0.0,0.0
2018-09-18 20:00:00+00:00,0.0,0.0,0.0,0.0,0.0
2018-09-18 21:00:00+00:00,0.0,0.0,0.0,0.0,0.0
2018-09-18 22:00:00+00:00,0.0,0.0,0.0,0.0,0.0
2018-09-18 23:00:00+00:00,0.0,0.0,0.0,0.0,0.0
2018-09-19 00:00:00+00:00,0.0,0.0,0.0,0.0,0.0
2018-09-19 01:00:00+00:00,0.0,0.0,0.0,0.0,0.0
2018-09-19 02:00:00+00:00,0.0,0.0,0.0,0.0,0.0
2018-09-19 03:00:00+00:00,0.0,0.686562467204393,0.0,0.997794073045134,1.684356540249527
2018-09-19 04:00:00+00:00,19.845932605009885,14.815628984920448,12.427508373715549,14.53333634195319,61.622406305599064
2018-09-19 05:00:00+00:00,52.102154889617815,39.15398458674184,33.4117618815665,37.114159312717646,161.7820606706438
2018-09-19 06:00:00+00:00,83.0714003846485,62.787196397251634,53.805013368003976,58.97163428389909,258.6352444338032
2018-09-19 07:00:00+00:00,107.42052129242282,81.59736789487258,69.96614412562474,76.15344130075594,335.1374746136761
2018-09-19 08:00:00+00:00,123.68349988380064,94.0850230728038,80.86103155710786,87.3942869828187,386.023841496531
2018-09-19 09:00:00+00:00,131.36292613401795,99.91040241425351,86.01228157174108,93.16147110761759,410.4470812276302
2018-09-19 10:00:00+00:00,129.6279298038932,98.69055587166724,85.20018123789933,91.87162381014653,405.3902907236063
2018-09-19 11:00:00+00:00,119.14986885779697,90.49308819030756,78.19565461495928,84.20329502523342,372.0419066882972
2018-09-19 12:00:00+00:00,100.17298150983217,76.26817158567025,66.3321567162071,70.7045722725717,313.4778820842812
2018-09-19 13:00:00+00:00,71.90833916130248,54.66775765605313,47.958886017092986,50.68779908949207,225.2227819239407
2018-09-19 14:00:00+00:00,36.12801089728954,27.413362981553192,24.469200095353568,25.675529915187198,113.6861038893835
2018-09-19 15:00:00+00:00,1.7577830005818174,1.4152461577579816,1.4914719685084634,0.0,4.664501126848262
2018-09-19 16:00:00+00:00,0.0,0.0,0.0,0.0,0.0
2018-09-19 17:00:00+00:00,0.0,0.0,0.0,0.0,0.0
2018-09-19 18:00:00+00:00,0.0,0.0,0.0,0.0,0.0
2018-09-19 19:00:00+00:00,0.0,0.0,0.0,0.0,0.0
2018-09-19 20:00:00+00:00,0.0,0.0,0.0,0.0,0.0
2018-09-19 21:00:00+00:00,0.0,0.0,0.0,0.0,0.0
2018-09-19 22:00:00+00:00,0.0,0.0,0.0,0.0,0.0
2018-09-19 23:00:00+00:00,0.0,0.0,0.0,0.0,0.0
2018-09-20 00:00:00+00:00,0.0,0.0,0.0,0.0,0.0
2018-09-20 01:00:00+00:00,0.0,0.0,0.0,0.0,0.0
2018-09-20 02:00:00+00:00,0.0,0.0,0.0,0.0,0.0
2018-09-20 03:00:00+00:00,0.0,0.0,0.0,1.1008409483283388,1.1008409483283388
2018-09-20 04:00:00+00:00,19.691533280543005,14.691118536408482,12.318112272887236,14.592073881243163,61.29283797108188
2018-09-20 05:00:00+00:00,50.99332056611632,38.23479882348295,32.65394852060182,37.92635452172934,159.80842243193044
2018-09-20 06:00:00+00:00,81.12752902052111,61.283484067852584,52.59448016812451,59.893626941539914,254.8991201980381
2018-09-20 07:00:00+00:00,105.10636741532714,79.54925554897436,68.44253937986608,76.96812529087353,330.06628763504114
2018-09-20 08:00:00+00:00,120.60143732152275,91.5245143171992,78.86154821439314,88.2538592361132,379.2413590892283
2018-09-20 09:00:00+00:00,128.39253979009803,97.84047721788438,84.42226699003854,93.95272321425352,404.6080072122745
2018-09-20 10:00:00+00:00,126.41978274902064,96.21199741172909,83.36482966253683,92.78473087007694,398.7813406933635
2018-09-20 11:00:00+00:00,115.57177923499935,71.5635172580404,76.43581801053763,85.38353089735568,348.9546454009331
2018-09-20 12:00:00+00:00,96.69932055064135,66.14373041923028,63.70997835743567,71.97423894686199,298.5272682741693
2018-09-20 13:00:00+00:00,68.20294664075348,51.67516052321343,44.965691394308514,52.060614624606245,216.90441318288168
2018-09-20 14:00:00+00:00,32.49847628981972,24.505591664960217,21.72326352804093,26.54823459137829,105.27556607419916
2018-09-20 15:00:00+00:00,0.0,0.2023750811460323,0.7953837292604276,0.0,0.9977588104064599
2018-09-20 16:00:00+00:00,0.0,0.0,0.0,0.0,0.0
2018-09-20 17:00:00+00:00,0.0,0.0,0.0,0.0,0.0
2018-09-20 18:00:00+00:00,0.0,0.0,0.0,0.0,0.0
2018-09-20 19:00:00+00:00,0.0,0.0,0.0,0.0,0.0
2018-09-20 20:00:00+00:00,0.0,0.0,0.0,0.0,0.0
2018-09-20 21:00:00+00:00,0.0,0.0,0.0,0.0,0.0
2018-09-20 22:00:00+00:00,0.0,0.0,0.0,0.0,0.0
2018-09-20 23:00:00+00:00,0.0,0.0,0.0,0.0,0.0
2018-09-21 00:00:00+00:00,0.0,0.0,0.0,0.0,0.0
2018-09-21 01:00:00+00:00,0.0,0.0,0.0,0.0,0.0
2018-09-21 02:00:00+00:00,0.0,0.0,0.0,0.0,0.0
2018-09-21 03:00:00+00:00,0.0,0.0,0.0,0.7008478966743331,0.7008478966743331
2018-09-21 04:00:00+00:00,19.607338078294674,14.587003747213746,12.209147898650075,14.321409885028427,60.72489960918692
2018-09-21 05:00:00+00:00,49.78582650139684,37.21907124026263,31.825110856840045,36.600509627972876,155.4305182264724
2018-09-21 06:00:00+00:00,78.9742923409404,59.38622514685635,51.15455357433322,57.96793981940303,247.483010881533
2018-09-21 07:00:00+00:00,102.2239542802563,77.03726097757973,66.6909541083347,74.81045445850455,320.7626238246753
2018-09-21 08:00:00+00:00,117.40991590450807,88.7116173796731,67.30216499410716,85.87583855781787,359.2995368361062
2018-09-21 09:00:00+00:00,121.97743185448763,92.51476246222734,80.13814601859433,91.96141957654027,386.5917599118496
2018-09-21 10:00:00+00:00,119.66779845963657,90.97843744432777,79.15765218958174,90.29526805545464,380.09915614900075
2018-09-21 11:00:00+00:00,109.09092642105126,82.82360071053762,72.38410712992496,82.5446486082204,346.84328286973425
2018-09-21 12:00:00+00:00,80.6117511382077,69.86807692726681,41.31592882828123,69.34773608243297,261.1434929761887
2018-09-21 13:00:00+00:00,39.08082770920308,29.758472087247366,21.660735036468452,49.366490903252256,139.86652573617116
2018-09-21 14:00:00+00:00,1.7496297519660053,22.85906148163222,10.067946197835797,24.416666918966477,59.0933043504005
2018-09-21 15:00:00+00:00,0.0,0.20725974843195757,0.5978550179915098,0.0,0.8051147664234674
2018-09-21 16:00:00+00:00,0.0,0.0,0.0,0.0,0.0
2018-09-21 17:00:00+00:00,0.0,0.0,0.0,0.0,0.0
2018-09-21 18:00:00+00:00,0.0,0.0,0.0,0.0,0.0
2018-09-21 19:00:00+00:00,0.0,0.0,0.0,0.0,0.0
2018-09-21 20:00:00+00:00,0.0,0.0,0.0,0.0,0.0
2018-09-21 21:00:00+00:00,0.0,0.0,0.0,0.0,0.0
2018-09-21 22:00:00+00:00,0.0,0.0,0.0,0.0,0.0
2018-09-21 23:00:00+00:00,0.0,0.0,0.0,0.0,0.0
2018-09-22 00:00:00+00:00,0.0,0.0,0.0,0.0,0.0
2018-09-22 01:00:00+00:00,0.0,0.0,0.0,0.0,0.0
2018-09-22 02:00:00+00:00,0.0,0.0,0.0,0.0,0.0
2018-09-22 03:00:00+00:00,0.0,0.0,0.0,0.40043616164427187,0.40043616164427187
2018-09-22 04:00:00+00:00,19.524293662597316,14.499156514526042,12.431361781954914,14.574813080237778,61.029625039316045
2018-09-22 05:00:00+00:00,49.66704982015624,37.2594640429958,31.86136337849128,37.29591213582378,156.0837893774671
2018-09-22 06:00:00+00:00,78.6075143865061,59.46422002783372,50.82148468238535,59.1783650338256,248.07158413055075
2018-09-22 07:00:00+00:00,101.46940474396484,77.07913096160388,66.09351253783508,76.330733235725,320.9727814791288
2018-09-22 08:00:00+00:00,116.42907653044603,88.65763845551754,76.06999123072777,87.33886544460674,368.4955716612981
2018-09-22 09:00:00+00:00,124.59558998052628,95.25064039868725,81.93606673915491,93.03814780301002,394.82044492137845
2018-09-22 10:00:00+00:00,122.36430944148648,93.40012021111069,80.5275093909412,91.83378628993655,388.1257253334749
2018-09-22 11:00:00+00:00,111.00287599910833,84.61384343973882,73.02211633241262,84.07012742683304,352.7089631980928
2018-09-22 12:00:00+00:00,91.31747026118919,69.83484238812433,60.07041946759945,70.72789148844973,291.9506236053627
2018-09-22 13:00:00+00:00,62.524797486430984,47.86814916110578,41.45235543317508,50.53477667973229,202.38007876044412
2018-09-22 14:00:00+00:00,27.69937183790025,21.31035231997533,18.65092339590706,25.11825687047083,92.77890442425347
2018-09-22 15:00:00+00:00,0.0,0.06582365806287178,0.0,0.0,0.06582365806287178
2018-09-22 16:00:00+00:00,0.0,0.0,0.0,0.0,0.0
2018-09-22 17:00:00+00:00,0.0,0.0,0.0,0.0,0.0
2018-09-22 18:00:00+00:00,0.0,0.0,0.0,0.0,0.0
2018-09-22 19:00:00+00:00,0.0,0.0,0.0,0.0,0.0
2018-09-22 20:00:00+00:00,0.0,0.0,0.0,0.0,0.0
2018-09-22 21:00:00+00:00,0.0,0.0,0.0,0.0,0.0
2018-09-22 22:00:00+00:00,0.0,0.0,0.0,0.0,0.0
2018-09-22 23:00:00+00:00,0.0,0.0,0.0,0.0,0.0
2018-09-23 00:00:00+00:00,0.0,0.0,0.0,0.0,0.0
2018-09-23 01:00:00+00:00,0.0,0.0,0.0,0.0,0.0
2018-09-23 02:00:00+00:00,0.0,0.0,0.0,0.0,0.0
2018-09-23 03:00:00+00:00,0.0,0.0,0.0,0.0,0.0
2018-09-23 04:00:00+00:00,19.467641387507495,14.268545698899333,12.232456610657195,14.262454281507054,60.23109797857108
2018-09-23 05:00:00+00:00,49.44858873007588,36.801111765757966,31.57316897969737,37.021117187096095,154.84398666262732
2018-09-23 06:00:00+00:00,78.3199163360428,58.63010612467411,50.267978941610764,58.286065325917036,245.5040667282447
2018-09-23 07:00:00+00:00,101.12086430099751,75.93602613617416,65.42076319401812,74.63765779940695,317.11531143059676
2018-09-23 08:00:00+00:00,115.81106160368498,87.17585169972955,75.41233194860614,85.24060875096039,363.63985400298105
2018-09-23 09:00:00+00:00,120.75818871626711,91.82349620256078,79.72068634616808,90.26983288523778,382.5722041502337
2018-09-23 10:00:00+00:00,118.69469340478352,90.14501050329962,79.01630708447026,88.19809975905714,376.05411075161055
2018-09-23 11:00:00+00:00,108.06211267533729,82.00471990824828,72.08994131675243,79.77298639434122,341.92976029467917
2018-09-23 12:00:00+00:00,84.1108792231772,64.43017181026549,57.173045869824556,65.34204909641701,271.05614599968425
2018-09-23 13:00:00+00:00,56.7437598853533,43.79367111746038,39.31186854781301,44.75865139220289,184.60795094282958
2018-09-23 14:00:00+00:00,23.97607783330845,18.6971169172003,17.47048545925584,20.068051823812716,80.2117320335773
2018-09-23 15:00:00+00:00,0.0,0.0,0.0,0.0,0.0
2018-09-23 16:00:00+00:00,0.0,0.0,0.0,0.0,0.0
2018-09-23 17:00:00+00:00,0.0,0.0,0.0,0.0,0.0
2018-09-23 18:00:00+00:00,0.0,0.0,0.0,0.0,0.0
2018-09-23 19:00:00+00:00,0.0,0.0,0.0,0.0,0.0
2018-09-23 20:00:00+00:00,0.0,0.0,0.0,0.0,0.0
2018-09-23 21:00:00+00:00,0.0,0.0,0.0,0.0,0.0
2018-09-23 22:00:00+00:00,0.0,0.0,0.0,0.0,0.0
2018-09-23 23:00:00+00:00,0.0,0.0,0.0,0.0,0.0
2018-09-24 00:00:00+00:00,0.0,0.0,0.0,0.0,0.0
2018-09-24 01:00:00+00:00,0.0,0.0,0.0,0.0,0.0
2018-09-24 02:00:00+00:00,0.0,0.0,0.0,0.0,0.0
2018-09-24 03:00:00+00:00,0.0,0.0,0.0,0.0,0.0
2018-09-24 04:00:00+00:00,19.576730096742285,14.518705630501085,12.247236753829837,13.9066634029209,60.24933588399411
2018-09-24 05:00:00+00:00,50.503654207311726,37.70653673449761,32.50352155800442,36.097655531731384,156.81136803154516
2018-09-24 06:00:00+00:00,80.47081437179828,60.263419819049076,52.33716796966308,57.14566522690248,250.21706738741292
2018-09-24 07:00:00+00:00,103.8790235333937,78.21135993936866,68.19510251030162,73.70324246764594,323.9887284507099
2018-09-24 08:00:00+00:00,119.25028162526746,90.02226021552845,78.34447071193196,84.53118144797197,372.1481940006998
2018-09-24 09:00:00+00:00,126.93051706001734,96.41077245382584,83.72674789739698,91.57501150213128,398.64304891337144
2018-09-24 10:00:00+00:00,125.01712291121572,94.83651922445199,82.74754587416085,89.89503203303894,392.4962200428675
2018-09-24 11:00:00+00:00,114.21882173433713,86.58693745967085,75.75980466466713,82.3638902898222,358.92945414849726
2018-09-24 12:00:00+00:00,94.8816680509227,71.38859331444354,62.701791431710134,68.6144943962592,297.5865471933356
2018-09-24 13:00:00+00:00,66.51439478222194,49.86042612363947,43.93225482312012,48.65053642726606,208.9576121562476
2018-09-24 14:00:00+00:00,30.778300007318393,22.96644033307749,20.640947040816037,23.536417742478527,97.92210512369044
2018-09-24 15:00:00+00:00,0.0,0.0,0.0,0.0,0.0
2018-09-24 16:00:00+00:00,0.0,0.0,0.0,0.0,0.0
2018-09-24 17:00:00+00:00,0.0,0.0,0.0,0.0,0.0
2018-09-24 18:00:00+00:00,0.0,0.0,0.0,0.0,0.0
2018-09-24 19:00:00+00:00,0.0,0.0,0.0,0.0,0.0
2018-09-24 20:00:00+00:00,0.0,0.0,0.0,0.0,0.0
2018-09-24 21:00:00+00:00,0.0,0.0,0.0,0.0,0.0
2018-09-24 22:00:00+00:00,0.0,0.0,0.0,0.0,0.0
2018-09-24 23:00:00+00:00,0.0,0.0,0.0,0.0,0.0
2018-09-25 00:00:00+00:00,0.0,0.0,0.0,0.0,0.0
2018-09-25 01:00:00+00:00,0.0,0.0,0.0,0.0,0.0
2018-09-25 02:00:00+00:00,0.0,0.0,0.0,0.0,0.0
2018-09-25 03:00:00+00:00,0.0,0.0,0.0,0.0,0.0
2018-09-25 04:00:00+00:00,19.83895579150952,14.765505977763302,12.446528696376284,14.036705135501979,61.08769560115108
2018-09-25 05:00:00+00:00,52.16239507768407,38.87331362169486,33.421234252451775,36.827512393754446,161.28445534558517
2018-09-25 06:00:00+00:00,82.85809250195946,62.242626557375786,53.60693574297151,58.10528359425374,256.81293839656047
2018-09-25 07:00:00+00:00,106.63648766236297,80.58747376314402,69.4411509397458,74.76754344317392,331.43265580842666
2018-09-25 08:00:00+00:00,122.50591986699142,92.57185494487337,79.95612920077275,85.35129984530425,380.3852038579418
2018-09-25 09:00:00+00:00,129.56418476440683,98.36215811415443,84.9479584013807,90.63944818527521,403.5137494652172
2018-09-25 10:00:00+00:00,127.95868844619457,96.96553341427473,83.71737316803065,89.22165977090083,397.86325479940075
2018-09-25 11:00:00+00:00,117.34180873406112,88.38247006808537,76.53390557112803,81.49541353968513,363.75359791295966
2018-09-25 12:00:00+00:00,97.20969531694337,73.76308238552224,63.56933758435196,67.92058939065248,302.46270467747
2018-09-25 13:00:00+00:00,68.29565757351212,51.8547264393075,44.94322449754788,47.88726201193635,212.98087052230383
2018-09-25 14:00:00+00:00,32.02567087459896,24.107762269636346,21.227832432974573,22.310190972362335,99.67145654957221
2018-09-25 15:00:00+00:00,0.0,0.0,0.0,0.0,0.0
2018-09-25 16:00:00+00:00,0.0,0.0,0.0,0.0,0.0
2018-09-25 17:00:00+00:00,0.0,0.0,0.0,0.0,0.0
2018-09-25 18:00:00+00:00,0.0,0.0,0.0,0.0,0.0
2018-09-25 19:00:00+00:00,0.0,0.0,0.0,0.0,0.0
2018-09-25 20:00:00+00:00,0.0,0.0,0.0,0.0,0.0
2018-09-25 21:00:00+00:00,0.0,0.0,0.0,0.0,0.0
2018-09-25 22:00:00+00:00,0.0,0.0,0.0,0.0,0.0
2018-09-25 23:00:00+00:00,0.0,0.0,0.0,0.0,0.0
2018-09-26 00:00:00+00:00,0.0,0.0,0.0,0.0,0.0
2018-09-26 01:00:00+00:00,0.0,0.0,0.0,0.0,0.0
2018-09-26 02:00:00+00:00,0.0,0.0,0.0,0.0,0.0
2018-09-26 03:00:00+00:00,0.0,0.0,0.0,0.0,0.0
2018-09-26 04:00:00+00:00,19.968854599387107,14.875674574972383,12.546535521217583,14.199942699488691,61.59100739506577
2018-09-26 05:00:00+00:00,52.45888154870459,39.42571061028426,33.44764045157018,36.627121186266464,161.9593537968255
2018-09-26 06:00:00+00:00,83.04642028548446,62.86446986669792,53.764370299491816,58.339130298890844,258.01439075056504
2018-09-26 07:00:00+00:00,106.60705746837272,81.03769507389161,69.54005474679538,75.47901491539176,332.66382220445144
2018-09-26 08:00:00+00:00,122.10766571291109,92.64840806383971,80.02547243476194,86.58661165343803,381.3681578649507
2018-09-26 09:00:00+00:00,128.16385641616668,97.50243737663105,84.09445350999133,92.15834727076019,401.9190945735492
2018-09-26 10:00:00+00:00,125.86143297018725,95.64827726037717,82.90341338520206,90.71639480265708,395.1295184184236
2018-09-26 11:00:00+00:00,114.98937555594972,87.07427452088213,75.65849840200448,82.94939960430456,360.67154808314086
2018-09-26 12:00:00+00:00,94.47955429020423,71.29096199230611,62.294507523198746,68.87920420940208,296.9442280151112
2018-09-26 13:00:00+00:00,64.9271489038042,48.700688326164595,42.780558255762436,48.644921580122585,205.05331706585383
2018-09-26 14:00:00+00:00,28.006382504435493,20.91429581569485,18.85394199935753,22.964965739490275,90.73958605897815
2018-09-26 15:00:00+00:00,0.0,0.0,0.0,0.0,0.0
2018-09-26 16:00:00+00:00,0.0,0.0,0.0,0.0,0.0
2018-09-26 17:00:00+00:00,0.0,0.0,0.0,0.0,0.0
2018-09-26 18:00:00+00:00,0.0,0.0,0.0,0.0,0.0
2018-09-26 19:00:00+00:00,0.0,0.0,0.0,0.0,0.0
2018-09-26 20:00:00+00:00,0.0,0.0,0.0,0.0,0.0
2018-09-26 21:00:00+00:00,0.0,0.0,0.0,0.0,0.0
2018-09-26 22:00:00+00:00,0.0,0.0,0.0,0.0,0.0
2018-09-26 23:00:00+00:00,0.0,0.0,0.0,0.0,0.0
2018-09-27 00:00:00+00:00,0.0,0.0,0.0,0.0,0.0
2018-09-27 01:00:00+00:00,0.0,0.0,0.0,0.0,0.0
2018-09-27 02:00:00+00:00,0.0,0.0,0.0,0.0,0.0
2018-09-27 03:00:00+00:00,0.0,0.0,0.0,0.0,0.0
2018-09-27 04:00:00+00:00,19.748054102082605,14.695714073746494,12.375698717806008,14.197417755006043,61.01688464864115
2018-09-27 05:00:00+00:00,52.810467023302735,39.39867989379249,33.86822856964171,37.200443883536245,163.2778193702732
2018-09-27 06:00:00+00:00,84.07355570140513,63.217687304829184,54.229770248974695,59.208643279095966,260.729656534305
2018-09-27 07:00:00+00:00,108.20174623802882,81.5757392599584,70.27184413299953,76.55207388439665,336.60140351538337
2018-09-27 08:00:00+00:00,123.50116385311256,93.49005558664356,80.41717541222924,87.7632251797082,385.1716200316936
2018-09-27 09:00:00+00:00,129.56831869190472,98.25076671052291,84.78217475366257,92.93258334180001,405.5338434978902
2018-09-27 10:00:00+00:00,126.92453483266681,96.38584868439517,83.14897297395596,91.58523849165553,398.0445949826735
2018-09-27 11:00:00+00:00,115.74790423752857,87.32391236909297,75.63152749000436,83.66322496487888,362.36656906150483
2018-09-27 12:00:00+00:00,93.43013602375692,70.24090511159585,60.757903438443314,69.26052712402296,293.68947169781904
2018-09-27 13:00:00+00:00,62.9592125648541,47.08810095580881,40.7241137777521,48.76697453999452,199.53840183840953
2018-09-27 14:00:00+00:00,25.578786684282,18.919434600963783,16.6794194270063,22.74600540723059,83.92364611948267
2018-09-27 15:00:00+00:00,0.0,0.0,0.0,0.0,0.0
2018-09-27 16:00:00+00:00,0.0,0.0,0.0,0.0,0.0
2018-09-27 17:00:00+00:00,0.0,0.0,0.0,0.0,0.0
2018-09-27 18:00:00+00:00,0.0,0.0,0.0,0.0,0.0
2018-09-27 19:00:00+00:00,0.0,0.0,0.0,0.0,0.0
2018-09-27 20:00:00+00:00,0.0,0.0,0.0,0.0,0.0
2018-09-27 21:00:00+00:00,0.0,0.0,0.0,0.0,0.0
2018-09-27 22:00:00+00:00,0.0,0.0,0.0,0.0,0.0
2018-09-27 23:00:00+00:00,0.0,0.0,0.0,0.0,0.0
2018-09-28 00:00:00+00:00,0.0,0.0,0.0,0.0,0.0
2018-09-28 01:00:00+00:00,0.0,0.0,0.0,0.0,0.0
2018-09-28 02:00:00+00:00,0.0,0.0,0.0,0.0,0.0
2018-09-28 03:00:00+00:00,0.0,0.0,0.0,0.0,0.0
2018-09-28 04:00:00+00:00,18.28326955455897,13.310932450248101,11.335910799509529,13.845650851490134,56.775763655806735
2018-09-28 05:00:00+00:00,47.12038248912773,35.126267659391424,30.176498026562204,36.58507287035211,149.00822104543346
2018-09-28 06:00:00+00:00,74.80993747998409,55.95222123046611,48.48507904263901,57.82064388104426,237.06788163413347
2018-09-28 07:00:00+00:00,96.710826720076,72.71935422560188,63.188197321741185,74.20301917456547,306.8213974419846
2018-09-28 08:00:00+00:00,111.59922388714848,83.94739426295719,73.11061902805695,84.93812276319696,353.59535994135956
2018-09-28 09:00:00+00:00,120.19441281283935,90.89750283369307,78.26937154628368,90.71201455702942,380.07330174984554
2018-09-28 10:00:00+00:00,118.18187079430335,75.73027551306649,76.9899705610249,89.3614807283248,360.26359759671953
2018-09-28 11:00:00+00:00,81.65222859725463,80.65228144426646,47.12776811979523,81.74325945190614,291.17553761322245
2018-09-28 12:00:00+00:00,82.96009081638671,44.13478750502668,37.520088602481636,67.73016732032427,232.3451342442193
2018-09-28 13:00:00+00:00,25.111520264313583,41.70829980885728,22.212253339191644,47.627938634158454,136.66001204652096
2018-09-28 14:00:00+00:00,8.89625223112983,4.349007343761631,13.109032064591498,21.962142228671294,48.31643386815425
2018-09-28 15:00:00+00:00,0.0,0.0,0.0,0.0,0.0
2018-09-28 16:00:00+00:00,0.0,0.0,0.0,0.0,0.0
2018-09-28 17:00:00+00:00,0.0,0.0,0.0,0.0,0.0
2018-09-28 18:00:00+00:00,0.0,0.0,0.0,0.0,0.0
2018-09-28 19:00:00+00:00,0.0,0.0,0.0,0.0,0.0
2018-09-28 20:00:00+00:00,0.0,0.0,0.0,0.0,0.0
2018-09-28 21:00:00+00:00,0.0,0.0,0.0,0.0,0.0
2018-09-28 22:00:00+00:00,0.0,0.0,0.0,0.0,0.0
2018-09-28 23:00:00+00:00,0.0,0.0,0.0,0.0,0.0
2018-09-29 00:00:00+00:00,0.0,0.0,0.0,0.0,0.0
2018-09-29 01:00:00+00:00,0.0,0.0,0.0,0.0,0.0
2018-09-29 02:00:00+00:00,0.0,0.0,0.0,0.0,0.0
2018-09-29 03:00:00+00:00,0.0,0.0,0.0,0.0,0.0
2018-09-29 04:00:00+00:00,16.954293077498377,11.078525650242804,11.533625802059607,13.354175683044007,52.920620212844796
2018-09-29 05:00:00+00:00,48.46809735110676,36.181187832014785,30.7471005613059,34.69966085668274,150.09604660111017
2018-09-29 06:00:00+00:00,77.33246721115525,57.829546586294974,49.433249459365975,54.72394031862878,239.319203575445
2018-09-29 07:00:00+00:00,99.94181697938146,74.84930759667314,64.22984524771147,70.3293200662255,309.3502898899916
2018-09-29 08:00:00+00:00,114.69127236420799,85.86079006853755,74.1946648340057,80.01972810431087,354.7664553710621
2018-09-29 09:00:00+00:00,122.5165717307589,91.97620624388203,79.54003713323465,87.08384895191003,381.11666405978565
2018-09-29 10:00:00+00:00,119.61641623430583,89.87410685434521,77.77862800656372,85.01751615989056,372.2866672551054
2018-09-29 11:00:00+00:00,107.70281507590745,80.87412529212587,70.17012119166172,76.26994473261905,335.01700629231414
2018-09-29 12:00:00+00:00,55.421976137404314,64.8608093925571,56.11017322921811,64.05263980188337,240.4455985610629
2018-09-29 13:00:00+00:00,12.85471878744038,42.822073317321866,37.2786007072405,20.46139597886694,113.41678879086967
2018-09-29 14:00:00+00:00,1.3542177308362582,7.905116566227562,6.0012608915600305,10.564719078856488,25.825314267480337
2018-09-29 15:00:00+00:00,0.0,0.0,0.0,0.0,0.0
2018-09-29 16:00:00+00:00,0.0,0.0,0.0,0.0,0.0
2018-09-29 17:00:00+00:00,0.0,0.0,0.0,0.0,0.0
2018-09-29 18:00:00+00:00,0.0,0.0,0.0,0.0,0.0
2018-09-29 19:00:00+00:00,0.0,0.0,0.0,0.0,0.0
2018-09-29 20:00:00+00:00,0.0,0.0,0.0,0.0,0.0
2018-09-29 21:00:00+00:00,0.0,0.0,0.0,0.0,0.0
2018-09-29 22:00:00+00:00,0.0,0.0,0.0,0.0,0.0
2018-09-29 23:00:00+00:00,0.0,0.0,0.0,0.0,0.0
2018-09-30 00:00:00+00:00,0.0,0.0,0.0,0.0,0.0
2018-09-30 01:00:00+00:00,0.0,0.0,0.0,0.0,0.0
2018-09-30 02:00:00+00:00,0.0,0.0,0.0,0.0,0.0
2018-09-30 03:00:00+00:00,0.0,0.0,0.0,0.0,0.0
2018-09-30 04:00:00+00:00,5.308218887923336,9.607421420698223,0.27888707383207617,7.2382231606203415,22.432750543073976
2018-09-30 05:00:00+00:00,42.51267809413908,27.74393258389479,22.22961924897469,31.852199759437482,124.33842968644603
2018-09-30 06:00:00+00:00,52.83897000534719,52.73103501675718,15.330106194685161,50.0843344459352,170.98444566272474
2018-09-30 07:00:00+00:00,30.354893634066368,61.42999257507945,56.94943938033394,65.34467293865391,214.0789985281337
2018-09-30 08:00:00+00:00,73.7471639896097,72.26784842244594,59.435891105398355,76.5466782029828,281.99758172043676
2018-09-30 09:00:00+00:00,29.681877956248602,82.60577425552083,65.04661933933816,83.63095180549462,260.9652233566022
2018-09-30 10:00:00+00:00,90.13007064468243,35.62100199323845,54.06779626756248,66.74919858349004,246.56806748897338
2018-09-30 11:00:00+00:00,45.08569363550079,26.977576924692094,58.114152841185415,57.113182740747376,187.29060614212568
2018-09-30 12:00:00+00:00,55.53441562439722,35.18704130114765,41.539258195368674,39.71040996920852,171.97112509012206
2018-09-30 13:00:00+00:00,31.265163333353776,6.398739584456376,28.308580957290896,33.27730988386707,99.24979375896811
2018-09-30 14:00:00+00:00,4.696311778142958,2.5443284629213303,0.3642064983825611,11.219862684826467,18.824709424273316
2018-09-30 15:00:00+00:00,0.0,0.0,0.0,0.0,0.0
2018-09-30 16:00:00+00:00,0.0,0.0,0.0,0.0,0.0
2018-09-30 17:00:00+00:00,0.0,0.0,0.0,0.0,0.0
2018-09-30 18:00:00+00:00,0.0,0.0,0.0,0.0,0.0
2018-09-30 19:00:00+00:00,0.0,0.0,0.0,0.0,0.0
2018-09-30 20:00:00+00:00,0.0,0.0,0.0,0.0,0.0
2018-09-30 21:00:00+00:00,0.0,0.0,0.0,0.0,0.0
2018-09-30 22:00:00+00:00,0.0,0.0,0.0,0.0,0.0
2018-09-30 23:00:00+00:00,0.0,0.0,0.0,0.0,0.0
2018-10-01 00:00:00+00:00,0.0,0.0,0.0,0.0,0.0
2018-10-01 01:00:00+00:00,0.0,0.0,0.0,0.0,0.0
2018-10-01 02:00:00+00:00,0.0,0.0,0.0,0.0,0.0
2018-10-01 03:00:00+00:00,0.0,0.0,0.0,0.0,0.0
2018-10-01 04:00:00+00:00,0.8802536014187052,0.4342797040420878,1.8812277052351005,0.39275356823447616,3.58851457893037
2018-10-01 05:00:00+00:00,31.69386623491371,31.200601274247358,18.23192992055364,11.486717203432658,92.61311463314736
2018-10-01 06:00:00+00:00,64.95117739916984,30.54212903347237,45.58886350901781,43.360232591594006,184.44240253325404
2018-10-01 07:00:00+00:00,50.37276328412578,52.97045210052737,53.31480066844445,36.52126539950304,193.1792814526006
2018-10-01 08:00:00+00:00,81.91925565864143,61.64088980310996,68.98017284418516,41.00131758958847,253.54163589552505
2018-10-01 09:00:00+00:00,99.9279229696308,69.22991699870892,72.10316062957868,41.04227980454506,282.30328040246343
2018-10-01 10:00:00+00:00,88.41912885997607,61.158109304081535,69.06802825522837,37.84259696555453,256.4878633848405
2018-10-01 11:00:00+00:00,74.46463294532303,50.61208435195161,61.08217874967843,69.41561672553485,255.5745127724879
2018-10-01 12:00:00+00:00,52.12110052385724,32.85396750833353,49.1498229492592,34.65407619073406,168.77896717218403
2018-10-01 13:00:00+00:00,30.930945192136853,25.28015838763123,30.218607798698976,20.705254511695564,107.13496589016262
2018-10-01 14:00:00+00:00,9.763247069927926,9.902977951332195,9.702578811337748,5.055417093133544,34.42422092573141
2018-10-01 15:00:00+00:00,0.0,0.0,0.0,0.0,0.0
2018-10-01 16:00:00+00:00,0.0,0.0,0.0,0.0,0.0
2018-10-01 17:00:00+00:00,0.0,0.0,0.0,0.0,0.0
2018-10-01 18:00:00+00:00,0.0,0.0,0.0,0.0,0.0
2018-10-01 19:00:00+00:00,0.0,0.0,0.0,0.0,0.0
2018-10-01 20:00:00+00:00,0.0,0.0,0.0,0.0,0.0
2018-10-01 21:00:00+00:00,0.0,0.0,0.0,0.0,0.0
2018-10-01 22:00:00+00:00,0.0,0.0,0.0,0.0,0.0
2018-10-01 23:00:00+00:00,0.0,0.0,0.0,0.0,0.0
2018-10-02 00:00:00+00:00,0.0,0.0,0.0,0.0,0.0
2018-10-02 01:00:00+00:00,0.0,0.0,0.0,0.0,0.0
2018-10-02 02:00:00+00:00,0.0,0.0,0.0,0.0,0.0
2018-10-02 03:00:00+00:00,0.0,0.0,0.0,0.0,0.0
2018-10-02 04:00:00+00:00,17.516833813891253,12.829479775838603,10.977336284027917,11.922509884248356,53.24615975800613
2018-10-02 05:00:00+00:00,47.11914423285509,34.74626393931723,30.096898660278747,31.55519438215591,143.517501214607
2018-10-02 06:00:00+00:00,71.17201104878335,52.66460938833146,48.962975525313624,50.72348877894389,223.52308474137232
2018-10-02 07:00:00+00:00,87.74953591290901,56.77623799071934,58.62380850399924,54.615530556250704,257.7651129638783
2018-10-02 08:00:00+00:00,90.35459604384593,69.03711338298979,62.23672375504957,65.08550522291166,286.7139384047969
2018-10-02 09:00:00+00:00,119.58798798653612,71.84264303458724,77.23503751682047,69.55892676292376,338.2245953008676
2018-10-02 10:00:00+00:00,92.87380213695366,82.10756776092755,76.31459410088263,65.69322764727718,316.98919164604104
2018-10-02 11:00:00+00:00,68.78580873432806,56.165499398540604,57.286117476627034,71.91004625755471,254.1474718670504
2018-10-02 12:00:00+00:00,45.34390506710859,33.75289978751338,54.25491633047858,54.01537639989168,187.36709758499222
2018-10-02 13:00:00+00:00,42.0242757927607,11.389633445468103,35.352365105928165,38.45176843717054,127.2180427813275
2018-10-02 14:00:00+00:00,0.5524087101178835,11.426406012000244,9.954794095451378,2.341303552076231,24.274912369645737
2018-10-02 15:00:00+00:00,0.0,0.0,0.0,0.0,0.0
2018-10-02 16:00:00+00:00,0.0,0.0,0.0,0.0,0.0
2018-10-02 17:00:00+00:00,0.0,0.0,0.0,0.0,0.0
2018-10-02 18:00:00+00:00,0.0,0.0,0.0,0.0,0.0
2018-10-02 19:00:00+00:00,0.0,0.0,0.0,0.0,0.0
2018-10-02 20:00:00+00:00,0.0,0.0,0.0,0.0,0.0
2018-10-02 21:00:00+00:00,0.0,0.0,0.0,0.0,0.0
2018-10-02 22:00:00+00:00,0.0,0.0,0.0,0.0,0.0
2018-10-02 23:00:00+00:00,0.0,0.0,0.0,0.0,0.0
2018-10-03 00:00:00+00:00,0.0,0.0,0.0,0.0,0.0
2018-10-03 01:00:00+00:00,0.0,0.0,0.0,0.0,0.0
2018-10-03 02:00:00+00:00,0.0,0.0,0.0,0.0,0.0
2018-10-03 03:00:00+00:00,0.0,0.0,0.0,0.0,0.0
2018-10-03 04:00:00+00:00,4.841266624051742,1.023626674731466,0.5638576430035868,12.448495037516814,18.87724597930361
2018-10-03 05:00:00+00:00,48.08262428364742,35.76453972071605,26.95121230397747,33.34637859847109,144.144754906812
2018-10-03 06:00:00+00:00,66.14787707579323,57.44338437827569,49.74510563691757,53.19409207003416,226.53045916102064
2018-10-03 07:00:00+00:00,99.54567690835555,74.3983745338181,64.74238068190432,68.40942374002042,307.0958558640984
2018-10-03 08:00:00+00:00,113.95613280106515,85.37301378947119,74.27178037947267,77.95291723721513,351.5538442072242
2018-10-03 09:00:00+00:00,120.95129732716502,90.602417565639,78.6769662824621,83.01493223905223,373.2456134143183
2018-10-03 10:00:00+00:00,117.21424765506174,87.94325583960868,76.49653470043856,80.43036183645091,362.08440003155994
2018-10-03 11:00:00+00:00,104.28992313770866,72.37787365743766,68.36625362052266,71.53390475396287,316.5679551696319
2018-10-03 12:00:00+00:00,75.96341454178562,43.82056817901499,35.47554492212349,56.6751218223271,211.93464946525123
2018-10-03 13:00:00+00:00,32.57736710143398,14.681424898423945,9.239786841722095,36.00393423564191,92.50251307722192
2018-10-03 14:00:00+00:00,17.642357810130193,13.24742307461014,12.374201474365416,12.052235809142294,55.31621816824804
2018-10-03 15:00:00+00:00,0.0,0.0,0.0,0.0,0.0
2018-10-03 16:00:00+00:00,0.0,0.0,0.0,0.0,0.0
2018-10-03 17:00:00+00:00,0.0,0.0,0.0,0.0,0.0
2018-10-03 18:00:00+00:00,0.0,0.0,0.0,0.0,0.0
2018-10-03 19:00:00+00:00,0.0,0.0,0.0,0.0,0.0
2018-10-03 20:00:00+00:00,0.0,0.0,0.0,0.0,0.0
2018-10-03 21:00:00+00:00,0.0,0.0,0.0,0.0,0.0
2018-10-03 22:00:00+00:00,0.0,0.0,0.0,0.0,0.0
2018-10-03 23:00:00+00:00,0.0,0.0,0.0,0.0,0.0
2018-10-04 00:00:00+00:00,0.0,0.0,0.0,0.0,0.0
2018-10-04 01:00:00+00:00,0.0,0.0,0.0,0.0,0.0
2018-10-04 02:00:00+00:00,0.0,0.0,0.0,0.0,0.0
2018-10-04 03:00:00+00:00,0.0,0.0,0.0,0.0,0.0
2018-10-04 04:00:00+00:00,17.82440917265356,13.139016566050081,10.996959468453827,2.5933559616888746,44.553741168846344
2018-10-04 05:00:00+00:00,48.5391514365539,36.04707464928961,30.83550359541758,11.943050946177438,127.36478062743853
2018-10-04 06:00:00+00:00,78.0614643268111,58.403120640294404,50.476376401040525,30.59459354205894,217.53555491020495
2018-10-04 07:00:00+00:00,101.29353407870224,76.16402147751906,66.01110309713465,62.62589923932554,306.09455789268145
2018-10-04 08:00:00+00:00,116.53952090513195,87.96988652023879,76.62843991159606,78.45037991557143,359.5882272525382
2018-10-04 09:00:00+00:00,120.86226967680945,91.17168397127048,79.6210170432062,81.72687681335402,373.3818475046402
2018-10-04 10:00:00+00:00,118.626882281272,89.3419101485339,78.17473816325638,79.51928565186327,365.6628162449256
2018-10-04 11:00:00+00:00,107.1585684119849,80.26607226750073,70.65215505624066,71.06226564192772,329.139061377654
2018-10-04 12:00:00+00:00,86.37622059168439,64.51809723221747,56.87996121134561,59.18439334451763,266.9586723797651
2018-10-04 13:00:00+00:00,56.65520968247398,42.01913541576835,37.4074534069816,21.793938506311115,157.87573701153505
2018-10-04 14:00:00+00:00,20.451603584903992,14.68132874962771,13.710311220915669,12.913967957955537,61.75721151340291
2018-10-04 15:00:00+00:00,0.0,0.0,0.0,0.0,0.0
2018-10-04 16:00:00+00:00,0.0,0.0,0.0,0.0,0.0
2018-10-04 17:00:00+00:00,0.0,0.0,0.0,0.0,0.0
2018-10-04 18:00:00+00:00,0.0,0.0,0.0,0.0,0.0
2018-10-04 19:00:00+00:00,0.0,0.0,0.0,0.0,0.0
2018-10-04 20:00:00+00:00,0.0,0.0,0.0,0.0,0.0
2018-10-04 21:00:00+00:00,0.0,0.0,0.0,0.0,0.0
2018-10-04 22:00:00+00:00,0.0,0.0,0.0,0.0,0.0
2018-10-04 23:00:00+00:00,0.0,0.0,0.0,0.0,0.0
2018-10-05 00:00:00+00:00,0.0,0.0,0.0,0.0,0.0
2018-10-05 01:00:00+00:00,0.0,0.0,0.0,0.0,0.0
2018-10-05 02:00:00+00:00,0.0,0.0,0.0,0.0,0.0
2018-10-05 03:00:00+00:00,0.0,0.0,0.0,0.0,0.0
2018-10-05 04:00:00+00:00,18.202657314006316,13.59893230746297,11.361174283002073,9.666414762980814,52.829178667452176
2018-10-05 05:00:00+00:00,50.07438571238882,37.64578211775963,32.04268160584946,28.15137734254462,147.9142267785425
2018-10-05 06:00:00+00:00,81.00420266631298,61.17218143386026,52.328423309452795,60.11517271310591,254.61998012273196
2018-10-05 07:00:00+00:00,104.86224433283459,79.72811720338592,68.48297928727982,76.34339459184658,329.4167354153469
2018-10-05 08:00:00+00:00,120.30543194071385,89.7203252719589,78.88488070888911,86.44692390929217,375.357561830854
2018-10-05 09:00:00+00:00,125.36090847092316,95.83052085357619,82.7416294699776,72.90230304080683,376.8353618352838
2018-10-05 10:00:00+00:00,122.77781800556639,93.62910644954331,81.40021920980278,83.47791651641765,381.2850601813301
2018-10-05 11:00:00+00:00,100.86099640611205,81.71243246559,73.96263646757536,80.69265566082362,337.228721000101
2018-10-05 12:00:00+00:00,79.748499549695,50.211914345647685,61.201565652397214,65.82542105528529,256.9874006030252
2018-10-05 13:00:00+00:00,30.113010344123083,34.66799425650059,37.69331513747289,20.945299242346017,123.41961898044258
2018-10-05 14:00:00+00:00,23.702928251844526,18.16880437826341,16.90145918094593,9.789123908255444,68.56231571930931
2018-10-05 15:00:00+00:00,0.0,0.0,0.0,0.0,0.0
2018-10-05 16:00:00+00:00,0.0,0.0,0.0,0.0,0.0
2018-10-05 17:00:00+00:00,0.0,0.0,0.0,0.0,0.0
2018-10-05 18:00:00+00:00,0.0,0.0,0.0,0.0,0.0
2018-10-05 19:00:00+00:00,0.0,0.0,0.0,0.0,0.0
2018-10-05 20:00:00+00:00,0.0,0.0,0.0,0.0,0.0
2018-10-05 21:00:00+00:00,0.0,0.0,0.0,0.0,0.0
2018-10-05 22:00:00+00:00,0.0,0.0,0.0,0.0,0.0
2018-10-05 23:00:00+00:00,0.0,0.0,0.0,0.0,0.0
2018-10-06 00:00:00+00:00,0.0,0.0,0.0,0.0,0.0
2018-10-06 01:00:00+00:00,0.0,0.0,0.0,0.0,0.0
2018-10-06 02:00:00+00:00,0.0,0.0,0.0,0.0,0.0
2018-10-06 03:00:00+00:00,0.0,0.0,0.0,0.0,0.0
2018-10-06 04:00:00+00:00,18.838478879477158,13.823761752008364,11.63977931879513,12.987738367026218,57.28975831730687
2018-10-06 05:00:00+00:00,52.03222991945891,38.43170740549224,33.07021074697322,35.53322107004042,159.0673691419648
2018-10-06 06:00:00+00:00,83.25238577755947,62.08838067563049,53.60148503786316,51.45223711320113,250.39448860425426
2018-10-06 07:00:00+00:00,107.38643398614416,80.54501304387709,69.73102295826426,73.92614640604829,331.5886163943338
2018-10-06 08:00:00+00:00,123.0879926782947,92.50789818268836,80.21936804751061,84.5438093547802,380.35906826327385
2018-10-06 09:00:00+00:00,130.07375602499968,89.66366638312796,85.2192639272373,88.75098280912869,393.70766914449365
2018-10-06 10:00:00+00:00,127.2982510847205,92.27104957669316,83.66776027243124,69.11497405750055,372.3520349913454
2018-10-06 11:00:00+00:00,115.19439841968023,77.42758851940758,75.89396320258496,60.06965872389145,328.5856088655642
2018-10-06 12:00:00+00:00,66.49397516272464,62.49366297908266,42.1867939467254,44.11663104587225,215.29106313440494
2018-10-06 13:00:00+00:00,24.061429251480764,38.13944871319788,37.3065335136384,19.011696324105277,118.51910780242231
2018-10-06 14:00:00+00:00,17.977059606820713,17.865448659844883,16.595067464270354,8.249164698598968,60.686740429534915
2018-10-06 15:00:00+00:00,0.0,0.0,0.0,0.0,0.0
2018-10-06 16:00:00+00:00,0.0,0.0,0.0,0.0,0.0
2018-10-06 17:00:00+00:00,0.0,0.0,0.0,0.0,0.0
2018-10-06 18:00:00+00:00,0.0,0.0,0.0,0.0,0.0
2018-10-06 19:00:00+00:00,0.0,0.0,0.0,0.0,0.0
2018-10-06 20:00:00+00:00,0.0,0.0,0.0,0.0,0.0
2018-10-06 21:00:00+00:00,0.0,0.0,0.0,0.0,0.0
2018-10-06 22:00:00+00:00,0.0,0.0,0.0,0.0,0.0
2018-10-06 23:00:00+00:00,0.0,0.0,0.0,0.0,0.0
2018-10-07 00:00:00+00:00,0.0,0.0,0.0,0.0,0.0
2018-10-07 01:00:00+00:00,0.0,0.0,0.0,0.0,0.0
2018-10-07 02:00:00+00:00,0.0,0.0,0.0,0.0,0.0
2018-10-07 03:00:00+00:00,0.0,0.0,0.0,0.0,0.0
2018-10-07 04:00:00+00:00,7.161455781392785,7.400839509695366,4.928995429823706,4.508655956688197,23.999946677600054
2018-10-07 05:00:00+00:00,49.54544369588254,30.363356661162356,31.353614984696748,28.3214611129234,139.58387645466505
2018-10-07 06:00:00+00:00,80.67248058622746,57.1030913073582,51.79348076756953,46.98947340708693,236.55852606824212
2018-10-07 07:00:00+00:00,104.79306690381472,78.11630432551149,65.87197556332673,62.589762372842685,311.3711091654956
2018-10-07 08:00:00+00:00,113.21997699998543,89.77099067024965,78.17556538831576,65.62918210082432,346.79571515937516
2018-10-07 09:00:00+00:00,125.89319608089409,94.48000245298039,82.3721494731444,83.58153726080053,386.3268852678194
2018-10-07 10:00:00+00:00,123.07594244355084,92.2739684560583,80.6716739566685,72.05591278343508,368.0774976397127
2018-10-07 11:00:00+00:00,93.74721269655299,83.18231528521963,58.16722742609894,70.14204213695908,305.2387975448306
2018-10-07 12:00:00+00:00,89.85457346543858,41.610150656432566,39.923418713364505,39.89353594163087,211.2816787768665
2018-10-07 13:00:00+00:00,47.81437609917949,36.30031404265314,28.658530993096345,21.542642116118017,134.315863251047
2018-10-07 14:00:00+00:00,8.978887325230069,12.800750299937022,0.3709153429588649,4.198959479099388,26.349512447225344
2018-10-07 15:00:00+00:00,0.0,0.0,0.0,0.0,0.0
2018-10-07 16:00:00+00:00,0.0,0.0,0.0,0.0,0.0
2018-10-07 17:00:00+00:00,0.0,0.0,0.0,0.0,0.0
2018-10-07 18:00:00+00:00,0.0,0.0,0.0,0.0,0.0
2018-10-07 19:00:00+00:00,0.0,0.0,0.0,0.0,0.0
2018-10-07 20:00:00+00:00,0.0,0.0,0.0,0.0,0.0
2018-10-07 21:00:00+00:00,0.0,0.0,0.0,0.0,0.0
2018-10-07 22:00:00+00:00,0.0,0.0,0.0,0.0,0.0
2018-10-07 23:00:00+00:00,0.0,0.0,0.0,0.0,0.0
2018-10-08 00:00:00+00:00,0.0,0.0,0.0,0.0,0.0
2018-10-08 01:00:00+00:00,0.0,0.0,0.0,0.0,0.0
2018-10-08 02:00:00+00:00,0.0,0.0,0.0,0.0,0.0
2018-10-08 03:00:00+00:00,0.0,0.0,0.0,0.0,0.0
2018-10-08 04:00:00+00:00,18.088372301694854,13.155294613455212,11.199130383287613,11.199417726112722,53.6422150245504
2018-10-08 05:00:00+00:00,50.61219317889524,37.424321976630104,32.217971301134334,22.318006262690552,142.5724927193502
2018-10-08 06:00:00+00:00,81.79041602980719,61.002175036178826,52.857872603606836,55.973554116528305,251.62401778612116
2018-10-08 07:00:00+00:00,106.14915970657862,79.55726056653178,69.26688026310364,72.73945151639542,327.71275205260946
2018-10-08 08:00:00+00:00,121.6907873861565,91.58531570404753,79.77147352687086,83.32156245380469,376.3691390708796
2018-10-08 09:00:00+00:00,127.05846064911515,95.52339597269592,83.39028072602183,87.99774615697432,393.9698835048072
2018-10-08 10:00:00+00:00,124.19097002081051,93.27555271325683,81.66886275733927,84.79942991589147,383.93481540729806
2018-10-08 11:00:00+00:00,111.95731633186327,43.082959822191555,73.93510552481794,38.03083413472254,267.0062158135953
2018-10-08 12:00:00+00:00,90.3865760994247,67.27819259470795,59.542932532652046,46.21597513906474,263.4236763658495
2018-10-08 13:00:00+00:00,59.0892149004881,43.28039018296481,39.11710092694199,12.790030276104236,154.27673628649913
2018-10-08 14:00:00+00:00,20.35500542910526,14.42490533165321,13.836216268645282,6.9871087147631465,55.603235744166895
2018-10-08 15:00:00+00:00,0.0,0.0,0.0,0.0,0.0
2018-10-08 16:00:00+00:00,0.0,0.0,0.0,0.0,0.0
2018-10-08 17:00:00+00:00,0.0,0.0,0.0,0.0,0.0
2018-10-08 18:00:00+00:00,0.0,0.0,0.0,0.0,0.0
2018-10-08 19:00:00+00:00,0.0,0.0,0.0,0.0,0.0
2018-10-08 20:00:00+00:00,0.0,0.0,0.0,0.0,0.0
2018-10-08 21:00:00+00:00,0.0,0.0,0.0,0.0,0.0
2018-10-08 22:00:00+00:00,0.0,0.0,0.0,0.0,0.0
2018-10-08 23:00:00+00:00,0.0,0.0,0.0,0.0,0.0
2018-10-09 00:00:00+00:00,0.0,0.0,0.0,0.0,0.0
2018-10-09 01:00:00+00:00,0.0,0.0,0.0,0.0,0.0
2018-10-09 02:00:00+00:00,0.0,0.0,0.0,0.0,0.0
2018-10-09 03:00:00+00:00,0.0,0.0,0.0,0.0,0.0
2018-10-09 04:00:00+00:00,18.00330952658318,13.203725319591083,11.157700471671044,12.582487041272099,54.947222359117404
2018-10-09 05:00:00+00:00,50.65202909863004,37.5740820091635,32.45075263370971,35.04566334900653,155.7225270905098
2018-10-09 06:00:00+00:00,81.46444832794988,60.902030740459345,52.783790894322976,56.459960365903044,251.61023032863525
2018-10-09 07:00:00+00:00,105.13725806962822,78.99955962074574,68.70478614763995,63.79164059765743,316.6332444356713
2018-10-09 08:00:00+00:00,120.1850546737657,90.5409874227835,78.7590742195513,80.28133174913128,369.76644806523177
2018-10-09 09:00:00+00:00,124.51343328760284,94.23606783567442,81.66558068572783,83.83315409148256,384.24823590048766
2018-10-09 10:00:00+00:00,120.37327333690816,91.3702158476035,79.58295654944864,86.00032710050274,377.326772834463
2018-10-09 11:00:00+00:00,107.25240496756024,81.42565285642961,52.45808123799431,70.59528939745337,311.7314284594375
2018-10-09 12:00:00+00:00,86.47109855982995,65.89436793593349,57.97300067853229,63.276787242191666,273.6152544164874
2018-10-09 13:00:00+00:00,55.25943141721629,26.2206470335259,37.8491765382535,35.7278703625383,155.05712535153398
2018-10-09 14:00:00+00:00,18.042582150567906,13.7326566456527,13.236412259709434,6.1292147142598665,51.140865770189905
2018-10-09 15:00:00+00:00,0.0,0.0,0.0,0.0,0.0
2018-10-09 16:00:00+00:00,0.0,0.0,0.0,0.0,0.0
2018-10-09 17:00:00+00:00,0.0,0.0,0.0,0.0,0.0
2018-10-09 18:00:00+00:00,0.0,0.0,0.0,0.0,0.0
2018-10-09 19:00:00+00:00,0.0,0.0,0.0,0.0,0.0
2018-10-09 20:00:00+00:00,0.0,0.0,0.0,0.0,0.0
2018-10-09 21:00:00+00:00,0.0,0.0,0.0,0.0,0.0
2018-10-09 22:00:00+00:00,0.0,0.0,0.0,0.0,0.0
2018-10-09 23:00:00+00:00,0.0,0.0,0.0,0.0,0.0
2018-10-10 00:00:00+00:00,0.0,0.0,0.0,0.0,0.0
2018-10-10 01:00:00+00:00,0.0,0.0,0.0,0.0,0.0
2018-10-10 02:00:00+00:00,0.0,0.0,0.0,0.0,0.0
2018-10-10 03:00:00+00:00,0.0,0.0,0.0,0.0,0.0
2018-10-10 04:00:00+00:00,17.596555570578047,12.823018160115613,11.08051789871356,11.987369087748393,53.487460717155614
2018-10-10 05:00:00+00:00,49.90227616007334,36.92087001463665,32.17730642282997,29.88034834067816,148.88080093821813
2018-10-10 06:00:00+00:00,81.15462868792194,60.6538020009895,52.93618262802942,55.270413589381384,250.01502690632225
2018-10-10 07:00:00+00:00,93.05047958794651,79.1644793348901,69.2675612752734,63.33950556092951,304.82202575903955
2018-10-10 08:00:00+00:00,111.93326009233465,91.23284495659513,79.65863901172497,72.0748241296356,354.8995681902904
2018-10-10 09:00:00+00:00,127.06978010955629,96.20444861463827,83.79163568922466,88.12758801299466,395.19345242641384
2018-10-10 10:00:00+00:00,123.51659432130515,93.94294407284744,82.01659619030855,85.80654278600322,385.28267737046434
2018-10-10 11:00:00+00:00,110.96166213650048,84.4673886950467,73.92667828837833,44.73974822099538,314.09547734092087
2018-10-10 12:00:00+00:00,88.64931317454639,67.90096265115722,59.65955364661688,21.646768460419484,237.85659793273996
2018-10-10 13:00:00+00:00,57.150979997018254,44.21432689848632,39.34588545327614,40.281107635430786,180.9922999842115
2018-10-10 14:00:00+00:00,15.889104127733003,14.77587188423188,13.988319388148204,6.46181802293033,51.11511342304342
2018-10-10 15:00:00+00:00,0.0,0.0,0.0,0.0,0.0
2018-10-10 16:00:00+00:00,0.0,0.0,0.0,0.0,0.0
2018-10-10 17:00:00+00:00,0.0,0.0,0.0,0.0,0.0
2018-10-10 18:00:00+00:00,0.0,0.0,0.0,0.0,0.0
2018-10-10 19:00:00+00:00,0.0,0.0,0.0,0.0,0.0
2018-10-10 20:00:00+00:00,0.0,0.0,0.0,0.0,0.0
2018-10-10 21:00:00+00:00,0.0,0.0,0.0,0.0,0.0
2018-10-10 22:00:00+00:00,0.0,0.0,0.0,0.0,0.0
2018-10-10 23:00:00+00:00,0.0,0.0,0.0,0.0,0.0
2018-10-11 00:00:00+00:00,0.0,0.0,0.0,0.0,0.0
2018-10-11 01:00:00+00:00,0.0,0.0,0.0,0.0,0.0
2018-10-11 02:00:00+00:00,0.0,0.0,0.0,0.0,0.0
2018-10-11 03:00:00+00:00,0.0,0.0,0.0,0.0,0.0
2018-10-11 04:00:00+00:00,18.03684638283353,13.279200028188782,11.493217481539672,11.478449671011493,54.287713563573476
2018-10-11 05:00:00+00:00,45.659534669069274,38.342586583782506,33.731373990957,32.4774043110917,150.2108995549005
2018-10-11 06:00:00+00:00,74.85418022843035,62.59358139765881,54.9159320458582,52.888255735763025,245.2519494077104
2018-10-11 07:00:00+00:00,108.24425905022387,81.70618367100582,71.44509740054211,68.88909498394035,330.2846351057122
2018-10-11 08:00:00+00:00,124.14599807504656,93.95320327284277,60.63504500879117,79.26555745097727,357.99980380765777
2018-10-11 09:00:00+00:00,111.27075294970214,98.47875440549876,85.94898828111693,82.15735230461712,377.85584794093495
2018-10-11 10:00:00+00:00,126.57281845728531,96.29581634051965,84.54540275438573,79.9988403114371,387.4128778636278
2018-10-11 11:00:00+00:00,113.95476235177264,86.98684648912504,76.68640449982566,71.19222931927064,348.82024265999394
2018-10-11 12:00:00+00:00,90.02184484748959,44.109189699297374,61.82740246411082,47.57761924884416,243.53605625974194
2018-10-11 13:00:00+00:00,58.50104209267123,45.12863060189899,41.680716741733896,13.69739408094221,159.00778351724634
2018-10-11 14:00:00+00:00,19.309233202555923,15.344980681217496,15.66621591610625,6.957383635549526,57.2778134354292
2018-10-11 15:00:00+00:00,0.0,0.0,0.0,0.0,0.0
2018-10-11 16:00:00+00:00,0.0,0.0,0.0,0.0,0.0
2018-10-11 17:00:00+00:00,0.0,0.0,0.0,0.0,0.0
2018-10-11 18:00:00+00:00,0.0,0.0,0.0,0.0,0.0
2018-10-11 19:00:00+00:00,0.0,0.0,0.0,0.0,0.0
2018-10-11 20:00:00+00:00,0.0,0.0,0.0,0.0,0.0
2018-10-11 21:00:00+00:00,0.0,0.0,0.0,0.0,0.0
2018-10-11 22:00:00+00:00,0.0,0.0,0.0,0.0,0.0
2018-10-11 23:00:00+00:00,0.0,0.0,0.0,0.0,0.0
2018-10-12 00:00:00+00:00,0.0,0.0,0.0,0.0,0.0
2018-10-12 01:00:00+00:00,0.0,0.0,0.0,0.0,0.0
2018-10-12 02:00:00+00:00,0.0,0.0,0.0,0.0,0.0
2018-10-12 03:00:00+00:00,0.0,0.0,0.0,0.0,0.0
2018-10-12 04:00:00+00:00,17.61672907101931,12.861751338758053,11.345846495654127,9.370351723548854,51.19467862898034
2018-10-12 05:00:00+00:00,50.62982395289043,37.51909878080064,33.34762481576055,29.19151856700134,150.68806611645297
2018-10-12 06:00:00+00:00,82.5059046645761,61.524401451311185,54.67926289056042,26.06425418113343,224.77382318758112
2018-10-12 07:00:00+00:00,107.40738147014503,80.48526725537985,71.34570462105556,63.79109651496448,323.0294498615449
2018-10-12 08:00:00+00:00,123.25803659981878,61.78670240020073,82.19556912866588,73.560210287849,340.8005184165344
2018-10-12 09:00:00+00:00,130.6524464007545,61.62059901841436,60.64244613424343,70.34339900171608,323.2588905551284
2018-10-12 10:00:00+00:00,80.02289962057307,63.03787489009663,85.92150427167178,61.353970677409364,290.3362494597509
2018-10-12 11:00:00+00:00,55.60854510908912,29.602668728929416,78.02952800673924,40.779871345789886,204.0206131905477
2018-10-12 12:00:00+00:00,74.93831191358716,45.31473271080385,63.797907327890385,40.853016362161966,224.90396831444338
2018-10-12 13:00:00+00:00,62.39601631120904,24.886104606341362,43.1010088232303,28.179755522070487,158.56288526285118
2018-10-12 14:00:00+00:00,22.629810782824975,10.717127038691658,16.352083639301732,6.166768161250154,55.86578962206852
2018-10-12 15:00:00+00:00,0.0,0.0,0.0,0.0,0.0
2018-10-12 16:00:00+00:00,0.0,0.0,0.0,0.0,0.0
2018-10-12 17:00:00+00:00,0.0,0.0,0.0,0.0,0.0
2018-10-12 18:00:00+00:00,0.0,0.0,0.0,0.0,0.0
2018-10-12 19:00:00+00:00,0.0,0.0,0.0,0.0,0.0
2018-10-12 20:00:00+00:00,0.0,0.0,0.0,0.0,0.0
2018-10-12 21:00:00+00:00,0.0,0.0,0.0,0.0,0.0
2018-10-12 22:00:00+00:00,0.0,0.0,0.0,0.0,0.0
2018-10-12 23:00:00+00:00,0.0,0.0,0.0,0.0,0.0
2018-10-13 00:00:00+00:00,0.0,0.0,0.0,0.0,0.0
2018-10-13 01:00:00+00:00,0.0,0.0,0.0,0.0,0.0
2018-10-13 02:00:00+00:00,0.0,0.0,0.0,0.0,0.0
2018-10-13 03:00:00+00:00,0.0,0.0,0.0,0.0,0.0
2018-10-13 04:00:00+00:00,19.088706474807626,13.886308431868223,11.7440865123018,12.827863829107915,57.54696524808557
2018-10-13 05:00:00+00:00,54.67268160212622,40.32009789037323,34.767423371315,36.67867078634802,166.43887365016246
2018-10-13 06:00:00+00:00,87.39823337649183,64.96850866003075,56.40685992902261,59.12530448994791,267.8989064554931
2018-10-13 07:00:00+00:00,112.35544426768837,84.23340379438801,72.97635605351951,76.29906069089643,345.8642648064923
2018-10-13 08:00:00+00:00,128.3739691019775,96.4501818526791,83.70432163458587,87.20230082173401,395.7307734109765
2018-10-13 09:00:00+00:00,134.8702425500413,101.32801688337416,88.08735349816864,91.8614865821823,416.14709951376636
2018-10-13 10:00:00+00:00,131.5384502600939,99.04754493616849,86.36467348647246,89.63708319679081,406.5877518795256
2018-10-13 11:00:00+00:00,119.01960083325946,89.47104286875802,78.29205482385649,80.9729606677175,367.75565919359144
2018-10-13 12:00:00+00:00,96.29111119746727,71.86236280529334,63.505972235572145,64.59287007053959,296.2523163088723
2018-10-13 13:00:00+00:00,64.67599621880584,47.75371866992107,42.80882665916197,42.15913374805052,197.3976752959394
2018-10-13 14:00:00+00:00,23.74725348116275,16.93208613303757,16.122386270770203,13.786036765963377,70.5877626509339
2018-10-13 15:00:00+00:00,0.0,0.0,0.0,0.0,0.0
2018-10-13 16:00:00+00:00,0.0,0.0,0.0,0.0,0.0
2018-10-13 17:00:00+00:00,0.0,0.0,0.0,0.0,0.0
2018-10-13 18:00:00+00:00,0.0,0.0,0.0,0.0,0.0
2018-10-13 19:00:00+00:00,0.0,0.0,0.0,0.0,0.0
2018-10-13 20:00:00+00:00,0.0,0.0,0.0,0.0,0.0
2018-10-13 21:00:00+00:00,0.0,0.0,0.0,0.0,0.0
2018-10-13 22:00:00+00:00,0.0,0.0,0.0,0.0,0.0
2018-10-13 23:00:00+00:00,0.0,0.0,0.0,0.0,0.0
2018-10-14 00:00:00+00:00,0.0,0.0,0.0,0.0,0.0
2018-10-14 01:00:00+00:00,0.0,0.0,0.0,0.0,0.0
2018-10-14 02:00:00+00:00,0.0,0.0,0.0,0.0,0.0
2018-10-14 03:00:00+00:00,0.0,0.0,0.0,0.0,0.0
2018-10-14 04:00:00+00:00,19.41354109406653,13.889887766171793,11.919649818414385,12.70502904453373,57.92810772318644
2018-10-14 05:00:00+00:00,55.154868052454,40.17953036249092,35.01588433806066,36.053439509463544,166.40372226246913
2018-10-14 06:00:00+00:00,87.6507224900951,64.80601303108847,56.4761880654861,57.62517962755357,266.55810321422325
2018-10-14 07:00:00+00:00,112.38309984926681,83.59757639525276,73.0013578780898,74.17384839097025,343.1558825135796
2018-10-14 08:00:00+00:00,128.11194888956973,95.64327390476046,83.43239650015248,84.70588898451771,391.89350827900034
2018-10-14 09:00:00+00:00,133.31202660862257,100.13672543214683,87.59681264245488,88.00045044004263,409.04601512326695
2018-10-14 10:00:00+00:00,130.28377269447736,97.66023912214689,85.72282024919059,85.77978147947542,399.44661354529023
2018-10-14 11:00:00+00:00,117.81219171261411,88.00621553925477,77.76493939329067,76.88111512490201,360.4644617700616
2018-10-14 12:00:00+00:00,95.20343371621405,70.79645771383656,63.144296503166515,59.77960566967488,288.92379360289203
2018-10-14 13:00:00+00:00,63.07556380987916,46.23775859843957,42.087800757384905,37.62204340072001,189.02316656642364
2018-10-14 14:00:00+00:00,21.60448548191683,15.396537142163432,15.243528904851908,10.156426579391171,62.40097810832334
2018-10-14 15:00:00+00:00,0.0,0.0,0.0,0.0,0.0
2018-10-14 16:00:00+00:00,0.0,0.0,0.0,0.0,0.0
2018-10-14 17:00:00+00:00,0.0,0.0,0.0,0.0,0.0
2018-10-14 18:00:00+00:00,0.0,0.0,0.0,0.0,0.0
2018-10-14 19:00:00+00:00,0.0,0.0,0.0,0.0,0.0
2018-10-14 20:00:00+00:00,0.0,0.0,0.0,0.0,0.0
2018-10-14 21:00:00+00:00,0.0,0.0,0.0,0.0,0.0
2018-10-14 22:00:00+00:00,0.0,0.0,0.0,0.0,0.0
2018-10-14 23:00:00+00:00,0.0,0.0,0.0,0.0,0.0
2018-10-15 00:00:00+00:00,0.0,0.0,0.0,0.0,0.0
2018-10-15 01:00:00+00:00,0.0,0.0,0.0,0.0,0.0
2018-10-15 02:00:00+00:00,0.0,0.0,0.0,0.0,0.0
2018-10-15 03:00:00+00:00,0.0,0.0,0.0,0.0,0.0
2018-10-15 04:00:00+00:00,18.123203776492392,12.870380372869718,11.133216052122881,10.81769395411856,52.94449415560355
2018-10-15 05:00:00+00:00,52.68980053065525,38.2769777637021,33.4496703186838,32.17324929011011,156.58969790315126
2018-10-15 06:00:00+00:00,85.28571261814386,62.66319841869557,54.73951906180115,52.99021320620224,255.67864330484284
2018-10-15 07:00:00+00:00,109.76400739519693,81.64501401703147,71.10394705911649,68.88165400461287,331.39462247595776
2018-10-15 08:00:00+00:00,125.60654210079471,93.55807155135473,81.68314301598637,79.10710666001032,379.9548633281462
2018-10-15 09:00:00+00:00,133.12244268978557,100.01066024074632,87.2088618671839,84.3028554913126,404.64482028902836
2018-10-15 10:00:00+00:00,129.86027346793838,97.6740437533978,85.46594547817288,81.54462444066738,394.54488714017646
2018-10-15 11:00:00+00:00,117.6212357827575,88.21494273293132,77.48488436089984,72.51037767777586,355.8314405543645
2018-10-15 12:00:00+00:00,96.023924005596,71.4403857415752,62.81496246542112,35.30140554758978,265.5806777601821
2018-10-15 13:00:00+00:00,52.00631821741378,27.61971209272766,32.71678751012092,20.310268454233594,132.65308627449593
2018-10-15 14:00:00+00:00,8.6609553382064,9.829448462037693,14.976347193035279,2.4729527886958906,35.93970378197526
2018-10-15 15:00:00+00:00,0.0,0.0,0.0,0.0,0.0
2018-10-15 16:00:00+00:00,0.0,0.0,0.0,0.0,0.0
2018-10-15 17:00:00+00:00,0.0,0.0,0.0,0.0,0.0
2018-10-15 18:00:00+00:00,0.0,0.0,0.0,0.0,0.0
2018-10-15 19:00:00+00:00,0.0,0.0,0.0,0.0,0.0
2018-10-15 20:00:00+00:00,0.0,0.0,0.0,0.0,0.0
2018-10-15 21:00:00+00:00,0.0,0.0,0.0,0.0,0.0
2018-10-15 22:00:00+00:00,0.0,0.0,0.0,0.0,0.0
2018-10-15 23:00:00+00:00,0.0,0.0,0.0,0.0,0.0
2018-10-16 00:00:00+00:00,0.0,0.0,0.0,0.0,0.0
2018-10-16 01:00:00+00:00,0.0,0.0,0.0,0.0,0.0
2018-10-16 02:00:00+00:00,0.0,0.0,0.0,0.0,0.0
2018-10-16 03:00:00+00:00,0.0,0.0,0.0,0.0,0.0
2018-10-16 04:00:00+00:00,17.689453872809608,12.55212528153869,10.80374957087632,11.371849015730188,52.41717774095481
2018-10-16 05:00:00+00:00,51.52412396222198,37.52042496104649,32.810399621741205,34.128604559583486,155.98355310459317
2018-10-16 06:00:00+00:00,83.4592916975462,61.79153707699743,53.700663158841415,55.9361670286884,254.88765896207346
2018-10-16 07:00:00+00:00,107.95857700762201,80.45673032735175,70.08713010859405,72.91784429630249,331.42028173987035
2018-10-16 08:00:00+00:00,123.3301005436748,92.09298319170304,80.39562830450745,63.67384704603704,359.4925590859224
2018-10-16 09:00:00+00:00,128.67445515946716,96.73528065953693,84.26456465440002,78.62150336538431,388.2958038387884
2018-10-16 10:00:00+00:00,125.1224536309098,93.99322016361634,82.23334433786957,85.28400885413463,386.63302698653035
2018-10-16 11:00:00+00:00,112.05569801292336,84.11522321148938,74.03598588886304,76.20658514157702,346.41349225485277
2018-10-16 12:00:00+00:00,89.50666661419106,67.1803709050424,59.652346919349625,60.37369344563528,276.71307788421836
2018-10-16 13:00:00+00:00,57.49937885172268,23.987790886445783,38.761620052083494,37.69313477713851,157.94192456739046
2018-10-16 14:00:00+00:00,9.61297864501767,12.665930529105838,12.420795188276644,9.958484601348646,44.65818896374879
2018-10-16 15:00:00+00:00,0.0,0.0,0.0,0.0,0.0
2018-10-16 16:00:00+00:00,0.0,0.0,0.0,0.0,0.0
2018-10-16 17:00:00+00:00,0.0,0.0,0.0,0.0,0.0
2018-10-16 18:00:00+00:00,0.0,0.0,0.0,0.0,0.0
2018-10-16 19:00:00+00:00,0.0,0.0,0.0,0.0,0.0
2018-10-16 20:00:00+00:00,0.0,0.0,0.0,0.0,0.0
2018-10-16 21:00:00+00:00,0.0,0.0,0.0,0.0,0.0
2018-10-16 22:00:00+00:00,0.0,0.0,0.0,0.0,0.0
2018-10-16 23:00:00+00:00,0.0,0.0,0.0,0.0,0.0
2018-10-17 00:00:00+00:00,0.0,0.0,0.0,0.0,0.0
2018-10-17 01:00:00+00:00,0.0,0.0,0.0,0.0,0.0
2018-10-17 02:00:00+00:00,0.0,0.0,0.0,0.0,0.0
2018-10-17 03:00:00+00:00,0.0,0.0,0.0,0.0,0.0
2018-10-17 04:00:00+00:00,16.958013153691372,12.116587951341243,10.374937008426825,9.123648451193436,48.57318656465287
2018-10-17 05:00:00+00:00,50.45077073820093,36.94917620536645,31.943663233557857,28.535986038371455,147.8795962154967
2018-10-17 06:00:00+00:00,82.66603057211708,61.1247003935531,53.069816069558854,47.54832144536533,244.40886848059438
2018-10-17 07:00:00+00:00,107.41566404180742,79.92828151021803,69.45013966770055,62.15824639467044,318.9523316143965
2018-10-17 08:00:00+00:00,123.16640345006735,91.79879274742643,80.0666557712752,71.00726636713148,366.03911833590047
2018-10-17 09:00:00+00:00,128.56297159169665,95.79660470543935,84.60561394615114,73.23066762228169,382.1958578655689
2018-10-17 10:00:00+00:00,125.57595656323684,93.37299162064323,82.82233654367778,69.44223666920387,371.2135213967617
2018-10-17 11:00:00+00:00,112.78918559098273,83.65338095207996,74.53085153463812,59.32676560115,330.3001836788508
2018-10-17 12:00:00+00:00,53.4664103936677,44.0496577236888,59.620469679982435,43.80350878205178,200.9400465793907
2018-10-17 13:00:00+00:00,15.908921085787444,24.735814730086325,38.24082614058089,22.788862837576872,101.67442479403154
2018-10-17 14:00:00+00:00,8.403841806167248,8.08816150513296,11.711797658055668,2.8560552423596484,31.059856211715523
2018-10-17 15:00:00+00:00,0.0,0.0,0.0,0.0,0.0
2018-10-17 16:00:00+00:00,0.0,0.0,0.0,0.0,0.0
2018-10-17 17:00:00+00:00,0.0,0.0,0.0,0.0,0.0
2018-10-17 18:00:00+00:00,0.0,0.0,0.0,0.0,0.0
2018-10-17 19:00:00+00:00,0.0,0.0,0.0,0.0,0.0
2018-10-17 20:00:00+00:00,0.0,0.0,0.0,0.0,0.0
2018-10-17 21:00:00+00:00,0.0,0.0,0.0,0.0,0.0
2018-10-17 22:00:00+00:00,0.0,0.0,0.0,0.0,0.0
2018-10-17 23:00:00+00:00,0.0,0.0,0.0,0.0,0.0
2018-10-18 00:00:00+00:00,0.0,0.0,0.0,0.0,0.0
2018-10-18 01:00:00+00:00,0.0,0.0,0.0,0.0,0.0
2018-10-18 02:00:00+00:00,0.0,0.0,0.0,0.0,0.0
2018-10-18 03:00:00+00:00,0.0,0.0,0.0,0.0,0.0
2018-10-18 04:00:00+00:00,16.134726678680543,11.542284146667168,10.136172078139571,0.49944433178127484,38.31262723526856
2018-10-18 05:00:00+00:00,48.16185175753295,35.34288524260461,31.211815015210142,29.08798295155309,143.8045349669008
2018-10-18 06:00:00+00:00,78.94630868533875,58.37450367559636,51.61027162396159,38.530832288903284,227.4619162738
2018-10-18 07:00:00+00:00,103.18880795207521,76.55848580723935,67.62448725991497,54.99989160305941,302.371672622289
2018-10-18 08:00:00+00:00,118.99148454705562,88.35153351407683,78.243148515462,75.36620715328783,360.9523737298823
2018-10-18 09:00:00+00:00,124.14406886199055,92.0242579273087,82.19063225224339,77.0662819450751,375.4252409866177
2018-10-18 10:00:00+00:00,121.06336878415522,89.60643546554205,80.24299195658861,63.293041292256774,354.2058374985426
2018-10-18 11:00:00+00:00,107.4831312821548,54.984584208634445,71.60685808716923,62.89982446120709,296.9743980391656
2018-10-18 12:00:00+00:00,80.65457242660123,35.58912834533646,55.6231808116091,40.101501579128154,211.96838316267494
2018-10-18 13:00:00+00:00,29.714972852241104,19.72735997411808,33.9569565851693,19.306122009130483,102.70541142065898
2018-10-18 14:00:00+00:00,9.38696007558605,6.842342824803162,8.339199689788275,1.5285684898451606,26.097071080022648
2018-10-18 15:00:00+00:00,0.0,0.0,0.0,0.0,0.0
2018-10-18 16:00:00+00:00,0.0,0.0,0.0,0.0,0.0
2018-10-18 17:00:00+00:00,0.0,0.0,0.0,0.0,0.0
2018-10-18 18:00:00+00:00,0.0,0.0,0.0,0.0,0.0
2018-10-18 19:00:00+00:00,0.0,0.0,0.0,0.0,0.0
2018-10-18 20:00:00+00:00,0.0,0.0,0.0,0.0,0.0
2018-10-18 21:00:00+00:00,0.0,0.0,0.0,0.0,0.0
2018-10-18 22:00:00+00:00,0.0,0.0,0.0,0.0,0.0
2018-10-18 23:00:00+00:00,0.0,0.0,0.0,0.0,0.0
2018-10-19 00:00:00+00:00,0.0,0.0,0.0,0.0,0.0
2018-10-19 01:00:00+00:00,0.0,0.0,0.0,0.0,0.0
2018-10-19 02:00:00+00:00,0.0,0.0,0.0,0.0,0.0
2018-10-19 03:00:00+00:00,0.0,0.0,0.0,0.0,0.0
2018-10-19 04:00:00+00:00,14.637466494832836,10.129374760704195,8.856450122756074,9.759414438129765,43.38270581642287
2018-10-19 05:00:00+00:00,46.17568790622927,33.19931090040786,28.896818450679376,31.383026655463937,139.65484391278045
2018-10-19 06:00:00+00:00,76.62382200293135,56.03251179226177,48.53692798559918,52.56572743671987,233.75898921751215
2018-10-19 07:00:00+00:00,99.99266764615041,73.77204613153378,64.07665633014673,68.9611231584738,306.80249326630474
2018-10-19 08:00:00+00:00,114.8168738711193,85.05793006936295,74.23463024910176,79.3949991273062,353.50443331689024
2018-10-19 09:00:00+00:00,123.00515183451546,91.7786105897431,80.47414197679403,84.27996280826287,379.53786720931544
2018-10-19 10:00:00+00:00,118.80338100465065,88.84255550492146,55.586027343447846,81.27279931468232,344.5047631677022
2018-10-19 11:00:00+00:00,104.87387558587099,49.19962314542587,69.38519162170955,37.78132046290543,261.2400108159119
2018-10-19 12:00:00+00:00,80.82576709437745,34.39712293064656,54.06827932871531,42.48939345622019,211.78056280995952
2018-10-19 13:00:00+00:00,30.19026460950424,22.717888307349405,32.50584227066281,31.16170473565552,116.57569992317198
2018-10-19 14:00:00+00:00,9.986501317927184,7.290378323173551,7.567690342456522,5.156655672138257,30.001225655695514
2018-10-19 15:00:00+00:00,0.0,0.0,0.0,0.0,0.0
2018-10-19 16:00:00+00:00,0.0,0.0,0.0,0.0,0.0
2018-10-19 17:00:00+00:00,0.0,0.0,0.0,0.0,0.0
2018-10-19 18:00:00+00:00,0.0,0.0,0.0,0.0,0.0
2018-10-19 19:00:00+00:00,0.0,0.0,0.0,0.0,0.0
2018-10-19 20:00:00+00:00,0.0,0.0,0.0,0.0,0.0
2018-10-19 21:00:00+00:00,0.0,0.0,0.0,0.0,0.0
2018-10-19 22:00:00+00:00,0.0,0.0,0.0,0.0,0.0
2018-10-19 23:00:00+00:00,0.0,0.0,0.0,0.0,0.0
2018-10-20 00:00:00+00:00,0.0,0.0,0.0,0.0,0.0
2018-10-20 01:00:00+00:00,0.0,0.0,0.0,0.0,0.0
2018-10-20 02:00:00+00:00,0.0,0.0,0.0,0.0,0.0
2018-10-20 03:00:00+00:00,0.0,0.0,0.0,0.0,0.0
2018-10-20 04:00:00+00:00,14.809857903107961,10.62694277749555,9.188032672723065,0.29914477312221494,34.923978126448795
2018-10-20 05:00:00+00:00,46.5553297692594,34.283128147218505,29.738611730979922,23.278980440637334,133.85605008809517
2018-10-20 06:00:00+00:00,77.18606795168458,57.12467829620755,49.76223144722056,36.148812593044816,220.2217902881575
2018-10-20 07:00:00+00:00,101.39836106933342,75.15092948120198,65.56714451366153,66.80853744526576,308.9249725094627
2018-10-20 08:00:00+00:00,116.64109838842055,86.7542311142935,75.85791898865699,61.77000127176374,341.0232497631348
2018-10-20 09:00:00+00:00,122.81276021329478,91.68120065808668,53.018808750776145,82.780680971224,350.29345059338164
2018-10-20 10:00:00+00:00,106.87766227734866,63.446328373154294,78.0224958237701,63.50335965375614,311.8498461280292
2018-10-20 11:00:00+00:00,104.63518181797208,55.4725385483793,69.20481132350369,50.95953211814789,280.27206380800294
2018-10-20 12:00:00+00:00,74.1846502850136,55.50765316489734,50.08853662020085,30.41701920952199,210.19785927963378
2018-10-20 13:00:00+00:00,41.56047805621603,22.521432194852558,29.19437146495829,4.898190413982306,98.17447213000919
2018-10-20 14:00:00+00:00,7.1084626014222065,5.48677055190873,2.990660127255124,2.3502427687599976,17.93613604934606
2018-10-20 15:00:00+00:00,0.0,0.0,0.0,0.0,0.0
2018-10-20 16:00:00+00:00,0.0,0.0,0.0,0.0,0.0
2018-10-20 17:00:00+00:00,0.0,0.0,0.0,0.0,0.0
2018-10-20 18:00:00+00:00,0.0,0.0,0.0,0.0,0.0
2018-10-20 19:00:00+00:00,0.0,0.0,0.0,0.0,0.0
2018-10-20 20:00:00+00:00,0.0,0.0,0.0,0.0,0.0
2018-10-20 21:00:00+00:00,0.0,0.0,0.0,0.0,0.0
2018-10-20 22:00:00+00:00,0.0,0.0,0.0,0.0,0.0
2018-10-20 23:00:00+00:00,0.0,0.0,0.0,0.0,0.0
2018-10-21 00:00:00+00:00,0.0,0.0,0.0,0.0,0.0
2018-10-21 01:00:00+00:00,0.0,0.0,0.0,0.0,0.0
2018-10-21 02:00:00+00:00,0.0,0.0,0.0,0.0,0.0
2018-10-21 03:00:00+00:00,0.0,0.0,0.0,0.0,0.0
2018-10-21 04:00:00+00:00,16.798121363468212,11.983270173456742,10.281347567983866,0.7516071874094004,39.81434629231822
2018-10-21 05:00:00+00:00,51.65196150573567,37.78029469660937,32.63736591254222,33.49502050188502,155.5646426167723
2018-10-21 06:00:00+00:00,84.35860619367233,62.49877001938975,54.0563899893189,55.860403350811566,256.77416955319256
2018-10-21 07:00:00+00:00,109.56868221991698,81.55039332515109,70.51448535543969,44.057316000262034,305.6908769007698
2018-10-21 08:00:00+00:00,125.44158996405713,93.39293001511727,81.06310662707757,83.73072238829172,383.62834899454367
2018-10-21 09:00:00+00:00,130.6762829461461,97.00156788922541,84.34121310752988,52.70510455372633,364.7241684966277
2018-10-21 10:00:00+00:00,126.91260834364346,94.11638046437764,82.00390220204005,40.144087055813856,343.176978065875
2018-10-21 11:00:00+00:00,112.87423659460677,83.35779121217732,72.80458978636474,75.18876779429266,344.2253853874415
2018-10-21 12:00:00+00:00,88.11495958131135,64.46091716596374,56.38901725932291,38.893266058047224,247.85816006464523
2018-10-21 13:00:00+00:00,53.06483160749013,38.37204428400533,33.7341184690407,6.195015674044733,131.36601003458088
2018-10-21 14:00:00+00:00,10.477078847186425,7.39800558675021,7.1010597184720945,6.273069594772059,31.24921374718079
2018-10-21 15:00:00+00:00,0.0,0.0,0.0,0.0,0.0
2018-10-21 16:00:00+00:00,0.0,0.0,0.0,0.0,0.0
2018-10-21 17:00:00+00:00,0.0,0.0,0.0,0.0,0.0
2018-10-21 18:00:00+00:00,0.0,0.0,0.0,0.0,0.0
2018-10-21 19:00:00+00:00,0.0,0.0,0.0,0.0,0.0
2018-10-21 20:00:00+00:00,0.0,0.0,0.0,0.0,0.0
2018-10-21 21:00:00+00:00,0.0,0.0,0.0,0.0,0.0
2018-10-21 22:00:00+00:00,0.0,0.0,0.0,0.0,0.0
2018-10-21 23:00:00+00:00,0.0,0.0,0.0,0.0,0.0
2018-10-22 00:00:00+00:00,0.0,0.0,0.0,0.0,0.0
2018-10-22 01:00:00+00:00,0.0,0.0,0.0,0.0,0.0
2018-10-22 02:00:00+00:00,0.0,0.0,0.0,0.0,0.0
2018-10-22 03:00:00+00:00,0.0,0.0,0.0,0.0,0.0
2018-10-22 04:00:00+00:00,0.7221898346491661,0.516533701744853,0.382096750586038,8.906811332157666,10.527631619137724
2018-10-22 05:00:00+00:00,32.35341948862907,31.95328361073829,23.47357601231891,29.715551741319736,117.495830853006
2018-10-22 06:00:00+00:00,73.80006869295832,54.196420342477424,47.09645257772167,49.933046256915375,225.0259878700728
2018-10-22 07:00:00+00:00,74.69702755219156,71.6558893668342,52.16622152092689,65.62857468493263,264.1477131248853
2018-10-22 08:00:00+00:00,76.12197445023853,82.8437120359755,72.17064066505762,75.49571060584621,306.63203775711787
2018-10-22 09:00:00+00:00,118.32350966575763,88.25647122453009,77.10332844970132,79.74357040228112,363.42687974227016
2018-10-22 10:00:00+00:00,114.5878180239375,85.59367752447882,56.82580224395433,76.53996345327758,333.5472612456482
2018-10-22 11:00:00+00:00,101.15668453900994,29.442831155531163,44.73784423755268,53.880877889667346,229.21823782176114
2018-10-22 12:00:00+00:00,74.00059939904324,38.657132714752564,49.13690766839698,34.687043074922165,196.48168285711495
2018-10-22 13:00:00+00:00,41.567996013594794,18.08702868205376,28.183054163611228,14.541891374741024,102.37997023400081
2018-10-22 14:00:00+00:00,6.4355899830278975,4.522257059908771,4.989844157325008,3.053632668093152,19.001323868354827
2018-10-22 15:00:00+00:00,0.0,0.0,0.0,0.0,0.0
2018-10-22 16:00:00+00:00,0.0,0.0,0.0,0.0,0.0
2018-10-22 17:00:00+00:00,0.0,0.0,0.0,0.0,0.0
2018-10-22 18:00:00+00:00,0.0,0.0,0.0,0.0,0.0
2018-10-22 19:00:00+00:00,0.0,0.0,0.0,0.0,0.0
2018-10-22 20:00:00+00:00,0.0,0.0,0.0,0.0,0.0
2018-10-22 21:00:00+00:00,0.0,0.0,0.0,0.0,0.0
2018-10-22 22:00:00+00:00,0.0,0.0,0.0,0.0,0.0
2018-10-22 23:00:00+00:00,0.0,0.0,0.0,0.0,0.0
2018-10-23 00:00:00+00:00,0.0,0.0,0.0,0.0,0.0
2018-10-23 01:00:00+00:00,0.0,0.0,0.0,0.0,0.0
2018-10-23 02:00:00+00:00,0.0,0.0,0.0,0.0,0.0
2018-10-23 03:00:00+00:00,0.0,0.0,0.0,0.0,0.0
2018-10-23 04:00:00+00:00,5.566098762629123,8.897104484045261,0.3777732729701977,7.822433349848973,22.663409869493556
2018-10-23 05:00:00+00:00,42.90084042165092,13.653483855027972,27.554942083269136,9.956338745075112,94.06560510502314
2018-10-23 06:00:00+00:00,65.57041967343973,43.28100160064535,47.16735509894697,47.68496826730819,203.70374464034023
2018-10-23 07:00:00+00:00,95.94151675445241,63.81156532611561,43.33819602866529,46.7160101126274,249.80728822186072
2018-10-23 08:00:00+00:00,110.89509339165878,82.53760711964384,72.6020926076434,54.11904399008067,320.1538371090267
2018-10-23 09:00:00+00:00,110.88976145869482,62.723283472184306,59.03464144693663,73.83012463844494,306.4778110162607
2018-10-23 10:00:00+00:00,72.7937416701034,50.87611673841673,74.76359574502234,70.23457954281864,268.66803369636114
2018-10-23 11:00:00+00:00,57.36204916494782,41.72537337545903,66.62192361831703,41.4573336300096,207.16667978873346
2018-10-23 12:00:00+00:00,39.980770715775606,35.61132199234364,24.74917169439179,19.145415264489074,119.48667966700012
2018-10-23 13:00:00+00:00,13.13648200338848,27.513780250986187,15.283039635956031,5.6716446602116735,61.60494655054237
2018-10-23 14:00:00+00:00,8.321686778062537,4.93189597636133,4.290466004645535,2.071016685445522,19.615065444514922
2018-10-23 15:00:00+00:00,0.0,0.0,0.0,0.0,0.0
2018-10-23 16:00:00+00:00,0.0,0.0,0.0,0.0,0.0
2018-10-23 17:00:00+00:00,0.0,0.0,0.0,0.0,0.0
2018-10-23 18:00:00+00:00,0.0,0.0,0.0,0.0,0.0
2018-10-23 19:00:00+00:00,0.0,0.0,0.0,0.0,0.0
2018-10-23 20:00:00+00:00,0.0,0.0,0.0,0.0,0.0
2018-10-23 21:00:00+00:00,0.0,0.0,0.0,0.0,0.0
2018-10-23 22:00:00+00:00,0.0,0.0,0.0,0.0,0.0
2018-10-23 23:00:00+00:00,0.0,0.0,0.0,0.0,0.0
2018-10-24 00:00:00+00:00,0.0,0.0,0.0,0.0,0.0
2018-10-24 01:00:00+00:00,0.0,0.0,0.0,0.0,0.0
2018-10-24 02:00:00+00:00,0.0,0.0,0.0,0.0,0.0
2018-10-24 03:00:00+00:00,0.0,0.0,0.0,0.0,0.0
2018-10-24 04:00:00+00:00,14.569944530118432,10.411759517659492,8.805389817235392,0.29552897053164584,34.08262283554497
2018-10-24 05:00:00+00:00,46.85107762241789,34.42651116493262,29.64452988212258,9.524042488791034,120.44616115826413
2018-10-24 06:00:00+00:00,77.58675627526488,57.3487568978895,49.784308760671436,43.21094968687554,227.93077162070136
2018-10-24 07:00:00+00:00,101.35247110957607,75.0126001600161,65.46081236885142,65.43921001944267,307.26509365788627
2018-10-24 08:00:00+00:00,116.41767046546057,86.14363499801368,75.32097365245227,76.15970511008263,354.04198422600916
2018-10-24 09:00:00+00:00,121.65385938399835,90.04272789245289,79.3439332314537,81.33797927435674,372.37849978226166
2018-10-24 10:00:00+00:00,118.9855387528691,87.72946722069116,77.7766332307485,74.2018732739038,358.69351247821254
2018-10-24 11:00:00+00:00,106.51594873028489,77.98460183126028,69.46697091229984,66.95269367467708,320.92021514852206
2018-10-24 12:00:00+00:00,86.17247565767732,62.63005908701241,55.29546452378236,37.481891878338345,241.57989114681044
2018-10-24 13:00:00+00:00,52.20003208667178,36.80466178528008,33.09246486572166,30.33397333909164,152.43113207676518
2018-10-24 14:00:00+00:00,2.9374915612360293,6.503504251170796,6.553827390413093,3.7091543212111637,19.70397752403108
2018-10-24 15:00:00+00:00,0.0,0.0,0.0,0.0,0.0
2018-10-24 16:00:00+00:00,0.0,0.0,0.0,0.0,0.0
2018-10-24 17:00:00+00:00,0.0,0.0,0.0,0.0,0.0
2018-10-24 18:00:00+00:00,0.0,0.0,0.0,0.0,0.0
2018-10-24 19:00:00+00:00,0.0,0.0,0.0,0.0,0.0
2018-10-24 20:00:00+00:00,0.0,0.0,0.0,0.0,0.0
2018-10-24 21:00:00+00:00,0.0,0.0,0.0,0.0,0.0
2018-10-24 22:00:00+00:00,0.0,0.0,0.0,0.0,0.0
2018-10-24 23:00:00+00:00,0.0,0.0,0.0,0.0,0.0
2018-10-25 00:00:00+00:00,0.0,0.0,0.0,0.0,0.0
2018-10-25 01:00:00+00:00,0.0,0.0,0.0,0.0,0.0
2018-10-25 02:00:00+00:00,0.0,0.0,0.0,0.0,0.0
2018-10-25 03:00:00+00:00,0.0,0.0,0.0,0.0,0.0
2018-10-25 04:00:00+00:00,0.6630205974076933,2.535175229162175,0.3791150418854585,1.8729202055335354,5.450231073988863
2018-10-25 05:00:00+00:00,23.78013908429595,3.6482957486621723,25.63804824918332,27.986324178386162,81.0528072605276
2018-10-25 06:00:00+00:00,39.959268780477544,18.99981307019476,37.82657807802474,33.79926092350448,130.58492085220152
2018-10-25 07:00:00+00:00,3.0442805002054847,20.050966528355445,4.51093878762813,64.88146511557005,92.4876509317591
2018-10-25 08:00:00+00:00,16.611170703508336,12.769924863771088,4.4068305503127325,74.59441930350916,108.38234542110132
2018-10-25 09:00:00+00:00,15.607265404113662,19.173801265808386,3.759366726036976,57.94570337366585,96.48613676962486
2018-10-25 10:00:00+00:00,43.353417717863344,41.4589019364881,25.020726343878128,43.60314125023861,153.43618724846817
2018-10-25 11:00:00+00:00,5.429993748890796,15.524158136965356,2.850136816902681,2.89738266099447,26.701671363753302
2018-10-25 12:00:00+00:00,8.102531522207371,1.0348468082628877,1.0172054264192725,43.18893543947125,53.34351919636078
2018-10-25 13:00:00+00:00,21.188743144521098,10.604917690954409,23.946517363909354,20.689085299545177,76.42926349893003
2018-10-25 14:00:00+00:00,3.1414374469317137,1.8719760866468156,3.1138727065538037,1.3684662366085742,9.495752476740906
2018-10-25 15:00:00+00:00,0.0,0.0,0.0,0.0,0.0
2018-10-25 16:00:00+00:00,0.0,0.0,0.0,0.0,0.0
2018-10-25 17:00:00+00:00,0.0,0.0,0.0,0.0,0.0
2018-10-25 18:00:00+00:00,0.0,0.0,0.0,0.0,0.0
2018-10-25 19:00:00+00:00,0.0,0.0,0.0,0.0,0.0
2018-10-25 20:00:00+00:00,0.0,0.0,0.0,0.0,0.0
2018-10-25 21:00:00+00:00,0.0,0.0,0.0,0.0,0.0
2018-10-25 22:00:00+00:00,0.0,0.0,0.0,0.0,0.0
2018-10-25 23:00:00+00:00,0.0,0.0,0.0,0.0,0.0
2018-10-26 00:00:00+00:00,0.0,0.0,0.0,0.0,0.0
2018-10-26 01:00:00+00:00,0.0,0.0,0.0,0.0,0.0
2018-10-26 02:00:00+00:00,0.0,0.0,0.0,0.0,0.0
2018-10-26 03:00:00+00:00,0.0,0.0,0.0,0.0,0.0
2018-10-26 04:00:00+00:00,16.034618303639856,11.146943282272826,9.516611327619694,10.406683250637897,47.10485616417027
2018-10-26 05:00:00+00:00,5.349534477371691,36.801042371083035,32.4896423349404,34.99733627876896,109.63755546216407
2018-10-26 06:00:00+00:00,28.743436350845947,61.51089638162394,19.68693975044518,58.406276429624356,168.34754891253942
2018-10-26 07:00:00+00:00,90.888362597075,43.27776712958482,71.4524057633057,55.598160204623795,261.2166956945893
2018-10-26 08:00:00+00:00,127.12504828008838,76.80096916717845,82.7640259084293,54.512135501666904,341.20217885736304
2018-10-26 09:00:00+00:00,137.18462582754194,85.52926394594516,89.32246506614071,12.8414810527299,324.87783589235767
2018-10-26 10:00:00+00:00,135.60093066770514,101.74686163563487,88.12530482183787,46.536941744857444,372.0100388700354
2018-10-26 11:00:00+00:00,122.73081173690593,91.71228392804672,79.84501625390413,83.50856214830256,377.7966740671593
2018-10-26 12:00:00+00:00,98.32237178345835,73.11869450708029,64.43396748205332,67.01018306203022,302.88521683462216
2018-10-26 13:00:00+00:00,62.509489141258754,46.1403128264517,41.14265191670098,42.961932763438654,192.75438664785008
2018-10-26 14:00:00+00:00,15.06787850000519,10.84679860033941,10.541981354465381,10.389360950594648,46.84601940540463
2018-10-26 15:00:00+00:00,0.0,0.0,0.0,0.0,0.0
2018-10-26 16:00:00+00:00,0.0,0.0,0.0,0.0,0.0
2018-10-26 17:00:00+00:00,0.0,0.0,0.0,0.0,0.0
2018-10-26 18:00:00+00:00,0.0,0.0,0.0,0.0,0.0
2018-10-26 19:00:00+00:00,0.0,0.0,0.0,0.0,0.0
2018-10-26 20:00:00+00:00,0.0,0.0,0.0,0.0,0.0
2018-10-26 21:00:00+00:00,0.0,0.0,0.0,0.0,0.0
2018-10-26 22:00:00+00:00,0.0,0.0,0.0,0.0,0.0
2018-10-26 23:00:00+00:00,0.0,0.0,0.0,0.0,0.0
2018-10-27 00:00:00+00:00,0.0,0.0,0.0,0.0,0.0
2018-10-27 01:00:00+00:00,0.0,0.0,0.0,0.0,0.0
2018-10-27 02:00:00+00:00,0.0,0.0,0.0,0.0,0.0
2018-10-27 03:00:00+00:00,0.0,0.0,0.0,0.0,0.0
2018-10-27 04:00:00+00:00,19.51392301158664,14.216053765393635,12.031325979130244,13.477380494777517,59.238683250888045
2018-10-27 05:00:00+00:00,58.14419052024529,43.159537548144925,37.02785402124936,39.79368925790324,178.12527134754282
2018-10-27 06:00:00+00:00,92.93375389277637,69.39818139919521,59.90304836730579,63.35838334390071,285.59336700317806
2018-10-27 07:00:00+00:00,119.28701529138417,89.50966553601855,77.3873468187474,81.57603843161273,367.7600660777629
2018-10-27 08:00:00+00:00,135.9820233856463,102.28808876589804,88.52570161298902,92.817898613178,419.61371237771135
2018-10-27 09:00:00+00:00,141.70921086761976,106.87295945917624,92.5086194268371,97.17494229497862,438.2657320486117
2018-10-27 10:00:00+00:00,138.56499906065707,104.50634098357489,90.55787290651095,94.71034058891983,428.33955353966275
2018-10-27 11:00:00+00:00,125.42578111602671,94.56359293064673,82.18711383690506,85.20589926283492,387.3823871464134
2018-10-27 12:00:00+00:00,100.0916927256938,75.28991300433968,65.80918147555745,68.81715790677957,310.0079451123705
2018-10-27 13:00:00+00:00,66.015721630595,49.32347148288382,43.58052293909751,45.09452287059652,204.01423892317285
2018-10-27 14:00:00+00:00,19.67498434084863,14.335243108432742,13.638198217670936,12.950447572449313,60.59887323940162
2018-10-27 15:00:00+00:00,0.0,0.0,0.0,0.0,0.0
2018-10-27 16:00:00+00:00,0.0,0.0,0.0,0.0,0.0
2018-10-27 17:00:00+00:00,0.0,0.0,0.0,0.0,0.0
2018-10-27 18:00:00+00:00,0.0,0.0,0.0,0.0,0.0
2018-10-27 19:00:00+00:00,0.0,0.0,0.0,0.0,0.0
2018-10-27 20:00:00+00:00,0.0,0.0,0.0,0.0,0.0
2018-10-27 21:00:00+00:00,0.0,0.0,0.0,0.0,0.0
2018-10-27 22:00:00+00:00,0.0,0.0,0.0,0.0,0.0
2018-10-27 23:00:00+00:00,0.0,0.0,0.0,0.0,0.0
2018-10-28 00:00:00+00:00,0.0,0.0,0.0,0.0,0.0
2018-10-28 01:00:00+00:00,0.0,0.0,0.0,0.0,0.0
2018-10-28 02:00:00+00:00,0.0,0.0,0.0,0.0,0.0
2018-10-28 03:00:00+00:00,0.0,0.0,0.0,0.0,0.0
2018-10-28 04:00:00+00:00,20.517720757130675,14.928942144001436,12.492278834833023,14.243653571608341,62.18259530757348
2018-10-28 05:00:00+00:00,59.656031594748285,44.34640953112271,38.159901394892614,41.440508158881556,183.60285067964517
2018-10-28 06:00:00+00:00,94.22883719154879,70.45831854259399,60.73874624749912,65.13120147866519,290.5571034603071
2018-10-28 07:00:00+00:00,120.31263676372181,90.22877590750478,77.77053291229288,82.89390295936613,371.2058485428856
2018-10-28 08:00:00+00:00,136.84792737546363,102.77906609390875,88.68106643626241,93.92168736693033,422.22974727256513
2018-10-28 09:00:00+00:00,142.06002121160546,106.67059394436589,91.91108370657277,98.14831785349301,438.79001671603714
2018-10-28 10:00:00+00:00,138.3362882085943,104.29568593336711,89.97941640761258,95.72362592008702,428.335016469661
2018-10-28 11:00:00+00:00,125.05410721435032,93.71176015463831,80.88411862714254,86.29243796069272,385.9424239568239
2018-10-28 12:00:00+00:00,101.689306829721,75.93452259106047,65.78502373773769,69.13333014774,312.5421833062592
2018-10-28 13:00:00+00:00,67.45218703082351,49.8990859960807,43.44015049493027,45.07374319654127,205.86516671837575
2018-10-28 14:00:00+00:00,20.079110260675847,14.041137576144017,12.667074598091771,11.468712153865898,58.25603458877754
2018-10-28 15:00:00+00:00,0.0,0.0,0.0,0.0,0.0
2018-10-28 16:00:00+00:00,0.0,0.0,0.0,0.0,0.0
2018-10-28 17:00:00+00:00,0.0,0.0,0.0,0.0,0.0
2018-10-28 18:00:00+00:00,0.0,0.0,0.0,0.0,0.0
2018-10-28 19:00:00+00:00,0.0,0.0,0.0,0.0,0.0
2018-10-28 20:00:00+00:00,0.0,0.0,0.0,0.0,0.0
2018-10-28 21:00:00+00:00,0.0,0.0,0.0,0.0,0.0
2018-10-28 22:00:00+00:00,0.0,0.0,0.0,0.0,0.0
2018-10-28 23:00:00+00:00,0.0,0.0,0.0,0.0,0.0
2018-10-29 00:00:00+00:00,0.0,0.0,0.0,0.0,0.0
2018-10-29 01:00:00+00:00,0.0,0.0,0.0,0.0,0.0
2018-10-29 02:00:00+00:00,0.0,0.0,0.0,0.0,0.0
2018-10-29 03:00:00+00:00,0.0,0.0,0.0,0.0,0.0
2018-10-29 04:00:00+00:00,20.25846079837776,14.316531907265794,12.021735047233499,11.96680169855868,58.56352945143573
2018-10-29 05:00:00+00:00,59.749957981701186,43.78848014304952,37.65060092509289,38.14257673366676,179.33161578351036
2018-10-29 06:00:00+00:00,94.49500630660354,69.96097268238108,60.447501178169496,61.58179565041854,286.48527581757264
2018-10-29 07:00:00+00:00,120.59340268544409,89.64283872874583,77.49110194501277,79.21994197390349,366.94728533310615
2018-10-29 08:00:00+00:00,136.6431356882988,101.85398132024169,88.09361878431696,90.12515192100764,416.7158877138651
2018-10-29 09:00:00+00:00,141.04912181985836,105.97240693230073,90.96921213675488,93.98428261504769,431.97502350396167
2018-10-29 10:00:00+00:00,137.0006807224388,102.21623108134295,88.55874535614527,91.12140542727782,418.89706258720486
2018-10-29 11:00:00+00:00,123.11866583137441,91.58021985659882,78.7983688069445,80.64326249148914,374.14051698640685
2018-10-29 12:00:00+00:00,94.50600170126458,69.38916888130102,58.434343743382854,65.03624178193922,287.36575610788765
2018-10-29 13:00:00+00:00,58.77723680128692,42.51081427157575,35.102220159938945,40.87552895185807,177.26580018465967
2018-10-29 14:00:00+00:00,11.553846379251532,8.094942749593718,6.092189995448672,7.642041231716087,33.38302035601001
2018-10-29 15:00:00+00:00,0.0,0.0,0.0,0.0,0.0
2018-10-29 16:00:00+00:00,0.0,0.0,0.0,0.0,0.0
2018-10-29 17:00:00+00:00,0.0,0.0,0.0,0.0,0.0
2018-10-29 18:00:00+00:00,0.0,0.0,0.0,0.0,0.0
2018-10-29 19:00:00+00:00,0.0,0.0,0.0,0.0,0.0
2018-10-29 20:00:00+00:00,0.0,0.0,0.0,0.0,0.0
2018-10-29 21:00:00+00:00,0.0,0.0,0.0,0.0,0.0
2018-10-29 22:00:00+00:00,0.0,0.0,0.0,0.0,0.0
2018-10-29 23:00:00+00:00,0.0,0.0,0.0,0.0,0.0
2018-10-30 00:00:00+00:00,0.0,0.0,0.0,0.0,0.0
2018-10-30 01:00:00+00:00,0.0,0.0,0.0,0.0,0.0
2018-10-30 02:00:00+00:00,0.0,0.0,0.0,0.0,0.0
2018-10-30 03:00:00+00:00,0.0,0.0,0.0,0.0,0.0
2018-10-30 04:00:00+00:00,17.942281331293827,12.511149346352818,9.537031640114074,12.780410391806942,52.770872709567655
2018-10-30 05:00:00+00:00,56.673405743327365,40.85165144120873,33.54915786663862,39.23233130666182,170.30654635783654
2018-10-30 06:00:00+00:00,91.42927425276568,66.63769489631079,55.79433977144367,62.60832525086576,276.4696341713859
2018-10-30 07:00:00+00:00,116.70703191463507,85.8700892317946,72.46615602298024,80.01818158020785,355.0614587496177
2018-10-30 08:00:00+00:00,132.1314127124745,98.12595222891159,83.02417532155643,90.94078606618922,404.22232632913176
2018-10-30 09:00:00+00:00,131.83534379333454,97.34326989421096,82.99024726937411,93.6994431008959,405.8683040578155
2018-10-30 10:00:00+00:00,128.02216518785585,94.55291159687226,80.52433925181138,91.32591083507137,394.4253268716109
2018-10-30 11:00:00+00:00,113.92179561634978,83.83881834954187,71.29295038153225,82.12635734712532,351.1799216945492
2018-10-30 12:00:00+00:00,89.13841114044321,65.05334945766741,54.95761841037855,65.70674442675775,274.8561234352469
2018-10-30 13:00:00+00:00,53.288615996829606,38.23800942537481,31.86647460201322,41.8560392111131,165.24913923533074
2018-10-30 14:00:00+00:00,8.129395532474957,5.653533232998009,4.533192080409713,8.461535689099183,26.777656534981862
2018-10-30 15:00:00+00:00,0.0,0.0,0.0,0.0,0.0
2018-10-30 16:00:00+00:00,0.0,0.0,0.0,0.0,0.0
2018-10-30 17:00:00+00:00,0.0,0.0,0.0,0.0,0.0
2018-10-30 18:00:00+00:00,0.0,0.0,0.0,0.0,0.0
2018-10-30 19:00:00+00:00,0.0,0.0,0.0,0.0,0.0
2018-10-30 20:00:00+00:00,0.0,0.0,0.0,0.0,0.0
2018-10-30 21:00:00+00:00,0.0,0.0,0.0,0.0,0.0
2018-10-30 22:00:00+00:00,0.0,0.0,0.0,0.0,0.0
2018-10-30 23:00:00+00:00,0.0,0.0,0.0,0.0,0.0
2018-10-31 00:00:00+00:00,0.0,0.0,0.0,0.0,0.0
2018-10-31 01:00:00+00:00,0.0,0.0,0.0,0.0,0.0
2018-10-31 02:00:00+00:00,0.0,0.0,0.0,0.0,0.0
2018-10-31 03:00:00+00:00,0.0,0.0,0.0,0.0,0.0
2018-10-31 04:00:00+00:00,15.523498172023501,11.104347440872989,8.867748849161893,12.283857243778158,47.77945170583654
2018-10-31 05:00:00+00:00,52.636886882411964,38.558995180939945,32.47318626442002,38.36904414846134,162.03811247623327
2018-10-31 06:00:00+00:00,86.58491160610727,63.953382518325434,54.467378810892704,61.53115057068386,266.5368235060093
2018-10-31 07:00:00+00:00,111.89170943257727,83.05872940298318,71.08955443458999,78.84407311336247,344.8840663835129
2018-10-31 08:00:00+00:00,127.39359384041425,94.70176127033082,81.58694629327223,89.82262824788697,393.50492965190426
2018-10-31 09:00:00+00:00,132.2714058043074,98.6231439790505,84.68380656394885,93.0912592583814,408.66961560568814
2018-10-31 10:00:00+00:00,128.63014885773052,95.81810820244338,82.44171102412622,90.4050252364112,397.29499332071134
2018-10-31 11:00:00+00:00,114.74154778823777,85.41226924402457,73.54323203268906,80.77074757625506,354.46779664120646
2018-10-31 12:00:00+00:00,87.34321344195001,64.3808095881191,55.55390117893093,63.816356227930996,271.09428043693106
2018-10-31 13:00:00+00:00,52.156043081242984,37.8749868547048,32.70852406738217,40.090000344138204,162.82955434746816
2018-10-31 14:00:00+00:00,7.86667587112632,5.488365609336375,4.959298592105151,7.397822226504582,25.712162299072425
2018-10-31 15:00:00+00:00,0.0,0.0,0.0,0.0,0.0
2018-10-31 16:00:00+00:00,0.0,0.0,0.0,0.0,0.0
2018-10-31 17:00:00+00:00,0.0,0.0,0.0,0.0,0.0
2018-10-31 18:00:00+00:00,0.0,0.0,0.0,0.0,0.0
2018-10-31 19:00:00+00:00,0.0,0.0,0.0,0.0,0.0
2018-10-31 20:00:00+00:00,0.0,0.0,0.0,0.0,0.0
2018-10-31 21:00:00+00:00,0.0,0.0,0.0,0.0,0.0
2018-10-31 22:00:00+00:00,0.0,0.0,0.0,0.0,0.0
2018-10-31 23:00:00+00:00,0.0,0.0,0.0,0.0,0.0
2018-11-01 00:00:00+00:00,0.0,0.0,0.0,0.0,0.0
2018-11-01 01:00:00+00:00,0.0,0.0,0.0,0.0,0.0
2018-11-01 02:00:00+00:00,0.0,0.0,0.0,0.0,0.0
2018-11-01 03:00:00+00:00,0.0,0.0,0.0,0.0,0.0
2018-11-01 04:00:00+00:00,17.927316151107508,12.468609380203484,9.95633897931564,12.920938961435715,53.27320347206235
2018-11-01 05:00:00+00:00,56.754376914991255,41.16872843079554,34.89150541388105,39.440416696778726,172.25502745644658
2018-11-01 06:00:00+00:00,91.30663148794906,67.03227437545267,57.53197887358575,62.71116223132523,278.58204696831274
2018-11-01 07:00:00+00:00,117.13306157868846,86.78824786863169,74.64470725526922,79.98005729736627,358.54607399995564
2018-11-01 08:00:00+00:00,133.4757562841002,99.23776251126561,85.769064036295,91.17941249545368,409.6619953271145
2018-11-01 09:00:00+00:00,138.75942774253173,103.31054663660353,89.14064339904989,94.33976347764863,425.5503812558338
2018-11-01 10:00:00+00:00,135.3462241653463,100.7922968781036,87.21165308876907,91.75070564085529,415.10087977307427
2018-11-01 11:00:00+00:00,121.92852424795592,90.68403321490074,78.71887802005098,82.22492626045074,373.55636174335837
2018-11-01 12:00:00+00:00,97.31785657895193,72.01534621285748,62.7858263532365,65.39527321157232,297.51430235661826
2018-11-01 13:00:00+00:00,62.36462035137836,45.48772588151826,40.17024712319873,41.108089757742235,189.13068311383756
2018-11-01 14:00:00+00:00,13.636682338004555,9.3970664343418,9.07237699297471,7.162173146738009,39.26829891205908
2018-11-01 15:00:00+00:00,0.0,0.0,0.0,0.0,0.0
2018-11-01 16:00:00+00:00,0.0,0.0,0.0,0.0,0.0
2018-11-01 17:00:00+00:00,0.0,0.0,0.0,0.0,0.0
2018-11-01 18:00:00+00:00,0.0,0.0,0.0,0.0,0.0
2018-11-01 19:00:00+00:00,0.0,0.0,0.0,0.0,0.0
2018-11-01 20:00:00+00:00,0.0,0.0,0.0,0.0,0.0
2018-11-01 21:00:00+00:00,0.0,0.0,0.0,0.0,0.0
2018-11-01 22:00:00+00:00,0.0,0.0,0.0,0.0,0.0
2018-11-01 23:00:00+00:00,0.0,0.0,0.0,0.0,0.0
2018-11-02 00:00:00+00:00,0.0,0.0,0.0,0.0,0.0
2018-11-02 01:00:00+00:00,0.0,0.0,0.0,0.0,0.0
2018-11-02 02:00:00+00:00,0.0,0.0,0.0,0.0,0.0
2018-11-02 03:00:00+00:00,0.0,0.0,0.0,0.0,0.0
2018-11-02 04:00:00+00:00,16.23280032135575,11.822945006566554,9.620051175316634,11.122998393317069,48.798794896556004
2018-11-02 05:00:00+00:00,52.83999375528694,39.324313487422984,33.281094089090196,36.828877119809825,162.27427845160994
2018-11-02 06:00:00+00:00,85.91853320692778,64.03712110647858,54.6872277234362,59.782234728940196,264.4251167657827
2018-11-02 07:00:00+00:00,110.91188616551875,83.09631725134436,70.94560362234243,76.90934000562864,341.8631470448342
2018-11-02 08:00:00+00:00,126.696090361296,94.77657960061303,81.48729483960528,87.38467529778734,390.34464009930167
2018-11-02 09:00:00+00:00,131.89187557320787,75.03079608299187,85.58893136080405,91.49181999378813,384.0034230107919
2018-11-02 10:00:00+00:00,128.29464020349513,96.31296262750404,82.99958733756931,88.69983501224424,396.30702518081273
2018-11-02 11:00:00+00:00,114.47410630904923,85.78596237663491,74.03562754784791,78.89033914248051,353.18603537601257
2018-11-02 12:00:00+00:00,57.24836525866941,68.32461773484432,58.981946871241455,63.52769278752467,248.08262265227987
2018-11-02 13:00:00+00:00,40.635968850460536,41.81659775860328,36.197271310491224,39.13972225531943,157.78956017487445
2018-11-02 14:00:00+00:00,10.02046341437387,7.27638276168816,6.693963558945993,5.8885241865900255,29.879333921598047
2018-11-02 15:00:00+00:00,0.0,0.0,0.0,0.0,0.0
2018-11-02 16:00:00+00:00,0.0,0.0,0.0,0.0,0.0
2018-11-02 17:00:00+00:00,0.0,0.0,0.0,0.0,0.0
2018-11-02 18:00:00+00:00,0.0,0.0,0.0,0.0,0.0
2018-11-02 19:00:00+00:00,0.0,0.0,0.0,0.0,0.0
2018-11-02 20:00:00+00:00,0.0,0.0,0.0,0.0,0.0
2018-11-02 21:00:00+00:00,0.0,0.0,0.0,0.0,0.0
2018-11-02 22:00:00+00:00,0.0,0.0,0.0,0.0,0.0
2018-11-02 23:00:00+00:00,0.0,0.0,0.0,0.0,0.0
2018-11-03 00:00:00+00:00,0.0,0.0,0.0,0.0,0.0
2018-11-03 01:00:00+00:00,0.0,0.0,0.0,0.0,0.0
2018-11-03 02:00:00+00:00,0.0,0.0,0.0,0.0,0.0
2018-11-03 03:00:00+00:00,0.0,0.0,0.0,0.0,0.0
2018-11-03 04:00:00+00:00,13.000609079750383,9.877231413789222,7.836828148607192,10.809530214394712,41.52419885654151
2018-11-03 05:00:00+00:00,12.440897282838685,11.827758258420285,8.947438311966598,36.27820723897713,69.4943010922027
2018-11-03 06:00:00+00:00,77.39910296976552,40.78123092123423,22.02280962233987,58.658192607625836,198.86133612096546
2018-11-03 07:00:00+00:00,101.62137276314014,46.48179614173634,43.067191135758264,75.41928133019954,266.58964137083433
2018-11-03 08:00:00+00:00,116.6731956620842,47.2738152108067,49.876673815681634,85.40792672165705,299.23161141022956
2018-11-03 09:00:00+00:00,122.47762976240637,36.9805056888408,45.33816004428688,90.008916369751,294.80521186528506
2018-11-03 10:00:00+00:00,78.49181304394774,35.99310082764021,30.51469765598785,86.54618394274067,231.54579547031648
2018-11-03 11:00:00+00:00,21.835227090138602,39.34008210047878,38.50010266725592,75.87398766819635,175.54939952606966
2018-11-03 12:00:00+00:00,26.71928786996265,26.7084095751177,15.265421605702347,58.88861007442304,127.58172912520574
2018-11-03 13:00:00+00:00,29.652895288730857,15.277822750210603,9.889884665018116,34.04631725617784,88.86691996013742
2018-11-03 14:00:00+00:00,4.3479280905655395,3.627846811549002,4.240183426603334,3.164837213774022,15.380795542491896
2018-11-03 15:00:00+00:00,0.0,0.0,0.0,0.0,0.0
2018-11-03 16:00:00+00:00,0.0,0.0,0.0,0.0,0.0
2018-11-03 17:00:00+00:00,0.0,0.0,0.0,0.0,0.0
2018-11-03 18:00:00+00:00,0.0,0.0,0.0,0.0,0.0
2018-11-03 19:00:00+00:00,0.0,0.0,0.0,0.0,0.0
2018-11-03 20:00:00+00:00,0.0,0.0,0.0,0.0,0.0
2018-11-03 21:00:00+00:00,0.0,0.0,0.0,0.0,0.0
2018-11-03 22:00:00+00:00,0.0,0.0,0.0,0.0,0.0
2018-11-03 23:00:00+00:00,0.0,0.0,0.0,0.0,0.0
2018-11-04 00:00:00+00:00,0.0,0.0,0.0,0.0,0.0
2018-11-04 01:00:00+00:00,0.0,0.0,0.0,0.0,0.0
2018-11-04 02:00:00+00:00,0.0,0.0,0.0,0.0,0.0
2018-11-04 03:00:00+00:00,0.0,0.0,0.0,0.0,0.0
2018-11-04 04:00:00+00:00,13.48711016009087,9.539548128140183,8.20784211435693,7.339677280412059,38.574177683000045
2018-11-04 05:00:00+00:00,49.38683932924957,36.058689993027926,31.515452323886258,30.01381118814038,146.97479283430414
2018-11-04 06:00:00+00:00,82.87455720408317,61.26794478647994,53.61631172340179,52.13988094420995,249.89869465817486
2018-11-04 07:00:00+00:00,108.55070157682017,80.4337807619701,70.20699694014387,69.28689001631508,328.4783692952492
2018-11-04 08:00:00+00:00,124.47483948673872,92.74248685634532,81.04090822531289,80.27525779123971,378.5334923596366
2018-11-04 09:00:00+00:00,130.1983113562839,97.39370092849813,85.10551360962349,86.38103540104487,399.0785612954504
2018-11-04 10:00:00+00:00,81.06020834346018,94.68636353061049,82.97003183731724,83.29822952673283,342.01483323812073
2018-11-04 11:00:00+00:00,45.37931258346815,84.20399677267555,74.11493165029738,72.71616787157835,276.41440887801946
2018-11-04 12:00:00+00:00,29.282353499285495,65.5913854407644,58.296468212670604,27.527071991227274,180.69727914394775
2018-11-04 13:00:00+00:00,37.38382561788245,38.5882093745297,35.194867679527505,28.401154540919357,139.568057212859
2018-11-04 14:00:00+00:00,7.390946339653688,5.209604332580545,5.73486521763183,1.8243590655477622,20.159774955413823
2018-11-04 15:00:00+00:00,0.0,0.0,0.0,0.0,0.0
2018-11-04 16:00:00+00:00,0.0,0.0,0.0,0.0,0.0
2018-11-04 17:00:00+00:00,0.0,0.0,0.0,0.0,0.0
2018-11-04 18:00:00+00:00,0.0,0.0,0.0,0.0,0.0
2018-11-04 19:00:00+00:00,0.0,0.0,0.0,0.0,0.0
2018-11-04 20:00:00+00:00,0.0,0.0,0.0,0.0,0.0
2018-11-04 21:00:00+00:00,0.0,0.0,0.0,0.0,0.0
2018-11-04 22:00:00+00:00,0.0,0.0,0.0,0.0,0.0
2018-11-04 23:00:00+00:00,0.0,0.0,0.0,0.0,0.0
2018-11-05 00:00:00+00:00,0.0,0.0,0.0,0.0,0.0
2018-11-05 01:00:00+00:00,0.0,0.0,0.0,0.0,0.0
2018-11-05 02:00:00+00:00,0.0,0.0,0.0,0.0,0.0
2018-11-05 03:00:00+00:00,0.0,0.0,0.0,0.0,0.0
2018-11-05 04:00:00+00:00,10.682009273631227,4.656916786023091,7.812890886921098,1.890288393944597,25.042105340520013
2018-11-05 05:00:00+00:00,40.08808309338066,18.34189981058683,30.40734304040018,7.772451826057734,96.60977777042541
2018-11-05 06:00:00+00:00,49.14833547616676,42.71918682321211,53.01573833336142,26.433233739990605,171.3164943727309
2018-11-05 07:00:00+00:00,108.69800257742881,80.66947809294062,70.41979508749263,58.23190832867094,318.019184086533
2018-11-05 08:00:00+00:00,125.10485588837324,93.0537528525546,81.61056143099368,48.72696477307282,348.49613494499437
2018-11-05 09:00:00+00:00,131.78442013593184,47.73868154163122,86.04506855827081,50.12123536267014,315.689405598504
2018-11-05 10:00:00+00:00,127.78661897995718,64.49656385610048,42.8206071547152,21.453643093412424,256.5574330841853
2018-11-05 11:00:00+00:00,96.43659941210784,84.74823081781875,24.348445045273248,7.01654510963164,212.5498203848315
2018-11-05 12:00:00+00:00,89.42674214218462,66.11044806078348,22.865404778104168,9.67683987813634,188.07943485920862
2018-11-05 13:00:00+00:00,53.57601444345539,15.168138095147812,2.488629089803846,1.1995899709396258,72.43237159934668
2018-11-05 14:00:00+00:00,5.137390932513739,2.742687463984704,5.192939768304923,0.3015941877803424,13.374612352583707
2018-11-05 15:00:00+00:00,0.0,0.0,0.0,0.0,0.0
2018-11-05 16:00:00+00:00,0.0,0.0,0.0,0.0,0.0
2018-11-05 17:00:00+00:00,0.0,0.0,0.0,0.0,0.0
2018-11-05 18:00:00+00:00,0.0,0.0,0.0,0.0,0.0
2018-11-05 19:00:00+00:00,0.0,0.0,0.0,0.0,0.0
2018-11-05 20:00:00+00:00,0.0,0.0,0.0,0.0,0.0
2018-11-05 21:00:00+00:00,0.0,0.0,0.0,0.0,0.0
2018-11-05 22:00:00+00:00,0.0,0.0,0.0,0.0,0.0
2018-11-05 23:00:00+00:00,0.0,0.0,0.0,0.0,0.0
2018-11-06 00:00:00+00:00,0.0,0.0,0.0,0.0,0.0
2018-11-06 01:00:00+00:00,0.0,0.0,0.0,0.0,0.0
2018-11-06 02:00:00+00:00,0.0,0.0,0.0,0.0,0.0
2018-11-06 03:00:00+00:00,0.0,0.0,0.0,0.0,0.0
2018-11-06 04:00:00+00:00,13.337491680299,9.315928577598228,7.913239625211217,0.7145918319493598,31.281251715057802
2018-11-06 05:00:00+00:00,29.59666828568544,15.250137434641184,14.471717584240183,10.261151561707218,69.57967486627402
2018-11-06 06:00:00+00:00,47.63052093265448,22.11438966267836,30.25478624117785,53.21541541021436,153.21511224672506
2018-11-06 07:00:00+00:00,59.6127703723937,31.365643458681376,40.28738367725899,38.70904533624497,169.97484284457903
2018-11-06 08:00:00+00:00,53.432946720131326,39.421606575742196,44.37106900493937,40.65760337897322,177.88322567978614
2018-11-06 09:00:00+00:00,43.43499722299781,53.429763186630396,67.61545074500118,43.55285350730576,208.03306466193516
2018-11-06 10:00:00+00:00,49.60669587055791,46.64592321691093,52.438755368964806,45.58855191203063,194.2799263684643
2018-11-06 11:00:00+00:00,37.347611291831505,9.542590187613376,20.647476873647026,71.97691734164098,139.5145956947329
2018-11-06 12:00:00+00:00,16.975598492306993,8.27701427865712,14.074978063548905,16.66866331374897,55.99625414826198
2018-11-06 13:00:00+00:00,3.722266257347191,12.693005508024392,4.578576971466109,0.6966294577897586,21.69047819462745
2018-11-06 14:00:00+00:00,1.088493006097131,2.3538070695826105,5.601104065361164,0.2003056559051575,9.243709796946064
2018-11-06 15:00:00+00:00,0.0,0.0,0.0,0.0,0.0
2018-11-06 16:00:00+00:00,0.0,0.0,0.0,0.0,0.0
2018-11-06 17:00:00+00:00,0.0,0.0,0.0,0.0,0.0
2018-11-06 18:00:00+00:00,0.0,0.0,0.0,0.0,0.0
2018-11-06 19:00:00+00:00,0.0,0.0,0.0,0.0,0.0
2018-11-06 20:00:00+00:00,0.0,0.0,0.0,0.0,0.0
2018-11-06 21:00:00+00:00,0.0,0.0,0.0,0.0,0.0
2018-11-06 22:00:00+00:00,0.0,0.0,0.0,0.0,0.0
2018-11-06 23:00:00+00:00,0.0,0.0,0.0,0.0,0.0
2018-11-07 00:00:00+00:00,0.0,0.0,0.0,0.0,0.0
2018-11-07 01:00:00+00:00,0.0,0.0,0.0,0.0,0.0
2018-11-07 02:00:00+00:00,0.0,0.0,0.0,0.0,0.0
2018-11-07 03:00:00+00:00,0.0,0.0,0.0,0.0,0.0
2018-11-07 04:00:00+00:00,13.251083680087365,9.418673484183616,8.12519827220413,9.207830883987702,40.00278632046282
2018-11-07 05:00:00+00:00,48.548608265173534,35.68399798832982,31.124975720696767,33.68015079299717,149.03773276719727
2018-11-07 06:00:00+00:00,81.78084078423511,60.66409364154151,52.842611626346034,56.32753343692811,251.6150794890508
2018-11-07 07:00:00+00:00,107.26987285474226,79.89307488985668,69.63587363895573,73.65143677721699,330.4502581607717
2018-11-07 08:00:00+00:00,123.26440968180894,92.24958706359968,80.43560810011904,84.48616386923578,380.43576871476347
2018-11-07 09:00:00+00:00,128.53978327224647,96.04552258497817,83.90231095031754,87.66088532724268,396.14850213478485
2018-11-07 10:00:00+00:00,61.867878159046555,92.99913764534169,81.57614014183147,84.76400915851833,321.20716510473807
2018-11-07 11:00:00+00:00,37.65466089122003,48.32869912824836,28.995150145136698,41.27329321707432,156.25180338167942
2018-11-07 12:00:00+00:00,12.93009678794973,19.16788250606266,5.555442649497509,20.54210676561955,58.19552870912945
2018-11-07 13:00:00+00:00,1.2423050223158072,11.248727398010503,0.7611933536850525,7.701214257991019,20.953440032002383
2018-11-07 14:00:00+00:00,4.87250163078857,2.060821757699849,4.700647193368598,0.349264582624074,11.983235164481089
2018-11-07 15:00:00+00:00,0.0,0.0,0.0,0.0,0.0
2018-11-07 16:00:00+00:00,0.0,0.0,0.0,0.0,0.0
2018-11-07 17:00:00+00:00,0.0,0.0,0.0,0.0,0.0
2018-11-07 18:00:00+00:00,0.0,0.0,0.0,0.0,0.0
2018-11-07 19:00:00+00:00,0.0,0.0,0.0,0.0,0.0
2018-11-07 20:00:00+00:00,0.0,0.0,0.0,0.0,0.0
2018-11-07 21:00:00+00:00,0.0,0.0,0.0,0.0,0.0
2018-11-07 22:00:00+00:00,0.0,0.0,0.0,0.0,0.0
2018-11-07 23:00:00+00:00,0.0,0.0,0.0,0.0,0.0
2018-11-08 00:00:00+00:00,0.0,0.0,0.0,0.0,0.0
2018-11-08 01:00:00+00:00,0.0,0.0,0.0,0.0,0.0
2018-11-08 02:00:00+00:00,0.0,0.0,0.0,0.0,0.0
2018-11-08 03:00:00+00:00,0.0,0.0,0.0,0.0,0.0
2018-11-08 04:00:00+00:00,13.912371497637583,9.661664343037144,8.381873388917302,8.134220102432725,40.09012933202475
2018-11-08 05:00:00+00:00,50.495919111419724,36.95139064929279,32.37906219172931,32.139757285932276,151.9661292383741
2018-11-08 06:00:00+00:00,84.18868188983416,62.337337796913964,54.58131982368436,54.64834862060545,255.75568813103794
2018-11-08 07:00:00+00:00,109.71133758890667,81.8624725683762,71.38604502389241,72.07529507856704,335.0351502597423
2018-11-08 08:00:00+00:00,126.07846655101577,94.40065777958783,82.33148472145037,83.13688411259196,385.94749316464595
2018-11-08 09:00:00+00:00,130.40214240709838,97.68710459037413,85.14465701880624,87.70589959490269,400.93980361118145
2018-11-08 10:00:00+00:00,126.99269154430473,94.93206343314303,83.05309809215792,84.42499215386579,389.4028452234715
2018-11-08 11:00:00+00:00,113.34685575881736,84.48341093492454,74.2843035926145,74.23273220806593,346.34730249442237
2018-11-08 12:00:00+00:00,55.87246610552043,63.67109426321289,57.04318379788328,54.11727183970142,230.704016006318
2018-11-08 13:00:00+00:00,28.885761031884705,36.38516533585611,33.768527677149564,8.742757194775573,107.78221123966595
2018-11-08 14:00:00+00:00,2.7465403292525763,3.9490254213404237,4.772553753104551,1.5786317282256457,13.046751231923196
2018-11-08 15:00:00+00:00,0.0,0.0,0.0,0.0,0.0
2018-11-08 16:00:00+00:00,0.0,0.0,0.0,0.0,0.0
2018-11-08 17:00:00+00:00,0.0,0.0,0.0,0.0,0.0
2018-11-08 18:00:00+00:00,0.0,0.0,0.0,0.0,0.0
2018-11-08 19:00:00+00:00,0.0,0.0,0.0,0.0,0.0
2018-11-08 20:00:00+00:00,0.0,0.0,0.0,0.0,0.0
2018-11-08 21:00:00+00:00,0.0,0.0,0.0,0.0,0.0
2018-11-08 22:00:00+00:00,0.0,0.0,0.0,0.0,0.0
2018-11-08 23:00:00+00:00,0.0,0.0,0.0,0.0,0.0
2018-11-09 00:00:00+00:00,0.0,0.0,0.0,0.0,0.0
2018-11-09 01:00:00+00:00,0.0,0.0,0.0,0.0,0.0
2018-11-09 02:00:00+00:00,0.0,0.0,0.0,0.0,0.0
2018-11-09 03:00:00+00:00,0.0,0.0,0.0,0.0,0.0
2018-11-09 04:00:00+00:00,3.425505761259042,8.996195189968642,1.0778831984760648,4.942717670337883,18.442301820041635
2018-11-09 05:00:00+00:00,32.40078070572683,31.20851705908219,31.289108274021437,2.173184167726478,97.07159020655693
2018-11-09 06:00:00+00:00,81.27256521502082,60.423819575833384,53.171268394645644,36.22740339827546,231.09505658377532
2018-11-09 07:00:00+00:00,106.987811104,49.40629807308901,70.06532843368983,20.83356471900619,247.293002329785
2018-11-09 08:00:00+00:00,123.28203420349483,92.40232146547157,80.89246440105653,29.876486952644655,326.4533070226676
2018-11-09 09:00:00+00:00,128.7900381209764,96.76858698483572,84.5483497202678,3.3425137362067665,313.4494885622866
2018-11-09 10:00:00+00:00,71.864952326294,93.93213785559044,58.16412968868639,9.712651882416651,233.67387175298748
2018-11-09 11:00:00+00:00,12.414342249580308,54.915220632702336,31.783511987707723,33.26276888960318,132.37584375959355
2018-11-09 12:00:00+00:00,13.630680089384636,10.216616426345798,1.7937277093043817,23.80286597579366,49.44389020082848
2018-11-09 13:00:00+00:00,1.4538333375365387,3.9508141158024532,9.046348700608256,0.8956763525814533,15.346672506528702
2018-11-09 14:00:00+00:00,0.8386395918290939,1.5600252642177224,1.6229918307481914,0.30074618689935845,4.322402873694366
2018-11-09 15:00:00+00:00,0.0,0.0,0.0,0.0,0.0
2018-11-09 16:00:00+00:00,0.0,0.0,0.0,0.0,0.0
2018-11-09 17:00:00+00:00,0.0,0.0,0.0,0.0,0.0
2018-11-09 18:00:00+00:00,0.0,0.0,0.0,0.0,0.0
2018-11-09 19:00:00+00:00,0.0,0.0,0.0,0.0,0.0
2018-11-09 20:00:00+00:00,0.0,0.0,0.0,0.0,0.0
2018-11-09 21:00:00+00:00,0.0,0.0,0.0,0.0,0.0
2018-11-09 22:00:00+00:00,0.0,0.0,0.0,0.0,0.0
2018-11-09 23:00:00+00:00,0.0,0.0,0.0,0.0,0.0
2018-11-10 00:00:00+00:00,0.0,0.0,0.0,0.0,0.0
2018-11-10 01:00:00+00:00,0.0,0.0,0.0,0.0,0.0
2018-11-10 02:00:00+00:00,0.0,0.0,0.0,0.0,0.0
2018-11-10 03:00:00+00:00,0.0,0.0,0.0,0.0,0.0
2018-11-10 04:00:00+00:00,5.756051780082524,7.36271246650577,6.896669415670218,0.35688500401397705,20.37231866627249
2018-11-10 05:00:00+00:00,21.77789569491401,32.63689419562574,29.714934754248358,3.527972340205503,87.65769698499362
2018-11-10 06:00:00+00:00,23.92341786875435,36.36667246660836,31.489972013114894,32.81685423010627,124.59691657858387
2018-11-10 07:00:00+00:00,53.43702915668902,51.30250147597582,68.85458651754169,42.606624119627085,216.2007412698336
2018-11-10 08:00:00+00:00,74.91318531520447,90.1832921379862,10.645798845862506,59.04014775556832,234.78242405462152
2018-11-10 09:00:00+00:00,32.47100480185075,95.31479020517708,67.90228874550984,46.85313642694021,242.54122017947788
2018-11-10 10:00:00+00:00,42.74420735734783,70.19558331960215,46.46430620658354,55.9454602404587,215.3495571239922
2018-11-10 11:00:00+00:00,81.49123343945165,59.31050339084162,72.88140756289127,38.388456184972114,252.07160057815665
2018-11-10 12:00:00+00:00,39.37981894978542,63.913626269485,56.6694574290408,25.178297299085564,185.14119994739676
2018-11-10 13:00:00+00:00,38.580628412116425,36.777497811159044,33.54167818639975,26.056533764233365,134.9563381739086
2018-11-10 14:00:00+00:00,1.8969367157898294,4.0386811754689145,4.5417003699241265,1.0640201246457157,11.541338385828585
2018-11-10 15:00:00+00:00,0.0,0.0,0.0,0.0,0.0
2018-11-10 16:00:00+00:00,0.0,0.0,0.0,0.0,0.0
2018-11-10 17:00:00+00:00,0.0,0.0,0.0,0.0,0.0
2018-11-10 18:00:00+00:00,0.0,0.0,0.0,0.0,0.0
2018-11-10 19:00:00+00:00,0.0,0.0,0.0,0.0,0.0
2018-11-10 20:00:00+00:00,0.0,0.0,0.0,0.0,0.0
2018-11-10 21:00:00+00:00,0.0,0.0,0.0,0.0,0.0
2018-11-10 22:00:00+00:00,0.0,0.0,0.0,0.0,0.0
2018-11-10 23:00:00+00:00,0.0,0.0,0.0,0.0,0.0
2018-11-11 00:00:00+00:00,0.0,0.0,0.0,0.0,0.0
2018-11-11 01:00:00+00:00,0.0,0.0,0.0,0.0,0.0
2018-11-11 02:00:00+00:00,0.0,0.0,0.0,0.0,0.0
2018-11-11 03:00:00+00:00,0.0,0.0,0.0,0.0,0.0
2018-11-11 04:00:00+00:00,11.555409014222777,7.970053753977851,6.992544007430258,6.061802700687958,32.57980947631884
2018-11-11 05:00:00+00:00,46.828867250554254,34.15043446023185,29.733710206293168,28.77299473934911,139.48600665642837
2018-11-11 06:00:00+00:00,79.95060600507998,59.22039851039662,51.492356490532565,50.903017249814795,241.56637825582396
2018-11-11 07:00:00+00:00,105.81243298111752,78.54541337395727,68.43874471742183,37.6147279548542,290.4113190273508
2018-11-11 08:00:00+00:00,122.28793303547111,80.85575725492072,79.40625036534512,78.73201449347698,361.2819551492139
2018-11-11 09:00:00+00:00,61.496947492760285,96.36346532895904,84.21756152586785,83.83773875175189,325.91571309933903
2018-11-11 10:00:00+00:00,35.75476477847008,64.2868570392825,24.264462439269202,44.81392673969465,169.12001099671642
2018-11-11 11:00:00+00:00,4.025313261871009,83.36852932114371,34.455713883352,22.38348964795209,144.23304611431882
2018-11-11 12:00:00+00:00,6.917555968875556,64.47904748826568,57.068510779025644,5.61738986449382,134.08250410066069
2018-11-11 13:00:00+00:00,33.35673477011047,11.35830784111192,33.65246292643285,1.4466767502947082,79.81418228794995
2018-11-11 14:00:00+00:00,1.6917241671710523,4.070524943276686,4.557125813288915,0.0,10.319374923736653
2018-11-11 15:00:00+00:00,0.0,0.0,0.0,0.0,0.0
2018-11-11 16:00:00+00:00,0.0,0.0,0.0,0.0,0.0
2018-11-11 17:00:00+00:00,0.0,0.0,0.0,0.0,0.0
2018-11-11 18:00:00+00:00,0.0,0.0,0.0,0.0,0.0
2018-11-11 19:00:00+00:00,0.0,0.0,0.0,0.0,0.0
2018-11-11 20:00:00+00:00,0.0,0.0,0.0,0.0,0.0
2018-11-11 21:00:00+00:00,0.0,0.0,0.0,0.0,0.0
2018-11-11 22:00:00+00:00,0.0,0.0,0.0,0.0,0.0
2018-11-11 23:00:00+00:00,0.0,0.0,0.0,0.0,0.0
2018-11-12 00:00:00+00:00,0.0,0.0,0.0,0.0,0.0
2018-11-12 01:00:00+00:00,0.0,0.0,0.0,0.0,0.0
2018-11-12 02:00:00+00:00,0.0,0.0,0.0,0.0,0.0
2018-11-12 03:00:00+00:00,0.0,0.0,0.0,0.0,0.0
2018-11-12 04:00:00+00:00,11.669841069147363,3.542564298206018,6.719899274239539,1.1222571783745632,23.054561819967486
2018-11-12 05:00:00+00:00,47.21314496831101,34.367727152659334,29.934321994513066,10.300427179055678,121.8156212945391
2018-11-12 06:00:00+00:00,80.75645937413626,59.52070942186252,52.07370908043136,56.20447578690309,248.5553536633332
2018-11-12 07:00:00+00:00,106.82395303036296,79.18925606297226,69.17270116924814,42.84424649011817,298.0301567527015
2018-11-12 08:00:00+00:00,123.75523535314005,91.9830455845622,80.38073164989204,85.25798865671888,381.3770012443132
2018-11-12 09:00:00+00:00,130.3919729866742,97.35206407628753,85.18300681019757,89.52659075988154,402.4536346330409
2018-11-12 10:00:00+00:00,52.645292494032574,94.86135537440661,83.03972617381991,11.540409975541582,242.0867840178007
2018-11-12 11:00:00+00:00,40.145890305569495,43.43173707828693,74.36292385784535,7.101502975950454,165.04205421765224
2018-11-12 12:00:00+00:00,15.936622182202456,33.546743979510246,58.496392983433886,20.077105267682672,128.05686441282927
2018-11-12 13:00:00+00:00,5.86171108080417,12.102331034374156,35.50511354904701,1.2471740456114238,54.716329709836764
2018-11-12 14:00:00+00:00,2.8390431606284885,4.9942519427824115,5.509072069903935,0.0,13.342367173314834
2018-11-12 15:00:00+00:00,0.0,0.0,0.0,0.0,0.0
2018-11-12 16:00:00+00:00,0.0,0.0,0.0,0.0,0.0
2018-11-12 17:00:00+00:00,0.0,0.0,0.0,0.0,0.0
2018-11-12 18:00:00+00:00,0.0,0.0,0.0,0.0,0.0
2018-11-12 19:00:00+00:00,0.0,0.0,0.0,0.0,0.0
2018-11-12 20:00:00+00:00,0.0,0.0,0.0,0.0,0.0
2018-11-12 21:00:00+00:00,0.0,0.0,0.0,0.0,0.0
2018-11-12 22:00:00+00:00,0.0,0.0,0.0,0.0,0.0
2018-11-12 23:00:00+00:00,0.0,0.0,0.0,0.0,0.0
2018-11-13 00:00:00+00:00,0.0,0.0,0.0,0.0,0.0
2018-11-13 01:00:00+00:00,0.0,0.0,0.0,0.0,0.0
2018-11-13 02:00:00+00:00,0.0,0.0,0.0,0.0,0.0
2018-11-13 03:00:00+00:00,0.0,0.0,0.0,0.0,0.0
2018-11-13 04:00:00+00:00,12.192328551732706,8.511803234224775,7.331450437205811,7.312163401905057,35.34774562506834
2018-11-13 05:00:00+00:00,49.16971530260083,35.98930421648399,31.37035787703936,3.741522662798684,120.27090005892286
2018-11-13 06:00:00+00:00,44.85349199944911,25.193149433527026,53.413768943518996,54.007366303673294,177.4677766801684
2018-11-13 07:00:00+00:00,58.25343609307994,80.49717974014968,70.18507701047072,33.95812401429728,242.89381685799762
2018-11-13 08:00:00+00:00,124.14861384719157,92.8568306920473,80.97809167367194,39.01880738542559,337.0023435983364
2018-11-13 09:00:00+00:00,128.76350843731166,96.26010554613552,84.43723330077157,38.45184405877358,347.91269134299233
2018-11-13 10:00:00+00:00,85.44150427642509,93.5851336795155,82.31355192219932,48.29088652823124,309.63107640637116
2018-11-13 11:00:00+00:00,40.98224485996117,83.14158576733445,73.58591433859362,12.483567644066762,210.193312609956
2018-11-13 12:00:00+00:00,21.094890091065903,64.47612642930335,26.71610165951329,10.61820301139411,122.90532119127666
2018-11-13 13:00:00+00:00,5.235172628258976,37.60180187650588,7.588725737804313,0.39835223031019606,50.82405247287936
2018-11-13 14:00:00+00:00,5.611772602340835,3.8520092274653144,4.7081605436087886,0.0,14.17194237341494
2018-11-13 15:00:00+00:00,0.0,0.0,0.0,0.0,0.0
2018-11-13 16:00:00+00:00,0.0,0.0,0.0,0.0,0.0
2018-11-13 17:00:00+00:00,0.0,0.0,0.0,0.0,0.0
2018-11-13 18:00:00+00:00,0.0,0.0,0.0,0.0,0.0
2018-11-13 19:00:00+00:00,0.0,0.0,0.0,0.0,0.0
2018-11-13 20:00:00+00:00,0.0,0.0,0.0,0.0,0.0
2018-11-13 21:00:00+00:00,0.0,0.0,0.0,0.0,0.0
2018-11-13 22:00:00+00:00,0.0,0.0,0.0,0.0,0.0
2018-11-13 23:00:00+00:00,0.0,0.0,0.0,0.0,0.0
2018-11-14 00:00:00+00:00,0.0,0.0,0.0,0.0,0.0
2018-11-14 01:00:00+00:00,0.0,0.0,0.0,0.0,0.0
2018-11-14 02:00:00+00:00,0.0,0.0,0.0,0.0,0.0
2018-11-14 03:00:00+00:00,0.0,0.0,0.0,0.0,0.0
2018-11-14 04:00:00+00:00,9.609536417881491,6.373156117192836,5.4300031054578515,2.5566940036085266,23.969389644140705
2018-11-14 05:00:00+00:00,44.752012656464395,31.968591166350933,27.87018414666958,11.639086791885719,116.22987476137061
2018-11-14 06:00:00+00:00,33.16964283786764,33.181767166882025,49.47728223117366,22.974631427152637,138.80332366307596
2018-11-14 07:00:00+00:00,86.429541872171,40.3479973717988,66.55923282465497,8.06785745382228,201.40462952244707
2018-11-14 08:00:00+00:00,119.97353535336845,89.26672211191685,77.80024283796625,14.616820551729479,301.65732085498104
2018-11-14 09:00:00+00:00,127.1271474483089,62.76488066923122,82.98247721824774,22.416586741472326,295.29109207726015
2018-11-14 10:00:00+00:00,61.43546301899622,57.79617569749884,61.07760338244221,10.933962118965388,191.24320421790264
2018-11-14 11:00:00+00:00,1.8360827813551053,25.097618870821616,31.448044605833346,24.114250721696173,82.49599697970623
2018-11-14 12:00:00+00:00,2.5486414478752724,22.711224871005946,54.12760802226822,1.4985483767507142,80.88602271790016
2018-11-14 13:00:00+00:00,4.9990029780359,10.409931347397785,30.222486412511955,1.3530240103395155,46.984444748285156
2018-11-14 14:00:00+00:00,3.1395163446650063,2.1906821716377554,2.750746340416604,0.0,8.080944856719366
2018-11-14 15:00:00+00:00,0.0,0.0,0.0,0.0,0.0
2018-11-14 16:00:00+00:00,0.0,0.0,0.0,0.0,0.0
2018-11-14 17:00:00+00:00,0.0,0.0,0.0,0.0,0.0
2018-11-14 18:00:00+00:00,0.0,0.0,0.0,0.0,0.0
2018-11-14 19:00:00+00:00,0.0,0.0,0.0,0.0,0.0
2018-11-14 20:00:00+00:00,0.0,0.0,0.0,0.0,0.0
2018-11-14 21:00:00+00:00,0.0,0.0,0.0,0.0,0.0
2018-11-14 22:00:00+00:00,0.0,0.0,0.0,0.0,0.0
2018-11-14 23:00:00+00:00,0.0,0.0,0.0,0.0,0.0
2018-11-15 00:00:00+00:00,0.0,0.0,0.0,0.0,0.0
2018-11-15 01:00:00+00:00,0.0,0.0,0.0,0.0,0.0
2018-11-15 02:00:00+00:00,0.0,0.0,0.0,0.0,0.0
2018-11-15 03:00:00+00:00,0.0,0.0,0.0,0.0,0.0
2018-11-15 04:00:00+00:00,1.2159701857213143,5.910738715263869,4.627522081546584,5.725845765092517,17.48007674762428
2018-11-15 05:00:00+00:00,33.24413923634971,31.236397509344542,25.92948823185553,29.81142817291905,120.22145315046883
2018-11-15 06:00:00+00:00,41.872004677074514,56.65679667870964,47.77903271919036,53.61509008553021,199.92292416050475
2018-11-15 07:00:00+00:00,99.8439301002847,76.3459701560172,64.90069949357436,71.64416133238433,312.73476108226055
2018-11-15 08:00:00+00:00,73.62288317134997,59.68017935100596,76.21209838729598,57.42992389663447,266.9450848062864
2018-11-15 09:00:00+00:00,116.64415224209554,61.48016976076597,76.65542720190439,49.55669111292082,304.3364403176867
2018-11-15 10:00:00+00:00,95.52266221868344,43.4798437287347,74.90691422462967,49.634023019003564,263.5434431910514
2018-11-15 11:00:00+00:00,19.023614586540496,45.59177075431879,66.70645220885773,65.80997592915232,197.13181347886933
2018-11-15 12:00:00+00:00,23.322920045525017,58.46906624711096,51.81210326746313,21.065084463449974,154.6691740235491
2018-11-15 13:00:00+00:00,30.117822728199542,31.949602949100438,28.83183089553062,17.459306668541142,108.35856324137174
2018-11-15 14:00:00+00:00,2.7513165082409525,1.1002822352106256,2.3913150916995676,0.0,6.242913835151146
2018-11-15 15:00:00+00:00,0.0,0.0,0.0,0.0,0.0
2018-11-15 16:00:00+00:00,0.0,0.0,0.0,0.0,0.0
2018-11-15 17:00:00+00:00,0.0,0.0,0.0,0.0,0.0
2018-11-15 18:00:00+00:00,0.0,0.0,0.0,0.0,0.0
2018-11-15 19:00:00+00:00,0.0,0.0,0.0,0.0,0.0
2018-11-15 20:00:00+00:00,0.0,0.0,0.0,0.0,0.0
2018-11-15 21:00:00+00:00,0.0,0.0,0.0,0.0,0.0
2018-11-15 22:00:00+00:00,0.0,0.0,0.0,0.0,0.0
2018-11-15 23:00:00+00:00,0.0,0.0,0.0,0.0,0.0
2018-11-16 00:00:00+00:00,0.0,0.0,0.0,0.0,0.0
2018-11-16 01:00:00+00:00,0.0,0.0,0.0,0.0,0.0
2018-11-16 02:00:00+00:00,0.0,0.0,0.0,0.0,0.0
2018-11-16 03:00:00+00:00,0.0,0.0,0.0,0.0,0.0
2018-11-16 04:00:00+00:00,10.70569459497599,7.418826170811087,6.380138690416661,1.6415220722911767,26.146181528494914
2018-11-16 05:00:00+00:00,47.850512587918246,34.97790552440706,30.362171069926006,3.000799052500309,116.19138823475163
2018-11-16 06:00:00+00:00,82.32039139583935,61.029260353752235,52.973928859260425,4.289120549386934,200.61270115823893
2018-11-16 07:00:00+00:00,108.57004606161661,47.04839843578989,70.53121535922209,33.77108560041965,259.92074545704827
2018-11-16 08:00:00+00:00,125.44363758206049,94.05556724213288,81.77969614405814,46.81525030738122,348.0941512756327
2018-11-16 09:00:00+00:00,132.27590726446732,99.12431794336548,86.49211217746853,39.03101206464059,356.92334944994195
2018-11-16 10:00:00+00:00,129.1286253250208,96.77451473230315,84.67210978515179,22.453960273265377,333.0292101157411
2018-11-16 11:00:00+00:00,115.63828928417001,86.62546756323232,76.08155272216435,18.67337170559995,297.0186812751666
2018-11-16 12:00:00+00:00,90.6913381281444,67.79401828772059,59.520844388654865,4.2136513484020615,222.21985215292193
2018-11-16 13:00:00+00:00,54.77656578851939,40.547687638807126,36.32149446215107,0.6065034352989971,132.25225132477658
2018-11-16 14:00:00+00:00,6.26501773374955,4.392392227710515,4.998787762700461,0.0,15.656197724160526
2018-11-16 15:00:00+00:00,0.0,0.0,0.0,0.0,0.0
2018-11-16 16:00:00+00:00,0.0,0.0,0.0,0.0,0.0
2018-11-16 17:00:00+00:00,0.0,0.0,0.0,0.0,0.0
2018-11-16 18:00:00+00:00,0.0,0.0,0.0,0.0,0.0
2018-11-16 19:00:00+00:00,0.0,0.0,0.0,0.0,0.0
2018-11-16 20:00:00+00:00,0.0,0.0,0.0,0.0,0.0
2018-11-16 21:00:00+00:00,0.0,0.0,0.0,0.0,0.0
2018-11-16 22:00:00+00:00,0.0,0.0,0.0,0.0,0.0
2018-11-16 23:00:00+00:00,0.0,0.0,0.0,0.0,0.0
2018-11-17 00:00:00+00:00,0.0,0.0,0.0,0.0,0.0
2018-11-17 01:00:00+00:00,0.0,0.0,0.0,0.0,0.0
2018-11-17 02:00:00+00:00,0.0,0.0,0.0,0.0,0.0
2018-11-17 03:00:00+00:00,0.0,0.0,0.0,0.0,0.0
2018-11-17 04:00:00+00:00,10.348074321402434,7.311998083237514,6.3692713777007866,6.070168646862213,30.09951242920295
2018-11-17 05:00:00+00:00,47.7158911040643,35.06979383864402,30.79225578199653,31.081660378014604,144.65960110271945
2018-11-17 06:00:00+00:00,82.01153333310492,60.87050158187597,53.23120893226278,54.4857908826702,250.59903472991385
2018-11-17 07:00:00+00:00,107.80101326685201,80.41997501187966,70.34187031452787,72.58762085932446,331.150479452584
2018-11-17 08:00:00+00:00,124.11801602705467,92.90856234425608,81.15613140036157,83.97203498958602,382.1547447612583
2018-11-17 09:00:00+00:00,130.19488880521465,97.66991482897106,85.55671962246386,87.43957790879264,400.86110116544216
2018-11-17 10:00:00+00:00,127.00554442816392,95.34744946786972,83.92207421712081,84.52841909212651,390.803487205281
2018-11-17 11:00:00+00:00,113.69489121671762,85.48840079047183,75.4833301408903,74.39017898062215,349.05680112870186
2018-11-17 12:00:00+00:00,89.90156787029417,67.65299516383256,60.203368271095165,56.353162332253675,274.11109363747556
2018-11-17 13:00:00+00:00,54.696047382201726,40.780859269385644,37.35062888910237,30.56135822995555,163.38889377064527
2018-11-17 14:00:00+00:00,6.399773876270346,4.7873336557956065,5.74375525718727,0.0,16.930862789253222
2018-11-17 15:00:00+00:00,0.0,0.0,0.0,0.0,0.0
2018-11-17 16:00:00+00:00,0.0,0.0,0.0,0.0,0.0
2018-11-17 17:00:00+00:00,0.0,0.0,0.0,0.0,0.0
2018-11-17 18:00:00+00:00,0.0,0.0,0.0,0.0,0.0
2018-11-17 19:00:00+00:00,0.0,0.0,0.0,0.0,0.0
2018-11-17 20:00:00+00:00,0.0,0.0,0.0,0.0,0.0
2018-11-17 21:00:00+00:00,0.0,0.0,0.0,0.0,0.0
2018-11-17 22:00:00+00:00,0.0,0.0,0.0,0.0,0.0
2018-11-17 23:00:00+00:00,0.0,0.0,0.0,0.0,0.0
2018-11-18 00:00:00+00:00,0.0,0.0,0.0,0.0,0.0
2018-11-18 01:00:00+00:00,0.0,0.0,0.0,0.0,0.0
2018-11-18 02:00:00+00:00,0.0,0.0,0.0,0.0,0.0
2018-11-18 03:00:00+00:00,0.0,0.0,0.0,0.0,0.0
2018-11-18 04:00:00+00:00,12.424973018175297,8.784166118337295,7.452019578488253,6.304447707751588,34.96560642275243
2018-11-18 05:00:00+00:00,51.45631116815807,37.89448761977256,32.857069233063655,32.08639275581775,154.29426077681202
2018-11-18 06:00:00+00:00,86.03889397103944,63.99897753140248,55.44825104762591,55.61632041130058,261.1024429613684
2018-11-18 07:00:00+00:00,111.47467734888681,83.41281369755085,72.29298473247407,73.32239454228502,340.5028703211967
2018-11-18 08:00:00+00:00,127.13388923359685,95.44996012302295,82.5740914041617,84.3985763965226,389.55651715730414
2018-11-18 09:00:00+00:00,132.75057506499516,100.1213023973014,86.57447789033888,62.382780386189175,381.8291357388246
2018-11-18 10:00:00+00:00,128.6276931987597,97.13958189336816,83.96884565567413,52.7218086964737,362.4579294442757
2018-11-18 11:00:00+00:00,113.96636627677557,86.20036107223977,74.91581388643372,42.73963151609526,317.8221727515443
2018-11-18 12:00:00+00:00,86.8707319075271,66.16951612518064,57.75811909863344,18.069843760846467,228.86821089218762
2018-11-18 13:00:00+00:00,50.012980008091986,38.308841735738895,34.33358956086492,17.07204509418033,139.72745639887614
2018-11-18 14:00:00+00:00,3.6394360945708453,3.0429394082825656,3.5405856444206387,0.0,10.222961147274049
2018-11-18 15:00:00+00:00,0.0,0.0,0.0,0.0,0.0
2018-11-18 16:00:00+00:00,0.0,0.0,0.0,0.0,0.0
2018-11-18 17:00:00+00:00,0.0,0.0,0.0,0.0,0.0
2018-11-18 18:00:00+00:00,0.0,0.0,0.0,0.0,0.0
2018-11-18 19:00:00+00:00,0.0,0.0,0.0,0.0,0.0
2018-11-18 20:00:00+00:00,0.0,0.0,0.0,0.0,0.0
2018-11-18 21:00:00+00:00,0.0,0.0,0.0,0.0,0.0
2018-11-18 22:00:00+00:00,0.0,0.0,0.0,0.0,0.0
2018-11-18 23:00:00+00:00,0.0,0.0,0.0,0.0,0.0
2018-11-19 00:00:00+00:00,0.0,0.0,0.0,0.0,0.0
2018-11-19 01:00:00+00:00,0.0,0.0,0.0,0.0,0.0
2018-11-19 02:00:00+00:00,0.0,0.0,0.0,0.0,0.0
2018-11-19 03:00:00+00:00,0.0,0.0,0.0,0.0,0.0
2018-11-19 04:00:00+00:00,6.904697754406946,3.0863260370321552,4.519015421493495,0.45944619941280473,14.969485412345401
2018-11-19 05:00:00+00:00,25.614851814969867,29.82874590226667,26.80906534220884,1.9252990296688037,84.17796208911419
2018-11-19 06:00:00+00:00,39.13819914673615,54.5127618290503,48.738397011344546,41.716524823066734,184.10588281019773
2018-11-19 07:00:00+00:00,98.87200556319348,73.75597170043079,65.48863610147575,53.43386494439066,291.5504783094907
2018-11-19 08:00:00+00:00,115.63272310503675,86.4421594872022,76.63766982901984,61.54326692342602,340.2558193446848
2018-11-19 09:00:00+00:00,120.84570920023998,90.85501268454237,80.80441968878546,44.66132055661983,337.16646213018765
2018-11-19 10:00:00+00:00,81.19580570992915,88.57211534489613,79.3900697793419,34.16286576107453,283.3208565952417
2018-11-19 11:00:00+00:00,39.49475625828864,78.41291517223655,70.83467246225348,16.740915998026225,205.4832598908049
2018-11-19 12:00:00+00:00,17.129881339113563,25.658203501533137,54.76940280722888,17.21124568010255,114.76873332797813
2018-11-19 13:00:00+00:00,31.433090712957732,31.82897868046608,31.567472042518197,3.914362942617278,98.7439043785593
2018-11-19 14:00:00+00:00,1.8501600470041977,1.7732199248580118,2.4766035837655616,0.0,6.099983555627771
2018-11-19 15:00:00+00:00,0.0,0.0,0.0,0.0,0.0
2018-11-19 16:00:00+00:00,0.0,0.0,0.0,0.0,0.0
2018-11-19 17:00:00+00:00,0.0,0.0,0.0,0.0,0.0
2018-11-19 18:00:00+00:00,0.0,0.0,0.0,0.0,0.0
2018-11-19 19:00:00+00:00,0.0,0.0,0.0,0.0,0.0
2018-11-19 20:00:00+00:00,0.0,0.0,0.0,0.0,0.0
2018-11-19 21:00:00+00:00,0.0,0.0,0.0,0.0,0.0
2018-11-19 22:00:00+00:00,0.0,0.0,0.0,0.0,0.0
2018-11-19 23:00:00+00:00,0.0,0.0,0.0,0.0,0.0
2018-11-20 00:00:00+00:00,0.0,0.0,0.0,0.0,0.0
2018-11-20 01:00:00+00:00,0.0,0.0,0.0,0.0,0.0
2018-11-20 02:00:00+00:00,0.0,0.0,0.0,0.0,0.0
2018-11-20 03:00:00+00:00,0.0,0.0,0.0,0.0,0.0
2018-11-20 04:00:00+00:00,8.018764051065231,5.689686919278147,5.015686795278755,4.853399198019071,23.5775369636412
2018-11-20 05:00:00+00:00,44.17739264508312,32.600629293958555,28.471220468530593,29.377534852967592,134.62677726053985
2018-11-20 06:00:00+00:00,78.30162164297087,58.371843371978656,50.79026631277822,52.76071254175905,240.22444386948678
2018-11-20 07:00:00+00:00,104.07094466666051,77.91967009154534,67.82045417558064,70.34937842724342,320.1604473610299
2018-11-20 08:00:00+00:00,120.45405674670846,90.29303302667876,78.63894136983184,80.99085234639168,370.3768834896107
2018-11-20 09:00:00+00:00,125.50438908536685,94.50209481988645,82.27511060794711,86.29407884854889,388.5756733617493
2018-11-20 10:00:00+00:00,122.15171897613152,91.76515405310597,79.83335089478915,76.5671737715939,370.3173976956205
2018-11-20 11:00:00+00:00,108.41691627118277,81.26500278499809,70.8998716135805,73.38003512943607,333.9618257991974
2018-11-20 12:00:00+00:00,83.6363252253494,62.43802822858085,55.08378289977945,55.780559861588,256.93869621529774
2018-11-20 13:00:00+00:00,47.568570908516335,35.23563150447694,31.504701685423946,29.77627072044553,144.08517481886275
2018-11-20 14:00:00+00:00,3.0017660348322615,0.7902520160101331,2.5015453532974123,0.0,6.293563404139807
2018-11-20 15:00:00+00:00,0.0,0.0,0.0,0.0,0.0
2018-11-20 16:00:00+00:00,0.0,0.0,0.0,0.0,0.0
2018-11-20 17:00:00+00:00,0.0,0.0,0.0,0.0,0.0
2018-11-20 18:00:00+00:00,0.0,0.0,0.0,0.0,0.0
2018-11-20 19:00:00+00:00,0.0,0.0,0.0,0.0,0.0
2018-11-20 20:00:00+00:00,0.0,0.0,0.0,0.0,0.0
2018-11-20 21:00:00+00:00,0.0,0.0,0.0,0.0,0.0
2018-11-20 22:00:00+00:00,0.0,0.0,0.0,0.0,0.0
2018-11-20 23:00:00+00:00,0.0,0.0,0.0,0.0,0.0
2018-11-21 00:00:00+00:00,0.0,0.0,0.0,0.0,0.0
2018-11-21 01:00:00+00:00,0.0,0.0,0.0,0.0,0.0
2018-11-21 02:00:00+00:00,0.0,0.0,0.0,0.0,0.0
2018-11-21 03:00:00+00:00,0.0,0.0,0.0,0.0,0.0
2018-11-21 04:00:00+00:00,3.2904932682655685,2.4107677310071596,2.2484532965901924,1.430630739293377,9.380345035156298
2018-11-21 05:00:00+00:00,22.96897143209321,16.471514369279323,28.149675905938803,7.27930182763823,74.86946353494957
2018-11-21 06:00:00+00:00,57.41803822656651,32.60882718189207,31.383370990461835,33.55740887635508,154.9676452752755
2018-11-21 07:00:00+00:00,72.707711037385,42.33317604078715,50.14973937531296,40.12136748655529,205.3119939400404
2018-11-21 08:00:00+00:00,78.71680602242091,67.67806556320865,70.8590964461321,64.335290482981,281.58925851474265
2018-11-21 09:00:00+00:00,109.63709102271834,71.34555532732686,56.762193738066976,57.421967352024396,295.16680744013655
2018-11-21 10:00:00+00:00,76.81059472329125,58.13086815493989,80.62434879145324,56.16929578306403,271.73510745274837
2018-11-21 11:00:00+00:00,28.331431193144606,23.627888747832422,61.85745212843019,39.05524210339536,152.87201417280258
2018-11-21 12:00:00+00:00,24.049514645887214,20.934030888609676,9.91856633701981,24.044194391170237,78.94630626268693
2018-11-21 13:00:00+00:00,2.606622995685633,1.5449660161447356,21.256840749233152,2.5457343114188116,27.95416407248233
2018-11-21 14:00:00+00:00,0.5416516922779553,0.3727009923713175,0.8619559943196512,0.0,1.776308678968924
2018-11-21 15:00:00+00:00,0.0,0.0,0.0,0.0,0.0
2018-11-21 16:00:00+00:00,0.0,0.0,0.0,0.0,0.0
2018-11-21 17:00:00+00:00,0.0,0.0,0.0,0.0,0.0
2018-11-21 18:00:00+00:00,0.0,0.0,0.0,0.0,0.0
2018-11-21 19:00:00+00:00,0.0,0.0,0.0,0.0,0.0
2018-11-21 20:00:00+00:00,0.0,0.0,0.0,0.0,0.0
2018-11-21 21:00:00+00:00,0.0,0.0,0.0,0.0,0.0
2018-11-21 22:00:00+00:00,0.0,0.0,0.0,0.0,0.0
2018-11-21 23:00:00+00:00,0.0,0.0,0.0,0.0,0.0
2018-11-22 00:00:00+00:00,0.0,0.0,0.0,0.0,0.0
2018-11-22 01:00:00+00:00,0.0,0.0,0.0,0.0,0.0
2018-11-22 02:00:00+00:00,0.0,0.0,0.0,0.0,0.0
2018-11-22 03:00:00+00:00,0.0,0.0,0.0,0.0,0.0
2018-11-22 04:00:00+00:00,2.2102578775148998,2.629545355110783,1.753169837304259,0.3574293198275416,6.950402389757484
2018-11-22 05:00:00+00:00,15.236807181197111,14.909633003072464,1.7397521481516514,0.4058948737184104,32.29208720613964
2018-11-22 06:00:00+00:00,58.54278229948248,30.7280979033536,4.961943310965109,7.037020113081882,101.26984362688307
2018-11-22 07:00:00+00:00,33.768840271768404,47.17931607554227,40.897273633085014,41.12805893087053,162.97348891126623
2018-11-22 08:00:00+00:00,71.15326608470961,57.03460196818466,33.3457376134568,60.4239376765753,221.95754334292636
2018-11-22 09:00:00+00:00,79.25503256741233,38.50999283816476,9.811621996492597,55.64908353701426,183.22573093908395
2018-11-22 10:00:00+00:00,89.4796759461355,51.9063409566393,41.474876609840386,43.80412912461408,226.66502263722924
2018-11-22 11:00:00+00:00,59.408571753545445,39.99397134508868,68.1028073064951,1.155119358796751,168.66046976392596
2018-11-22 12:00:00+00:00,25.796067211372282,26.911135122814937,11.520737052535134,13.078676092625464,77.30661547934781
2018-11-22 13:00:00+00:00,10.083350507754762,15.16528562108499,0.669244236972389,1.1647623704085803,27.082642736220723
2018-11-22 14:00:00+00:00,0.8068879291999957,0.43790821816976805,1.5045617661849657,0.0,2.7493579135547295
2018-11-22 15:00:00+00:00,0.0,0.0,0.0,0.0,0.0
2018-11-22 16:00:00+00:00,0.0,0.0,0.0,0.0,0.0
2018-11-22 17:00:00+00:00,0.0,0.0,0.0,0.0,0.0
2018-11-22 18:00:00+00:00,0.0,0.0,0.0,0.0,0.0
2018-11-22 19:00:00+00:00,0.0,0.0,0.0,0.0,0.0
2018-11-22 20:00:00+00:00,0.0,0.0,0.0,0.0,0.0
2018-11-22 21:00:00+00:00,0.0,0.0,0.0,0.0,0.0
2018-11-22 22:00:00+00:00,0.0,0.0,0.0,0.0,0.0
2018-11-22 23:00:00+00:00,0.0,0.0,0.0,0.0,0.0
2018-11-23 00:00:00+00:00,0.0,0.0,0.0,0.0,0.0
2018-11-23 01:00:00+00:00,0.0,0.0,0.0,0.0,0.0
2018-11-23 02:00:00+00:00,0.0,0.0,0.0,0.0,0.0
2018-11-23 03:00:00+00:00,0.0,0.0,0.0,0.0,0.0
2018-11-23 04:00:00+00:00,2.237833352857558,3.3883435082422437,2.7890798761690276,0.461484600753833,8.876741338022663
2018-11-23 05:00:00+00:00,9.424816050646058,8.510426969793285,23.207693456412258,0.4087719625066747,41.55170843935828
2018-11-23 06:00:00+00:00,71.29963580514777,51.42879773633295,44.67726555667723,21.258581218782417,188.66428031694036
2018-11-23 07:00:00+00:00,96.61051265463584,70.56838779119227,61.57229407585277,6.709052582323895,235.46024710400476
2018-11-23 08:00:00+00:00,98.11505615721742,61.499605688359864,72.43135901928977,17.006190637837904,249.05221150270498
2018-11-23 09:00:00+00:00,103.11671161680266,60.474328718395476,79.65034944765713,52.07207984359167,295.31346962644693
2018-11-23 10:00:00+00:00,117.26876835138924,45.00631859215505,77.69137755424994,30.954883543681476,270.9213480414757
2018-11-23 11:00:00+00:00,103.56377539240148,77.17517882585342,42.2900663922337,20.67918020166654,243.70820081215516
2018-11-23 12:00:00+00:00,37.600982931429556,30.378919635309458,2.973765913900458,10.192069802401079,81.14573828304056
2018-11-23 13:00:00+00:00,26.813397159076978,7.3730763751870025,2.0259567201134128,0.40861644411568254,36.621046698493075
2018-11-23 14:00:00+00:00,0.09280745756615691,0.137741732332384,0.582866035969781,0.0,0.8134152258683219
2018-11-23 15:00:00+00:00,0.0,0.0,0.0,0.0,0.0
2018-11-23 16:00:00+00:00,0.0,0.0,0.0,0.0,0.0
2018-11-23 17:00:00+00:00,0.0,0.0,0.0,0.0,0.0
2018-11-23 18:00:00+00:00,0.0,0.0,0.0,0.0,0.0
2018-11-23 19:00:00+00:00,0.0,0.0,0.0,0.0,0.0
2018-11-23 20:00:00+00:00,0.0,0.0,0.0,0.0,0.0
2018-11-23 21:00:00+00:00,0.0,0.0,0.0,0.0,0.0
2018-11-23 22:00:00+00:00,0.0,0.0,0.0,0.0,0.0
2018-11-23 23:00:00+00:00,0.0,0.0,0.0,0.0,0.0
2018-11-24 00:00:00+00:00,0.0,0.0,0.0,0.0,0.0
2018-11-24 01:00:00+00:00,0.0,0.0,0.0,0.0,0.0
2018-11-24 02:00:00+00:00,0.0,0.0,0.0,0.0,0.0
2018-11-24 03:00:00+00:00,0.0,0.0,0.0,0.0,0.0
2018-11-24 04:00:00+00:00,3.729024262653284,0.8405421009468618,0.39521626886858774,0.5162597596136731,5.481042392082406
2018-11-24 05:00:00+00:00,1.2811902803738622,14.284020083638755,6.527347307107699,3.2249246585221885,25.317482329642502
2018-11-24 06:00:00+00:00,16.107960768932305,16.564603439900925,9.7844041756869,7.992211298866845,50.44917968338697
2018-11-24 07:00:00+00:00,33.9965404287545,8.116693647475271,21.484941855276475,20.966263757202142,84.56443968870839
2018-11-24 08:00:00+00:00,16.695606040396065,17.101965655525373,42.55687209146921,15.157026650781704,91.51147043817234
2018-11-24 09:00:00+00:00,32.49167191174065,43.68009165467174,27.3913887037055,17.881092820121808,121.4442450902397
2018-11-24 10:00:00+00:00,69.39025203072143,29.844424913530215,23.51285484308872,24.24042021595649,146.98795200329687
2018-11-24 11:00:00+00:00,8.672852451405568,23.019884197436035,3.1883379138376466,7.333209859275168,42.21428442195442
2018-11-24 12:00:00+00:00,3.7667584523453987,21.91978510871682,16.568371920014847,7.940897895380203,50.19581337645727
2018-11-24 13:00:00+00:00,4.593639257744113,1.8394945471194648,2.623325194631544,1.3133134631755903,10.36977246267071
2018-11-24 14:00:00+00:00,0.0,0.20819503871759357,0.39119096212280535,0.0,0.599386000840399
2018-11-24 15:00:00+00:00,0.0,0.0,0.0,0.0,0.0
2018-11-24 16:00:00+00:00,0.0,0.0,0.0,0.0,0.0
2018-11-24 17:00:00+00:00,0.0,0.0,0.0,0.0,0.0
2018-11-24 18:00:00+00:00,0.0,0.0,0.0,0.0,0.0
2018-11-24 19:00:00+00:00,0.0,0.0,0.0,0.0,0.0
2018-11-24 20:00:00+00:00,0.0,0.0,0.0,0.0,0.0
2018-11-24 21:00:00+00:00,0.0,0.0,0.0,0.0,0.0
2018-11-24 22:00:00+00:00,0.0,0.0,0.0,0.0,0.0
2018-11-24 23:00:00+00:00,0.0,0.0,0.0,0.0,0.0
2018-11-25 00:00:00+00:00,0.0,0.0,0.0,0.0,0.0
2018-11-25 01:00:00+00:00,0.0,0.0,0.0,0.0,0.0
2018-11-25 02:00:00+00:00,0.0,0.0,0.0,0.0,0.0
2018-11-25 03:00:00+00:00,0.0,0.0,0.0,0.0,0.0
2018-11-25 04:00:00+00:00,7.212634290981861,5.230569634455458,4.776396416767474,0.981480160134135,18.20108050233893
2018-11-25 05:00:00+00:00,44.85455536500611,33.54550602656379,3.429144340643325,29.031610404888255,110.86081613710147
2018-11-25 06:00:00+00:00,80.98464080825923,60.80909656086765,53.1611626856728,52.75964867722544,247.71454873202512
2018-11-25 07:00:00+00:00,109.00268161701285,82.22057935752613,71.37080008917253,50.52556828235234,313.1196293460639
2018-11-25 08:00:00+00:00,126.98972491485614,95.96635773021335,83.24613194115739,28.106335425792203,334.3085500120191
2018-11-25 09:00:00+00:00,134.5789976726239,101.61355350148989,88.23581241063036,68.82585237104003,393.25421595578416
2018-11-25 10:00:00+00:00,132.09110701802499,99.5718599659875,86.67985941860545,87.862418892306,406.2052452949239
2018-11-25 11:00:00+00:00,119.17838301921697,89.60125648779912,78.32343366964069,78.43494332418385,365.5380165008406
2018-11-25 12:00:00+00:00,95.64159207419667,71.44931344950885,62.729273592299606,57.77057613187581,287.59075524788096
2018-11-25 13:00:00+00:00,59.36731616205695,16.282340519879945,39.09023243736013,31.98090228896333,146.72079140826037
2018-11-25 14:00:00+00:00,0.0,1.774278734077296,5.8101578441884,0.0,7.584436578265697
2018-11-25 15:00:00+00:00,0.0,0.0,0.0,0.0,0.0
2018-11-25 16:00:00+00:00,0.0,0.0,0.0,0.0,0.0
2018-11-25 17:00:00+00:00,0.0,0.0,0.0,0.0,0.0
2018-11-25 18:00:00+00:00,0.0,0.0,0.0,0.0,0.0
2018-11-25 19:00:00+00:00,0.0,0.0,0.0,0.0,0.0
2018-11-25 20:00:00+00:00,0.0,0.0,0.0,0.0,0.0
2018-11-25 21:00:00+00:00,0.0,0.0,0.0,0.0,0.0
2018-11-25 22:00:00+00:00,0.0,0.0,0.0,0.0,0.0
2018-11-25 23:00:00+00:00,0.0,0.0,0.0,0.0,0.0
2018-11-26 00:00:00+00:00,0.0,0.0,0.0,0.0,0.0
2018-11-26 01:00:00+00:00,0.0,0.0,0.0,0.0,0.0
2018-11-26 02:00:00+00:00,0.0,0.0,0.0,0.0,0.0
2018-11-26 03:00:00+00:00,0.0,0.0,0.0,0.0,0.0
2018-11-26 04:00:00+00:00,8.323605487052244,5.788934194760206,5.073668469955653,2.364332384934738,21.55054053670284
2018-11-26 05:00:00+00:00,46.347752317513404,34.09278703908682,29.82223127484454,29.007938214284117,139.27070884572888
2018-11-26 06:00:00+00:00,80.81682234132799,60.1562842839474,52.63288624945751,52.80959516019087,246.4155880349238
2018-11-26 07:00:00+00:00,107.06175324950237,79.8351119876417,70.14858607996209,70.56549796320132,327.6109492803075
2018-11-26 08:00:00+00:00,123.52172887379683,92.5004244819386,81.19261433395828,66.94943324013508,364.1642009298288
2018-11-26 09:00:00+00:00,130.02249156132893,97.68084156825402,85.82114560151236,79.36917187847263,392.89365060956794
2018-11-26 10:00:00+00:00,126.75885474003653,95.40003069955141,84.01920465955611,14.776713645080047,320.95480374422414
2018-11-26 11:00:00+00:00,113.73779797543855,85.47225997232944,75.65020683233364,0.8947825089112116,275.75504728901285
2018-11-26 12:00:00+00:00,88.06517665729771,66.47340312814858,59.99078701843633,1.3457594940591806,215.87512629794182
2018-11-26 13:00:00+00:00,52.4209439809467,39.390198300786665,37.29000532460527,16.06818834381366,145.1693359501523
2018-11-26 14:00:00+00:00,0.0,2.034464000137491,5.1259791745470915,0.0,7.160443174684582
2018-11-26 15:00:00+00:00,0.0,0.0,0.0,0.0,0.0
2018-11-26 16:00:00+00:00,0.0,0.0,0.0,0.0,0.0
2018-11-26 17:00:00+00:00,0.0,0.0,0.0,0.0,0.0
2018-11-26 18:00:00+00:00,0.0,0.0,0.0,0.0,0.0
2018-11-26 19:00:00+00:00,0.0,0.0,0.0,0.0,0.0
2018-11-26 20:00:00+00:00,0.0,0.0,0.0,0.0,0.0
2018-11-26 21:00:00+00:00,0.0,0.0,0.0,0.0,0.0
2018-11-26 22:00:00+00:00,0.0,0.0,0.0,0.0,0.0
2018-11-26 23:00:00+00:00,0.0,0.0,0.0,0.0,0.0
2018-11-27 00:00:00+00:00,0.0,0.0,0.0,0.0,0.0
2018-11-27 01:00:00+00:00,0.0,0.0,0.0,0.0,0.0
2018-11-27 02:00:00+00:00,0.0,0.0,0.0,0.0,0.0
2018-11-27 03:00:00+00:00,0.0,0.0,0.0,0.0,0.0
2018-11-27 04:00:00+00:00,1.5806935503938173,1.1870943528400932,0.9848380339525211,3.7056579348488214,7.458283872035253
2018-11-27 05:00:00+00:00,22.75347936584133,20.823191285841187,28.58593252065798,28.9002243573848,101.0628275297253
2018-11-27 06:00:00+00:00,60.69927267778884,36.534627754069376,35.986780488784916,52.98797871771653,186.20865963835968
2018-11-27 07:00:00+00:00,56.01385418367657,41.04265506988781,24.84501843992249,53.08446083334918,174.98598852683602
2018-11-27 08:00:00+00:00,71.36057320765923,54.66340313666852,47.27960199838931,52.34474126864555,225.6483196113626
2018-11-27 09:00:00+00:00,58.692334792035055,57.704630656207414,26.795838994625218,83.77486584075066,226.96767028361836
2018-11-27 10:00:00+00:00,50.877984142376384,41.98660019208607,50.60706195160568,55.924786422065935,199.39643270813406
2018-11-27 11:00:00+00:00,58.21553789816613,44.88026992872986,28.77529052815453,59.89057849124562,191.76167684629615
2018-11-27 12:00:00+00:00,32.58179388239893,23.705089266005086,37.984708640110696,27.442231440592558,121.71382322910728
2018-11-27 13:00:00+00:00,16.080439721707858,11.07517375113541,5.4908085334461205,31.78786832192814,64.43429032821753
2018-11-27 14:00:00+00:00,0.0,0.2749347876860696,0.6799411169357181,0.0,0.9548759046217877
2018-11-27 15:00:00+00:00,0.0,0.0,0.0,0.0,0.0
2018-11-27 16:00:00+00:00,0.0,0.0,0.0,0.0,0.0
2018-11-27 17:00:00+00:00,0.0,0.0,0.0,0.0,0.0
2018-11-27 18:00:00+00:00,0.0,0.0,0.0,0.0,0.0
2018-11-27 19:00:00+00:00,0.0,0.0,0.0,0.0,0.0
2018-11-27 20:00:00+00:00,0.0,0.0,0.0,0.0,0.0
2018-11-27 21:00:00+00:00,0.0,0.0,0.0,0.0,0.0
2018-11-27 22:00:00+00:00,0.0,0.0,0.0,0.0,0.0
2018-11-27 23:00:00+00:00,0.0,0.0,0.0,0.0,0.0
2018-11-28 00:00:00+00:00,0.0,0.0,0.0,0.0,0.0
2018-11-28 01:00:00+00:00,0.0,0.0,0.0,0.0,0.0
2018-11-28 02:00:00+00:00,0.0,0.0,0.0,0.0,0.0
2018-11-28 03:00:00+00:00,0.0,0.0,0.0,0.0,0.0
2018-11-28 04:00:00+00:00,7.496509000324088,5.280181268346176,4.549815329349526,1.0292865472210584,18.35579214524085
2018-11-28 05:00:00+00:00,44.66172660950002,33.142925112479816,28.761422273469513,29.407180024787255,135.97325402023662
2018-11-28 06:00:00+00:00,78.45642076768677,58.73946229777661,51.06691159558465,34.1547786603761,222.41757332142413
2018-11-28 07:00:00+00:00,103.6419081746755,77.84341830249643,67.76081874558831,69.9948815573745,319.2410267801348
2018-11-28 08:00:00+00:00,119.23684313321382,90.02761749832278,78.4904298227696,62.403516812815624,350.15840726712185
2018-11-28 09:00:00+00:00,124.4209400795885,94.0699030872955,82.35086345268357,54.46412850501616,355.3058351245838
2018-11-28 10:00:00+00:00,120.66089244379606,91.44609169601968,80.13883288396228,44.7119628473446,336.95777987112257
2018-11-28 11:00:00+00:00,106.857947891646,80.8560317389284,71.59725196743368,33.824379440082296,293.13561103809036
2018-11-28 12:00:00+00:00,80.34129648907087,60.7044163607148,54.35906933166331,18.664311462522264,214.06909364397126
2018-11-28 13:00:00+00:00,29.873367202296553,13.701744647316728,31.063081541831423,12.620039095872272,87.25823248731697
2018-11-28 14:00:00+00:00,0.0,0.7226742089372998,1.9122017079513498,0.0,2.6348759168886495
2018-11-28 15:00:00+00:00,0.0,0.0,0.0,0.0,0.0
2018-11-28 16:00:00+00:00,0.0,0.0,0.0,0.0,0.0
2018-11-28 17:00:00+00:00,0.0,0.0,0.0,0.0,0.0
2018-11-28 18:00:00+00:00,0.0,0.0,0.0,0.0,0.0
2018-11-28 19:00:00+00:00,0.0,0.0,0.0,0.0,0.0
2018-11-28 20:00:00+00:00,0.0,0.0,0.0,0.0,0.0
2018-11-28 21:00:00+00:00,0.0,0.0,0.0,0.0,0.0
2018-11-28 22:00:00+00:00,0.0,0.0,0.0,0.0,0.0
2018-11-28 23:00:00+00:00,0.0,0.0,0.0,0.0,0.0
2018-11-29 00:00:00+00:00,0.0,0.0,0.0,0.0,0.0
2018-11-29 01:00:00+00:00,0.0,0.0,0.0,0.0,0.0
2018-11-29 02:00:00+00:00,0.0,0.0,0.0,0.0,0.0
2018-11-29 03:00:00+00:00,0.0,0.0,0.0,0.0,0.0
2018-11-29 04:00:00+00:00,1.4249796664377927,1.3727750680651678,1.1690450069582148,0.4070630056805836,4.373862747141759
2018-11-29 05:00:00+00:00,4.9948443592589165,7.090538443169615,8.746636552267528,0.40566159468683033,21.237680949382888
2018-11-29 06:00:00+00:00,36.808054227314706,28.676164192974586,29.316365820857506,28.397468128355385,123.19805236950218
2018-11-29 07:00:00+00:00,55.144264435406,39.407905960918995,28.531576894698016,35.00379188266798,158.087539173691
2018-11-29 08:00:00+00:00,73.67784085893872,48.089749843861085,58.36516227020842,43.75252558165195,223.88527855466018
2018-11-29 09:00:00+00:00,76.33698142756228,56.19835932594759,39.11531084739216,43.454382925899864,215.1050345268019
2018-11-29 10:00:00+00:00,80.55472417292059,55.64586591513634,40.34351261970938,40.3330008715279,216.8771035792942
2018-11-29 11:00:00+00:00,50.53284570196239,37.954267170741055,55.59645504011064,40.53065126027792,184.614219173092
2018-11-29 12:00:00+00:00,59.81288005529399,30.445786468235084,31.489958387069212,15.947850388375862,137.69647529897415
2018-11-29 13:00:00+00:00,12.02513268947175,23.377307006304346,4.829009134923443,1.1465611314345494,41.378009962134094
2018-11-29 14:00:00+00:00,0.0,0.5261366902507941,0.5768280758511076,0.0,1.1029647661019018
2018-11-29 15:00:00+00:00,0.0,0.0,0.0,0.0,0.0
2018-11-29 16:00:00+00:00,0.0,0.0,0.0,0.0,0.0
2018-11-29 17:00:00+00:00,0.0,0.0,0.0,0.0,0.0
2018-11-29 18:00:00+00:00,0.0,0.0,0.0,0.0,0.0
2018-11-29 19:00:00+00:00,0.0,0.0,0.0,0.0,0.0
2018-11-29 20:00:00+00:00,0.0,0.0,0.0,0.0,0.0
2018-11-29 21:00:00+00:00,0.0,0.0,0.0,0.0,0.0
2018-11-29 22:00:00+00:00,0.0,0.0,0.0,0.0,0.0
2018-11-29 23:00:00+00:00,0.0,0.0,0.0,0.0,0.0
2018-11-30 00:00:00+00:00,0.0,0.0,0.0,0.0,0.0
2018-11-30 01:00:00+00:00,0.0,0.0,0.0,0.0,0.0
2018-11-30 02:00:00+00:00,0.0,0.0,0.0,0.0,0.0
2018-11-30 03:00:00+00:00,0.0,0.0,0.0,0.0,0.0
2018-11-30 04:00:00+00:00,4.527884898458911,2.8827637667259176,2.492180988308343,1.659005832835011,11.561835486328182
2018-11-30 05:00:00+00:00,39.40876442399522,8.229674685521358,24.46332350020096,23.317423759877634,95.41918636959517
2018-11-30 06:00:00+00:00,73.5138048397003,36.632515328805084,46.76773074278359,46.19134354662218,203.10539445791113
2018-11-30 07:00:00+00:00,67.67730923801307,17.884108937525568,23.004911935871206,63.8894951171367,172.45582522854653
2018-11-30 08:00:00+00:00,70.30273115977057,27.929379008660135,38.91656680524873,75.18052355737966,212.3292005310591
2018-11-30 09:00:00+00:00,21.54905669476026,77.48723574240853,30.762490652469218,78.62131513496647,208.42009822460446
2018-11-30 10:00:00+00:00,10.177184670257638,56.12122712323463,47.61524948336133,37.04129326588192,150.95495454273555
2018-11-30 11:00:00+00:00,105.69304431162064,41.315667509852744,43.717726445627186,19.04600509982881,209.7724433669294
2018-11-30 12:00:00+00:00,63.273844874389816,17.727439403022913,51.73756761925808,10.359226211022346,143.09807810769314
2018-11-30 13:00:00+00:00,43.01862378652855,30.312517316864927,27.16352932009775,0.8003371414017054,101.29500756489294
2018-11-30 14:00:00+00:00,0.0,0.2522145526455015,0.8790907901038554,0.0,1.131305342749357
2018-11-30 15:00:00+00:00,0.0,0.0,0.0,0.0,0.0
2018-11-30 16:00:00+00:00,0.0,0.0,0.0,0.0,0.0
2018-11-30 17:00:00+00:00,0.0,0.0,0.0,0.0,0.0
2018-11-30 18:00:00+00:00,0.0,0.0,0.0,0.0,0.0
2018-11-30 19:00:00+00:00,0.0,0.0,0.0,0.0,0.0
2018-11-30 20:00:00+00:00,0.0,0.0,0.0,0.0,0.0
2018-11-30 21:00:00+00:00,0.0,0.0,0.0,0.0,0.0
2018-11-30 22:00:00+00:00,0.0,0.0,0.0,0.0,0.0
2018-11-30 23:00:00+00:00,0.0,0.0,0.0,0.0,0.0
2018-12-01 00:00:00+00:00,0.0,0.0,0.0,0.0,0.0
2018-12-01 01:00:00+00:00,0.0,0.0,0.0,0.0,0.0
2018-12-01 02:00:00+00:00,0.0,0.0,0.0,0.0,0.0
2018-12-01 03:00:00+00:00,0.0,0.0,0.0,0.0,0.0
2018-12-01 04:00:00+00:00,4.849086867970668,3.0966896372281547,2.794845747947495,1.1853493207167964,11.925971573863112
2018-12-01 05:00:00+00:00,42.59321198907654,30.5911689158477,27.059134152270463,25.7016992209552,125.9452142781499
2018-12-01 06:00:00+00:00,78.34729845126388,57.51342607849705,50.60091722876566,20.108298960767527,206.56994071929415
2018-12-01 07:00:00+00:00,105.98521150846773,38.459116861528045,69.04001457015876,51.44155295470764,264.92589589486215
2018-12-01 08:00:00+00:00,124.27501564136963,92.66801746782147,81.28707641515793,39.911198508027695,338.14130803237674
2018-12-01 09:00:00+00:00,131.60063982466642,59.850452752100665,86.32434484915767,47.5652003680583,325.34063779398303
2018-12-01 10:00:00+00:00,129.80392096307202,97.14688990835134,85.27340798720086,78.71218352064885,390.9364023792731
2018-12-01 11:00:00+00:00,117.28563857307361,87.45643467261264,77.19598822469037,68.77379060489754,350.7118520752742
2018-12-01 12:00:00+00:00,93.54937974416472,69.61378421125536,62.08810778318595,8.904363598433456,234.15563533703948
2018-12-01 13:00:00+00:00,57.45484331999178,42.053739777512504,38.63396047956793,0.6615691669484893,138.8041127440207
2018-12-01 14:00:00+00:00,0.0,1.4754822084876325,4.638103335527197,0.0,6.11358554401483
2018-12-01 15:00:00+00:00,0.0,0.0,0.0,0.0,0.0
2018-12-01 16:00:00+00:00,0.0,0.0,0.0,0.0,0.0
2018-12-01 17:00:00+00:00,0.0,0.0,0.0,0.0,0.0
2018-12-01 18:00:00+00:00,0.0,0.0,0.0,0.0,0.0
2018-12-01 19:00:00+00:00,0.0,0.0,0.0,0.0,0.0
2018-12-01 20:00:00+00:00,0.0,0.0,0.0,0.0,0.0
2018-12-01 21:00:00+00:00,0.0,0.0,0.0,0.0,0.0
2018-12-01 22:00:00+00:00,0.0,0.0,0.0,0.0,0.0
2018-12-01 23:00:00+00:00,0.0,0.0,0.0,0.0,0.0
2018-12-02 00:00:00+00:00,0.0,0.0,0.0,0.0,0.0
2018-12-02 01:00:00+00:00,0.0,0.0,0.0,0.0,0.0
2018-12-02 02:00:00+00:00,0.0,0.0,0.0,0.0,0.0
2018-12-02 03:00:00+00:00,0.0,0.0,0.0,0.0,0.0
2018-12-02 04:00:00+00:00,1.4100217637854526,0.654557843802446,0.6992476807719702,0.4648641834129093,3.2286914717727777
2018-12-02 05:00:00+00:00,1.9079400845288703,3.1483871014928297,9.49968465326145,1.945118503664773,16.501130342947924
2018-12-02 06:00:00+00:00,36.305501581407086,26.747214838567718,35.54041749594117,54.08634377424448,152.67947769016047
2018-12-02 07:00:00+00:00,62.94317723680816,51.8359735841897,55.99408179817297,51.950410637189535,222.7236432563604
2018-12-02 08:00:00+00:00,65.45641530372379,62.298994639967944,68.8365281336607,42.01145300262861,238.60339107998107
2018-12-02 09:00:00+00:00,77.15585211966544,63.75965363685415,46.74104058628999,32.010111844031385,219.66665818684095
2018-12-02 10:00:00+00:00,104.23770267679575,58.093617549237344,48.660307924120296,65.70847803554112,276.7001061856945
2018-12-02 11:00:00+00:00,90.54505443780701,80.81750854577918,75.13807532072593,41.483919253241716,287.98455755755384
2018-12-02 12:00:00+00:00,23.067406138311952,37.24981269283848,56.58734781904404,12.472955328251484,129.37752197844597
2018-12-02 13:00:00+00:00,46.507946884098374,15.566048280540231,31.94122402765141,1.416128002409394,95.4313471946994
2018-12-02 14:00:00+00:00,0.0,0.3089034760984744,0.38880559516234187,0.0,0.6977090712608163
2018-12-02 15:00:00+00:00,0.0,0.0,0.0,0.0,0.0
2018-12-02 16:00:00+00:00,0.0,0.0,0.0,0.0,0.0
2018-12-02 17:00:00+00:00,0.0,0.0,0.0,0.0,0.0
2018-12-02 18:00:00+00:00,0.0,0.0,0.0,0.0,0.0
2018-12-02 19:00:00+00:00,0.0,0.0,0.0,0.0,0.0
2018-12-02 20:00:00+00:00,0.0,0.0,0.0,0.0,0.0
2018-12-02 21:00:00+00:00,0.0,0.0,0.0,0.0,0.0
2018-12-02 22:00:00+00:00,0.0,0.0,0.0,0.0,0.0
2018-12-02 23:00:00+00:00,0.0,0.0,0.0,0.0,0.0
2018-12-03 00:00:00+00:00,0.0,0.0,0.0,0.0,0.0
2018-12-03 01:00:00+00:00,0.0,0.0,0.0,0.0,0.0
2018-12-03 02:00:00+00:00,0.0,0.0,0.0,0.0,0.0
2018-12-03 03:00:00+00:00,0.0,0.0,0.0,0.0,0.0
2018-12-03 04:00:00+00:00,0.7572579565192202,0.6184493923924256,0.7865378776399781,0.4109492199805658,2.57319444653219
2018-12-03 05:00:00+00:00,0.7381030505186017,8.452406807398512,0.3908927912527474,3.311710641567707,12.893113290737569
2018-12-03 06:00:00+00:00,21.952780156652334,12.504883102686794,15.38120385077525,32.89680734660432,82.7356744567187
2018-12-03 07:00:00+00:00,55.51688461838963,33.53531497465056,29.27638776226532,23.532692388276935,141.86127974358246
2018-12-03 08:00:00+00:00,56.10966417882749,22.0894742118912,55.225642043058,48.60265733433614,182.0274377681128
2018-12-03 09:00:00+00:00,55.80850217139858,56.64041899502814,71.54656554479507,33.06095679959458,217.05644351081637
2018-12-03 10:00:00+00:00,82.30683732239618,63.90193769540312,80.29067181470849,42.630017103885265,269.12946393639305
2018-12-03 11:00:00+00:00,55.01090697820951,79.86098425029965,72.12919508508946,64.09622476141863,271.0973110750173
2018-12-03 12:00:00+00:00,44.25292612023712,62.66020371083674,56.70760804162643,13.719496188750277,177.34023406145056
2018-12-03 13:00:00+00:00,20.95910231615539,35.7645796601487,33.441748460484405,1.1987514157666674,91.36418185255516
2018-12-03 14:00:00+00:00,0.0,0.7402246292134419,2.2985735306081025,0.0,3.0387981598215443
2018-12-03 15:00:00+00:00,0.0,0.0,0.0,0.0,0.0
2018-12-03 16:00:00+00:00,0.0,0.0,0.0,0.0,0.0
2018-12-03 17:00:00+00:00,0.0,0.0,0.0,0.0,0.0
2018-12-03 18:00:00+00:00,0.0,0.0,0.0,0.0,0.0
2018-12-03 19:00:00+00:00,0.0,0.0,0.0,0.0,0.0
2018-12-03 20:00:00+00:00,0.0,0.0,0.0,0.0,0.0
2018-12-03 21:00:00+00:00,0.0,0.0,0.0,0.0,0.0
2018-12-03 22:00:00+00:00,0.0,0.0,0.0,0.0,0.0
2018-12-03 23:00:00+00:00,0.0,0.0,0.0,0.0,0.0
2018-12-04 00:00:00+00:00,0.0,0.0,0.0,0.0,0.0
2018-12-04 01:00:00+00:00,0.0,0.0,0.0,0.0,0.0
2018-12-04 02:00:00+00:00,0.0,0.0,0.0,0.0,0.0
2018-12-04 03:00:00+00:00,0.0,0.0,0.0,0.0,0.0
2018-12-04 04:00:00+00:00,3.1338781150666,1.8159379269326905,1.5686429549631902,0.6181673146234133,7.136626311585894
2018-12-04 05:00:00+00:00,37.07025708875343,25.731455508071445,22.643602621754823,21.880237834097738,107.32555305267744
2018-12-04 06:00:00+00:00,71.03966708749492,51.199741169455905,45.22605750159281,6.201671972222381,173.66713773076603
2018-12-04 07:00:00+00:00,98.05115756179165,72.09217331115458,63.52436652026737,64.01211505930668,297.6798124525203
2018-12-04 08:00:00+00:00,115.99322975274927,86.44067645812007,76.128450517659,13.680483395814075,292.2428401243424
2018-12-04 09:00:00+00:00,123.2173249640378,92.3913487356624,82.09180167842982,38.201813698475014,335.90228907660503
2018-12-04 10:00:00+00:00,121.92872204444599,91.99458786011321,39.78315591288677,23.357140327783256,277.06360614522924
2018-12-04 11:00:00+00:00,110.61931329760714,83.23176051852636,25.89605931458202,50.742023443898795,270.4891565746143
2018-12-04 12:00:00+00:00,87.23600931238892,65.76999531040211,22.538059827729338,49.83641285788662,225.38047730840697
2018-12-04 13:00:00+00:00,52.13620873647935,39.29254994903305,36.8872280662719,25.160625174289276,153.47661192607356
2018-12-04 14:00:00+00:00,0.0,1.5358121082621212,4.214818760910828,0.0,5.750630869172949
2018-12-04 15:00:00+00:00,0.0,0.0,0.0,0.0,0.0
2018-12-04 16:00:00+00:00,0.0,0.0,0.0,0.0,0.0
2018-12-04 17:00:00+00:00,0.0,0.0,0.0,0.0,0.0
2018-12-04 18:00:00+00:00,0.0,0.0,0.0,0.0,0.0
2018-12-04 19:00:00+00:00,0.0,0.0,0.0,0.0,0.0
2018-12-04 20:00:00+00:00,0.0,0.0,0.0,0.0,0.0
2018-12-04 21:00:00+00:00,0.0,0.0,0.0,0.0,0.0
2018-12-04 22:00:00+00:00,0.0,0.0,0.0,0.0,0.0
2018-12-04 23:00:00+00:00,0.0,0.0,0.0,0.0,0.0
2018-12-05 00:00:00+00:00,0.0,0.0,0.0,0.0,0.0
2018-12-05 01:00:00+00:00,0.0,0.0,0.0,0.0,0.0
2018-12-05 02:00:00+00:00,0.0,0.0,0.0,0.0,0.0
2018-12-05 03:00:00+00:00,0.0,0.0,0.0,0.0,0.0
2018-12-05 04:00:00+00:00,1.2074108072098075,1.083715760846533,0.5991908911054536,0.2599029144983087,3.150220373660103
2018-12-05 05:00:00+00:00,40.688619352791505,28.909237997348196,4.3332453060174965,24.546207826716554,98.47731048287376
2018-12-05 06:00:00+00:00,42.742018476366574,55.84338396083645,26.748157423278784,48.91349526573903,174.24705512622083
2018-12-05 07:00:00+00:00,71.70283939042432,48.18719799187045,66.52723306311783,68.02226642184971,254.43953686726232
2018-12-05 08:00:00+00:00,121.28112959423873,68.58945344172653,78.48644482761884,80.49210501985264,348.84913288343677
2018-12-05 09:00:00+00:00,75.67380592715574,61.358382332296074,35.474199579580436,42.60489089205144,215.1112787310837
2018-12-05 10:00:00+00:00,55.43820945440018,62.98013761090597,36.723315390109974,44.76210766553996,199.90377012095607
2018-12-05 11:00:00+00:00,113.50954500585036,84.80368155205544,33.084288932382115,23.95605443570396,255.3535699259919
2018-12-05 12:00:00+00:00,88.07891624300271,65.56572360683835,22.80044152078796,12.290814855646428,188.73589622627543
2018-12-05 13:00:00+00:00,10.363305746455115,8.345716185550677,33.63420809393005,29.549929012918522,81.89315903885436
2018-12-05 14:00:00+00:00,0.0,0.24267936027384313,0.29375834597621625,0.0,0.5364377062500594
2018-12-05 15:00:00+00:00,0.0,0.0,0.0,0.0,0.0
2018-12-05 16:00:00+00:00,0.0,0.0,0.0,0.0,0.0
2018-12-05 17:00:00+00:00,0.0,0.0,0.0,0.0,0.0
2018-12-05 18:00:00+00:00,0.0,0.0,0.0,0.0,0.0
2018-12-05 19:00:00+00:00,0.0,0.0,0.0,0.0,0.0
2018-12-05 20:00:00+00:00,0.0,0.0,0.0,0.0,0.0
2018-12-05 21:00:00+00:00,0.0,0.0,0.0,0.0,0.0
2018-12-05 22:00:00+00:00,0.0,0.0,0.0,0.0,0.0
2018-12-05 23:00:00+00:00,0.0,0.0,0.0,0.0,0.0
2018-12-06 00:00:00+00:00,0.0,0.0,0.0,0.0,0.0
2018-12-06 01:00:00+00:00,0.0,0.0,0.0,0.0,0.0
2018-12-06 02:00:00+00:00,0.0,0.0,0.0,0.0,0.0
2018-12-06 03:00:00+00:00,0.0,0.0,0.0,0.0,0.0
2018-12-06 04:00:00+00:00,0.299097490214817,0.3429023216620204,0.2968891401118247,0.10335847391636799,1.04224742590503
2018-12-06 05:00:00+00:00,1.7938800275847746,1.1456865912382057,0.6898552983651448,0.4120378487175113,4.041459765905636
2018-12-06 06:00:00+00:00,6.318517459253285,17.246961500541314,6.4436833313368425,10.563054903057774,40.572217194189214
2018-12-06 07:00:00+00:00,49.74582429677234,17.081465338623254,6.813176293556662,13.309043109904167,86.94950903885643
2018-12-06 08:00:00+00:00,70.80018231833242,48.020897513668785,4.668028232483494,2.6987327253264377,126.18784078981113
2018-12-06 09:00:00+00:00,67.05050609911672,63.41785991786662,40.692589781443054,10.255592627311106,181.4165484257375
2018-12-06 10:00:00+00:00,90.90897788541048,58.75146363493634,7.333166056822664,10.258774941876442,167.25238251904594
2018-12-06 11:00:00+00:00,26.55772564258858,86.08734662648357,21.966773874577125,6.93953206210487,141.55137820575413
2018-12-06 12:00:00+00:00,10.565358239824361,47.167377899515635,25.623144961235685,9.855845816421558,93.21172691699725
2018-12-06 13:00:00+00:00,1.0354821299672943,1.7475506235681,33.83819416047927,0.5634820452367704,37.18470895925143
2018-12-06 14:00:00+00:00,0.0,0.8479965587915731,0.4917345843014716,0.0,1.3397311430930448
2018-12-06 15:00:00+00:00,0.0,0.0,0.0,0.0,0.0
2018-12-06 16:00:00+00:00,0.0,0.0,0.0,0.0,0.0
2018-12-06 17:00:00+00:00,0.0,0.0,0.0,0.0,0.0
2018-12-06 18:00:00+00:00,0.0,0.0,0.0,0.0,0.0
2018-12-06 19:00:00+00:00,0.0,0.0,0.0,0.0,0.0
2018-12-06 20:00:00+00:00,0.0,0.0,0.0,0.0,0.0
2018-12-06 21:00:00+00:00,0.0,0.0,0.0,0.0,0.0
2018-12-06 22:00:00+00:00,0.0,0.0,0.0,0.0,0.0
2018-12-06 23:00:00+00:00,0.0,0.0,0.0,0.0,0.0
2018-12-07 00:00:00+00:00,0.0,0.0,0.0,0.0,0.0
2018-12-07 01:00:00+00:00,0.0,0.0,0.0,0.0,0.0
2018-12-07 02:00:00+00:00,0.0,0.0,0.0,0.0,0.0
2018-12-07 03:00:00+00:00,0.0,0.0,0.0,0.0,0.0
2018-12-07 04:00:00+00:00,0.6551886811548173,0.4945057116008491,0.4976980017026306,0.0,1.647392394458297
2018-12-07 05:00:00+00:00,38.5928052821542,27.937083887828013,3.065043471496946,0.6191004249693668,70.21403306644852
2018-12-07 06:00:00+00:00,74.4669859625792,25.268699724327885,27.151164097596297,1.440700550052302,128.3275503345557
2018-12-07 07:00:00+00:00,104.01776186791443,38.06261944599869,42.96413021420529,2.2544597182939183,187.29897124641232
2018-12-07 08:00:00+00:00,46.33748846969913,42.195240806839976,45.3501297220482,2.758107902580104,136.6409669011674
2018-12-07 09:00:00+00:00,69.96476838563586,56.64077267434406,29.49957190841787,7.6075456218537845,163.71265859025158
2018-12-07 10:00:00+00:00,36.14533315396824,36.35967615225974,44.05143644652958,7.639852201352067,124.19629795410962
2018-12-07 11:00:00+00:00,99.59222181599004,36.98155115251251,30.085453964751892,6.994911970068137,173.65413890332258
2018-12-07 12:00:00+00:00,17.58651846122851,26.447682045562743,26.28158996260711,6.041542891589888,76.35733336098825
2018-12-07 13:00:00+00:00,4.687710395208582,14.700555707888622,4.01456371944782,0.5132465889818343,23.91607641152686
2018-12-07 14:00:00+00:00,0.0,0.7607685780455671,2.1101625082724946,0.0,2.8709310863180617
2018-12-07 15:00:00+00:00,0.0,0.0,0.0,0.0,0.0
2018-12-07 16:00:00+00:00,0.0,0.0,0.0,0.0,0.0
2018-12-07 17:00:00+00:00,0.0,0.0,0.0,0.0,0.0
2018-12-07 18:00:00+00:00,0.0,0.0,0.0,0.0,0.0
2018-12-07 19:00:00+00:00,0.0,0.0,0.0,0.0,0.0
2018-12-07 20:00:00+00:00,0.0,0.0,0.0,0.0,0.0
2018-12-07 21:00:00+00:00,0.0,0.0,0.0,0.0,0.0
2018-12-07 22:00:00+00:00,0.0,0.0,0.0,0.0,0.0
2018-12-07 23:00:00+00:00,0.0,0.0,0.0,0.0,0.0
2018-12-08 00:00:00+00:00,0.0,0.0,0.0,0.0,0.0
2018-12-08 01:00:00+00:00,0.0,0.0,0.0,0.0,0.0
2018-12-08 02:00:00+00:00,0.0,0.0,0.0,0.0,0.0
2018-12-08 03:00:00+00:00,0.0,0.0,0.0,0.0,0.0
2018-12-08 04:00:00+00:00,0.9680040967722772,2.502738472389194,1.9981799689310535,0.0,5.468922538092524
2018-12-08 05:00:00+00:00,42.80169305423509,30.58480270638679,26.88435377769997,0.6191004249693668,100.8899499632912
2018-12-08 06:00:00+00:00,79.60752670581081,58.240021629810826,51.082493260807574,2.0086347085799847,190.9386763050092
2018-12-08 07:00:00+00:00,107.62765771352795,79.68774079303525,69.80165295911937,4.926174064188659,262.0432255298713
2018-12-08 08:00:00+00:00,125.9771878448737,93.81668517294993,82.24839591418878,4.821675473634697,306.8639444056471
2018-12-08 09:00:00+00:00,134.06410956748203,99.9274533666013,87.43447025291023,16.116493566938434,337.542526753932
2018-12-08 10:00:00+00:00,131.65717515720098,98.57463560534413,86.27221617911495,12.243656720748527,328.7476836624086
2018-12-08 11:00:00+00:00,119.29876943678306,89.10754583121785,78.23640766715263,7.754938897531902,294.39766183268546
2018-12-08 12:00:00+00:00,95.90771843309167,71.2422468184642,62.880319659854635,5.5747003291593735,235.60498524056987
2018-12-08 13:00:00+00:00,59.94369331953625,43.93220884224746,39.13135595728276,0.6174674818639485,143.62472560093042
2018-12-08 14:00:00+00:00,0.0,1.4960753574647476,4.764468297682094,0.0,6.260543655146842
2018-12-08 15:00:00+00:00,0.0,0.0,0.0,0.0,0.0
2018-12-08 16:00:00+00:00,0.0,0.0,0.0,0.0,0.0
2018-12-08 17:00:00+00:00,0.0,0.0,0.0,0.0,0.0
2018-12-08 18:00:00+00:00,0.0,0.0,0.0,0.0,0.0
2018-12-08 19:00:00+00:00,0.0,0.0,0.0,0.0,0.0
2018-12-08 20:00:00+00:00,0.0,0.0,0.0,0.0,0.0
2018-12-08 21:00:00+00:00,0.0,0.0,0.0,0.0,0.0
2018-12-08 22:00:00+00:00,0.0,0.0,0.0,0.0,0.0
2018-12-08 23:00:00+00:00,0.0,0.0,0.0,0.0,0.0
2018-12-09 00:00:00+00:00,0.0,0.0,0.0,0.0,0.0
2018-12-09 01:00:00+00:00,0.0,0.0,0.0,0.0,0.0
2018-12-09 02:00:00+00:00,0.0,0.0,0.0,0.0,0.0
2018-12-09 03:00:00+00:00,0.0,0.0,0.0,0.0,0.0
2018-12-09 04:00:00+00:00,3.7788371420357025,1.8797377558543131,0.0,0.0,5.658574897890015
2018-12-09 05:00:00+00:00,42.02616861600371,30.581834039661757,5.753691198662399,26.27139356116566,104.63308741549352
2018-12-09 06:00:00+00:00,77.75877740590825,57.63637751724544,28.31600931613566,30.16557251703619,193.87673675632553
2018-12-09 07:00:00+00:00,87.95936725475083,68.94016999478838,58.11432399006483,51.58640796558163,266.60026920518567
2018-12-09 08:00:00+00:00,74.43772075435388,67.62000533716046,73.28509793953914,82.92157392595061,298.26439795700406
2018-12-09 09:00:00+00:00,58.11317173365633,21.168467908205844,76.64577572271241,87.98767993508136,243.91509529965595
2018-12-09 10:00:00+00:00,53.47958890324198,68.24095468428347,48.21119315001456,41.9680332019164,211.8997699394564
2018-12-09 11:00:00+00:00,53.60715448458562,57.04004716581245,77.00543388754038,34.51322378359373,222.1658593215322
2018-12-09 12:00:00+00:00,28.289574463922683,69.0075704413752,61.19895603500086,4.973043842403594,163.46914478270233
2018-12-09 13:00:00+00:00,9.41732531963207,41.78178312697955,38.33047095048847,0.8621007067791391,90.39168010387924
2018-12-09 14:00:00+00:00,0.0,0.3832811407136588,0.6875072027634385,0.0,1.0707883434770973
2018-12-09 15:00:00+00:00,0.0,0.0,0.0,0.0,0.0
2018-12-09 16:00:00+00:00,0.0,0.0,0.0,0.0,0.0
2018-12-09 17:00:00+00:00,0.0,0.0,0.0,0.0,0.0
2018-12-09 18:00:00+00:00,0.0,0.0,0.0,0.0,0.0
2018-12-09 19:00:00+00:00,0.0,0.0,0.0,0.0,0.0
2018-12-09 20:00:00+00:00,0.0,0.0,0.0,0.0,0.0
2018-12-09 21:00:00+00:00,0.0,0.0,0.0,0.0,0.0
2018-12-09 22:00:00+00:00,0.0,0.0,0.0,0.0,0.0
2018-12-09 23:00:00+00:00,0.0,0.0,0.0,0.0,0.0
2018-12-10 00:00:00+00:00,0.0,0.0,0.0,0.0,0.0
2018-12-10 01:00:00+00:00,0.0,0.0,0.0,0.0,0.0
2018-12-10 02:00:00+00:00,0.0,0.0,0.0,0.0,0.0
2018-12-10 03:00:00+00:00,0.0,0.0,0.0,0.0,0.0
2018-12-10 04:00:00+00:00,3.600654023439736,1.6937250817003655,0.0,0.0,5.294379105140101
2018-12-10 05:00:00+00:00,41.908289963362826,30.174720257460947,26.443392860045925,26.104306375022762,124.63070945589246
2018-12-10 06:00:00+00:00,78.374120185621,57.83468406831882,50.47347728733475,50.562307991880886,237.24458953315548
2018-12-10 07:00:00+00:00,106.07699892473349,79.0787077884878,69.30004182792776,69.51745784590211,323.97320638705116
2018-12-10 08:00:00+00:00,124.20693612328174,93.13557645753556,81.66790090994105,81.84671165955129,380.8571251503097
2018-12-10 09:00:00+00:00,132.78775080532347,99.78109550549905,87.30965780215418,87.48095526681985,407.3594593797966
2018-12-10 10:00:00+00:00,131.1898201405359,98.5265681578386,86.41745219684964,86.32811218657716,402.46195268180134
2018-12-10 11:00:00+00:00,119.35053431236138,89.52180688956281,78.72924525475717,77.72157356884553,365.32316002552693
2018-12-10 12:00:00+00:00,95.83250140603073,72.16513085309991,64.21174927087684,58.322543957103605,290.5319254871111
2018-12-10 13:00:00+00:00,61.519372275714744,45.58641538470416,41.78402405665498,32.636098273037035,181.5259099901109
2018-12-10 14:00:00+00:00,0.0,2.6350681647598324,7.819871693825066,0.0,10.454939858584899
2018-12-10 15:00:00+00:00,0.0,0.0,0.0,0.0,0.0
2018-12-10 16:00:00+00:00,0.0,0.0,0.0,0.0,0.0
2018-12-10 17:00:00+00:00,0.0,0.0,0.0,0.0,0.0
2018-12-10 18:00:00+00:00,0.0,0.0,0.0,0.0,0.0
2018-12-10 19:00:00+00:00,0.0,0.0,0.0,0.0,0.0
2018-12-10 20:00:00+00:00,0.0,0.0,0.0,0.0,0.0
2018-12-10 21:00:00+00:00,0.0,0.0,0.0,0.0,0.0
2018-12-10 22:00:00+00:00,0.0,0.0,0.0,0.0,0.0
2018-12-10 23:00:00+00:00,0.0,0.0,0.0,0.0,0.0
2018-12-11 00:00:00+00:00,0.0,0.0,0.0,0.0,0.0
2018-12-11 01:00:00+00:00,0.0,0.0,0.0,0.0,0.0
2018-12-11 02:00:00+00:00,0.0,0.0,0.0,0.0,0.0
2018-12-11 03:00:00+00:00,0.0,0.0,0.0,0.0,0.0
2018-12-11 04:00:00+00:00,0.0,0.0,0.0,0.0,0.0
2018-12-11 05:00:00+00:00,42.71261558550752,30.474987946202447,26.45688291503242,24.059304561037433,123.70379100777983
2018-12-11 06:00:00+00:00,78.76794719263192,57.77469357583582,50.255333163662115,49.3330262667591,236.13100019888898
2018-12-11 07:00:00+00:00,106.39436749517813,78.93037759129456,68.67763337627876,68.90032787272611,322.90270633547755
2018-12-11 08:00:00+00:00,124.65687006971339,92.88808549584739,80.79654919366159,81.54018631986798,379.88169107909033
2018-12-11 09:00:00+00:00,133.92170034421625,100.53248502887084,87.57006568785242,86.10511213828548,408.12936319922494
2018-12-11 10:00:00+00:00,132.28564572945098,99.27251675444325,86.57277788201286,84.65341144755658,402.7843518134637
2018-12-11 11:00:00+00:00,120.34750158585055,89.98303060675102,78.74961456212911,75.6956469873522,364.7757937420829
2018-12-11 12:00:00+00:00,97.07958408689245,72.33419362460981,63.61560485243618,59.62214711677831,292.65152968071675
2018-12-11 13:00:00+00:00,61.81094646314962,45.4737784923618,40.66404510435676,33.279149756439665,181.22791981630786
2018-12-11 14:00:00+00:00,0.0,1.7772329468220747,6.141179889706717,0.0,7.918412836528792
2018-12-11 15:00:00+00:00,0.0,0.0,0.0,0.0,0.0
2018-12-11 16:00:00+00:00,0.0,0.0,0.0,0.0,0.0
2018-12-11 17:00:00+00:00,0.0,0.0,0.0,0.0,0.0
2018-12-11 18:00:00+00:00,0.0,0.0,0.0,0.0,0.0
2018-12-11 19:00:00+00:00,0.0,0.0,0.0,0.0,0.0
2018-12-11 20:00:00+00:00,0.0,0.0,0.0,0.0,0.0
2018-12-11 21:00:00+00:00,0.0,0.0,0.0,0.0,0.0
2018-12-11 22:00:00+00:00,0.0,0.0,0.0,0.0,0.0
2018-12-11 23:00:00+00:00,0.0,0.0,0.0,0.0,0.0
2018-12-12 00:00:00+00:00,0.0,0.0,0.0,0.0,0.0
2018-12-12 01:00:00+00:00,0.0,0.0,0.0,0.0,0.0
2018-12-12 02:00:00+00:00,0.0,0.0,0.0,0.0,0.0
2018-12-12 03:00:00+00:00,0.0,0.0,0.0,0.0,0.0
2018-12-12 04:00:00+00:00,0.0,0.0,0.0,0.0,0.0
2018-12-12 05:00:00+00:00,40.618155230062115,29.090590636746423,25.511494423000553,22.91958654609708,118.13982683590618
2018-12-12 06:00:00+00:00,77.16759418025319,56.77621167221966,49.48891595749997,47.48117421773213,230.91389602770494
2018-12-12 07:00:00+00:00,105.49409616743574,78.26694719539458,68.23191032814658,66.44884158991657,318.4417952808935
2018-12-12 08:00:00+00:00,124.06489309050966,92.41192035642906,80.58542701300311,78.52994829887643,375.5921887588182
2018-12-12 09:00:00+00:00,130.2474971054292,97.33678377336307,84.4752740057581,64.39266347947736,376.4522183640278
2018-12-12 10:00:00+00:00,128.40292682733622,95.78354892291264,83.35074737432396,82.31399339727486,389.85121652184773
2018-12-12 11:00:00+00:00,115.77028724068443,85.89193344582588,75.23199913863344,26.832954395031905,303.72717422017564
2018-12-12 12:00:00+00:00,90.73980924733033,66.40065470204989,58.70090221514084,37.57046410922097,253.41183027374203
2018-12-12 13:00:00+00:00,53.26993996429006,37.844821209420715,34.56864653006555,1.9276002193593165,127.61100792313565
2018-12-12 14:00:00+00:00,0.0,0.757971318705914,2.407837028607821,0.0,3.165808347313735
2018-12-12 15:00:00+00:00,0.0,0.0,0.0,0.0,0.0
2018-12-12 16:00:00+00:00,0.0,0.0,0.0,0.0,0.0
2018-12-12 17:00:00+00:00,0.0,0.0,0.0,0.0,0.0
2018-12-12 18:00:00+00:00,0.0,0.0,0.0,0.0,0.0
2018-12-12 19:00:00+00:00,0.0,0.0,0.0,0.0,0.0
2018-12-12 20:00:00+00:00,0.0,0.0,0.0,0.0,0.0
2018-12-12 21:00:00+00:00,0.0,0.0,0.0,0.0,0.0
2018-12-12 22:00:00+00:00,0.0,0.0,0.0,0.0,0.0
2018-12-12 23:00:00+00:00,0.0,0.0,0.0,0.0,0.0
2018-12-13 00:00:00+00:00,0.0,0.0,0.0,0.0,0.0
2018-12-13 01:00:00+00:00,0.0,0.0,0.0,0.0,0.0
2018-12-13 02:00:00+00:00,0.0,0.0,0.0,0.0,0.0
2018-12-13 03:00:00+00:00,0.0,0.0,0.0,0.0,0.0
2018-12-13 04:00:00+00:00,0.0,0.0,0.0,0.0,0.0
2018-12-13 05:00:00+00:00,40.616149880553536,28.945131241339535,25.081412176959756,13.429469469948378,108.0721627688012
2018-12-13 06:00:00+00:00,77.42575619257202,29.608918918656855,49.700368953293186,51.66188344455156,208.39692750907363
2018-12-13 07:00:00+00:00,106.07137896436387,34.55357208215508,68.81316321730914,5.3185600092361565,214.75667427306425
2018-12-13 08:00:00+00:00,124.96569790469424,38.4164170720502,81.57717070530528,34.726917481521376,279.68620316357107
2018-12-13 09:00:00+00:00,133.74543309802235,41.121610038484995,87.66944949705679,20.191288014746952,282.72778064831107
2018-12-13 10:00:00+00:00,132.4377678039069,62.38905626632085,86.92627663551364,23.608247269545025,305.36134797528644
2018-12-13 11:00:00+00:00,120.6794948761207,48.06799739325554,79.48752224299598,14.609385980250364,262.8444004926226
2018-12-13 12:00:00+00:00,98.31881904790848,73.5352076184037,65.00665924461282,6.958003967097774,243.81868987802275
2018-12-13 13:00:00+00:00,63.713842171856314,47.24149886458772,42.56782740313428,4.33431295334988,157.8574813929282
2018-12-13 14:00:00+00:00,7.2764635771815875,3.0161862563467787,8.997126261202352,0.0,19.28977609473072
2018-12-13 15:00:00+00:00,0.0,0.0,0.0,0.0,0.0
2018-12-13 16:00:00+00:00,0.0,0.0,0.0,0.0,0.0
2018-12-13 17:00:00+00:00,0.0,0.0,0.0,0.0,0.0
2018-12-13 18:00:00+00:00,0.0,0.0,0.0,0.0,0.0
2018-12-13 19:00:00+00:00,0.0,0.0,0.0,0.0,0.0
2018-12-13 20:00:00+00:00,0.0,0.0,0.0,0.0,0.0
2018-12-13 21:00:00+00:00,0.0,0.0,0.0,0.0,0.0
2018-12-13 22:00:00+00:00,0.0,0.0,0.0,0.0,0.0
2018-12-13 23:00:00+00:00,0.0,0.0,0.0,0.0,0.0
2018-12-14 00:00:00+00:00,0.0,0.0,0.0,0.0,0.0
2018-12-14 01:00:00+00:00,0.0,0.0,0.0,0.0,0.0
2018-12-14 02:00:00+00:00,0.0,0.0,0.0,0.0,0.0
2018-12-14 03:00:00+00:00,0.0,0.0,0.0,0.0,0.0
2018-12-14 04:00:00+00:00,0.0,0.0,0.0,0.0,0.0
2018-12-14 05:00:00+00:00,41.5270142132753,30.73690919687949,26.47561265728223,28.59786001302877,127.3373960804658
2018-12-14 06:00:00+00:00,78.13796171427053,58.562356558908476,50.5415095934879,53.873049401623554,241.11487726829043
2018-12-14 07:00:00+00:00,106.12049981883908,79.65208680282973,68.97552291797915,73.1379054672193,327.88601500686724
2018-12-14 08:00:00+00:00,124.43680967927355,93.55984671591114,81.1566348422428,85.68542112129613,384.8387123587236
2018-12-14 09:00:00+00:00,132.24784826752037,99.58292626550808,86.69614905635156,90.32365089605597,408.8505744854359
2018-12-14 10:00:00+00:00,130.5778705314309,98.05065211656967,85.88737159625164,88.68052100844588,403.1964152526981
2018-12-14 11:00:00+00:00,118.6367227268484,88.94155794405093,78.30254942473883,80.02362166428722,365.90445175992545
2018-12-14 12:00:00+00:00,93.25376246942733,69.72859523421016,61.615186843133785,64.17764737179749,288.7751919185688
2018-12-14 13:00:00+00:00,57.7372276657611,42.59595943447954,38.78226776728671,39.02193387193179,178.13738873945914
2018-12-14 14:00:00+00:00,5.680232966742549,1.5803370650639532,5.085490128726688,0.0,12.346060160533192
2018-12-14 15:00:00+00:00,0.0,0.0,0.0,0.0,0.0
2018-12-14 16:00:00+00:00,0.0,0.0,0.0,0.0,0.0
2018-12-14 17:00:00+00:00,0.0,0.0,0.0,0.0,0.0
2018-12-14 18:00:00+00:00,0.0,0.0,0.0,0.0,0.0
2018-12-14 19:00:00+00:00,0.0,0.0,0.0,0.0,0.0
2018-12-14 20:00:00+00:00,0.0,0.0,0.0,0.0,0.0
2018-12-14 21:00:00+00:00,0.0,0.0,0.0,0.0,0.0
2018-12-14 22:00:00+00:00,0.0,0.0,0.0,0.0,0.0
2018-12-14 23:00:00+00:00,0.0,0.0,0.0,0.0,0.0
2018-12-15 00:00:00+00:00,0.0,0.0,0.0,0.0,0.0
2018-12-15 01:00:00+00:00,0.0,0.0,0.0,0.0,0.0
2018-12-15 02:00:00+00:00,0.0,0.0,0.0,0.0,0.0
2018-12-15 03:00:00+00:00,0.0,0.0,0.0,0.0,0.0
2018-12-15 04:00:00+00:00,0.0,0.0,0.0,0.0,0.0
2018-12-15 05:00:00+00:00,39.9588116951646,29.65425143516906,25.797373307123774,27.20335633277473,122.61379277023217
2018-12-15 06:00:00+00:00,76.44911521746565,57.29951667528054,49.90497932052426,52.23715861473761,235.89076982800805
2018-12-15 07:00:00+00:00,104.40542670663068,78.20715663939505,68.40096330592513,71.33400338260114,322.347550034552
2018-12-15 08:00:00+00:00,122.278713348558,91.82973580705219,79.95969392853394,83.60383472430851,377.67197780845265
2018-12-15 09:00:00+00:00,127.78323992482004,96.50721981388256,83.99475332009021,88.0665201455553,396.3517332043481
2018-12-15 10:00:00+00:00,125.27149147229864,94.41321635394632,82.41926943157904,86.39176838448384,388.49574564230784
2018-12-15 11:00:00+00:00,112.31446048286725,84.85338305067602,74.73736784770644,76.95982428144416,348.8650356626938
2018-12-15 12:00:00+00:00,88.88457814404681,67.2445498540253,59.92874570851203,59.87178537347803,275.92965908006215
2018-12-15 13:00:00+00:00,52.66742279444341,39.918242271506095,36.791707328552114,33.39533679924578,162.7727091937474
2018-12-15 14:00:00+00:00,3.8993623150174317,0.5586025459929987,4.433732063632226,0.0,8.891696924642655
2018-12-15 15:00:00+00:00,0.0,0.0,0.0,0.0,0.0
2018-12-15 16:00:00+00:00,0.0,0.0,0.0,0.0,0.0
2018-12-15 17:00:00+00:00,0.0,0.0,0.0,0.0,0.0
2018-12-15 18:00:00+00:00,0.0,0.0,0.0,0.0,0.0
2018-12-15 19:00:00+00:00,0.0,0.0,0.0,0.0,0.0
2018-12-15 20:00:00+00:00,0.0,0.0,0.0,0.0,0.0
2018-12-15 21:00:00+00:00,0.0,0.0,0.0,0.0,0.0
2018-12-15 22:00:00+00:00,0.0,0.0,0.0,0.0,0.0
2018-12-15 23:00:00+00:00,0.0,0.0,0.0,0.0,0.0
2018-12-16 00:00:00+00:00,0.0,0.0,0.0,0.0,0.0
2018-12-16 01:00:00+00:00,0.0,0.0,0.0,0.0,0.0
2018-12-16 02:00:00+00:00,0.0,0.0,0.0,0.0,0.0
2018-12-16 03:00:00+00:00,0.0,0.0,0.0,0.0,0.0
2018-12-16 04:00:00+00:00,0.0,0.0,0.0,0.0,0.0
2018-12-16 05:00:00+00:00,0.9783653696475756,1.2969304400047508,0.5844314330375853,1.4379807474959048,4.297707990185817
2018-12-16 06:00:00+00:00,12.110233043228076,22.888485254494025,17.21293164524854,14.46069513064684,66.67234507361748
2018-12-16 07:00:00+00:00,58.70062561552038,45.602502872649325,44.448426427548306,27.65177795477646,176.40333287049447
2018-12-16 08:00:00+00:00,77.75594500310292,54.878616071388876,53.24186230900983,38.29526499183625,224.17168837533785
2018-12-16 09:00:00+00:00,77.00696474308768,72.5391350131747,63.3087408989874,24.245217616678552,237.10005827192833
2018-12-16 10:00:00+00:00,50.2713242271421,51.53946343992499,51.05830572915897,20.678088226601723,173.54718162282776
2018-12-16 11:00:00+00:00,50.525233999220504,40.42221218541818,30.90787777760901,22.49217420783158,144.3474981700793
2018-12-16 12:00:00+00:00,17.146217369545756,11.202945975548278,37.14020119455694,4.273598363479982,69.76296290313095
2018-12-16 13:00:00+00:00,0.7617648316994274,1.8034139147870352,1.1480239606191296,1.9718670428942895,5.685069749999881
2018-12-16 14:00:00+00:00,0.5830890376667118,0.478747316638947,0.7725238467472545,0.0,1.8343602010529132
2018-12-16 15:00:00+00:00,0.0,0.0,0.0,0.0,0.0
2018-12-16 16:00:00+00:00,0.0,0.0,0.0,0.0,0.0
2018-12-16 17:00:00+00:00,0.0,0.0,0.0,0.0,0.0
2018-12-16 18:00:00+00:00,0.0,0.0,0.0,0.0,0.0
2018-12-16 19:00:00+00:00,0.0,0.0,0.0,0.0,0.0
2018-12-16 20:00:00+00:00,0.0,0.0,0.0,0.0,0.0
2018-12-16 21:00:00+00:00,0.0,0.0,0.0,0.0,0.0
2018-12-16 22:00:00+00:00,0.0,0.0,0.0,0.0,0.0
2018-12-16 23:00:00+00:00,0.0,0.0,0.0,0.0,0.0
2018-12-17 00:00:00+00:00,0.0,0.0,0.0,0.0,0.0
2018-12-17 01:00:00+00:00,0.0,0.0,0.0,0.0,0.0
2018-12-17 02:00:00+00:00,0.0,0.0,0.0,0.0,0.0
2018-12-17 03:00:00+00:00,0.0,0.0,0.0,0.0,0.0
2018-12-17 04:00:00+00:00,0.0,0.0,0.0,0.0,0.0
2018-12-17 05:00:00+00:00,36.65126968944973,25.660831136332067,22.2387489150462,18.586094668088286,103.13694440891629
2018-12-17 06:00:00+00:00,73.43750761545661,52.91652855899831,45.70113150305949,43.166323218747465,215.22149089626188
2018-12-17 07:00:00+00:00,101.69696653362085,73.92969866765998,63.644207622558845,62.52759236661302,301.7984651904527
2018-12-17 08:00:00+00:00,119.59619679696937,87.1621621744475,75.17934695014563,75.47231981695876,357.41002573852126
2018-12-17 09:00:00+00:00,129.51912892708324,95.5341479110949,82.74580033361691,80.23718499265898,388.036262164454
2018-12-17 10:00:00+00:00,126.79482829777959,92.9042012176611,80.71822413792255,78.89196143931872,379.30921509268194
2018-12-17 11:00:00+00:00,112.81971044855408,82.04912775977431,71.48164975133466,69.4185849179706,335.7690728776337
2018-12-17 12:00:00+00:00,88.56342301577057,64.35673034304892,56.76868299934358,11.969148821375004,221.6579851795381
2018-12-17 13:00:00+00:00,50.529483947749874,35.78082890744933,32.80582300906144,5.524937874916929,124.64107373917759
2018-12-17 14:00:00+00:00,2.546586278242828,1.624490569352309,2.28158994829555,0.0,6.4526667958906865
2018-12-17 15:00:00+00:00,0.0,0.0,0.0,0.0,0.0
2018-12-17 16:00:00+00:00,0.0,0.0,0.0,0.0,0.0
2018-12-17 17:00:00+00:00,0.0,0.0,0.0,0.0,0.0
2018-12-17 18:00:00+00:00,0.0,0.0,0.0,0.0,0.0
2018-12-17 19:00:00+00:00,0.0,0.0,0.0,0.0,0.0
2018-12-17 20:00:00+00:00,0.0,0.0,0.0,0.0,0.0
2018-12-17 21:00:00+00:00,0.0,0.0,0.0,0.0,0.0
2018-12-17 22:00:00+00:00,0.0,0.0,0.0,0.0,0.0
2018-12-17 23:00:00+00:00,0.0,0.0,0.0,0.0,0.0
2018-12-18 00:00:00+00:00,0.0,0.0,0.0,0.0,0.0
2018-12-18 01:00:00+00:00,0.0,0.0,0.0,0.0,0.0
2018-12-18 02:00:00+00:00,0.0,0.0,0.0,0.0,0.0
2018-12-18 03:00:00+00:00,0.0,0.0,0.0,0.0,0.0
2018-12-18 04:00:00+00:00,0.0,0.0,0.0,0.0,0.0
2018-12-18 05:00:00+00:00,34.964428742001374,24.792195271172993,21.584994253116523,11.041680892189088,92.38329915847999
2018-12-18 06:00:00+00:00,72.13372749358481,52.66052425532499,45.9679883331064,3.922290954387816,174.68453103640402
2018-12-18 07:00:00+00:00,101.00752834111302,74.59536350663072,65.10485577493495,2.1832568616620893,242.89100448434078
2018-12-18 08:00:00+00:00,119.93191569490084,89.10824235607241,77.92864462434262,18.690779499975655,305.6595821752915
2018-12-18 09:00:00+00:00,129.0318805864935,96.73550779941966,84.55617097834562,28.15377792511513,338.4773372893739
2018-12-18 10:00:00+00:00,127.25060758129815,95.46543873994486,83.77722233711692,17.875174979366225,324.3684436377262
2018-12-18 11:00:00+00:00,115.32238034990269,86.39536522889395,76.06965915600858,16.109863629890064,293.8972683646953
2018-12-18 12:00:00+00:00,91.93165435064181,68.78559818238028,61.027191451077115,15.092547837687233,236.8369918217864
2018-12-18 13:00:00+00:00,56.33428226122322,41.933952516628636,38.136837469813095,1.5719128032645007,137.97698505092944
2018-12-18 14:00:00+00:00,5.292614541084659,3.988218245193151,4.843777639254034,0.0,14.124610425531843
2018-12-18 15:00:00+00:00,0.0,0.0,0.0,0.0,0.0
2018-12-18 16:00:00+00:00,0.0,0.0,0.0,0.0,0.0
2018-12-18 17:00:00+00:00,0.0,0.0,0.0,0.0,0.0
2018-12-18 18:00:00+00:00,0.0,0.0,0.0,0.0,0.0
2018-12-18 19:00:00+00:00,0.0,0.0,0.0,0.0,0.0
2018-12-18 20:00:00+00:00,0.0,0.0,0.0,0.0,0.0
2018-12-18 21:00:00+00:00,0.0,0.0,0.0,0.0,0.0
2018-12-18 22:00:00+00:00,0.0,0.0,0.0,0.0,0.0
2018-12-18 23:00:00+00:00,0.0,0.0,0.0,0.0,0.0
2018-12-19 00:00:00+00:00,0.0,0.0,0.0,0.0,0.0
2018-12-19 01:00:00+00:00,0.0,0.0,0.0,0.0,0.0
2018-12-19 02:00:00+00:00,0.0,0.0,0.0,0.0,0.0
2018-12-19 03:00:00+00:00,0.0,0.0,0.0,0.0,0.0
2018-12-19 04:00:00+00:00,0.0,0.0,0.0,0.0,0.0
2018-12-19 05:00:00+00:00,37.67645848042829,26.568733548366556,23.156843866729794,21.74578859425515,109.1478244897798
2018-12-19 06:00:00+00:00,74.28183423509428,54.221760849616004,47.253812986250935,46.736952352035416,222.49436042299664
2018-12-19 07:00:00+00:00,102.27947688320076,75.86963439958663,65.96490640964149,65.92573684418977,310.0397545366186
2018-12-19 08:00:00+00:00,120.9622655444949,90.23203550310956,78.5940411850423,78.62097813456359,368.40932036721034
2018-12-19 09:00:00+00:00,128.69901279202034,96.38992530229865,84.34537175396827,84.65268684999658,394.0869966982839
2018-12-19 10:00:00+00:00,127.79355003829329,95.60077987390244,83.96106968150282,83.1635911651355,390.5189907588341
2018-12-19 11:00:00+00:00,116.64393668332588,86.7431007825287,76.4672575347976,74.38262013300772,354.2369151336599
2018-12-19 12:00:00+00:00,94.1102477855321,70.35052536534697,62.41922449089827,56.3845168857153,283.2645145274926
2018-12-19 13:00:00+00:00,59.48050688049433,44.21265527206032,40.07654943825461,30.119659462734752,173.889371053544
2018-12-19 14:00:00+00:00,7.838244591579907,5.466784779236846,6.669305237738402,0.0,19.974334608555157
2018-12-19 15:00:00+00:00,0.0,0.0,0.0,0.0,0.0
2018-12-19 16:00:00+00:00,0.0,0.0,0.0,0.0,0.0
2018-12-19 17:00:00+00:00,0.0,0.0,0.0,0.0,0.0
2018-12-19 18:00:00+00:00,0.0,0.0,0.0,0.0,0.0
2018-12-19 19:00:00+00:00,0.0,0.0,0.0,0.0,0.0
2018-12-19 20:00:00+00:00,0.0,0.0,0.0,0.0,0.0
2018-12-19 21:00:00+00:00,0.0,0.0,0.0,0.0,0.0
2018-12-19 22:00:00+00:00,0.0,0.0,0.0,0.0,0.0
2018-12-19 23:00:00+00:00,0.0,0.0,0.0,0.0,0.0
2018-12-20 00:00:00+00:00,0.0,0.0,0.0,0.0,0.0
2018-12-20 01:00:00+00:00,0.0,0.0,0.0,0.0,0.0
2018-12-20 02:00:00+00:00,0.0,0.0,0.0,0.0,0.0
2018-12-20 03:00:00+00:00,0.0,0.0,0.0,0.0,0.0
2018-12-20 04:00:00+00:00,0.0,0.0,0.0,0.0,0.0
2018-12-20 05:00:00+00:00,34.8177845704759,24.292754914709636,21.58244878328376,11.991963867499555,92.68495213596884
2018-12-20 06:00:00+00:00,71.80306779179617,52.2064653876513,46.22249429606195,5.37221265529348,175.6042401308029
2018-12-20 07:00:00+00:00,54.00570318212472,75.11514814897888,66.09782323916735,7.108919807443306,202.32759437771426
2018-12-20 08:00:00+00:00,32.65972975310644,90.89919993116709,79.89752938020258,34.408841953007084,237.8653010174832
2018-12-20 09:00:00+00:00,37.69529333927887,18.618454806042283,29.77100389548177,47.66706984171863,133.75182188252154
2018-12-20 10:00:00+00:00,131.65205258645284,17.280307813088818,86.54516897559223,25.31987844337463,260.79740781850853
2018-12-20 11:00:00+00:00,119.70946586543502,70.58373085893595,32.2878505420484,33.00779532537097,255.58884259179035
2018-12-20 12:00:00+00:00,96.24642887587368,53.83784498744983,63.46653748575751,31.90159576774642,245.45240711682743
2018-12-20 13:00:00+00:00,58.85015789127404,30.12284015801809,3.2387660622361967,17.478373140325242,109.69013725185357
2018-12-20 14:00:00+00:00,6.027165442046744,3.9470160230335196,5.021134186216186,0.0,14.99531565129645
2018-12-20 15:00:00+00:00,0.0,0.0,0.0,0.0,0.0
2018-12-20 16:00:00+00:00,0.0,0.0,0.0,0.0,0.0
2018-12-20 17:00:00+00:00,0.0,0.0,0.0,0.0,0.0
2018-12-20 18:00:00+00:00,0.0,0.0,0.0,0.0,0.0
2018-12-20 19:00:00+00:00,0.0,0.0,0.0,0.0,0.0
2018-12-20 20:00:00+00:00,0.0,0.0,0.0,0.0,0.0
2018-12-20 21:00:00+00:00,0.0,0.0,0.0,0.0,0.0
2018-12-20 22:00:00+00:00,0.0,0.0,0.0,0.0,0.0
2018-12-20 23:00:00+00:00,0.0,0.0,0.0,0.0,0.0
2018-12-21 00:00:00+00:00,0.0,0.0,0.0,0.0,0.0
2018-12-21 01:00:00+00:00,0.0,0.0,0.0,0.0,0.0
2018-12-21 02:00:00+00:00,0.0,0.0,0.0,0.0,0.0
2018-12-21 03:00:00+00:00,0.0,0.0,0.0,0.0,0.0
2018-12-21 04:00:00+00:00,0.0,0.0,0.0,0.0,0.0
2018-12-21 05:00:00+00:00,39.13158300081983,28.30619764799233,25.02152730830098,22.78838924577075,115.2476972028839
2018-12-21 06:00:00+00:00,76.45664281012262,56.59442392497886,49.65472120079919,48.467619925952505,231.17340786185318
2018-12-21 07:00:00+00:00,105.6556482832419,78.83073916261692,69.08467580263414,68.77756088532553,322.3486241338185
2018-12-21 08:00:00+00:00,125.21580190068627,93.89983157503757,82.15865300161897,18.59594446425239,319.8702309415952
2018-12-21 09:00:00+00:00,132.90535239341435,99.35749568537773,87.42054637979975,42.63854505224386,362.32193951083565
2018-12-21 10:00:00+00:00,102.42380056468511,98.45557799291349,87.03358553222364,42.970241306221865,330.8832053960441
2018-12-21 11:00:00+00:00,37.376263396108186,50.58767851509465,79.88853835135224,75.36628495563467,243.21876521818973
2018-12-21 12:00:00+00:00,27.660294317056255,27.461471038654587,63.8169605736731,33.29979690820451,152.23852283758845
2018-12-21 13:00:00+00:00,4.047019546047382,17.154080251363805,41.162043258830664,17.90949411636744,80.2726371726093
2018-12-21 14:00:00+00:00,0.501105178760326,5.325438945460794,7.486976010872867,0.0,13.313520135093988
2018-12-21 15:00:00+00:00,0.0,0.0,0.0,0.0,0.0
2018-12-21 16:00:00+00:00,0.0,0.0,0.0,0.0,0.0
2018-12-21 17:00:00+00:00,0.0,0.0,0.0,0.0,0.0
2018-12-21 18:00:00+00:00,0.0,0.0,0.0,0.0,0.0
2018-12-21 19:00:00+00:00,0.0,0.0,0.0,0.0,0.0
2018-12-21 20:00:00+00:00,0.0,0.0,0.0,0.0,0.0
2018-12-21 21:00:00+00:00,0.0,0.0,0.0,0.0,0.0
2018-12-21 22:00:00+00:00,0.0,0.0,0.0,0.0,0.0
2018-12-21 23:00:00+00:00,0.0,0.0,0.0,0.0,0.0
2018-12-22 00:00:00+00:00,0.0,0.0,0.0,0.0,0.0
2018-12-22 01:00:00+00:00,0.0,0.0,0.0,0.0,0.0
2018-12-22 02:00:00+00:00,0.0,0.0,0.0,0.0,0.0
2018-12-22 03:00:00+00:00,0.0,0.0,0.0,0.0,0.0
2018-12-22 04:00:00+00:00,0.0,0.0,0.0,0.0,0.0
2018-12-22 05:00:00+00:00,35.900151498913985,26.402881096652916,23.314078911154798,25.174631299287398,110.7917428060091
2018-12-22 06:00:00+00:00,29.584923625856593,54.58193816369026,47.76847898261096,32.97594154644512,164.91128231860293
2018-12-22 07:00:00+00:00,44.05883123644818,48.613327541850374,67.1511123262929,32.349610610680145,192.17288171527161
2018-12-22 08:00:00+00:00,122.72552429278022,92.11261996397727,42.781162912008284,83.37150416937422,340.99081133814
2018-12-22 09:00:00+00:00,111.40368267450282,65.58708001743221,84.96256076963238,88.88930181845532,350.84262528002273
2018-12-22 10:00:00+00:00,129.7161905217884,64.16726977449028,84.5497647532711,31.536905234666023,309.97013028421577
2018-12-22 11:00:00+00:00,117.99166330139538,88.5473984812469,77.31110356111719,30.639421660497867,314.4895870042574
2018-12-22 12:00:00+00:00,95.55358112675964,71.66822728948614,63.052355473622555,21.93723592591882,252.21139981578716
2018-12-22 13:00:00+00:00,61.07940723261653,45.533405935408304,40.85504625186042,39.40395880778035,186.8718182276656
2018-12-22 14:00:00+00:00,10.355716309584077,7.665603623314009,8.089532179959818,0.0,26.110852112857906
2018-12-22 15:00:00+00:00,0.0,0.0,0.0,0.0,0.0
2018-12-22 16:00:00+00:00,0.0,0.0,0.0,0.0,0.0
2018-12-22 17:00:00+00:00,0.0,0.0,0.0,0.0,0.0
2018-12-22 18:00:00+00:00,0.0,0.0,0.0,0.0,0.0
2018-12-22 19:00:00+00:00,0.0,0.0,0.0,0.0,0.0
2018-12-22 20:00:00+00:00,0.0,0.0,0.0,0.0,0.0
2018-12-22 21:00:00+00:00,0.0,0.0,0.0,0.0,0.0
2018-12-22 22:00:00+00:00,0.0,0.0,0.0,0.0,0.0
2018-12-22 23:00:00+00:00,0.0,0.0,0.0,0.0,0.0
2018-12-23 00:00:00+00:00,0.0,0.0,0.0,0.0,0.0
2018-12-23 01:00:00+00:00,0.0,0.0,0.0,0.0,0.0
2018-12-23 02:00:00+00:00,0.0,0.0,0.0,0.0,0.0
2018-12-23 03:00:00+00:00,0.0,0.0,0.0,0.0,0.0
2018-12-23 04:00:00+00:00,0.0,0.0,0.0,0.0,0.0
2018-12-23 05:00:00+00:00,40.51133832471565,29.573785109963858,25.60883231014294,25.883025923072772,121.57698166789521
2018-12-23 06:00:00+00:00,78.12131136009884,58.07196114347795,50.280917915345945,51.53148906255013,238.00567948147287
2018-12-23 07:00:00+00:00,107.16975406019284,80.16357163986132,69.48875404438661,71.42737951630957,328.2494592607503
2018-12-23 08:00:00+00:00,126.83337995551493,95.03802442437211,82.44035805079297,84.27996658475992,388.5917290154399
2018-12-23 09:00:00+00:00,135.4140021924348,101.3190659632516,88.28843507399638,87.67372627795271,412.6952295076355
2018-12-23 10:00:00+00:00,134.8420270964377,100.88568930735525,88.10440599066693,86.5760279514358,410.4081503458957
2018-12-23 11:00:00+00:00,123.8051720476787,92.14984427569085,81.0538938924603,32.50093094641043,329.50984116224026
2018-12-23 12:00:00+00:00,100.84991658802801,74.13257036624097,66.05970566850397,4.632003731880344,245.67419635465328
2018-12-23 13:00:00+00:00,66.43994049420044,47.838112261930206,43.71064838644276,1.8320608050418934,159.8207619476153
2018-12-23 14:00:00+00:00,13.664749258936975,8.34319396922112,9.871948801596822,0.0,31.87989202975492
2018-12-23 15:00:00+00:00,0.0,0.0,0.0,0.0,0.0
2018-12-23 16:00:00+00:00,0.0,0.0,0.0,0.0,0.0
2018-12-23 17:00:00+00:00,0.0,0.0,0.0,0.0,0.0
2018-12-23 18:00:00+00:00,0.0,0.0,0.0,0.0,0.0
2018-12-23 19:00:00+00:00,0.0,0.0,0.0,0.0,0.0
2018-12-23 20:00:00+00:00,0.0,0.0,0.0,0.0,0.0
2018-12-23 21:00:00+00:00,0.0,0.0,0.0,0.0,0.0
2018-12-23 22:00:00+00:00,0.0,0.0,0.0,0.0,0.0
2018-12-23 23:00:00+00:00,0.0,0.0,0.0,0.0,0.0
2018-12-24 00:00:00+00:00,0.0,0.0,0.0,0.0,0.0
2018-12-24 01:00:00+00:00,0.0,0.0,0.0,0.0,0.0
2018-12-24 02:00:00+00:00,0.0,0.0,0.0,0.0,0.0
2018-12-24 03:00:00+00:00,0.0,0.0,0.0,0.0,0.0
2018-12-24 04:00:00+00:00,0.0,0.0,0.0,0.0,0.0
2018-12-24 05:00:00+00:00,37.48690579962182,27.457776539248343,24.014393205933604,23.22904632349982,112.18812186830358
2018-12-24 06:00:00+00:00,75.18868170751642,55.927244255843064,48.69038105388829,48.2690239871032,228.07533100435097
2018-12-24 07:00:00+00:00,104.44392932768574,78.62382573581837,68.10580890472659,67.96501387946219,319.1385778476929
2018-12-24 08:00:00+00:00,124.33748132440515,93.70467614849629,81.20171915079844,54.90189153914049,354.14576816284034
2018-12-24 09:00:00+00:00,132.7321929769579,99.96989962538578,86.70172161719117,55.148335166879605,374.5521493864145
2018-12-24 10:00:00+00:00,132.28490643939196,99.646089608946,86.50641902626074,60.61329986420926,379.0507149388079
2018-12-24 11:00:00+00:00,121.24354277632165,91.22627201374404,79.50809856672231,48.13843257854625,340.11634593533427
2018-12-24 12:00:00+00:00,99.07598089429285,74.13053764684979,65.044643864429,15.295421342549378,253.54658374812107
2018-12-24 13:00:00+00:00,65.29273014672523,48.2928575157247,43.24361188359251,5.51394730969122,162.34314685573366
2018-12-24 14:00:00+00:00,14.168436458682503,9.786211064076547,10.387011679590191,0.0,34.34165920234924
2018-12-24 15:00:00+00:00,0.0,0.0,0.0,0.0,0.0
2018-12-24 16:00:00+00:00,0.0,0.0,0.0,0.0,0.0
2018-12-24 17:00:00+00:00,0.0,0.0,0.0,0.0,0.0
2018-12-24 18:00:00+00:00,0.0,0.0,0.0,0.0,0.0
2018-12-24 19:00:00+00:00,0.0,0.0,0.0,0.0,0.0
2018-12-24 20:00:00+00:00,0.0,0.0,0.0,0.0,0.0
2018-12-24 21:00:00+00:00,0.0,0.0,0.0,0.0,0.0
2018-12-24 22:00:00+00:00,0.0,0.0,0.0,0.0,0.0
2018-12-24 23:00:00+00:00,0.0,0.0,0.0,0.0,0.0
2018-12-25 00:00:00+00:00,0.0,0.0,0.0,0.0,0.0
2018-12-25 01:00:00+00:00,0.0,0.0,0.0,0.0,0.0
2018-12-25 02:00:00+00:00,0.0,0.0,0.0,0.0,0.0
2018-12-25 03:00:00+00:00,0.0,0.0,0.0,0.0,0.0
2018-12-25 04:00:00+00:00,0.0,0.0,0.0,0.0,0.0
2018-12-25 05:00:00+00:00,40.32511215992962,29.330603583657428,25.34133351195133,22.960083316399494,117.95713257193788
2018-12-25 06:00:00+00:00,77.94335031721297,57.91622039934492,50.22193417395541,49.17471743353815,235.25622232405146
2018-12-25 07:00:00+00:00,106.51206810693982,79.90044214145568,69.26507970180857,69.60234575801931,325.27993570822343
2018-12-25 08:00:00+00:00,125.5378976980156,94.06900064105753,81.90656821074937,83.39000931397777,384.9034758638003
2018-12-25 09:00:00+00:00,134.5704078069777,100.96525159810926,88.06843517301482,90.10789693533027,413.71199151343205
2018-12-25 10:00:00+00:00,133.41940943446488,100.26902386807785,87.52885940599568,89.58381042096079,410.8011031294992
2018-12-25 11:00:00+00:00,122.2091207811028,91.9433967788622,80.48844864264552,81.70308113029245,376.34404733290296
2018-12-25 12:00:00+00:00,100.37930805737844,75.50880910000402,66.13367046743433,66.38088425423271,308.40267187904954
2018-12-25 13:00:00+00:00,67.27783375223545,49.977963103424734,44.47457593422348,42.477891614464454,204.2082644043481
2018-12-25 14:00:00+00:00,15.49233141159668,11.136127227301547,11.29898827623126,0.0,37.92744691512949
2018-12-25 15:00:00+00:00,0.0,0.0,0.0,0.0,0.0
2018-12-25 16:00:00+00:00,0.0,0.0,0.0,0.0,0.0
2018-12-25 17:00:00+00:00,0.0,0.0,0.0,0.0,0.0
2018-12-25 18:00:00+00:00,0.0,0.0,0.0,0.0,0.0
2018-12-25 19:00:00+00:00,0.0,0.0,0.0,0.0,0.0
2018-12-25 20:00:00+00:00,0.0,0.0,0.0,0.0,0.0
2018-12-25 21:00:00+00:00,0.0,0.0,0.0,0.0,0.0
2018-12-25 22:00:00+00:00,0.0,0.0,0.0,0.0,0.0
2018-12-25 23:00:00+00:00,0.0,0.0,0.0,0.0,0.0
2018-12-26 00:00:00+00:00,0.0,0.0,0.0,0.0,0.0
2018-12-26 01:00:00+00:00,0.0,0.0,0.0,0.0,0.0
2018-12-26 02:00:00+00:00,0.0,0.0,0.0,0.0,0.0
2018-12-26 03:00:00+00:00,0.0,0.0,0.0,0.0,0.0
2018-12-26 04:00:00+00:00,0.0,0.0,0.0,0.0,0.0
2018-12-26 05:00:00+00:00,37.536888708079516,26.820383568009262,23.022353441020712,22.43133524938454,109.81096096649404
2018-12-26 06:00:00+00:00,74.4900034810272,54.934055117714124,47.432271471186894,47.54287448980125,224.39920455972947
2018-12-26 07:00:00+00:00,102.70151778475491,76.68327255998291,66.52383501667605,67.29016926786734,313.1987946292812
2018-12-26 08:00:00+00:00,121.91697414924633,91.44018398899863,79.45367226714266,80.96652690769506,373.7773573130827
2018-12-26 09:00:00+00:00,131.50847379813823,98.58047203560814,85.69444641375667,87.39961591546742,403.1830081629705
2018-12-26 10:00:00+00:00,130.7566900496672,98.16067015810785,85.53516009416661,86.84914132171187,401.30166162365356
2018-12-26 11:00:00+00:00,120.13501824335745,89.96160487304222,78.62565476041279,78.59590130756524,367.31817918437764
2018-12-26 12:00:00+00:00,99.23888337357161,74.41351150650848,65.19042762521725,63.78300532656871,302.6258278318661
2018-12-26 13:00:00+00:00,65.84228499383205,48.96555788726428,43.5423227285088,39.50424562798146,197.8544112375866
2018-12-26 14:00:00+00:00,15.055451181617922,10.638571071685865,10.780683358544572,0.0,36.47470561184836
2018-12-26 15:00:00+00:00,0.0,0.0,0.0,0.0,0.0
2018-12-26 16:00:00+00:00,0.0,0.0,0.0,0.0,0.0
2018-12-26 17:00:00+00:00,0.0,0.0,0.0,0.0,0.0
2018-12-26 18:00:00+00:00,0.0,0.0,0.0,0.0,0.0
2018-12-26 19:00:00+00:00,0.0,0.0,0.0,0.0,0.0
2018-12-26 20:00:00+00:00,0.0,0.0,0.0,0.0,0.0
2018-12-26 21:00:00+00:00,0.0,0.0,0.0,0.0,0.0
2018-12-26 22:00:00+00:00,0.0,0.0,0.0,0.0,0.0
2018-12-26 23:00:00+00:00,0.0,0.0,0.0,0.0,0.0
2018-12-27 00:00:00+00:00,0.0,0.0,0.0,0.0,0.0
2018-12-27 01:00:00+00:00,0.0,0.0,0.0,0.0,0.0
2018-12-27 02:00:00+00:00,0.0,0.0,0.0,0.0,0.0
2018-12-27 03:00:00+00:00,0.0,0.0,0.0,0.0,0.0
2018-12-27 04:00:00+00:00,0.0,0.0,0.0,0.0,0.0
2018-12-27 05:00:00+00:00,30.845603596805535,6.610847489695396,0.7957811746117746,8.336373449823785,46.58860571093649
2018-12-27 06:00:00+00:00,67.77440607757177,3.6782455236944562,43.667249009176025,6.985338146367926,122.10523875681017
2018-12-27 07:00:00+00:00,97.66349850077353,15.783689390542074,63.41499599860472,2.1106122200850597,178.9727961100054
2018-12-27 08:00:00+00:00,117.77468238885294,18.544920974206693,7.529339553750934,17.857277197209555,161.7062201140201
2018-12-27 09:00:00+00:00,125.3945431769236,6.47966527372506,27.774685465868806,3.3914480395358235,163.04034195605328
2018-12-27 10:00:00+00:00,123.32703417334896,36.12416811791176,2.954168374611739,15.067451822140775,177.47282248801324
2018-12-27 11:00:00+00:00,112.55132360197811,6.601657895940198,2.8592256311710993,10.199527874100669,132.21173500319009
2018-12-27 12:00:00+00:00,72.19573335896851,21.636867317924985,1.681917848943393,8.37254158846947,103.88706011430637
2018-12-27 13:00:00+00:00,37.091019461707226,12.653928354239337,4.359484342582595,3.9321659000414666,58.036598058570625
2018-12-27 14:00:00+00:00,6.100569346490598,4.1355291532934055,0.7993592250524697,0.0,11.035457724836473
2018-12-27 15:00:00+00:00,0.0,0.0,0.0,0.0,0.0
2018-12-27 16:00:00+00:00,0.0,0.0,0.0,0.0,0.0
2018-12-27 17:00:00+00:00,0.0,0.0,0.0,0.0,0.0
2018-12-27 18:00:00+00:00,0.0,0.0,0.0,0.0,0.0
2018-12-27 19:00:00+00:00,0.0,0.0,0.0,0.0,0.0
2018-12-27 20:00:00+00:00,0.0,0.0,0.0,0.0,0.0
2018-12-27 21:00:00+00:00,0.0,0.0,0.0,0.0,0.0
2018-12-27 22:00:00+00:00,0.0,0.0,0.0,0.0,0.0
2018-12-27 23:00:00+00:00,0.0,0.0,0.0,0.0,0.0
2018-12-28 00:00:00+00:00,0.0,0.0,0.0,0.0,0.0
2018-12-28 01:00:00+00:00,0.0,0.0,0.0,0.0,0.0
2018-12-28 02:00:00+00:00,0.0,0.0,0.0,0.0,0.0
2018-12-28 03:00:00+00:00,0.0,0.0,0.0,0.0,0.0
2018-12-28 04:00:00+00:00,0.0,0.0,0.0,0.0,0.0
2018-12-28 05:00:00+00:00,20.995558126426847,7.3805147996109515,21.474995396500756,20.841706646343113,70.69277496888166
2018-12-28 06:00:00+00:00,33.82134497304525,22.663636876014213,47.224358160690514,45.29080548172087,149.00014549147085
2018-12-28 07:00:00+00:00,62.08430480352775,30.12932258064901,67.68704029382167,3.2998036022231574,163.2004712802216
2018-12-28 08:00:00+00:00,46.33212931853158,47.817152088514575,81.65197502891239,17.882064275329252,193.68332071128776
2018-12-28 09:00:00+00:00,56.38052716533002,56.960164379973705,89.08719253115451,2.9787315924903623,205.4066156689486
2018-12-28 10:00:00+00:00,134.4596058281834,42.19160240570411,50.42304044891722,12.087958437683323,239.16220712048806
2018-12-28 11:00:00+00:00,20.471609161260282,30.979978629458707,25.717421109178705,21.899758379625155,99.06876727952285
2018-12-28 12:00:00+00:00,16.49685674453744,54.95252716463431,18.478685169081547,25.17464009310291,115.10270917135621
2018-12-28 13:00:00+00:00,64.83388225327633,33.015010295286366,8.438611867324795,7.323373683251641,113.61087809913914
2018-12-28 14:00:00+00:00,11.77130716518632,7.85635762019009,9.623134453022015,0.10406216065996331,29.35486139905839
2018-12-28 15:00:00+00:00,0.0,0.0,0.0,0.0,0.0
2018-12-28 16:00:00+00:00,0.0,0.0,0.0,0.0,0.0
2018-12-28 17:00:00+00:00,0.0,0.0,0.0,0.0,0.0
2018-12-28 18:00:00+00:00,0.0,0.0,0.0,0.0,0.0
2018-12-28 19:00:00+00:00,0.0,0.0,0.0,0.0,0.0
2018-12-28 20:00:00+00:00,0.0,0.0,0.0,0.0,0.0
2018-12-28 21:00:00+00:00,0.0,0.0,0.0,0.0,0.0
2018-12-28 22:00:00+00:00,0.0,0.0,0.0,0.0,0.0
2018-12-28 23:00:00+00:00,0.0,0.0,0.0,0.0,0.0
2018-12-29 00:00:00+00:00,0.0,0.0,0.0,0.0,0.0
2018-12-29 01:00:00+00:00,0.0,0.0,0.0,0.0,0.0
2018-12-29 02:00:00+00:00,0.0,0.0,0.0,0.0,0.0
2018-12-29 03:00:00+00:00,0.0,0.0,0.0,0.0,0.0
2018-12-29 04:00:00+00:00,0.0,0.0,0.0,0.0,0.0
2018-12-29 05:00:00+00:00,37.26708613645631,8.671607076628966,23.64336816681281,0.5218001004864062,70.10386148038448
2018-12-29 06:00:00+00:00,74.98245239440483,55.40601934312175,48.439992664814866,3.4215214643912484,182.2499858667327
2018-12-29 07:00:00+00:00,104.55280818778988,78.11106261124243,68.07950660822344,15.001687346594263,265.74506475385004
2018-12-29 08:00:00+00:00,124.51036136435877,93.39983941940606,81.53589586531083,22.255344652292546,321.7014413013682
2018-12-29 09:00:00+00:00,133.74139468178208,100.25063285694854,87.31879473449486,9.413460807745352,330.72428308097085
2018-12-29 10:00:00+00:00,132.94101533941267,99.77241760218882,86.86980307331022,3.2942410069290085,322.8774770218407
2018-12-29 11:00:00+00:00,121.48673007002816,91.13265583881562,79.60581541553351,5.187041803681043,297.4122431280583
2018-12-29 12:00:00+00:00,99.01906944772394,74.2528974614854,65.20904661994464,2.9345410230564193,241.4155545522104
2018-12-29 13:00:00+00:00,64.29901464811014,47.90621137629458,42.84257500369815,1.240646698993498,156.28844772709635
2018-12-29 14:00:00+00:00,12.9791319957335,9.494082073330157,9.849077619237333,0.15561042380576579,32.47790211210676
2018-12-29 15:00:00+00:00,0.0,0.0,0.0,0.0,0.0
2018-12-29 16:00:00+00:00,0.0,0.0,0.0,0.0,0.0
2018-12-29 17:00:00+00:00,0.0,0.0,0.0,0.0,0.0
2018-12-29 18:00:00+00:00,0.0,0.0,0.0,0.0,0.0
2018-12-29 19:00:00+00:00,0.0,0.0,0.0,0.0,0.0
2018-12-29 20:00:00+00:00,0.0,0.0,0.0,0.0,0.0
2018-12-29 21:00:00+00:00,0.0,0.0,0.0,0.0,0.0
2018-12-29 22:00:00+00:00,0.0,0.0,0.0,0.0,0.0
2018-12-29 23:00:00+00:00,0.0,0.0,0.0,0.0,0.0
2018-12-30 00:00:00+00:00,0.0,0.0,0.0,0.0,0.0
2018-12-30 01:00:00+00:00,0.0,0.0,0.0,0.0,0.0
2018-12-30 02:00:00+00:00,0.0,0.0,0.0,0.0,0.0
2018-12-30 03:00:00+00:00,0.0,0.0,0.0,0.0,0.0
2018-12-30 04:00:00+00:00,0.0,0.0,0.0,0.0,0.0
2018-12-30 05:00:00+00:00,33.985443839869745,24.439006148889874,21.358122593323653,0.5735110636654952,80.35608364574877
2018-12-30 06:00:00+00:00,17.293821087157987,52.78407773985892,46.02695300743143,2.026394480063241,118.13124631451159
2018-12-30 07:00:00+00:00,101.40207919467734,75.71636829381512,65.91101709734066,15.693456443636007,258.72292102946915
2018-12-30 08:00:00+00:00,108.16947868068335,76.96828736003275,56.98864431009727,68.3763358059277,310.50274615674107
2018-12-30 09:00:00+00:00,56.48743873516682,99.71492579467318,39.3380422135304,37.9403007473077,233.4807074906781
2018-12-30 10:00:00+00:00,79.36888204239224,99.761309187698,21.687450781798283,41.397988528886,242.21563054077453
2018-12-30 11:00:00+00:00,36.988939075435866,92.16845662336101,23.70430347292081,24.207824121614692,177.06952329333237
2018-12-30 12:00:00+00:00,50.377259192568836,53.555461731921206,64.24094140478161,17.670337912566033,185.84400024183768
2018-12-30 13:00:00+00:00,63.94600051193778,33.888119258072194,2.071353235079736,0.6721619543945221,100.57763495948424
2018-12-30 14:00:00+00:00,13.742438003790102,9.288851162867557,9.464293719152197,1.6058094183469867,34.10139230415684
2018-12-30 15:00:00+00:00,0.0,0.0,0.0,0.0,0.0
2018-12-30 16:00:00+00:00,0.0,0.0,0.0,0.0,0.0
2018-12-30 17:00:00+00:00,0.0,0.0,0.0,0.0,0.0
2018-12-30 18:00:00+00:00,0.0,0.0,0.0,0.0,0.0
2018-12-30 19:00:00+00:00,0.0,0.0,0.0,0.0,0.0
2018-12-30 20:00:00+00:00,0.0,0.0,0.0,0.0,0.0
2018-12-30 21:00:00+00:00,0.0,0.0,0.0,0.0,0.0
2018-12-30 22:00:00+00:00,0.0,0.0,0.0,0.0,0.0
2018-12-30 23:00:00+00:00,0.0,0.0,0.0,0.0,0.0
2018-12-31 00:00:00+00:00,0.0,0.0,0.0,0.0,0.0
2018-12-31 01:00:00+00:00,0.0,0.0,0.0,0.0,0.0
2018-12-31 02:00:00+00:00,0.0,0.0,0.0,0.0,0.0
2018-12-31 03:00:00+00:00,0.0,0.0,0.0,0.0,0.0
2018-12-31 04:00:00+00:00,0.0,0.0,0.0,0.0,0.0
2018-12-31 05:00:00+00:00,37.78442160648781,27.344092627653914,24.061222234522834,21.166599312578512,110.35633578124308
2018-12-31 06:00:00+00:00,76.03508204180855,56.37450374635823,49.320616817776504,47.21382932333849,228.94403192928178
2018-12-31 07:00:00+00:00,105.8329982947304,79.04798021127499,69.2162944497749,68.1519205716329,322.2491935274132
2018-12-31 08:00:00+00:00,125.9100841574078,94.23719649450967,82.22456380827107,41.671738486625785,344.0435829468143
2018-12-31 09:00:00+00:00,134.99914150728006,101.30710415999582,88.49499678067075,65.06353049992335,389.86477294786994
2018-12-31 10:00:00+00:00,134.69964877534753,101.25011917803172,88.56380738578035,36.3088162604057,360.8223915995653
2018-12-31 11:00:00+00:00,124.19673420935806,93.2418578786664,81.49643902603964,10.195763029863077,309.1307941439272
2018-12-31 12:00:00+00:00,102.88722228868329,76.7802676561893,67.65701032790518,11.80075847862194,259.1252587513997
2018-12-31 13:00:00+00:00,69.9127670377166,18.709677836487035,46.0224557563729,3.733508130514487,138.378408761091
2018-12-31 14:00:00+00:00,19.721025332781984,5.2786476355727245,13.737215923794539,0.41216178651724267,39.14905067866649
2018-12-31 15:00:00+00:00,0.0,0.0,0.0,0.0,0.0
2018-12-31 16:00:00+00:00,0.0,0.0,0.0,0.0,0.0
2018-12-31 17:00:00+00:00,0.0,0.0,0.0,0.0,0.0
2018-12-31 18:00:00+00:00,0.0,0.0,0.0,0.0,0.0
2018-12-31 19:00:00+00:00,0.0,0.0,0.0,0.0,0.0
2018-12-31 20:00:00+00:00,0.0,0.0,0.0,0.0,0.0
2018-12-31 21:00:00+00:00,0.0,0.0,0.0,0.0,0.0
2018-12-31 22:00:00+00:00,0.0,0.0,0.0,0.0,0.0
2018-12-31 23:00:00+00:00,0.0,0.0,0.0,0.0,0.0
