,solar_MW
2018-01-01 00:00:00+00:00,0.0
2018-01-01 01:00:00+00:00,0.0
2018-01-01 02:00:00+00:00,0.0
2018-01-01 03:00:00+00:00,0.0
2018-01-01 04:00:00+00:00,0.0
2018-01-01 05:00:00+00:00,39.45389876218855
2018-01-01 06:00:00+00:00,50.50274991549304
2018-01-01 07:00:00+00:00,47.79654594698305
2018-01-01 08:00:00+00:00,75.97788921929143
2018-01-01 09:00:00+00:00,89.02268291541992
2018-01-01 10:00:00+00:00,79.73611310386681
2018-01-01 11:00:00+00:00,34.587319987707296
2018-01-01 12:00:00+00:00,16.446556947558328
2018-01-01 13:00:00+00:00,9.787459745239662
2018-01-01 14:00:00+00:00,8.220140854103292
2018-01-01 15:00:00+00:00,0.0
2018-01-01 16:00:00+00:00,0.0
2018-01-01 17:00:00+00:00,0.0
2018-01-01 18:00:00+00:00,0.0
2018-01-01 19:00:00+00:00,0.0
2018-01-01 20:00:00+00:00,0.0
2018-01-01 21:00:00+00:00,0.0
2018-01-01 22:00:00+00:00,0.0
2018-01-01 23:00:00+00:00,0.0
2018-01-02 00:00:00+00:00,0.0
2018-01-02 01:00:00+00:00,0.0
2018-01-02 02:00:00+00:00,0.0
2018-01-02 03:00:00+00:00,0.0
2018-01-02 04:00:00+00:00,0.0
2018-01-02 05:00:00+00:00,26.45053642049004
2018-01-02 06:00:00+00:00,128.30964758740225
2018-01-02 07:00:00+00:00,182.0911120906125
2018-01-02 08:00:00+00:00,166.36631921801578
2018-01-02 09:00:00+00:00,236.6825676086317
2018-01-02 10:00:00+00:00,200.50573066956784
2018-01-02 11:00:00+00:00,219.62178930460618
2018-01-02 12:00:00+00:00,183.28748124649852
2018-01-02 13:00:00+00:00,95.28945285934279
2018-01-02 14:00:00+00:00,38.63254102766988
2018-01-02 15:00:00+00:00,0.0
2018-01-02 16:00:00+00:00,0.0
2018-01-02 17:00:00+00:00,0.0
2018-01-02 18:00:00+00:00,0.0
2018-01-02 19:00:00+00:00,0.0
2018-01-02 20:00:00+00:00,0.0
2018-01-02 21:00:00+00:00,0.0
2018-01-02 22:00:00+00:00,0.0
2018-01-02 23:00:00+00:00,0.0
2018-01-03 00:00:00+00:00,0.0
2018-01-03 01:00:00+00:00,0.0
2018-01-03 02:00:00+00:00,0.0
2018-01-03 03:00:00+00:00,0.0
2018-01-03 04:00:00+00:00,0.0
2018-01-03 05:00:00+00:00,64.8861804905973
2018-01-03 06:00:00+00:00,131.28468839483895
2018-01-03 07:00:00+00:00,148.28084343355127
2018-01-03 08:00:00+00:00,203.03283107072536
2018-01-03 09:00:00+00:00,235.71160591253744
2018-01-03 10:00:00+00:00,200.70456125536418
2018-01-03 11:00:00+00:00,219.0325057376815
2018-01-03 12:00:00+00:00,57.75293788093409
2018-01-03 13:00:00+00:00,124.09501885836619
2018-01-03 14:00:00+00:00,12.225935498969498
2018-01-03 15:00:00+00:00,0.0
2018-01-03 16:00:00+00:00,0.0
2018-01-03 17:00:00+00:00,0.0
2018-01-03 18:00:00+00:00,0.0
2018-01-03 19:00:00+00:00,0.0
2018-01-03 20:00:00+00:00,0.0
2018-01-03 21:00:00+00:00,0.0
2018-01-03 22:00:00+00:00,0.0
2018-01-03 23:00:00+00:00,0.0
2018-01-04 00:00:00+00:00,0.0
2018-01-04 01:00:00+00:00,0.0
2018-01-04 02:00:00+00:00,0.0
2018-01-04 03:00:00+00:00,0.0
2018-01-04 04:00:00+00:00,0.0
2018-01-04 05:00:00+00:00,43.643931091678326
2018-01-04 06:00:00+00:00,112.54682851833832
2018-01-04 07:00:00+00:00,109.74855971243369
2018-01-04 08:00:00+00:00,157.90254595112003
2018-01-04 09:00:00+00:00,186.27604857363346
2018-01-04 10:00:00+00:00,109.52862085329357
2018-01-04 11:00:00+00:00,124.9316457326877
2018-01-04 12:00:00+00:00,64.33225511058383
2018-01-04 13:00:00+00:00,63.344433028835546
2018-01-04 14:00:00+00:00,6.369860369076349
2018-01-04 15:00:00+00:00,0.0
2018-01-04 16:00:00+00:00,0.0
2018-01-04 17:00:00+00:00,0.0
2018-01-04 18:00:00+00:00,0.0
2018-01-04 19:00:00+00:00,0.0
2018-01-04 20:00:00+00:00,0.0
2018-01-04 21:00:00+00:00,0.0
2018-01-04 22:00:00+00:00,0.0
2018-01-04 23:00:00+00:00,0.0
2018-01-05 00:00:00+00:00,0.0
2018-01-05 01:00:00+00:00,0.0
2018-01-05 02:00:00+00:00,0.0
2018-01-05 03:00:00+00:00,0.0
2018-01-05 04:00:00+00:00,0.0
2018-01-05 05:00:00+00:00,4.932319916940207
2018-01-05 06:00:00+00:00,13.757919163223121
2018-01-05 07:00:00+00:00,48.83463754701754
2018-01-05 08:00:00+00:00,92.80686878671362
2018-01-05 09:00:00+00:00,110.73930564586334
2018-01-05 10:00:00+00:00,150.77765893839558
2018-01-05 11:00:00+00:00,72.62135234324302
2018-01-05 12:00:00+00:00,34.91090729769901
2018-01-05 13:00:00+00:00,10.25748230903066
2018-01-05 14:00:00+00:00,1.8801381711189316
2018-01-05 15:00:00+00:00,0.0
2018-01-05 16:00:00+00:00,0.0
2018-01-05 17:00:00+00:00,0.0
2018-01-05 18:00:00+00:00,0.0
2018-01-05 19:00:00+00:00,0.0
2018-01-05 20:00:00+00:00,0.0
2018-01-05 21:00:00+00:00,0.0
2018-01-05 22:00:00+00:00,0.0
2018-01-05 23:00:00+00:00,0.0
2018-01-06 00:00:00+00:00,0.0
2018-01-06 01:00:00+00:00,0.0
2018-01-06 02:00:00+00:00,0.0
2018-01-06 03:00:00+00:00,0.0
2018-01-06 04:00:00+00:00,0.0
2018-01-06 05:00:00+00:00,7.891456940326991
2018-01-06 06:00:00+00:00,5.254460165491263
2018-01-06 07:00:00+00:00,40.25179981326829
2018-01-06 08:00:00+00:00,111.81722401084821
2018-01-06 09:00:00+00:00,23.281350251155658
2018-01-06 10:00:00+00:00,7.3005899020494525
2018-01-06 11:00:00+00:00,50.01670342453299
2018-01-06 12:00:00+00:00,25.5129341549449
2018-01-06 13:00:00+00:00,5.97882801952187
2018-01-06 14:00:00+00:00,2.556473292844057
2018-01-06 15:00:00+00:00,0.0
2018-01-06 16:00:00+00:00,0.0
2018-01-06 17:00:00+00:00,0.0
2018-01-06 18:00:00+00:00,0.0
2018-01-06 19:00:00+00:00,0.0
2018-01-06 20:00:00+00:00,0.0
2018-01-06 21:00:00+00:00,0.0
2018-01-06 22:00:00+00:00,0.0
2018-01-06 23:00:00+00:00,0.0
2018-01-07 00:00:00+00:00,0.0
2018-01-07 01:00:00+00:00,0.0
2018-01-07 02:00:00+00:00,0.0
2018-01-07 03:00:00+00:00,0.0
2018-01-07 04:00:00+00:00,0.0
2018-01-07 05:00:00+00:00,2.9790129444422524
2018-01-07 06:00:00+00:00,36.486867722098445
2018-01-07 07:00:00+00:00,99.4085656373861
2018-01-07 08:00:00+00:00,169.72156517220918
2018-01-07 09:00:00+00:00,210.8887951445327
2018-01-07 10:00:00+00:00,218.8170181793025
2018-01-07 11:00:00+00:00,205.86092692530954
2018-01-07 12:00:00+00:00,131.79230835354048
2018-01-07 13:00:00+00:00,82.84400249251914
2018-01-07 14:00:00+00:00,4.389820612702992
2018-01-07 15:00:00+00:00,0.0
2018-01-07 16:00:00+00:00,0.0
2018-01-07 17:00:00+00:00,0.0
2018-01-07 18:00:00+00:00,0.0
2018-01-07 19:00:00+00:00,0.0
2018-01-07 20:00:00+00:00,0.0
2018-01-07 21:00:00+00:00,0.0
2018-01-07 22:00:00+00:00,0.0
2018-01-07 23:00:00+00:00,0.0
2018-01-08 00:00:00+00:00,0.0
2018-01-08 01:00:00+00:00,0.0
2018-01-08 02:00:00+00:00,0.0
2018-01-08 03:00:00+00:00,0.0
2018-01-08 04:00:00+00:00,0.0
2018-01-08 05:00:00+00:00,21.991231054502137
2018-01-08 06:00:00+00:00,75.96953342041115
2018-01-08 07:00:00+00:00,152.19500583760538
2018-01-08 08:00:00+00:00,206.08193950029764
2018-01-08 09:00:00+00:00,238.08276914205277
2018-01-08 10:00:00+00:00,238.7544847579465
2018-01-08 11:00:00+00:00,221.88619845032935
2018-01-08 12:00:00+00:00,180.92646659892097
2018-01-08 13:00:00+00:00,86.320544679328
2018-01-08 14:00:00+00:00,7.428461410152096
2018-01-08 15:00:00+00:00,0.0
2018-01-08 16:00:00+00:00,0.0
2018-01-08 17:00:00+00:00,0.0
2018-01-08 18:00:00+00:00,0.0
2018-01-08 19:00:00+00:00,0.0
2018-01-08 20:00:00+00:00,0.0
2018-01-08 21:00:00+00:00,0.0
2018-01-08 22:00:00+00:00,0.0
2018-01-08 23:00:00+00:00,0.0
2018-01-09 00:00:00+00:00,0.0
2018-01-09 01:00:00+00:00,0.0
2018-01-09 02:00:00+00:00,0.0
2018-01-09 03:00:00+00:00,0.0
2018-01-09 04:00:00+00:00,0.0
2018-01-09 05:00:00+00:00,63.08992803496608
2018-01-09 06:00:00+00:00,130.6400249661714
2018-01-09 07:00:00+00:00,183.69899322866462
2018-01-09 08:00:00+00:00,218.90047917197748
2018-01-09 09:00:00+00:00,236.97578360914017
2018-01-09 10:00:00+00:00,237.4262293377286
2018-01-09 11:00:00+00:00,204.53826784489377
2018-01-09 12:00:00+00:00,184.91434079339882
2018-01-09 13:00:00+00:00,129.03391357643866
2018-01-09 14:00:00+00:00,44.58108872677299
2018-01-09 15:00:00+00:00,0.0
2018-01-09 16:00:00+00:00,0.0
2018-01-09 17:00:00+00:00,0.0
2018-01-09 18:00:00+00:00,0.0
2018-01-09 19:00:00+00:00,0.0
2018-01-09 20:00:00+00:00,0.0
2018-01-09 21:00:00+00:00,0.0
2018-01-09 22:00:00+00:00,0.0
2018-01-09 23:00:00+00:00,0.0
2018-01-10 00:00:00+00:00,0.0
2018-01-10 01:00:00+00:00,0.0
2018-01-10 02:00:00+00:00,0.0
2018-01-10 03:00:00+00:00,0.0
2018-01-10 04:00:00+00:00,0.0
2018-01-10 05:00:00+00:00,61.929652521632946
2018-01-10 06:00:00+00:00,128.79342980131455
2018-01-10 07:00:00+00:00,181.43497308754837
2018-01-10 08:00:00+00:00,216.48184251996327
2018-01-10 09:00:00+00:00,234.25989878326425
2018-01-10 10:00:00+00:00,220.99120665902723
2018-01-10 11:00:00+00:00,206.3603385489078
2018-01-10 12:00:00+00:00,106.072521558116
2018-01-10 13:00:00+00:00,51.32241444007883
2018-01-10 14:00:00+00:00,6.411982715406866
2018-01-10 15:00:00+00:00,0.0
2018-01-10 16:00:00+00:00,0.0
2018-01-10 17:00:00+00:00,0.0
2018-01-10 18:00:00+00:00,0.0
2018-01-10 19:00:00+00:00,0.0
2018-01-10 20:00:00+00:00,0.0
2018-01-10 21:00:00+00:00,0.0
2018-01-10 22:00:00+00:00,0.0
2018-01-10 23:00:00+00:00,0.0
2018-01-11 00:00:00+00:00,0.0
2018-01-11 01:00:00+00:00,0.0
2018-01-11 02:00:00+00:00,0.0
2018-01-11 03:00:00+00:00,0.0
2018-01-11 04:00:00+00:00,0.0
2018-01-11 05:00:00+00:00,63.205652506739945
2018-01-11 06:00:00+00:00,129.65332334009915
2018-01-11 07:00:00+00:00,182.34975436945328
2018-01-11 08:00:00+00:00,217.41833581675638
2018-01-11 09:00:00+00:00,235.4691529978429
2018-01-11 10:00:00+00:00,237.11559212152963
2018-01-11 11:00:00+00:00,221.13893202879672
2018-01-11 12:00:00+00:00,186.5915013109771
2018-01-11 13:00:00+00:00,132.95521888302207
2018-01-11 14:00:00+00:00,50.22226879415189
2018-01-11 15:00:00+00:00,0.0
2018-01-11 16:00:00+00:00,0.0
2018-01-11 17:00:00+00:00,0.0
2018-01-11 18:00:00+00:00,0.0
2018-01-11 19:00:00+00:00,0.0
2018-01-11 20:00:00+00:00,0.0
2018-01-11 21:00:00+00:00,0.0
2018-01-11 22:00:00+00:00,0.0
2018-01-11 23:00:00+00:00,0.0
2018-01-12 00:00:00+00:00,0.0
2018-01-12 01:00:00+00:00,0.0
2018-01-12 02:00:00+00:00,0.0
2018-01-12 03:00:00+00:00,0.0
2018-01-12 04:00:00+00:00,0.0
2018-01-12 05:00:00+00:00,45.05276139062099
2018-01-12 06:00:00+00:00,109.83015565776495
2018-01-12 07:00:00+00:00,163.02015261827654
2018-01-12 08:00:00+00:00,199.7309855796207
2018-01-12 09:00:00+00:00,220.13786240691522
2018-01-12 10:00:00+00:00,221.6587491945574
2018-01-12 11:00:00+00:00,204.22937160101498
2018-01-12 12:00:00+00:00,166.46942870651276
2018-01-12 13:00:00+00:00,107.33631097464965
2018-01-12 14:00:00+00:00,23.637502959236983
2018-01-12 15:00:00+00:00,0.0
2018-01-12 16:00:00+00:00,0.0
2018-01-12 17:00:00+00:00,0.0
2018-01-12 18:00:00+00:00,0.0
2018-01-12 19:00:00+00:00,0.0
2018-01-12 20:00:00+00:00,0.0
2018-01-12 21:00:00+00:00,0.0
2018-01-12 22:00:00+00:00,0.0
2018-01-12 23:00:00+00:00,0.0
2018-01-13 00:00:00+00:00,0.0
2018-01-13 01:00:00+00:00,0.0
2018-01-13 02:00:00+00:00,0.0
2018-01-13 03:00:00+00:00,0.0
2018-01-13 04:00:00+00:00,0.0
2018-01-13 05:00:00+00:00,54.72291770958463
2018-01-13 06:00:00+00:00,122.20499280479277
2018-01-13 07:00:00+00:00,175.3358024324552
2018-01-13 08:00:00+00:00,210.5371804699648
2018-01-13 09:00:00+00:00,223.2072606149815
2018-01-13 10:00:00+00:00,221.458888292493
2018-01-13 11:00:00+00:00,175.5013359854895
2018-01-13 12:00:00+00:00,122.32781776334485
2018-01-13 13:00:00+00:00,65.68693169442396
2018-01-13 14:00:00+00:00,24.183154959643943
2018-01-13 15:00:00+00:00,0.0
2018-01-13 16:00:00+00:00,0.0
2018-01-13 17:00:00+00:00,0.0
2018-01-13 18:00:00+00:00,0.0
2018-01-13 19:00:00+00:00,0.0
2018-01-13 20:00:00+00:00,0.0
2018-01-13 21:00:00+00:00,0.0
2018-01-13 22:00:00+00:00,0.0
2018-01-13 23:00:00+00:00,0.0
2018-01-14 00:00:00+00:00,0.0
2018-01-14 01:00:00+00:00,0.0
2018-01-14 02:00:00+00:00,0.0
2018-01-14 03:00:00+00:00,0.0
2018-01-14 04:00:00+00:00,0.0
2018-01-14 05:00:00+00:00,45.5972379157006
2018-01-14 06:00:00+00:00,116.00334280618537
2018-01-14 07:00:00+00:00,173.691481195527
2018-01-14 08:00:00+00:00,212.83337599585826
2018-01-14 09:00:00+00:00,235.8412329284332
2018-01-14 10:00:00+00:00,237.48797623973874
2018-01-14 11:00:00+00:00,218.3141885066803
2018-01-14 12:00:00+00:00,177.84812008679222
2018-01-14 13:00:00+00:00,112.65906562890409
2018-01-14 14:00:00+00:00,22.74151955062012
2018-01-14 15:00:00+00:00,0.0
2018-01-14 16:00:00+00:00,0.0
2018-01-14 17:00:00+00:00,0.0
2018-01-14 18:00:00+00:00,0.0
2018-01-14 19:00:00+00:00,0.0
2018-01-14 20:00:00+00:00,0.0
2018-01-14 21:00:00+00:00,0.0
2018-01-14 22:00:00+00:00,0.0
2018-01-14 23:00:00+00:00,0.0
2018-01-15 00:00:00+00:00,0.0
2018-01-15 01:00:00+00:00,0.0
2018-01-15 02:00:00+00:00,0.0
2018-01-15 03:00:00+00:00,0.0
2018-01-15 04:00:00+00:00,0.0
2018-01-15 05:00:00+00:00,45.116725295002404
2018-01-15 06:00:00+00:00,26.02647628150138
2018-01-15 07:00:00+00:00,82.40179136743127
2018-01-15 08:00:00+00:00,111.45853183148351
2018-01-15 09:00:00+00:00,128.32245621015028
2018-01-15 10:00:00+00:00,126.40212145878075
2018-01-15 11:00:00+00:00,184.41045536783426
2018-01-15 12:00:00+00:00,100.87513248712563
2018-01-15 13:00:00+00:00,78.98345724648229
2018-01-15 14:00:00+00:00,51.98738211275271
2018-01-15 15:00:00+00:00,0.0
2018-01-15 16:00:00+00:00,0.0
2018-01-15 17:00:00+00:00,0.0
2018-01-15 18:00:00+00:00,0.0
2018-01-15 19:00:00+00:00,0.0
2018-01-15 20:00:00+00:00,0.0
2018-01-15 21:00:00+00:00,0.0
2018-01-15 22:00:00+00:00,0.0
2018-01-15 23:00:00+00:00,0.0
2018-01-16 00:00:00+00:00,0.0
2018-01-16 01:00:00+00:00,0.0
2018-01-16 02:00:00+00:00,0.0
2018-01-16 03:00:00+00:00,0.0
2018-01-16 04:00:00+00:00,0.0
2018-01-16 05:00:00+00:00,62.227059455943014
2018-01-16 06:00:00+00:00,129.8344305653965
2018-01-16 07:00:00+00:00,183.51725133472772
2018-01-16 08:00:00+00:00,220.69315013086123
2018-01-16 09:00:00+00:00,239.14496137698876
2018-01-16 10:00:00+00:00,241.36371046104858
2018-01-16 11:00:00+00:00,225.32025356174537
2018-01-16 12:00:00+00:00,187.4880554657372
2018-01-16 13:00:00+00:00,133.21303889143164
2018-01-16 14:00:00+00:00,51.95668995399339
2018-01-16 15:00:00+00:00,0.0
2018-01-16 16:00:00+00:00,0.0
2018-01-16 17:00:00+00:00,0.0
2018-01-16 18:00:00+00:00,0.0
2018-01-16 19:00:00+00:00,0.0
2018-01-16 20:00:00+00:00,0.0
2018-01-16 21:00:00+00:00,0.0
2018-01-16 22:00:00+00:00,0.0
2018-01-16 23:00:00+00:00,0.0
2018-01-17 00:00:00+00:00,0.0
2018-01-17 01:00:00+00:00,0.0
2018-01-17 02:00:00+00:00,0.0
2018-01-17 03:00:00+00:00,0.0
2018-01-17 04:00:00+00:00,0.0
2018-01-17 05:00:00+00:00,59.36718071691636
2018-01-17 06:00:00+00:00,127.71127272675376
2018-01-17 07:00:00+00:00,183.65415469076467
2018-01-17 08:00:00+00:00,222.528482484557
2018-01-17 09:00:00+00:00,240.57928899786316
2018-01-17 10:00:00+00:00,243.22011213282582
2018-01-17 11:00:00+00:00,227.0599210094047
2018-01-17 12:00:00+00:00,127.26281022730569
2018-01-17 13:00:00+00:00,15.483938703575383
2018-01-17 14:00:00+00:00,30.440032485430454
2018-01-17 15:00:00+00:00,0.0
2018-01-17 16:00:00+00:00,0.0
2018-01-17 17:00:00+00:00,0.0
2018-01-17 18:00:00+00:00,0.0
2018-01-17 19:00:00+00:00,0.0
2018-01-17 20:00:00+00:00,0.0
2018-01-17 21:00:00+00:00,0.0
2018-01-17 22:00:00+00:00,0.0
2018-01-17 23:00:00+00:00,0.0
2018-01-18 00:00:00+00:00,0.0
2018-01-18 01:00:00+00:00,0.0
2018-01-18 02:00:00+00:00,0.0
2018-01-18 03:00:00+00:00,0.0
2018-01-18 04:00:00+00:00,0.0
2018-01-18 05:00:00+00:00,59.931511991319375
2018-01-18 06:00:00+00:00,127.0894622681615
2018-01-18 07:00:00+00:00,181.11783965615524
2018-01-18 08:00:00+00:00,218.797491130111
2018-01-18 09:00:00+00:00,239.74154263244873
2018-01-18 10:00:00+00:00,242.21012684038823
2018-01-18 11:00:00+00:00,226.14907427229704
2018-01-18 12:00:00+00:00,192.05593674627286
2018-01-18 13:00:00+00:00,136.13212143640226
2018-01-18 14:00:00+00:00,53.40734776050765
2018-01-18 15:00:00+00:00,0.0
2018-01-18 16:00:00+00:00,0.0
2018-01-18 17:00:00+00:00,0.0
2018-01-18 18:00:00+00:00,0.0
2018-01-18 19:00:00+00:00,0.0
2018-01-18 20:00:00+00:00,0.0
2018-01-18 21:00:00+00:00,0.0
2018-01-18 22:00:00+00:00,0.0
2018-01-18 23:00:00+00:00,0.0
2018-01-19 00:00:00+00:00,0.0
2018-01-19 01:00:00+00:00,0.0
2018-01-19 02:00:00+00:00,0.0
2018-01-19 03:00:00+00:00,0.0
2018-01-19 04:00:00+00:00,0.0
2018-01-19 05:00:00+00:00,30.311542098755574
2018-01-19 06:00:00+00:00,111.37115230230259
2018-01-19 07:00:00+00:00,135.99544631989085
2018-01-19 08:00:00+00:00,196.60758027966486
2018-01-19 09:00:00+00:00,224.28179794141678
2018-01-19 10:00:00+00:00,226.6884977688128
2018-01-19 11:00:00+00:00,123.70137273497463
2018-01-19 12:00:00+00:00,88.64463406673653
2018-01-19 13:00:00+00:00,38.764210118824764
2018-01-19 14:00:00+00:00,14.442843328327497
2018-01-19 15:00:00+00:00,0.0
2018-01-19 16:00:00+00:00,0.0
2018-01-19 17:00:00+00:00,0.0
2018-01-19 18:00:00+00:00,0.0
2018-01-19 19:00:00+00:00,0.0
2018-01-19 20:00:00+00:00,0.0
2018-01-19 21:00:00+00:00,0.0
2018-01-19 22:00:00+00:00,0.0
2018-01-19 23:00:00+00:00,0.0
2018-01-20 00:00:00+00:00,0.0
2018-01-20 01:00:00+00:00,0.0
2018-01-20 02:00:00+00:00,0.0
2018-01-20 03:00:00+00:00,0.0
2018-01-20 04:00:00+00:00,0.0
2018-01-20 05:00:00+00:00,59.84150593928694
2018-01-20 06:00:00+00:00,129.39135217388719
2018-01-20 07:00:00+00:00,170.2128516046431
2018-01-20 08:00:00+00:00,224.4592010536404
2018-01-20 09:00:00+00:00,241.0237070676455
2018-01-20 10:00:00+00:00,243.36113422709633
2018-01-20 11:00:00+00:00,227.37770426047007
2018-01-20 12:00:00+00:00,192.34721422357512
2018-01-20 13:00:00+00:00,137.27908863170842
2018-01-20 14:00:00+00:00,56.15750399210004
2018-01-20 15:00:00+00:00,0.0
2018-01-20 16:00:00+00:00,0.0
2018-01-20 17:00:00+00:00,0.0
2018-01-20 18:00:00+00:00,0.0
2018-01-20 19:00:00+00:00,0.0
2018-01-20 20:00:00+00:00,0.0
2018-01-20 21:00:00+00:00,0.0
2018-01-20 22:00:00+00:00,0.0
2018-01-20 23:00:00+00:00,0.0
2018-01-21 00:00:00+00:00,0.0
2018-01-21 01:00:00+00:00,0.0
2018-01-21 02:00:00+00:00,0.0
2018-01-21 03:00:00+00:00,0.0
2018-01-21 04:00:00+00:00,0.0
2018-01-21 05:00:00+00:00,20.894218122860373
2018-01-21 06:00:00+00:00,98.83223862460103
2018-01-21 07:00:00+00:00,166.23285605333533
2018-01-21 08:00:00+00:00,174.42971030454896
2018-01-21 09:00:00+00:00,184.52795933144205
2018-01-21 10:00:00+00:00,182.7944301527711
2018-01-21 11:00:00+00:00,133.42678794847203
2018-01-21 12:00:00+00:00,114.93778725494181
2018-01-21 13:00:00+00:00,60.15370743729184
2018-01-21 14:00:00+00:00,8.994657640469285
2018-01-21 15:00:00+00:00,0.0
2018-01-21 16:00:00+00:00,0.0
2018-01-21 17:00:00+00:00,0.0
2018-01-21 18:00:00+00:00,0.0
2018-01-21 19:00:00+00:00,0.0
2018-01-21 20:00:00+00:00,0.0
2018-01-21 21:00:00+00:00,0.0
2018-01-21 22:00:00+00:00,0.0
2018-01-21 23:00:00+00:00,0.0
2018-01-22 00:00:00+00:00,0.0
2018-01-22 01:00:00+00:00,0.0
2018-01-22 02:00:00+00:00,0.0
2018-01-22 03:00:00+00:00,0.0
2018-01-22 04:00:00+00:00,0.0
2018-01-22 05:00:00+00:00,28.67903077553482
2018-01-22 06:00:00+00:00,106.66859499570722
2018-01-22 07:00:00+00:00,140.48709771590597
2018-01-22 08:00:00+00:00,168.9117703400982
2018-01-22 09:00:00+00:00,174.912523002114
2018-01-22 10:00:00+00:00,170.10371181850857
2018-01-22 11:00:00+00:00,151.58435679041233
2018-01-22 12:00:00+00:00,58.58826607011372
2018-01-22 13:00:00+00:00,52.54808115432205
2018-01-22 14:00:00+00:00,7.5952578469018945
2018-01-22 15:00:00+00:00,0.0
2018-01-22 16:00:00+00:00,0.0
2018-01-22 17:00:00+00:00,0.0
2018-01-22 18:00:00+00:00,0.0
2018-01-22 19:00:00+00:00,0.0
2018-01-22 20:00:00+00:00,0.0
2018-01-22 21:00:00+00:00,0.0
2018-01-22 22:00:00+00:00,0.0
2018-01-22 23:00:00+00:00,0.0
2018-01-23 00:00:00+00:00,0.0
2018-01-23 01:00:00+00:00,0.0
2018-01-23 02:00:00+00:00,0.0
2018-01-23 03:00:00+00:00,0.0
2018-01-23 04:00:00+00:00,0.0
2018-01-23 05:00:00+00:00,38.61868218269299
2018-01-23 06:00:00+00:00,99.0545113538187
2018-01-23 07:00:00+00:00,108.42098287224456
2018-01-23 08:00:00+00:00,85.17978554619388
2018-01-23 09:00:00+00:00,66.25613171131995
2018-01-23 10:00:00+00:00,81.39082408893704
2018-01-23 11:00:00+00:00,91.43075532102212
2018-01-23 12:00:00+00:00,89.66326357424546
2018-01-23 13:00:00+00:00,105.90837035299273
2018-01-23 14:00:00+00:00,24.686703097572117
2018-01-23 15:00:00+00:00,0.0
2018-01-23 16:00:00+00:00,0.0
2018-01-23 17:00:00+00:00,0.0
2018-01-23 18:00:00+00:00,0.0
2018-01-23 19:00:00+00:00,0.0
2018-01-23 20:00:00+00:00,0.0
2018-01-23 21:00:00+00:00,0.0
2018-01-23 22:00:00+00:00,0.0
2018-01-23 23:00:00+00:00,0.0
2018-01-24 00:00:00+00:00,0.0
2018-01-24 01:00:00+00:00,0.0
2018-01-24 02:00:00+00:00,0.0
2018-01-24 03:00:00+00:00,0.0
2018-01-24 04:00:00+00:00,0.0
2018-01-24 05:00:00+00:00,38.501832997898546
2018-01-24 06:00:00+00:00,107.48603574735853
2018-01-24 07:00:00+00:00,77.37745031077004
2018-01-24 08:00:00+00:00,110.0791213219643
2018-01-24 09:00:00+00:00,208.04820510123784
2018-01-24 10:00:00+00:00,220.76497976754553
2018-01-24 11:00:00+00:00,203.75331231766737
2018-01-24 12:00:00+00:00,167.52750054577314
2018-01-24 13:00:00+00:00,111.23337613054005
2018-01-24 14:00:00+00:00,33.87161098862072
2018-01-24 15:00:00+00:00,0.0
2018-01-24 16:00:00+00:00,0.0
2018-01-24 17:00:00+00:00,0.0
2018-01-24 18:00:00+00:00,0.0
2018-01-24 19:00:00+00:00,0.0
2018-01-24 20:00:00+00:00,0.0
2018-01-24 21:00:00+00:00,0.0
2018-01-24 22:00:00+00:00,0.0
2018-01-24 23:00:00+00:00,0.0
2018-01-25 00:00:00+00:00,0.0
2018-01-25 01:00:00+00:00,0.0
2018-01-25 02:00:00+00:00,0.0
2018-01-25 03:00:00+00:00,0.0
2018-01-25 04:00:00+00:00,0.0
2018-01-25 05:00:00+00:00,25.758731677387942
2018-01-25 06:00:00+00:00,115.68142483960038
2018-01-25 07:00:00+00:00,119.09872300066523
2018-01-25 08:00:00+00:00,110.31437806999375
2018-01-25 09:00:00+00:00,106.23127060097033
2018-01-25 10:00:00+00:00,131.49269266200255
2018-01-25 11:00:00+00:00,125.69564363808095
2018-01-25 12:00:00+00:00,13.733316781584612
2018-01-25 13:00:00+00:00,20.10557188859456
2018-01-25 14:00:00+00:00,4.490995440762358
2018-01-25 15:00:00+00:00,0.0
2018-01-25 16:00:00+00:00,0.0
2018-01-25 17:00:00+00:00,0.0
2018-01-25 18:00:00+00:00,0.0
2018-01-25 19:00:00+00:00,0.0
2018-01-25 20:00:00+00:00,0.0
2018-01-25 21:00:00+00:00,0.0
2018-01-25 22:00:00+00:00,0.0
2018-01-25 23:00:00+00:00,0.0
2018-01-26 00:00:00+00:00,0.0
2018-01-26 01:00:00+00:00,0.0
2018-01-26 02:00:00+00:00,0.0
2018-01-26 03:00:00+00:00,0.0
2018-01-26 04:00:00+00:00,0.0
2018-01-26 05:00:00+00:00,26.415777777907223
2018-01-26 06:00:00+00:00,101.82670118429141
2018-01-26 07:00:00+00:00,122.27812535666354
2018-01-26 08:00:00+00:00,150.4823834747889
2018-01-26 09:00:00+00:00,120.08378127144462
2018-01-26 10:00:00+00:00,110.55678180008996
2018-01-26 11:00:00+00:00,52.84854652153836
2018-01-26 12:00:00+00:00,67.96000150507572
2018-01-26 13:00:00+00:00,41.92181098997092
2018-01-26 14:00:00+00:00,6.602913254652883
2018-01-26 15:00:00+00:00,0.0
2018-01-26 16:00:00+00:00,0.0
2018-01-26 17:00:00+00:00,0.0
2018-01-26 18:00:00+00:00,0.0
2018-01-26 19:00:00+00:00,0.0
2018-01-26 20:00:00+00:00,0.0
2018-01-26 21:00:00+00:00,0.0
2018-01-26 22:00:00+00:00,0.0
2018-01-26 23:00:00+00:00,0.0
2018-01-27 00:00:00+00:00,0.0
2018-01-27 01:00:00+00:00,0.0
2018-01-27 02:00:00+00:00,0.0
2018-01-27 03:00:00+00:00,0.0
2018-01-27 04:00:00+00:00,0.0
2018-01-27 05:00:00+00:00,1.8461646485217553
2018-01-27 06:00:00+00:00,47.64666316962445
2018-01-27 07:00:00+00:00,78.24812077409372
2018-01-27 08:00:00+00:00,109.62257756216039
2018-01-27 09:00:00+00:00,158.61502674952453
2018-01-27 10:00:00+00:00,127.95097594321544
2018-01-27 11:00:00+00:00,104.47640970694312
2018-01-27 12:00:00+00:00,74.44739463471397
2018-01-27 13:00:00+00:00,46.59804634597994
2018-01-27 14:00:00+00:00,30.659565886109384
2018-01-27 15:00:00+00:00,0.0
2018-01-27 16:00:00+00:00,0.0
2018-01-27 17:00:00+00:00,0.0
2018-01-27 18:00:00+00:00,0.0
2018-01-27 19:00:00+00:00,0.0
2018-01-27 20:00:00+00:00,0.0
2018-01-27 21:00:00+00:00,0.0
2018-01-27 22:00:00+00:00,0.0
2018-01-27 23:00:00+00:00,0.0
2018-01-28 00:00:00+00:00,0.0
2018-01-28 01:00:00+00:00,0.0
2018-01-28 02:00:00+00:00,0.0
2018-01-28 03:00:00+00:00,0.0
2018-01-28 04:00:00+00:00,0.0
2018-01-28 05:00:00+00:00,56.32138673374234
2018-01-28 06:00:00+00:00,124.59179803550289
2018-01-28 07:00:00+00:00,157.7933413525676
2018-01-28 08:00:00+00:00,221.77069463275234
2018-01-28 09:00:00+00:00,240.45191184663716
2018-01-28 10:00:00+00:00,242.9740796016906
2018-01-28 11:00:00+00:00,169.1865832241045
2018-01-28 12:00:00+00:00,70.05094661684633
2018-01-28 13:00:00+00:00,37.830431446587625
2018-01-28 14:00:00+00:00,29.849946949611155
2018-01-28 15:00:00+00:00,0.0
2018-01-28 16:00:00+00:00,0.0
2018-01-28 17:00:00+00:00,0.0
2018-01-28 18:00:00+00:00,0.0
2018-01-28 19:00:00+00:00,0.0
2018-01-28 20:00:00+00:00,0.0
2018-01-28 21:00:00+00:00,0.0
2018-01-28 22:00:00+00:00,0.0
2018-01-28 23:00:00+00:00,0.0
2018-01-29 00:00:00+00:00,0.0
2018-01-29 01:00:00+00:00,0.0
2018-01-29 02:00:00+00:00,0.0
2018-01-29 03:00:00+00:00,0.0
2018-01-29 04:00:00+00:00,0.0
2018-01-29 05:00:00+00:00,56.740947107426535
2018-01-29 06:00:00+00:00,86.28069226793811
2018-01-29 07:00:00+00:00,179.92886215852116
2018-01-29 08:00:00+00:00,220.05189814201907
2018-01-29 09:00:00+00:00,197.63487511698222
2018-01-29 10:00:00+00:00,127.94188715495818
2018-01-29 11:00:00+00:00,95.45220775610466
2018-01-29 12:00:00+00:00,70.3768545788812
2018-01-29 13:00:00+00:00,39.50475856061473
2018-01-29 14:00:00+00:00,18.728472286560898
2018-01-29 15:00:00+00:00,0.0
2018-01-29 16:00:00+00:00,0.0
2018-01-29 17:00:00+00:00,0.0
2018-01-29 18:00:00+00:00,0.0
2018-01-29 19:00:00+00:00,0.0
2018-01-29 20:00:00+00:00,0.0
2018-01-29 21:00:00+00:00,0.0
2018-01-29 22:00:00+00:00,0.0
2018-01-29 23:00:00+00:00,0.0
2018-01-30 00:00:00+00:00,0.0
2018-01-30 01:00:00+00:00,0.0
2018-01-30 02:00:00+00:00,0.0
2018-01-30 03:00:00+00:00,0.0
2018-01-30 04:00:00+00:00,0.0
2018-01-30 05:00:00+00:00,59.25726089564278
2018-01-30 06:00:00+00:00,127.5720318118837
2018-01-30 07:00:00+00:00,183.8292971366044
2018-01-30 08:00:00+00:00,223.3727441323555
2018-01-30 09:00:00+00:00,245.1736298483143
2018-01-30 10:00:00+00:00,248.3872057689032
2018-01-30 11:00:00+00:00,232.61400733691664
2018-01-30 12:00:00+00:00,190.87564030528767
2018-01-30 13:00:00+00:00,136.1578590223436
2018-01-30 14:00:00+00:00,58.24810489586567
2018-01-30 15:00:00+00:00,0.0
2018-01-30 16:00:00+00:00,0.0
2018-01-30 17:00:00+00:00,0.0
2018-01-30 18:00:00+00:00,0.0
2018-01-30 19:00:00+00:00,0.0
2018-01-30 20:00:00+00:00,0.0
2018-01-30 21:00:00+00:00,0.0
2018-01-30 22:00:00+00:00,0.0
2018-01-30 23:00:00+00:00,0.0
2018-01-31 00:00:00+00:00,0.0
2018-01-31 01:00:00+00:00,0.0
2018-01-31 02:00:00+00:00,0.0
2018-01-31 03:00:00+00:00,0.0
2018-01-31 04:00:00+00:00,0.0
2018-01-31 05:00:00+00:00,62.42334053165589
2018-01-31 06:00:00+00:00,130.14537966734525
2018-01-31 07:00:00+00:00,185.21298379220696
2018-01-31 08:00:00+00:00,224.13737226698217
2018-01-31 09:00:00+00:00,235.30959123376118
2018-01-31 10:00:00+00:00,238.0180800058483
2018-01-31 11:00:00+00:00,222.43069365662473
2018-01-31 12:00:00+00:00,182.94926170651263
2018-01-31 13:00:00+00:00,127.69313429535072
2018-01-31 14:00:00+00:00,49.89271928035227
2018-01-31 15:00:00+00:00,0.0
2018-01-31 16:00:00+00:00,0.0
2018-01-31 17:00:00+00:00,0.0
2018-01-31 18:00:00+00:00,0.0
2018-01-31 19:00:00+00:00,0.0
2018-01-31 20:00:00+00:00,0.0
2018-01-31 21:00:00+00:00,0.0
2018-01-31 22:00:00+00:00,0.0
2018-01-31 23:00:00+00:00,0.0
2018-02-01 00:00:00+00:00,0.0
2018-02-01 01:00:00+00:00,0.0
2018-02-01 02:00:00+00:00,0.0
2018-02-01 03:00:00+00:00,0.0
2018-02-01 04:00:00+00:00,0.0
2018-02-01 05:00:00+00:00,62.68260653232502
2018-02-01 06:00:00+00:00,130.90138742658547
2018-02-01 07:00:00+00:00,185.55157125645889
2018-02-01 08:00:00+00:00,222.93506272764148
2018-02-01 09:00:00+00:00,239.2080238774386
2018-02-01 10:00:00+00:00,242.15580872041335
2018-02-01 11:00:00+00:00,226.85226291464323
2018-02-01 12:00:00+00:00,181.02484049152582
2018-02-01 13:00:00+00:00,125.92506363241321
2018-02-01 14:00:00+00:00,48.48273675961832
2018-02-01 15:00:00+00:00,0.0
2018-02-01 16:00:00+00:00,0.0
2018-02-01 17:00:00+00:00,0.0
2018-02-01 18:00:00+00:00,0.0
2018-02-01 19:00:00+00:00,0.0
2018-02-01 20:00:00+00:00,0.0
2018-02-01 21:00:00+00:00,0.0
2018-02-01 22:00:00+00:00,0.0
2018-02-01 23:00:00+00:00,0.0
2018-02-02 00:00:00+00:00,0.0
2018-02-02 01:00:00+00:00,0.0
2018-02-02 02:00:00+00:00,0.0
2018-02-02 03:00:00+00:00,0.0
2018-02-02 04:00:00+00:00,0.0
2018-02-02 05:00:00+00:00,54.70893281369413
2018-02-02 06:00:00+00:00,119.38676028536813
2018-02-02 07:00:00+00:00,170.79259629806853
2018-02-02 08:00:00+00:00,207.4483565261374
2018-02-02 09:00:00+00:00,225.1246900276335
2018-02-02 10:00:00+00:00,227.26417804302204
2018-02-02 11:00:00+00:00,211.90542486797074
2018-02-02 12:00:00+00:00,169.002300462814
2018-02-02 13:00:00+00:00,112.74775073935069
2018-02-02 14:00:00+00:00,38.66953450494616
2018-02-02 15:00:00+00:00,0.0
2018-02-02 16:00:00+00:00,0.0
2018-02-02 17:00:00+00:00,0.0
2018-02-02 18:00:00+00:00,0.0
2018-02-02 19:00:00+00:00,0.0
2018-02-02 20:00:00+00:00,0.0
2018-02-02 21:00:00+00:00,0.0
2018-02-02 22:00:00+00:00,0.0
2018-02-02 23:00:00+00:00,0.0
2018-02-03 00:00:00+00:00,0.0
2018-02-03 01:00:00+00:00,0.0
2018-02-03 02:00:00+00:00,0.0
2018-02-03 03:00:00+00:00,0.0
2018-02-03 04:00:00+00:00,0.0
2018-02-03 05:00:00+00:00,34.14859300772572
2018-02-03 06:00:00+00:00,98.6415659698404
2018-02-03 07:00:00+00:00,166.78306488411533
2018-02-03 08:00:00+00:00,214.18115862054646
2018-02-03 09:00:00+00:00,233.86329108831944
2018-02-03 10:00:00+00:00,236.2890732775089
2018-02-03 11:00:00+00:00,222.6770396878947
2018-02-03 12:00:00+00:00,159.36153284788102
2018-02-03 13:00:00+00:00,131.80080983469736
2018-02-03 14:00:00+00:00,55.25510219275957
2018-02-03 15:00:00+00:00,0.0
2018-02-03 16:00:00+00:00,0.0
2018-02-03 17:00:00+00:00,0.0
2018-02-03 18:00:00+00:00,0.0
2018-02-03 19:00:00+00:00,0.0
2018-02-03 20:00:00+00:00,0.0
2018-02-03 21:00:00+00:00,0.0
2018-02-03 22:00:00+00:00,0.0
2018-02-03 23:00:00+00:00,0.0
2018-02-04 00:00:00+00:00,0.0
2018-02-04 01:00:00+00:00,0.0
2018-02-04 02:00:00+00:00,0.0
2018-02-04 03:00:00+00:00,0.0
2018-02-04 04:00:00+00:00,0.0
2018-02-04 05:00:00+00:00,28.021555097563198
2018-02-04 06:00:00+00:00,99.15841882999771
2018-02-04 07:00:00+00:00,152.40623715148598
2018-02-04 08:00:00+00:00,210.08372915067534
2018-02-04 09:00:00+00:00,230.19670889001895
2018-02-04 10:00:00+00:00,234.39072667984942
2018-02-04 11:00:00+00:00,220.49992842892712
2018-02-04 12:00:00+00:00,186.3264669912877
2018-02-04 13:00:00+00:00,106.0431029941321
2018-02-04 14:00:00+00:00,28.09757178769365
2018-02-04 15:00:00+00:00,0.0
2018-02-04 16:00:00+00:00,0.0
2018-02-04 17:00:00+00:00,0.0
2018-02-04 18:00:00+00:00,0.0
2018-02-04 19:00:00+00:00,0.0
2018-02-04 20:00:00+00:00,0.0
2018-02-04 21:00:00+00:00,0.0
2018-02-04 22:00:00+00:00,0.0
2018-02-04 23:00:00+00:00,0.0
2018-02-05 00:00:00+00:00,0.0
2018-02-05 01:00:00+00:00,0.0
2018-02-05 02:00:00+00:00,0.0
2018-02-05 03:00:00+00:00,0.0
2018-02-05 04:00:00+00:00,0.0
2018-02-05 05:00:00+00:00,59.42506477011329
2018-02-05 06:00:00+00:00,124.42762436474695
2018-02-05 07:00:00+00:00,176.86557744719795
2018-02-05 08:00:00+00:00,213.56588157356774
2018-02-05 09:00:00+00:00,235.34698273951466
2018-02-05 10:00:00+00:00,208.7569821116696
2018-02-05 11:00:00+00:00,143.77512692508463
2018-02-05 12:00:00+00:00,99.35179156021377
2018-02-05 13:00:00+00:00,38.39660198320311
2018-02-05 14:00:00+00:00,6.619342492581771
2018-02-05 15:00:00+00:00,0.0
2018-02-05 16:00:00+00:00,0.0
2018-02-05 17:00:00+00:00,0.0
2018-02-05 18:00:00+00:00,0.0
2018-02-05 19:00:00+00:00,0.0
2018-02-05 20:00:00+00:00,0.0
2018-02-05 21:00:00+00:00,0.0
2018-02-05 22:00:00+00:00,0.0
2018-02-05 23:00:00+00:00,0.0
2018-02-06 00:00:00+00:00,0.0
2018-02-06 01:00:00+00:00,0.0
2018-02-06 02:00:00+00:00,0.0
2018-02-06 03:00:00+00:00,0.0
2018-02-06 04:00:00+00:00,0.0
2018-02-06 05:00:00+00:00,14.922110841405337
2018-02-06 06:00:00+00:00,90.10525437725528
2018-02-06 07:00:00+00:00,120.05136301308482
2018-02-06 08:00:00+00:00,164.90515572490287
2018-02-06 09:00:00+00:00,196.34508759657598
2018-02-06 10:00:00+00:00,176.65000505268537
2018-02-06 11:00:00+00:00,102.25155493466465
2018-02-06 12:00:00+00:00,79.19842248655317
2018-02-06 13:00:00+00:00,40.97397100164254
2018-02-06 14:00:00+00:00,6.025383193637145
2018-02-06 15:00:00+00:00,0.0
2018-02-06 16:00:00+00:00,0.0
2018-02-06 17:00:00+00:00,0.0
2018-02-06 18:00:00+00:00,0.0
2018-02-06 19:00:00+00:00,0.0
2018-02-06 20:00:00+00:00,0.0
2018-02-06 21:00:00+00:00,0.0
2018-02-06 22:00:00+00:00,0.0
2018-02-06 23:00:00+00:00,0.0
2018-02-07 00:00:00+00:00,0.0
2018-02-07 01:00:00+00:00,0.0
2018-02-07 02:00:00+00:00,0.0
2018-02-07 03:00:00+00:00,0.0
2018-02-07 04:00:00+00:00,0.0
2018-02-07 05:00:00+00:00,49.43357816044293
2018-02-07 06:00:00+00:00,112.21816407514251
2018-02-07 07:00:00+00:00,165.185675651094
2018-02-07 08:00:00+00:00,202.18487855665853
2018-02-07 09:00:00+00:00,210.1660552631795
2018-02-07 10:00:00+00:00,211.71725942036636
2018-02-07 11:00:00+00:00,178.3878701573057
2018-02-07 12:00:00+00:00,128.5852943559064
2018-02-07 13:00:00+00:00,87.59508162289978
2018-02-07 14:00:00+00:00,32.15050801009343
2018-02-07 15:00:00+00:00,0.0
2018-02-07 16:00:00+00:00,0.0
2018-02-07 17:00:00+00:00,0.0
2018-02-07 18:00:00+00:00,0.0
2018-02-07 19:00:00+00:00,0.0
2018-02-07 20:00:00+00:00,0.0
2018-02-07 21:00:00+00:00,0.0
2018-02-07 22:00:00+00:00,0.0
2018-02-07 23:00:00+00:00,0.0
2018-02-08 00:00:00+00:00,0.0
2018-02-08 01:00:00+00:00,0.0
2018-02-08 02:00:00+00:00,0.0
2018-02-08 03:00:00+00:00,0.0
2018-02-08 04:00:00+00:00,0.16238032764783308
2018-02-08 05:00:00+00:00,26.513805482907387
2018-02-08 06:00:00+00:00,90.60920675466565
2018-02-08 07:00:00+00:00,129.76830304281418
2018-02-08 08:00:00+00:00,143.4430327640049
2018-02-08 09:00:00+00:00,151.2857112102687
2018-02-08 10:00:00+00:00,156.61279857357675
2018-02-08 11:00:00+00:00,138.48834206810034
2018-02-08 12:00:00+00:00,115.95998402483907
2018-02-08 13:00:00+00:00,49.756057999352905
2018-02-08 14:00:00+00:00,6.8107843577200065
2018-02-08 15:00:00+00:00,0.0
2018-02-08 16:00:00+00:00,0.0
2018-02-08 17:00:00+00:00,0.0
2018-02-08 18:00:00+00:00,0.0
2018-02-08 19:00:00+00:00,0.0
2018-02-08 20:00:00+00:00,0.0
2018-02-08 21:00:00+00:00,0.0
2018-02-08 22:00:00+00:00,0.0
2018-02-08 23:00:00+00:00,0.0
2018-02-09 00:00:00+00:00,0.0
2018-02-09 01:00:00+00:00,0.0
2018-02-09 02:00:00+00:00,0.0
2018-02-09 03:00:00+00:00,0.0
2018-02-09 04:00:00+00:00,1.1226166541742633
2018-02-09 05:00:00+00:00,36.12586714237914
2018-02-09 06:00:00+00:00,106.6812767020783
2018-02-09 07:00:00+00:00,148.79381066519133
2018-02-09 08:00:00+00:00,187.33430723357247
2018-02-09 09:00:00+00:00,209.5879900611326
2018-02-09 10:00:00+00:00,182.99311751080634
2018-02-09 11:00:00+00:00,155.69273161621578
2018-02-09 12:00:00+00:00,135.10705985969201
2018-02-09 13:00:00+00:00,67.62915131396034
2018-02-09 14:00:00+00:00,40.72368975017194
2018-02-09 15:00:00+00:00,0.0
2018-02-09 16:00:00+00:00,0.0
2018-02-09 17:00:00+00:00,0.0
2018-02-09 18:00:00+00:00,0.0
2018-02-09 19:00:00+00:00,0.0
2018-02-09 20:00:00+00:00,0.0
2018-02-09 21:00:00+00:00,0.0
2018-02-09 22:00:00+00:00,0.0
2018-02-09 23:00:00+00:00,0.0
2018-02-10 00:00:00+00:00,0.0
2018-02-10 01:00:00+00:00,0.0
2018-02-10 02:00:00+00:00,0.0
2018-02-10 03:00:00+00:00,0.0
2018-02-10 04:00:00+00:00,1.7286449081224298
2018-02-10 05:00:00+00:00,28.895317599201807
2018-02-10 06:00:00+00:00,92.88285991320004
2018-02-10 07:00:00+00:00,132.8879967777412
2018-02-10 08:00:00+00:00,124.5479482120899
2018-02-10 09:00:00+00:00,155.97124714621975
2018-02-10 10:00:00+00:00,163.28993015840695
2018-02-10 11:00:00+00:00,142.34557700210993
2018-02-10 12:00:00+00:00,112.72019977994843
2018-02-10 13:00:00+00:00,47.52356480933496
2018-02-10 14:00:00+00:00,25.67819216534091
2018-02-10 15:00:00+00:00,0.0
2018-02-10 16:00:00+00:00,0.0
2018-02-10 17:00:00+00:00,0.0
2018-02-10 18:00:00+00:00,0.0
2018-02-10 19:00:00+00:00,0.0
2018-02-10 20:00:00+00:00,0.0
2018-02-10 21:00:00+00:00,0.0
2018-02-10 22:00:00+00:00,0.0
2018-02-10 23:00:00+00:00,0.0
2018-02-11 00:00:00+00:00,0.0
2018-02-11 01:00:00+00:00,0.0
2018-02-11 02:00:00+00:00,0.0
2018-02-11 03:00:00+00:00,0.0
2018-02-11 04:00:00+00:00,1.9869647296872186
2018-02-11 05:00:00+00:00,13.990867957259036
2018-02-11 06:00:00+00:00,77.27995672081408
2018-02-11 07:00:00+00:00,131.23248958167815
2018-02-11 08:00:00+00:00,161.84512426333873
2018-02-11 09:00:00+00:00,163.8048036542683
2018-02-11 10:00:00+00:00,188.54704867565755
2018-02-11 11:00:00+00:00,150.49127385554067
2018-02-11 12:00:00+00:00,120.88178198455567
2018-02-11 13:00:00+00:00,76.9256432634042
2018-02-11 14:00:00+00:00,37.8106401832065
2018-02-11 15:00:00+00:00,0.0
2018-02-11 16:00:00+00:00,0.0
2018-02-11 17:00:00+00:00,0.0
2018-02-11 18:00:00+00:00,0.0
2018-02-11 19:00:00+00:00,0.0
2018-02-11 20:00:00+00:00,0.0
2018-02-11 21:00:00+00:00,0.0
2018-02-11 22:00:00+00:00,0.0
2018-02-11 23:00:00+00:00,0.0
2018-02-12 00:00:00+00:00,0.0
2018-02-12 01:00:00+00:00,0.0
2018-02-12 02:00:00+00:00,0.0
2018-02-12 03:00:00+00:00,0.0
2018-02-12 04:00:00+00:00,1.3074977635664262
2018-02-12 05:00:00+00:00,13.525065597737413
2018-02-12 06:00:00+00:00,43.23297261875563
2018-02-12 07:00:00+00:00,117.68713823149434
2018-02-12 08:00:00+00:00,120.85791266335698
2018-02-12 09:00:00+00:00,160.16437551261492
2018-02-12 10:00:00+00:00,131.59657110993695
2018-02-12 11:00:00+00:00,125.15705043782516
2018-02-12 12:00:00+00:00,94.34203939549607
2018-02-12 13:00:00+00:00,50.9867385741184
2018-02-12 14:00:00+00:00,10.457584504983831
2018-02-12 15:00:00+00:00,0.0
2018-02-12 16:00:00+00:00,0.0
2018-02-12 17:00:00+00:00,0.0
2018-02-12 18:00:00+00:00,0.0
2018-02-12 19:00:00+00:00,0.0
2018-02-12 20:00:00+00:00,0.0
2018-02-12 21:00:00+00:00,0.0
2018-02-12 22:00:00+00:00,0.0
2018-02-12 23:00:00+00:00,0.0
2018-02-13 00:00:00+00:00,0.0
2018-02-13 01:00:00+00:00,0.0
2018-02-13 02:00:00+00:00,0.0
2018-02-13 03:00:00+00:00,0.0
2018-02-13 04:00:00+00:00,0.6925132008354626
2018-02-13 05:00:00+00:00,22.493832256650855
2018-02-13 06:00:00+00:00,46.44695690365586
2018-02-13 07:00:00+00:00,67.89900360846669
2018-02-13 08:00:00+00:00,42.396754216330514
2018-02-13 09:00:00+00:00,70.09309470308733
2018-02-13 10:00:00+00:00,179.30831515461273
2018-02-13 11:00:00+00:00,189.864774858888
2018-02-13 12:00:00+00:00,91.08196614811867
2018-02-13 13:00:00+00:00,46.04533963175271
2018-02-13 14:00:00+00:00,35.821161249420065
2018-02-13 15:00:00+00:00,0.0
2018-02-13 16:00:00+00:00,0.0
2018-02-13 17:00:00+00:00,0.0
2018-02-13 18:00:00+00:00,0.0
2018-02-13 19:00:00+00:00,0.0
2018-02-13 20:00:00+00:00,0.0
2018-02-13 21:00:00+00:00,0.0
2018-02-13 22:00:00+00:00,0.0
2018-02-13 23:00:00+00:00,0.0
2018-02-14 00:00:00+00:00,0.0
2018-02-14 01:00:00+00:00,0.0
2018-02-14 02:00:00+00:00,0.0
2018-02-14 03:00:00+00:00,0.0
2018-02-14 04:00:00+00:00,5.130479283831225
2018-02-14 05:00:00+00:00,71.60835589845829
2018-02-14 06:00:00+00:00,131.14919123799638
2018-02-14 07:00:00+00:00,165.27201543174738
2018-02-14 08:00:00+00:00,235.93146925945177
2018-02-14 09:00:00+00:00,250.36273560945554
2018-02-14 10:00:00+00:00,250.75119576486574
2018-02-14 11:00:00+00:00,242.03655668565864
2018-02-14 12:00:00+00:00,154.60568409815977
2018-02-14 13:00:00+00:00,116.0649945643108
2018-02-14 14:00:00+00:00,78.61549966422076
2018-02-14 15:00:00+00:00,0.0
2018-02-14 16:00:00+00:00,0.0
2018-02-14 17:00:00+00:00,0.0
2018-02-14 18:00:00+00:00,0.0
2018-02-14 19:00:00+00:00,0.0
2018-02-14 20:00:00+00:00,0.0
2018-02-14 21:00:00+00:00,0.0
2018-02-14 22:00:00+00:00,0.0
2018-02-14 23:00:00+00:00,0.0
2018-02-15 00:00:00+00:00,0.0
2018-02-15 01:00:00+00:00,0.0
2018-02-15 02:00:00+00:00,0.0
2018-02-15 03:00:00+00:00,0.0
2018-02-15 04:00:00+00:00,2.048855030304561
2018-02-15 05:00:00+00:00,14.888674735240153
2018-02-15 06:00:00+00:00,63.450547970494426
2018-02-15 07:00:00+00:00,104.8578818153106
2018-02-15 08:00:00+00:00,148.08182642048442
2018-02-15 09:00:00+00:00,173.0875229223139
2018-02-15 10:00:00+00:00,169.66757424868769
2018-02-15 11:00:00+00:00,180.6578929808901
2018-02-15 12:00:00+00:00,93.5443097271517
2018-02-15 13:00:00+00:00,57.418864950276586
2018-02-15 14:00:00+00:00,26.163338174423476
2018-02-15 15:00:00+00:00,0.0
2018-02-15 16:00:00+00:00,0.0
2018-02-15 17:00:00+00:00,0.0
2018-02-15 18:00:00+00:00,0.0
2018-02-15 19:00:00+00:00,0.0
2018-02-15 20:00:00+00:00,0.0
2018-02-15 21:00:00+00:00,0.0
2018-02-15 22:00:00+00:00,0.0
2018-02-15 23:00:00+00:00,0.0
2018-02-16 00:00:00+00:00,0.0
2018-02-16 01:00:00+00:00,0.0
2018-02-16 02:00:00+00:00,0.0
2018-02-16 03:00:00+00:00,0.0
2018-02-16 04:00:00+00:00,2.9702524130544963
2018-02-16 05:00:00+00:00,22.469931347398497
2018-02-16 06:00:00+00:00,68.70659125951352
2018-02-16 07:00:00+00:00,146.19770453232883
2018-02-16 08:00:00+00:00,139.04351970650455
2018-02-16 09:00:00+00:00,175.64320277602988
2018-02-16 10:00:00+00:00,179.5478195916172
2018-02-16 11:00:00+00:00,146.22539050368607
2018-02-16 12:00:00+00:00,107.75589257185274
2018-02-16 13:00:00+00:00,93.68541890287281
2018-02-16 14:00:00+00:00,52.43664007781216
2018-02-16 15:00:00+00:00,0.0
2018-02-16 16:00:00+00:00,0.0
2018-02-16 17:00:00+00:00,0.0
2018-02-16 18:00:00+00:00,0.0
2018-02-16 19:00:00+00:00,0.0
2018-02-16 20:00:00+00:00,0.0
2018-02-16 21:00:00+00:00,0.0
2018-02-16 22:00:00+00:00,0.0
2018-02-16 23:00:00+00:00,0.0
2018-02-17 00:00:00+00:00,0.0
2018-02-17 01:00:00+00:00,0.0
2018-02-17 02:00:00+00:00,0.0
2018-02-17 03:00:00+00:00,0.0
2018-02-17 04:00:00+00:00,2.6913602601408844
2018-02-17 05:00:00+00:00,40.59565901620454
2018-02-17 06:00:00+00:00,109.4178759263032
2018-02-17 07:00:00+00:00,176.4294385323024
2018-02-17 08:00:00+00:00,200.05884742380465
2018-02-17 09:00:00+00:00,188.39084592325645
2018-02-17 10:00:00+00:00,184.94552722474037
2018-02-17 11:00:00+00:00,130.86328006084642
2018-02-17 12:00:00+00:00,184.80415480900757
2018-02-17 13:00:00+00:00,116.89147684406447
2018-02-17 14:00:00+00:00,34.269533497431844
2018-02-17 15:00:00+00:00,0.0
2018-02-17 16:00:00+00:00,0.0
2018-02-17 17:00:00+00:00,0.0
2018-02-17 18:00:00+00:00,0.0
2018-02-17 19:00:00+00:00,0.0
2018-02-17 20:00:00+00:00,0.0
2018-02-17 21:00:00+00:00,0.0
2018-02-17 22:00:00+00:00,0.0
2018-02-17 23:00:00+00:00,0.0
2018-02-18 00:00:00+00:00,0.0
2018-02-18 01:00:00+00:00,0.0
2018-02-18 02:00:00+00:00,0.0
2018-02-18 03:00:00+00:00,0.0
2018-02-18 04:00:00+00:00,6.206204266922157
2018-02-18 05:00:00+00:00,63.30873006088818
2018-02-18 06:00:00+00:00,102.77646343476795
2018-02-18 07:00:00+00:00,183.46656227790388
2018-02-18 08:00:00+00:00,223.83627397778753
2018-02-18 09:00:00+00:00,229.7612362997825
2018-02-18 10:00:00+00:00,243.18569315134846
2018-02-18 11:00:00+00:00,168.6153493208492
2018-02-18 12:00:00+00:00,172.3974998771618
2018-02-18 13:00:00+00:00,86.13861949883383
2018-02-18 14:00:00+00:00,22.733585341224387
2018-02-18 15:00:00+00:00,0.0
2018-02-18 16:00:00+00:00,0.0
2018-02-18 17:00:00+00:00,0.0
2018-02-18 18:00:00+00:00,0.0
2018-02-18 19:00:00+00:00,0.0
2018-02-18 20:00:00+00:00,0.0
2018-02-18 21:00:00+00:00,0.0
2018-02-18 22:00:00+00:00,0.0
2018-02-18 23:00:00+00:00,0.0
2018-02-19 00:00:00+00:00,0.0
2018-02-19 01:00:00+00:00,0.0
2018-02-19 02:00:00+00:00,0.0
2018-02-19 03:00:00+00:00,0.0
2018-02-19 04:00:00+00:00,4.585339496572188
2018-02-19 05:00:00+00:00,45.99567893057605
2018-02-19 06:00:00+00:00,122.29665827508009
2018-02-19 07:00:00+00:00,160.79701826225437
2018-02-19 08:00:00+00:00,223.81240348211986
2018-02-19 09:00:00+00:00,250.311520773636
2018-02-19 10:00:00+00:00,237.9636335757262
2018-02-19 11:00:00+00:00,169.07806310469152
2018-02-19 12:00:00+00:00,128.5739347570305
2018-02-19 13:00:00+00:00,80.91450958337114
2018-02-19 14:00:00+00:00,24.918204528540038
2018-02-19 15:00:00+00:00,0.0
2018-02-19 16:00:00+00:00,0.0
2018-02-19 17:00:00+00:00,0.0
2018-02-19 18:00:00+00:00,0.0
2018-02-19 19:00:00+00:00,0.0
2018-02-19 20:00:00+00:00,0.0
2018-02-19 21:00:00+00:00,0.0
2018-02-19 22:00:00+00:00,0.0
2018-02-19 23:00:00+00:00,0.0
2018-02-20 00:00:00+00:00,0.0
2018-02-20 01:00:00+00:00,0.0
2018-02-20 02:00:00+00:00,0.0
2018-02-20 03:00:00+00:00,0.0
2018-02-20 04:00:00+00:00,2.533853496897785
2018-02-20 05:00:00+00:00,20.520463444752252
2018-02-20 06:00:00+00:00,57.539064647188496
2018-02-20 07:00:00+00:00,119.882258914456
2018-02-20 08:00:00+00:00,139.23045828416193
2018-02-20 09:00:00+00:00,158.7675908073849
2018-02-20 10:00:00+00:00,176.62836765398868
2018-02-20 11:00:00+00:00,100.69483473080084
2018-02-20 12:00:00+00:00,138.02016499433734
2018-02-20 13:00:00+00:00,91.16462931330581
2018-02-20 14:00:00+00:00,11.91318341836533
2018-02-20 15:00:00+00:00,0.0
2018-02-20 16:00:00+00:00,0.0
2018-02-20 17:00:00+00:00,0.0
2018-02-20 18:00:00+00:00,0.0
2018-02-20 19:00:00+00:00,0.0
2018-02-20 20:00:00+00:00,0.0
2018-02-20 21:00:00+00:00,0.0
2018-02-20 22:00:00+00:00,0.0
2018-02-20 23:00:00+00:00,0.0
2018-02-21 00:00:00+00:00,0.0
2018-02-21 01:00:00+00:00,0.0
2018-02-21 02:00:00+00:00,0.0
2018-02-21 03:00:00+00:00,0.0
2018-02-21 04:00:00+00:00,6.026825125788212
2018-02-21 05:00:00+00:00,35.33934474818764
2018-02-21 06:00:00+00:00,88.34743711981156
2018-02-21 07:00:00+00:00,147.3602537702855
2018-02-21 08:00:00+00:00,138.98150858200881
2018-02-21 09:00:00+00:00,179.43580002204322
2018-02-21 10:00:00+00:00,247.38914787580424
2018-02-21 11:00:00+00:00,163.9461966102904
2018-02-21 12:00:00+00:00,123.11240322014564
2018-02-21 13:00:00+00:00,70.71315824224766
2018-02-21 14:00:00+00:00,19.257969896089854
2018-02-21 15:00:00+00:00,0.0
2018-02-21 16:00:00+00:00,0.0
2018-02-21 17:00:00+00:00,0.0
2018-02-21 18:00:00+00:00,0.0
2018-02-21 19:00:00+00:00,0.0
2018-02-21 20:00:00+00:00,0.0
2018-02-21 21:00:00+00:00,0.0
2018-02-21 22:00:00+00:00,0.0
2018-02-21 23:00:00+00:00,0.0
2018-02-22 00:00:00+00:00,0.0
2018-02-22 01:00:00+00:00,0.0
2018-02-22 02:00:00+00:00,0.0
2018-02-22 03:00:00+00:00,0.0
2018-02-22 04:00:00+00:00,4.54888149171877
2018-02-22 05:00:00+00:00,12.013899300064342
2018-02-22 06:00:00+00:00,97.17276826451884
2018-02-22 07:00:00+00:00,172.30021429955337
2018-02-22 08:00:00+00:00,209.27786217858056
2018-02-22 09:00:00+00:00,196.34960311532063
2018-02-22 10:00:00+00:00,207.02497810535277
2018-02-22 11:00:00+00:00,215.2181151842425
2018-02-22 12:00:00+00:00,172.2206476748019
2018-02-22 13:00:00+00:00,114.60351432382177
2018-02-22 14:00:00+00:00,52.59169814992441
2018-02-22 15:00:00+00:00,0.0
2018-02-22 16:00:00+00:00,0.0
2018-02-22 17:00:00+00:00,0.0
2018-02-22 18:00:00+00:00,0.0
2018-02-22 19:00:00+00:00,0.0
2018-02-22 20:00:00+00:00,0.0
2018-02-22 21:00:00+00:00,0.0
2018-02-22 22:00:00+00:00,0.0
2018-02-22 23:00:00+00:00,0.0
2018-02-23 00:00:00+00:00,0.0
2018-02-23 01:00:00+00:00,0.0
2018-02-23 02:00:00+00:00,0.0
2018-02-23 03:00:00+00:00,0.0
2018-02-23 04:00:00+00:00,1.5021344352331778
2018-02-23 05:00:00+00:00,8.964598219972629
2018-02-23 06:00:00+00:00,8.598560546434477
2018-02-23 07:00:00+00:00,12.364483966905464
2018-02-23 08:00:00+00:00,21.111410292893147
2018-02-23 09:00:00+00:00,47.918016034436
2018-02-23 10:00:00+00:00,80.99533494928966
2018-02-23 11:00:00+00:00,110.0322732706255
2018-02-23 12:00:00+00:00,130.8922565287429
2018-02-23 13:00:00+00:00,76.12581483361643
2018-02-23 14:00:00+00:00,2.099839023259927
2018-02-23 15:00:00+00:00,0.0
2018-02-23 16:00:00+00:00,0.0
2018-02-23 17:00:00+00:00,0.0
2018-02-23 18:00:00+00:00,0.0
2018-02-23 19:00:00+00:00,0.0
2018-02-23 20:00:00+00:00,0.0
2018-02-23 21:00:00+00:00,0.0
2018-02-23 22:00:00+00:00,0.0
2018-02-23 23:00:00+00:00,0.0
2018-02-24 00:00:00+00:00,0.0
2018-02-24 01:00:00+00:00,0.0
2018-02-24 02:00:00+00:00,0.0
2018-02-24 03:00:00+00:00,0.0
2018-02-24 04:00:00+00:00,8.30587926112813
2018-02-24 05:00:00+00:00,64.6498261261572
2018-02-24 06:00:00+00:00,130.80556576260278
2018-02-24 07:00:00+00:00,186.8634517268053
2018-02-24 08:00:00+00:00,226.91249487623742
2018-02-24 09:00:00+00:00,248.7577039165855
2018-02-24 10:00:00+00:00,216.29018600833768
2018-02-24 11:00:00+00:00,239.57549725190293
2018-02-24 12:00:00+00:00,208.6807333521905
2018-02-24 13:00:00+00:00,158.1223431513768
2018-02-24 14:00:00+00:00,88.0093223257221
2018-02-24 15:00:00+00:00,0.0
2018-02-24 16:00:00+00:00,0.0
2018-02-24 17:00:00+00:00,0.0
2018-02-24 18:00:00+00:00,0.0
2018-02-24 19:00:00+00:00,0.0
2018-02-24 20:00:00+00:00,0.0
2018-02-24 21:00:00+00:00,0.0
2018-02-24 22:00:00+00:00,0.0
2018-02-24 23:00:00+00:00,0.0
2018-02-25 00:00:00+00:00,0.0
2018-02-25 01:00:00+00:00,0.0
2018-02-25 02:00:00+00:00,0.0
2018-02-25 03:00:00+00:00,0.0
2018-02-25 04:00:00+00:00,6.1883554357405375
2018-02-25 05:00:00+00:00,63.034246851819205
2018-02-25 06:00:00+00:00,118.48070520265938
2018-02-25 07:00:00+00:00,181.16099705104142
2018-02-25 08:00:00+00:00,217.7599436688713
2018-02-25 09:00:00+00:00,234.42873447267158
2018-02-25 10:00:00+00:00,236.91676671267885
2018-02-25 11:00:00+00:00,220.0914284097284
2018-02-25 12:00:00+00:00,152.0455349629267
2018-02-25 13:00:00+00:00,78.86676501481506
2018-02-25 14:00:00+00:00,26.296934389048026
2018-02-25 15:00:00+00:00,0.0
2018-02-25 16:00:00+00:00,0.0
2018-02-25 17:00:00+00:00,0.0
2018-02-25 18:00:00+00:00,0.0
2018-02-25 19:00:00+00:00,0.0
2018-02-25 20:00:00+00:00,0.0
2018-02-25 21:00:00+00:00,0.0
2018-02-25 22:00:00+00:00,0.0
2018-02-25 23:00:00+00:00,0.0
2018-02-26 00:00:00+00:00,0.0
2018-02-26 01:00:00+00:00,0.0
2018-02-26 02:00:00+00:00,0.0
2018-02-26 03:00:00+00:00,0.0
2018-02-26 04:00:00+00:00,4.679022592496591
2018-02-26 05:00:00+00:00,48.833592171286774
2018-02-26 06:00:00+00:00,95.75987103990681
2018-02-26 07:00:00+00:00,144.30083597555307
2018-02-26 08:00:00+00:00,188.4582371092538
2018-02-26 09:00:00+00:00,208.79068633323698
2018-02-26 10:00:00+00:00,210.93686598086236
2018-02-26 11:00:00+00:00,225.2345092938458
2018-02-26 12:00:00+00:00,152.7623064109528
2018-02-26 13:00:00+00:00,106.5744031949748
2018-02-26 14:00:00+00:00,41.527731315513215
2018-02-26 15:00:00+00:00,0.13860873552561043
2018-02-26 16:00:00+00:00,0.0
2018-02-26 17:00:00+00:00,0.0
2018-02-26 18:00:00+00:00,0.0
2018-02-26 19:00:00+00:00,0.0
2018-02-26 20:00:00+00:00,0.0
2018-02-26 21:00:00+00:00,0.0
2018-02-26 22:00:00+00:00,0.0
2018-02-26 23:00:00+00:00,0.0
2018-02-27 00:00:00+00:00,0.0
2018-02-27 01:00:00+00:00,0.0
2018-02-27 02:00:00+00:00,0.0
2018-02-27 03:00:00+00:00,0.0
2018-02-27 04:00:00+00:00,3.1631474423972774
2018-02-27 05:00:00+00:00,8.636771467455006
2018-02-27 06:00:00+00:00,52.50131473369791
2018-02-27 07:00:00+00:00,104.38955439401013
2018-02-27 08:00:00+00:00,151.6072887877493
2018-02-27 09:00:00+00:00,133.4246246216976
2018-02-27 10:00:00+00:00,192.3743129862248
2018-02-27 11:00:00+00:00,218.81799534311628
2018-02-27 12:00:00+00:00,172.84396597611266
2018-02-27 13:00:00+00:00,123.76539941733374
2018-02-27 14:00:00+00:00,68.56335566098446
2018-02-27 15:00:00+00:00,0.13974667721672013
2018-02-27 16:00:00+00:00,0.0
2018-02-27 17:00:00+00:00,0.0
2018-02-27 18:00:00+00:00,0.0
2018-02-27 19:00:00+00:00,0.0
2018-02-27 20:00:00+00:00,0.0
2018-02-27 21:00:00+00:00,0.0
2018-02-27 22:00:00+00:00,0.0
2018-02-27 23:00:00+00:00,0.0
2018-02-28 00:00:00+00:00,0.0
2018-02-28 01:00:00+00:00,0.0
2018-02-28 02:00:00+00:00,0.0
2018-02-28 03:00:00+00:00,0.0
2018-02-28 04:00:00+00:00,6.335709505823298
2018-02-28 05:00:00+00:00,36.97449033368212
2018-02-28 06:00:00+00:00,116.02787125614664
2018-02-28 07:00:00+00:00,104.78770653907637
2018-02-28 08:00:00+00:00,196.9811637364146
2018-02-28 09:00:00+00:00,236.3441781959544
2018-02-28 10:00:00+00:00,237.9412975888207
2018-02-28 11:00:00+00:00,221.8124398614326
2018-02-28 12:00:00+00:00,187.22028364862928
2018-02-28 13:00:00+00:00,134.59892657849392
2018-02-28 14:00:00+00:00,65.10468720258862
2018-02-28 15:00:00+00:00,0.33670129898669016
2018-02-28 16:00:00+00:00,0.0
2018-02-28 17:00:00+00:00,0.0
2018-02-28 18:00:00+00:00,0.0
2018-02-28 19:00:00+00:00,0.0
2018-02-28 20:00:00+00:00,0.0
2018-02-28 21:00:00+00:00,0.0
2018-02-28 22:00:00+00:00,0.0
2018-02-28 23:00:00+00:00,0.0
2018-03-01 00:00:00+00:00,0.0
2018-03-01 01:00:00+00:00,0.0
2018-03-01 02:00:00+00:00,0.0
2018-03-01 03:00:00+00:00,0.0
2018-03-01 04:00:00+00:00,11.849479460686103
2018-03-01 05:00:00+00:00,70.99599922572537
2018-03-01 06:00:00+00:00,135.10196465179413
2018-03-01 07:00:00+00:00,188.13406209667093
2018-03-01 08:00:00+00:00,225.71785706294514
2018-03-01 09:00:00+00:00,245.11269038695212
2018-03-01 10:00:00+00:00,247.70193491878584
2018-03-01 11:00:00+00:00,232.79861214261948
2018-03-01 12:00:00+00:00,184.62925363719907
2018-03-01 13:00:00+00:00,142.82553989824248
2018-03-01 14:00:00+00:00,73.08434011376642
2018-03-01 15:00:00+00:00,0.20778863097076872
2018-03-01 16:00:00+00:00,0.0
2018-03-01 17:00:00+00:00,0.0
2018-03-01 18:00:00+00:00,0.0
2018-03-01 19:00:00+00:00,0.0
2018-03-01 20:00:00+00:00,0.0
2018-03-01 21:00:00+00:00,0.0
2018-03-01 22:00:00+00:00,0.0
2018-03-01 23:00:00+00:00,0.0
2018-03-02 00:00:00+00:00,0.0
2018-03-02 01:00:00+00:00,0.0
2018-03-02 02:00:00+00:00,0.0
2018-03-02 03:00:00+00:00,0.0
2018-03-02 04:00:00+00:00,11.382735220619562
2018-03-02 05:00:00+00:00,66.54687181175446
2018-03-02 06:00:00+00:00,129.29131930337007
2018-03-02 07:00:00+00:00,182.05094933161388
2018-03-02 08:00:00+00:00,219.62997513243647
2018-03-02 09:00:00+00:00,237.87725854313615
2018-03-02 10:00:00+00:00,240.9841151835538
2018-03-02 11:00:00+00:00,225.78806466402654
2018-03-02 12:00:00+00:00,193.11956655901056
2018-03-02 13:00:00+00:00,141.72890074379754
2018-03-02 14:00:00+00:00,57.96588291964823
2018-03-02 15:00:00+00:00,0.43463026154801154
2018-03-02 16:00:00+00:00,0.0
2018-03-02 17:00:00+00:00,0.0
2018-03-02 18:00:00+00:00,0.0
2018-03-02 19:00:00+00:00,0.0
2018-03-02 20:00:00+00:00,0.0
2018-03-02 21:00:00+00:00,0.0
2018-03-02 22:00:00+00:00,0.0
2018-03-02 23:00:00+00:00,0.0
2018-03-03 00:00:00+00:00,0.0
2018-03-03 01:00:00+00:00,0.0
2018-03-03 02:00:00+00:00,0.0
2018-03-03 03:00:00+00:00,0.0
2018-03-03 04:00:00+00:00,10.209569488977142
2018-03-03 05:00:00+00:00,57.4281242093631
2018-03-03 06:00:00+00:00,128.4579354105545
2018-03-03 07:00:00+00:00,184.68651000314983
2018-03-03 08:00:00+00:00,218.6309785062956
2018-03-03 09:00:00+00:00,243.42536217693265
2018-03-03 10:00:00+00:00,245.87834147175113
2018-03-03 11:00:00+00:00,230.64286596546046
2018-03-03 12:00:00+00:00,199.39472127536405
2018-03-03 13:00:00+00:00,140.07509330982492
2018-03-03 14:00:00+00:00,70.8598827601975
2018-03-03 15:00:00+00:00,0.9809711711058978
2018-03-03 16:00:00+00:00,0.0
2018-03-03 17:00:00+00:00,0.0
2018-03-03 18:00:00+00:00,0.0
2018-03-03 19:00:00+00:00,0.0
2018-03-03 20:00:00+00:00,0.0
2018-03-03 21:00:00+00:00,0.0
2018-03-03 22:00:00+00:00,0.0
2018-03-03 23:00:00+00:00,0.0
2018-03-04 00:00:00+00:00,0.0
2018-03-04 01:00:00+00:00,0.0
2018-03-04 02:00:00+00:00,0.0
2018-03-04 03:00:00+00:00,0.0
2018-03-04 04:00:00+00:00,12.151550894999087
2018-03-04 05:00:00+00:00,64.2593026187978
2018-03-04 06:00:00+00:00,122.3464784470979
2018-03-04 07:00:00+00:00,167.96804152837444
2018-03-04 08:00:00+00:00,191.3091554652509
2018-03-04 09:00:00+00:00,202.73370221209797
2018-03-04 10:00:00+00:00,229.66687062717764
2018-03-04 11:00:00+00:00,213.29457290417895
2018-03-04 12:00:00+00:00,186.2899933524453
2018-03-04 13:00:00+00:00,135.97973666334514
2018-03-04 14:00:00+00:00,68.65461257475862
2018-03-04 15:00:00+00:00,2.1032924102061656
2018-03-04 16:00:00+00:00,0.0
2018-03-04 17:00:00+00:00,0.0
2018-03-04 18:00:00+00:00,0.0
2018-03-04 19:00:00+00:00,0.0
2018-03-04 20:00:00+00:00,0.0
2018-03-04 21:00:00+00:00,0.0
2018-03-04 22:00:00+00:00,0.0
2018-03-04 23:00:00+00:00,0.0
2018-03-05 00:00:00+00:00,0.0
2018-03-05 01:00:00+00:00,0.0
2018-03-05 02:00:00+00:00,0.0
2018-03-05 03:00:00+00:00,0.0
2018-03-05 04:00:00+00:00,13.683769312472005
2018-03-05 05:00:00+00:00,68.28363498593589
2018-03-05 06:00:00+00:00,128.70297064734456
2018-03-05 07:00:00+00:00,179.09850522307767
2018-03-05 08:00:00+00:00,214.68246985672226
2018-03-05 09:00:00+00:00,226.3897103773312
2018-03-05 10:00:00+00:00,228.20860837008735
2018-03-05 11:00:00+00:00,213.46124664869586
2018-03-05 12:00:00+00:00,183.67158123545437
2018-03-05 13:00:00+00:00,132.1599520279734
2018-03-05 14:00:00+00:00,63.09351967247419
2018-03-05 15:00:00+00:00,1.5705853096394922
2018-03-05 16:00:00+00:00,0.0
2018-03-05 17:00:00+00:00,0.0
2018-03-05 18:00:00+00:00,0.0
2018-03-05 19:00:00+00:00,0.0
2018-03-05 20:00:00+00:00,0.0
2018-03-05 21:00:00+00:00,0.0
2018-03-05 22:00:00+00:00,0.0
2018-03-05 23:00:00+00:00,0.0
2018-03-06 00:00:00+00:00,0.0
2018-03-06 01:00:00+00:00,0.0
2018-03-06 02:00:00+00:00,0.0
2018-03-06 03:00:00+00:00,0.0
2018-03-06 04:00:00+00:00,11.527385925509616
2018-03-06 05:00:00+00:00,60.823783326648055
2018-03-06 06:00:00+00:00,116.48178132566602
2018-03-06 07:00:00+00:00,165.51563308278418
2018-03-06 08:00:00+00:00,200.62831976079218
2018-03-06 09:00:00+00:00,216.58379743125403
2018-03-06 10:00:00+00:00,214.5210053058121
2018-03-06 11:00:00+00:00,198.1158244971839
2018-03-06 12:00:00+00:00,168.80676223126437
2018-03-06 13:00:00+00:00,118.13834690067104
2018-03-06 14:00:00+00:00,52.54998310214988
2018-03-06 15:00:00+00:00,0.8068718800318591
2018-03-06 16:00:00+00:00,0.0
2018-03-06 17:00:00+00:00,0.0
2018-03-06 18:00:00+00:00,0.0
2018-03-06 19:00:00+00:00,0.0
2018-03-06 20:00:00+00:00,0.0
2018-03-06 21:00:00+00:00,0.0
2018-03-06 22:00:00+00:00,0.0
2018-03-06 23:00:00+00:00,0.0
2018-03-07 00:00:00+00:00,0.0
2018-03-07 01:00:00+00:00,0.0
2018-03-07 02:00:00+00:00,0.0
2018-03-07 03:00:00+00:00,0.0
2018-03-07 04:00:00+00:00,15.133089138588943
2018-03-07 05:00:00+00:00,71.89749831436855
2018-03-07 06:00:00+00:00,134.66921085380181
2018-03-07 07:00:00+00:00,186.79429192899534
2018-03-07 08:00:00+00:00,223.64932647463309
2018-03-07 09:00:00+00:00,242.3693625838118
2018-03-07 10:00:00+00:00,246.07237821492572
2018-03-07 11:00:00+00:00,231.17775050129254
2018-03-07 12:00:00+00:00,197.02590277791927
2018-03-07 13:00:00+00:00,146.85318069120007
2018-03-07 14:00:00+00:00,79.85141206345459
2018-03-07 15:00:00+00:00,5.217245575818486
2018-03-07 16:00:00+00:00,0.0
2018-03-07 17:00:00+00:00,0.0
2018-03-07 18:00:00+00:00,0.0
2018-03-07 19:00:00+00:00,0.0
2018-03-07 20:00:00+00:00,0.0
2018-03-07 21:00:00+00:00,0.0
2018-03-07 22:00:00+00:00,0.0
2018-03-07 23:00:00+00:00,0.0
2018-03-08 00:00:00+00:00,0.0
2018-03-08 01:00:00+00:00,0.0
2018-03-08 02:00:00+00:00,0.0
2018-03-08 03:00:00+00:00,0.0
2018-03-08 04:00:00+00:00,15.94180625665938
2018-03-08 05:00:00+00:00,70.80018851761814
2018-03-08 06:00:00+00:00,129.316858340706
2018-03-08 07:00:00+00:00,177.87729476202907
2018-03-08 08:00:00+00:00,211.64275625975432
2018-03-08 09:00:00+00:00,219.96498507585534
2018-03-08 10:00:00+00:00,176.21508369505295
2018-03-08 11:00:00+00:00,196.35875283472922
2018-03-08 12:00:00+00:00,149.4233472077286
2018-03-08 13:00:00+00:00,91.96730108617159
2018-03-08 14:00:00+00:00,29.16161931738997
2018-03-08 15:00:00+00:00,0.27843258834301643
2018-03-08 16:00:00+00:00,0.0
2018-03-08 17:00:00+00:00,0.0
2018-03-08 18:00:00+00:00,0.0
2018-03-08 19:00:00+00:00,0.0
2018-03-08 20:00:00+00:00,0.0
2018-03-08 21:00:00+00:00,0.0
2018-03-08 22:00:00+00:00,0.0
2018-03-08 23:00:00+00:00,0.0
2018-03-09 00:00:00+00:00,0.0
2018-03-09 01:00:00+00:00,0.0
2018-03-09 02:00:00+00:00,0.0
2018-03-09 03:00:00+00:00,0.0
2018-03-09 04:00:00+00:00,16.497920607362975
2018-03-09 05:00:00+00:00,74.64990287014507
2018-03-09 06:00:00+00:00,138.68918278264056
2018-03-09 07:00:00+00:00,191.24853274119897
2018-03-09 08:00:00+00:00,227.9316451751597
2018-03-09 09:00:00+00:00,248.235977437227
2018-03-09 10:00:00+00:00,228.8262095997091
2018-03-09 11:00:00+00:00,213.519375608529
2018-03-09 12:00:00+00:00,137.5770522067779
2018-03-09 13:00:00+00:00,97.20139917792861
2018-03-09 14:00:00+00:00,27.361593162424178
2018-03-09 15:00:00+00:00,3.032149030822738
2018-03-09 16:00:00+00:00,0.0
2018-03-09 17:00:00+00:00,0.0
2018-03-09 18:00:00+00:00,0.0
2018-03-09 19:00:00+00:00,0.0
2018-03-09 20:00:00+00:00,0.0
2018-03-09 21:00:00+00:00,0.0
2018-03-09 22:00:00+00:00,0.0
2018-03-09 23:00:00+00:00,0.0
2018-03-10 00:00:00+00:00,0.0
2018-03-10 01:00:00+00:00,0.0
2018-03-10 02:00:00+00:00,0.0
2018-03-10 03:00:00+00:00,0.0
2018-03-10 04:00:00+00:00,17.7413731688154
2018-03-10 05:00:00+00:00,81.14591690145465
2018-03-10 06:00:00+00:00,122.27654752084382
2018-03-10 07:00:00+00:00,197.67482230622818
2018-03-10 08:00:00+00:00,233.4966232883835
2018-03-10 09:00:00+00:00,250.39445993804884
2018-03-10 10:00:00+00:00,250.6100381203126
2018-03-10 11:00:00+00:00,239.69382963199547
2018-03-10 12:00:00+00:00,205.79379620898914
2018-03-10 13:00:00+00:00,154.61304424741093
2018-03-10 14:00:00+00:00,85.6312205983394
2018-03-10 15:00:00+00:00,7.773448589603892
2018-03-10 16:00:00+00:00,0.0
2018-03-10 17:00:00+00:00,0.0
2018-03-10 18:00:00+00:00,0.0
2018-03-10 19:00:00+00:00,0.0
2018-03-10 20:00:00+00:00,0.0
2018-03-10 21:00:00+00:00,0.0
2018-03-10 22:00:00+00:00,0.0
2018-03-10 23:00:00+00:00,0.0
2018-03-11 00:00:00+00:00,0.0
2018-03-11 01:00:00+00:00,0.0
2018-03-11 02:00:00+00:00,0.0
2018-03-11 03:00:00+00:00,0.0
2018-03-11 04:00:00+00:00,18.091636854123685
2018-03-11 05:00:00+00:00,81.70619802613804
2018-03-11 06:00:00+00:00,146.92221253945291
2018-03-11 07:00:00+00:00,199.61080043068424
2018-03-11 08:00:00+00:00,236.2261051900383
2018-03-11 09:00:00+00:00,251.06303371142354
2018-03-11 10:00:00+00:00,251.51567041817236
2018-03-11 11:00:00+00:00,243.4560569256407
2018-03-11 12:00:00+00:00,211.71727656774345
2018-03-11 13:00:00+00:00,161.63732110075443
2018-03-11 14:00:00+00:00,94.92237076799383
2018-03-11 15:00:00+00:00,14.929459893892101
2018-03-11 16:00:00+00:00,0.0
2018-03-11 17:00:00+00:00,0.0
2018-03-11 18:00:00+00:00,0.0
2018-03-11 19:00:00+00:00,0.0
2018-03-11 20:00:00+00:00,0.0
2018-03-11 21:00:00+00:00,0.0
2018-03-11 22:00:00+00:00,0.0
2018-03-11 23:00:00+00:00,0.0
2018-03-12 00:00:00+00:00,0.0
2018-03-12 01:00:00+00:00,0.0
2018-03-12 02:00:00+00:00,0.0
2018-03-12 03:00:00+00:00,0.0
2018-03-12 04:00:00+00:00,18.67808675959887
2018-03-12 05:00:00+00:00,83.26142183834925
2018-03-12 06:00:00+00:00,147.3547731052595
2018-03-12 07:00:00+00:00,199.63457133264285
2018-03-12 08:00:00+00:00,236.25675963392445
2018-03-12 09:00:00+00:00,251.18682406840628
2018-03-12 10:00:00+00:00,251.56983410212825
2018-03-12 11:00:00+00:00,244.5138743577987
2018-03-12 12:00:00+00:00,212.91464326814832
2018-03-12 13:00:00+00:00,163.91610350008258
2018-03-12 14:00:00+00:00,98.26038081862069
2018-03-12 15:00:00+00:00,17.99636501011701
2018-03-12 16:00:00+00:00,0.0
2018-03-12 17:00:00+00:00,0.0
2018-03-12 18:00:00+00:00,0.0
2018-03-12 19:00:00+00:00,0.0
2018-03-12 20:00:00+00:00,0.0
2018-03-12 21:00:00+00:00,0.0
2018-03-12 22:00:00+00:00,0.0
2018-03-12 23:00:00+00:00,0.0
2018-03-13 00:00:00+00:00,0.0
2018-03-13 01:00:00+00:00,0.0
2018-03-13 02:00:00+00:00,0.0
2018-03-13 03:00:00+00:00,0.0
2018-03-13 04:00:00+00:00,19.420257850408092
2018-03-13 05:00:00+00:00,83.36727277175981
2018-03-13 06:00:00+00:00,147.45699477349513
2018-03-13 07:00:00+00:00,198.10971495717183
2018-03-13 08:00:00+00:00,234.19695060529617
2018-03-13 09:00:00+00:00,250.65346178915138
2018-03-13 10:00:00+00:00,251.11824884894762
2018-03-13 11:00:00+00:00,176.29557769086637
2018-03-13 12:00:00+00:00,171.26287563230596
2018-03-13 13:00:00+00:00,158.62771945542056
2018-03-13 14:00:00+00:00,92.931397909802
2018-03-13 15:00:00+00:00,14.194767970412272
2018-03-13 16:00:00+00:00,0.0
2018-03-13 17:00:00+00:00,0.0
2018-03-13 18:00:00+00:00,0.0
2018-03-13 19:00:00+00:00,0.0
2018-03-13 20:00:00+00:00,0.0
2018-03-13 21:00:00+00:00,0.0
2018-03-13 22:00:00+00:00,0.0
2018-03-13 23:00:00+00:00,0.0
2018-03-14 00:00:00+00:00,0.0
2018-03-14 01:00:00+00:00,0.0
2018-03-14 02:00:00+00:00,0.0
2018-03-14 03:00:00+00:00,0.0
2018-03-14 04:00:00+00:00,19.163278408726605
2018-03-14 05:00:00+00:00,76.72602828941055
2018-03-14 06:00:00+00:00,136.66116223807109
2018-03-14 07:00:00+00:00,185.79271119249424
2018-03-14 08:00:00+00:00,220.27545161111885
2018-03-14 09:00:00+00:00,238.63172911960444
2018-03-14 10:00:00+00:00,241.4625660108894
2018-03-14 11:00:00+00:00,227.62614632417382
2018-03-14 12:00:00+00:00,196.8451657979282
2018-03-14 13:00:00+00:00,147.27968472489803
2018-03-14 14:00:00+00:00,80.67730212162883
2018-03-14 15:00:00+00:00,7.55820022834957
2018-03-14 16:00:00+00:00,0.0
2018-03-14 17:00:00+00:00,0.0
2018-03-14 18:00:00+00:00,0.0
2018-03-14 19:00:00+00:00,0.0
2018-03-14 20:00:00+00:00,0.0
2018-03-14 21:00:00+00:00,0.0
2018-03-14 22:00:00+00:00,0.0
2018-03-14 23:00:00+00:00,0.0
2018-03-15 00:00:00+00:00,0.0
2018-03-15 01:00:00+00:00,0.0
2018-03-15 02:00:00+00:00,0.0
2018-03-15 03:00:00+00:00,0.0
2018-03-15 04:00:00+00:00,3.460621343466999
2018-03-15 05:00:00+00:00,66.56605692290185
2018-03-15 06:00:00+00:00,127.21691863021684
2018-03-15 07:00:00+00:00,166.05362150690004
2018-03-15 08:00:00+00:00,185.8549092815247
2018-03-15 09:00:00+00:00,221.55632921879783
2018-03-15 10:00:00+00:00,214.889654804842
2018-03-15 11:00:00+00:00,143.31099734601165
2018-03-15 12:00:00+00:00,118.8403170514885
2018-03-15 13:00:00+00:00,29.646471440193316
2018-03-15 14:00:00+00:00,10.300465012357815
2018-03-15 15:00:00+00:00,1.6252357775658715
2018-03-15 16:00:00+00:00,0.0
2018-03-15 17:00:00+00:00,0.0
2018-03-15 18:00:00+00:00,0.0
2018-03-15 19:00:00+00:00,0.0
2018-03-15 20:00:00+00:00,0.0
2018-03-15 21:00:00+00:00,0.0
2018-03-15 22:00:00+00:00,0.0
2018-03-15 23:00:00+00:00,0.0
2018-03-16 00:00:00+00:00,0.0
2018-03-16 01:00:00+00:00,0.0
2018-03-16 02:00:00+00:00,0.0
2018-03-16 03:00:00+00:00,0.0
2018-03-16 04:00:00+00:00,20.271010159247627
2018-03-16 05:00:00+00:00,82.14408537766721
2018-03-16 06:00:00+00:00,145.69691648091552
2018-03-16 07:00:00+00:00,198.3652555320814
2018-03-16 08:00:00+00:00,235.26670703737392
2018-03-16 09:00:00+00:00,250.3835890157346
2018-03-16 10:00:00+00:00,250.70450477002007
2018-03-16 11:00:00+00:00,243.94219093097007
2018-03-16 12:00:00+00:00,211.20023975179163
2018-03-16 13:00:00+00:00,160.91694064738914
2018-03-16 14:00:00+00:00,93.97775251913453
2018-03-16 15:00:00+00:00,15.715269683775226
2018-03-16 16:00:00+00:00,0.0
2018-03-16 17:00:00+00:00,0.0
2018-03-16 18:00:00+00:00,0.0
2018-03-16 19:00:00+00:00,0.0
2018-03-16 20:00:00+00:00,0.0
2018-03-16 21:00:00+00:00,0.0
2018-03-16 22:00:00+00:00,0.0
2018-03-16 23:00:00+00:00,0.0
2018-03-17 00:00:00+00:00,0.0
2018-03-17 01:00:00+00:00,0.0
2018-03-17 02:00:00+00:00,0.0
2018-03-17 03:00:00+00:00,0.0
2018-03-17 04:00:00+00:00,21.169227667541286
2018-03-17 05:00:00+00:00,87.45522250102746
2018-03-17 06:00:00+00:00,152.21024314552133
2018-03-17 07:00:00+00:00,203.759148185898
2018-03-17 08:00:00+00:00,238.9107099005555
2018-03-17 09:00:00+00:00,250.84570659874493
2018-03-17 10:00:00+00:00,251.18572918803494
2018-03-17 11:00:00+00:00,242.42274744379696
2018-03-17 12:00:00+00:00,209.7100119430469
2018-03-17 13:00:00+00:00,160.32522134858124
2018-03-17 14:00:00+00:00,95.13211564653642
2018-03-17 15:00:00+00:00,14.113589696932822
2018-03-17 16:00:00+00:00,0.0
2018-03-17 17:00:00+00:00,0.0
2018-03-17 18:00:00+00:00,0.0
2018-03-17 19:00:00+00:00,0.0
2018-03-17 20:00:00+00:00,0.0
2018-03-17 21:00:00+00:00,0.0
2018-03-17 22:00:00+00:00,0.0
2018-03-17 23:00:00+00:00,0.0
2018-03-18 00:00:00+00:00,0.0
2018-03-18 01:00:00+00:00,0.0
2018-03-18 02:00:00+00:00,0.0
2018-03-18 03:00:00+00:00,0.0
2018-03-18 04:00:00+00:00,21.297580328457855
2018-03-18 05:00:00+00:00,86.26571818073697
2018-03-18 06:00:00+00:00,149.29415557497805
2018-03-18 07:00:00+00:00,199.68947609963712
2018-03-18 08:00:00+00:00,234.7068650186007
2018-03-18 09:00:00+00:00,250.34418198469135
2018-03-18 10:00:00+00:00,250.6611499533593
2018-03-18 11:00:00+00:00,239.2550239302881
2018-03-18 12:00:00+00:00,175.09632019560053
2018-03-18 13:00:00+00:00,95.37132095747727
2018-03-18 14:00:00+00:00,54.08378735653224
2018-03-18 15:00:00+00:00,5.925499220272606
2018-03-18 16:00:00+00:00,0.0
2018-03-18 17:00:00+00:00,0.0
2018-03-18 18:00:00+00:00,0.0
2018-03-18 19:00:00+00:00,0.0
2018-03-18 20:00:00+00:00,0.0
2018-03-18 21:00:00+00:00,0.0
2018-03-18 22:00:00+00:00,0.0
2018-03-18 23:00:00+00:00,0.0
2018-03-19 00:00:00+00:00,0.0
2018-03-19 01:00:00+00:00,0.0
2018-03-19 02:00:00+00:00,0.0
2018-03-19 03:00:00+00:00,0.0
2018-03-19 04:00:00+00:00,22.258055149833346
2018-03-19 05:00:00+00:00,85.13401921915707
2018-03-19 06:00:00+00:00,146.16797012973217
2018-03-19 07:00:00+00:00,194.93463340980236
2018-03-19 08:00:00+00:00,228.61452312721352
2018-03-19 09:00:00+00:00,247.747785937946
2018-03-19 10:00:00+00:00,249.241653926149
2018-03-19 11:00:00+00:00,234.0342859757054
2018-03-19 12:00:00+00:00,199.1016175578864
2018-03-19 13:00:00+00:00,149.47903631669493
2018-03-19 14:00:00+00:00,83.50453544187431
2018-03-19 15:00:00+00:00,10.329256061285115
2018-03-19 16:00:00+00:00,0.0
2018-03-19 17:00:00+00:00,0.0
2018-03-19 18:00:00+00:00,0.0
2018-03-19 19:00:00+00:00,0.0
2018-03-19 20:00:00+00:00,0.0
2018-03-19 21:00:00+00:00,0.0
2018-03-19 22:00:00+00:00,0.0
2018-03-19 23:00:00+00:00,0.0
2018-03-20 00:00:00+00:00,0.0
2018-03-20 01:00:00+00:00,0.0
2018-03-20 02:00:00+00:00,0.0
2018-03-20 03:00:00+00:00,0.0
2018-03-20 04:00:00+00:00,23.531461941567148
2018-03-20 05:00:00+00:00,77.95192703022764
2018-03-20 06:00:00+00:00,134.70879866639928
2018-03-20 07:00:00+00:00,181.66133676019052
2018-03-20 08:00:00+00:00,214.6217553869622
2018-03-20 09:00:00+00:00,237.727211873092
2018-03-20 10:00:00+00:00,238.39958410983206
2018-03-20 11:00:00+00:00,221.47898912576125
2018-03-20 12:00:00+00:00,191.08500366032575
2018-03-20 13:00:00+00:00,139.6957658763595
2018-03-20 14:00:00+00:00,72.63230659079792
2018-03-20 15:00:00+00:00,6.556730451784986
2018-03-20 16:00:00+00:00,0.0
2018-03-20 17:00:00+00:00,0.0
2018-03-20 18:00:00+00:00,0.0
2018-03-20 19:00:00+00:00,0.0
2018-03-20 20:00:00+00:00,0.0
2018-03-20 21:00:00+00:00,0.0
2018-03-20 22:00:00+00:00,0.0
2018-03-20 23:00:00+00:00,0.0
2018-03-21 00:00:00+00:00,0.0
2018-03-21 01:00:00+00:00,0.0
2018-03-21 02:00:00+00:00,0.0
2018-03-21 03:00:00+00:00,0.0
2018-03-21 04:00:00+00:00,24.506940988998196
2018-03-21 05:00:00+00:00,85.6861923666088
2018-03-21 06:00:00+00:00,147.3861521077176
2018-03-21 07:00:00+00:00,197.1689283082007
2018-03-21 08:00:00+00:00,231.59075975874455
2018-03-21 09:00:00+00:00,245.86749677163095
2018-03-21 10:00:00+00:00,246.95051733443998
2018-03-21 11:00:00+00:00,230.82800675636832
2018-03-21 12:00:00+00:00,197.22163347468893
2018-03-21 13:00:00+00:00,146.9591567928764
2018-03-21 14:00:00+00:00,81.39430606929196
2018-03-21 15:00:00+00:00,10.316507918873402
2018-03-21 16:00:00+00:00,0.0
2018-03-21 17:00:00+00:00,0.0
2018-03-21 18:00:00+00:00,0.0
2018-03-21 19:00:00+00:00,0.0
2018-03-21 20:00:00+00:00,0.0
2018-03-21 21:00:00+00:00,0.0
2018-03-21 22:00:00+00:00,0.0
2018-03-21 23:00:00+00:00,0.0
2018-03-22 00:00:00+00:00,0.0
2018-03-22 01:00:00+00:00,0.0
2018-03-22 02:00:00+00:00,0.0
2018-03-22 03:00:00+00:00,0.0
2018-03-22 04:00:00+00:00,24.850675568919463
2018-03-22 05:00:00+00:00,82.91234143388073
2018-03-22 06:00:00+00:00,144.1229738162533
2018-03-22 07:00:00+00:00,177.59914187597593
2018-03-22 08:00:00+00:00,217.47029396286302
2018-03-22 09:00:00+00:00,243.45526642966144
2018-03-22 10:00:00+00:00,237.98711228504055
2018-03-22 11:00:00+00:00,223.3965019890315
2018-03-22 12:00:00+00:00,162.18981134632466
2018-03-22 13:00:00+00:00,149.1742273772013
2018-03-22 14:00:00+00:00,77.6088935660896
2018-03-22 15:00:00+00:00,9.275220355515435
2018-03-22 16:00:00+00:00,0.0
2018-03-22 17:00:00+00:00,0.0
2018-03-22 18:00:00+00:00,0.0
2018-03-22 19:00:00+00:00,0.0
2018-03-22 20:00:00+00:00,0.0
2018-03-22 21:00:00+00:00,0.0
2018-03-22 22:00:00+00:00,0.0
2018-03-22 23:00:00+00:00,0.0
2018-03-23 00:00:00+00:00,0.0
2018-03-23 01:00:00+00:00,0.0
2018-03-23 02:00:00+00:00,0.0
2018-03-23 03:00:00+00:00,0.0
2018-03-23 04:00:00+00:00,1.1986320965103734
2018-03-23 05:00:00+00:00,56.547822587410764
2018-03-23 06:00:00+00:00,127.75094996708515
2018-03-23 07:00:00+00:00,186.354571158562
2018-03-23 08:00:00+00:00,197.4115460790747
2018-03-23 09:00:00+00:00,209.12179922439194
2018-03-23 10:00:00+00:00,190.52442444598404
2018-03-23 11:00:00+00:00,168.9406136496642
2018-03-23 12:00:00+00:00,122.30617406664156
2018-03-23 13:00:00+00:00,126.26951692187865
2018-03-23 14:00:00+00:00,28.24526443557581
2018-03-23 15:00:00+00:00,6.168679978887125
2018-03-23 16:00:00+00:00,0.0
2018-03-23 17:00:00+00:00,0.0
2018-03-23 18:00:00+00:00,0.0
2018-03-23 19:00:00+00:00,0.0
2018-03-23 20:00:00+00:00,0.0
2018-03-23 21:00:00+00:00,0.0
2018-03-23 22:00:00+00:00,0.0
2018-03-23 23:00:00+00:00,0.0
2018-03-24 00:00:00+00:00,0.0
2018-03-24 01:00:00+00:00,0.0
2018-03-24 02:00:00+00:00,0.0
2018-03-24 03:00:00+00:00,0.0
2018-03-24 04:00:00+00:00,4.1873369201150386
2018-03-24 05:00:00+00:00,51.81224127546456
2018-03-24 06:00:00+00:00,104.33674694816867
2018-03-24 07:00:00+00:00,152.31359127880512
2018-03-24 08:00:00+00:00,175.84515819337128
2018-03-24 09:00:00+00:00,174.3207699647707
2018-03-24 10:00:00+00:00,177.4927361415732
2018-03-24 11:00:00+00:00,121.79952012703453
2018-03-24 12:00:00+00:00,122.58799388998877
2018-03-24 13:00:00+00:00,50.89221111374912
2018-03-24 14:00:00+00:00,48.12351747284915
2018-03-24 15:00:00+00:00,2.8769623764162358
2018-03-24 16:00:00+00:00,0.0
2018-03-24 17:00:00+00:00,0.0
2018-03-24 18:00:00+00:00,0.0
2018-03-24 19:00:00+00:00,0.0
2018-03-24 20:00:00+00:00,0.0
2018-03-24 21:00:00+00:00,0.0
2018-03-24 22:00:00+00:00,0.0
2018-03-24 23:00:00+00:00,0.0
2018-03-25 00:00:00+00:00,0.0
2018-03-25 01:00:00+00:00,0.0
2018-03-25 02:00:00+00:00,0.0
2018-03-25 03:00:00+00:00,0.0
2018-03-25 04:00:00+00:00,16.108361694643204
2018-03-25 05:00:00+00:00,70.62189735353667
2018-03-25 06:00:00+00:00,131.29015300395048
2018-03-25 07:00:00+00:00,175.22207374693946
2018-03-25 08:00:00+00:00,198.52114408704927
2018-03-25 09:00:00+00:00,217.97151620637334
2018-03-25 10:00:00+00:00,224.48465497375486
2018-03-25 11:00:00+00:00,208.91254807261367
2018-03-25 12:00:00+00:00,170.0921551955953
2018-03-25 13:00:00+00:00,128.8348216024137
2018-03-25 14:00:00+00:00,67.80830343503146
2018-03-25 15:00:00+00:00,7.742517252856088
2018-03-25 16:00:00+00:00,0.0
2018-03-25 17:00:00+00:00,0.0
2018-03-25 18:00:00+00:00,0.0
2018-03-25 19:00:00+00:00,0.0
2018-03-25 20:00:00+00:00,0.0
2018-03-25 21:00:00+00:00,0.0
2018-03-25 22:00:00+00:00,0.0
2018-03-25 23:00:00+00:00,0.0
2018-03-26 00:00:00+00:00,0.0
2018-03-26 01:00:00+00:00,0.0
2018-03-26 02:00:00+00:00,0.0
2018-03-26 03:00:00+00:00,0.0
2018-03-26 04:00:00+00:00,27.785533070251564
2018-03-26 05:00:00+00:00,83.69168632826964
2018-03-26 06:00:00+00:00,126.11806193140747
2018-03-26 07:00:00+00:00,172.99839753667322
2018-03-26 08:00:00+00:00,219.49719899243053
2018-03-26 09:00:00+00:00,208.19824865399542
2018-03-26 10:00:00+00:00,231.06333666103473
2018-03-26 11:00:00+00:00,214.6111210467946
2018-03-26 12:00:00+00:00,168.35008225043777
2018-03-26 13:00:00+00:00,106.8821699840185
2018-03-26 14:00:00+00:00,61.528287639383656
2018-03-26 15:00:00+00:00,7.544209568601995
2018-03-26 16:00:00+00:00,0.0
2018-03-26 17:00:00+00:00,0.0
2018-03-26 18:00:00+00:00,0.0
2018-03-26 19:00:00+00:00,0.0
2018-03-26 20:00:00+00:00,0.0
2018-03-26 21:00:00+00:00,0.0
2018-03-26 22:00:00+00:00,0.0
2018-03-26 23:00:00+00:00,0.0
2018-03-27 00:00:00+00:00,0.0
2018-03-27 01:00:00+00:00,0.0
2018-03-27 02:00:00+00:00,0.0
2018-03-27 03:00:00+00:00,0.0
2018-03-27 04:00:00+00:00,2.6648132718928084
2018-03-27 05:00:00+00:00,64.12619719304622
2018-03-27 06:00:00+00:00,109.01797350904258
2018-03-27 07:00:00+00:00,128.81487097898687
2018-03-27 08:00:00+00:00,119.86842096416083
2018-03-27 09:00:00+00:00,135.99838442206283
2018-03-27 10:00:00+00:00,156.7206328151528
2018-03-27 11:00:00+00:00,123.65666774818773
2018-03-27 12:00:00+00:00,59.10893553192295
2018-03-27 13:00:00+00:00,41.142045226367756
2018-03-27 14:00:00+00:00,12.661859456184583
2018-03-27 15:00:00+00:00,1.1467011942932896
2018-03-27 16:00:00+00:00,0.0
2018-03-27 17:00:00+00:00,0.0
2018-03-27 18:00:00+00:00,0.0
2018-03-27 19:00:00+00:00,0.0
2018-03-27 20:00:00+00:00,0.0
2018-03-27 21:00:00+00:00,0.0
2018-03-27 22:00:00+00:00,0.0
2018-03-27 23:00:00+00:00,0.0
2018-03-28 00:00:00+00:00,0.0
2018-03-28 01:00:00+00:00,0.0
2018-03-28 02:00:00+00:00,0.0
2018-03-28 03:00:00+00:00,0.0
2018-03-28 04:00:00+00:00,13.37472411379538
2018-03-28 05:00:00+00:00,69.85918254936314
2018-03-28 06:00:00+00:00,123.22209670355898
2018-03-28 07:00:00+00:00,155.5411958027693
2018-03-28 08:00:00+00:00,166.16164057265627
2018-03-28 09:00:00+00:00,188.85917827493748
2018-03-28 10:00:00+00:00,178.17789096819592
2018-03-28 11:00:00+00:00,147.81529195545724
2018-03-28 12:00:00+00:00,107.46266035675792
2018-03-28 13:00:00+00:00,91.45415090478947
2018-03-28 14:00:00+00:00,34.88780081331255
2018-03-28 15:00:00+00:00,8.172585768991421
2018-03-28 16:00:00+00:00,0.0
2018-03-28 17:00:00+00:00,0.0
2018-03-28 18:00:00+00:00,0.0
2018-03-28 19:00:00+00:00,0.0
2018-03-28 20:00:00+00:00,0.0
2018-03-28 21:00:00+00:00,0.0
2018-03-28 22:00:00+00:00,0.0
2018-03-28 23:00:00+00:00,0.0
2018-03-29 00:00:00+00:00,0.0
2018-03-29 01:00:00+00:00,0.0
2018-03-29 02:00:00+00:00,0.0
2018-03-29 03:00:00+00:00,0.0
2018-03-29 04:00:00+00:00,19.631456218345402
2018-03-29 05:00:00+00:00,59.297707437299735
2018-03-29 06:00:00+00:00,120.31851164474645
2018-03-29 07:00:00+00:00,150.09480907410827
2018-03-29 08:00:00+00:00,204.44780514147806
2018-03-29 09:00:00+00:00,223.72556289563985
2018-03-29 10:00:00+00:00,226.18475603486252
2018-03-29 11:00:00+00:00,211.27995957243292
2018-03-29 12:00:00+00:00,178.94577051285984
2018-03-29 13:00:00+00:00,127.61772051998292
2018-03-29 14:00:00+00:00,62.501223412778764
2018-03-29 15:00:00+00:00,5.293207328364927
2018-03-29 16:00:00+00:00,0.0
2018-03-29 17:00:00+00:00,0.0
2018-03-29 18:00:00+00:00,0.0
2018-03-29 19:00:00+00:00,0.0
2018-03-29 20:00:00+00:00,0.0
2018-03-29 21:00:00+00:00,0.0
2018-03-29 22:00:00+00:00,0.0
2018-03-29 23:00:00+00:00,0.0
2018-03-30 00:00:00+00:00,0.0
2018-03-30 01:00:00+00:00,0.0
2018-03-30 02:00:00+00:00,0.0
2018-03-30 03:00:00+00:00,0.0
2018-03-30 04:00:00+00:00,29.89347737011171
2018-03-30 05:00:00+00:00,91.8340105595349
2018-03-30 06:00:00+00:00,154.2225565475162
2018-03-30 07:00:00+00:00,204.81673262150014
2018-03-30 08:00:00+00:00,239.5248962707268
2018-03-30 09:00:00+00:00,251.14428143810852
2018-03-30 10:00:00+00:00,251.28514431668845
2018-03-30 11:00:00+00:00,241.0298894067473
2018-03-30 12:00:00+00:00,206.30617567707844
2018-03-30 13:00:00+00:00,154.69001041646794
2018-03-30 14:00:00+00:00,88.09228685912176
2018-03-30 15:00:00+00:00,16.606874742927175
2018-03-30 16:00:00+00:00,0.0
2018-03-30 17:00:00+00:00,0.0
2018-03-30 18:00:00+00:00,0.0
2018-03-30 19:00:00+00:00,0.0
2018-03-30 20:00:00+00:00,0.0
2018-03-30 21:00:00+00:00,0.0
2018-03-30 22:00:00+00:00,0.0
2018-03-30 23:00:00+00:00,0.0
2018-03-31 00:00:00+00:00,0.0
2018-03-31 01:00:00+00:00,0.0
2018-03-31 02:00:00+00:00,0.0
2018-03-31 03:00:00+00:00,0.0
2018-03-31 04:00:00+00:00,30.103204932996395
2018-03-31 05:00:00+00:00,93.01654947538873
2018-03-31 06:00:00+00:00,155.2250157873238
2018-03-31 07:00:00+00:00,204.9267649743491
2018-03-31 08:00:00+00:00,238.69284630686474
2018-03-31 09:00:00+00:00,250.2572598245817
2018-03-31 10:00:00+00:00,250.32251678214175
2018-03-31 11:00:00+00:00,204.44275553145908
2018-03-31 12:00:00+00:00,199.45141314998668
2018-03-31 13:00:00+00:00,148.9918096482027
2018-03-31 14:00:00+00:00,84.72130410179466
2018-03-31 15:00:00+00:00,15.584026254288952
2018-03-31 16:00:00+00:00,0.0
2018-03-31 17:00:00+00:00,0.0
2018-03-31 18:00:00+00:00,0.0
2018-03-31 19:00:00+00:00,0.0
2018-03-31 20:00:00+00:00,0.0
2018-03-31 21:00:00+00:00,0.0
2018-03-31 22:00:00+00:00,0.0
2018-03-31 23:00:00+00:00,0.0
2018-04-01 00:00:00+00:00,0.0
2018-04-01 01:00:00+00:00,0.0
2018-04-01 02:00:00+00:00,0.0
2018-04-01 03:00:00+00:00,0.0
2018-04-01 04:00:00+00:00,17.602020007837964
2018-04-01 05:00:00+00:00,64.54032925020607
2018-04-01 06:00:00+00:00,121.98376897600168
2018-04-01 07:00:00+00:00,170.60112167039486
2018-04-01 08:00:00+00:00,226.89315127231131
2018-04-01 09:00:00+00:00,205.92105184785862
2018-04-01 10:00:00+00:00,242.5119940204796
2018-04-01 11:00:00+00:00,231.84980114654437
2018-04-01 12:00:00+00:00,198.557760952036
2018-04-01 13:00:00+00:00,148.747272825559
2018-04-01 14:00:00+00:00,85.77760596147138
2018-04-01 15:00:00+00:00,17.290972079539905
2018-04-01 16:00:00+00:00,0.0
2018-04-01 17:00:00+00:00,0.0
2018-04-01 18:00:00+00:00,0.0
2018-04-01 19:00:00+00:00,0.0
2018-04-01 20:00:00+00:00,0.0
2018-04-01 21:00:00+00:00,0.0
2018-04-01 22:00:00+00:00,0.0
2018-04-01 23:00:00+00:00,0.0
2018-04-02 00:00:00+00:00,0.0
2018-04-02 01:00:00+00:00,0.0
2018-04-02 02:00:00+00:00,0.0
2018-04-02 03:00:00+00:00,0.0
2018-04-02 04:00:00+00:00,29.781469404338555
2018-04-02 05:00:00+00:00,91.8841482659047
2018-04-02 06:00:00+00:00,151.0471700628604
2018-04-02 07:00:00+00:00,198.39403509825274
2018-04-02 08:00:00+00:00,231.27502066804468
2018-04-02 09:00:00+00:00,242.39868144484564
2018-04-02 10:00:00+00:00,242.49574372415245
2018-04-02 11:00:00+00:00,225.84165644102382
2018-04-02 12:00:00+00:00,160.17070006438937
2018-04-02 13:00:00+00:00,131.8203291699567
2018-04-02 14:00:00+00:00,69.45323209184761
2018-04-02 15:00:00+00:00,9.698357011458587
2018-04-02 16:00:00+00:00,0.0
2018-04-02 17:00:00+00:00,0.0
2018-04-02 18:00:00+00:00,0.0
2018-04-02 19:00:00+00:00,0.0
2018-04-02 20:00:00+00:00,0.0
2018-04-02 21:00:00+00:00,0.0
2018-04-02 22:00:00+00:00,0.0
2018-04-02 23:00:00+00:00,0.0
2018-04-03 00:00:00+00:00,0.0
2018-04-03 01:00:00+00:00,0.0
2018-04-03 02:00:00+00:00,0.0
2018-04-03 03:00:00+00:00,0.0
2018-04-03 04:00:00+00:00,15.0741110419744
2018-04-03 05:00:00+00:00,71.85872043530162
2018-04-03 06:00:00+00:00,124.78751206729711
2018-04-03 07:00:00+00:00,159.17684657178637
2018-04-03 08:00:00+00:00,169.74668121117207
2018-04-03 09:00:00+00:00,192.6050611716344
2018-04-03 10:00:00+00:00,187.22238714706054
2018-04-03 11:00:00+00:00,130.99629601118204
2018-04-03 12:00:00+00:00,98.71782055712188
2018-04-03 13:00:00+00:00,77.11794053049832
2018-04-03 14:00:00+00:00,38.545578071973154
2018-04-03 15:00:00+00:00,2.631422564577745
2018-04-03 16:00:00+00:00,0.0
2018-04-03 17:00:00+00:00,0.0
2018-04-03 18:00:00+00:00,0.0
2018-04-03 19:00:00+00:00,0.0
2018-04-03 20:00:00+00:00,0.0
2018-04-03 21:00:00+00:00,0.0
2018-04-03 22:00:00+00:00,0.0
2018-04-03 23:00:00+00:00,0.0
2018-04-04 00:00:00+00:00,0.0
2018-04-04 01:00:00+00:00,0.0
2018-04-04 02:00:00+00:00,0.0
2018-04-04 03:00:00+00:00,0.5572855438263684
2018-04-04 04:00:00+00:00,33.59833158508495
2018-04-04 05:00:00+00:00,86.5713876086547
2018-04-04 06:00:00+00:00,140.20338397572527
2018-04-04 07:00:00+00:00,183.56903314781832
2018-04-04 08:00:00+00:00,212.84775566553074
2018-04-04 09:00:00+00:00,223.02757851234628
2018-04-04 10:00:00+00:00,220.9244365401742
2018-04-04 11:00:00+00:00,202.64187106558649
2018-04-04 12:00:00+00:00,154.47805462331917
2018-04-04 13:00:00+00:00,67.7098472397959
2018-04-04 14:00:00+00:00,51.170745014341264
2018-04-04 15:00:00+00:00,8.97653078128281
2018-04-04 16:00:00+00:00,0.0
2018-04-04 17:00:00+00:00,0.0
2018-04-04 18:00:00+00:00,0.0
2018-04-04 19:00:00+00:00,0.0
2018-04-04 20:00:00+00:00,0.0
2018-04-04 21:00:00+00:00,0.0
2018-04-04 22:00:00+00:00,0.0
2018-04-04 23:00:00+00:00,0.0
2018-04-05 00:00:00+00:00,0.0
2018-04-05 01:00:00+00:00,0.0
2018-04-05 02:00:00+00:00,0.0
2018-04-05 03:00:00+00:00,1.177091799845779
2018-04-05 04:00:00+00:00,7.506563617906734
2018-04-05 05:00:00+00:00,66.51453297611694
2018-04-05 06:00:00+00:00,104.95365862999893
2018-04-05 07:00:00+00:00,152.7281009439485
2018-04-05 08:00:00+00:00,185.97692954078974
2018-04-05 09:00:00+00:00,215.64733874460472
2018-04-05 10:00:00+00:00,197.8985266915595
2018-04-05 11:00:00+00:00,186.3597422878603
2018-04-05 12:00:00+00:00,167.70636405140664
2018-04-05 13:00:00+00:00,112.4248838942644
2018-04-05 14:00:00+00:00,52.449297514581616
2018-04-05 15:00:00+00:00,10.6738822593559
2018-04-05 16:00:00+00:00,0.0
2018-04-05 17:00:00+00:00,0.0
2018-04-05 18:00:00+00:00,0.0
2018-04-05 19:00:00+00:00,0.0
2018-04-05 20:00:00+00:00,0.0
2018-04-05 21:00:00+00:00,0.0
2018-04-05 22:00:00+00:00,0.0
2018-04-05 23:00:00+00:00,0.0
2018-04-06 00:00:00+00:00,0.0
2018-04-06 01:00:00+00:00,0.0
2018-04-06 02:00:00+00:00,0.0
2018-04-06 03:00:00+00:00,2.3255385367132555
2018-04-06 04:00:00+00:00,33.00102978122747
2018-04-06 05:00:00+00:00,90.60475457701443
2018-04-06 06:00:00+00:00,148.48104062531877
2018-04-06 07:00:00+00:00,195.73230696410695
2018-04-06 08:00:00+00:00,228.35791184239616
2018-04-06 09:00:00+00:00,244.76790288384942
2018-04-06 10:00:00+00:00,243.96185610771585
2018-04-06 11:00:00+00:00,227.2806315950565
2018-04-06 12:00:00+00:00,193.45029134714036
2018-04-06 13:00:00+00:00,144.17695051681818
2018-04-06 14:00:00+00:00,68.51921757777279
2018-04-06 15:00:00+00:00,16.374158913248102
2018-04-06 16:00:00+00:00,0.0
2018-04-06 17:00:00+00:00,0.0
2018-04-06 18:00:00+00:00,0.0
2018-04-06 19:00:00+00:00,0.0
2018-04-06 20:00:00+00:00,0.0
2018-04-06 21:00:00+00:00,0.0
2018-04-06 22:00:00+00:00,0.0
2018-04-06 23:00:00+00:00,0.0
2018-04-07 00:00:00+00:00,0.0
2018-04-07 01:00:00+00:00,0.0
2018-04-07 02:00:00+00:00,0.0
2018-04-07 03:00:00+00:00,3.1655279830645666
2018-04-07 04:00:00+00:00,31.207001551432676
2018-04-07 05:00:00+00:00,89.28442186090487
2018-04-07 06:00:00+00:00,144.9119799546123
2018-04-07 07:00:00+00:00,190.43334773463536
2018-04-07 08:00:00+00:00,177.65847986050272
2018-04-07 09:00:00+00:00,234.48147244267827
2018-04-07 10:00:00+00:00,207.2849347427091
2018-04-07 11:00:00+00:00,160.60275557964312
2018-04-07 12:00:00+00:00,150.7130422864929
2018-04-07 13:00:00+00:00,80.89123928410436
2018-04-07 14:00:00+00:00,36.0413993287399
2018-04-07 15:00:00+00:00,11.247201267850482
2018-04-07 16:00:00+00:00,0.0
2018-04-07 17:00:00+00:00,0.0
2018-04-07 18:00:00+00:00,0.0
2018-04-07 19:00:00+00:00,0.0
2018-04-07 20:00:00+00:00,0.0
2018-04-07 21:00:00+00:00,0.0
2018-04-07 22:00:00+00:00,0.0
2018-04-07 23:00:00+00:00,0.0
2018-04-08 00:00:00+00:00,0.0
2018-04-08 01:00:00+00:00,0.0
2018-04-08 02:00:00+00:00,0.0
2018-04-08 03:00:00+00:00,2.464731174079051
2018-04-08 04:00:00+00:00,38.10076386029102
2018-04-08 05:00:00+00:00,89.58302948630771
2018-04-08 06:00:00+00:00,143.6023020545333
2018-04-08 07:00:00+00:00,188.34686404719878
2018-04-08 08:00:00+00:00,219.4870764126805
2018-04-08 09:00:00+00:00,184.24060274064368
2018-04-08 10:00:00+00:00,179.5802985943629
2018-04-08 11:00:00+00:00,199.3970383482309
2018-04-08 12:00:00+00:00,182.70797653643348
2018-04-08 13:00:00+00:00,135.08873480520532
2018-04-08 14:00:00+00:00,74.9006747967588
2018-04-08 15:00:00+00:00,14.38121873823467
2018-04-08 16:00:00+00:00,0.0
2018-04-08 17:00:00+00:00,0.0
2018-04-08 18:00:00+00:00,0.0
2018-04-08 19:00:00+00:00,0.0
2018-04-08 20:00:00+00:00,0.0
2018-04-08 21:00:00+00:00,0.0
2018-04-08 22:00:00+00:00,0.0
2018-04-08 23:00:00+00:00,0.0
2018-04-09 00:00:00+00:00,0.0
2018-04-09 01:00:00+00:00,0.0
2018-04-09 02:00:00+00:00,0.0
2018-04-09 03:00:00+00:00,3.9605246059033385
2018-04-09 04:00:00+00:00,35.735661170407255
2018-04-09 05:00:00+00:00,93.74591849692072
2018-04-09 06:00:00+00:00,151.6165117050237
2018-04-09 07:00:00+00:00,198.73284308794996
2018-04-09 08:00:00+00:00,231.5773189066693
2018-04-09 09:00:00+00:00,249.511708568835
2018-04-09 10:00:00+00:00,249.35691553132892
2018-04-09 11:00:00+00:00,232.65220868777288
2018-04-09 12:00:00+00:00,197.98694343055578
2018-04-09 13:00:00+00:00,147.9723777204474
2018-04-09 14:00:00+00:00,84.20227077878977
2018-04-09 15:00:00+00:00,17.733754134482783
2018-04-09 16:00:00+00:00,0.0
2018-04-09 17:00:00+00:00,0.0
2018-04-09 18:00:00+00:00,0.0
2018-04-09 19:00:00+00:00,0.0
2018-04-09 20:00:00+00:00,0.0
2018-04-09 21:00:00+00:00,0.0
2018-04-09 22:00:00+00:00,0.0
2018-04-09 23:00:00+00:00,0.0
2018-04-10 00:00:00+00:00,0.0
2018-04-10 01:00:00+00:00,0.0
2018-04-10 02:00:00+00:00,0.0
2018-04-10 03:00:00+00:00,4.536351340321148
2018-04-10 04:00:00+00:00,35.30836913642143
2018-04-10 05:00:00+00:00,95.24402892297634
2018-04-10 06:00:00+00:00,154.74476536051534
2018-04-10 07:00:00+00:00,202.85646312926107
2018-04-10 08:00:00+00:00,235.93499804608447
2018-04-10 09:00:00+00:00,250.41238066171022
2018-04-10 10:00:00+00:00,224.33448909978063
2018-04-10 11:00:00+00:00,201.0706657529225
2018-04-10 12:00:00+00:00,163.32827655490527
2018-04-10 13:00:00+00:00,79.44678729467392
2018-04-10 14:00:00+00:00,67.17824919376628
2018-04-10 15:00:00+00:00,19.240222244349887
2018-04-10 16:00:00+00:00,0.0
2018-04-10 17:00:00+00:00,0.0
2018-04-10 18:00:00+00:00,0.0
2018-04-10 19:00:00+00:00,0.0
2018-04-10 20:00:00+00:00,0.0
2018-04-10 21:00:00+00:00,0.0
2018-04-10 22:00:00+00:00,0.0
2018-04-10 23:00:00+00:00,0.0
2018-04-11 00:00:00+00:00,0.0
2018-04-11 01:00:00+00:00,0.0
2018-04-11 02:00:00+00:00,0.0
2018-04-11 03:00:00+00:00,5.188090007393367
2018-04-11 04:00:00+00:00,33.804408713342106
2018-04-11 05:00:00+00:00,95.22093986222592
2018-04-11 06:00:00+00:00,154.39654102874437
2018-04-11 07:00:00+00:00,201.78906481075197
2018-04-11 08:00:00+00:00,233.88045904674325
2018-04-11 09:00:00+00:00,249.29703533637624
2018-04-11 10:00:00+00:00,248.2244818862281
2018-04-11 11:00:00+00:00,231.21955598491934
2018-04-11 12:00:00+00:00,192.85139287300882
2018-04-11 13:00:00+00:00,143.6457039841063
2018-04-11 14:00:00+00:00,83.1797155655897
2018-04-11 15:00:00+00:00,19.127691011545615
2018-04-11 16:00:00+00:00,0.0
2018-04-11 17:00:00+00:00,0.0
2018-04-11 18:00:00+00:00,0.0
2018-04-11 19:00:00+00:00,0.0
2018-04-11 20:00:00+00:00,0.0
2018-04-11 21:00:00+00:00,0.0
2018-04-11 22:00:00+00:00,0.0
2018-04-11 23:00:00+00:00,0.0
2018-04-12 00:00:00+00:00,0.0
2018-04-12 01:00:00+00:00,0.0
2018-04-12 02:00:00+00:00,0.0
2018-04-12 03:00:00+00:00,4.549078214588731
2018-04-12 04:00:00+00:00,39.08742535399342
2018-04-12 05:00:00+00:00,90.89331996634414
2018-04-12 06:00:00+00:00,137.017672354036
2018-04-12 07:00:00+00:00,168.59648698344478
2018-04-12 08:00:00+00:00,178.58110497143576
2018-04-12 09:00:00+00:00,229.95041825608598
2018-04-12 10:00:00+00:00,204.26267284562454
2018-04-12 11:00:00+00:00,210.4880875753862
2018-04-12 12:00:00+00:00,173.6911754028231
2018-04-12 13:00:00+00:00,124.48927374064523
2018-04-12 14:00:00+00:00,66.271746037942
2018-04-12 15:00:00+00:00,11.585716160614187
2018-04-12 16:00:00+00:00,0.0
2018-04-12 17:00:00+00:00,0.0
2018-04-12 18:00:00+00:00,0.0
2018-04-12 19:00:00+00:00,0.0
2018-04-12 20:00:00+00:00,0.0
2018-04-12 21:00:00+00:00,0.0
2018-04-12 22:00:00+00:00,0.0
2018-04-12 23:00:00+00:00,0.0
2018-04-13 00:00:00+00:00,0.0
2018-04-13 01:00:00+00:00,0.0
2018-04-13 02:00:00+00:00,0.0
2018-04-13 03:00:00+00:00,2.9750322961310167
2018-04-13 04:00:00+00:00,38.948084741250284
2018-04-13 05:00:00+00:00,88.79904950039247
2018-04-13 06:00:00+00:00,138.58352391479644
2018-04-13 07:00:00+00:00,179.22020131730923
2018-04-13 08:00:00+00:00,207.62533575991506
2018-04-13 09:00:00+00:00,219.44494145806527
2018-04-13 10:00:00+00:00,217.37353663099537
2018-04-13 11:00:00+00:00,200.40084150520335
2018-04-13 12:00:00+00:00,166.48568767961996
2018-04-13 13:00:00+00:00,114.47317295570905
2018-04-13 14:00:00+00:00,61.1478222917283
2018-04-13 15:00:00+00:00,8.778260535653406
2018-04-13 16:00:00+00:00,0.0
2018-04-13 17:00:00+00:00,0.0
2018-04-13 18:00:00+00:00,0.0
2018-04-13 19:00:00+00:00,0.0
2018-04-13 20:00:00+00:00,0.0
2018-04-13 21:00:00+00:00,0.0
2018-04-13 22:00:00+00:00,0.0
2018-04-13 23:00:00+00:00,0.0
2018-04-14 00:00:00+00:00,0.0
2018-04-14 01:00:00+00:00,0.0
2018-04-14 02:00:00+00:00,0.0
2018-04-14 03:00:00+00:00,2.8157899855320183
2018-04-14 04:00:00+00:00,40.71321504446634
2018-04-14 05:00:00+00:00,90.74223185395977
2018-04-14 06:00:00+00:00,141.19466509342078
2018-04-14 07:00:00+00:00,183.28337029228078
2018-04-14 08:00:00+00:00,213.29320515204193
2018-04-14 09:00:00+00:00,231.5102135180918
2018-04-14 10:00:00+00:00,232.58083107555836
2018-04-14 11:00:00+00:00,217.4743849329139
2018-04-14 12:00:00+00:00,187.8312073210987
2018-04-14 13:00:00+00:00,141.782864210369
2018-04-14 14:00:00+00:00,82.51871568854996
2018-04-14 15:00:00+00:00,20.304016637795904
2018-04-14 16:00:00+00:00,0.0
2018-04-14 17:00:00+00:00,0.0
2018-04-14 18:00:00+00:00,0.0
2018-04-14 19:00:00+00:00,0.0
2018-04-14 20:00:00+00:00,0.0
2018-04-14 21:00:00+00:00,0.0
2018-04-14 22:00:00+00:00,0.0
2018-04-14 23:00:00+00:00,0.0
2018-04-15 00:00:00+00:00,0.0
2018-04-15 01:00:00+00:00,0.0
2018-04-15 02:00:00+00:00,0.0
2018-04-15 03:00:00+00:00,6.7986611174076526
2018-04-15 04:00:00+00:00,37.098530460529496
2018-04-15 05:00:00+00:00,95.08354174130628
2018-04-15 06:00:00+00:00,151.8362420134295
2018-04-15 07:00:00+00:00,197.76142231730103
2018-04-15 08:00:00+00:00,229.30182968736761
2018-04-15 09:00:00+00:00,245.97457273728753
2018-04-15 10:00:00+00:00,246.26506739429328
2018-04-15 11:00:00+00:00,230.22585670892266
2018-04-15 12:00:00+00:00,196.30365385856217
2018-04-15 13:00:00+00:00,147.83271994152759
2018-04-15 14:00:00+00:00,86.66362875439145
2018-04-15 15:00:00+00:00,22.139254454146528
2018-04-15 16:00:00+00:00,0.0
2018-04-15 17:00:00+00:00,0.0
2018-04-15 18:00:00+00:00,0.0
2018-04-15 19:00:00+00:00,0.0
2018-04-15 20:00:00+00:00,0.0
2018-04-15 21:00:00+00:00,0.0
2018-04-15 22:00:00+00:00,0.0
2018-04-15 23:00:00+00:00,0.0
2018-04-16 00:00:00+00:00,0.0
2018-04-16 01:00:00+00:00,0.0
2018-04-16 02:00:00+00:00,0.0
2018-04-16 03:00:00+00:00,7.199779809618331
2018-04-16 04:00:00+00:00,37.77476433270897
2018-04-16 05:00:00+00:00,96.7256621247891
2018-04-16 06:00:00+00:00,153.9244146454934
2018-04-16 07:00:00+00:00,200.049638667595
2018-04-16 08:00:00+00:00,231.6835921068497
2018-04-16 09:00:00+00:00,246.1537843636387
2018-04-16 10:00:00+00:00,245.3418871350837
2018-04-16 11:00:00+00:00,228.2954934098629
2018-04-16 12:00:00+00:00,192.13375007189114
2018-04-16 13:00:00+00:00,143.10236234770215
2018-04-16 14:00:00+00:00,81.86289970900015
2018-04-16 15:00:00+00:00,19.539458544107994
2018-04-16 16:00:00+00:00,0.0
2018-04-16 17:00:00+00:00,0.0
2018-04-16 18:00:00+00:00,0.0
2018-04-16 19:00:00+00:00,0.0
2018-04-16 20:00:00+00:00,0.0
2018-04-16 21:00:00+00:00,0.0
2018-04-16 22:00:00+00:00,0.0
2018-04-16 23:00:00+00:00,0.0
2018-04-17 00:00:00+00:00,0.0
2018-04-17 01:00:00+00:00,0.0
2018-04-17 02:00:00+00:00,0.0
2018-04-17 03:00:00+00:00,7.760602658043768
2018-04-17 04:00:00+00:00,39.752975978615034
2018-04-17 05:00:00+00:00,97.52947695504761
2018-04-17 06:00:00+00:00,152.96643757975272
2018-04-17 07:00:00+00:00,197.49104004429154
2018-04-17 08:00:00+00:00,227.31008236662285
2018-04-17 09:00:00+00:00,239.22277038482346
2018-04-17 10:00:00+00:00,238.1091203379667
2018-04-17 11:00:00+00:00,219.5004167372495
2018-04-17 12:00:00+00:00,185.65333425927273
2018-04-17 13:00:00+00:00,135.41647511463327
2018-04-17 14:00:00+00:00,75.11400577407197
2018-04-17 15:00:00+00:00,16.244288210726864
2018-04-17 16:00:00+00:00,0.0
2018-04-17 17:00:00+00:00,0.0
2018-04-17 18:00:00+00:00,0.0
2018-04-17 19:00:00+00:00,0.0
2018-04-17 20:00:00+00:00,0.0
2018-04-17 21:00:00+00:00,0.0
2018-04-17 22:00:00+00:00,0.0
2018-04-17 23:00:00+00:00,0.0
2018-04-18 00:00:00+00:00,0.0
2018-04-18 01:00:00+00:00,0.0
2018-04-18 02:00:00+00:00,0.0
2018-04-18 03:00:00+00:00,7.659230337703997
2018-04-18 04:00:00+00:00,40.72824335009614
2018-04-18 05:00:00+00:00,94.69361447362338
2018-04-18 06:00:00+00:00,147.27451681314514
2018-04-18 07:00:00+00:00,189.9603595712444
2018-04-18 08:00:00+00:00,219.43054129693903
2018-04-18 09:00:00+00:00,232.8019703781284
2018-04-18 10:00:00+00:00,231.33536974357017
2018-04-18 11:00:00+00:00,213.9260380266644
2018-04-18 12:00:00+00:00,177.68995432704668
2018-04-18 13:00:00+00:00,129.8158706138011
2018-04-18 14:00:00+00:00,71.73478944677487
2018-04-18 15:00:00+00:00,15.366599686903852
2018-04-18 16:00:00+00:00,0.0
2018-04-18 17:00:00+00:00,0.0
2018-04-18 18:00:00+00:00,0.0
2018-04-18 19:00:00+00:00,0.0
2018-04-18 20:00:00+00:00,0.0
2018-04-18 21:00:00+00:00,0.0
2018-04-18 22:00:00+00:00,0.0
2018-04-18 23:00:00+00:00,0.0
2018-04-19 00:00:00+00:00,0.0
2018-04-19 01:00:00+00:00,0.0
2018-04-19 02:00:00+00:00,0.0
2018-04-19 03:00:00+00:00,6.575004481716427
2018-04-19 04:00:00+00:00,42.36195484878347
2018-04-19 05:00:00+00:00,93.68994774155487
2018-04-19 06:00:00+00:00,144.9948003800214
2018-04-19 07:00:00+00:00,187.1503137906288
2018-04-19 08:00:00+00:00,215.86683960599697
2018-04-19 09:00:00+00:00,229.461915219824
2018-04-19 10:00:00+00:00,227.80433797914003
2018-04-19 11:00:00+00:00,211.26664974569638
2018-04-19 12:00:00+00:00,179.3772554666176
2018-04-19 13:00:00+00:00,133.4768202021064
2018-04-19 14:00:00+00:00,76.6443428073367
2018-04-19 15:00:00+00:00,18.96317543676415
2018-04-19 16:00:00+00:00,0.0
2018-04-19 17:00:00+00:00,0.0
2018-04-19 18:00:00+00:00,0.0
2018-04-19 19:00:00+00:00,0.0
2018-04-19 20:00:00+00:00,0.0
2018-04-19 21:00:00+00:00,0.0
2018-04-19 22:00:00+00:00,0.0
2018-04-19 23:00:00+00:00,0.0
2018-04-20 00:00:00+00:00,0.0
2018-04-20 01:00:00+00:00,0.0
2018-04-20 02:00:00+00:00,0.0
2018-04-20 03:00:00+00:00,5.750931909435144
2018-04-20 04:00:00+00:00,43.64336433491944
2018-04-20 05:00:00+00:00,92.20730924493955
2018-04-20 06:00:00+00:00,141.25162625932037
2018-04-20 07:00:00+00:00,182.6678545874072
2018-04-20 08:00:00+00:00,210.91678555301962
2018-04-20 09:00:00+00:00,221.69177106428256
2018-04-20 10:00:00+00:00,218.24174736160145
2018-04-20 11:00:00+00:00,198.87749800872592
2018-04-20 12:00:00+00:00,164.02775967082107
2018-04-20 13:00:00+00:00,110.49234248409942
2018-04-20 14:00:00+00:00,50.30869190571947
2018-04-20 15:00:00+00:00,7.335221332515224
2018-04-20 16:00:00+00:00,0.0
2018-04-20 17:00:00+00:00,0.0
2018-04-20 18:00:00+00:00,0.0
2018-04-20 19:00:00+00:00,0.0
2018-04-20 20:00:00+00:00,0.0
2018-04-20 21:00:00+00:00,0.0
2018-04-20 22:00:00+00:00,0.0
2018-04-20 23:00:00+00:00,0.0
2018-04-21 00:00:00+00:00,0.0
2018-04-21 01:00:00+00:00,0.0
2018-04-21 02:00:00+00:00,0.0
2018-04-21 03:00:00+00:00,2.4109150875104812
2018-04-21 04:00:00+00:00,36.28757458631675
2018-04-21 05:00:00+00:00,79.29521751814575
2018-04-21 06:00:00+00:00,120.4284128789354
2018-04-21 07:00:00+00:00,170.92563517303813
2018-04-21 08:00:00+00:00,191.93141378011808
2018-04-21 09:00:00+00:00,195.72728325019088
2018-04-21 10:00:00+00:00,193.8511567931279
2018-04-21 11:00:00+00:00,148.495129338553
2018-04-21 12:00:00+00:00,112.7860888749031
2018-04-21 13:00:00+00:00,85.78107150459869
2018-04-21 14:00:00+00:00,51.73214730069917
2018-04-21 15:00:00+00:00,8.416955601867482
2018-04-21 16:00:00+00:00,0.0
2018-04-21 17:00:00+00:00,0.0
2018-04-21 18:00:00+00:00,0.0
2018-04-21 19:00:00+00:00,0.0
2018-04-21 20:00:00+00:00,0.0
2018-04-21 21:00:00+00:00,0.0
2018-04-21 22:00:00+00:00,0.0
2018-04-21 23:00:00+00:00,0.0
2018-04-22 00:00:00+00:00,0.0
2018-04-22 01:00:00+00:00,0.0
2018-04-22 02:00:00+00:00,0.0
2018-04-22 03:00:00+00:00,9.670821319663661
2018-04-22 04:00:00+00:00,41.31813128038699
2018-04-22 05:00:00+00:00,99.1012851717061
2018-04-22 06:00:00+00:00,157.29717042883692
2018-04-22 07:00:00+00:00,204.14348505546334
2018-04-22 08:00:00+00:00,235.65011345527068
2018-04-22 09:00:00+00:00,250.67224244478655
2018-04-22 10:00:00+00:00,250.34989633885678
2018-04-22 11:00:00+00:00,232.9278458653081
2018-04-22 12:00:00+00:00,198.37611618478286
2018-04-22 13:00:00+00:00,148.01573489114145
2018-04-22 14:00:00+00:00,85.94420950486291
2018-04-22 15:00:00+00:00,21.922652403491014
2018-04-22 16:00:00+00:00,0.0
2018-04-22 17:00:00+00:00,0.0
2018-04-22 18:00:00+00:00,0.0
2018-04-22 19:00:00+00:00,0.0
2018-04-22 20:00:00+00:00,0.0
2018-04-22 21:00:00+00:00,0.0
2018-04-22 22:00:00+00:00,0.0
2018-04-22 23:00:00+00:00,0.0
2018-04-23 00:00:00+00:00,0.0
2018-04-23 01:00:00+00:00,0.0
2018-04-23 02:00:00+00:00,0.0
2018-04-23 03:00:00+00:00,8.706078473359781
2018-04-23 04:00:00+00:00,38.705636918855696
2018-04-23 05:00:00+00:00,101.58574143879463
2018-04-23 06:00:00+00:00,160.23384400459312
2018-04-23 07:00:00+00:00,206.46562431994207
2018-04-23 08:00:00+00:00,237.69207035265842
2018-04-23 09:00:00+00:00,250.505403000393
2018-04-23 10:00:00+00:00,249.67682016138
2018-04-23 11:00:00+00:00,232.383217139777
2018-04-23 12:00:00+00:00,197.17188747349212
2018-04-23 13:00:00+00:00,148.58838075539956
2018-04-23 14:00:00+00:00,87.90162489917188
2018-04-23 15:00:00+00:00,24.77786185235456
2018-04-23 16:00:00+00:00,0.0
2018-04-23 17:00:00+00:00,0.0
2018-04-23 18:00:00+00:00,0.0
2018-04-23 19:00:00+00:00,0.0
2018-04-23 20:00:00+00:00,0.0
2018-04-23 21:00:00+00:00,0.0
2018-04-23 22:00:00+00:00,0.0
2018-04-23 23:00:00+00:00,0.0
2018-04-24 00:00:00+00:00,0.0
2018-04-24 01:00:00+00:00,0.0
2018-04-24 02:00:00+00:00,0.0
2018-04-24 03:00:00+00:00,9.559845545794309
2018-04-24 04:00:00+00:00,40.0751277303589
2018-04-24 05:00:00+00:00,98.77985813083393
2018-04-24 06:00:00+00:00,153.91475561933714
2018-04-24 07:00:00+00:00,197.87868396966115
2018-04-24 08:00:00+00:00,227.40913980820616
2018-04-24 09:00:00+00:00,242.20189098658443
2018-04-24 10:00:00+00:00,240.12519646696683
2018-04-24 11:00:00+00:00,222.68624611365988
2018-04-24 12:00:00+00:00,187.92467766712977
2018-04-24 13:00:00+00:00,140.24731408207245
2018-04-24 14:00:00+00:00,81.2119634999608
2018-04-24 15:00:00+00:00,21.45626873764231
2018-04-24 16:00:00+00:00,0.0
2018-04-24 17:00:00+00:00,0.0
2018-04-24 18:00:00+00:00,0.0
2018-04-24 19:00:00+00:00,0.0
2018-04-24 20:00:00+00:00,0.0
2018-04-24 21:00:00+00:00,0.0
2018-04-24 22:00:00+00:00,0.0
2018-04-24 23:00:00+00:00,0.0
2018-04-25 00:00:00+00:00,0.0
2018-04-25 01:00:00+00:00,0.0
2018-04-25 02:00:00+00:00,0.0
2018-04-25 03:00:00+00:00,5.6274283848927835
2018-04-25 04:00:00+00:00,45.26188348196091
2018-04-25 05:00:00+00:00,97.16049171408534
2018-04-25 06:00:00+00:00,149.72691509898848
2018-04-25 07:00:00+00:00,175.00654989524435
2018-04-25 08:00:00+00:00,162.64575779590757
2018-04-25 09:00:00+00:00,194.23900229437606
2018-04-25 10:00:00+00:00,145.8203399206874
2018-04-25 11:00:00+00:00,63.69932792841648
2018-04-25 12:00:00+00:00,90.4487185464829
2018-04-25 13:00:00+00:00,90.17386398236536
2018-04-25 14:00:00+00:00,49.492980040741195
2018-04-25 15:00:00+00:00,9.067382809389489
2018-04-25 16:00:00+00:00,0.0
2018-04-25 17:00:00+00:00,0.0
2018-04-25 18:00:00+00:00,0.0
2018-04-25 19:00:00+00:00,0.0
2018-04-25 20:00:00+00:00,0.0
2018-04-25 21:00:00+00:00,0.0
2018-04-25 22:00:00+00:00,0.0
2018-04-25 23:00:00+00:00,0.0
2018-04-26 00:00:00+00:00,0.0
2018-04-26 01:00:00+00:00,0.0
2018-04-26 02:00:00+00:00,0.0
2018-04-26 03:00:00+00:00,9.255935893377275
2018-04-26 04:00:00+00:00,42.22069583789855
2018-04-26 05:00:00+00:00,128.34906494709742
2018-04-26 06:00:00+00:00,194.7116773818068
2018-04-26 07:00:00+00:00,238.59527543835796
2018-04-26 08:00:00+00:00,240.31560755885593
2018-04-26 09:00:00+00:00,245.18129521936422
2018-04-26 10:00:00+00:00,161.9390130583541
2018-04-26 11:00:00+00:00,179.05720174264695
2018-04-26 12:00:00+00:00,153.64228182635532
2018-04-26 13:00:00+00:00,76.19194737472229
2018-04-26 14:00:00+00:00,79.6731738668056
2018-04-26 15:00:00+00:00,8.332469429080403
2018-04-26 16:00:00+00:00,0.0
2018-04-26 17:00:00+00:00,0.0
2018-04-26 18:00:00+00:00,0.0
2018-04-26 19:00:00+00:00,0.0
2018-04-26 20:00:00+00:00,0.0
2018-04-26 21:00:00+00:00,0.0
2018-04-26 22:00:00+00:00,0.0
2018-04-26 23:00:00+00:00,0.0
2018-04-27 00:00:00+00:00,0.0
2018-04-27 01:00:00+00:00,0.0
2018-04-27 02:00:00+00:00,0.0
2018-04-27 03:00:00+00:00,10.405556854855792
2018-04-27 04:00:00+00:00,70.24480123615845
2018-04-27 05:00:00+00:00,130.22390697539112
2018-04-27 06:00:00+00:00,186.2759571040801
2018-04-27 07:00:00+00:00,242.0464466790558
2018-04-27 08:00:00+00:00,276.32271671195963
2018-04-27 09:00:00+00:00,292.3533578076172
2018-04-27 10:00:00+00:00,278.317896847425
2018-04-27 11:00:00+00:00,234.86194774096538
2018-04-27 12:00:00+00:00,167.16394347283446
2018-04-27 13:00:00+00:00,29.849196747019676
2018-04-27 14:00:00+00:00,21.87792836579824
2018-04-27 15:00:00+00:00,5.6700042073592805
2018-04-27 16:00:00+00:00,0.0
2018-04-27 17:00:00+00:00,0.0
2018-04-27 18:00:00+00:00,0.0
2018-04-27 19:00:00+00:00,0.0
2018-04-27 20:00:00+00:00,0.0
2018-04-27 21:00:00+00:00,0.0
2018-04-27 22:00:00+00:00,0.0
2018-04-27 23:00:00+00:00,0.0
2018-04-28 00:00:00+00:00,0.0
2018-04-28 01:00:00+00:00,0.0
2018-04-28 02:00:00+00:00,0.0
2018-04-28 03:00:00+00:00,13.6355820037331
2018-04-28 04:00:00+00:00,63.27808457384628
2018-04-28 05:00:00+00:00,131.0281535193183
2018-04-28 06:00:00+00:00,197.28479827917084
2018-04-28 07:00:00+00:00,187.59700430773398
2018-04-28 08:00:00+00:00,200.82444950388611
2018-04-28 09:00:00+00:00,257.9669016801319
2018-04-28 10:00:00+00:00,257.91005433906764
2018-04-28 11:00:00+00:00,252.26293695544388
2018-04-28 12:00:00+00:00,241.3259067559086
2018-04-28 13:00:00+00:00,160.59067277156112
2018-04-28 14:00:00+00:00,90.53471955038545
2018-04-28 15:00:00+00:00,27.83757348425008
2018-04-28 16:00:00+00:00,0.0
2018-04-28 17:00:00+00:00,0.0
2018-04-28 18:00:00+00:00,0.0
2018-04-28 19:00:00+00:00,0.0
2018-04-28 20:00:00+00:00,0.0
2018-04-28 21:00:00+00:00,0.0
2018-04-28 22:00:00+00:00,0.0
2018-04-28 23:00:00+00:00,0.0
2018-04-29 00:00:00+00:00,0.0
2018-04-29 01:00:00+00:00,0.0
2018-04-29 02:00:00+00:00,0.0
2018-04-29 03:00:00+00:00,15.714468059147197
2018-04-29 04:00:00+00:00,57.886961694830134
2018-04-29 05:00:00+00:00,133.0935836228865
2018-04-29 06:00:00+00:00,205.4844704004679
2018-04-29 07:00:00+00:00,264.00642268109567
2018-04-29 08:00:00+00:00,303.470419494147
2018-04-29 09:00:00+00:00,317.02315681334795
2018-04-29 10:00:00+00:00,315.3143531130062
2018-04-29 11:00:00+00:00,260.22815001497554
2018-04-29 12:00:00+00:00,215.61628620490924
2018-04-29 13:00:00+00:00,183.15255233381868
2018-04-29 14:00:00+00:00,116.26137619056601
2018-04-29 15:00:00+00:00,35.07301356840449
2018-04-29 16:00:00+00:00,0.0
2018-04-29 17:00:00+00:00,0.0
2018-04-29 18:00:00+00:00,0.0
2018-04-29 19:00:00+00:00,0.0
2018-04-29 20:00:00+00:00,0.0
2018-04-29 21:00:00+00:00,0.0
2018-04-29 22:00:00+00:00,0.0
2018-04-29 23:00:00+00:00,0.0
2018-04-30 00:00:00+00:00,0.0
2018-04-30 01:00:00+00:00,0.0
2018-04-30 02:00:00+00:00,0.0
2018-04-30 03:00:00+00:00,15.867523688068811
2018-04-30 04:00:00+00:00,56.20520549113421
2018-04-30 05:00:00+00:00,131.34330971133556
2018-04-30 06:00:00+00:00,202.49163686913283
2018-04-30 07:00:00+00:00,258.8094329975399
2018-04-30 08:00:00+00:00,296.63306853753016
2018-04-30 09:00:00+00:00,292.0550128668078
2018-04-30 10:00:00+00:00,297.7927782890123
2018-04-30 11:00:00+00:00,171.42799874427365
2018-04-30 12:00:00+00:00,150.6309072509134
2018-04-30 13:00:00+00:00,109.43888023452479
2018-04-30 14:00:00+00:00,17.656932787231334
2018-04-30 15:00:00+00:00,1.903088960852422
2018-04-30 16:00:00+00:00,0.0
2018-04-30 17:00:00+00:00,0.0
2018-04-30 18:00:00+00:00,0.0
2018-04-30 19:00:00+00:00,0.0
2018-04-30 20:00:00+00:00,0.0
2018-04-30 21:00:00+00:00,0.0
2018-04-30 22:00:00+00:00,0.0
2018-04-30 23:00:00+00:00,0.0
2018-05-01 00:00:00+00:00,0.0
2018-05-01 01:00:00+00:00,0.0
2018-05-01 02:00:00+00:00,0.0
2018-05-01 03:00:00+00:00,11.721733459901884
2018-05-01 04:00:00+00:00,57.080606501768045
2018-05-01 05:00:00+00:00,128.86007915225997
2018-05-01 06:00:00+00:00,189.56735612307273
2018-05-01 07:00:00+00:00,237.92116220810723
2018-05-01 08:00:00+00:00,275.68223203152047
2018-05-01 09:00:00+00:00,280.4536479068087
2018-05-01 10:00:00+00:00,271.7543763782864
2018-05-01 11:00:00+00:00,249.48590496291789
2018-05-01 12:00:00+00:00,207.69772218804445
2018-05-01 13:00:00+00:00,154.93635957495275
2018-05-01 14:00:00+00:00,50.50018195816031
2018-05-01 15:00:00+00:00,2.68392471712003
2018-05-01 16:00:00+00:00,0.0
2018-05-01 17:00:00+00:00,0.0
2018-05-01 18:00:00+00:00,0.0
2018-05-01 19:00:00+00:00,0.0
2018-05-01 20:00:00+00:00,0.0
2018-05-01 21:00:00+00:00,0.0
2018-05-01 22:00:00+00:00,0.0
2018-05-01 23:00:00+00:00,0.0
2018-05-02 00:00:00+00:00,0.0
2018-05-02 01:00:00+00:00,0.0
2018-05-02 02:00:00+00:00,0.0
2018-05-02 03:00:00+00:00,11.575147688619023
2018-05-02 04:00:00+00:00,62.137708592864
2018-05-02 05:00:00+00:00,128.6171553982485
2018-05-02 06:00:00+00:00,190.6312984192841
2018-05-02 07:00:00+00:00,242.8806698787427
2018-05-02 08:00:00+00:00,279.3899381186679
2018-05-02 09:00:00+00:00,262.2515825278261
2018-05-02 10:00:00+00:00,260.5988642874383
2018-05-02 11:00:00+00:00,239.32411017477875
2018-05-02 12:00:00+00:00,220.90023442716952
2018-05-02 13:00:00+00:00,169.12924201430332
2018-05-02 14:00:00+00:00,95.81570011805985
2018-05-02 15:00:00+00:00,25.50458381599505
2018-05-02 16:00:00+00:00,0.0
2018-05-02 17:00:00+00:00,0.0
2018-05-02 18:00:00+00:00,0.0
2018-05-02 19:00:00+00:00,0.0
2018-05-02 20:00:00+00:00,0.0
2018-05-02 21:00:00+00:00,0.0
2018-05-02 22:00:00+00:00,0.0
2018-05-02 23:00:00+00:00,0.0
2018-05-03 00:00:00+00:00,0.0
2018-05-03 01:00:00+00:00,0.0
2018-05-03 02:00:00+00:00,0.0
2018-05-03 03:00:00+00:00,16.35214446339913
2018-05-03 04:00:00+00:00,44.89709015728553
2018-05-03 05:00:00+00:00,127.77002710382604
2018-05-03 06:00:00+00:00,192.33617743014096
2018-05-03 07:00:00+00:00,238.19035699816038
2018-05-03 08:00:00+00:00,269.5605776970904
2018-05-03 09:00:00+00:00,276.3474290259867
2018-05-03 10:00:00+00:00,276.6234196708189
2018-05-03 11:00:00+00:00,236.07711849193757
2018-05-03 12:00:00+00:00,175.9409100347334
2018-05-03 13:00:00+00:00,126.6713263003553
2018-05-03 14:00:00+00:00,83.50552939527205
2018-05-03 15:00:00+00:00,15.516858709350533
2018-05-03 16:00:00+00:00,0.0
2018-05-03 17:00:00+00:00,0.0
2018-05-03 18:00:00+00:00,0.0
2018-05-03 19:00:00+00:00,0.0
2018-05-03 20:00:00+00:00,0.0
2018-05-03 21:00:00+00:00,0.0
2018-05-03 22:00:00+00:00,0.0
2018-05-03 23:00:00+00:00,0.0
2018-05-04 00:00:00+00:00,0.0
2018-05-04 01:00:00+00:00,0.0
2018-05-04 02:00:00+00:00,0.0
2018-05-04 03:00:00+00:00,16.31941813118713
2018-05-04 04:00:00+00:00,66.48396576864917
2018-05-04 05:00:00+00:00,120.67140681621242
2018-05-04 06:00:00+00:00,176.34384931059057
2018-05-04 07:00:00+00:00,197.74417025618555
2018-05-04 08:00:00+00:00,209.98504361571818
2018-05-04 09:00:00+00:00,246.31440744194168
2018-05-04 10:00:00+00:00,249.77138282203163
2018-05-04 11:00:00+00:00,155.92955967540956
2018-05-04 12:00:00+00:00,109.12972942881066
2018-05-04 13:00:00+00:00,67.25036762593854
2018-05-04 14:00:00+00:00,36.58114723099986
2018-05-04 15:00:00+00:00,1.1073852027715074
2018-05-04 16:00:00+00:00,0.0
2018-05-04 17:00:00+00:00,0.0
2018-05-04 18:00:00+00:00,0.0
2018-05-04 19:00:00+00:00,0.0
2018-05-04 20:00:00+00:00,0.0
2018-05-04 21:00:00+00:00,0.0
2018-05-04 22:00:00+00:00,0.0
2018-05-04 23:00:00+00:00,0.0
2018-05-05 00:00:00+00:00,0.0
2018-05-05 01:00:00+00:00,0.0
2018-05-05 02:00:00+00:00,0.0
2018-05-05 03:00:00+00:00,13.88988622142339
2018-05-05 04:00:00+00:00,50.06260038786347
2018-05-05 05:00:00+00:00,124.83342730642889
2018-05-05 06:00:00+00:00,186.7247668180459
2018-05-05 07:00:00+00:00,233.413255248952
2018-05-05 08:00:00+00:00,249.67452199695123
2018-05-05 09:00:00+00:00,269.0238092913179
2018-05-05 10:00:00+00:00,271.10419543427184
2018-05-05 11:00:00+00:00,242.43739745687938
2018-05-05 12:00:00+00:00,187.5901639948874
2018-05-05 13:00:00+00:00,146.3494950955395
2018-05-05 14:00:00+00:00,77.4503851835796
2018-05-05 15:00:00+00:00,15.619290598280408
2018-05-05 16:00:00+00:00,0.0
2018-05-05 17:00:00+00:00,0.0
2018-05-05 18:00:00+00:00,0.0
2018-05-05 19:00:00+00:00,0.0
2018-05-05 20:00:00+00:00,0.0
2018-05-05 21:00:00+00:00,0.0
2018-05-05 22:00:00+00:00,0.0
2018-05-05 23:00:00+00:00,0.0
2018-05-06 00:00:00+00:00,0.0
2018-05-06 01:00:00+00:00,0.0
2018-05-06 02:00:00+00:00,0.0
2018-05-06 03:00:00+00:00,12.393415114252182
2018-05-06 04:00:00+00:00,18.41836135920777
2018-05-06 05:00:00+00:00,38.58623985454015
2018-05-06 06:00:00+00:00,174.9301601745956
2018-05-06 07:00:00+00:00,231.93503869369812
2018-05-06 08:00:00+00:00,249.9892557765746
2018-05-06 09:00:00+00:00,186.20378806177018
2018-05-06 10:00:00+00:00,179.6512498492881
2018-05-06 11:00:00+00:00,137.04287957112402
2018-05-06 12:00:00+00:00,102.25994735337736
2018-05-06 13:00:00+00:00,62.79653247595674
2018-05-06 14:00:00+00:00,33.306463949274004
2018-05-06 15:00:00+00:00,2.0681889197414574
2018-05-06 16:00:00+00:00,0.0
2018-05-06 17:00:00+00:00,0.0
2018-05-06 18:00:00+00:00,0.0
2018-05-06 19:00:00+00:00,0.0
2018-05-06 20:00:00+00:00,0.0
2018-05-06 21:00:00+00:00,0.0
2018-05-06 22:00:00+00:00,0.0
2018-05-06 23:00:00+00:00,0.0
2018-05-07 00:00:00+00:00,0.0
2018-05-07 01:00:00+00:00,0.0
2018-05-07 02:00:00+00:00,0.0
2018-05-07 03:00:00+00:00,12.786866485281488
2018-05-07 04:00:00+00:00,45.912679820768005
2018-05-07 05:00:00+00:00,80.08526848365695
2018-05-07 06:00:00+00:00,88.75537559416702
2018-05-07 07:00:00+00:00,87.09124461528494
2018-05-07 08:00:00+00:00,79.44669219822548
2018-05-07 09:00:00+00:00,79.30543852187252
2018-05-07 10:00:00+00:00,93.80813342387519
2018-05-07 11:00:00+00:00,125.79596120092395
2018-05-07 12:00:00+00:00,180.51298715739463
2018-05-07 13:00:00+00:00,166.96614128789057
2018-05-07 14:00:00+00:00,103.81063138282578
2018-05-07 15:00:00+00:00,31.74460908760282
2018-05-07 16:00:00+00:00,0.0
2018-05-07 17:00:00+00:00,0.0
2018-05-07 18:00:00+00:00,0.0
2018-05-07 19:00:00+00:00,0.0
2018-05-07 20:00:00+00:00,0.0
2018-05-07 21:00:00+00:00,0.0
2018-05-07 22:00:00+00:00,0.0
2018-05-07 23:00:00+00:00,0.0
2018-05-08 00:00:00+00:00,0.0
2018-05-08 01:00:00+00:00,0.0
2018-05-08 02:00:00+00:00,0.0
2018-05-08 03:00:00+00:00,17.963963981614583
2018-05-08 04:00:00+00:00,59.002092916361505
2018-05-08 05:00:00+00:00,135.2109100239345
2018-05-08 06:00:00+00:00,206.74535649682704
2018-05-08 07:00:00+00:00,264.1120842831704
2018-05-08 08:00:00+00:00,302.46528092326446
2018-05-08 09:00:00+00:00,294.0590172704383
2018-05-08 10:00:00+00:00,309.8767198267999
2018-05-08 11:00:00+00:00,242.07972158020812
2018-05-08 12:00:00+00:00,211.76999430981633
2018-05-08 13:00:00+00:00,174.99853695546307
2018-05-08 14:00:00+00:00,83.8556280289574
2018-05-08 15:00:00+00:00,24.499914667411666
2018-05-08 16:00:00+00:00,0.0
2018-05-08 17:00:00+00:00,0.0
2018-05-08 18:00:00+00:00,0.0
2018-05-08 19:00:00+00:00,0.0
2018-05-08 20:00:00+00:00,0.0
2018-05-08 21:00:00+00:00,0.0
2018-05-08 22:00:00+00:00,0.0
2018-05-08 23:00:00+00:00,0.0
2018-05-09 00:00:00+00:00,0.0
2018-05-09 01:00:00+00:00,0.0
2018-05-09 02:00:00+00:00,0.0
2018-05-09 03:00:00+00:00,14.881455667839326
2018-05-09 04:00:00+00:00,57.117576926006976
2018-05-09 05:00:00+00:00,135.33840729599697
2018-05-09 06:00:00+00:00,210.18215041628898
2018-05-09 07:00:00+00:00,270.3025145814342
2018-05-09 08:00:00+00:00,311.2408029174641
2018-05-09 09:00:00+00:00,326.64613539947004
2018-05-09 10:00:00+00:00,324.296805192114
2018-05-09 11:00:00+00:00,301.335102105573
2018-05-09 12:00:00+00:00,255.06091123331197
2018-05-09 13:00:00+00:00,191.35403238456198
2018-05-09 14:00:00+00:00,109.28544671540762
2018-05-09 15:00:00+00:00,28.137333589879905
2018-05-09 16:00:00+00:00,0.0
2018-05-09 17:00:00+00:00,0.0
2018-05-09 18:00:00+00:00,0.0
2018-05-09 19:00:00+00:00,0.0
2018-05-09 20:00:00+00:00,0.0
2018-05-09 21:00:00+00:00,0.0
2018-05-09 22:00:00+00:00,0.0
2018-05-09 23:00:00+00:00,0.0
2018-05-10 00:00:00+00:00,0.0
2018-05-10 01:00:00+00:00,0.0
2018-05-10 02:00:00+00:00,0.0
2018-05-10 03:00:00+00:00,7.595095692887572
2018-05-10 04:00:00+00:00,48.67419085475724
2018-05-10 05:00:00+00:00,73.03173597612461
2018-05-10 06:00:00+00:00,157.9436651817346
2018-05-10 07:00:00+00:00,215.1262699947256
2018-05-10 08:00:00+00:00,222.6080344258498
2018-05-10 09:00:00+00:00,245.9353300105933
2018-05-10 10:00:00+00:00,238.32445753033983
2018-05-10 11:00:00+00:00,251.18703949859997
2018-05-10 12:00:00+00:00,205.93483849460748
2018-05-10 13:00:00+00:00,98.59263458302439
2018-05-10 14:00:00+00:00,42.8750788696767
2018-05-10 15:00:00+00:00,1.3215370524520438
2018-05-10 16:00:00+00:00,0.0
2018-05-10 17:00:00+00:00,0.0
2018-05-10 18:00:00+00:00,0.0
2018-05-10 19:00:00+00:00,0.0
2018-05-10 20:00:00+00:00,0.0
2018-05-10 21:00:00+00:00,0.0
2018-05-10 22:00:00+00:00,0.0
2018-05-10 23:00:00+00:00,0.0
2018-05-11 00:00:00+00:00,0.0
2018-05-11 01:00:00+00:00,0.0
2018-05-11 02:00:00+00:00,0.0
2018-05-11 03:00:00+00:00,14.279745724024263
2018-05-11 04:00:00+00:00,69.85780790958094
2018-05-11 05:00:00+00:00,135.27735818499954
2018-05-11 06:00:00+00:00,195.84319621645983
2018-05-11 07:00:00+00:00,249.38826329714175
2018-05-11 08:00:00+00:00,286.92120789796536
2018-05-11 09:00:00+00:00,301.96062603043373
2018-05-11 10:00:00+00:00,301.6615382696396
2018-05-11 11:00:00+00:00,280.5405688656595
2018-05-11 12:00:00+00:00,236.23528964175705
2018-05-11 13:00:00+00:00,178.44356107191317
2018-05-11 14:00:00+00:00,106.10125116843301
2018-05-11 15:00:00+00:00,34.007401091560425
2018-05-11 16:00:00+00:00,0.0
2018-05-11 17:00:00+00:00,0.0
2018-05-11 18:00:00+00:00,0.0
2018-05-11 19:00:00+00:00,0.0
2018-05-11 20:00:00+00:00,0.0
2018-05-11 21:00:00+00:00,0.0
2018-05-11 22:00:00+00:00,0.0
2018-05-11 23:00:00+00:00,0.0
2018-05-12 00:00:00+00:00,0.0
2018-05-12 01:00:00+00:00,0.0
2018-05-12 02:00:00+00:00,0.0
2018-05-12 03:00:00+00:00,16.235149923080634
2018-05-12 04:00:00+00:00,63.416635089232265
2018-05-12 05:00:00+00:00,135.48063069640114
2018-05-12 06:00:00+00:00,212.0693809822862
2018-05-12 07:00:00+00:00,271.19296572415647
2018-05-12 08:00:00+00:00,311.1171909076016
2018-05-12 09:00:00+00:00,330.2873231436508
2018-05-12 10:00:00+00:00,328.231117096237
2018-05-12 11:00:00+00:00,304.8821242232202
2018-05-12 12:00:00+00:00,238.08767212282152
2018-05-12 13:00:00+00:00,178.22799702504764
2018-05-12 14:00:00+00:00,92.10728041937617
2018-05-12 15:00:00+00:00,23.983019742729674
2018-05-12 16:00:00+00:00,0.0
2018-05-12 17:00:00+00:00,0.0
2018-05-12 18:00:00+00:00,0.0
2018-05-12 19:00:00+00:00,0.0
2018-05-12 20:00:00+00:00,0.0
2018-05-12 21:00:00+00:00,0.0
2018-05-12 22:00:00+00:00,0.0
2018-05-12 23:00:00+00:00,0.0
2018-05-13 00:00:00+00:00,0.0
2018-05-13 01:00:00+00:00,0.0
2018-05-13 02:00:00+00:00,0.0
2018-05-13 03:00:00+00:00,15.898250962728898
2018-05-13 04:00:00+00:00,62.423155648470384
2018-05-13 05:00:00+00:00,135.6538449529944
2018-05-13 06:00:00+00:00,196.41997633298118
2018-05-13 07:00:00+00:00,237.40637464843923
2018-05-13 08:00:00+00:00,272.5123600024024
2018-05-13 09:00:00+00:00,281.002283887827
2018-05-13 10:00:00+00:00,279.414276545883
2018-05-13 11:00:00+00:00,246.1327735623874
2018-05-13 12:00:00+00:00,245.23329564323984
2018-05-13 13:00:00+00:00,183.19627039810274
2018-05-13 14:00:00+00:00,109.4403051925282
2018-05-13 15:00:00+00:00,35.96705911850462
2018-05-13 16:00:00+00:00,0.0
2018-05-13 17:00:00+00:00,0.0
2018-05-13 18:00:00+00:00,0.0
2018-05-13 19:00:00+00:00,0.0
2018-05-13 20:00:00+00:00,0.0
2018-05-13 21:00:00+00:00,0.0
2018-05-13 22:00:00+00:00,0.0
2018-05-13 23:00:00+00:00,0.0
2018-05-14 00:00:00+00:00,0.0
2018-05-14 01:00:00+00:00,0.0
2018-05-14 02:00:00+00:00,0.0
2018-05-14 03:00:00+00:00,19.714413569200424
2018-05-14 04:00:00+00:00,58.90889618994568
2018-05-14 05:00:00+00:00,136.3918323061478
2018-05-14 06:00:00+00:00,210.66850460818625
2018-05-14 07:00:00+00:00,270.10402652826116
2018-05-14 08:00:00+00:00,310.80046451601027
2018-05-14 09:00:00+00:00,329.06222626142045
2018-05-14 10:00:00+00:00,327.5686238130793
2018-05-14 11:00:00+00:00,304.99601609584397
2018-05-14 12:00:00+00:00,262.54226148382884
2018-05-14 13:00:00+00:00,200.32391059957712
2018-05-14 14:00:00+00:00,123.13559819412693
2018-05-14 15:00:00+00:00,41.66773451881056
2018-05-14 16:00:00+00:00,0.0
2018-05-14 17:00:00+00:00,0.0
2018-05-14 18:00:00+00:00,0.0
2018-05-14 19:00:00+00:00,0.0
2018-05-14 20:00:00+00:00,0.0
2018-05-14 21:00:00+00:00,0.0
2018-05-14 22:00:00+00:00,0.0
2018-05-14 23:00:00+00:00,0.0
2018-05-15 00:00:00+00:00,0.0
2018-05-15 01:00:00+00:00,0.0
2018-05-15 02:00:00+00:00,0.0
2018-05-15 03:00:00+00:00,17.18315636148815
2018-05-15 04:00:00+00:00,57.34398576098566
2018-05-15 05:00:00+00:00,137.04726487253407
2018-05-15 06:00:00+00:00,211.26866343046805
2018-05-15 07:00:00+00:00,270.28700026269576
2018-05-15 08:00:00+00:00,309.83584437461315
2018-05-15 09:00:00+00:00,328.4873180517483
2018-05-15 10:00:00+00:00,325.9102160944165
2018-05-15 11:00:00+00:00,303.41699506371145
2018-05-15 12:00:00+00:00,260.71352193858326
2018-05-15 13:00:00+00:00,198.72668040202413
2018-05-15 14:00:00+00:00,121.91539094457269
2018-05-15 15:00:00+00:00,41.67592103357774
2018-05-15 16:00:00+00:00,0.0
2018-05-15 17:00:00+00:00,0.0
2018-05-15 18:00:00+00:00,0.0
2018-05-15 19:00:00+00:00,0.0
2018-05-15 20:00:00+00:00,0.0
2018-05-15 21:00:00+00:00,0.0
2018-05-15 22:00:00+00:00,0.0
2018-05-15 23:00:00+00:00,0.0
2018-05-16 00:00:00+00:00,0.0
2018-05-16 01:00:00+00:00,0.0
2018-05-16 02:00:00+00:00,0.0
2018-05-16 03:00:00+00:00,17.971930114723044
2018-05-16 04:00:00+00:00,57.03260953194047
2018-05-16 05:00:00+00:00,138.1253757730448
2018-05-16 06:00:00+00:00,200.61454658416844
2018-05-16 07:00:00+00:00,237.40504208004793
2018-05-16 08:00:00+00:00,278.24313962571875
2018-05-16 09:00:00+00:00,264.74586719631503
2018-05-16 10:00:00+00:00,256.1649062703939
2018-05-16 11:00:00+00:00,214.54127099863896
2018-05-16 12:00:00+00:00,181.78064913503556
2018-05-16 13:00:00+00:00,136.86000895634385
2018-05-16 14:00:00+00:00,89.49300859202486
2018-05-16 15:00:00+00:00,15.212693370434506
2018-05-16 16:00:00+00:00,0.0
2018-05-16 17:00:00+00:00,0.0
2018-05-16 18:00:00+00:00,0.0
2018-05-16 19:00:00+00:00,0.0
2018-05-16 20:00:00+00:00,0.0
2018-05-16 21:00:00+00:00,0.0
2018-05-16 22:00:00+00:00,0.0
2018-05-16 23:00:00+00:00,0.0
2018-05-17 00:00:00+00:00,0.0
2018-05-17 01:00:00+00:00,0.0
2018-05-17 02:00:00+00:00,0.0
2018-05-17 03:00:00+00:00,17.9341616296965
2018-05-17 04:00:00+00:00,56.66461341134689
2018-05-17 05:00:00+00:00,132.37674116428025
2018-05-17 06:00:00+00:00,202.3170322698951
2018-05-17 07:00:00+00:00,258.4071391693414
2018-05-17 08:00:00+00:00,296.04731053731405
2018-05-17 09:00:00+00:00,312.1153642826275
2018-05-17 10:00:00+00:00,310.2966550596199
2018-05-17 11:00:00+00:00,288.29191764522955
2018-05-17 12:00:00+00:00,247.23498013998187
2018-05-17 13:00:00+00:00,187.75236946904263
2018-05-17 14:00:00+00:00,114.73263872065719
2018-05-17 15:00:00+00:00,39.334983082946884
2018-05-17 16:00:00+00:00,0.0
2018-05-17 17:00:00+00:00,0.0
2018-05-17 18:00:00+00:00,0.0
2018-05-17 19:00:00+00:00,0.0
2018-05-17 20:00:00+00:00,0.0
2018-05-17 21:00:00+00:00,0.0
2018-05-17 22:00:00+00:00,0.0
2018-05-17 23:00:00+00:00,0.0
2018-05-18 00:00:00+00:00,0.0
2018-05-18 01:00:00+00:00,0.0
2018-05-18 02:00:00+00:00,0.0
2018-05-18 03:00:00+00:00,22.205946426553382
2018-05-18 04:00:00+00:00,61.8300047800051
2018-05-18 05:00:00+00:00,130.06834735045962
2018-05-18 06:00:00+00:00,195.43420053816232
2018-05-18 07:00:00+00:00,248.05147113991978
2018-05-18 08:00:00+00:00,283.2219114841882
2018-05-18 09:00:00+00:00,296.01911792989915
2018-05-18 10:00:00+00:00,279.49486215774664
2018-05-18 11:00:00+00:00,263.211462597512
2018-05-18 12:00:00+00:00,176.83408048568037
2018-05-18 13:00:00+00:00,93.7383176816607
2018-05-18 14:00:00+00:00,32.02426806859495
2018-05-18 15:00:00+00:00,3.658186609806918
2018-05-18 16:00:00+00:00,0.0
2018-05-18 17:00:00+00:00,0.0
2018-05-18 18:00:00+00:00,0.0
2018-05-18 19:00:00+00:00,0.0
2018-05-18 20:00:00+00:00,0.0
2018-05-18 21:00:00+00:00,0.0
2018-05-18 22:00:00+00:00,0.0
2018-05-18 23:00:00+00:00,0.0
2018-05-19 00:00:00+00:00,0.0
2018-05-19 01:00:00+00:00,0.0
2018-05-19 02:00:00+00:00,0.0
2018-05-19 03:00:00+00:00,23.271667108074173
2018-05-19 04:00:00+00:00,64.90358399004481
2018-05-19 05:00:00+00:00,130.41066879018618
2018-05-19 06:00:00+00:00,195.0337643026064
2018-05-19 07:00:00+00:00,248.2918942598028
2018-05-19 08:00:00+00:00,284.69936937591706
2018-05-19 09:00:00+00:00,303.01727995988597
2018-05-19 10:00:00+00:00,300.92448238977494
2018-05-19 11:00:00+00:00,279.0179059103634
2018-05-19 12:00:00+00:00,238.22986159458046
2018-05-19 13:00:00+00:00,179.89400125514732
2018-05-19 14:00:00+00:00,108.73412219991849
2018-05-19 15:00:00+00:00,37.62011715062632
2018-05-19 16:00:00+00:00,0.0
2018-05-19 17:00:00+00:00,0.0
2018-05-19 18:00:00+00:00,0.0
2018-05-19 19:00:00+00:00,0.0
2018-05-19 20:00:00+00:00,0.0
2018-05-19 21:00:00+00:00,0.0
2018-05-19 22:00:00+00:00,0.0
2018-05-19 23:00:00+00:00,0.0
2018-05-20 00:00:00+00:00,0.0
2018-05-20 01:00:00+00:00,0.0
2018-05-20 02:00:00+00:00,0.0
2018-05-20 03:00:00+00:00,22.73791561124181
2018-05-20 04:00:00+00:00,61.71097152384366
2018-05-20 05:00:00+00:00,129.57033100152844
2018-05-20 06:00:00+00:00,194.1711629027866
2018-05-20 07:00:00+00:00,246.89461305943678
2018-05-20 08:00:00+00:00,269.0248052522118
2018-05-20 09:00:00+00:00,279.9377982127803
2018-05-20 10:00:00+00:00,277.1921620379262
2018-05-20 11:00:00+00:00,218.70268417219492
2018-05-20 12:00:00+00:00,205.73802795126113
2018-05-20 13:00:00+00:00,165.4796252433448
2018-05-20 14:00:00+00:00,100.63751444976853
2018-05-20 15:00:00+00:00,34.233092643968895
2018-05-20 16:00:00+00:00,0.0
2018-05-20 17:00:00+00:00,0.0
2018-05-20 18:00:00+00:00,0.0
2018-05-20 19:00:00+00:00,0.0
2018-05-20 20:00:00+00:00,0.0
2018-05-20 21:00:00+00:00,0.0
2018-05-20 22:00:00+00:00,0.0
2018-05-20 23:00:00+00:00,0.0
2018-05-21 00:00:00+00:00,0.0
2018-05-21 01:00:00+00:00,0.0
2018-05-21 02:00:00+00:00,0.0
2018-05-21 03:00:00+00:00,24.643541678264587
2018-05-21 04:00:00+00:00,65.41847437601145
2018-05-21 05:00:00+00:00,130.70842682886456
2018-05-21 06:00:00+00:00,195.0961634796276
2018-05-21 07:00:00+00:00,248.62893470641137
2018-05-21 08:00:00+00:00,285.5305865409901
2018-05-21 09:00:00+00:00,302.8662480552303
2018-05-21 10:00:00+00:00,302.56256296224814
2018-05-21 11:00:00+00:00,283.18685032113814
2018-05-21 12:00:00+00:00,244.0123809250585
2018-05-21 13:00:00+00:00,178.13946513286558
2018-05-21 14:00:00+00:00,114.38625312571864
2018-05-21 15:00:00+00:00,40.157600930066856
2018-05-21 16:00:00+00:00,0.0
2018-05-21 17:00:00+00:00,0.0
2018-05-21 18:00:00+00:00,0.0
2018-05-21 19:00:00+00:00,0.0
2018-05-21 20:00:00+00:00,0.0
2018-05-21 21:00:00+00:00,0.0
2018-05-21 22:00:00+00:00,0.0
2018-05-21 23:00:00+00:00,0.0
2018-05-22 00:00:00+00:00,0.0
2018-05-22 01:00:00+00:00,0.0
2018-05-22 02:00:00+00:00,0.0
2018-05-22 03:00:00+00:00,1.2498060269323303
2018-05-22 04:00:00+00:00,18.91197510456035
2018-05-22 05:00:00+00:00,97.28480475799525
2018-05-22 06:00:00+00:00,166.32473038058225
2018-05-22 07:00:00+00:00,217.49423092822883
2018-05-22 08:00:00+00:00,238.26599564640975
2018-05-22 09:00:00+00:00,252.401215736126
2018-05-22 10:00:00+00:00,263.0191119884811
2018-05-22 11:00:00+00:00,228.2805607727825
2018-05-22 12:00:00+00:00,189.28575736981165
2018-05-22 13:00:00+00:00,140.46073492135562
2018-05-22 14:00:00+00:00,86.84796014431043
2018-05-22 15:00:00+00:00,21.289712635159937
2018-05-22 16:00:00+00:00,0.0
2018-05-22 17:00:00+00:00,0.0
2018-05-22 18:00:00+00:00,0.0
2018-05-22 19:00:00+00:00,0.0
2018-05-22 20:00:00+00:00,0.0
2018-05-22 21:00:00+00:00,0.0
2018-05-22 22:00:00+00:00,0.0
2018-05-22 23:00:00+00:00,0.0
2018-05-23 00:00:00+00:00,0.0
2018-05-23 01:00:00+00:00,0.0
2018-05-23 02:00:00+00:00,0.0
2018-05-23 03:00:00+00:00,23.392239568856567
2018-05-23 04:00:00+00:00,73.52412250112027
2018-05-23 05:00:00+00:00,129.3093351095343
2018-05-23 06:00:00+00:00,186.42042005255138
2018-05-23 07:00:00+00:00,234.8901894685655
2018-05-23 08:00:00+00:00,267.33899940388835
2018-05-23 09:00:00+00:00,285.0432999706361
2018-05-23 10:00:00+00:00,282.6168832888331
2018-05-23 11:00:00+00:00,261.2565695480615
2018-05-23 12:00:00+00:00,200.93562297713268
2018-05-23 13:00:00+00:00,151.72627163788633
2018-05-23 14:00:00+00:00,95.93911245150343
2018-05-23 15:00:00+00:00,32.79612735707884
2018-05-23 16:00:00+00:00,0.0
2018-05-23 17:00:00+00:00,0.0
2018-05-23 18:00:00+00:00,0.0
2018-05-23 19:00:00+00:00,0.0
2018-05-23 20:00:00+00:00,0.0
2018-05-23 21:00:00+00:00,0.0
2018-05-23 22:00:00+00:00,0.0
2018-05-23 23:00:00+00:00,0.0
2018-05-24 00:00:00+00:00,0.0
2018-05-24 01:00:00+00:00,0.0
2018-05-24 02:00:00+00:00,0.0
2018-05-24 03:00:00+00:00,4.979249723780397
2018-05-24 04:00:00+00:00,52.70910218118602
2018-05-24 05:00:00+00:00,130.3360397113757
2018-05-24 06:00:00+00:00,192.50862841919061
2018-05-24 07:00:00+00:00,248.03090493442232
2018-05-24 08:00:00+00:00,277.9339255966061
2018-05-24 09:00:00+00:00,307.4116093415192
2018-05-24 10:00:00+00:00,307.19629274456435
2018-05-24 11:00:00+00:00,286.7654249467973
2018-05-24 12:00:00+00:00,245.65093494727375
2018-05-24 13:00:00+00:00,185.99588010792687
2018-05-24 14:00:00+00:00,112.75719754764756
2018-05-24 15:00:00+00:00,39.58132620193068
2018-05-24 16:00:00+00:00,0.0
2018-05-24 17:00:00+00:00,0.0
2018-05-24 18:00:00+00:00,0.0
2018-05-24 19:00:00+00:00,0.0
2018-05-24 20:00:00+00:00,0.0
2018-05-24 21:00:00+00:00,0.0
2018-05-24 22:00:00+00:00,0.0
2018-05-24 23:00:00+00:00,0.0
2018-05-25 00:00:00+00:00,0.0
2018-05-25 01:00:00+00:00,0.0
2018-05-25 02:00:00+00:00,0.0
2018-05-25 03:00:00+00:00,5.502971289097472
2018-05-25 04:00:00+00:00,65.60939243708235
2018-05-25 05:00:00+00:00,131.78625908988172
2018-05-25 06:00:00+00:00,166.5486913734569
2018-05-25 07:00:00+00:00,190.0483904211481
2018-05-25 08:00:00+00:00,247.4874081265451
2018-05-25 09:00:00+00:00,211.8915302682709
2018-05-25 10:00:00+00:00,233.12222821219842
2018-05-25 11:00:00+00:00,230.1005096119772
2018-05-25 12:00:00+00:00,180.48207826535116
2018-05-25 13:00:00+00:00,125.36552455954954
2018-05-25 14:00:00+00:00,67.00909092350051
2018-05-25 15:00:00+00:00,27.662429640206124
2018-05-25 16:00:00+00:00,0.0
2018-05-25 17:00:00+00:00,0.0
2018-05-25 18:00:00+00:00,0.0
2018-05-25 19:00:00+00:00,0.0
2018-05-25 20:00:00+00:00,0.0
2018-05-25 21:00:00+00:00,0.0
2018-05-25 22:00:00+00:00,0.0
2018-05-25 23:00:00+00:00,0.0
2018-05-26 00:00:00+00:00,0.0
2018-05-26 01:00:00+00:00,0.0
2018-05-26 02:00:00+00:00,0.0
2018-05-26 03:00:00+00:00,25.67609072914071
2018-05-26 04:00:00+00:00,66.48623179716073
2018-05-26 05:00:00+00:00,130.08434858589675
2018-05-26 06:00:00+00:00,192.63953403573362
2018-05-26 07:00:00+00:00,243.75901991640984
2018-05-26 08:00:00+00:00,262.27184766068706
2018-05-26 09:00:00+00:00,234.82775210190766
2018-05-26 10:00:00+00:00,227.67448814570656
2018-05-26 11:00:00+00:00,175.0105466644203
2018-05-26 12:00:00+00:00,218.00528612934994
2018-05-26 13:00:00+00:00,138.5752140332624
2018-05-26 14:00:00+00:00,82.06954046190938
2018-05-26 15:00:00+00:00,30.970639845837646
2018-05-26 16:00:00+00:00,0.0
2018-05-26 17:00:00+00:00,0.0
2018-05-26 18:00:00+00:00,0.0
2018-05-26 19:00:00+00:00,0.0
2018-05-26 20:00:00+00:00,0.0
2018-05-26 21:00:00+00:00,0.0
2018-05-26 22:00:00+00:00,0.0
2018-05-26 23:00:00+00:00,0.0
2018-05-27 00:00:00+00:00,0.0
2018-05-27 01:00:00+00:00,0.0
2018-05-27 02:00:00+00:00,0.0
2018-05-27 03:00:00+00:00,25.516450500721113
2018-05-27 04:00:00+00:00,69.97118970019001
2018-05-27 05:00:00+00:00,130.53096998966868
2018-05-27 06:00:00+00:00,189.46355422965803
2018-05-27 07:00:00+00:00,237.54415869631873
2018-05-27 08:00:00+00:00,259.9141266012713
2018-05-27 09:00:00+00:00,279.22941868889575
2018-05-27 10:00:00+00:00,251.9813361285042
2018-05-27 11:00:00+00:00,255.4441702602407
2018-05-27 12:00:00+00:00,211.34733253043754
2018-05-27 13:00:00+00:00,135.66048383205225
2018-05-27 14:00:00+00:00,73.37758295742331
2018-05-27 15:00:00+00:00,9.184113577396955
2018-05-27 16:00:00+00:00,0.0
2018-05-27 17:00:00+00:00,0.0
2018-05-27 18:00:00+00:00,0.0
2018-05-27 19:00:00+00:00,0.0
2018-05-27 20:00:00+00:00,0.0
2018-05-27 21:00:00+00:00,0.0
2018-05-27 22:00:00+00:00,0.0
2018-05-27 23:00:00+00:00,0.0
2018-05-28 00:00:00+00:00,0.0
2018-05-28 01:00:00+00:00,0.0
2018-05-28 02:00:00+00:00,0.0
2018-05-28 03:00:00+00:00,1.5677970741330352
2018-05-28 04:00:00+00:00,46.33537118472171
2018-05-28 05:00:00+00:00,79.3881011208875
2018-05-28 06:00:00+00:00,187.57787828787434
2018-05-28 07:00:00+00:00,224.33737289804475
2018-05-28 08:00:00+00:00,191.04772697748115
2018-05-28 09:00:00+00:00,102.08078819956215
2018-05-28 10:00:00+00:00,150.66371173747362
2018-05-28 11:00:00+00:00,127.87738016857818
2018-05-28 12:00:00+00:00,185.7231535229309
2018-05-28 13:00:00+00:00,137.97899831278954
2018-05-28 14:00:00+00:00,69.67222615960586
2018-05-28 15:00:00+00:00,24.411666934468613
2018-05-28 16:00:00+00:00,0.0
2018-05-28 17:00:00+00:00,0.0
2018-05-28 18:00:00+00:00,0.0
2018-05-28 19:00:00+00:00,0.0
2018-05-28 20:00:00+00:00,0.0
2018-05-28 21:00:00+00:00,0.0
2018-05-28 22:00:00+00:00,0.0
2018-05-28 23:00:00+00:00,0.0
2018-05-29 00:00:00+00:00,0.0
2018-05-29 01:00:00+00:00,0.0
2018-05-29 02:00:00+00:00,0.0
2018-05-29 03:00:00+00:00,26.219172903199063
2018-05-29 04:00:00+00:00,71.27834198570083
2018-05-29 05:00:00+00:00,131.80356535775275
2018-05-29 06:00:00+00:00,194.3923674021695
2018-05-29 07:00:00+00:00,247.23411931918477
2018-05-29 08:00:00+00:00,266.64236789412234
2018-05-29 09:00:00+00:00,284.1712492154812
2018-05-29 10:00:00+00:00,281.6262599831865
2018-05-29 11:00:00+00:00,282.0591579716728
2018-05-29 12:00:00+00:00,242.09774136380355
2018-05-29 13:00:00+00:00,183.68243892464142
2018-05-29 14:00:00+00:00,112.4368975552002
2018-05-29 15:00:00+00:00,41.35167017435367
2018-05-29 16:00:00+00:00,0.0
2018-05-29 17:00:00+00:00,0.0
2018-05-29 18:00:00+00:00,0.0
2018-05-29 19:00:00+00:00,0.0
2018-05-29 20:00:00+00:00,0.0
2018-05-29 21:00:00+00:00,0.0
2018-05-29 22:00:00+00:00,0.0
2018-05-29 23:00:00+00:00,0.0
2018-05-30 00:00:00+00:00,0.0
2018-05-30 01:00:00+00:00,0.0
2018-05-30 02:00:00+00:00,0.0
2018-05-30 03:00:00+00:00,24.92903164456516
2018-05-30 04:00:00+00:00,63.44473332151446
2018-05-30 05:00:00+00:00,131.25894204149654
2018-05-30 06:00:00+00:00,197.31399332113543
2018-05-30 07:00:00+00:00,251.16238868281437
2018-05-30 08:00:00+00:00,288.226881773253
2018-05-30 09:00:00+00:00,280.60800624520317
2018-05-30 10:00:00+00:00,282.4196197367712
2018-05-30 11:00:00+00:00,282.18863925758694
2018-05-30 12:00:00+00:00,240.72599790791804
2018-05-30 13:00:00+00:00,183.25663702157806
2018-05-30 14:00:00+00:00,112.82607989317951
2018-05-30 15:00:00+00:00,41.99706397405411
2018-05-30 16:00:00+00:00,0.0
2018-05-30 17:00:00+00:00,0.0
2018-05-30 18:00:00+00:00,0.0
2018-05-30 19:00:00+00:00,0.0
2018-05-30 20:00:00+00:00,0.0
2018-05-30 21:00:00+00:00,0.0
2018-05-30 22:00:00+00:00,0.0
2018-05-30 23:00:00+00:00,0.0
2018-05-31 00:00:00+00:00,0.0
2018-05-31 01:00:00+00:00,0.0
2018-05-31 02:00:00+00:00,0.0
2018-05-31 03:00:00+00:00,21.13165702897509
2018-05-31 04:00:00+00:00,57.730005676054446
2018-05-31 05:00:00+00:00,130.47983819707224
2018-05-31 06:00:00+00:00,199.69014598622672
2018-05-31 07:00:00+00:00,255.63108096379796
2018-05-31 08:00:00+00:00,293.89675379868424
2018-05-31 09:00:00+00:00,313.87352307698745
2018-05-31 10:00:00+00:00,312.73683756570057
2018-05-31 11:00:00+00:00,291.91358523019085
2018-05-31 12:00:00+00:00,251.68388598669853
2018-05-31 13:00:00+00:00,192.72829192117925
2018-05-31 14:00:00+00:00,119.53955291054342
2018-05-31 15:00:00+00:00,44.02368920299665
2018-05-31 16:00:00+00:00,0.0
2018-05-31 17:00:00+00:00,0.0
2018-05-31 18:00:00+00:00,0.0
2018-05-31 19:00:00+00:00,0.0
2018-05-31 20:00:00+00:00,0.0
2018-05-31 21:00:00+00:00,0.0
2018-05-31 22:00:00+00:00,0.0
2018-05-31 23:00:00+00:00,0.0
2018-06-01 00:00:00+00:00,0.0
2018-06-01 01:00:00+00:00,0.0
2018-06-01 02:00:00+00:00,0.0
2018-06-01 03:00:00+00:00,27.24308161809625
2018-06-01 04:00:00+00:00,73.71656700572282
2018-06-01 05:00:00+00:00,168.32912802941712
2018-06-01 06:00:00+00:00,257.9238533862649
2018-06-01 07:00:00+00:00,329.957425456966
2018-06-01 08:00:00+00:00,378.1711246323001
2018-06-01 09:00:00+00:00,402.12887533246726
2018-06-01 10:00:00+00:00,399.53133184152216
2018-06-01 11:00:00+00:00,371.3246168691897
2018-06-01 12:00:00+00:00,293.5298352625211
2018-06-01 13:00:00+00:00,229.05378976397208
2018-06-01 14:00:00+00:00,150.0849737377709
2018-06-01 15:00:00+00:00,55.757947049516474
2018-06-01 16:00:00+00:00,0.0
2018-06-01 17:00:00+00:00,0.0
2018-06-01 18:00:00+00:00,0.0
2018-06-01 19:00:00+00:00,0.0
2018-06-01 20:00:00+00:00,0.0
2018-06-01 21:00:00+00:00,0.0
2018-06-01 22:00:00+00:00,0.0
2018-06-01 23:00:00+00:00,0.0
2018-06-02 00:00:00+00:00,0.0
2018-06-02 01:00:00+00:00,0.0
2018-06-02 02:00:00+00:00,0.0
2018-06-02 03:00:00+00:00,30.624635888553716
2018-06-02 04:00:00+00:00,77.90260792862261
2018-06-02 05:00:00+00:00,170.13449689310102
2018-06-02 06:00:00+00:00,258.66716696352825
2018-06-02 07:00:00+00:00,330.70818557119634
2018-06-02 08:00:00+00:00,379.714198549877
2018-06-02 09:00:00+00:00,403.89078135321955
2018-06-02 10:00:00+00:00,375.76356926341697
2018-06-02 11:00:00+00:00,374.63253611980196
2018-06-02 12:00:00+00:00,321.99064343655454
2018-06-02 13:00:00+00:00,245.8486010487246
2018-06-02 14:00:00+00:00,151.95553139587327
2018-06-02 15:00:00+00:00,56.69578485926054
2018-06-02 16:00:00+00:00,0.0
2018-06-02 17:00:00+00:00,0.0
2018-06-02 18:00:00+00:00,0.0
2018-06-02 19:00:00+00:00,0.0
2018-06-02 20:00:00+00:00,0.0
2018-06-02 21:00:00+00:00,0.0
2018-06-02 22:00:00+00:00,0.0
2018-06-02 23:00:00+00:00,0.0
2018-06-03 00:00:00+00:00,0.0
2018-06-03 01:00:00+00:00,0.0
2018-06-03 02:00:00+00:00,0.0
2018-06-03 03:00:00+00:00,29.046155998881535
2018-06-03 04:00:00+00:00,75.4601550212657
2018-06-03 05:00:00+00:00,168.9359254985909
2018-06-03 06:00:00+00:00,257.66992695128124
2018-06-03 07:00:00+00:00,328.88431535000666
2018-06-03 08:00:00+00:00,377.3050134283923
2018-06-03 09:00:00+00:00,400.24733992278163
2018-06-03 10:00:00+00:00,372.2908163099499
2018-06-03 11:00:00+00:00,369.7621550020294
2018-06-03 12:00:00+00:00,319.83006328008366
2018-06-03 13:00:00+00:00,244.77959118184634
2018-06-03 14:00:00+00:00,152.08403747185554
2018-06-03 15:00:00+00:00,57.28456736574766
2018-06-03 16:00:00+00:00,0.984224778640791
2018-06-03 17:00:00+00:00,0.0
2018-06-03 18:00:00+00:00,0.0
2018-06-03 19:00:00+00:00,0.0
2018-06-03 20:00:00+00:00,0.0
2018-06-03 21:00:00+00:00,0.0
2018-06-03 22:00:00+00:00,0.0
2018-06-03 23:00:00+00:00,0.0
2018-06-04 00:00:00+00:00,0.0
2018-06-04 01:00:00+00:00,0.0
2018-06-04 02:00:00+00:00,0.0
2018-06-04 03:00:00+00:00,27.197794297439366
2018-06-04 04:00:00+00:00,73.36249237698513
2018-06-04 05:00:00+00:00,163.91454707974276
2018-06-04 06:00:00+00:00,256.89272002729956
2018-06-04 07:00:00+00:00,328.57743305505664
2018-06-04 08:00:00+00:00,377.1238649031612
2018-06-04 09:00:00+00:00,401.46004522055404
2018-06-04 10:00:00+00:00,388.81385865042137
2018-06-04 11:00:00+00:00,343.72454426965635
2018-06-04 12:00:00+00:00,319.5149700244677
2018-06-04 13:00:00+00:00,245.82751161728953
2018-06-04 14:00:00+00:00,153.33340719122313
2018-06-04 15:00:00+00:00,57.89935201410012
2018-06-04 16:00:00+00:00,0.8850776587416224
2018-06-04 17:00:00+00:00,0.0
2018-06-04 18:00:00+00:00,0.0
2018-06-04 19:00:00+00:00,0.0
2018-06-04 20:00:00+00:00,0.0
2018-06-04 21:00:00+00:00,0.0
2018-06-04 22:00:00+00:00,0.0
2018-06-04 23:00:00+00:00,0.0
2018-06-05 00:00:00+00:00,0.0
2018-06-05 01:00:00+00:00,0.0
2018-06-05 02:00:00+00:00,0.0
2018-06-05 03:00:00+00:00,26.29877992481086
2018-06-05 04:00:00+00:00,72.11217511015047
2018-06-05 05:00:00+00:00,167.2301956249261
2018-06-05 06:00:00+00:00,256.6157311083176
2018-06-05 07:00:00+00:00,328.0762923917938
2018-06-05 08:00:00+00:00,376.57600462978615
2018-06-05 09:00:00+00:00,399.389891944733
2018-06-05 10:00:00+00:00,397.35277427651766
2018-06-05 11:00:00+00:00,370.2916277888414
2018-06-05 12:00:00+00:00,307.6532329511869
2018-06-05 13:00:00+00:00,243.03236878603462
2018-06-05 14:00:00+00:00,151.71928206528997
2018-06-05 15:00:00+00:00,57.817077634840174
2018-06-05 16:00:00+00:00,1.0231241664291497
2018-06-05 17:00:00+00:00,0.0
2018-06-05 18:00:00+00:00,0.0
2018-06-05 19:00:00+00:00,0.0
2018-06-05 20:00:00+00:00,0.0
2018-06-05 21:00:00+00:00,0.0
2018-06-05 22:00:00+00:00,0.0
2018-06-05 23:00:00+00:00,0.0
2018-06-06 00:00:00+00:00,0.0
2018-06-06 01:00:00+00:00,0.0
2018-06-06 02:00:00+00:00,0.0
2018-06-06 03:00:00+00:00,26.935982192313553
2018-06-06 04:00:00+00:00,71.88741352218587
2018-06-06 05:00:00+00:00,163.18663668371508
2018-06-06 06:00:00+00:00,249.19042381071628
2018-06-06 07:00:00+00:00,318.77827683101
2018-06-06 08:00:00+00:00,365.8229372066706
2018-06-06 09:00:00+00:00,388.9489369835865
2018-06-06 10:00:00+00:00,387.4716620831779
2018-06-06 11:00:00+00:00,361.3078478409743
2018-06-06 12:00:00+00:00,311.3086167794618
2018-06-06 13:00:00+00:00,239.04821581572622
2018-06-06 14:00:00+00:00,149.74111477938226
2018-06-06 15:00:00+00:00,57.177031222477424
2018-06-06 16:00:00+00:00,1.2088253259087487
2018-06-06 17:00:00+00:00,0.0
2018-06-06 18:00:00+00:00,0.0
2018-06-06 19:00:00+00:00,0.0
2018-06-06 20:00:00+00:00,0.0
2018-06-06 21:00:00+00:00,0.0
2018-06-06 22:00:00+00:00,0.0
2018-06-06 23:00:00+00:00,0.0
2018-06-07 00:00:00+00:00,0.0
2018-06-07 01:00:00+00:00,0.0
2018-06-07 02:00:00+00:00,0.0
2018-06-07 03:00:00+00:00,25.957087489705074
2018-06-07 04:00:00+00:00,71.1267896492222
2018-06-07 05:00:00+00:00,164.00101733132777
2018-06-07 06:00:00+00:00,250.34687266802752
2018-06-07 07:00:00+00:00,318.316136593917
2018-06-07 08:00:00+00:00,363.45612523836576
2018-06-07 09:00:00+00:00,382.8620329170234
2018-06-07 10:00:00+00:00,380.6211419708507
2018-06-07 11:00:00+00:00,354.27814579725464
2018-06-07 12:00:00+00:00,300.1843747533722
2018-06-07 13:00:00+00:00,229.3261895558343
2018-06-07 14:00:00+00:00,142.94433520647735
2018-06-07 15:00:00+00:00,55.32833599955976
2018-06-07 16:00:00+00:00,0.19453153644724608
2018-06-07 17:00:00+00:00,0.0
2018-06-07 18:00:00+00:00,0.0
2018-06-07 19:00:00+00:00,0.0
2018-06-07 20:00:00+00:00,0.0
2018-06-07 21:00:00+00:00,0.0
2018-06-07 22:00:00+00:00,0.0
2018-06-07 23:00:00+00:00,0.0
2018-06-08 00:00:00+00:00,0.0
2018-06-08 01:00:00+00:00,0.0
2018-06-08 02:00:00+00:00,0.0
2018-06-08 03:00:00+00:00,35.36608430293931
2018-06-08 04:00:00+00:00,84.20191667381908
2018-06-08 05:00:00+00:00,166.93076305404645
2018-06-08 06:00:00+00:00,247.0606094400576
2018-06-08 07:00:00+00:00,311.8239487216947
2018-06-08 08:00:00+00:00,355.83188013034214
2018-06-08 09:00:00+00:00,374.98405642572027
2018-06-08 10:00:00+00:00,373.4068671104126
2018-06-08 11:00:00+00:00,348.0493836816317
2018-06-08 12:00:00+00:00,299.05293546184396
2018-06-08 13:00:00+00:00,229.60156450373617
2018-06-08 14:00:00+00:00,144.18920149494494
2018-06-08 15:00:00+00:00,56.78388845723536
2018-06-08 16:00:00+00:00,1.5524193121881271
2018-06-08 17:00:00+00:00,0.0
2018-06-08 18:00:00+00:00,0.0
2018-06-08 19:00:00+00:00,0.0
2018-06-08 20:00:00+00:00,0.0
2018-06-08 21:00:00+00:00,0.0
2018-06-08 22:00:00+00:00,0.0
2018-06-08 23:00:00+00:00,0.0
2018-06-09 00:00:00+00:00,0.0
2018-06-09 01:00:00+00:00,0.0
2018-06-09 02:00:00+00:00,0.0
2018-06-09 03:00:00+00:00,29.892568373543643
2018-06-09 04:00:00+00:00,75.37329448892855
2018-06-09 05:00:00+00:00,167.10732041584708
2018-06-09 06:00:00+00:00,253.87262999059948
2018-06-09 07:00:00+00:00,323.49742838303604
2018-06-09 08:00:00+00:00,371.4116840958077
2018-06-09 09:00:00+00:00,397.18734072001394
2018-06-09 10:00:00+00:00,397.87856252845074
2018-06-09 11:00:00+00:00,373.1641750982757
2018-06-09 12:00:00+00:00,323.6955731539192
2018-06-09 13:00:00+00:00,251.08604072210915
2018-06-09 14:00:00+00:00,158.88352175048993
2018-06-09 15:00:00+00:00,61.0843270502852
2018-06-09 16:00:00+00:00,2.605490892871549
2018-06-09 17:00:00+00:00,0.0
2018-06-09 18:00:00+00:00,0.0
2018-06-09 19:00:00+00:00,0.0
2018-06-09 20:00:00+00:00,0.0
2018-06-09 21:00:00+00:00,0.0
2018-06-09 22:00:00+00:00,0.0
2018-06-09 23:00:00+00:00,0.0
2018-06-10 00:00:00+00:00,0.0
2018-06-10 01:00:00+00:00,0.0
2018-06-10 02:00:00+00:00,0.0
2018-06-10 03:00:00+00:00,28.639070273040012
2018-06-10 04:00:00+00:00,72.85550748686654
2018-06-10 05:00:00+00:00,163.5739834247115
2018-06-10 06:00:00+00:00,249.2937566667104
2018-06-10 07:00:00+00:00,318.3147294732189
2018-06-10 08:00:00+00:00,364.8149728572449
2018-06-10 09:00:00+00:00,385.29190864958787
2018-06-10 10:00:00+00:00,382.3311736539687
2018-06-10 11:00:00+00:00,354.6329684861996
2018-06-10 12:00:00+00:00,302.61626641073076
2018-06-10 13:00:00+00:00,230.39352709307403
2018-06-10 14:00:00+00:00,143.35579176698283
2018-06-10 15:00:00+00:00,56.508323851043215
2018-06-10 16:00:00+00:00,1.9683974278490655
2018-06-10 17:00:00+00:00,0.0
2018-06-10 18:00:00+00:00,0.0
2018-06-10 19:00:00+00:00,0.0
2018-06-10 20:00:00+00:00,0.0
2018-06-10 21:00:00+00:00,0.0
2018-06-10 22:00:00+00:00,0.0
2018-06-10 23:00:00+00:00,0.0
2018-06-11 00:00:00+00:00,0.0
2018-06-11 01:00:00+00:00,0.0
2018-06-11 02:00:00+00:00,0.0
2018-06-11 03:00:00+00:00,32.60311117392705
2018-06-11 04:00:00+00:00,77.78654327761446
2018-06-11 05:00:00+00:00,162.89459593962872
2018-06-11 06:00:00+00:00,247.66255183051635
2018-06-11 07:00:00+00:00,317.2948171018668
2018-06-11 08:00:00+00:00,365.1251330586971
2018-06-11 09:00:00+00:00,389.75148362018945
2018-06-11 10:00:00+00:00,389.1958091693215
2018-06-11 11:00:00+00:00,363.47305844729135
2018-06-11 12:00:00+00:00,315.3030741384275
2018-06-11 13:00:00+00:00,242.65663678223981
2018-06-11 14:00:00+00:00,151.98831348091784
2018-06-11 15:00:00+00:00,59.0332839629923
2018-06-11 16:00:00+00:00,3.687977316276012
2018-06-11 17:00:00+00:00,0.0
2018-06-11 18:00:00+00:00,0.0
2018-06-11 19:00:00+00:00,0.0
2018-06-11 20:00:00+00:00,0.0
2018-06-11 21:00:00+00:00,0.0
2018-06-11 22:00:00+00:00,0.0
2018-06-11 23:00:00+00:00,0.0
2018-06-12 00:00:00+00:00,0.0
2018-06-12 01:00:00+00:00,0.0
2018-06-12 02:00:00+00:00,0.0
2018-06-12 03:00:00+00:00,29.15168031857413
2018-06-12 04:00:00+00:00,74.04769312045826
2018-06-12 05:00:00+00:00,162.81599080748782
2018-06-12 06:00:00+00:00,248.54803318660382
2018-06-12 07:00:00+00:00,318.1075870485971
2018-06-12 08:00:00+00:00,365.9482502852493
2018-06-12 09:00:00+00:00,359.9603068802586
2018-06-12 10:00:00+00:00,376.91900572787745
2018-06-12 11:00:00+00:00,289.28916863901355
2018-06-12 12:00:00+00:00,276.6990288255099
2018-06-12 13:00:00+00:00,215.07457198210804
2018-06-12 14:00:00+00:00,118.4583357400861
2018-06-12 15:00:00+00:00,53.46100163991099
2018-06-12 16:00:00+00:00,3.225407295301686
2018-06-12 17:00:00+00:00,0.0
2018-06-12 18:00:00+00:00,0.0
2018-06-12 19:00:00+00:00,0.0
2018-06-12 20:00:00+00:00,0.0
2018-06-12 21:00:00+00:00,0.0
2018-06-12 22:00:00+00:00,0.0
2018-06-12 23:00:00+00:00,0.0
2018-06-13 00:00:00+00:00,0.0
2018-06-13 01:00:00+00:00,0.0
2018-06-13 02:00:00+00:00,0.0
2018-06-13 03:00:00+00:00,32.36002451748428
2018-06-13 04:00:00+00:00,75.94059532980583
2018-06-13 05:00:00+00:00,164.56404540451018
2018-06-13 06:00:00+00:00,241.90393687886788
2018-06-13 07:00:00+00:00,319.9223755987019
2018-06-13 08:00:00+00:00,322.24475244304296
2018-06-13 09:00:00+00:00,354.43472051916945
2018-06-13 10:00:00+00:00,359.86368920519044
2018-06-13 11:00:00+00:00,319.67004166692
2018-06-13 12:00:00+00:00,248.6978475889586
2018-06-13 13:00:00+00:00,235.50660161598023
2018-06-13 14:00:00+00:00,148.97865430864854
2018-06-13 15:00:00+00:00,59.28683552112892
2018-06-13 16:00:00+00:00,4.140565840345154
2018-06-13 17:00:00+00:00,0.0
2018-06-13 18:00:00+00:00,0.0
2018-06-13 19:00:00+00:00,0.0
2018-06-13 20:00:00+00:00,0.0
2018-06-13 21:00:00+00:00,0.0
2018-06-13 22:00:00+00:00,0.0
2018-06-13 23:00:00+00:00,0.0
2018-06-14 00:00:00+00:00,0.0
2018-06-14 01:00:00+00:00,0.0
2018-06-14 02:00:00+00:00,0.0
2018-06-14 03:00:00+00:00,24.52103657086279
2018-06-14 04:00:00+00:00,67.13241861049003
2018-06-14 05:00:00+00:00,160.10870774898862
2018-06-14 06:00:00+00:00,247.96406696656882
2018-06-14 07:00:00+00:00,318.80317791232085
2018-06-14 08:00:00+00:00,367.4107473002863
2018-06-14 09:00:00+00:00,391.65576033093845
2018-06-14 10:00:00+00:00,390.44771939677355
2018-06-14 11:00:00+00:00,363.7381978626489
2018-06-14 12:00:00+00:00,314.20713765694086
2018-06-14 13:00:00+00:00,240.94369789091246
2018-06-14 14:00:00+00:00,151.56763177523527
2018-06-14 15:00:00+00:00,60.07239457453816
2018-06-14 16:00:00+00:00,4.180437045317813
2018-06-14 17:00:00+00:00,0.0
2018-06-14 18:00:00+00:00,0.0
2018-06-14 19:00:00+00:00,0.0
2018-06-14 20:00:00+00:00,0.0
2018-06-14 21:00:00+00:00,0.0
2018-06-14 22:00:00+00:00,0.0
2018-06-14 23:00:00+00:00,0.0
2018-06-15 00:00:00+00:00,0.0
2018-06-15 01:00:00+00:00,0.0
2018-06-15 02:00:00+00:00,0.0
2018-06-15 03:00:00+00:00,25.51996601851199
2018-06-15 04:00:00+00:00,68.68975501884147
2018-06-15 05:00:00+00:00,162.45488579639135
2018-06-15 06:00:00+00:00,251.1744065243155
2018-06-15 07:00:00+00:00,322.9211652817172
2018-06-15 08:00:00+00:00,371.80646984752593
2018-06-15 09:00:00+00:00,396.6366665149393
2018-06-15 10:00:00+00:00,396.9406712286999
2018-06-15 11:00:00+00:00,371.6717597721808
2018-06-15 12:00:00+00:00,322.2814097039858
2018-06-15 13:00:00+00:00,249.52198819653825
2018-06-15 14:00:00+00:00,158.76699879323357
2018-06-15 15:00:00+00:00,62.885596266273566
2018-06-15 16:00:00+00:00,5.678738135461012
2018-06-15 17:00:00+00:00,0.0
2018-06-15 18:00:00+00:00,0.0
2018-06-15 19:00:00+00:00,0.0
2018-06-15 20:00:00+00:00,0.0
2018-06-15 21:00:00+00:00,0.0
2018-06-15 22:00:00+00:00,0.0
2018-06-15 23:00:00+00:00,0.0
2018-06-16 00:00:00+00:00,0.0
2018-06-16 01:00:00+00:00,0.0
2018-06-16 02:00:00+00:00,0.0
2018-06-16 03:00:00+00:00,32.17886527676976
2018-06-16 04:00:00+00:00,78.32278950033836
2018-06-16 05:00:00+00:00,161.2205585074155
2018-06-16 06:00:00+00:00,241.497395741415
2018-06-16 07:00:00+00:00,307.20373374547796
2018-06-16 08:00:00+00:00,350.82296144008467
2018-06-16 09:00:00+00:00,374.44255478486895
2018-06-16 10:00:00+00:00,370.69532895358265
2018-06-16 11:00:00+00:00,343.6498077326498
2018-06-16 12:00:00+00:00,296.58470877124364
2018-06-16 13:00:00+00:00,226.57302494941607
2018-06-16 14:00:00+00:00,127.34550051729487
2018-06-16 15:00:00+00:00,36.63109925962594
2018-06-16 16:00:00+00:00,1.3040717672957536
2018-06-16 17:00:00+00:00,0.0
2018-06-16 18:00:00+00:00,0.0
2018-06-16 19:00:00+00:00,0.0
2018-06-16 20:00:00+00:00,0.0
2018-06-16 21:00:00+00:00,0.0
2018-06-16 22:00:00+00:00,0.0
2018-06-16 23:00:00+00:00,0.0
2018-06-17 00:00:00+00:00,0.0
2018-06-17 01:00:00+00:00,0.0
2018-06-17 02:00:00+00:00,0.0
2018-06-17 03:00:00+00:00,26.908065257330414
2018-06-17 04:00:00+00:00,85.5700146127026
2018-06-17 05:00:00+00:00,161.16750614681368
2018-06-17 06:00:00+00:00,237.7846712843271
2018-06-17 07:00:00+00:00,301.31318272334374
2018-06-17 08:00:00+00:00,345.54465186348284
2018-06-17 09:00:00+00:00,368.73618675576154
2018-06-17 10:00:00+00:00,366.88093972422456
2018-06-17 11:00:00+00:00,341.0841744413544
2018-06-17 12:00:00+00:00,295.1436813635903
2018-06-17 13:00:00+00:00,225.5564517593022
2018-06-17 14:00:00+00:00,141.44976533556297
2018-06-17 15:00:00+00:00,57.23798826451885
2018-06-17 16:00:00+00:00,2.21867758461981
2018-06-17 17:00:00+00:00,0.0
2018-06-17 18:00:00+00:00,0.0
2018-06-17 19:00:00+00:00,0.0
2018-06-17 20:00:00+00:00,0.0
2018-06-17 21:00:00+00:00,0.0
2018-06-17 22:00:00+00:00,0.0
2018-06-17 23:00:00+00:00,0.0
2018-06-18 00:00:00+00:00,0.0
2018-06-18 01:00:00+00:00,0.0
2018-06-18 02:00:00+00:00,0.0
2018-06-18 03:00:00+00:00,31.514815082426782
2018-06-18 04:00:00+00:00,80.24815840879171
2018-06-18 05:00:00+00:00,161.62651069609822
2018-06-18 06:00:00+00:00,241.4468113226622
2018-06-18 07:00:00+00:00,307.37139572645674
2018-06-18 08:00:00+00:00,353.31427483390974
2018-06-18 09:00:00+00:00,376.6386673422823
2018-06-18 10:00:00+00:00,351.18529240558325
2018-06-18 11:00:00+00:00,337.6480935666635
2018-06-18 12:00:00+00:00,300.87623981435127
2018-06-18 13:00:00+00:00,230.92075024755633
2018-06-18 14:00:00+00:00,145.73101516994706
2018-06-18 15:00:00+00:00,59.13826278730943
2018-06-18 16:00:00+00:00,3.2974727874456047
2018-06-18 17:00:00+00:00,0.0
2018-06-18 18:00:00+00:00,0.0
2018-06-18 19:00:00+00:00,0.0
2018-06-18 20:00:00+00:00,0.0
2018-06-18 21:00:00+00:00,0.0
2018-06-18 22:00:00+00:00,0.0
2018-06-18 23:00:00+00:00,0.0
2018-06-19 00:00:00+00:00,0.0
2018-06-19 01:00:00+00:00,0.0
2018-06-19 02:00:00+00:00,0.0
2018-06-19 03:00:00+00:00,32.30325462982903
2018-06-19 04:00:00+00:00,78.47254432946224
2018-06-19 05:00:00+00:00,162.6357790060144
2018-06-19 06:00:00+00:00,245.02154955565936
2018-06-19 07:00:00+00:00,313.2197819848967
2018-06-19 08:00:00+00:00,359.8687232762457
2018-06-19 09:00:00+00:00,383.57269979942635
2018-06-19 10:00:00+00:00,383.792262827689
2018-06-19 11:00:00+00:00,359.0878191651
2018-06-19 12:00:00+00:00,310.3104759043849
2018-06-19 13:00:00+00:00,239.1015567113581
2018-06-19 14:00:00+00:00,151.5364720100383
2018-06-19 15:00:00+00:00,61.124001705638996
2018-06-19 16:00:00+00:00,5.0039290723326975
2018-06-19 17:00:00+00:00,0.0
2018-06-19 18:00:00+00:00,0.0
2018-06-19 19:00:00+00:00,0.0
2018-06-19 20:00:00+00:00,0.0
2018-06-19 21:00:00+00:00,0.0
2018-06-19 22:00:00+00:00,0.0
2018-06-19 23:00:00+00:00,0.0
2018-06-20 00:00:00+00:00,0.0
2018-06-20 01:00:00+00:00,0.0
2018-06-20 02:00:00+00:00,0.0
2018-06-20 03:00:00+00:00,25.01371269328657
2018-06-20 04:00:00+00:00,65.88116767108633
2018-06-20 05:00:00+00:00,158.4010133964454
2018-06-20 06:00:00+00:00,246.3103471713605
2018-06-20 07:00:00+00:00,317.73160448451785
2018-06-20 08:00:00+00:00,366.9597728966715
2018-06-20 09:00:00+00:00,392.1995070108944
2018-06-20 10:00:00+00:00,392.9358771877222
2018-06-20 11:00:00+00:00,369.0820200104442
2018-06-20 12:00:00+00:00,320.4018287157413
2018-06-20 13:00:00+00:00,248.99407056450423
2018-06-20 14:00:00+00:00,158.89101813152973
2018-06-20 15:00:00+00:00,63.56718356496092
2018-06-20 16:00:00+00:00,5.952369535286756
2018-06-20 17:00:00+00:00,0.0
2018-06-20 18:00:00+00:00,0.0
2018-06-20 19:00:00+00:00,0.0
2018-06-20 20:00:00+00:00,0.0
2018-06-20 21:00:00+00:00,0.0
2018-06-20 22:00:00+00:00,0.0
2018-06-20 23:00:00+00:00,0.0
2018-06-21 00:00:00+00:00,0.0
2018-06-21 01:00:00+00:00,0.0
2018-06-21 02:00:00+00:00,0.0
2018-06-21 03:00:00+00:00,24.32419933743457
2018-06-21 04:00:00+00:00,66.03774397935983
2018-06-21 05:00:00+00:00,159.36776770378043
2018-06-21 06:00:00+00:00,246.84536026303243
2018-06-21 07:00:00+00:00,317.1889115897463
2018-06-21 08:00:00+00:00,365.18111874599805
2018-06-21 09:00:00+00:00,384.3328369056473
2018-06-21 10:00:00+00:00,381.5465076626388
2018-06-21 11:00:00+00:00,354.80999563860115
2018-06-21 12:00:00+00:00,310.2901121517252
2018-06-21 13:00:00+00:00,239.09844400845992
2018-06-21 14:00:00+00:00,150.34965892687148
2018-06-21 15:00:00+00:00,60.296617053399665
2018-06-21 16:00:00+00:00,3.9402463773684118
2018-06-21 17:00:00+00:00,0.0
2018-06-21 18:00:00+00:00,0.0
2018-06-21 19:00:00+00:00,0.0
2018-06-21 20:00:00+00:00,0.0
2018-06-21 21:00:00+00:00,0.0
2018-06-21 22:00:00+00:00,0.0
2018-06-21 23:00:00+00:00,0.0
2018-06-22 00:00:00+00:00,0.0
2018-06-22 01:00:00+00:00,0.0
2018-06-22 02:00:00+00:00,0.0
2018-06-22 03:00:00+00:00,30.90996423770985
2018-06-22 04:00:00+00:00,76.30210978166129
2018-06-22 05:00:00+00:00,158.84670895119115
2018-06-22 06:00:00+00:00,239.88226516752212
2018-06-22 07:00:00+00:00,306.685802560728
2018-06-22 08:00:00+00:00,352.9815628409309
2018-06-22 09:00:00+00:00,376.6218108155596
2018-06-22 10:00:00+00:00,374.91371402641806
2018-06-22 11:00:00+00:00,349.05700415686124
2018-06-22 12:00:00+00:00,299.97694980276043
2018-06-22 13:00:00+00:00,229.9810400710664
2018-06-22 14:00:00+00:00,145.31655186690648
2018-06-22 15:00:00+00:00,59.55635224662106
2018-06-22 16:00:00+00:00,3.8803129066968665
2018-06-22 17:00:00+00:00,0.0
2018-06-22 18:00:00+00:00,0.0
2018-06-22 19:00:00+00:00,0.0
2018-06-22 20:00:00+00:00,0.0
2018-06-22 21:00:00+00:00,0.0
2018-06-22 22:00:00+00:00,0.0
2018-06-22 23:00:00+00:00,0.0
2018-06-23 00:00:00+00:00,0.0
2018-06-23 01:00:00+00:00,0.0
2018-06-23 02:00:00+00:00,0.0
2018-06-23 03:00:00+00:00,29.254037564161887
2018-06-23 04:00:00+00:00,71.37624124220167
2018-06-23 05:00:00+00:00,157.2072858929821
2018-06-23 06:00:00+00:00,240.76446626953032
2018-06-23 07:00:00+00:00,309.1988450964835
2018-06-23 08:00:00+00:00,356.7138269728814
2018-06-23 09:00:00+00:00,382.7283571694899
2018-06-23 10:00:00+00:00,382.751401579525
2018-06-23 11:00:00+00:00,358.2947020978737
2018-06-23 12:00:00+00:00,306.19115993710744
2018-06-23 13:00:00+00:00,234.6729243128877
2018-06-23 14:00:00+00:00,147.13162955291324
2018-06-23 15:00:00+00:00,60.16831519496992
2018-06-23 16:00:00+00:00,3.324766087823297
2018-06-23 17:00:00+00:00,0.0
2018-06-23 18:00:00+00:00,0.0
2018-06-23 19:00:00+00:00,0.0
2018-06-23 20:00:00+00:00,0.0
2018-06-23 21:00:00+00:00,0.0
2018-06-23 22:00:00+00:00,0.0
2018-06-23 23:00:00+00:00,0.0
2018-06-24 00:00:00+00:00,0.0
2018-06-24 01:00:00+00:00,0.0
2018-06-24 02:00:00+00:00,0.0
2018-06-24 03:00:00+00:00,30.13605408025316
2018-06-24 04:00:00+00:00,71.4253992938096
2018-06-24 05:00:00+00:00,159.05939325576145
2018-06-24 06:00:00+00:00,244.17200969707494
2018-06-24 07:00:00+00:00,313.81528534430777
2018-06-24 08:00:00+00:00,361.5409606699303
2018-06-24 09:00:00+00:00,384.8574858540552
2018-06-24 10:00:00+00:00,384.53712263719683
2018-06-24 11:00:00+00:00,359.19566687401
2018-06-24 12:00:00+00:00,311.2205301363724
2018-06-24 13:00:00+00:00,240.73780376208651
2018-06-24 14:00:00+00:00,153.21405484645177
2018-06-24 15:00:00+00:00,62.54339924621408
2018-06-24 16:00:00+00:00,5.651320147323333
2018-06-24 17:00:00+00:00,0.0
2018-06-24 18:00:00+00:00,0.0
2018-06-24 19:00:00+00:00,0.0
2018-06-24 20:00:00+00:00,0.0
2018-06-24 21:00:00+00:00,0.0
2018-06-24 22:00:00+00:00,0.0
2018-06-24 23:00:00+00:00,0.0
2018-06-25 00:00:00+00:00,0.0
2018-06-25 01:00:00+00:00,0.0
2018-06-25 02:00:00+00:00,0.0
2018-06-25 03:00:00+00:00,27.990167420163054
2018-06-25 04:00:00+00:00,69.20189328131343
2018-06-25 05:00:00+00:00,158.3544658939985
2018-06-25 06:00:00+00:00,243.7930512958822
2018-06-25 07:00:00+00:00,312.97548540756736
2018-06-25 08:00:00+00:00,359.6039236023543
2018-06-25 09:00:00+00:00,384.41612416890234
2018-06-25 10:00:00+00:00,383.7801347544252
2018-06-25 11:00:00+00:00,359.21593928492115
2018-06-25 12:00:00+00:00,311.88257796735917
2018-06-25 13:00:00+00:00,242.04151034746064
2018-06-25 14:00:00+00:00,154.94029387216634
2018-06-25 15:00:00+00:00,63.54279299743495
2018-06-25 16:00:00+00:00,6.112656378122387
2018-06-25 17:00:00+00:00,0.0
2018-06-25 18:00:00+00:00,0.0
2018-06-25 19:00:00+00:00,0.0
2018-06-25 20:00:00+00:00,0.0
2018-06-25 21:00:00+00:00,0.0
2018-06-25 22:00:00+00:00,0.0
2018-06-25 23:00:00+00:00,0.0
2018-06-26 00:00:00+00:00,0.0
2018-06-26 01:00:00+00:00,0.0
2018-06-26 02:00:00+00:00,0.0
2018-06-26 03:00:00+00:00,30.852699192063426
2018-06-26 04:00:00+00:00,73.79291639426197
2018-06-26 05:00:00+00:00,159.318989904175
2018-06-26 06:00:00+00:00,242.01834519974034
2018-06-26 07:00:00+00:00,309.23330320455074
2018-06-26 08:00:00+00:00,355.0953960971818
2018-06-26 09:00:00+00:00,377.8220570915259
2018-06-26 10:00:00+00:00,376.45476568115987
2018-06-26 11:00:00+00:00,351.42465296329965
2018-06-26 12:00:00+00:00,303.0943059735842
2018-06-26 13:00:00+00:00,234.13369490358482
2018-06-26 14:00:00+00:00,149.36498026034798
2018-06-26 15:00:00+00:00,62.21896721849963
2018-06-26 16:00:00+00:00,5.139886768381452
2018-06-26 17:00:00+00:00,0.0
2018-06-26 18:00:00+00:00,0.0
2018-06-26 19:00:00+00:00,0.0
2018-06-26 20:00:00+00:00,0.0
2018-06-26 21:00:00+00:00,0.0
2018-06-26 22:00:00+00:00,0.0
2018-06-26 23:00:00+00:00,0.0
2018-06-27 00:00:00+00:00,0.0
2018-06-27 01:00:00+00:00,0.0
2018-06-27 02:00:00+00:00,0.0
2018-06-27 03:00:00+00:00,28.873610855564245
2018-06-27 04:00:00+00:00,69.39624795994953
2018-06-27 05:00:00+00:00,156.56482838430156
2018-06-27 06:00:00+00:00,241.40616634761392
2018-06-27 07:00:00+00:00,310.8043344371312
2018-06-27 08:00:00+00:00,358.37523589226805
2018-06-27 09:00:00+00:00,384.16750814170126
2018-06-27 10:00:00+00:00,385.48723282969956
2018-06-27 11:00:00+00:00,361.85575058416714
2018-06-27 12:00:00+00:00,316.53684915065594
2018-06-27 13:00:00+00:00,247.8909862968469
2018-06-27 14:00:00+00:00,160.09228892417963
2018-06-27 15:00:00+00:00,66.26090819437307
2018-06-27 16:00:00+00:00,6.754781342505776
2018-06-27 17:00:00+00:00,0.0
2018-06-27 18:00:00+00:00,0.0
2018-06-27 19:00:00+00:00,0.0
2018-06-27 20:00:00+00:00,0.0
2018-06-27 21:00:00+00:00,0.0
2018-06-27 22:00:00+00:00,0.0
2018-06-27 23:00:00+00:00,0.0
2018-06-28 00:00:00+00:00,0.0
2018-06-28 01:00:00+00:00,0.0
2018-06-28 02:00:00+00:00,0.0
2018-06-28 03:00:00+00:00,28.637207116300935
2018-06-28 04:00:00+00:00,70.50112325694485
2018-06-28 05:00:00+00:00,157.3727102202696
2018-06-28 06:00:00+00:00,241.05766251066217
2018-06-28 07:00:00+00:00,309.414463484475
2018-06-28 08:00:00+00:00,356.92791247527003
2018-06-28 09:00:00+00:00,379.6358593827905
2018-06-28 10:00:00+00:00,379.2645407648042
2018-06-28 11:00:00+00:00,354.8400466739534
2018-06-28 12:00:00+00:00,309.556865654086
2018-06-28 13:00:00+00:00,239.33084742772462
2018-06-28 14:00:00+00:00,152.4147338649928
2018-06-28 15:00:00+00:00,63.045567166302206
2018-06-28 16:00:00+00:00,4.842765819457615
2018-06-28 17:00:00+00:00,0.0
2018-06-28 18:00:00+00:00,0.0
2018-06-28 19:00:00+00:00,0.0
2018-06-28 20:00:00+00:00,0.0
2018-06-28 21:00:00+00:00,0.0
2018-06-28 22:00:00+00:00,0.0
2018-06-28 23:00:00+00:00,0.0
2018-06-29 00:00:00+00:00,0.0
2018-06-29 01:00:00+00:00,0.0
2018-06-29 02:00:00+00:00,0.0
2018-06-29 03:00:00+00:00,31.75961748791206
2018-06-29 04:00:00+00:00,75.97243346344108
2018-06-29 05:00:00+00:00,161.20204732901084
2018-06-29 06:00:00+00:00,244.70360685765613
2018-06-29 07:00:00+00:00,312.5124189552972
2018-06-29 08:00:00+00:00,358.74153067387266
2018-06-29 09:00:00+00:00,384.44210972734663
2018-06-29 10:00:00+00:00,384.7734423541186
2018-06-29 11:00:00+00:00,361.2081019635256
2018-06-29 12:00:00+00:00,313.5987012531708
2018-06-29 13:00:00+00:00,243.40439148620004
2018-06-29 14:00:00+00:00,155.97645410007328
2018-06-29 15:00:00+00:00,64.27922173101206
2018-06-29 16:00:00+00:00,5.651623337681719
2018-06-29 17:00:00+00:00,0.0
2018-06-29 18:00:00+00:00,0.0
2018-06-29 19:00:00+00:00,0.0
2018-06-29 20:00:00+00:00,0.0
2018-06-29 21:00:00+00:00,0.0
2018-06-29 22:00:00+00:00,0.0
2018-06-29 23:00:00+00:00,0.0
2018-06-30 00:00:00+00:00,0.0
2018-06-30 01:00:00+00:00,0.0
2018-06-30 02:00:00+00:00,0.0
2018-06-30 03:00:00+00:00,28.608403201702103
2018-06-30 04:00:00+00:00,69.20859025402171
2018-06-30 05:00:00+00:00,160.4815395271258
2018-06-30 06:00:00+00:00,248.56725830534572
2018-06-30 07:00:00+00:00,319.35577194992567
2018-06-30 08:00:00+00:00,368.40992083429865
2018-06-30 09:00:00+00:00,395.03873050925716
2018-06-30 10:00:00+00:00,395.83539927069825
2018-06-30 11:00:00+00:00,372.2481444394085
2018-06-30 12:00:00+00:00,322.49511180772276
2018-06-30 13:00:00+00:00,251.39706585703829
2018-06-30 14:00:00+00:00,161.65185129299158
2018-06-30 15:00:00+00:00,66.38036231900804
2018-06-30 16:00:00+00:00,6.6133381368935575
2018-06-30 17:00:00+00:00,0.0
2018-06-30 18:00:00+00:00,0.0
2018-06-30 19:00:00+00:00,0.0
2018-06-30 20:00:00+00:00,0.0
2018-06-30 21:00:00+00:00,0.0
2018-06-30 22:00:00+00:00,0.0
2018-06-30 23:00:00+00:00,0.0
2018-07-01 00:00:00+00:00,0.0
2018-07-01 01:00:00+00:00,0.0
2018-07-01 02:00:00+00:00,0.0
2018-07-01 03:00:00+00:00,29.666390928965026
2018-07-01 04:00:00+00:00,72.48145700909244
2018-07-01 05:00:00+00:00,160.8245905912831
2018-07-01 06:00:00+00:00,245.63411336372744
2018-07-01 07:00:00+00:00,313.76155096901016
2018-07-01 08:00:00+00:00,360.89168973345954
2018-07-01 09:00:00+00:00,382.68933746951893
2018-07-01 10:00:00+00:00,382.1468985186825
2018-07-01 11:00:00+00:00,357.52620056574654
2018-07-01 12:00:00+00:00,311.0832442570279
2018-07-01 13:00:00+00:00,240.7834913950524
2018-07-01 14:00:00+00:00,153.72776658025512
2018-07-01 15:00:00+00:00,63.7948190354079
2018-07-01 16:00:00+00:00,5.07428679450747
2018-07-01 17:00:00+00:00,0.0
2018-07-01 18:00:00+00:00,0.0
2018-07-01 19:00:00+00:00,0.0
2018-07-01 20:00:00+00:00,0.0
2018-07-01 21:00:00+00:00,0.0
2018-07-01 22:00:00+00:00,0.0
2018-07-01 23:00:00+00:00,0.0
2018-07-02 00:00:00+00:00,0.0
2018-07-02 01:00:00+00:00,0.0
2018-07-02 02:00:00+00:00,0.0
2018-07-02 03:00:00+00:00,32.099222406069245
2018-07-02 04:00:00+00:00,85.5105082222386
2018-07-02 05:00:00+00:00,161.85492560097904
2018-07-02 06:00:00+00:00,237.09926544419605
2018-07-02 07:00:00+00:00,299.90780144663574
2018-07-02 08:00:00+00:00,343.25693517416227
2018-07-02 09:00:00+00:00,368.1828113931557
2018-07-02 10:00:00+00:00,366.354212735282
2018-07-02 11:00:00+00:00,341.40900334022916
2018-07-02 12:00:00+00:00,294.1392910238002
2018-07-02 13:00:00+00:00,226.4114021670009
2018-07-02 14:00:00+00:00,143.84301818898106
2018-07-02 15:00:00+00:00,60.28198795774419
2018-07-02 16:00:00+00:00,2.817125957723326
2018-07-02 17:00:00+00:00,0.0
2018-07-02 18:00:00+00:00,0.0
2018-07-02 19:00:00+00:00,0.0
2018-07-02 20:00:00+00:00,0.0
2018-07-02 21:00:00+00:00,0.0
2018-07-02 22:00:00+00:00,0.0
2018-07-02 23:00:00+00:00,0.0
2018-07-03 00:00:00+00:00,0.0
2018-07-03 01:00:00+00:00,0.0
2018-07-03 02:00:00+00:00,0.0
2018-07-03 03:00:00+00:00,31.611158222705203
2018-07-03 04:00:00+00:00,86.65404508437663
2018-07-03 05:00:00+00:00,161.5256804621962
2018-07-03 06:00:00+00:00,236.67431821034796
2018-07-03 07:00:00+00:00,298.34625165080104
2018-07-03 08:00:00+00:00,340.7187100877751
2018-07-03 09:00:00+00:00,365.1889432396796
2018-07-03 10:00:00+00:00,364.41587182776584
2018-07-03 11:00:00+00:00,340.4047815576219
2018-07-03 12:00:00+00:00,286.8639808382187
2018-07-03 13:00:00+00:00,220.48359608011157
2018-07-03 14:00:00+00:00,140.2983834242954
2018-07-03 15:00:00+00:00,58.85416950721394
2018-07-03 16:00:00+00:00,2.476059342645858
2018-07-03 17:00:00+00:00,0.0
2018-07-03 18:00:00+00:00,0.0
2018-07-03 19:00:00+00:00,0.0
2018-07-03 20:00:00+00:00,0.0
2018-07-03 21:00:00+00:00,0.0
2018-07-03 22:00:00+00:00,0.0
2018-07-03 23:00:00+00:00,0.0
2018-07-04 00:00:00+00:00,0.0
2018-07-04 01:00:00+00:00,0.0
2018-07-04 02:00:00+00:00,0.0
2018-07-04 03:00:00+00:00,31.2331254522853
2018-07-04 04:00:00+00:00,79.35412508197874
2018-07-04 05:00:00+00:00,159.32458763045423
2018-07-04 06:00:00+00:00,239.1803820818278
2018-07-04 07:00:00+00:00,304.9742939396774
2018-07-04 08:00:00+00:00,350.7879640897211
2018-07-04 09:00:00+00:00,375.429932209463
2018-07-04 10:00:00+00:00,375.63779914315114
2018-07-04 11:00:00+00:00,352.0116967988795
2018-07-04 12:00:00+00:00,304.0405386128732
2018-07-04 13:00:00+00:00,234.95742028087622
2018-07-04 14:00:00+00:00,149.80099163100311
2018-07-04 15:00:00+00:00,62.842181952661264
2018-07-04 16:00:00+00:00,4.095172533310986
2018-07-04 17:00:00+00:00,0.0
2018-07-04 18:00:00+00:00,0.0
2018-07-04 19:00:00+00:00,0.0
2018-07-04 20:00:00+00:00,0.0
2018-07-04 21:00:00+00:00,0.0
2018-07-04 22:00:00+00:00,0.0
2018-07-04 23:00:00+00:00,0.0
2018-07-05 00:00:00+00:00,0.0
2018-07-05 01:00:00+00:00,0.0
2018-07-05 02:00:00+00:00,0.0
2018-07-05 03:00:00+00:00,31.056469168249095
2018-07-05 04:00:00+00:00,75.86064367834699
2018-07-05 05:00:00+00:00,157.13121470795244
2018-07-05 06:00:00+00:00,238.79109174162645
2018-07-05 07:00:00+00:00,306.51111970323825
2018-07-05 08:00:00+00:00,353.4086154908518
2018-07-05 09:00:00+00:00,380.03395566643155
2018-07-05 10:00:00+00:00,381.211146754562
2018-07-05 11:00:00+00:00,358.59386952737844
2018-07-05 12:00:00+00:00,311.8639315912566
2018-07-05 13:00:00+00:00,243.0777215740515
2018-07-05 14:00:00+00:00,156.64163865219126
2018-07-05 15:00:00+00:00,64.81874904189863
2018-07-05 16:00:00+00:00,6.067019081900648
2018-07-05 17:00:00+00:00,0.0
2018-07-05 18:00:00+00:00,0.0
2018-07-05 19:00:00+00:00,0.0
2018-07-05 20:00:00+00:00,0.0
2018-07-05 21:00:00+00:00,0.0
2018-07-05 22:00:00+00:00,0.0
2018-07-05 23:00:00+00:00,0.0
2018-07-06 00:00:00+00:00,0.0
2018-07-06 01:00:00+00:00,0.0
2018-07-06 02:00:00+00:00,0.0
2018-07-06 03:00:00+00:00,22.78992560903415
2018-07-06 04:00:00+00:00,59.97697154130299
2018-07-06 05:00:00+00:00,153.33489846983846
2018-07-06 06:00:00+00:00,242.66197880026246
2018-07-06 07:00:00+00:00,315.67961713958834
2018-07-06 08:00:00+00:00,366.3308423818342
2018-07-06 09:00:00+00:00,392.6759265728712
2018-07-06 10:00:00+00:00,394.04488612857597
2018-07-06 11:00:00+00:00,370.8199957151779
2018-07-06 12:00:00+00:00,323.0238796341547
2018-07-06 13:00:00+00:00,251.86682183182072
2018-07-06 14:00:00+00:00,161.6181608124513
2018-07-06 15:00:00+00:00,66.48021950664646
2018-07-06 16:00:00+00:00,6.148354191320809
2018-07-06 17:00:00+00:00,0.0
2018-07-06 18:00:00+00:00,0.0
2018-07-06 19:00:00+00:00,0.0
2018-07-06 20:00:00+00:00,0.0
2018-07-06 21:00:00+00:00,0.0
2018-07-06 22:00:00+00:00,0.0
2018-07-06 23:00:00+00:00,0.0
2018-07-07 00:00:00+00:00,0.0
2018-07-07 01:00:00+00:00,0.0
2018-07-07 02:00:00+00:00,0.0
2018-07-07 03:00:00+00:00,21.88280951350248
2018-07-07 04:00:00+00:00,59.57016166322982
2018-07-07 05:00:00+00:00,154.02278350048402
2018-07-07 06:00:00+00:00,244.02903450809163
2018-07-07 07:00:00+00:00,316.9844956911687
2018-07-07 08:00:00+00:00,367.333381700731
2018-07-07 09:00:00+00:00,392.6838535026826
2018-07-07 10:00:00+00:00,393.63714578175916
2018-07-07 11:00:00+00:00,369.8564480410888
2018-07-07 12:00:00+00:00,319.38237264964374
2018-07-07 13:00:00+00:00,248.2775713617016
2018-07-07 14:00:00+00:00,159.5413025104054
2018-07-07 15:00:00+00:00,66.01248514425326
2018-07-07 16:00:00+00:00,6.023933957414938
2018-07-07 17:00:00+00:00,0.0
2018-07-07 18:00:00+00:00,0.0
2018-07-07 19:00:00+00:00,0.0
2018-07-07 20:00:00+00:00,0.0
2018-07-07 21:00:00+00:00,0.0
2018-07-07 22:00:00+00:00,0.0
2018-07-07 23:00:00+00:00,0.0
2018-07-08 00:00:00+00:00,0.0
2018-07-08 01:00:00+00:00,0.0
2018-07-08 02:00:00+00:00,0.0
2018-07-08 03:00:00+00:00,22.690927798299022
2018-07-08 04:00:00+00:00,60.57534528213318
2018-07-08 05:00:00+00:00,151.74361074678333
2018-07-08 06:00:00+00:00,239.30739660847453
2018-07-08 07:00:00+00:00,310.37614195483377
2018-07-08 08:00:00+00:00,359.60199088500053
2018-07-08 09:00:00+00:00,385.4565228802385
2018-07-08 10:00:00+00:00,386.3396258915367
2018-07-08 11:00:00+00:00,362.7083774080406
2018-07-08 12:00:00+00:00,315.1140472294616
2018-07-08 13:00:00+00:00,245.21467929599459
2018-07-08 14:00:00+00:00,157.66289390496107
2018-07-08 15:00:00+00:00,65.06789194786951
2018-07-08 16:00:00+00:00,5.775041640669631
2018-07-08 17:00:00+00:00,0.0
2018-07-08 18:00:00+00:00,0.0
2018-07-08 19:00:00+00:00,0.0
2018-07-08 20:00:00+00:00,0.0
2018-07-08 21:00:00+00:00,0.0
2018-07-08 22:00:00+00:00,0.0
2018-07-08 23:00:00+00:00,0.0
2018-07-09 00:00:00+00:00,0.0
2018-07-09 01:00:00+00:00,0.0
2018-07-09 02:00:00+00:00,0.0
2018-07-09 03:00:00+00:00,24.146323333463442
2018-07-09 04:00:00+00:00,62.751503105607576
2018-07-09 05:00:00+00:00,151.67742642491905
2018-07-09 06:00:00+00:00,238.43682433077402
2018-07-09 07:00:00+00:00,309.15942700477376
2018-07-09 08:00:00+00:00,358.6507077621735
2018-07-09 09:00:00+00:00,384.3980034587247
2018-07-09 10:00:00+00:00,385.9333588581774
2018-07-09 11:00:00+00:00,362.97978616114597
2018-07-09 12:00:00+00:00,313.3699370673496
2018-07-09 13:00:00+00:00,244.4428976976809
2018-07-09 14:00:00+00:00,157.24575535294014
2018-07-09 15:00:00+00:00,65.26252300960415
2018-07-09 16:00:00+00:00,5.778540751021014
2018-07-09 17:00:00+00:00,0.0
2018-07-09 18:00:00+00:00,0.0
2018-07-09 19:00:00+00:00,0.0
2018-07-09 20:00:00+00:00,0.0
2018-07-09 21:00:00+00:00,0.0
2018-07-09 22:00:00+00:00,0.0
2018-07-09 23:00:00+00:00,0.0
2018-07-10 00:00:00+00:00,0.0
2018-07-10 01:00:00+00:00,0.0
2018-07-10 02:00:00+00:00,0.0
2018-07-10 03:00:00+00:00,25.594923818405192
2018-07-10 04:00:00+00:00,65.17902776564077
2018-07-10 05:00:00+00:00,154.35485221241916
2018-07-10 06:00:00+00:00,241.43808347506888
2018-07-10 07:00:00+00:00,312.8996975457585
2018-07-10 08:00:00+00:00,362.3921793129378
2018-07-10 09:00:00+00:00,388.9603758008512
2018-07-10 10:00:00+00:00,390.0737257607259
2018-07-10 11:00:00+00:00,366.8127703754898
2018-07-10 12:00:00+00:00,320.76313266196144
2018-07-10 13:00:00+00:00,250.87161973480374
2018-07-10 14:00:00+00:00,162.4821732724899
2018-07-10 15:00:00+00:00,67.32178102013482
2018-07-10 16:00:00+00:00,6.024034631221827
2018-07-10 17:00:00+00:00,0.0
2018-07-10 18:00:00+00:00,0.0
2018-07-10 19:00:00+00:00,0.0
2018-07-10 20:00:00+00:00,0.0
2018-07-10 21:00:00+00:00,0.0
2018-07-10 22:00:00+00:00,0.0
2018-07-10 23:00:00+00:00,0.0
2018-07-11 00:00:00+00:00,0.0
2018-07-11 01:00:00+00:00,0.0
2018-07-11 02:00:00+00:00,0.0
2018-07-11 03:00:00+00:00,25.64976994591299
2018-07-11 04:00:00+00:00,65.1860637927347
2018-07-11 05:00:00+00:00,156.13255511390943
2018-07-11 06:00:00+00:00,244.18556486425263
2018-07-11 07:00:00+00:00,315.67801025804596
2018-07-11 08:00:00+00:00,364.6739798488251
2018-07-11 09:00:00+00:00,391.8710625651229
2018-07-11 10:00:00+00:00,393.07268946881527
2018-07-11 11:00:00+00:00,369.78198697140175
2018-07-11 12:00:00+00:00,322.17181424629166
2018-07-11 13:00:00+00:00,252.05583687855818
2018-07-11 14:00:00+00:00,163.60985747504242
2018-07-11 15:00:00+00:00,67.81195857971483
2018-07-11 16:00:00+00:00,6.053042822762373
2018-07-11 17:00:00+00:00,0.0
2018-07-11 18:00:00+00:00,0.0
2018-07-11 19:00:00+00:00,0.0
2018-07-11 20:00:00+00:00,0.0
2018-07-11 21:00:00+00:00,0.0
2018-07-11 22:00:00+00:00,0.0
2018-07-11 23:00:00+00:00,0.0
2018-07-12 00:00:00+00:00,0.0
2018-07-12 01:00:00+00:00,0.0
2018-07-12 02:00:00+00:00,0.0
2018-07-12 03:00:00+00:00,26.056293728952166
2018-07-12 04:00:00+00:00,65.62809741840418
2018-07-12 05:00:00+00:00,156.59732879817432
2018-07-12 06:00:00+00:00,245.87172267016808
2018-07-12 07:00:00+00:00,318.3260446036795
2018-07-12 08:00:00+00:00,367.565100989799
2018-07-12 09:00:00+00:00,391.1774887065976
2018-07-12 10:00:00+00:00,392.07386626201867
2018-07-12 11:00:00+00:00,368.86235769603525
2018-07-12 12:00:00+00:00,321.98418957163005
2018-07-12 13:00:00+00:00,251.9036263496547
2018-07-12 14:00:00+00:00,162.98113051557905
2018-07-12 15:00:00+00:00,67.33868981714527
2018-07-12 16:00:00+00:00,5.711436464212845
2018-07-12 17:00:00+00:00,0.0
2018-07-12 18:00:00+00:00,0.0
2018-07-12 19:00:00+00:00,0.0
2018-07-12 20:00:00+00:00,0.0
2018-07-12 21:00:00+00:00,0.0
2018-07-12 22:00:00+00:00,0.0
2018-07-12 23:00:00+00:00,0.0
2018-07-13 00:00:00+00:00,0.0
2018-07-13 01:00:00+00:00,0.0
2018-07-13 02:00:00+00:00,0.0
2018-07-13 03:00:00+00:00,23.48726898400156
2018-07-13 04:00:00+00:00,61.520308204632705
2018-07-13 05:00:00+00:00,156.92641681995588
2018-07-13 06:00:00+00:00,248.17797292089938
2018-07-13 07:00:00+00:00,321.7031679440832
2018-07-13 08:00:00+00:00,372.3839423742895
2018-07-13 09:00:00+00:00,399.7705976349174
2018-07-13 10:00:00+00:00,401.0796120726918
2018-07-13 11:00:00+00:00,377.78016703695675
2018-07-13 12:00:00+00:00,329.6716562058106
2018-07-13 13:00:00+00:00,257.55494348123585
2018-07-13 14:00:00+00:00,165.48270569223186
2018-07-13 15:00:00+00:00,67.81705817614711
2018-07-13 16:00:00+00:00,5.5991449863289695
2018-07-13 17:00:00+00:00,0.0
2018-07-13 18:00:00+00:00,0.0
2018-07-13 19:00:00+00:00,0.0
2018-07-13 20:00:00+00:00,0.0
2018-07-13 21:00:00+00:00,0.0
2018-07-13 22:00:00+00:00,0.0
2018-07-13 23:00:00+00:00,0.0
2018-07-14 00:00:00+00:00,0.0
2018-07-14 01:00:00+00:00,0.0
2018-07-14 02:00:00+00:00,0.0
2018-07-14 03:00:00+00:00,24.544558041300455
2018-07-14 04:00:00+00:00,64.53370968542367
2018-07-14 05:00:00+00:00,153.19936996914376
2018-07-14 06:00:00+00:00,239.93126019214023
2018-07-14 07:00:00+00:00,310.5071904154795
2018-07-14 08:00:00+00:00,359.5055351032471
2018-07-14 09:00:00+00:00,384.78787327232226
2018-07-14 10:00:00+00:00,384.9179842344655
2018-07-14 11:00:00+00:00,360.14873408844244
2018-07-14 12:00:00+00:00,312.68261545059363
2018-07-14 13:00:00+00:00,241.58050617041258
2018-07-14 14:00:00+00:00,153.70613059615567
2018-07-14 15:00:00+00:00,63.27233828914697
2018-07-14 16:00:00+00:00,4.1113978032940635
2018-07-14 17:00:00+00:00,0.0
2018-07-14 18:00:00+00:00,0.0
2018-07-14 19:00:00+00:00,0.0
2018-07-14 20:00:00+00:00,0.0
2018-07-14 21:00:00+00:00,0.0
2018-07-14 22:00:00+00:00,0.0
2018-07-14 23:00:00+00:00,0.0
2018-07-15 00:00:00+00:00,0.0
2018-07-15 01:00:00+00:00,0.0
2018-07-15 02:00:00+00:00,0.0
2018-07-15 03:00:00+00:00,22.690200676663462
2018-07-15 04:00:00+00:00,61.081533114546005
2018-07-15 05:00:00+00:00,151.3719298146846
2018-07-15 06:00:00+00:00,239.26638756954944
2018-07-15 07:00:00+00:00,310.9496742764852
2018-07-15 08:00:00+00:00,360.5153521102794
2018-07-15 09:00:00+00:00,388.3887893898998
2018-07-15 10:00:00+00:00,389.82428319986633
2018-07-15 11:00:00+00:00,366.50879510239935
2018-07-15 12:00:00+00:00,319.0427160092854
2018-07-15 13:00:00+00:00,248.4837893221881
2018-07-15 14:00:00+00:00,159.70573976888465
2018-07-15 15:00:00+00:00,65.63713613240022
2018-07-15 16:00:00+00:00,5.058502739871245
2018-07-15 17:00:00+00:00,0.0
2018-07-15 18:00:00+00:00,0.0
2018-07-15 19:00:00+00:00,0.0
2018-07-15 20:00:00+00:00,0.0
2018-07-15 21:00:00+00:00,0.0
2018-07-15 22:00:00+00:00,0.0
2018-07-15 23:00:00+00:00,0.0
2018-07-16 00:00:00+00:00,0.0
2018-07-16 01:00:00+00:00,0.0
2018-07-16 02:00:00+00:00,0.0
2018-07-16 03:00:00+00:00,21.76918954756369
2018-07-16 04:00:00+00:00,59.662462861795
2018-07-16 05:00:00+00:00,150.7970418880849
2018-07-16 06:00:00+00:00,239.029622578648
2018-07-16 07:00:00+00:00,311.3684829098945
2018-07-16 08:00:00+00:00,361.80725707124594
2018-07-16 09:00:00+00:00,384.9874384107003
2018-07-16 10:00:00+00:00,385.5165484722705
2018-07-16 11:00:00+00:00,361.6076564143637
2018-07-16 12:00:00+00:00,309.4984814188785
2018-07-16 13:00:00+00:00,238.08619656847821
2018-07-16 14:00:00+00:00,150.68948369562008
2018-07-16 15:00:00+00:00,61.3257694610185
2018-07-16 16:00:00+00:00,2.533402127235434
2018-07-16 17:00:00+00:00,0.0
2018-07-16 18:00:00+00:00,0.0
2018-07-16 19:00:00+00:00,0.0
2018-07-16 20:00:00+00:00,0.0
2018-07-16 21:00:00+00:00,0.0
2018-07-16 22:00:00+00:00,0.0
2018-07-16 23:00:00+00:00,0.0
2018-07-17 00:00:00+00:00,0.0
2018-07-17 01:00:00+00:00,0.0
2018-07-17 02:00:00+00:00,0.0
2018-07-17 03:00:00+00:00,23.852065429551896
2018-07-17 04:00:00+00:00,63.31440631398037
2018-07-17 05:00:00+00:00,151.76045310437263
2018-07-17 06:00:00+00:00,240.12464731888605
2018-07-17 07:00:00+00:00,312.89784549825686
2018-07-17 08:00:00+00:00,363.968943641956
2018-07-17 09:00:00+00:00,391.3582817193495
2018-07-17 10:00:00+00:00,393.36757813556073
2018-07-17 11:00:00+00:00,369.92863446723527
2018-07-17 12:00:00+00:00,323.5674495370902
2018-07-17 13:00:00+00:00,253.06475211984213
2018-07-17 14:00:00+00:00,163.37619191348995
2018-07-17 15:00:00+00:00,66.93056514248815
2018-07-17 16:00:00+00:00,5.0361759354873765
2018-07-17 17:00:00+00:00,0.0
2018-07-17 18:00:00+00:00,0.0
2018-07-17 19:00:00+00:00,0.0
2018-07-17 20:00:00+00:00,0.0
2018-07-17 21:00:00+00:00,0.0
2018-07-17 22:00:00+00:00,0.0
2018-07-17 23:00:00+00:00,0.0
2018-07-18 00:00:00+00:00,0.0
2018-07-18 01:00:00+00:00,0.0
2018-07-18 02:00:00+00:00,0.0
2018-07-18 03:00:00+00:00,20.960874820658518
2018-07-18 04:00:00+00:00,58.843890131646404
2018-07-18 05:00:00+00:00,152.34982793964315
2018-07-18 06:00:00+00:00,242.4486416075576
2018-07-18 07:00:00+00:00,315.26948697940327
2018-07-18 08:00:00+00:00,366.43624413358907
2018-07-18 09:00:00+00:00,395.10531498774276
2018-07-18 10:00:00+00:00,397.5010839801415
2018-07-18 11:00:00+00:00,375.0626897475368
2018-07-18 12:00:00+00:00,325.82641888794535
2018-07-18 13:00:00+00:00,254.63935628544078
2018-07-18 14:00:00+00:00,163.9170644558486
2018-07-18 15:00:00+00:00,67.06999000632979
2018-07-18 16:00:00+00:00,4.539482565070896
2018-07-18 17:00:00+00:00,0.0
2018-07-18 18:00:00+00:00,0.0
2018-07-18 19:00:00+00:00,0.0
2018-07-18 20:00:00+00:00,0.0
2018-07-18 21:00:00+00:00,0.0
2018-07-18 22:00:00+00:00,0.0
2018-07-18 23:00:00+00:00,0.0
2018-07-19 00:00:00+00:00,0.0
2018-07-19 01:00:00+00:00,0.0
2018-07-19 02:00:00+00:00,0.0
2018-07-19 03:00:00+00:00,23.18881276388491
2018-07-19 04:00:00+00:00,62.349586378088176
2018-07-19 05:00:00+00:00,152.53491716962588
2018-07-19 06:00:00+00:00,240.13456968022405
2018-07-19 07:00:00+00:00,312.1158720599219
2018-07-19 08:00:00+00:00,362.24349496690246
2018-07-19 09:00:00+00:00,388.5147119833399
2018-07-19 10:00:00+00:00,389.88721409034144
2018-07-19 11:00:00+00:00,366.4414449101043
2018-07-19 12:00:00+00:00,319.233698751673
2018-07-19 13:00:00+00:00,248.3636095310648
2018-07-19 14:00:00+00:00,158.99365512619056
2018-07-19 15:00:00+00:00,64.60178764257178
2018-07-19 16:00:00+00:00,3.862259741898879
2018-07-19 17:00:00+00:00,0.0
2018-07-19 18:00:00+00:00,0.0
2018-07-19 19:00:00+00:00,0.0
2018-07-19 20:00:00+00:00,0.0
2018-07-19 21:00:00+00:00,0.0
2018-07-19 22:00:00+00:00,0.0
2018-07-19 23:00:00+00:00,0.0
2018-07-20 00:00:00+00:00,0.0
2018-07-20 01:00:00+00:00,0.0
2018-07-20 02:00:00+00:00,0.0
2018-07-20 03:00:00+00:00,22.767769378586046
2018-07-20 04:00:00+00:00,62.47503685467073
2018-07-20 05:00:00+00:00,150.9923044465051
2018-07-20 06:00:00+00:00,238.66351781712746
2018-07-20 07:00:00+00:00,310.724090248947
2018-07-20 08:00:00+00:00,361.2361284515521
2018-07-20 09:00:00+00:00,388.1426119415822
2018-07-20 10:00:00+00:00,389.753605820789
2018-07-20 11:00:00+00:00,366.4108944546082
2018-07-20 12:00:00+00:00,317.7850697994975
2018-07-20 13:00:00+00:00,246.3493326802253
2018-07-20 14:00:00+00:00,156.98774837875223
2018-07-20 15:00:00+00:00,63.21452766872444
2018-07-20 16:00:00+00:00,3.1893501841611176
2018-07-20 17:00:00+00:00,0.0
2018-07-20 18:00:00+00:00,0.0
2018-07-20 19:00:00+00:00,0.0
2018-07-20 20:00:00+00:00,0.0
2018-07-20 21:00:00+00:00,0.0
2018-07-20 22:00:00+00:00,0.0
2018-07-20 23:00:00+00:00,0.0
2018-07-21 00:00:00+00:00,0.0
2018-07-21 01:00:00+00:00,0.0
2018-07-21 02:00:00+00:00,0.0
2018-07-21 03:00:00+00:00,20.95091199782911
2018-07-21 04:00:00+00:00,58.43988721411029
2018-07-21 05:00:00+00:00,153.9562869597138
2018-07-21 06:00:00+00:00,246.80280021530584
2018-07-21 07:00:00+00:00,322.71647845248907
2018-07-21 08:00:00+00:00,375.72949995598475
2018-07-21 09:00:00+00:00,403.2442273455907
2018-07-21 10:00:00+00:00,405.3182526732646
2018-07-21 11:00:00+00:00,381.9951516875712
2018-07-21 12:00:00+00:00,333.55997620095116
2018-07-21 13:00:00+00:00,260.96364326658335
2018-07-21 14:00:00+00:00,168.18365885655305
2018-07-21 15:00:00+00:00,68.20056484310959
2018-07-21 16:00:00+00:00,2.4342634210239096
2018-07-21 17:00:00+00:00,0.0
2018-07-21 18:00:00+00:00,0.0
2018-07-21 19:00:00+00:00,0.0
2018-07-21 20:00:00+00:00,0.0
2018-07-21 21:00:00+00:00,0.0
2018-07-21 22:00:00+00:00,0.0
2018-07-21 23:00:00+00:00,0.0
2018-07-22 00:00:00+00:00,0.0
2018-07-22 01:00:00+00:00,0.0
2018-07-22 02:00:00+00:00,0.0
2018-07-22 03:00:00+00:00,20.616996715456217
2018-07-22 04:00:00+00:00,58.37205040229691
2018-07-22 05:00:00+00:00,153.01261696786176
2018-07-22 06:00:00+00:00,244.6167156346467
2018-07-22 07:00:00+00:00,319.0303302009506
2018-07-22 08:00:00+00:00,370.502004876525
2018-07-22 09:00:00+00:00,397.4059791309028
2018-07-22 10:00:00+00:00,398.52563923991056
2018-07-22 11:00:00+00:00,374.1673420486919
2018-07-22 12:00:00+00:00,324.8974155183877
2018-07-22 13:00:00+00:00,252.01769001698318
2018-07-22 14:00:00+00:00,160.81175151110142
2018-07-22 15:00:00+00:00,64.45413278182052
2018-07-22 16:00:00+00:00,2.1263062294476067
2018-07-22 17:00:00+00:00,0.0
2018-07-22 18:00:00+00:00,0.0
2018-07-22 19:00:00+00:00,0.0
2018-07-22 20:00:00+00:00,0.0
2018-07-22 21:00:00+00:00,0.0
2018-07-22 22:00:00+00:00,0.0
2018-07-22 23:00:00+00:00,0.0
2018-07-23 00:00:00+00:00,0.0
2018-07-23 01:00:00+00:00,0.0
2018-07-23 02:00:00+00:00,0.0
2018-07-23 03:00:00+00:00,19.533296264464703
2018-07-23 04:00:00+00:00,56.495432190278954
2018-07-23 05:00:00+00:00,149.37943698576302
2018-07-23 06:00:00+00:00,239.55807633499424
2018-07-23 07:00:00+00:00,313.52706044495
2018-07-23 08:00:00+00:00,365.2112467511165
2018-07-23 09:00:00+00:00,391.12234180108277
2018-07-23 10:00:00+00:00,391.9817234718289
2018-07-23 11:00:00+00:00,367.5403756801947
2018-07-23 12:00:00+00:00,320.29361602458346
2018-07-23 13:00:00+00:00,247.8036556786858
2018-07-23 14:00:00+00:00,157.47336060317423
2018-07-23 15:00:00+00:00,62.71521896787275
2018-07-23 16:00:00+00:00,1.6510485282270073
2018-07-23 17:00:00+00:00,0.0
2018-07-23 18:00:00+00:00,0.0
2018-07-23 19:00:00+00:00,0.0
2018-07-23 20:00:00+00:00,0.0
2018-07-23 21:00:00+00:00,0.0
2018-07-23 22:00:00+00:00,0.0
2018-07-23 23:00:00+00:00,0.0
2018-07-24 00:00:00+00:00,0.0
2018-07-24 01:00:00+00:00,0.0
2018-07-24 02:00:00+00:00,0.0
2018-07-24 03:00:00+00:00,19.511441687391464
2018-07-24 04:00:00+00:00,57.26783068107122
2018-07-24 05:00:00+00:00,149.61244254244843
2018-07-24 06:00:00+00:00,238.14885365557217
2018-07-24 07:00:00+00:00,310.05535489470014
2018-07-24 08:00:00+00:00,359.41988834781364
2018-07-24 09:00:00+00:00,383.8502348869492
2018-07-24 10:00:00+00:00,384.1260880702222
2018-07-24 11:00:00+00:00,359.8006120976154
2018-07-24 12:00:00+00:00,310.412708095123
2018-07-24 13:00:00+00:00,238.78416494421083
2018-07-24 14:00:00+00:00,150.76493337994322
2018-07-24 15:00:00+00:00,59.923682551418
2018-07-24 16:00:00+00:00,0.7383160640640166
2018-07-24 17:00:00+00:00,0.0
2018-07-24 18:00:00+00:00,0.0
2018-07-24 19:00:00+00:00,0.0
2018-07-24 20:00:00+00:00,0.0
2018-07-24 21:00:00+00:00,0.0
2018-07-24 22:00:00+00:00,0.0
2018-07-24 23:00:00+00:00,0.0
2018-07-25 00:00:00+00:00,0.0
2018-07-25 01:00:00+00:00,0.0
2018-07-25 02:00:00+00:00,0.0
2018-07-25 03:00:00+00:00,22.979256433054104
2018-07-25 04:00:00+00:00,69.91309645873329
2018-07-25 05:00:00+00:00,149.37263516420123
2018-07-25 06:00:00+00:00,229.39183379254237
2018-07-25 07:00:00+00:00,296.32999711937634
2018-07-25 08:00:00+00:00,343.12830731758606
2018-07-25 09:00:00+00:00,369.16322338121324
2018-07-25 10:00:00+00:00,369.9176769310666
2018-07-25 11:00:00+00:00,347.2595143310697
2018-07-25 12:00:00+00:00,297.02125407076437
2018-07-25 13:00:00+00:00,227.5750036043061
2018-07-25 14:00:00+00:00,142.69458321535927
2018-07-25 15:00:00+00:00,56.08289042707776
2018-07-25 16:00:00+00:00,0.19186878391637552
2018-07-25 17:00:00+00:00,0.0
2018-07-25 18:00:00+00:00,0.0
2018-07-25 19:00:00+00:00,0.0
2018-07-25 20:00:00+00:00,0.0
2018-07-25 21:00:00+00:00,0.0
2018-07-25 22:00:00+00:00,0.0
2018-07-25 23:00:00+00:00,0.0
2018-07-26 00:00:00+00:00,0.0
2018-07-26 01:00:00+00:00,0.0
2018-07-26 02:00:00+00:00,0.0
2018-07-26 03:00:00+00:00,22.172431796259087
2018-07-26 04:00:00+00:00,72.3726130452618
2018-07-26 05:00:00+00:00,150.72461308048187
2018-07-26 06:00:00+00:00,230.90678972127336
2018-07-26 07:00:00+00:00,298.5781938425303
2018-07-26 08:00:00+00:00,346.3439927199866
2018-07-26 09:00:00+00:00,369.45549895363575
2018-07-26 10:00:00+00:00,369.2327085800135
2018-07-26 11:00:00+00:00,344.7404142636948
2018-07-26 12:00:00+00:00,294.29085978510454
2018-07-26 13:00:00+00:00,225.7920372990019
2018-07-26 14:00:00+00:00,141.84998207316198
2018-07-26 15:00:00+00:00,55.39616840267243
2018-07-26 16:00:00+00:00,0.0
2018-07-26 17:00:00+00:00,0.0
2018-07-26 18:00:00+00:00,0.0
2018-07-26 19:00:00+00:00,0.0
2018-07-26 20:00:00+00:00,0.0
2018-07-26 21:00:00+00:00,0.0
2018-07-26 22:00:00+00:00,0.0
2018-07-26 23:00:00+00:00,0.0
2018-07-27 00:00:00+00:00,0.0
2018-07-27 01:00:00+00:00,0.0
2018-07-27 02:00:00+00:00,0.0
2018-07-27 03:00:00+00:00,20.814218330654064
2018-07-27 04:00:00+00:00,61.90986546648461
2018-07-27 05:00:00+00:00,150.22360664610923
2018-07-27 06:00:00+00:00,238.22248476005245
2018-07-27 07:00:00+00:00,310.5857312623603
2018-07-27 08:00:00+00:00,361.09370304350153
2018-07-27 09:00:00+00:00,388.5429342130685
2018-07-27 10:00:00+00:00,389.9901021762303
2018-07-27 11:00:00+00:00,366.61419898295713
2018-07-27 12:00:00+00:00,316.5016904269809
2018-07-27 13:00:00+00:00,245.42053779298408
2018-07-27 14:00:00+00:00,155.86568713680305
2018-07-27 15:00:00+00:00,61.448849862941344
2018-07-27 16:00:00+00:00,0.0
2018-07-27 17:00:00+00:00,0.0
2018-07-27 18:00:00+00:00,0.0
2018-07-27 19:00:00+00:00,0.0
2018-07-27 20:00:00+00:00,0.0
2018-07-27 21:00:00+00:00,0.0
2018-07-27 22:00:00+00:00,0.0
2018-07-27 23:00:00+00:00,0.0
2018-07-28 00:00:00+00:00,0.0
2018-07-28 01:00:00+00:00,0.0
2018-07-28 02:00:00+00:00,0.0
2018-07-28 03:00:00+00:00,19.100488854732095
2018-07-28 04:00:00+00:00,56.960780143840594
2018-07-28 05:00:00+00:00,153.8391101262187
2018-07-28 06:00:00+00:00,247.64107148655802
2018-07-28 07:00:00+00:00,324.09842885553167
2018-07-28 08:00:00+00:00,376.8822529675744
2018-07-28 09:00:00+00:00,404.0466666202483
2018-07-28 10:00:00+00:00,406.3102709099926
2018-07-28 11:00:00+00:00,382.49627999346694
2018-07-28 12:00:00+00:00,334.4792403839083
2018-07-28 13:00:00+00:00,261.5566096357362
2018-07-28 14:00:00+00:00,167.89762632482183
2018-07-28 15:00:00+00:00,66.25733450413031
2018-07-28 16:00:00+00:00,0.0
2018-07-28 17:00:00+00:00,0.0
2018-07-28 18:00:00+00:00,0.0
2018-07-28 19:00:00+00:00,0.0
2018-07-28 20:00:00+00:00,0.0
2018-07-28 21:00:00+00:00,0.0
2018-07-28 22:00:00+00:00,0.0
2018-07-28 23:00:00+00:00,0.0
2018-07-29 00:00:00+00:00,0.0
2018-07-29 01:00:00+00:00,0.0
2018-07-29 02:00:00+00:00,0.0
2018-07-29 03:00:00+00:00,18.446619706564142
2018-07-29 04:00:00+00:00,56.068543845648634
2018-07-29 05:00:00+00:00,154.38331406099752
2018-07-29 06:00:00+00:00,248.6591563822705
2018-07-29 07:00:00+00:00,324.8480093911723
2018-07-29 08:00:00+00:00,377.36508955952337
2018-07-29 09:00:00+00:00,405.4874809024093
2018-07-29 10:00:00+00:00,407.5667381971856
2018-07-29 11:00:00+00:00,384.1713358089661
2018-07-29 12:00:00+00:00,336.04285070169215
2018-07-29 13:00:00+00:00,263.0604400802455
2018-07-29 14:00:00+00:00,169.6060567002997
2018-07-29 15:00:00+00:00,67.33491109503791
2018-07-29 16:00:00+00:00,0.0
2018-07-29 17:00:00+00:00,0.0
2018-07-29 18:00:00+00:00,0.0
2018-07-29 19:00:00+00:00,0.0
2018-07-29 20:00:00+00:00,0.0
2018-07-29 21:00:00+00:00,0.0
2018-07-29 22:00:00+00:00,0.0
2018-07-29 23:00:00+00:00,0.0
2018-07-30 00:00:00+00:00,0.0
2018-07-30 01:00:00+00:00,0.0
2018-07-30 02:00:00+00:00,0.0
2018-07-30 03:00:00+00:00,18.022911963400198
2018-07-30 04:00:00+00:00,55.95505730832551
2018-07-30 05:00:00+00:00,152.14446177928392
2018-07-30 06:00:00+00:00,245.05478784163006
2018-07-30 07:00:00+00:00,320.52906025603204
2018-07-30 08:00:00+00:00,372.6824340522177
2018-07-30 09:00:00+00:00,400.993860485084
2018-07-30 10:00:00+00:00,402.58119348226865
2018-07-30 11:00:00+00:00,379.065696428109
2018-07-30 12:00:00+00:00,331.7785589803968
2018-07-30 13:00:00+00:00,259.311465877161
2018-07-30 14:00:00+00:00,166.66734496980166
2018-07-30 15:00:00+00:00,65.76400855320418
2018-07-30 16:00:00+00:00,0.0
2018-07-30 17:00:00+00:00,0.0
2018-07-30 18:00:00+00:00,0.0
2018-07-30 19:00:00+00:00,0.0
2018-07-30 20:00:00+00:00,0.0
2018-07-30 21:00:00+00:00,0.0
2018-07-30 22:00:00+00:00,0.0
2018-07-30 23:00:00+00:00,0.0
2018-07-31 00:00:00+00:00,0.0
2018-07-31 01:00:00+00:00,0.0
2018-07-31 02:00:00+00:00,0.0
2018-07-31 03:00:00+00:00,17.773870692117697
2018-07-31 04:00:00+00:00,56.15921750613457
2018-07-31 05:00:00+00:00,151.76207556856423
2018-07-31 06:00:00+00:00,244.00072380908244
2018-07-31 07:00:00+00:00,319.4138746514247
2018-07-31 08:00:00+00:00,371.87307970907057
2018-07-31 09:00:00+00:00,399.90925107231925
2018-07-31 10:00:00+00:00,401.78968029169255
2018-07-31 11:00:00+00:00,378.3925798510354
2018-07-31 12:00:00+00:00,329.2372336663786
2018-07-31 13:00:00+00:00,256.3895917237141
2018-07-31 14:00:00+00:00,163.88577037666104
2018-07-31 15:00:00+00:00,63.91052549670077
2018-07-31 16:00:00+00:00,0.0
2018-07-31 17:00:00+00:00,0.0
2018-07-31 18:00:00+00:00,0.0
2018-07-31 19:00:00+00:00,0.0
2018-07-31 20:00:00+00:00,0.0
2018-07-31 21:00:00+00:00,0.0
2018-07-31 22:00:00+00:00,0.0
2018-07-31 23:00:00+00:00,0.0
2018-08-01 00:00:00+00:00,0.0
2018-08-01 01:00:00+00:00,0.0
2018-08-01 02:00:00+00:00,0.0
2018-08-01 03:00:00+00:00,18.13978058310982
2018-08-01 04:00:00+00:00,56.901016163145165
2018-08-01 05:00:00+00:00,151.87334449800858
2018-08-01 06:00:00+00:00,244.51477107007315
2018-08-01 07:00:00+00:00,320.6301192529554
2018-08-01 08:00:00+00:00,373.57147008223404
2018-08-01 09:00:00+00:00,400.03225344273875
2018-08-01 10:00:00+00:00,401.73847227150935
2018-08-01 11:00:00+00:00,376.8301892443588
2018-08-01 12:00:00+00:00,325.23317438084774
2018-08-01 13:00:00+00:00,250.60889569256977
2018-08-01 14:00:00+00:00,157.3549158713809
2018-08-01 15:00:00+00:00,59.83219459135367
2018-08-01 16:00:00+00:00,0.0
2018-08-01 17:00:00+00:00,0.0
2018-08-01 18:00:00+00:00,0.0
2018-08-01 19:00:00+00:00,0.0
2018-08-01 20:00:00+00:00,0.0
2018-08-01 21:00:00+00:00,0.0
2018-08-01 22:00:00+00:00,0.0
2018-08-01 23:00:00+00:00,0.0
2018-08-02 00:00:00+00:00,0.0
2018-08-02 01:00:00+00:00,0.0
2018-08-02 02:00:00+00:00,0.0
2018-08-02 03:00:00+00:00,17.409317787001555
2018-08-02 04:00:00+00:00,56.252852263961564
2018-08-02 05:00:00+00:00,152.52532420280693
2018-08-02 06:00:00+00:00,246.15822689803645
2018-08-02 07:00:00+00:00,322.4137162073213
2018-08-02 08:00:00+00:00,375.1424747586872
2018-08-02 09:00:00+00:00,401.79224873792964
2018-08-02 10:00:00+00:00,402.92303043453006
2018-08-02 11:00:00+00:00,377.74884741977456
2018-08-02 12:00:00+00:00,327.9103109819237
2018-08-02 13:00:00+00:00,252.82314590010645
2018-08-02 14:00:00+00:00,158.64086498382648
2018-08-02 15:00:00+00:00,60.16417139298274
2018-08-02 16:00:00+00:00,0.0
2018-08-02 17:00:00+00:00,0.0
2018-08-02 18:00:00+00:00,0.0
2018-08-02 19:00:00+00:00,0.0
2018-08-02 20:00:00+00:00,0.0
2018-08-02 21:00:00+00:00,0.0
2018-08-02 22:00:00+00:00,0.0
2018-08-02 23:00:00+00:00,0.0
2018-08-03 00:00:00+00:00,0.0
2018-08-03 01:00:00+00:00,0.0
2018-08-03 02:00:00+00:00,0.0
2018-08-03 03:00:00+00:00,19.27645109073127
2018-08-03 04:00:00+00:00,61.30743049604088
2018-08-03 05:00:00+00:00,152.354618701672
2018-08-03 06:00:00+00:00,241.91418446858643
2018-08-03 07:00:00+00:00,315.0725874648906
2018-08-03 08:00:00+00:00,366.0926068302669
2018-08-03 09:00:00+00:00,393.80163599996376
2018-08-03 10:00:00+00:00,395.1442246964869
2018-08-03 11:00:00+00:00,370.9631070010753
2018-08-03 12:00:00+00:00,321.87061727741866
2018-08-03 13:00:00+00:00,248.6473906563693
2018-08-03 14:00:00+00:00,156.0432033918942
2018-08-03 15:00:00+00:00,58.32926013170339
2018-08-03 16:00:00+00:00,0.0
2018-08-03 17:00:00+00:00,0.0
2018-08-03 18:00:00+00:00,0.0
2018-08-03 19:00:00+00:00,0.0
2018-08-03 20:00:00+00:00,0.0
2018-08-03 21:00:00+00:00,0.0
2018-08-03 22:00:00+00:00,0.0
2018-08-03 23:00:00+00:00,0.0
2018-08-04 00:00:00+00:00,0.0
2018-08-04 01:00:00+00:00,0.0
2018-08-04 02:00:00+00:00,0.0
2018-08-04 03:00:00+00:00,19.614636254972574
2018-08-04 04:00:00+00:00,62.60535466816978
2018-08-04 05:00:00+00:00,152.78910519285637
2018-08-04 06:00:00+00:00,243.6104909386395
2018-08-04 07:00:00+00:00,318.43354252385234
2018-08-04 08:00:00+00:00,371.1582189880242
2018-08-04 09:00:00+00:00,400.181291983005
2018-08-04 10:00:00+00:00,401.6747986472817
2018-08-04 11:00:00+00:00,378.22153298955897
2018-08-04 12:00:00+00:00,330.2060503263378
2018-08-04 13:00:00+00:00,257.48377824983874
2018-08-04 14:00:00+00:00,164.75362602037083
2018-08-04 15:00:00+00:00,63.493231850816414
2018-08-04 16:00:00+00:00,0.0
2018-08-04 17:00:00+00:00,0.0
2018-08-04 18:00:00+00:00,0.0
2018-08-04 19:00:00+00:00,0.0
2018-08-04 20:00:00+00:00,0.0
2018-08-04 21:00:00+00:00,0.0
2018-08-04 22:00:00+00:00,0.0
2018-08-04 23:00:00+00:00,0.0
2018-08-05 00:00:00+00:00,0.0
2018-08-05 01:00:00+00:00,0.0
2018-08-05 02:00:00+00:00,0.0
2018-08-05 03:00:00+00:00,15.727527519406117
2018-08-05 04:00:00+00:00,54.621194904331944
2018-08-05 05:00:00+00:00,150.19887241236842
2018-08-05 06:00:00+00:00,241.35115150485933
2018-08-05 07:00:00+00:00,315.43302604557954
2018-08-05 08:00:00+00:00,366.92983538996384
2018-08-05 09:00:00+00:00,395.20544576506063
2018-08-05 10:00:00+00:00,396.9316831398847
2018-08-05 11:00:00+00:00,373.3746003749765
2018-08-05 12:00:00+00:00,324.9784710541519
2018-08-05 13:00:00+00:00,252.1026619706842
2018-08-05 14:00:00+00:00,159.57169110978788
2018-08-05 15:00:00+00:00,59.890736783018006
2018-08-05 16:00:00+00:00,0.0
2018-08-05 17:00:00+00:00,0.0
2018-08-05 18:00:00+00:00,0.0
2018-08-05 19:00:00+00:00,0.0
2018-08-05 20:00:00+00:00,0.0
2018-08-05 21:00:00+00:00,0.0
2018-08-05 22:00:00+00:00,0.0
2018-08-05 23:00:00+00:00,0.0
2018-08-06 00:00:00+00:00,0.0
2018-08-06 01:00:00+00:00,0.0
2018-08-06 02:00:00+00:00,0.0
2018-08-06 03:00:00+00:00,17.749278528373555
2018-08-06 04:00:00+00:00,58.357493612121864
2018-08-06 05:00:00+00:00,151.70187799146956
2018-08-06 06:00:00+00:00,243.67205405011794
2018-08-06 07:00:00+00:00,319.1287217256638
2018-08-06 08:00:00+00:00,371.2669117491746
2018-08-06 09:00:00+00:00,397.56686894522693
2018-08-06 10:00:00+00:00,398.9998646078224
2018-08-06 11:00:00+00:00,374.990518434812
2018-08-06 12:00:00+00:00,327.1249097838643
2018-08-06 13:00:00+00:00,253.88609129030368
2018-08-06 14:00:00+00:00,160.86930432597583
2018-08-06 15:00:00+00:00,60.26486047897046
2018-08-06 16:00:00+00:00,0.0
2018-08-06 17:00:00+00:00,0.0
2018-08-06 18:00:00+00:00,0.0
2018-08-06 19:00:00+00:00,0.0
2018-08-06 20:00:00+00:00,0.0
2018-08-06 21:00:00+00:00,0.0
2018-08-06 22:00:00+00:00,0.0
2018-08-06 23:00:00+00:00,0.0
2018-08-07 00:00:00+00:00,0.0
2018-08-07 01:00:00+00:00,0.0
2018-08-07 02:00:00+00:00,0.0
2018-08-07 03:00:00+00:00,16.242660738605316
2018-08-07 04:00:00+00:00,56.04032047676773
2018-08-07 05:00:00+00:00,151.1088789640273
2018-08-07 06:00:00+00:00,243.0037109311824
2018-08-07 07:00:00+00:00,317.8665837057203
2018-08-07 08:00:00+00:00,369.8913141909052
2018-08-07 09:00:00+00:00,396.81499070790153
2018-08-07 10:00:00+00:00,398.58769606544246
2018-08-07 11:00:00+00:00,374.6720184225077
2018-08-07 12:00:00+00:00,325.41825380545663
2018-08-07 13:00:00+00:00,252.03753069521608
2018-08-07 14:00:00+00:00,158.3766865996764
2018-08-07 15:00:00+00:00,58.18571022471921
2018-08-07 16:00:00+00:00,0.0
2018-08-07 17:00:00+00:00,0.0
2018-08-07 18:00:00+00:00,0.0
2018-08-07 19:00:00+00:00,0.0
2018-08-07 20:00:00+00:00,0.0
2018-08-07 21:00:00+00:00,0.0
2018-08-07 22:00:00+00:00,0.0
2018-08-07 23:00:00+00:00,0.0
2018-08-08 00:00:00+00:00,0.0
2018-08-08 01:00:00+00:00,0.0
2018-08-08 02:00:00+00:00,0.0
2018-08-08 03:00:00+00:00,17.657689197671388
2018-08-08 04:00:00+00:00,59.13285259955913
2018-08-08 05:00:00+00:00,153.3785240506494
2018-08-08 06:00:00+00:00,245.8147946372542
2018-08-08 07:00:00+00:00,320.4292551991807
2018-08-08 08:00:00+00:00,372.46274010578827
2018-08-08 09:00:00+00:00,399.9326038260082
2018-08-08 10:00:00+00:00,401.6710353662707
2018-08-08 11:00:00+00:00,377.59175053418943
2018-08-08 12:00:00+00:00,328.47571200807386
2018-08-08 13:00:00+00:00,254.4557771911802
2018-08-08 14:00:00+00:00,160.44012902024744
2018-08-08 15:00:00+00:00,58.82250653345264
2018-08-08 16:00:00+00:00,0.0
2018-08-08 17:00:00+00:00,0.0
2018-08-08 18:00:00+00:00,0.0
2018-08-08 19:00:00+00:00,0.0
2018-08-08 20:00:00+00:00,0.0
2018-08-08 21:00:00+00:00,0.0
2018-08-08 22:00:00+00:00,0.0
2018-08-08 23:00:00+00:00,0.0
2018-08-09 00:00:00+00:00,0.0
2018-08-09 01:00:00+00:00,0.0
2018-08-09 02:00:00+00:00,0.0
2018-08-09 03:00:00+00:00,17.082718541370433
2018-08-09 04:00:00+00:00,58.68223853344972
2018-08-09 05:00:00+00:00,152.6982822907123
2018-08-09 06:00:00+00:00,245.11639753487844
2018-08-09 07:00:00+00:00,320.16901861985446
2018-08-09 08:00:00+00:00,372.15488004060194
2018-08-09 09:00:00+00:00,399.8501920217463
2018-08-09 10:00:00+00:00,400.9903788925893
2018-08-09 11:00:00+00:00,377.00759627810135
2018-08-09 12:00:00+00:00,327.52350292524466
2018-08-09 13:00:00+00:00,253.65204078369362
2018-08-09 14:00:00+00:00,159.75571704544507
2018-08-09 15:00:00+00:00,58.47667662057588
2018-08-09 16:00:00+00:00,0.0
2018-08-09 17:00:00+00:00,0.0
2018-08-09 18:00:00+00:00,0.0
2018-08-09 19:00:00+00:00,0.0
2018-08-09 20:00:00+00:00,0.0
2018-08-09 21:00:00+00:00,0.0
2018-08-09 22:00:00+00:00,0.0
2018-08-09 23:00:00+00:00,0.0
2018-08-10 00:00:00+00:00,0.0
2018-08-10 01:00:00+00:00,0.0
2018-08-10 02:00:00+00:00,0.0
2018-08-10 03:00:00+00:00,15.349108145297086
2018-08-10 04:00:00+00:00,55.721819862046885
2018-08-10 05:00:00+00:00,151.67895016959764
2018-08-10 06:00:00+00:00,244.87692531733427
2018-08-10 07:00:00+00:00,320.8460977261924
2018-08-10 08:00:00+00:00,373.433914589459
2018-08-10 09:00:00+00:00,399.9013694550925
2018-08-10 10:00:00+00:00,401.61142485942867
2018-08-10 11:00:00+00:00,377.3946474184804
2018-08-10 12:00:00+00:00,328.93250185782426
2018-08-10 13:00:00+00:00,254.5429188615381
2018-08-10 14:00:00+00:00,159.6900180701807
2018-08-10 15:00:00+00:00,57.68737374965383
2018-08-10 16:00:00+00:00,0.0
2018-08-10 17:00:00+00:00,0.0
2018-08-10 18:00:00+00:00,0.0
2018-08-10 19:00:00+00:00,0.0
2018-08-10 20:00:00+00:00,0.0
2018-08-10 21:00:00+00:00,0.0
2018-08-10 22:00:00+00:00,0.0
2018-08-10 23:00:00+00:00,0.0
2018-08-11 00:00:00+00:00,0.0
2018-08-11 01:00:00+00:00,0.0
2018-08-11 02:00:00+00:00,0.0
2018-08-11 03:00:00+00:00,15.681788724256002
2018-08-11 04:00:00+00:00,57.18509297271772
2018-08-11 05:00:00+00:00,151.3855963846741
2018-08-11 06:00:00+00:00,243.63522155643847
2018-08-11 07:00:00+00:00,318.7806673556939
2018-08-11 08:00:00+00:00,370.99491242691556
2018-08-11 09:00:00+00:00,398.71773194869127
2018-08-11 10:00:00+00:00,399.92728134273295
2018-08-11 11:00:00+00:00,375.286224985093
2018-08-11 12:00:00+00:00,327.093377239604
2018-08-11 13:00:00+00:00,252.58272242432832
2018-08-11 14:00:00+00:00,157.7090463499015
2018-08-11 15:00:00+00:00,56.01035993522107
2018-08-11 16:00:00+00:00,0.0
2018-08-11 17:00:00+00:00,0.0
2018-08-11 18:00:00+00:00,0.0
2018-08-11 19:00:00+00:00,0.0
2018-08-11 20:00:00+00:00,0.0
2018-08-11 21:00:00+00:00,0.0
2018-08-11 22:00:00+00:00,0.0
2018-08-11 23:00:00+00:00,0.0
2018-08-12 00:00:00+00:00,0.0
2018-08-12 01:00:00+00:00,0.0
2018-08-12 02:00:00+00:00,0.0
2018-08-12 03:00:00+00:00,15.627038056743459
2018-08-12 04:00:00+00:00,58.93427409207206
2018-08-12 05:00:00+00:00,151.55533820454315
2018-08-12 06:00:00+00:00,243.12669899761892
2018-08-12 07:00:00+00:00,318.1235928412468
2018-08-12 08:00:00+00:00,370.8002745796854
2018-08-12 09:00:00+00:00,399.0527420948455
2018-08-12 10:00:00+00:00,400.9846151693524
2018-08-12 11:00:00+00:00,377.09794433266836
2018-08-12 12:00:00+00:00,327.9429883980672
2018-08-12 13:00:00+00:00,253.52815784107534
2018-08-12 14:00:00+00:00,157.92466546191184
2018-08-12 15:00:00+00:00,55.50551552862699
2018-08-12 16:00:00+00:00,0.0
2018-08-12 17:00:00+00:00,0.0
2018-08-12 18:00:00+00:00,0.0
2018-08-12 19:00:00+00:00,0.0
2018-08-12 20:00:00+00:00,0.0
2018-08-12 21:00:00+00:00,0.0
2018-08-12 22:00:00+00:00,0.0
2018-08-12 23:00:00+00:00,0.0
2018-08-13 00:00:00+00:00,0.0
2018-08-13 01:00:00+00:00,0.0
2018-08-13 02:00:00+00:00,0.0
2018-08-13 03:00:00+00:00,15.259668623344595
2018-08-13 04:00:00+00:00,56.88851563093021
2018-08-13 05:00:00+00:00,155.02653841618775
2018-08-13 06:00:00+00:00,250.70987723052104
2018-08-13 07:00:00+00:00,327.7667373727234
2018-08-13 08:00:00+00:00,381.0273117799201
2018-08-13 09:00:00+00:00,409.11226727789335
2018-08-13 10:00:00+00:00,410.7313085830801
2018-08-13 11:00:00+00:00,386.21171273023174
2018-08-13 12:00:00+00:00,335.3121869566079
2018-08-13 13:00:00+00:00,259.31654008251013
2018-08-13 14:00:00+00:00,161.7465445944144
2018-08-13 15:00:00+00:00,56.3510467006797
2018-08-13 16:00:00+00:00,0.0
2018-08-13 17:00:00+00:00,0.0
2018-08-13 18:00:00+00:00,0.0
2018-08-13 19:00:00+00:00,0.0
2018-08-13 20:00:00+00:00,0.0
2018-08-13 21:00:00+00:00,0.0
2018-08-13 22:00:00+00:00,0.0
2018-08-13 23:00:00+00:00,0.0
2018-08-14 00:00:00+00:00,0.0
2018-08-14 01:00:00+00:00,0.0
2018-08-14 02:00:00+00:00,0.0
2018-08-14 03:00:00+00:00,14.773357152356503
2018-08-14 04:00:00+00:00,57.158418111291894
2018-08-14 05:00:00+00:00,158.28273959962416
2018-08-14 06:00:00+00:00,255.40034743098414
2018-08-14 07:00:00+00:00,333.58215340402853
2018-08-14 08:00:00+00:00,386.96434186215856
2018-08-14 09:00:00+00:00,414.8008993924967
2018-08-14 10:00:00+00:00,415.999787101866
2018-08-14 11:00:00+00:00,390.5853375930783
2018-08-14 12:00:00+00:00,339.27716836406125
2018-08-14 13:00:00+00:00,261.72725073090066
2018-08-14 14:00:00+00:00,163.30887737234673
2018-08-14 15:00:00+00:00,56.3714029573232
2018-08-14 16:00:00+00:00,0.0
2018-08-14 17:00:00+00:00,0.0
2018-08-14 18:00:00+00:00,0.0
2018-08-14 19:00:00+00:00,0.0
2018-08-14 20:00:00+00:00,0.0
2018-08-14 21:00:00+00:00,0.0
2018-08-14 22:00:00+00:00,0.0
2018-08-14 23:00:00+00:00,0.0
2018-08-15 00:00:00+00:00,0.0
2018-08-15 01:00:00+00:00,0.0
2018-08-15 02:00:00+00:00,0.0
2018-08-15 03:00:00+00:00,14.992393247880099
2018-08-15 04:00:00+00:00,58.01517620303817
2018-08-15 05:00:00+00:00,158.00114875490067
2018-08-15 06:00:00+00:00,254.36731138772134
2018-08-15 07:00:00+00:00,332.00477073857735
2018-08-15 08:00:00+00:00,385.0568693962404
2018-08-15 09:00:00+00:00,412.97186174624153
2018-08-15 10:00:00+00:00,413.71399133355385
2018-08-15 11:00:00+00:00,388.650380735019
2018-08-15 12:00:00+00:00,337.64412684733094
2018-08-15 13:00:00+00:00,261.29195025584715
2018-08-15 14:00:00+00:00,163.6663233472928
2018-08-15 15:00:00+00:00,57.28153562600171
2018-08-15 16:00:00+00:00,0.0
2018-08-15 17:00:00+00:00,0.0
2018-08-15 18:00:00+00:00,0.0
2018-08-15 19:00:00+00:00,0.0
2018-08-15 20:00:00+00:00,0.0
2018-08-15 21:00:00+00:00,0.0
2018-08-15 22:00:00+00:00,0.0
2018-08-15 23:00:00+00:00,0.0
2018-08-16 00:00:00+00:00,0.0
2018-08-16 01:00:00+00:00,0.0
2018-08-16 02:00:00+00:00,0.0
2018-08-16 03:00:00+00:00,14.192628215403364
2018-08-16 04:00:00+00:00,57.128637118632916
2018-08-16 05:00:00+00:00,156.65165184919812
2018-08-16 06:00:00+00:00,251.60204929276244
2018-08-16 07:00:00+00:00,328.06278607266415
2018-08-16 08:00:00+00:00,380.78024738622884
2018-08-16 09:00:00+00:00,406.8234348759242
2018-08-16 10:00:00+00:00,407.95836413952003
2018-08-16 11:00:00+00:00,383.07141045006745
2018-08-16 12:00:00+00:00,332.50696252007435
2018-08-16 13:00:00+00:00,256.8203814842014
2018-08-16 14:00:00+00:00,160.36953319191124
2018-08-16 15:00:00+00:00,55.0303706289498
2018-08-16 16:00:00+00:00,0.0
2018-08-16 17:00:00+00:00,0.0
2018-08-16 18:00:00+00:00,0.0
2018-08-16 19:00:00+00:00,0.0
2018-08-16 20:00:00+00:00,0.0
2018-08-16 21:00:00+00:00,0.0
2018-08-16 22:00:00+00:00,0.0
2018-08-16 23:00:00+00:00,0.0
2018-08-17 00:00:00+00:00,0.0
2018-08-17 01:00:00+00:00,0.0
2018-08-17 02:00:00+00:00,0.0
2018-08-17 03:00:00+00:00,13.653527222389492
2018-08-17 04:00:00+00:00,56.71312460466232
2018-08-17 05:00:00+00:00,156.7238708392153
2018-08-17 06:00:00+00:00,251.70199662635645
2018-08-17 07:00:00+00:00,327.5605496714127
2018-08-17 08:00:00+00:00,379.89563083752796
2018-08-17 09:00:00+00:00,406.3198066097652
2018-08-17 10:00:00+00:00,407.3834142884775
2018-08-17 11:00:00+00:00,382.9969071364966
2018-08-17 12:00:00+00:00,328.41777372633015
2018-08-17 13:00:00+00:00,252.37183830913148
2018-08-17 14:00:00+00:00,155.5177121053335
2018-08-17 15:00:00+00:00,51.18892377011396
2018-08-17 16:00:00+00:00,0.0
2018-08-17 17:00:00+00:00,0.0
2018-08-17 18:00:00+00:00,0.0
2018-08-17 19:00:00+00:00,0.0
2018-08-17 20:00:00+00:00,0.0
2018-08-17 21:00:00+00:00,0.0
2018-08-17 22:00:00+00:00,0.0
2018-08-17 23:00:00+00:00,0.0
2018-08-18 00:00:00+00:00,0.0
2018-08-18 01:00:00+00:00,0.0
2018-08-18 02:00:00+00:00,0.0
2018-08-18 03:00:00+00:00,14.457600840755752
2018-08-18 04:00:00+00:00,59.44731426283067
2018-08-18 05:00:00+00:00,157.1451782893427
2018-08-18 06:00:00+00:00,252.49482442818407
2018-08-18 07:00:00+00:00,328.85032220072844
2018-08-18 08:00:00+00:00,381.104109449611
2018-08-18 09:00:00+00:00,408.1731270439034
2018-08-18 10:00:00+00:00,408.9380418090027
2018-08-18 11:00:00+00:00,383.50779529898136
2018-08-18 12:00:00+00:00,332.5974529030756
2018-08-18 13:00:00+00:00,256.25837122314863
2018-08-18 14:00:00+00:00,158.776327975762
2018-08-18 15:00:00+00:00,52.70366106994098
2018-08-18 16:00:00+00:00,0.0
2018-08-18 17:00:00+00:00,0.0
2018-08-18 18:00:00+00:00,0.0
2018-08-18 19:00:00+00:00,0.0
2018-08-18 20:00:00+00:00,0.0
2018-08-18 21:00:00+00:00,0.0
2018-08-18 22:00:00+00:00,0.0
2018-08-18 23:00:00+00:00,0.0
2018-08-19 00:00:00+00:00,0.0
2018-08-19 01:00:00+00:00,0.0
2018-08-19 02:00:00+00:00,0.0
2018-08-19 03:00:00+00:00,13.558737221560536
2018-08-19 04:00:00+00:00,57.9580373009844
2018-08-19 05:00:00+00:00,156.56301615802636
2018-08-19 06:00:00+00:00,251.67629223424223
2018-08-19 07:00:00+00:00,328.2407093421199
2018-08-19 08:00:00+00:00,381.01216409179074
2018-08-19 09:00:00+00:00,407.9285182309388
2018-08-19 10:00:00+00:00,408.99623549065734
2018-08-19 11:00:00+00:00,383.65243250392064
2018-08-19 12:00:00+00:00,331.9750690814397
2018-08-19 13:00:00+00:00,255.15208447950454
2018-08-19 14:00:00+00:00,156.78715317500328
2018-08-19 15:00:00+00:00,50.977666329977666
2018-08-19 16:00:00+00:00,0.0
2018-08-19 17:00:00+00:00,0.0
2018-08-19 18:00:00+00:00,0.0
2018-08-19 19:00:00+00:00,0.0
2018-08-19 20:00:00+00:00,0.0
2018-08-19 21:00:00+00:00,0.0
2018-08-19 22:00:00+00:00,0.0
2018-08-19 23:00:00+00:00,0.0
2018-08-20 00:00:00+00:00,0.0
2018-08-20 01:00:00+00:00,0.0
2018-08-20 02:00:00+00:00,0.0
2018-08-20 03:00:00+00:00,13.215354624811507
2018-08-20 04:00:00+00:00,58.39891377222173
2018-08-20 05:00:00+00:00,155.94922455886547
2018-08-20 06:00:00+00:00,249.75511335710058
2018-08-20 07:00:00+00:00,325.979938542038
2018-08-20 08:00:00+00:00,377.81571779284866
2018-08-20 09:00:00+00:00,404.8961557490918
2018-08-20 10:00:00+00:00,405.16268032834387
2018-08-20 11:00:00+00:00,379.1975108051306
2018-08-20 12:00:00+00:00,328.22075824019305
2018-08-20 13:00:00+00:00,251.3754857135219
2018-08-20 14:00:00+00:00,153.57984680247307
2018-08-20 15:00:00+00:00,48.92621199756355
2018-08-20 16:00:00+00:00,0.0
2018-08-20 17:00:00+00:00,0.0
2018-08-20 18:00:00+00:00,0.0
2018-08-20 19:00:00+00:00,0.0
2018-08-20 20:00:00+00:00,0.0
2018-08-20 21:00:00+00:00,0.0
2018-08-20 22:00:00+00:00,0.0
2018-08-20 23:00:00+00:00,0.0
2018-08-21 00:00:00+00:00,0.0
2018-08-21 01:00:00+00:00,0.0
2018-08-21 02:00:00+00:00,0.0
2018-08-21 03:00:00+00:00,12.817524061482185
2018-08-21 04:00:00+00:00,58.59331211814054
2018-08-21 05:00:00+00:00,155.94940307492385
2018-08-21 06:00:00+00:00,250.4993046688398
2018-08-21 07:00:00+00:00,326.8900045960275
2018-08-21 08:00:00+00:00,379.2141501328922
2018-08-21 09:00:00+00:00,407.4129445515161
2018-08-21 10:00:00+00:00,407.32081961416554
2018-08-21 11:00:00+00:00,381.36390046266865
2018-08-21 12:00:00+00:00,329.1494521451572
2018-08-21 13:00:00+00:00,251.91994892484166
2018-08-21 14:00:00+00:00,153.8342407928157
2018-08-21 15:00:00+00:00,48.64741814863065
2018-08-21 16:00:00+00:00,0.0
2018-08-21 17:00:00+00:00,0.0
2018-08-21 18:00:00+00:00,0.0
2018-08-21 19:00:00+00:00,0.0
2018-08-21 20:00:00+00:00,0.0
2018-08-21 21:00:00+00:00,0.0
2018-08-21 22:00:00+00:00,0.0
2018-08-21 23:00:00+00:00,0.0
2018-08-22 00:00:00+00:00,0.0
2018-08-22 01:00:00+00:00,0.0
2018-08-22 02:00:00+00:00,0.0
2018-08-22 03:00:00+00:00,12.749675138122207
2018-08-22 04:00:00+00:00,59.77508660240272
2018-08-22 05:00:00+00:00,156.09825000901998
2018-08-22 06:00:00+00:00,249.97124640200926
2018-08-22 07:00:00+00:00,325.8777969749287
2018-08-22 08:00:00+00:00,377.4406920578457
2018-08-22 09:00:00+00:00,403.9123775520461
2018-08-22 10:00:00+00:00,403.79562834451815
2018-08-22 11:00:00+00:00,377.1033303822072
2018-08-22 12:00:00+00:00,324.75551437040144
2018-08-22 13:00:00+00:00,246.94115512597017
2018-08-22 14:00:00+00:00,148.7397395956981
2018-08-22 15:00:00+00:00,44.74291087864677
2018-08-22 16:00:00+00:00,0.0
2018-08-22 17:00:00+00:00,0.0
2018-08-22 18:00:00+00:00,0.0
2018-08-22 19:00:00+00:00,0.0
2018-08-22 20:00:00+00:00,0.0
2018-08-22 21:00:00+00:00,0.0
2018-08-22 22:00:00+00:00,0.0
2018-08-22 23:00:00+00:00,0.0
2018-08-23 00:00:00+00:00,0.0
2018-08-23 01:00:00+00:00,0.0
2018-08-23 02:00:00+00:00,0.0
2018-08-23 03:00:00+00:00,12.141195475811951
2018-08-23 04:00:00+00:00,59.14819366831424
2018-08-23 05:00:00+00:00,155.80569907300364
2018-08-23 06:00:00+00:00,249.7507105762112
2018-08-23 07:00:00+00:00,325.798246570289
2018-08-23 08:00:00+00:00,377.17668514899236
2018-08-23 09:00:00+00:00,404.47448003116926
2018-08-23 10:00:00+00:00,403.7598301121856
2018-08-23 11:00:00+00:00,377.00742126458033
2018-08-23 12:00:00+00:00,324.4541923287185
2018-08-23 13:00:00+00:00,247.05495109187848
2018-08-23 14:00:00+00:00,149.71102437053258
2018-08-23 15:00:00+00:00,45.60227388215824
2018-08-23 16:00:00+00:00,0.0
2018-08-23 17:00:00+00:00,0.0
2018-08-23 18:00:00+00:00,0.0
2018-08-23 19:00:00+00:00,0.0
2018-08-23 20:00:00+00:00,0.0
2018-08-23 21:00:00+00:00,0.0
2018-08-23 22:00:00+00:00,0.0
2018-08-23 23:00:00+00:00,0.0
2018-08-24 00:00:00+00:00,0.0
2018-08-24 01:00:00+00:00,0.0
2018-08-24 02:00:00+00:00,0.0
2018-08-24 03:00:00+00:00,11.68363923753405
2018-08-24 04:00:00+00:00,57.802432379772995
2018-08-24 05:00:00+00:00,153.736639827103
2018-08-24 06:00:00+00:00,246.02674962492372
2018-08-24 07:00:00+00:00,320.6611556636525
2018-08-24 08:00:00+00:00,371.17161336422237
2018-08-24 09:00:00+00:00,395.28234409712724
2018-08-24 10:00:00+00:00,394.4445901617353
2018-08-24 11:00:00+00:00,367.7941447416611
2018-08-24 12:00:00+00:00,314.92041081719117
2018-08-24 13:00:00+00:00,237.57668167517312
2018-08-24 14:00:00+00:00,141.18752399171436
2018-08-24 15:00:00+00:00,39.65780112016952
2018-08-24 16:00:00+00:00,0.0
2018-08-24 17:00:00+00:00,0.0
2018-08-24 18:00:00+00:00,0.0
2018-08-24 19:00:00+00:00,0.0
2018-08-24 20:00:00+00:00,0.0
2018-08-24 21:00:00+00:00,0.0
2018-08-24 22:00:00+00:00,0.0
2018-08-24 23:00:00+00:00,0.0
2018-08-25 00:00:00+00:00,0.0
2018-08-25 01:00:00+00:00,0.0
2018-08-25 02:00:00+00:00,0.0
2018-08-25 03:00:00+00:00,11.497292025352438
2018-08-25 04:00:00+00:00,59.18784440808304
2018-08-25 05:00:00+00:00,153.84890348952518
2018-08-25 06:00:00+00:00,246.19087989577164
2018-08-25 07:00:00+00:00,320.9044717863426
2018-08-25 08:00:00+00:00,371.743559454371
2018-08-25 09:00:00+00:00,397.69268402989957
2018-08-25 10:00:00+00:00,397.1842222452317
2018-08-25 11:00:00+00:00,370.82073448820734
2018-08-25 12:00:00+00:00,318.8638349620876
2018-08-25 13:00:00+00:00,241.96337781152812
2018-08-25 14:00:00+00:00,143.85132220227462
2018-08-25 15:00:00+00:00,40.15680295076121
2018-08-25 16:00:00+00:00,0.0
2018-08-25 17:00:00+00:00,0.0
2018-08-25 18:00:00+00:00,0.0
2018-08-25 19:00:00+00:00,0.0
2018-08-25 20:00:00+00:00,0.0
2018-08-25 21:00:00+00:00,0.0
2018-08-25 22:00:00+00:00,0.0
2018-08-25 23:00:00+00:00,0.0
2018-08-26 00:00:00+00:00,0.0
2018-08-26 01:00:00+00:00,0.0
2018-08-26 02:00:00+00:00,0.0
2018-08-26 03:00:00+00:00,11.565154358921337
2018-08-26 04:00:00+00:00,59.751046447772076
2018-08-26 05:00:00+00:00,158.62747512990006
2018-08-26 06:00:00+00:00,254.5565859908582
2018-08-26 07:00:00+00:00,331.3462001902964
2018-08-26 08:00:00+00:00,383.5691046733722
2018-08-26 09:00:00+00:00,410.6919697228965
2018-08-26 10:00:00+00:00,409.90648914744696
2018-08-26 11:00:00+00:00,382.0626765191773
2018-08-26 12:00:00+00:00,329.21851194336233
2018-08-26 13:00:00+00:00,248.15636679663157
2018-08-26 14:00:00+00:00,145.8593155800455
2018-08-26 15:00:00+00:00,38.89998549987517
2018-08-26 16:00:00+00:00,0.0
2018-08-26 17:00:00+00:00,0.0
2018-08-26 18:00:00+00:00,0.0
2018-08-26 19:00:00+00:00,0.0
2018-08-26 20:00:00+00:00,0.0
2018-08-26 21:00:00+00:00,0.0
2018-08-26 22:00:00+00:00,0.0
2018-08-26 23:00:00+00:00,0.0
2018-08-27 00:00:00+00:00,0.0
2018-08-27 01:00:00+00:00,0.0
2018-08-27 02:00:00+00:00,0.0
2018-08-27 03:00:00+00:00,10.009348936870557
2018-08-27 04:00:00+00:00,55.85417043129395
2018-08-27 05:00:00+00:00,160.97453187776375
2018-08-27 06:00:00+00:00,259.95501407736174
2018-08-27 07:00:00+00:00,338.199489451345
2018-08-27 08:00:00+00:00,390.9086190348779
2018-08-27 09:00:00+00:00,414.75385948225255
2018-08-27 10:00:00+00:00,413.4934796117739
2018-08-27 11:00:00+00:00,385.46412020635296
2018-08-27 12:00:00+00:00,327.6737960202836
2018-08-27 13:00:00+00:00,247.06620221782913
2018-08-27 14:00:00+00:00,145.38190411646707
2018-08-27 15:00:00+00:00,38.58228565791783
2018-08-27 16:00:00+00:00,0.0
2018-08-27 17:00:00+00:00,0.0
2018-08-27 18:00:00+00:00,0.0
2018-08-27 19:00:00+00:00,0.0
2018-08-27 20:00:00+00:00,0.0
2018-08-27 21:00:00+00:00,0.0
2018-08-27 22:00:00+00:00,0.0
2018-08-27 23:00:00+00:00,0.0
2018-08-28 00:00:00+00:00,0.0
2018-08-28 01:00:00+00:00,0.0
2018-08-28 02:00:00+00:00,0.0
2018-08-28 03:00:00+00:00,10.512105117374738
2018-08-28 04:00:00+00:00,58.45268321158315
2018-08-28 05:00:00+00:00,157.53604209650422
2018-08-28 06:00:00+00:00,252.97010464392065
2018-08-28 07:00:00+00:00,329.14812727149143
2018-08-28 08:00:00+00:00,380.4742625413263
2018-08-28 09:00:00+00:00,403.31015986758143
2018-08-28 10:00:00+00:00,401.3141707422194
2018-08-28 11:00:00+00:00,372.872060629737
2018-08-28 12:00:00+00:00,320.33820495718146
2018-08-28 13:00:00+00:00,240.91951742151844
2018-08-28 14:00:00+00:00,141.07366149552183
2018-08-28 15:00:00+00:00,36.54677803535327
2018-08-28 16:00:00+00:00,0.0
2018-08-28 17:00:00+00:00,0.0
2018-08-28 18:00:00+00:00,0.0
2018-08-28 19:00:00+00:00,0.0
2018-08-28 20:00:00+00:00,0.0
2018-08-28 21:00:00+00:00,0.0
2018-08-28 22:00:00+00:00,0.0
2018-08-28 23:00:00+00:00,0.0
2018-08-29 00:00:00+00:00,0.0
2018-08-29 01:00:00+00:00,0.0
2018-08-29 02:00:00+00:00,0.0
2018-08-29 03:00:00+00:00,9.92558851193512
2018-08-29 04:00:00+00:00,59.537394100180975
2018-08-29 05:00:00+00:00,152.8632077801285
2018-08-29 06:00:00+00:00,244.11649601126754
2018-08-29 07:00:00+00:00,317.6808340045755
2018-08-29 08:00:00+00:00,367.07661328228187
2018-08-29 09:00:00+00:00,390.97441728981335
2018-08-29 10:00:00+00:00,389.0785037642403
2018-08-29 11:00:00+00:00,360.9292150640732
2018-08-29 12:00:00+00:00,307.8083193339503
2018-08-29 13:00:00+00:00,229.80157460014223
2018-08-29 14:00:00+00:00,131.9890591408976
2018-08-29 15:00:00+00:00,31.51075577669402
2018-08-29 16:00:00+00:00,0.0
2018-08-29 17:00:00+00:00,0.0
2018-08-29 18:00:00+00:00,0.0
2018-08-29 19:00:00+00:00,0.0
2018-08-29 20:00:00+00:00,0.0
2018-08-29 21:00:00+00:00,0.0
2018-08-29 22:00:00+00:00,0.0
2018-08-29 23:00:00+00:00,0.0
2018-08-30 00:00:00+00:00,0.0
2018-08-30 01:00:00+00:00,0.0
2018-08-30 02:00:00+00:00,0.0
2018-08-30 03:00:00+00:00,8.238458896976347
2018-08-30 04:00:00+00:00,64.21556007002745
2018-08-30 05:00:00+00:00,152.18251994643916
2018-08-30 06:00:00+00:00,239.20855731637306
2018-08-30 07:00:00+00:00,308.9787562088105
2018-08-30 08:00:00+00:00,356.2559819226541
2018-08-30 09:00:00+00:00,379.8291208280325
2018-08-30 10:00:00+00:00,376.3865143310951
2018-08-30 11:00:00+00:00,347.81650423484894
2018-08-30 12:00:00+00:00,293.01866277566904
2018-08-30 13:00:00+00:00,214.6764363705306
2018-08-30 14:00:00+00:00,118.65282264564038
2018-08-30 15:00:00+00:00,24.46144619617793
2018-08-30 16:00:00+00:00,0.0
2018-08-30 17:00:00+00:00,0.0
2018-08-30 18:00:00+00:00,0.0
2018-08-30 19:00:00+00:00,0.0
2018-08-30 20:00:00+00:00,0.0
2018-08-30 21:00:00+00:00,0.0
2018-08-30 22:00:00+00:00,0.0
2018-08-30 23:00:00+00:00,0.0
2018-08-31 00:00:00+00:00,0.0
2018-08-31 01:00:00+00:00,0.0
2018-08-31 02:00:00+00:00,0.0
2018-08-31 03:00:00+00:00,7.002153671535324
2018-08-31 04:00:00+00:00,64.89487739569086
2018-08-31 05:00:00+00:00,151.33017129575666
2018-08-31 06:00:00+00:00,237.40219819437456
2018-08-31 07:00:00+00:00,307.07362748488276
2018-08-31 08:00:00+00:00,353.7123005598045
2018-08-31 09:00:00+00:00,372.2068519335654
2018-08-31 10:00:00+00:00,367.3673860052746
2018-08-31 11:00:00+00:00,336.764708303091
2018-08-31 12:00:00+00:00,279.444154339781
2018-08-31 13:00:00+00:00,190.4077742058021
2018-08-31 14:00:00+00:00,107.00254552080978
2018-08-31 15:00:00+00:00,18.484178189448876
2018-08-31 16:00:00+00:00,0.0
2018-08-31 17:00:00+00:00,0.0
2018-08-31 18:00:00+00:00,0.0
2018-08-31 19:00:00+00:00,0.0
2018-08-31 20:00:00+00:00,0.0
2018-08-31 21:00:00+00:00,0.0
2018-08-31 22:00:00+00:00,0.0
2018-08-31 23:00:00+00:00,0.0
2018-09-01 00:00:00+00:00,0.0
2018-09-01 01:00:00+00:00,0.0
2018-09-01 02:00:00+00:00,0.0
2018-09-01 03:00:00+00:00,5.386735903720498
2018-09-01 04:00:00+00:00,65.5432288583356
2018-09-01 05:00:00+00:00,148.88939498455315
2018-09-01 06:00:00+00:00,232.42251557828993
2018-09-01 07:00:00+00:00,300.52706350498534
2018-09-01 08:00:00+00:00,334.0648632873893
2018-09-01 09:00:00+00:00,356.77591714996606
2018-09-01 10:00:00+00:00,368.67546172260666
2018-09-01 11:00:00+00:00,301.6972473798661
2018-09-01 12:00:00+00:00,241.94625672289277
2018-09-01 13:00:00+00:00,164.7617101685742
2018-09-01 14:00:00+00:00,75.84717896653902
2018-09-01 15:00:00+00:00,19.710672650146595
2018-09-01 16:00:00+00:00,0.0
2018-09-01 17:00:00+00:00,0.0
2018-09-01 18:00:00+00:00,0.0
2018-09-01 19:00:00+00:00,0.0
2018-09-01 20:00:00+00:00,0.0
2018-09-01 21:00:00+00:00,0.0
2018-09-01 22:00:00+00:00,0.0
2018-09-01 23:00:00+00:00,0.0
2018-09-02 00:00:00+00:00,0.0
2018-09-02 01:00:00+00:00,0.0
2018-09-02 02:00:00+00:00,0.0
2018-09-02 03:00:00+00:00,5.19610672489183
2018-09-02 04:00:00+00:00,64.21767245767222
2018-09-02 05:00:00+00:00,148.63365068548725
2018-09-02 06:00:00+00:00,232.74777948652235
2018-09-02 07:00:00+00:00,301.799273407752
2018-09-02 08:00:00+00:00,348.86087483840197
2018-09-02 09:00:00+00:00,367.1746010752669
2018-09-02 10:00:00+00:00,345.67233694639526
2018-09-02 11:00:00+00:00,283.2443824027838
2018-09-02 12:00:00+00:00,218.2309574131646
2018-09-02 13:00:00+00:00,155.76678776223747
2018-09-02 14:00:00+00:00,81.34484336369525
2018-09-02 15:00:00+00:00,17.774754492136985
2018-09-02 16:00:00+00:00,0.0
2018-09-02 17:00:00+00:00,0.0
2018-09-02 18:00:00+00:00,0.0
2018-09-02 19:00:00+00:00,0.0
2018-09-02 20:00:00+00:00,0.0
2018-09-02 21:00:00+00:00,0.0
2018-09-02 22:00:00+00:00,0.0
2018-09-02 23:00:00+00:00,0.0
2018-09-03 00:00:00+00:00,0.0
2018-09-03 01:00:00+00:00,0.0
2018-09-03 02:00:00+00:00,0.0
2018-09-03 03:00:00+00:00,5.5048402615882654
2018-09-03 04:00:00+00:00,64.25086331724944
2018-09-03 05:00:00+00:00,152.04396831326707
2018-09-03 06:00:00+00:00,239.5370436996174
2018-09-03 07:00:00+00:00,310.2369546424734
2018-09-03 08:00:00+00:00,358.10370128385586
2018-09-03 09:00:00+00:00,381.152946620512
2018-09-03 10:00:00+00:00,376.46662767428467
2018-09-03 11:00:00+00:00,345.4556254193834
2018-09-03 12:00:00+00:00,292.78893408757915
2018-09-03 13:00:00+00:00,214.19365166880726
2018-09-03 14:00:00+00:00,116.59759032393171
2018-09-03 15:00:00+00:00,20.65735717512733
2018-09-03 16:00:00+00:00,0.0
2018-09-03 17:00:00+00:00,0.0
2018-09-03 18:00:00+00:00,0.0
2018-09-03 19:00:00+00:00,0.0
2018-09-03 20:00:00+00:00,0.0
2018-09-03 21:00:00+00:00,0.0
2018-09-03 22:00:00+00:00,0.0
2018-09-03 23:00:00+00:00,0.0
2018-09-04 00:00:00+00:00,0.0
2018-09-04 01:00:00+00:00,0.0
2018-09-04 02:00:00+00:00,0.0
2018-09-04 03:00:00+00:00,6.251466048991865
2018-09-04 04:00:00+00:00,62.41863884077882
2018-09-04 05:00:00+00:00,153.71969017920986
2018-09-04 06:00:00+00:00,243.16623314450737
2018-09-04 07:00:00+00:00,315.8096764793081
2018-09-04 08:00:00+00:00,364.83068286124865
2018-09-04 09:00:00+00:00,393.91953886880333
2018-09-04 10:00:00+00:00,388.9308939313232
2018-09-04 11:00:00+00:00,357.0504167775438
2018-09-04 12:00:00+00:00,297.5871523795887
2018-09-04 13:00:00+00:00,213.54998631840468
2018-09-04 14:00:00+00:00,112.19498434545426
2018-09-04 15:00:00+00:00,16.946395769818803
2018-09-04 16:00:00+00:00,0.0
2018-09-04 17:00:00+00:00,0.0
2018-09-04 18:00:00+00:00,0.0
2018-09-04 19:00:00+00:00,0.0
2018-09-04 20:00:00+00:00,0.0
2018-09-04 21:00:00+00:00,0.0
2018-09-04 22:00:00+00:00,0.0
2018-09-04 23:00:00+00:00,0.0
2018-09-05 00:00:00+00:00,0.0
2018-09-05 01:00:00+00:00,0.0
2018-09-05 02:00:00+00:00,0.0
2018-09-05 03:00:00+00:00,5.083758219692367
2018-09-05 04:00:00+00:00,63.03232037114634
2018-09-05 05:00:00+00:00,150.6209040150838
2018-09-05 06:00:00+00:00,237.23188048332867
2018-09-05 07:00:00+00:00,307.90492693459606
2018-09-05 08:00:00+00:00,355.29811108355966
2018-09-05 09:00:00+00:00,374.9972576227299
2018-09-05 10:00:00+00:00,371.4139330869847
2018-09-05 11:00:00+00:00,341.7972235365894
2018-09-05 12:00:00+00:00,290.32702740352545
2018-09-05 13:00:00+00:00,210.9909080060355
2018-09-05 14:00:00+00:00,112.14699669067056
2018-09-05 15:00:00+00:00,16.804307012093773
2018-09-05 16:00:00+00:00,0.0
2018-09-05 17:00:00+00:00,0.0
2018-09-05 18:00:00+00:00,0.0
2018-09-05 19:00:00+00:00,0.0
2018-09-05 20:00:00+00:00,0.0
2018-09-05 21:00:00+00:00,0.0
2018-09-05 22:00:00+00:00,0.0
2018-09-05 23:00:00+00:00,0.0
2018-09-06 00:00:00+00:00,0.0
2018-09-06 01:00:00+00:00,0.0
2018-09-06 02:00:00+00:00,0.0
2018-09-06 03:00:00+00:00,6.155446416391829
2018-09-06 04:00:00+00:00,62.08060550822542
2018-09-06 05:00:00+00:00,154.9978628337949
2018-09-06 06:00:00+00:00,246.8175801492448
2018-09-06 07:00:00+00:00,321.47159821111006
2018-09-06 08:00:00+00:00,372.63988256219596
2018-09-06 09:00:00+00:00,399.6752339261309
2018-09-06 10:00:00+00:00,396.9576331828486
2018-09-06 11:00:00+00:00,365.76184254205646
2018-09-06 12:00:00+00:00,307.0854517180493
2018-09-06 13:00:00+00:00,220.5972790358057
2018-09-06 14:00:00+00:00,115.47941318568812
2018-09-06 15:00:00+00:00,16.197290070955443
2018-09-06 16:00:00+00:00,0.0
2018-09-06 17:00:00+00:00,0.0
2018-09-06 18:00:00+00:00,0.0
2018-09-06 19:00:00+00:00,0.0
2018-09-06 20:00:00+00:00,0.0
2018-09-06 21:00:00+00:00,0.0
2018-09-06 22:00:00+00:00,0.0
2018-09-06 23:00:00+00:00,0.0
2018-09-07 00:00:00+00:00,0.0
2018-09-07 01:00:00+00:00,0.0
2018-09-07 02:00:00+00:00,0.0
2018-09-07 03:00:00+00:00,7.078775905450134
2018-09-07 04:00:00+00:00,61.001579165442344
2018-09-07 05:00:00+00:00,158.76350757604632
2018-09-07 06:00:00+00:00,254.86037031800743
2018-09-07 07:00:00+00:00,332.48435985554045
2018-09-07 08:00:00+00:00,384.84989615239004
2018-09-07 09:00:00+00:00,407.61045817396393
2018-09-07 10:00:00+00:00,406.1312797223836
2018-09-07 11:00:00+00:00,377.13283225236745
2018-09-07 12:00:00+00:00,320.70591544705394
2018-09-07 13:00:00+00:00,237.7870544900665
2018-09-07 14:00:00+00:00,131.96272526776852
2018-09-07 15:00:00+00:00,22.37706017979762
2018-09-07 16:00:00+00:00,0.0
2018-09-07 17:00:00+00:00,0.0
2018-09-07 18:00:00+00:00,0.0
2018-09-07 19:00:00+00:00,0.0
2018-09-07 20:00:00+00:00,0.0
2018-09-07 21:00:00+00:00,0.0
2018-09-07 22:00:00+00:00,0.0
2018-09-07 23:00:00+00:00,0.0
2018-09-08 00:00:00+00:00,0.0
2018-09-08 01:00:00+00:00,0.0
2018-09-08 02:00:00+00:00,0.0
2018-09-08 03:00:00+00:00,7.629555987025808
2018-09-08 04:00:00+00:00,59.7139809668326
2018-09-08 05:00:00+00:00,165.1599485041861
2018-09-08 06:00:00+00:00,264.82767733963607
2018-09-08 07:00:00+00:00,343.8036603762876
2018-09-08 08:00:00+00:00,397.0391769670073
2018-09-08 09:00:00+00:00,422.74643190583885
2018-09-08 10:00:00+00:00,420.99191247354537
2018-09-08 11:00:00+00:00,373.21905699709987
2018-09-08 12:00:00+00:00,332.3996222036992
2018-09-08 13:00:00+00:00,246.3541116663629
2018-09-08 14:00:00+00:00,137.2162957340778
2018-09-08 15:00:00+00:00,23.257137632654782
2018-09-08 16:00:00+00:00,0.0
2018-09-08 17:00:00+00:00,0.0
2018-09-08 18:00:00+00:00,0.0
2018-09-08 19:00:00+00:00,0.0
2018-09-08 20:00:00+00:00,0.0
2018-09-08 21:00:00+00:00,0.0
2018-09-08 22:00:00+00:00,0.0
2018-09-08 23:00:00+00:00,0.0
2018-09-09 00:00:00+00:00,0.0
2018-09-09 01:00:00+00:00,0.0
2018-09-09 02:00:00+00:00,0.0
2018-09-09 03:00:00+00:00,7.238689643506797
2018-09-09 04:00:00+00:00,60.0887141219257
2018-09-09 05:00:00+00:00,164.88817820690232
2018-09-09 06:00:00+00:00,264.4930436812018
2018-09-09 07:00:00+00:00,343.00283480662597
2018-09-09 08:00:00+00:00,395.54791826264557
2018-09-09 09:00:00+00:00,420.5680586747575
2018-09-09 10:00:00+00:00,418.2943043274264
2018-09-09 11:00:00+00:00,387.82921038863367
2018-09-09 12:00:00+00:00,306.24878014964344
2018-09-09 13:00:00+00:00,244.58400887147684
2018-09-09 14:00:00+00:00,136.0396021694964
2018-09-09 15:00:00+00:00,22.326661989767842
2018-09-09 16:00:00+00:00,0.0
2018-09-09 17:00:00+00:00,0.0
2018-09-09 18:00:00+00:00,0.0
2018-09-09 19:00:00+00:00,0.0
2018-09-09 20:00:00+00:00,0.0
2018-09-09 21:00:00+00:00,0.0
2018-09-09 22:00:00+00:00,0.0
2018-09-09 23:00:00+00:00,0.0
2018-09-10 00:00:00+00:00,0.0
2018-09-10 01:00:00+00:00,0.0
2018-09-10 02:00:00+00:00,0.0
2018-09-10 03:00:00+00:00,6.777795567174589
2018-09-10 04:00:00+00:00,60.642313680042825
2018-09-10 05:00:00+00:00,164.74107126679172
2018-09-10 06:00:00+00:00,263.9094294065847
2018-09-10 07:00:00+00:00,342.9340151135257
2018-09-10 08:00:00+00:00,395.54322593963724
2018-09-10 09:00:00+00:00,421.2487882736923
2018-09-10 10:00:00+00:00,418.564364451903
2018-09-10 11:00:00+00:00,387.9844835460341
2018-09-10 12:00:00+00:00,330.0673810042682
2018-09-10 13:00:00+00:00,244.52751793825615
2018-09-10 14:00:00+00:00,136.38745390961753
2018-09-10 15:00:00+00:00,22.308371263938263
2018-09-10 16:00:00+00:00,0.0
2018-09-10 17:00:00+00:00,0.0
2018-09-10 18:00:00+00:00,0.0
2018-09-10 19:00:00+00:00,0.0
2018-09-10 20:00:00+00:00,0.0
2018-09-10 21:00:00+00:00,0.0
2018-09-10 22:00:00+00:00,0.0
2018-09-10 23:00:00+00:00,0.0
2018-09-11 00:00:00+00:00,0.0
2018-09-11 01:00:00+00:00,0.0
2018-09-11 02:00:00+00:00,0.0
2018-09-11 03:00:00+00:00,6.53650549763788
2018-09-11 04:00:00+00:00,60.74785228079786
2018-09-11 05:00:00+00:00,163.73691385910269
2018-09-11 06:00:00+00:00,261.86747986326793
2018-09-11 07:00:00+00:00,339.53933878112935
2018-09-11 08:00:00+00:00,390.93609282546254
2018-09-11 09:00:00+00:00,415.17288196545496
2018-09-11 10:00:00+00:00,411.69616661953825
2018-09-11 11:00:00+00:00,381.2940505890578
2018-09-11 12:00:00+00:00,322.06575350156925
2018-09-11 13:00:00+00:00,237.33328297518835
2018-09-11 14:00:00+00:00,130.5720336195937
2018-09-11 15:00:00+00:00,18.960085178708237
2018-09-11 16:00:00+00:00,0.0
2018-09-11 17:00:00+00:00,0.0
2018-09-11 18:00:00+00:00,0.0
2018-09-11 19:00:00+00:00,0.0
2018-09-11 20:00:00+00:00,0.0
2018-09-11 21:00:00+00:00,0.0
2018-09-11 22:00:00+00:00,0.0
2018-09-11 23:00:00+00:00,0.0
2018-09-12 00:00:00+00:00,0.0
2018-09-12 01:00:00+00:00,0.0
2018-09-12 02:00:00+00:00,0.0
2018-09-12 03:00:00+00:00,5.594328274627752
2018-09-12 04:00:00+00:00,61.905498664889066
2018-09-12 05:00:00+00:00,156.00056406865366
2018-09-12 06:00:00+00:00,248.72937359318894
2018-09-12 07:00:00+00:00,320.21070574733267
2018-09-12 08:00:00+00:00,366.93379164240775
2018-09-12 09:00:00+00:00,368.89153947163516
2018-09-12 10:00:00+00:00,380.62074966391236
2018-09-12 11:00:00+00:00,272.3114270019768
2018-09-12 12:00:00+00:00,270.2156640706626
2018-09-12 13:00:00+00:00,166.864845139689
2018-09-12 14:00:00+00:00,90.04645527261316
2018-09-12 15:00:00+00:00,5.806194756222926
2018-09-12 16:00:00+00:00,0.0
2018-09-12 17:00:00+00:00,0.0
2018-09-12 18:00:00+00:00,0.0
2018-09-12 19:00:00+00:00,0.0
2018-09-12 20:00:00+00:00,0.0
2018-09-12 21:00:00+00:00,0.0
2018-09-12 22:00:00+00:00,0.0
2018-09-12 23:00:00+00:00,0.0
2018-09-13 00:00:00+00:00,0.0
2018-09-13 01:00:00+00:00,0.0
2018-09-13 02:00:00+00:00,0.0
2018-09-13 03:00:00+00:00,2.0366444745395142
2018-09-13 04:00:00+00:00,38.61508556130895
2018-09-13 05:00:00+00:00,139.79683197226774
2018-09-13 06:00:00+00:00,210.67982223314888
2018-09-13 07:00:00+00:00,293.0286981685806
2018-09-13 08:00:00+00:00,340.9072233692141
2018-09-13 09:00:00+00:00,344.9577309079602
2018-09-13 10:00:00+00:00,329.0516565724697
2018-09-13 11:00:00+00:00,279.55563199881186
2018-09-13 12:00:00+00:00,227.52331870229872
2018-09-13 13:00:00+00:00,187.93962219648034
2018-09-13 14:00:00+00:00,76.66931153372973
2018-09-13 15:00:00+00:00,5.87968635112118
2018-09-13 16:00:00+00:00,0.0
2018-09-13 17:00:00+00:00,0.0
2018-09-13 18:00:00+00:00,0.0
2018-09-13 19:00:00+00:00,0.0
2018-09-13 20:00:00+00:00,0.0
2018-09-13 21:00:00+00:00,0.0
2018-09-13 22:00:00+00:00,0.0
2018-09-13 23:00:00+00:00,0.0
2018-09-14 00:00:00+00:00,0.0
2018-09-14 01:00:00+00:00,0.0
2018-09-14 02:00:00+00:00,0.0
2018-09-14 03:00:00+00:00,2.0844306855144845
2018-09-14 04:00:00+00:00,62.26299472630317
2018-09-14 05:00:00+00:00,152.40031817907598
2018-09-14 06:00:00+00:00,242.7143778286108
2018-09-14 07:00:00+00:00,316.46977185900244
2018-09-14 08:00:00+00:00,366.6477865066811
2018-09-14 09:00:00+00:00,391.12230705518107
2018-09-14 10:00:00+00:00,386.7905430414073
2018-09-14 11:00:00+00:00,355.70436786529154
2018-09-14 12:00:00+00:00,300.90755169303566
2018-09-14 13:00:00+00:00,217.3361997342419
2018-09-14 14:00:00+00:00,111.61728028273198
2018-09-14 15:00:00+00:00,9.569779772039883
2018-09-14 16:00:00+00:00,0.0
2018-09-14 17:00:00+00:00,0.0
2018-09-14 18:00:00+00:00,0.0
2018-09-14 19:00:00+00:00,0.0
2018-09-14 20:00:00+00:00,0.0
2018-09-14 21:00:00+00:00,0.0
2018-09-14 22:00:00+00:00,0.0
2018-09-14 23:00:00+00:00,0.0
2018-09-15 00:00:00+00:00,0.0
2018-09-15 01:00:00+00:00,0.0
2018-09-15 02:00:00+00:00,0.0
2018-09-15 03:00:00+00:00,3.5816846389847625
2018-09-15 04:00:00+00:00,62.1923517203757
2018-09-15 05:00:00+00:00,161.43037896982597
2018-09-15 06:00:00+00:00,257.0421612335212
2018-09-15 07:00:00+00:00,332.9057362449753
2018-09-15 08:00:00+00:00,382.94609191161334
2018-09-15 09:00:00+00:00,402.18219031987655
2018-09-15 10:00:00+00:00,396.2627674064754
2018-09-15 11:00:00+00:00,363.0209248328037
2018-09-15 12:00:00+00:00,313.46047723456536
2018-09-15 13:00:00+00:00,227.00660402456634
2018-09-15 14:00:00+00:00,118.16241490638916
2018-09-15 15:00:00+00:00,10.428751984908814
2018-09-15 16:00:00+00:00,0.0
2018-09-15 17:00:00+00:00,0.0
2018-09-15 18:00:00+00:00,0.0
2018-09-15 19:00:00+00:00,0.0
2018-09-15 20:00:00+00:00,0.0
2018-09-15 21:00:00+00:00,0.0
2018-09-15 22:00:00+00:00,0.0
2018-09-15 23:00:00+00:00,0.0
2018-09-16 00:00:00+00:00,0.0
2018-09-16 01:00:00+00:00,0.0
2018-09-16 02:00:00+00:00,0.0
2018-09-16 03:00:00+00:00,2.5985837172922386
2018-09-16 04:00:00+00:00,61.98283972394823
2018-09-16 05:00:00+00:00,155.49896549864255
2018-09-16 06:00:00+00:00,246.8008106461681
2018-09-16 07:00:00+00:00,319.3722438075574
2018-09-16 08:00:00+00:00,367.28557663584525
2018-09-16 09:00:00+00:00,396.4258180268505
2018-09-16 10:00:00+00:00,391.1534908007724
2018-09-16 11:00:00+00:00,358.8019711802267
2018-09-16 12:00:00+00:00,298.29683838336837
2018-09-16 13:00:00+00:00,212.81420978021282
2018-09-16 14:00:00+00:00,106.86725151500113
2018-09-16 15:00:00+00:00,7.213488688799273
2018-09-16 16:00:00+00:00,0.0
2018-09-16 17:00:00+00:00,0.0
2018-09-16 18:00:00+00:00,0.0
2018-09-16 19:00:00+00:00,0.0
2018-09-16 20:00:00+00:00,0.0
2018-09-16 21:00:00+00:00,0.0
2018-09-16 22:00:00+00:00,0.0
2018-09-16 23:00:00+00:00,0.0
2018-09-17 00:00:00+00:00,0.0
2018-09-17 01:00:00+00:00,0.0
2018-09-17 02:00:00+00:00,0.0
2018-09-17 03:00:00+00:00,2.7694745470021873
2018-09-17 04:00:00+00:00,62.391395864365705
2018-09-17 05:00:00+00:00,159.66500388834044
2018-09-17 06:00:00+00:00,254.58639113033917
2018-09-17 07:00:00+00:00,330.24693010106637
2018-09-17 08:00:00+00:00,380.1545047532197
2018-09-17 09:00:00+00:00,402.3744373410182
2018-09-17 10:00:00+00:00,397.6893449305975
2018-09-17 11:00:00+00:00,365.3776639353683
2018-09-17 12:00:00+00:00,305.6031900348435
2018-09-17 13:00:00+00:00,218.95307086890813
2018-09-17 14:00:00+00:00,110.34637088487423
2018-09-17 15:00:00+00:00,6.674612455221442
2018-09-17 16:00:00+00:00,0.0
2018-09-17 17:00:00+00:00,0.0
2018-09-17 18:00:00+00:00,0.0
2018-09-17 19:00:00+00:00,0.0
2018-09-17 20:00:00+00:00,0.0
2018-09-17 21:00:00+00:00,0.0
2018-09-17 22:00:00+00:00,0.0
2018-09-17 23:00:00+00:00,0.0
2018-09-18 00:00:00+00:00,0.0
2018-09-18 01:00:00+00:00,0.0
2018-09-18 02:00:00+00:00,0.0
2018-09-18 03:00:00+00:00,2.856888012320037
2018-09-18 04:00:00+00:00,62.19554205953247
2018-09-18 05:00:00+00:00,161.30831996703733
2018-09-18 06:00:00+00:00,256.7759578089566
2018-09-18 07:00:00+00:00,332.2605095474852
2018-09-18 08:00:00+00:00,382.3748289622629
2018-09-18 09:00:00+00:00,408.88760887216466
2018-09-18 10:00:00+00:00,405.5701150232908
2018-09-18 11:00:00+00:00,374.6530513181267
2018-09-18 12:00:00+00:00,307.3453899111465
2018-09-18 13:00:00+00:00,221.54349533667352
2018-09-18 14:00:00+00:00,112.52479792466261
2018-09-18 15:00:00+00:00,6.40908411335194
2018-09-18 16:00:00+00:00,0.0
2018-09-18 17:00:00+00:00,0.0
2018-09-18 18:00:00+00:00,0.0
2018-09-18 19:00:00+00:00,0.0
2018-09-18 20:00:00+00:00,0.0
2018-09-18 21:00:00+00:00,0.0
2018-09-18 22:00:00+00:00,0.0
2018-09-18 23:00:00+00:00,0.0
2018-09-19 00:00:00+00:00,0.0
2018-09-19 01:00:00+00:00,0.0
2018-09-19 02:00:00+00:00,0.0
2018-09-19 03:00:00+00:00,1.684356540249527
2018-09-19 04:00:00+00:00,61.622406305599064
2018-09-19 05:00:00+00:00,161.7820606706438
2018-09-19 06:00:00+00:00,258.6352444338032
2018-09-19 07:00:00+00:00,335.1374746136761
2018-09-19 08:00:00+00:00,386.023841496531
2018-09-19 09:00:00+00:00,410.4470812276302
2018-09-19 10:00:00+00:00,405.3902907236063
2018-09-19 11:00:00+00:00,372.0419066882972
2018-09-19 12:00:00+00:00,313.4778820842812
2018-09-19 13:00:00+00:00,225.2227819239407
2018-09-19 14:00:00+00:00,113.6861038893835
2018-09-19 15:00:00+00:00,4.664501126848262
2018-09-19 16:00:00+00:00,0.0
2018-09-19 17:00:00+00:00,0.0
2018-09-19 18:00:00+00:00,0.0
2018-09-19 19:00:00+00:00,0.0
2018-09-19 20:00:00+00:00,0.0
2018-09-19 21:00:00+00:00,0.0
2018-09-19 22:00:00+00:00,0.0
2018-09-19 23:00:00+00:00,0.0
2018-09-20 00:00:00+00:00,0.0
2018-09-20 01:00:00+00:00,0.0
2018-09-20 02:00:00+00:00,0.0
2018-09-20 03:00:00+00:00,1.1008409483283388
2018-09-20 04:00:00+00:00,61.29283797108188
2018-09-20 05:00:00+00:00,159.80842243193044
2018-09-20 06:00:00+00:00,254.8991201980381
2018-09-20 07:00:00+00:00,330.06628763504114
2018-09-20 08:00:00+00:00,379.2413590892283
2018-09-20 09:00:00+00:00,404.6080072122745
2018-09-20 10:00:00+00:00,398.7813406933635
2018-09-20 11:00:00+00:00,348.9546454009331
2018-09-20 12:00:00+00:00,298.5272682741693
2018-09-20 13:00:00+00:00,216.90441318288168
2018-09-20 14:00:00+00:00,105.27556607419916
2018-09-20 15:00:00+00:00,0.9977588104064599
2018-09-20 16:00:00+00:00,0.0
2018-09-20 17:00:00+00:00,0.0
2018-09-20 18:00:00+00:00,0.0
2018-09-20 19:00:00+00:00,0.0
2018-09-20 20:00:00+00:00,0.0
2018-09-20 21:00:00+00:00,0.0
2018-09-20 22:00:00+00:00,0.0
2018-09-20 23:00:00+00:00,0.0
2018-09-21 00:00:00+00:00,0.0
2018-09-21 01:00:00+00:00,0.0
2018-09-21 02:00:00+00:00,0.0
2018-09-21 03:00:00+00:00,0.7008478966743331
2018-09-21 04:00:00+00:00,60.72489960918692
2018-09-21 05:00:00+00:00,155.4305182264724
2018-09-21 06:00:00+00:00,247.483010881533
2018-09-21 07:00:00+00:00,320.7626238246753
2018-09-21 08:00:00+00:00,359.2995368361062
2018-09-21 09:00:00+00:00,386.5917599118496
2018-09-21 10:00:00+00:00,380.09915614900075
2018-09-21 11:00:00+00:00,346.84328286973425
2018-09-21 12:00:00+00:00,261.1434929761887
2018-09-21 13:00:00+00:00,139.86652573617116
2018-09-21 14:00:00+00:00,59.0933043504005
2018-09-21 15:00:00+00:00,0.8051147664234674
2018-09-21 16:00:00+00:00,0.0
2018-09-21 17:00:00+00:00,0.0
2018-09-21 18:00:00+00:00,0.0
2018-09-21 19:00:00+00:00,0.0
2018-09-21 20:00:00+00:00,0.0
2018-09-21 21:00:00+00:00,0.0
2018-09-21 22:00:00+00:00,0.0
2018-09-21 23:00:00+00:00,0.0
2018-09-22 00:00:00+00:00,0.0
2018-09-22 01:00:00+00:00,0.0
2018-09-22 02:00:00+00:00,0.0
2018-09-22 03:00:00+00:00,0.40043616164427187
2018-09-22 04:00:00+00:00,61.029625039316045
2018-09-22 05:00:00+00:00,156.0837893774671
2018-09-22 06:00:00+00:00,248.07158413055075
2018-09-22 07:00:00+00:00,320.9727814791288
2018-09-22 08:00:00+00:00,368.4955716612981
2018-09-22 09:00:00+00:00,394.82044492137845
2018-09-22 10:00:00+00:00,388.1257253334749
2018-09-22 11:00:00+00:00,352.7089631980928
2018-09-22 12:00:00+00:00,291.9506236053627
2018-09-22 13:00:00+00:00,202.38007876044412
2018-09-22 14:00:00+00:00,92.77890442425347
2018-09-22 15:00:00+00:00,0.06582365806287178
2018-09-22 16:00:00+00:00,0.0
2018-09-22 17:00:00+00:00,0.0
2018-09-22 18:00:00+00:00,0.0
2018-09-22 19:00:00+00:00,0.0
2018-09-22 20:00:00+00:00,0.0
2018-09-22 21:00:00+00:00,0.0
2018-09-22 22:00:00+00:00,0.0
2018-09-22 23:00:00+00:00,0.0
2018-09-23 00:00:00+00:00,0.0
2018-09-23 01:00:00+00:00,0.0
2018-09-23 02:00:00+00:00,0.0
2018-09-23 03:00:00+00:00,0.0
2018-09-23 04:00:00+00:00,60.23109797857108
2018-09-23 05:00:00+00:00,154.84398666262732
2018-09-23 06:00:00+00:00,245.5040667282447
2018-09-23 07:00:00+00:00,317.11531143059676
2018-09-23 08:00:00+00:00,363.63985400298105
2018-09-23 09:00:00+00:00,382.5722041502337
2018-09-23 10:00:00+00:00,376.05411075161055
2018-09-23 11:00:00+00:00,341.92976029467917
2018-09-23 12:00:00+00:00,271.05614599968425
2018-09-23 13:00:00+00:00,184.60795094282958
2018-09-23 14:00:00+00:00,80.2117320335773
2018-09-23 15:00:00+00:00,0.0
2018-09-23 16:00:00+00:00,0.0
2018-09-23 17:00:00+00:00,0.0
2018-09-23 18:00:00+00:00,0.0
2018-09-23 19:00:00+00:00,0.0
2018-09-23 20:00:00+00:00,0.0
2018-09-23 21:00:00+00:00,0.0
2018-09-23 22:00:00+00:00,0.0
2018-09-23 23:00:00+00:00,0.0
2018-09-24 00:00:00+00:00,0.0
2018-09-24 01:00:00+00:00,0.0
2018-09-24 02:00:00+00:00,0.0
2018-09-24 03:00:00+00:00,0.0
2018-09-24 04:00:00+00:00,60.24933588399411
2018-09-24 05:00:00+00:00,156.81136803154516
2018-09-24 06:00:00+00:00,250.21706738741292
2018-09-24 07:00:00+00:00,323.9887284507099
2018-09-24 08:00:00+00:00,372.1481940006998
2018-09-24 09:00:00+00:00,398.64304891337144
2018-09-24 10:00:00+00:00,392.4962200428675
2018-09-24 11:00:00+00:00,358.92945414849726
2018-09-24 12:00:00+00:00,297.5865471933356
2018-09-24 13:00:00+00:00,208.9576121562476
2018-09-24 14:00:00+00:00,97.92210512369044
2018-09-24 15:00:00+00:00,0.0
2018-09-24 16:00:00+00:00,0.0
2018-09-24 17:00:00+00:00,0.0
2018-09-24 18:00:00+00:00,0.0
2018-09-24 19:00:00+00:00,0.0
2018-09-24 20:00:00+00:00,0.0
2018-09-24 21:00:00+00:00,0.0
2018-09-24 22:00:00+00:00,0.0
2018-09-24 23:00:00+00:00,0.0
2018-09-25 00:00:00+00:00,0.0
2018-09-25 01:00:00+00:00,0.0
2018-09-25 02:00:00+00:00,0.0
2018-09-25 03:00:00+00:00,0.0
2018-09-25 04:00:00+00:00,61.08769560115108
2018-09-25 05:00:00+00:00,161.28445534558517
2018-09-25 06:00:00+00:00,256.81293839656047
2018-09-25 07:00:00+00:00,331.43265580842666
2018-09-25 08:00:00+00:00,380.3852038579418
2018-09-25 09:00:00+00:00,403.5137494652172
2018-09-25 10:00:00+00:00,397.86325479940075
2018-09-25 11:00:00+00:00,363.75359791295966
2018-09-25 12:00:00+00:00,302.46270467747
2018-09-25 13:00:00+00:00,212.98087052230383
2018-09-25 14:00:00+00:00,99.67145654957221
2018-09-25 15:00:00+00:00,0.0
2018-09-25 16:00:00+00:00,0.0
2018-09-25 17:00:00+00:00,0.0
2018-09-25 18:00:00+00:00,0.0
2018-09-25 19:00:00+00:00,0.0
2018-09-25 20:00:00+00:00,0.0
2018-09-25 21:00:00+00:00,0.0
2018-09-25 22:00:00+00:00,0.0
2018-09-25 23:00:00+00:00,0.0
2018-09-26 00:00:00+00:00,0.0
2018-09-26 01:00:00+00:00,0.0
2018-09-26 02:00:00+00:00,0.0
2018-09-26 03:00:00+00:00,0.0
2018-09-26 04:00:00+00:00,61.59100739506577
2018-09-26 05:00:00+00:00,161.9593537968255
2018-09-26 06:00:00+00:00,258.01439075056504
2018-09-26 07:00:00+00:00,332.66382220445144
2018-09-26 08:00:00+00:00,381.3681578649507
2018-09-26 09:00:00+00:00,401.9190945735492
2018-09-26 10:00:00+00:00,395.1295184184236
2018-09-26 11:00:00+00:00,360.67154808314086
2018-09-26 12:00:00+00:00,296.9442280151112
2018-09-26 13:00:00+00:00,205.05331706585383
2018-09-26 14:00:00+00:00,90.73958605897815
2018-09-26 15:00:00+00:00,0.0
2018-09-26 16:00:00+00:00,0.0
2018-09-26 17:00:00+00:00,0.0
2018-09-26 18:00:00+00:00,0.0
2018-09-26 19:00:00+00:00,0.0
2018-09-26 20:00:00+00:00,0.0
2018-09-26 21:00:00+00:00,0.0
2018-09-26 22:00:00+00:00,0.0
2018-09-26 23:00:00+00:00,0.0
2018-09-27 00:00:00+00:00,0.0
2018-09-27 01:00:00+00:00,0.0
2018-09-27 02:00:00+00:00,0.0
2018-09-27 03:00:00+00:00,0.0
2018-09-27 04:00:00+00:00,61.01688464864115
2018-09-27 05:00:00+00:00,163.2778193702732
2018-09-27 06:00:00+00:00,260.729656534305
2018-09-27 07:00:00+00:00,336.60140351538337
2018-09-27 08:00:00+00:00,385.1716200316936
2018-09-27 09:00:00+00:00,405.5338434978902
2018-09-27 10:00:00+00:00,398.0445949826735
2018-09-27 11:00:00+00:00,362.36656906150483
2018-09-27 12:00:00+00:00,293.68947169781904
2018-09-27 13:00:00+00:00,199.53840183840953
2018-09-27 14:00:00+00:00,83.92364611948267
2018-09-27 15:00:00+00:00,0.0
2018-09-27 16:00:00+00:00,0.0
2018-09-27 17:00:00+00:00,0.0
2018-09-27 18:00:00+00:00,0.0
2018-09-27 19:00:00+00:00,0.0
2018-09-27 20:00:00+00:00,0.0
2018-09-27 21:00:00+00:00,0.0
2018-09-27 22:00:00+00:00,0.0
2018-09-27 23:00:00+00:00,0.0
2018-09-28 00:00:00+00:00,0.0
2018-09-28 01:00:00+00:00,0.0
2018-09-28 02:00:00+00:00,0.0
2018-09-28 03:00:00+00:00,0.0
2018-09-28 04:00:00+00:00,56.775763655806735
2018-09-28 05:00:00+00:00,149.00822104543346
2018-09-28 06:00:00+00:00,237.06788163413347
2018-09-28 07:00:00+00:00,306.8213974419846
2018-09-28 08:00:00+00:00,353.59535994135956
2018-09-28 09:00:00+00:00,380.07330174984554
2018-09-28 10:00:00+00:00,360.26359759671953
2018-09-28 11:00:00+00:00,291.17553761322245
2018-09-28 12:00:00+00:00,232.3451342442193
2018-09-28 13:00:00+00:00,136.66001204652096
2018-09-28 14:00:00+00:00,48.31643386815425
2018-09-28 15:00:00+00:00,0.0
2018-09-28 16:00:00+00:00,0.0
2018-09-28 17:00:00+00:00,0.0
2018-09-28 18:00:00+00:00,0.0
2018-09-28 19:00:00+00:00,0.0
2018-09-28 20:00:00+00:00,0.0
2018-09-28 21:00:00+00:00,0.0
2018-09-28 22:00:00+00:00,0.0
2018-09-28 23:00:00+00:00,0.0
2018-09-29 00:00:00+00:00,0.0
2018-09-29 01:00:00+00:00,0.0
2018-09-29 02:00:00+00:00,0.0
2018-09-29 03:00:00+00:00,0.0
2018-09-29 04:00:00+00:00,52.920620212844796
2018-09-29 05:00:00+00:00,150.09604660111017
2018-09-29 06:00:00+00:00,239.319203575445
2018-09-29 07:00:00+00:00,309.3502898899916
2018-09-29 08:00:00+00:00,354.7664553710621
2018-09-29 09:00:00+00:00,381.11666405978565
2018-09-29 10:00:00+00:00,372.2866672551054
2018-09-29 11:00:00+00:00,335.01700629231414
2018-09-29 12:00:00+00:00,240.4455985610629
2018-09-29 13:00:00+00:00,113.41678879086967
2018-09-29 14:00:00+00:00,25.825314267480337
2018-09-29 15:00:00+00:00,0.0
2018-09-29 16:00:00+00:00,0.0
2018-09-29 17:00:00+00:00,0.0
2018-09-29 18:00:00+00:00,0.0
2018-09-29 19:00:00+00:00,0.0
2018-09-29 20:00:00+00:00,0.0
2018-09-29 21:00:00+00:00,0.0
2018-09-29 22:00:00+00:00,0.0
2018-09-29 23:00:00+00:00,0.0
2018-09-30 00:00:00+00:00,0.0
2018-09-30 01:00:00+00:00,0.0
2018-09-30 02:00:00+00:00,0.0
2018-09-30 03:00:00+00:00,0.0
2018-09-30 04:00:00+00:00,22.432750543073976
2018-09-30 05:00:00+00:00,124.33842968644603
2018-09-30 06:00:00+00:00,170.98444566272474
2018-09-30 07:00:00+00:00,214.0789985281337
2018-09-30 08:00:00+00:00,281.99758172043676
2018-09-30 09:00:00+00:00,260.9652233566022
2018-09-30 10:00:00+00:00,246.56806748897338
2018-09-30 11:00:00+00:00,187.29060614212568
2018-09-30 12:00:00+00:00,171.97112509012206
2018-09-30 13:00:00+00:00,99.24979375896811
2018-09-30 14:00:00+00:00,18.824709424273316
2018-09-30 15:00:00+00:00,0.0
2018-09-30 16:00:00+00:00,0.0
2018-09-30 17:00:00+00:00,0.0
2018-09-30 18:00:00+00:00,0.0
2018-09-30 19:00:00+00:00,0.0
2018-09-30 20:00:00+00:00,0.0
2018-09-30 21:00:00+00:00,0.0
2018-09-30 22:00:00+00:00,0.0
2018-09-30 23:00:00+00:00,0.0
2018-10-01 00:00:00+00:00,0.0
2018-10-01 01:00:00+00:00,0.0
2018-10-01 02:00:00+00:00,0.0
2018-10-01 03:00:00+00:00,0.0
2018-10-01 04:00:00+00:00,3.58851457893037
2018-10-01 05:00:00+00:00,92.61311463314736
2018-10-01 06:00:00+00:00,184.44240253325404
2018-10-01 07:00:00+00:00,193.1792814526006
2018-10-01 08:00:00+00:00,253.54163589552505
2018-10-01 09:00:00+00:00,282.30328040246343
2018-10-01 10:00:00+00:00,256.4878633848405
2018-10-01 11:00:00+00:00,255.5745127724879
2018-10-01 12:00:00+00:00,168.77896717218403
2018-10-01 13:00:00+00:00,107.13496589016262
2018-10-01 14:00:00+00:00,34.42422092573141
2018-10-01 15:00:00+00:00,0.0
2018-10-01 16:00:00+00:00,0.0
2018-10-01 17:00:00+00:00,0.0
2018-10-01 18:00:00+00:00,0.0
2018-10-01 19:00:00+00:00,0.0
2018-10-01 20:00:00+00:00,0.0
2018-10-01 21:00:00+00:00,0.0
2018-10-01 22:00:00+00:00,0.0
2018-10-01 23:00:00+00:00,0.0
2018-10-02 00:00:00+00:00,0.0
2018-10-02 01:00:00+00:00,0.0
2018-10-02 02:00:00+00:00,0.0
2018-10-02 03:00:00+00:00,0.0
2018-10-02 04:00:00+00:00,53.24615975800613
2018-10-02 05:00:00+00:00,143.517501214607
2018-10-02 06:00:00+00:00,223.52308474137232
2018-10-02 07:00:00+00:00,257.7651129638783
2018-10-02 08:00:00+00:00,286.7139384047969
2018-10-02 09:00:00+00:00,338.2245953008676
2018-10-02 10:00:00+00:00,316.98919164604104
2018-10-02 11:00:00+00:00,254.1474718670504
2018-10-02 12:00:00+00:00,187.36709758499222
2018-10-02 13:00:00+00:00,127.2180427813275
2018-10-02 14:00:00+00:00,24.274912369645737
2018-10-02 15:00:00+00:00,0.0
2018-10-02 16:00:00+00:00,0.0
2018-10-02 17:00:00+00:00,0.0
2018-10-02 18:00:00+00:00,0.0
2018-10-02 19:00:00+00:00,0.0
2018-10-02 20:00:00+00:00,0.0
2018-10-02 21:00:00+00:00,0.0
2018-10-02 22:00:00+00:00,0.0
2018-10-02 23:00:00+00:00,0.0
2018-10-03 00:00:00+00:00,0.0
2018-10-03 01:00:00+00:00,0.0
2018-10-03 02:00:00+00:00,0.0
2018-10-03 03:00:00+00:00,0.0
2018-10-03 04:00:00+00:00,18.87724597930361
2018-10-03 05:00:00+00:00,144.144754906812
2018-10-03 06:00:00+00:00,226.53045916102064
2018-10-03 07:00:00+00:00,307.0958558640984
2018-10-03 08:00:00+00:00,351.5538442072242
2018-10-03 09:00:00+00:00,373.2456134143183
2018-10-03 10:00:00+00:00,362.08440003155994
2018-10-03 11:00:00+00:00,316.5679551696319
2018-10-03 12:00:00+00:00,211.93464946525123
2018-10-03 13:00:00+00:00,92.50251307722192
2018-10-03 14:00:00+00:00,55.31621816824804
2018-10-03 15:00:00+00:00,0.0
2018-10-03 16:00:00+00:00,0.0
2018-10-03 17:00:00+00:00,0.0
2018-10-03 18:00:00+00:00,0.0
2018-10-03 19:00:00+00:00,0.0
2018-10-03 20:00:00+00:00,0.0
2018-10-03 21:00:00+00:00,0.0
2018-10-03 22:00:00+00:00,0.0
2018-10-03 23:00:00+00:00,0.0
2018-10-04 00:00:00+00:00,0.0
2018-10-04 01:00:00+00:00,0.0
2018-10-04 02:00:00+00:00,0.0
2018-10-04 03:00:00+00:00,0.0
2018-10-04 04:00:00+00:00,44.553741168846344
2018-10-04 05:00:00+00:00,127.36478062743853
2018-10-04 06:00:00+00:00,217.53555491020495
2018-10-04 07:00:00+00:00,306.09455789268145
2018-10-04 08:00:00+00:00,359.5882272525382
2018-10-04 09:00:00+00:00,373.3818475046402
2018-10-04 10:00:00+00:00,365.6628162449256
2018-10-04 11:00:00+00:00,329.139061377654
2018-10-04 12:00:00+00:00,266.9586723797651
2018-10-04 13:00:00+00:00,157.87573701153505
2018-10-04 14:00:00+00:00,61.75721151340291
2018-10-04 15:00:00+00:00,0.0
2018-10-04 16:00:00+00:00,0.0
2018-10-04 17:00:00+00:00,0.0
2018-10-04 18:00:00+00:00,0.0
2018-10-04 19:00:00+00:00,0.0
2018-10-04 20:00:00+00:00,0.0
2018-10-04 21:00:00+00:00,0.0
2018-10-04 22:00:00+00:00,0.0
2018-10-04 23:00:00+00:00,0.0
2018-10-05 00:00:00+00:00,0.0
2018-10-05 01:00:00+00:00,0.0
2018-10-05 02:00:00+00:00,0.0
2018-10-05 03:00:00+00:00,0.0
2018-10-05 04:00:00+00:00,52.829178667452176
2018-10-05 05:00:00+00:00,147.9142267785425
2018-10-05 06:00:00+00:00,254.61998012273196
2018-10-05 07:00:00+00:00,329.4167354153469
2018-10-05 08:00:00+00:00,375.357561830854
2018-10-05 09:00:00+00:00,376.8353618352838
2018-10-05 10:00:00+00:00,381.2850601813301
2018-10-05 11:00:00+00:00,337.228721000101
2018-10-05 12:00:00+00:00,256.9874006030252
2018-10-05 13:00:00+00:00,123.41961898044258
2018-10-05 14:00:00+00:00,68.56231571930931
2018-10-05 15:00:00+00:00,0.0
2018-10-05 16:00:00+00:00,0.0
2018-10-05 17:00:00+00:00,0.0
2018-10-05 18:00:00+00:00,0.0
2018-10-05 19:00:00+00:00,0.0
2018-10-05 20:00:00+00:00,0.0
2018-10-05 21:00:00+00:00,0.0
2018-10-05 22:00:00+00:00,0.0
2018-10-05 23:00:00+00:00,0.0
2018-10-06 00:00:00+00:00,0.0
2018-10-06 01:00:00+00:00,0.0
2018-10-06 02:00:00+00:00,0.0
2018-10-06 03:00:00+00:00,0.0
2018-10-06 04:00:00+00:00,57.28975831730687
2018-10-06 05:00:00+00:00,159.0673691419648
2018-10-06 06:00:00+00:00,250.39448860425426
2018-10-06 07:00:00+00:00,331.5886163943338
2018-10-06 08:00:00+00:00,380.35906826327385
2018-10-06 09:00:00+00:00,393.70766914449365
2018-10-06 10:00:00+00:00,372.3520349913454
2018-10-06 11:00:00+00:00,328.5856088655642
2018-10-06 12:00:00+00:00,215.29106313440494
2018-10-06 13:00:00+00:00,118.51910780242231
2018-10-06 14:00:00+00:00,60.686740429534915
2018-10-06 15:00:00+00:00,0.0
2018-10-06 16:00:00+00:00,0.0
2018-10-06 17:00:00+00:00,0.0
2018-10-06 18:00:00+00:00,0.0
2018-10-06 19:00:00+00:00,0.0
2018-10-06 20:00:00+00:00,0.0
2018-10-06 21:00:00+00:00,0.0
2018-10-06 22:00:00+00:00,0.0
2018-10-06 23:00:00+00:00,0.0
2018-10-07 00:00:00+00:00,0.0
2018-10-07 01:00:00+00:00,0.0
2018-10-07 02:00:00+00:00,0.0
2018-10-07 03:00:00+00:00,0.0
2018-10-07 04:00:00+00:00,23.999946677600054
2018-10-07 05:00:00+00:00,139.58387645466505
2018-10-07 06:00:00+00:00,236.55852606824212
2018-10-07 07:00:00+00:00,311.3711091654956
2018-10-07 08:00:00+00:00,346.79571515937516
2018-10-07 09:00:00+00:00,386.3268852678194
2018-10-07 10:00:00+00:00,368.0774976397127
2018-10-07 11:00:00+00:00,305.2387975448306
2018-10-07 12:00:00+00:00,211.2816787768665
2018-10-07 13:00:00+00:00,134.315863251047
2018-10-07 14:00:00+00:00,26.349512447225344
2018-10-07 15:00:00+00:00,0.0
2018-10-07 16:00:00+00:00,0.0
2018-10-07 17:00:00+00:00,0.0
2018-10-07 18:00:00+00:00,0.0
2018-10-07 19:00:00+00:00,0.0
2018-10-07 20:00:00+00:00,0.0
2018-10-07 21:00:00+00:00,0.0
2018-10-07 22:00:00+00:00,0.0
2018-10-07 23:00:00+00:00,0.0
2018-10-08 00:00:00+00:00,0.0
2018-10-08 01:00:00+00:00,0.0
2018-10-08 02:00:00+00:00,0.0
2018-10-08 03:00:00+00:00,0.0
2018-10-08 04:00:00+00:00,53.6422150245504
2018-10-08 05:00:00+00:00,142.5724927193502
2018-10-08 06:00:00+00:00,251.62401778612116
2018-10-08 07:00:00+00:00,327.71275205260946
2018-10-08 08:00:00+00:00,376.3691390708796
2018-10-08 09:00:00+00:00,393.9698835048072
2018-10-08 10:00:00+00:00,383.93481540729806
2018-10-08 11:00:00+00:00,267.0062158135953
2018-10-08 12:00:00+00:00,263.4236763658495
2018-10-08 13:00:00+00:00,154.27673628649913
2018-10-08 14:00:00+00:00,55.603235744166895
2018-10-08 15:00:00+00:00,0.0
2018-10-08 16:00:00+00:00,0.0
2018-10-08 17:00:00+00:00,0.0
2018-10-08 18:00:00+00:00,0.0
2018-10-08 19:00:00+00:00,0.0
2018-10-08 20:00:00+00:00,0.0
2018-10-08 21:00:00+00:00,0.0
2018-10-08 22:00:00+00:00,0.0
2018-10-08 23:00:00+00:00,0.0
2018-10-09 00:00:00+00:00,0.0
2018-10-09 01:00:00+00:00,0.0
2018-10-09 02:00:00+00:00,0.0
2018-10-09 03:00:00+00:00,0.0
2018-10-09 04:00:00+00:00,54.947222359117404
2018-10-09 05:00:00+00:00,155.7225270905098
2018-10-09 06:00:00+00:00,251.61023032863525
2018-10-09 07:00:00+00:00,316.6332444356713
2018-10-09 08:00:00+00:00,369.76644806523177
2018-10-09 09:00:00+00:00,384.24823590048766
2018-10-09 10:00:00+00:00,377.326772834463
2018-10-09 11:00:00+00:00,311.7314284594375
2018-10-09 12:00:00+00:00,273.6152544164874
2018-10-09 13:00:00+00:00,155.05712535153398
2018-10-09 14:00:00+00:00,51.140865770189905
2018-10-09 15:00:00+00:00,0.0
2018-10-09 16:00:00+00:00,0.0
2018-10-09 17:00:00+00:00,0.0
2018-10-09 18:00:00+00:00,0.0
2018-10-09 19:00:00+00:00,0.0
2018-10-09 20:00:00+00:00,0.0
2018-10-09 21:00:00+00:00,0.0
2018-10-09 22:00:00+00:00,0.0
2018-10-09 23:00:00+00:00,0.0
2018-10-10 00:00:00+00:00,0.0
2018-10-10 01:00:00+00:00,0.0
2018-10-10 02:00:00+00:00,0.0
2018-10-10 03:00:00+00:00,0.0
2018-10-10 04:00:00+00:00,53.487460717155614
2018-10-10 05:00:00+00:00,148.88080093821813
2018-10-10 06:00:00+00:00,250.01502690632225
2018-10-10 07:00:00+00:00,304.82202575903955
2018-10-10 08:00:00+00:00,354.8995681902904
2018-10-10 09:00:00+00:00,395.19345242641384
2018-10-10 10:00:00+00:00,385.28267737046434
2018-10-10 11:00:00+00:00,314.09547734092087
2018-10-10 12:00:00+00:00,237.85659793273996
2018-10-10 13:00:00+00:00,180.9922999842115
2018-10-10 14:00:00+00:00,51.11511342304342
2018-10-10 15:00:00+00:00,0.0
2018-10-10 16:00:00+00:00,0.0
2018-10-10 17:00:00+00:00,0.0
2018-10-10 18:00:00+00:00,0.0
2018-10-10 19:00:00+00:00,0.0
2018-10-10 20:00:00+00:00,0.0
2018-10-10 21:00:00+00:00,0.0
2018-10-10 22:00:00+00:00,0.0
2018-10-10 23:00:00+00:00,0.0
2018-10-11 00:00:00+00:00,0.0
2018-10-11 01:00:00+00:00,0.0
2018-10-11 02:00:00+00:00,0.0
2018-10-11 03:00:00+00:00,0.0
2018-10-11 04:00:00+00:00,54.287713563573476
2018-10-11 05:00:00+00:00,150.2108995549005
2018-10-11 06:00:00+00:00,245.2519494077104
2018-10-11 07:00:00+00:00,330.2846351057122
2018-10-11 08:00:00+00:00,357.99980380765777
2018-10-11 09:00:00+00:00,377.85584794093495
2018-10-11 10:00:00+00:00,387.4128778636278
2018-10-11 11:00:00+00:00,348.82024265999394
2018-10-11 12:00:00+00:00,243.53605625974194
2018-10-11 13:00:00+00:00,159.00778351724634
2018-10-11 14:00:00+00:00,57.2778134354292
2018-10-11 15:00:00+00:00,0.0
2018-10-11 16:00:00+00:00,0.0
2018-10-11 17:00:00+00:00,0.0
2018-10-11 18:00:00+00:00,0.0
2018-10-11 19:00:00+00:00,0.0
2018-10-11 20:00:00+00:00,0.0
2018-10-11 21:00:00+00:00,0.0
2018-10-11 22:00:00+00:00,0.0
2018-10-11 23:00:00+00:00,0.0
2018-10-12 00:00:00+00:00,0.0
2018-10-12 01:00:00+00:00,0.0
2018-10-12 02:00:00+00:00,0.0
2018-10-12 03:00:00+00:00,0.0
2018-10-12 04:00:00+00:00,51.19467862898034
2018-10-12 05:00:00+00:00,150.68806611645297
2018-10-12 06:00:00+00:00,224.77382318758112
2018-10-12 07:00:00+00:00,323.0294498615449
2018-10-12 08:00:00+00:00,340.8005184165344
2018-10-12 09:00:00+00:00,323.2588905551284
2018-10-12 10:00:00+00:00,290.3362494597509
2018-10-12 11:00:00+00:00,204.0206131905477
2018-10-12 12:00:00+00:00,224.90396831444338
2018-10-12 13:00:00+00:00,158.56288526285118
2018-10-12 14:00:00+00:00,55.86578962206852
2018-10-12 15:00:00+00:00,0.0
2018-10-12 16:00:00+00:00,0.0
2018-10-12 17:00:00+00:00,0.0
2018-10-12 18:00:00+00:00,0.0
2018-10-12 19:00:00+00:00,0.0
2018-10-12 20:00:00+00:00,0.0
2018-10-12 21:00:00+00:00,0.0
2018-10-12 22:00:00+00:00,0.0
2018-10-12 23:00:00+00:00,0.0
2018-10-13 00:00:00+00:00,0.0
2018-10-13 01:00:00+00:00,0.0
2018-10-13 02:00:00+00:00,0.0
2018-10-13 03:00:00+00:00,0.0
2018-10-13 04:00:00+00:00,57.54696524808557
2018-10-13 05:00:00+00:00,166.43887365016246
2018-10-13 06:00:00+00:00,267.8989064554931
2018-10-13 07:00:00+00:00,345.8642648064923
2018-10-13 08:00:00+00:00,395.7307734109765
2018-10-13 09:00:00+00:00,416.14709951376636
2018-10-13 10:00:00+00:00,406.5877518795256
2018-10-13 11:00:00+00:00,367.75565919359144
2018-10-13 12:00:00+00:00,296.2523163088723
2018-10-13 13:00:00+00:00,197.3976752959394
2018-10-13 14:00:00+00:00,70.5877626509339
2018-10-13 15:00:00+00:00,0.0
2018-10-13 16:00:00+00:00,0.0
2018-10-13 17:00:00+00:00,0.0
2018-10-13 18:00:00+00:00,0.0
2018-10-13 19:00:00+00:00,0.0
2018-10-13 20:00:00+00:00,0.0
2018-10-13 21:00:00+00:00,0.0
2018-10-13 22:00:00+00:00,0.0
2018-10-13 23:00:00+00:00,0.0
2018-10-14 00:00:00+00:00,0.0
2018-10-14 01:00:00+00:00,0.0
2018-10-14 02:00:00+00:00,0.0
2018-10-14 03:00:00+00:00,0.0
2018-10-14 04:00:00+00:00,57.92810772318644
2018-10-14 05:00:00+00:00,166.40372226246913
2018-10-14 06:00:00+00:00,266.55810321422325
2018-10-14 07:00:00+00:00,343.1558825135796
2018-10-14 08:00:00+00:00,391.89350827900034
2018-10-14 09:00:00+00:00,409.04601512326695
2018-10-14 10:00:00+00:00,399.44661354529023
2018-10-14 11:00:00+00:00,360.4644617700616
2018-10-14 12:00:00+00:00,288.92379360289203
2018-10-14 13:00:00+00:00,189.02316656642364
2018-10-14 14:00:00+00:00,62.40097810832334
2018-10-14 15:00:00+00:00,0.0
2018-10-14 16:00:00+00:00,0.0
2018-10-14 17:00:00+00:00,0.0
2018-10-14 18:00:00+00:00,0.0
2018-10-14 19:00:00+00:00,0.0
2018-10-14 20:00:00+00:00,0.0
2018-10-14 21:00:00+00:00,0.0
2018-10-14 22:00:00+00:00,0.0
2018-10-14 23:00:00+00:00,0.0
2018-10-15 00:00:00+00:00,0.0
2018-10-15 01:00:00+00:00,0.0
2018-10-15 02:00:00+00:00,0.0
2018-10-15 03:00:00+00:00,0.0
2018-10-15 04:00:00+00:00,52.94449415560355
2018-10-15 05:00:00+00:00,156.58969790315126
2018-10-15 06:00:00+00:00,255.67864330484284
2018-10-15 07:00:00+00:00,331.39462247595776
2018-10-15 08:00:00+00:00,379.9548633281462
2018-10-15 09:00:00+00:00,404.64482028902836
2018-10-15 10:00:00+00:00,394.54488714017646
2018-10-15 11:00:00+00:00,355.8314405543645
2018-10-15 12:00:00+00:00,265.5806777601821
2018-10-15 13:00:00+00:00,132.65308627449593
2018-10-15 14:00:00+00:00,35.93970378197526
2018-10-15 15:00:00+00:00,0.0
2018-10-15 16:00:00+00:00,0.0
2018-10-15 17:00:00+00:00,0.0
2018-10-15 18:00:00+00:00,0.0
2018-10-15 19:00:00+00:00,0.0
2018-10-15 20:00:00+00:00,0.0
2018-10-15 21:00:00+00:00,0.0
2018-10-15 22:00:00+00:00,0.0
2018-10-15 23:00:00+00:00,0.0
2018-10-16 00:00:00+00:00,0.0
2018-10-16 01:00:00+00:00,0.0
2018-10-16 02:00:00+00:00,0.0
2018-10-16 03:00:00+00:00,0.0
2018-10-16 04:00:00+00:00,52.41717774095481
2018-10-16 05:00:00+00:00,155.98355310459317
2018-10-16 06:00:00+00:00,254.88765896207346
2018-10-16 07:00:00+00:00,331.42028173987035
2018-10-16 08:00:00+00:00,359.4925590859224
2018-10-16 09:00:00+00:00,388.2958038387884
2018-10-16 10:00:00+00:00,386.63302698653035
2018-10-16 11:00:00+00:00,346.41349225485277
2018-10-16 12:00:00+00:00,276.71307788421836
2018-10-16 13:00:00+00:00,157.94192456739046
2018-10-16 14:00:00+00:00,44.65818896374879
2018-10-16 15:00:00+00:00,0.0
2018-10-16 16:00:00+00:00,0.0
2018-10-16 17:00:00+00:00,0.0
2018-10-16 18:00:00+00:00,0.0
2018-10-16 19:00:00+00:00,0.0
2018-10-16 20:00:00+00:00,0.0
2018-10-16 21:00:00+00:00,0.0
2018-10-16 22:00:00+00:00,0.0
2018-10-16 23:00:00+00:00,0.0
2018-10-17 00:00:00+00:00,0.0
2018-10-17 01:00:00+00:00,0.0
2018-10-17 02:00:00+00:00,0.0
2018-10-17 03:00:00+00:00,0.0
2018-10-17 04:00:00+00:00,48.57318656465287
2018-10-17 05:00:00+00:00,147.8795962154967
2018-10-17 06:00:00+00:00,244.40886848059438
2018-10-17 07:00:00+00:00,318.9523316143965
2018-10-17 08:00:00+00:00,366.03911833590047
2018-10-17 09:00:00+00:00,382.1958578655689
2018-10-17 10:00:00+00:00,371.2135213967617
2018-10-17 11:00:00+00:00,330.3001836788508
2018-10-17 12:00:00+00:00,200.9400465793907
2018-10-17 13:00:00+00:00,101.67442479403154
2018-10-17 14:00:00+00:00,31.059856211715523
2018-10-17 15:00:00+00:00,0.0
2018-10-17 16:00:00+00:00,0.0
2018-10-17 17:00:00+00:00,0.0
2018-10-17 18:00:00+00:00,0.0
2018-10-17 19:00:00+00:00,0.0
2018-10-17 20:00:00+00:00,0.0
2018-10-17 21:00:00+00:00,0.0
2018-10-17 22:00:00+00:00,0.0
2018-10-17 23:00:00+00:00,0.0
2018-10-18 00:00:00+00:00,0.0
2018-10-18 01:00:00+00:00,0.0
2018-10-18 02:00:00+00:00,0.0
2018-10-18 03:00:00+00:00,0.0
2018-10-18 04:00:00+00:00,38.31262723526856
2018-10-18 05:00:00+00:00,143.8045349669008
2018-10-18 06:00:00+00:00,227.4619162738
2018-10-18 07:00:00+00:00,302.371672622289
2018-10-18 08:00:00+00:00,360.9523737298823
2018-10-18 09:00:00+00:00,375.4252409866177
2018-10-18 10:00:00+00:00,354.2058374985426
2018-10-18 11:00:00+00:00,296.9743980391656
2018-10-18 12:00:00+00:00,211.96838316267494
2018-10-18 13:00:00+00:00,102.70541142065898
2018-10-18 14:00:00+00:00,26.097071080022648
2018-10-18 15:00:00+00:00,0.0
2018-10-18 16:00:00+00:00,0.0
2018-10-18 17:00:00+00:00,0.0
2018-10-18 18:00:00+00:00,0.0
2018-10-18 19:00:00+00:00,0.0
2018-10-18 20:00:00+00:00,0.0
2018-10-18 21:00:00+00:00,0.0
2018-10-18 22:00:00+00:00,0.0
2018-10-18 23:00:00+00:00,0.0
2018-10-19 00:00:00+00:00,0.0
2018-10-19 01:00:00+00:00,0.0
2018-10-19 02:00:00+00:00,0.0
2018-10-19 03:00:00+00:00,0.0
2018-10-19 04:00:00+00:00,43.38270581642287
2018-10-19 05:00:00+00:00,139.65484391278045
2018-10-19 06:00:00+00:00,233.75898921751215
2018-10-19 07:00:00+00:00,306.80249326630474
2018-10-19 08:00:00+00:00,353.50443331689024
2018-10-19 09:00:00+00:00,379.53786720931544
2018-10-19 10:00:00+00:00,344.5047631677022
2018-10-19 11:00:00+00:00,261.2400108159119
2018-10-19 12:00:00+00:00,211.78056280995952
2018-10-19 13:00:00+00:00,116.57569992317198
2018-10-19 14:00:00+00:00,30.001225655695514
2018-10-19 15:00:00+00:00,0.0
2018-10-19 16:00:00+00:00,0.0
2018-10-19 17:00:00+00:00,0.0
2018-10-19 18:00:00+00:00,0.0
2018-10-19 19:00:00+00:00,0.0
2018-10-19 20:00:00+00:00,0.0
2018-10-19 21:00:00+00:00,0.0
2018-10-19 22:00:00+00:00,0.0
2018-10-19 23:00:00+00:00,0.0
2018-10-20 00:00:00+00:00,0.0
2018-10-20 01:00:00+00:00,0.0
2018-10-20 02:00:00+00:00,0.0
2018-10-20 03:00:00+00:00,0.0
2018-10-20 04:00:00+00:00,34.923978126448795
2018-10-20 05:00:00+00:00,133.85605008809517
2018-10-20 06:00:00+00:00,220.2217902881575
2018-10-20 07:00:00+00:00,308.9249725094627
2018-10-20 08:00:00+00:00,341.0232497631348
2018-10-20 09:00:00+00:00,350.29345059338164
2018-10-20 10:00:00+00:00,311.8498461280292
2018-10-20 11:00:00+00:00,280.27206380800294
2018-10-20 12:00:00+00:00,210.19785927963378
2018-10-20 13:00:00+00:00,98.17447213000919
2018-10-20 14:00:00+00:00,17.93613604934606
2018-10-20 15:00:00+00:00,0.0
2018-10-20 16:00:00+00:00,0.0
2018-10-20 17:00:00+00:00,0.0
2018-10-20 18:00:00+00:00,0.0
2018-10-20 19:00:00+00:00,0.0
2018-10-20 20:00:00+00:00,0.0
2018-10-20 21:00:00+00:00,0.0
2018-10-20 22:00:00+00:00,0.0
2018-10-20 23:00:00+00:00,0.0
2018-10-21 00:00:00+00:00,0.0
2018-10-21 01:00:00+00:00,0.0
2018-10-21 02:00:00+00:00,0.0
2018-10-21 03:00:00+00:00,0.0
2018-10-21 04:00:00+00:00,39.81434629231822
2018-10-21 05:00:00+00:00,155.5646426167723
2018-10-21 06:00:00+00:00,256.77416955319256
2018-10-21 07:00:00+00:00,305.6908769007698
2018-10-21 08:00:00+00:00,383.62834899454367
2018-10-21 09:00:00+00:00,364.7241684966277
2018-10-21 10:00:00+00:00,343.176978065875
2018-10-21 11:00:00+00:00,344.2253853874415
2018-10-21 12:00:00+00:00,247.85816006464523
2018-10-21 13:00:00+00:00,131.36601003458088
2018-10-21 14:00:00+00:00,31.24921374718079
2018-10-21 15:00:00+00:00,0.0
2018-10-21 16:00:00+00:00,0.0
2018-10-21 17:00:00+00:00,0.0
2018-10-21 18:00:00+00:00,0.0
2018-10-21 19:00:00+00:00,0.0
2018-10-21 20:00:00+00:00,0.0
2018-10-21 21:00:00+00:00,0.0
2018-10-21 22:00:00+00:00,0.0
2018-10-21 23:00:00+00:00,0.0
2018-10-22 00:00:00+00:00,0.0
2018-10-22 01:00:00+00:00,0.0
2018-10-22 02:00:00+00:00,0.0
2018-10-22 03:00:00+00:00,0.0
2018-10-22 04:00:00+00:00,10.527631619137724
2018-10-22 05:00:00+00:00,117.495830853006
2018-10-22 06:00:00+00:00,225.0259878700728
2018-10-22 07:00:00+00:00,264.1477131248853
2018-10-22 08:00:00+00:00,306.63203775711787
2018-10-22 09:00:00+00:00,363.42687974227016
2018-10-22 10:00:00+00:00,333.5472612456482
2018-10-22 11:00:00+00:00,229.21823782176114
2018-10-22 12:00:00+00:00,196.48168285711495
2018-10-22 13:00:00+00:00,102.37997023400081
2018-10-22 14:00:00+00:00,19.001323868354827
2018-10-22 15:00:00+00:00,0.0
2018-10-22 16:00:00+00:00,0.0
2018-10-22 17:00:00+00:00,0.0
2018-10-22 18:00:00+00:00,0.0
2018-10-22 19:00:00+00:00,0.0
2018-10-22 20:00:00+00:00,0.0
2018-10-22 21:00:00+00:00,0.0
2018-10-22 22:00:00+00:00,0.0
2018-10-22 23:00:00+00:00,0.0
2018-10-23 00:00:00+00:00,0.0
2018-10-23 01:00:00+00:00,0.0
2018-10-23 02:00:00+00:00,0.0
2018-10-23 03:00:00+00:00,0.0
2018-10-23 04:00:00+00:00,22.663409869493556
2018-10-23 05:00:00+00:00,94.06560510502314
2018-10-23 06:00:00+00:00,203.70374464034023
2018-10-23 07:00:00+00:00,249.80728822186072
2018-10-23 08:00:00+00:00,320.1538371090267
2018-10-23 09:00:00+00:00,306.4778110162607
2018-10-23 10:00:00+00:00,268.66803369636114
2018-10-23 11:00:00+00:00,207.16667978873346
2018-10-23 12:00:00+00:00,119.48667966700012
2018-10-23 13:00:00+00:00,61.60494655054237
2018-10-23 14:00:00+00:00,19.615065444514922
2018-10-23 15:00:00+00:00,0.0
2018-10-23 16:00:00+00:00,0.0
2018-10-23 17:00:00+00:00,0.0
2018-10-23 18:00:00+00:00,0.0
2018-10-23 19:00:00+00:00,0.0
2018-10-23 20:00:00+00:00,0.0
2018-10-23 21:00:00+00:00,0.0
2018-10-23 22:00:00+00:00,0.0
2018-10-23 23:00:00+00:00,0.0
2018-10-24 00:00:00+00:00,0.0
2018-10-24 01:00:00+00:00,0.0
2018-10-24 02:00:00+00:00,0.0
2018-10-24 03:00:00+00:00,0.0
2018-10-24 04:00:00+00:00,34.08262283554497
2018-10-24 05:00:00+00:00,120.44616115826413
2018-10-24 06:00:00+00:00,227.93077162070136
2018-10-24 07:00:00+00:00,307.26509365788627
2018-10-24 08:00:00+00:00,354.04198422600916
2018-10-24 09:00:00+00:00,372.37849978226166
2018-10-24 10:00:00+00:00,358.69351247821254
2018-10-24 11:00:00+00:00,320.92021514852206
2018-10-24 12:00:00+00:00,241.57989114681044
2018-10-24 13:00:00+00:00,152.43113207676518
2018-10-24 14:00:00+00:00,19.70397752403108
2018-10-24 15:00:00+00:00,0.0
2018-10-24 16:00:00+00:00,0.0
2018-10-24 17:00:00+00:00,0.0
2018-10-24 18:00:00+00:00,0.0
2018-10-24 19:00:00+00:00,0.0
2018-10-24 20:00:00+00:00,0.0
2018-10-24 21:00:00+00:00,0.0
2018-10-24 22:00:00+00:00,0.0
2018-10-24 23:00:00+00:00,0.0
2018-10-25 00:00:00+00:00,0.0
2018-10-25 01:00:00+00:00,0.0
2018-10-25 02:00:00+00:00,0.0
2018-10-25 03:00:00+00:00,0.0
2018-10-25 04:00:00+00:00,5.450231073988863
2018-10-25 05:00:00+00:00,81.0528072605276
2018-10-25 06:00:00+00:00,130.58492085220152
2018-10-25 07:00:00+00:00,92.4876509317591
2018-10-25 08:00:00+00:00,108.38234542110132
2018-10-25 09:00:00+00:00,96.48613676962486
2018-10-25 10:00:00+00:00,153.43618724846817
2018-10-25 11:00:00+00:00,26.701671363753302
2018-10-25 12:00:00+00:00,53.34351919636078
2018-10-25 13:00:00+00:00,76.42926349893003
2018-10-25 14:00:00+00:00,9.495752476740906
2018-10-25 15:00:00+00:00,0.0
2018-10-25 16:00:00+00:00,0.0
2018-10-25 17:00:00+00:00,0.0
2018-10-25 18:00:00+00:00,0.0
2018-10-25 19:00:00+00:00,0.0
2018-10-25 20:00:00+00:00,0.0
2018-10-25 21:00:00+00:00,0.0
2018-10-25 22:00:00+00:00,0.0
2018-10-25 23:00:00+00:00,0.0
2018-10-26 00:00:00+00:00,0.0
2018-10-26 01:00:00+00:00,0.0
2018-10-26 02:00:00+00:00,0.0
2018-10-26 03:00:00+00:00,0.0
2018-10-26 04:00:00+00:00,47.10485616417027
2018-10-26 05:00:00+00:00,109.63755546216407
2018-10-26 06:00:00+00:00,168.34754891253942
2018-10-26 07:00:00+00:00,261.2166956945893
2018-10-26 08:00:00+00:00,341.20217885736304
2018-10-26 09:00:00+00:00,324.87783589235767
2018-10-26 10:00:00+00:00,372.0100388700354
2018-10-26 11:00:00+00:00,377.7966740671593
2018-10-26 12:00:00+00:00,302.88521683462216
2018-10-26 13:00:00+00:00,192.75438664785008
2018-10-26 14:00:00+00:00,46.84601940540463
2018-10-26 15:00:00+00:00,0.0
2018-10-26 16:00:00+00:00,0.0
2018-10-26 17:00:00+00:00,0.0
2018-10-26 18:00:00+00:00,0.0
2018-10-26 19:00:00+00:00,0.0
2018-10-26 20:00:00+00:00,0.0
2018-10-26 21:00:00+00:00,0.0
2018-10-26 22:00:00+00:00,0.0
2018-10-26 23:00:00+00:00,0.0
2018-10-27 00:00:00+00:00,0.0
2018-10-27 01:00:00+00:00,0.0
2018-10-27 02:00:00+00:00,0.0
2018-10-27 03:00:00+00:00,0.0
2018-10-27 04:00:00+00:00,59.238683250888045
2018-10-27 05:00:00+00:00,178.12527134754282
2018-10-27 06:00:00+00:00,285.59336700317806
2018-10-27 07:00:00+00:00,367.7600660777629
2018-10-27 08:00:00+00:00,419.61371237771135
2018-10-27 09:00:00+00:00,438.2657320486117
2018-10-27 10:00:00+00:00,428.33955353966275
2018-10-27 11:00:00+00:00,387.3823871464134
2018-10-27 12:00:00+00:00,310.0079451123705
2018-10-27 13:00:00+00:00,204.01423892317285
2018-10-27 14:00:00+00:00,60.59887323940162
2018-10-27 15:00:00+00:00,0.0
2018-10-27 16:00:00+00:00,0.0
2018-10-27 17:00:00+00:00,0.0
2018-10-27 18:00:00+00:00,0.0
2018-10-27 19:00:00+00:00,0.0
2018-10-27 20:00:00+00:00,0.0
2018-10-27 21:00:00+00:00,0.0
2018-10-27 22:00:00+00:00,0.0
2018-10-27 23:00:00+00:00,0.0
2018-10-28 00:00:00+00:00,0.0
2018-10-28 01:00:00+00:00,0.0
2018-10-28 02:00:00+00:00,0.0
2018-10-28 03:00:00+00:00,0.0
2018-10-28 04:00:00+00:00,62.18259530757348
2018-10-28 05:00:00+00:00,183.60285067964517
2018-10-28 06:00:00+00:00,290.5571034603071
2018-10-28 07:00:00+00:00,371.2058485428856
2018-10-28 08:00:00+00:00,422.22974727256513
2018-10-28 09:00:00+00:00,438.79001671603714
2018-10-28 10:00:00+00:00,428.335016469661
2018-10-28 11:00:00+00:00,385.9424239568239
2018-10-28 12:00:00+00:00,312.5421833062592
2018-10-28 13:00:00+00:00,205.86516671837575
2018-10-28 14:00:00+00:00,58.25603458877754
2018-10-28 15:00:00+00:00,0.0
2018-10-28 16:00:00+00:00,0.0
2018-10-28 17:00:00+00:00,0.0
2018-10-28 18:00:00+00:00,0.0
2018-10-28 19:00:00+00:00,0.0
2018-10-28 20:00:00+00:00,0.0
2018-10-28 21:00:00+00:00,0.0
2018-10-28 22:00:00+00:00,0.0
2018-10-28 23:00:00+00:00,0.0
2018-10-29 00:00:00+00:00,0.0
2018-10-29 01:00:00+00:00,0.0
2018-10-29 02:00:00+00:00,0.0
2018-10-29 03:00:00+00:00,0.0
2018-10-29 04:00:00+00:00,58.56352945143573
2018-10-29 05:00:00+00:00,179.33161578351036
2018-10-29 06:00:00+00:00,286.48527581757264
2018-10-29 07:00:00+00:00,366.94728533310615
2018-10-29 08:00:00+00:00,416.7158877138651
2018-10-29 09:00:00+00:00,431.97502350396167
2018-10-29 10:00:00+00:00,418.89706258720486
2018-10-29 11:00:00+00:00,374.14051698640685
2018-10-29 12:00:00+00:00,287.36575610788765
2018-10-29 13:00:00+00:00,177.26580018465967
2018-10-29 14:00:00+00:00,33.38302035601001
2018-10-29 15:00:00+00:00,0.0
2018-10-29 16:00:00+00:00,0.0
2018-10-29 17:00:00+00:00,0.0
2018-10-29 18:00:00+00:00,0.0
2018-10-29 19:00:00+00:00,0.0
2018-10-29 20:00:00+00:00,0.0
2018-10-29 21:00:00+00:00,0.0
2018-10-29 22:00:00+00:00,0.0
2018-10-29 23:00:00+00:00,0.0
2018-10-30 00:00:00+00:00,0.0
2018-10-30 01:00:00+00:00,0.0
2018-10-30 02:00:00+00:00,0.0
2018-10-30 03:00:00+00:00,0.0
2018-10-30 04:00:00+00:00,52.770872709567655
2018-10-30 05:00:00+00:00,170.30654635783654
2018-10-30 06:00:00+00:00,276.4696341713859
2018-10-30 07:00:00+00:00,355.0614587496177
2018-10-30 08:00:00+00:00,404.22232632913176
2018-10-30 09:00:00+00:00,405.8683040578155
2018-10-30 10:00:00+00:00,394.4253268716109
2018-10-30 11:00:00+00:00,351.1799216945492
2018-10-30 12:00:00+00:00,274.8561234352469
2018-10-30 13:00:00+00:00,165.24913923533074
2018-10-30 14:00:00+00:00,26.777656534981862
2018-10-30 15:00:00+00:00,0.0
2018-10-30 16:00:00+00:00,0.0
2018-10-30 17:00:00+00:00,0.0
2018-10-30 18:00:00+00:00,0.0
2018-10-30 19:00:00+00:00,0.0
2018-10-30 20:00:00+00:00,0.0
2018-10-30 21:00:00+00:00,0.0
2018-10-30 22:00:00+00:00,0.0
2018-10-30 23:00:00+00:00,0.0
2018-10-31 00:00:00+00:00,0.0
2018-10-31 01:00:00+00:00,0.0
2018-10-31 02:00:00+00:00,0.0
2018-10-31 03:00:00+00:00,0.0
2018-10-31 04:00:00+00:00,47.77945170583654
2018-10-31 05:00:00+00:00,162.03811247623327
2018-10-31 06:00:00+00:00,266.5368235060093
2018-10-31 07:00:00+00:00,344.8840663835129
2018-10-31 08:00:00+00:00,393.50492965190426
2018-10-31 09:00:00+00:00,408.66961560568814
2018-10-31 10:00:00+00:00,397.29499332071134
2018-10-31 11:00:00+00:00,354.46779664120646
2018-10-31 12:00:00+00:00,271.09428043693106
2018-10-31 13:00:00+00:00,162.82955434746816
2018-10-31 14:00:00+00:00,25.712162299072425
2018-10-31 15:00:00+00:00,0.0
2018-10-31 16:00:00+00:00,0.0
2018-10-31 17:00:00+00:00,0.0
2018-10-31 18:00:00+00:00,0.0
2018-10-31 19:00:00+00:00,0.0
2018-10-31 20:00:00+00:00,0.0
2018-10-31 21:00:00+00:00,0.0
2018-10-31 22:00:00+00:00,0.0
2018-10-31 23:00:00+00:00,0.0
2018-11-01 00:00:00+00:00,0.0
2018-11-01 01:00:00+00:00,0.0
2018-11-01 02:00:00+00:00,0.0
2018-11-01 03:00:00+00:00,0.0
2018-11-01 04:00:00+00:00,53.27320347206235
2018-11-01 05:00:00+00:00,172.25502745644658
2018-11-01 06:00:00+00:00,278.58204696831274
2018-11-01 07:00:00+00:00,358.54607399995564
2018-11-01 08:00:00+00:00,409.6619953271145
2018-11-01 09:00:00+00:00,425.5503812558338
2018-11-01 10:00:00+00:00,415.10087977307427
2018-11-01 11:00:00+00:00,373.55636174335837
2018-11-01 12:00:00+00:00,297.51430235661826
2018-11-01 13:00:00+00:00,189.13068311383756
2018-11-01 14:00:00+00:00,39.26829891205908
2018-11-01 15:00:00+00:00,0.0
2018-11-01 16:00:00+00:00,0.0
2018-11-01 17:00:00+00:00,0.0
2018-11-01 18:00:00+00:00,0.0
2018-11-01 19:00:00+00:00,0.0
2018-11-01 20:00:00+00:00,0.0
2018-11-01 21:00:00+00:00,0.0
2018-11-01 22:00:00+00:00,0.0
2018-11-01 23:00:00+00:00,0.0
2018-11-02 00:00:00+00:00,0.0
2018-11-02 01:00:00+00:00,0.0
2018-11-02 02:00:00+00:00,0.0
2018-11-02 03:00:00+00:00,0.0
2018-11-02 04:00:00+00:00,48.798794896556004
2018-11-02 05:00:00+00:00,162.27427845160994
2018-11-02 06:00:00+00:00,264.4251167657827
2018-11-02 07:00:00+00:00,341.8631470448342
2018-11-02 08:00:00+00:00,390.34464009930167
2018-11-02 09:00:00+00:00,384.0034230107919
2018-11-02 10:00:00+00:00,396.30702518081273
2018-11-02 11:00:00+00:00,353.18603537601257
2018-11-02 12:00:00+00:00,248.08262265227987
2018-11-02 13:00:00+00:00,157.78956017487445
2018-11-02 14:00:00+00:00,29.879333921598047
2018-11-02 15:00:00+00:00,0.0
2018-11-02 16:00:00+00:00,0.0
2018-11-02 17:00:00+00:00,0.0
2018-11-02 18:00:00+00:00,0.0
2018-11-02 19:00:00+00:00,0.0
2018-11-02 20:00:00+00:00,0.0
2018-11-02 21:00:00+00:00,0.0
2018-11-02 22:00:00+00:00,0.0
2018-11-02 23:00:00+00:00,0.0
2018-11-03 00:00:00+00:00,0.0
2018-11-03 01:00:00+00:00,0.0
2018-11-03 02:00:00+00:00,0.0
2018-11-03 03:00:00+00:00,0.0
2018-11-03 04:00:00+00:00,41.52419885654151
2018-11-03 05:00:00+00:00,69.4943010922027
2018-11-03 06:00:00+00:00,198.86133612096546
2018-11-03 07:00:00+00:00,266.58964137083433
2018-11-03 08:00:00+00:00,299.23161141022956
2018-11-03 09:00:00+00:00,294.80521186528506
2018-11-03 10:00:00+00:00,231.54579547031648
2018-11-03 11:00:00+00:00,175.54939952606966
2018-11-03 12:00:00+00:00,127.58172912520574
2018-11-03 13:00:00+00:00,88.86691996013742
2018-11-03 14:00:00+00:00,15.380795542491896
2018-11-03 15:00:00+00:00,0.0
2018-11-03 16:00:00+00:00,0.0
2018-11-03 17:00:00+00:00,0.0
2018-11-03 18:00:00+00:00,0.0
2018-11-03 19:00:00+00:00,0.0
2018-11-03 20:00:00+00:00,0.0
2018-11-03 21:00:00+00:00,0.0
2018-11-03 22:00:00+00:00,0.0
2018-11-03 23:00:00+00:00,0.0
2018-11-04 00:00:00+00:00,0.0
2018-11-04 01:00:00+00:00,0.0
2018-11-04 02:00:00+00:00,0.0
2018-11-04 03:00:00+00:00,0.0
2018-11-04 04:00:00+00:00,38.574177683000045
2018-11-04 05:00:00+00:00,146.97479283430414
2018-11-04 06:00:00+00:00,249.89869465817486
2018-11-04 07:00:00+00:00,328.4783692952492
2018-11-04 08:00:00+00:00,378.5334923596366
2018-11-04 09:00:00+00:00,399.0785612954504
2018-11-04 10:00:00+00:00,342.01483323812073
2018-11-04 11:00:00+00:00,276.41440887801946
2018-11-04 12:00:00+00:00,180.69727914394775
2018-11-04 13:00:00+00:00,139.568057212859
2018-11-04 14:00:00+00:00,20.159774955413823
2018-11-04 15:00:00+00:00,0.0
2018-11-04 16:00:00+00:00,0.0
2018-11-04 17:00:00+00:00,0.0
2018-11-04 18:00:00+00:00,0.0
2018-11-04 19:00:00+00:00,0.0
2018-11-04 20:00:00+00:00,0.0
2018-11-04 21:00:00+00:00,0.0
2018-11-04 22:00:00+00:00,0.0
2018-11-04 23:00:00+00:00,0.0
2018-11-05 00:00:00+00:00,0.0
2018-11-05 01:00:00+00:00,0.0
2018-11-05 02:00:00+00:00,0.0
2018-11-05 03:00:00+00:00,0.0
2018-11-05 04:00:00+00:00,25.042105340520013
2018-11-05 05:00:00+00:00,96.60977777042541
2018-11-05 06:00:00+00:00,171.3164943727309
2018-11-05 07:00:00+00:00,318.019184086533
2018-11-05 08:00:00+00:00,348.49613494499437
2018-11-05 09:00:00+00:00,315.689405598504
2018-11-05 10:00:00+00:00,256.5574330841853
2018-11-05 11:00:00+00:00,212.5498203848315
2018-11-05 12:00:00+00:00,188.07943485920862
2018-11-05 13:00:00+00:00,72.43237159934668
2018-11-05 14:00:00+00:00,13.374612352583707
2018-11-05 15:00:00+00:00,0.0
2018-11-05 16:00:00+00:00,0.0
2018-11-05 17:00:00+00:00,0.0
2018-11-05 18:00:00+00:00,0.0
2018-11-05 19:00:00+00:00,0.0
2018-11-05 20:00:00+00:00,0.0
2018-11-05 21:00:00+00:00,0.0
2018-11-05 22:00:00+00:00,0.0
2018-11-05 23:00:00+00:00,0.0
2018-11-06 00:00:00+00:00,0.0
2018-11-06 01:00:00+00:00,0.0
2018-11-06 02:00:00+00:00,0.0
2018-11-06 03:00:00+00:00,0.0
2018-11-06 04:00:00+00:00,31.281251715057802
2018-11-06 05:00:00+00:00,69.57967486627402
2018-11-06 06:00:00+00:00,153.21511224672506
2018-11-06 07:00:00+00:00,169.97484284457903
2018-11-06 08:00:00+00:00,177.88322567978614
2018-11-06 09:00:00+00:00,208.03306466193516
2018-11-06 10:00:00+00:00,194.2799263684643
2018-11-06 11:00:00+00:00,139.5145956947329
2018-11-06 12:00:00+00:00,55.99625414826198
2018-11-06 13:00:00+00:00,21.69047819462745
2018-11-06 14:00:00+00:00,9.243709796946064
2018-11-06 15:00:00+00:00,0.0
2018-11-06 16:00:00+00:00,0.0
2018-11-06 17:00:00+00:00,0.0
2018-11-06 18:00:00+00:00,0.0
2018-11-06 19:00:00+00:00,0.0
2018-11-06 20:00:00+00:00,0.0
2018-11-06 21:00:00+00:00,0.0
2018-11-06 22:00:00+00:00,0.0
2018-11-06 23:00:00+00:00,0.0
2018-11-07 00:00:00+00:00,0.0
2018-11-07 01:00:00+00:00,0.0
2018-11-07 02:00:00+00:00,0.0
2018-11-07 03:00:00+00:00,0.0
2018-11-07 04:00:00+00:00,40.00278632046282
2018-11-07 05:00:00+00:00,149.03773276719727
2018-11-07 06:00:00+00:00,251.6150794890508
2018-11-07 07:00:00+00:00,330.4502581607717
2018-11-07 08:00:00+00:00,380.43576871476347
2018-11-07 09:00:00+00:00,396.14850213478485
2018-11-07 10:00:00+00:00,321.20716510473807
2018-11-07 11:00:00+00:00,156.25180338167942
2018-11-07 12:00:00+00:00,58.19552870912945
2018-11-07 13:00:00+00:00,20.953440032002383
2018-11-07 14:00:00+00:00,11.983235164481089
2018-11-07 15:00:00+00:00,0.0
2018-11-07 16:00:00+00:00,0.0
2018-11-07 17:00:00+00:00,0.0
2018-11-07 18:00:00+00:00,0.0
2018-11-07 19:00:00+00:00,0.0
2018-11-07 20:00:00+00:00,0.0
2018-11-07 21:00:00+00:00,0.0
2018-11-07 22:00:00+00:00,0.0
2018-11-07 23:00:00+00:00,0.0
2018-11-08 00:00:00+00:00,0.0
2018-11-08 01:00:00+00:00,0.0
2018-11-08 02:00:00+00:00,0.0
2018-11-08 03:00:00+00:00,0.0
2018-11-08 04:00:00+00:00,40.09012933202475
2018-11-08 05:00:00+00:00,151.9661292383741
2018-11-08 06:00:00+00:00,255.75568813103794
2018-11-08 07:00:00+00:00,335.0351502597423
2018-11-08 08:00:00+00:00,385.94749316464595
2018-11-08 09:00:00+00:00,400.93980361118145
2018-11-08 10:00:00+00:00,389.4028452234715
2018-11-08 11:00:00+00:00,346.34730249442237
2018-11-08 12:00:00+00:00,230.704016006318
2018-11-08 13:00:00+00:00,107.78221123966595
2018-11-08 14:00:00+00:00,13.046751231923196
2018-11-08 15:00:00+00:00,0.0
2018-11-08 16:00:00+00:00,0.0
2018-11-08 17:00:00+00:00,0.0
2018-11-08 18:00:00+00:00,0.0
2018-11-08 19:00:00+00:00,0.0
2018-11-08 20:00:00+00:00,0.0
2018-11-08 21:00:00+00:00,0.0
2018-11-08 22:00:00+00:00,0.0
2018-11-08 23:00:00+00:00,0.0
2018-11-09 00:00:00+00:00,0.0
2018-11-09 01:00:00+00:00,0.0
2018-11-09 02:00:00+00:00,0.0
2018-11-09 03:00:00+00:00,0.0
2018-11-09 04:00:00+00:00,18.442301820041635
2018-11-09 05:00:00+00:00,97.07159020655693
2018-11-09 06:00:00+00:00,231.09505658377532
2018-11-09 07:00:00+00:00,247.293002329785
2018-11-09 08:00:00+00:00,326.4533070226676
2018-11-09 09:00:00+00:00,313.4494885622866
2018-11-09 10:00:00+00:00,233.67387175298748
2018-11-09 11:00:00+00:00,132.37584375959355
2018-11-09 12:00:00+00:00,49.44389020082848
2018-11-09 13:00:00+00:00,15.346672506528702
2018-11-09 14:00:00+00:00,4.322402873694366
2018-11-09 15:00:00+00:00,0.0
2018-11-09 16:00:00+00:00,0.0
2018-11-09 17:00:00+00:00,0.0
2018-11-09 18:00:00+00:00,0.0
2018-11-09 19:00:00+00:00,0.0
2018-11-09 20:00:00+00:00,0.0
2018-11-09 21:00:00+00:00,0.0
2018-11-09 22:00:00+00:00,0.0
2018-11-09 23:00:00+00:00,0.0
2018-11-10 00:00:00+00:00,0.0
2018-11-10 01:00:00+00:00,0.0
2018-11-10 02:00:00+00:00,0.0
2018-11-10 03:00:00+00:00,0.0
2018-11-10 04:00:00+00:00,20.37231866627249
2018-11-10 05:00:00+00:00,87.65769698499362
2018-11-10 06:00:00+00:00,124.59691657858387
2018-11-10 07:00:00+00:00,216.2007412698336
2018-11-10 08:00:00+00:00,234.78242405462152
2018-11-10 09:00:00+00:00,242.54122017947788
2018-11-10 10:00:00+00:00,215.3495571239922
2018-11-10 11:00:00+00:00,252.07160057815665
2018-11-10 12:00:00+00:00,185.14119994739676
2018-11-10 13:00:00+00:00,134.9563381739086
2018-11-10 14:00:00+00:00,11.541338385828585
2018-11-10 15:00:00+00:00,0.0
2018-11-10 16:00:00+00:00,0.0
2018-11-10 17:00:00+00:00,0.0
2018-11-10 18:00:00+00:00,0.0
2018-11-10 19:00:00+00:00,0.0
2018-11-10 20:00:00+00:00,0.0
2018-11-10 21:00:00+00:00,0.0
2018-11-10 22:00:00+00:00,0.0
2018-11-10 23:00:00+00:00,0.0
2018-11-11 00:00:00+00:00,0.0
2018-11-11 01:00:00+00:00,0.0
2018-11-11 02:00:00+00:00,0.0
2018-11-11 03:00:00+00:00,0.0
2018-11-11 04:00:00+00:00,32.57980947631884
2018-11-11 05:00:00+00:00,139.48600665642837
2018-11-11 06:00:00+00:00,241.56637825582396
2018-11-11 07:00:00+00:00,290.4113190273508
2018-11-11 08:00:00+00:00,361.2819551492139
2018-11-11 09:00:00+00:00,325.91571309933903
2018-11-11 10:00:00+00:00,169.12001099671642
2018-11-11 11:00:00+00:00,144.23304611431882
2018-11-11 12:00:00+00:00,134.08250410066069
2018-11-11 13:00:00+00:00,79.81418228794995
2018-11-11 14:00:00+00:00,10.319374923736653
2018-11-11 15:00:00+00:00,0.0
2018-11-11 16:00:00+00:00,0.0
2018-11-11 17:00:00+00:00,0.0
2018-11-11 18:00:00+00:00,0.0
2018-11-11 19:00:00+00:00,0.0
2018-11-11 20:00:00+00:00,0.0
2018-11-11 21:00:00+00:00,0.0
2018-11-11 22:00:00+00:00,0.0
2018-11-11 23:00:00+00:00,0.0
2018-11-12 00:00:00+00:00,0.0
2018-11-12 01:00:00+00:00,0.0
2018-11-12 02:00:00+00:00,0.0
2018-11-12 03:00:00+00:00,0.0
2018-11-12 04:00:00+00:00,23.054561819967486
2018-11-12 05:00:00+00:00,121.8156212945391
2018-11-12 06:00:00+00:00,248.5553536633332
2018-11-12 07:00:00+00:00,298.0301567527015
2018-11-12 08:00:00+00:00,381.3770012443132
2018-11-12 09:00:00+00:00,402.4536346330409
2018-11-12 10:00:00+00:00,242.0867840178007
2018-11-12 11:00:00+00:00,165.04205421765224
2018-11-12 12:00:00+00:00,128.05686441282927
2018-11-12 13:00:00+00:00,54.716329709836764
2018-11-12 14:00:00+00:00,13.342367173314834
2018-11-12 15:00:00+00:00,0.0
2018-11-12 16:00:00+00:00,0.0
2018-11-12 17:00:00+00:00,0.0
2018-11-12 18:00:00+00:00,0.0
2018-11-12 19:00:00+00:00,0.0
2018-11-12 20:00:00+00:00,0.0
2018-11-12 21:00:00+00:00,0.0
2018-11-12 22:00:00+00:00,0.0
2018-11-12 23:00:00+00:00,0.0
2018-11-13 00:00:00+00:00,0.0
2018-11-13 01:00:00+00:00,0.0
2018-11-13 02:00:00+00:00,0.0
2018-11-13 03:00:00+00:00,0.0
2018-11-13 04:00:00+00:00,35.34774562506834
2018-11-13 05:00:00+00:00,120.27090005892286
2018-11-13 06:00:00+00:00,177.4677766801684
2018-11-13 07:00:00+00:00,242.89381685799762
2018-11-13 08:00:00+00:00,337.0023435983364
2018-11-13 09:00:00+00:00,347.91269134299233
2018-11-13 10:00:00+00:00,309.63107640637116
2018-11-13 11:00:00+00:00,210.193312609956
2018-11-13 12:00:00+00:00,122.90532119127666
2018-11-13 13:00:00+00:00,50.82405247287936
2018-11-13 14:00:00+00:00,14.17194237341494
2018-11-13 15:00:00+00:00,0.0
2018-11-13 16:00:00+00:00,0.0
2018-11-13 17:00:00+00:00,0.0
2018-11-13 18:00:00+00:00,0.0
2018-11-13 19:00:00+00:00,0.0
2018-11-13 20:00:00+00:00,0.0
2018-11-13 21:00:00+00:00,0.0
2018-11-13 22:00:00+00:00,0.0
2018-11-13 23:00:00+00:00,0.0
2018-11-14 00:00:00+00:00,0.0
2018-11-14 01:00:00+00:00,0.0
2018-11-14 02:00:00+00:00,0.0
2018-11-14 03:00:00+00:00,0.0
2018-11-14 04:00:00+00:00,23.969389644140705
2018-11-14 05:00:00+00:00,116.22987476137061
2018-11-14 06:00:00+00:00,138.80332366307596
2018-11-14 07:00:00+00:00,201.40462952244707
2018-11-14 08:00:00+00:00,301.65732085498104
2018-11-14 09:00:00+00:00,295.29109207726015
2018-11-14 10:00:00+00:00,191.24320421790264
2018-11-14 11:00:00+00:00,82.49599697970623
2018-11-14 12:00:00+00:00,80.88602271790016
2018-11-14 13:00:00+00:00,46.984444748285156
2018-11-14 14:00:00+00:00,8.080944856719366
2018-11-14 15:00:00+00:00,0.0
2018-11-14 16:00:00+00:00,0.0
2018-11-14 17:00:00+00:00,0.0
2018-11-14 18:00:00+00:00,0.0
2018-11-14 19:00:00+00:00,0.0
2018-11-14 20:00:00+00:00,0.0
2018-11-14 21:00:00+00:00,0.0
2018-11-14 22:00:00+00:00,0.0
2018-11-14 23:00:00+00:00,0.0
2018-11-15 00:00:00+00:00,0.0
2018-11-15 01:00:00+00:00,0.0
2018-11-15 02:00:00+00:00,0.0
2018-11-15 03:00:00+00:00,0.0
2018-11-15 04:00:00+00:00,17.48007674762428
2018-11-15 05:00:00+00:00,120.22145315046883
2018-11-15 06:00:00+00:00,199.92292416050475
2018-11-15 07:00:00+00:00,312.73476108226055
2018-11-15 08:00:00+00:00,266.9450848062864
2018-11-15 09:00:00+00:00,304.3364403176867
2018-11-15 10:00:00+00:00,263.5434431910514
2018-11-15 11:00:00+00:00,197.13181347886933
2018-11-15 12:00:00+00:00,154.6691740235491
2018-11-15 13:00:00+00:00,108.35856324137174
2018-11-15 14:00:00+00:00,6.242913835151146
2018-11-15 15:00:00+00:00,0.0
2018-11-15 16:00:00+00:00,0.0
2018-11-15 17:00:00+00:00,0.0
2018-11-15 18:00:00+00:00,0.0
2018-11-15 19:00:00+00:00,0.0
2018-11-15 20:00:00+00:00,0.0
2018-11-15 21:00:00+00:00,0.0
2018-11-15 22:00:00+00:00,0.0
2018-11-15 23:00:00+00:00,0.0
2018-11-16 00:00:00+00:00,0.0
2018-11-16 01:00:00+00:00,0.0
2018-11-16 02:00:00+00:00,0.0
2018-11-16 03:00:00+00:00,0.0
2018-11-16 04:00:00+00:00,26.146181528494914
2018-11-16 05:00:00+00:00,116.19138823475163
2018-11-16 06:00:00+00:00,200.61270115823893
2018-11-16 07:00:00+00:00,259.92074545704827
2018-11-16 08:00:00+00:00,348.0941512756327
2018-11-16 09:00:00+00:00,356.92334944994195
2018-11-16 10:00:00+00:00,333.0292101157411
2018-11-16 11:00:00+00:00,297.0186812751666
2018-11-16 12:00:00+00:00,222.21985215292193
2018-11-16 13:00:00+00:00,132.25225132477658
2018-11-16 14:00:00+00:00,15.656197724160526
2018-11-16 15:00:00+00:00,0.0
2018-11-16 16:00:00+00:00,0.0
2018-11-16 17:00:00+00:00,0.0
2018-11-16 18:00:00+00:00,0.0
2018-11-16 19:00:00+00:00,0.0
2018-11-16 20:00:00+00:00,0.0
2018-11-16 21:00:00+00:00,0.0
2018-11-16 22:00:00+00:00,0.0
2018-11-16 23:00:00+00:00,0.0
2018-11-17 00:00:00+00:00,0.0
2018-11-17 01:00:00+00:00,0.0
2018-11-17 02:00:00+00:00,0.0
2018-11-17 03:00:00+00:00,0.0
2018-11-17 04:00:00+00:00,30.09951242920295
2018-11-17 05:00:00+00:00,144.65960110271945
2018-11-17 06:00:00+00:00,250.59903472991385
2018-11-17 07:00:00+00:00,331.150479452584
2018-11-17 08:00:00+00:00,382.1547447612583
2018-11-17 09:00:00+00:00,400.86110116544216
2018-11-17 10:00:00+00:00,390.803487205281
2018-11-17 11:00:00+00:00,349.05680112870186
2018-11-17 12:00:00+00:00,274.11109363747556
2018-11-17 13:00:00+00:00,163.38889377064527
2018-11-17 14:00:00+00:00,16.930862789253222
2018-11-17 15:00:00+00:00,0.0
2018-11-17 16:00:00+00:00,0.0
2018-11-17 17:00:00+00:00,0.0
2018-11-17 18:00:00+00:00,0.0
2018-11-17 19:00:00+00:00,0.0
2018-11-17 20:00:00+00:00,0.0
2018-11-17 21:00:00+00:00,0.0
2018-11-17 22:00:00+00:00,0.0
2018-11-17 23:00:00+00:00,0.0
2018-11-18 00:00:00+00:00,0.0
2018-11-18 01:00:00+00:00,0.0
2018-11-18 02:00:00+00:00,0.0
2018-11-18 03:00:00+00:00,0.0
2018-11-18 04:00:00+00:00,34.96560642275243
2018-11-18 05:00:00+00:00,154.29426077681202
2018-11-18 06:00:00+00:00,261.1024429613684
2018-11-18 07:00:00+00:00,340.5028703211967
2018-11-18 08:00:00+00:00,389.55651715730414
2018-11-18 09:00:00+00:00,381.8291357388246
2018-11-18 10:00:00+00:00,362.4579294442757
2018-11-18 11:00:00+00:00,317.8221727515443
2018-11-18 12:00:00+00:00,228.86821089218762
2018-11-18 13:00:00+00:00,139.72745639887614
2018-11-18 14:00:00+00:00,10.222961147274049
2018-11-18 15:00:00+00:00,0.0
2018-11-18 16:00:00+00:00,0.0
2018-11-18 17:00:00+00:00,0.0
2018-11-18 18:00:00+00:00,0.0
2018-11-18 19:00:00+00:00,0.0
2018-11-18 20:00:00+00:00,0.0
2018-11-18 21:00:00+00:00,0.0
2018-11-18 22:00:00+00:00,0.0
2018-11-18 23:00:00+00:00,0.0
2018-11-19 00:00:00+00:00,0.0
2018-11-19 01:00:00+00:00,0.0
2018-11-19 02:00:00+00:00,0.0
2018-11-19 03:00:00+00:00,0.0
2018-11-19 04:00:00+00:00,14.969485412345401
2018-11-19 05:00:00+00:00,84.17796208911419
2018-11-19 06:00:00+00:00,184.10588281019773
2018-11-19 07:00:00+00:00,291.5504783094907
2018-11-19 08:00:00+00:00,340.2558193446848
2018-11-19 09:00:00+00:00,337.16646213018765
2018-11-19 10:00:00+00:00,283.3208565952417
2018-11-19 11:00:00+00:00,205.4832598908049
2018-11-19 12:00:00+00:00,114.76873332797813
2018-11-19 13:00:00+00:00,98.7439043785593
2018-11-19 14:00:00+00:00,6.099983555627771
2018-11-19 15:00:00+00:00,0.0
2018-11-19 16:00:00+00:00,0.0
2018-11-19 17:00:00+00:00,0.0
2018-11-19 18:00:00+00:00,0.0
2018-11-19 19:00:00+00:00,0.0
2018-11-19 20:00:00+00:00,0.0
2018-11-19 21:00:00+00:00,0.0
2018-11-19 22:00:00+00:00,0.0
2018-11-19 23:00:00+00:00,0.0
2018-11-20 00:00:00+00:00,0.0
2018-11-20 01:00:00+00:00,0.0
2018-11-20 02:00:00+00:00,0.0
2018-11-20 03:00:00+00:00,0.0
2018-11-20 04:00:00+00:00,23.5775369636412
2018-11-20 05:00:00+00:00,134.62677726053985
2018-11-20 06:00:00+00:00,240.22444386948678
2018-11-20 07:00:00+00:00,320.1604473610299
2018-11-20 08:00:00+00:00,370.3768834896107
2018-11-20 09:00:00+00:00,388.5756733617493
2018-11-20 10:00:00+00:00,370.3173976956205
2018-11-20 11:00:00+00:00,333.9618257991974
2018-11-20 12:00:00+00:00,256.93869621529774
2018-11-20 13:00:00+00:00,144.08517481886275
2018-11-20 14:00:00+00:00,6.293563404139807
2018-11-20 15:00:00+00:00,0.0
2018-11-20 16:00:00+00:00,0.0
2018-11-20 17:00:00+00:00,0.0
2018-11-20 18:00:00+00:00,0.0
2018-11-20 19:00:00+00:00,0.0
2018-11-20 20:00:00+00:00,0.0
2018-11-20 21:00:00+00:00,0.0
2018-11-20 22:00:00+00:00,0.0
2018-11-20 23:00:00+00:00,0.0
2018-11-21 00:00:00+00:00,0.0
2018-11-21 01:00:00+00:00,0.0
2018-11-21 02:00:00+00:00,0.0
2018-11-21 03:00:00+00:00,0.0
2018-11-21 04:00:00+00:00,9.380345035156298
2018-11-21 05:00:00+00:00,74.86946353494957
2018-11-21 06:00:00+00:00,154.9676452752755
2018-11-21 07:00:00+00:00,205.3119939400404
2018-11-21 08:00:00+00:00,281.58925851474265
2018-11-21 09:00:00+00:00,295.16680744013655
2018-11-21 10:00:00+00:00,271.73510745274837
2018-11-21 11:00:00+00:00,152.87201417280258
2018-11-21 12:00:00+00:00,78.94630626268693
2018-11-21 13:00:00+00:00,27.95416407248233
2018-11-21 14:00:00+00:00,1.776308678968924
2018-11-21 15:00:00+00:00,0.0
2018-11-21 16:00:00+00:00,0.0
2018-11-21 17:00:00+00:00,0.0
2018-11-21 18:00:00+00:00,0.0
2018-11-21 19:00:00+00:00,0.0
2018-11-21 20:00:00+00:00,0.0
2018-11-21 21:00:00+00:00,0.0
2018-11-21 22:00:00+00:00,0.0
2018-11-21 23:00:00+00:00,0.0
2018-11-22 00:00:00+00:00,0.0
2018-11-22 01:00:00+00:00,0.0
2018-11-22 02:00:00+00:00,0.0
2018-11-22 03:00:00+00:00,0.0
2018-11-22 04:00:00+00:00,6.950402389757484
2018-11-22 05:00:00+00:00,32.29208720613964
2018-11-22 06:00:00+00:00,101.26984362688307
2018-11-22 07:00:00+00:00,162.97348891126623
2018-11-22 08:00:00+00:00,221.95754334292636
2018-11-22 09:00:00+00:00,183.22573093908395
2018-11-22 10:00:00+00:00,226.66502263722924
2018-11-22 11:00:00+00:00,168.66046976392596
2018-11-22 12:00:00+00:00,77.30661547934781
2018-11-22 13:00:00+00:00,27.082642736220723
2018-11-22 14:00:00+00:00,2.7493579135547295
2018-11-22 15:00:00+00:00,0.0
2018-11-22 16:00:00+00:00,0.0
2018-11-22 17:00:00+00:00,0.0
2018-11-22 18:00:00+00:00,0.0
2018-11-22 19:00:00+00:00,0.0
2018-11-22 20:00:00+00:00,0.0
2018-11-22 21:00:00+00:00,0.0
2018-11-22 22:00:00+00:00,0.0
2018-11-22 23:00:00+00:00,0.0
2018-11-23 00:00:00+00:00,0.0
2018-11-23 01:00:00+00:00,0.0
2018-11-23 02:00:00+00:00,0.0
2018-11-23 03:00:00+00:00,0.0
2018-11-23 04:00:00+00:00,8.876741338022663
2018-11-23 05:00:00+00:00,41.55170843935828
2018-11-23 06:00:00+00:00,188.66428031694036
2018-11-23 07:00:00+00:00,235.46024710400476
2018-11-23 08:00:00+00:00,249.05221150270498
2018-11-23 09:00:00+00:00,295.31346962644693
2018-11-23 10:00:00+00:00,270.9213480414757
2018-11-23 11:00:00+00:00,243.70820081215516
2018-11-23 12:00:00+00:00,81.14573828304056
2018-11-23 13:00:00+00:00,36.621046698493075
2018-11-23 14:00:00+00:00,0.8134152258683219
2018-11-23 15:00:00+00:00,0.0
2018-11-23 16:00:00+00:00,0.0
2018-11-23 17:00:00+00:00,0.0
2018-11-23 18:00:00+00:00,0.0
2018-11-23 19:00:00+00:00,0.0
2018-11-23 20:00:00+00:00,0.0
2018-11-23 21:00:00+00:00,0.0
2018-11-23 22:00:00+00:00,0.0
2018-11-23 23:00:00+00:00,0.0
2018-11-24 00:00:00+00:00,0.0
2018-11-24 01:00:00+00:00,0.0
2018-11-24 02:00:00+00:00,0.0
2018-11-24 03:00:00+00:00,0.0
2018-11-24 04:00:00+00:00,5.481042392082406
2018-11-24 05:00:00+00:00,25.317482329642502
2018-11-24 06:00:00+00:00,50.44917968338697
2018-11-24 07:00:00+00:00,84.56443968870839
2018-11-24 08:00:00+00:00,91.51147043817234
2018-11-24 09:00:00+00:00,121.4442450902397
2018-11-24 10:00:00+00:00,146.98795200329687
2018-11-24 11:00:00+00:00,42.21428442195442
2018-11-24 12:00:00+00:00,50.19581337645727
2018-11-24 13:00:00+00:00,10.36977246267071
2018-11-24 14:00:00+00:00,0.599386000840399
2018-11-24 15:00:00+00:00,0.0
2018-11-24 16:00:00+00:00,0.0
2018-11-24 17:00:00+00:00,0.0
2018-11-24 18:00:00+00:00,0.0
2018-11-24 19:00:00+00:00,0.0
2018-11-24 20:00:00+00:00,0.0
2018-11-24 21:00:00+00:00,0.0
2018-11-24 22:00:00+00:00,0.0
2018-11-24 23:00:00+00:00,0.0
2018-11-25 00:00:00+00:00,0.0
2018-11-25 01:00:00+00:00,0.0
2018-11-25 02:00:00+00:00,0.0
2018-11-25 03:00:00+00:00,0.0
2018-11-25 04:00:00+00:00,18.20108050233893
2018-11-25 05:00:00+00:00,110.86081613710147
2018-11-25 06:00:00+00:00,247.71454873202512
2018-11-25 07:00:00+00:00,313.1196293460639
2018-11-25 08:00:00+00:00,334.3085500120191
2018-11-25 09:00:00+00:00,393.25421595578416
2018-11-25 10:00:00+00:00,406.2052452949239
2018-11-25 11:00:00+00:00,365.5380165008406
2018-11-25 12:00:00+00:00,287.59075524788096
2018-11-25 13:00:00+00:00,146.72079140826037
2018-11-25 14:00:00+00:00,7.584436578265697
2018-11-25 15:00:00+00:00,0.0
2018-11-25 16:00:00+00:00,0.0
2018-11-25 17:00:00+00:00,0.0
2018-11-25 18:00:00+00:00,0.0
2018-11-25 19:00:00+00:00,0.0
2018-11-25 20:00:00+00:00,0.0
2018-11-25 21:00:00+00:00,0.0
2018-11-25 22:00:00+00:00,0.0
2018-11-25 23:00:00+00:00,0.0
2018-11-26 00:00:00+00:00,0.0
2018-11-26 01:00:00+00:00,0.0
2018-11-26 02:00:00+00:00,0.0
2018-11-26 03:00:00+00:00,0.0
2018-11-26 04:00:00+00:00,21.55054053670284
2018-11-26 05:00:00+00:00,139.27070884572888
2018-11-26 06:00:00+00:00,246.4155880349238
2018-11-26 07:00:00+00:00,327.6109492803075
2018-11-26 08:00:00+00:00,364.1642009298288
2018-11-26 09:00:00+00:00,392.89365060956794
2018-11-26 10:00:00+00:00,320.95480374422414
2018-11-26 11:00:00+00:00,275.75504728901285
2018-11-26 12:00:00+00:00,215.87512629794182
2018-11-26 13:00:00+00:00,145.1693359501523
2018-11-26 14:00:00+00:00,7.160443174684582
2018-11-26 15:00:00+00:00,0.0
2018-11-26 16:00:00+00:00,0.0
2018-11-26 17:00:00+00:00,0.0
2018-11-26 18:00:00+00:00,0.0
2018-11-26 19:00:00+00:00,0.0
2018-11-26 20:00:00+00:00,0.0
2018-11-26 21:00:00+00:00,0.0
2018-11-26 22:00:00+00:00,0.0
2018-11-26 23:00:00+00:00,0.0
2018-11-27 00:00:00+00:00,0.0
2018-11-27 01:00:00+00:00,0.0
2018-11-27 02:00:00+00:00,0.0
2018-11-27 03:00:00+00:00,0.0
2018-11-27 04:00:00+00:00,7.458283872035253
2018-11-27 05:00:00+00:00,101.0628275297253
2018-11-27 06:00:00+00:00,186.20865963835968
2018-11-27 07:00:00+00:00,174.98598852683602
2018-11-27 08:00:00+00:00,225.6483196113626
2018-11-27 09:00:00+00:00,226.96767028361836
2018-11-27 10:00:00+00:00,199.39643270813406
2018-11-27 11:00:00+00:00,191.76167684629615
2018-11-27 12:00:00+00:00,121.71382322910728
2018-11-27 13:00:00+00:00,64.43429032821753
2018-11-27 14:00:00+00:00,0.9548759046217877
2018-11-27 15:00:00+00:00,0.0
2018-11-27 16:00:00+00:00,0.0
2018-11-27 17:00:00+00:00,0.0
2018-11-27 18:00:00+00:00,0.0
2018-11-27 19:00:00+00:00,0.0
2018-11-27 20:00:00+00:00,0.0
2018-11-27 21:00:00+00:00,0.0
2018-11-27 22:00:00+00:00,0.0
2018-11-27 23:00:00+00:00,0.0
2018-11-28 00:00:00+00:00,0.0
2018-11-28 01:00:00+00:00,0.0
2018-11-28 02:00:00+00:00,0.0
2018-11-28 03:00:00+00:00,0.0
2018-11-28 04:00:00+00:00,18.35579214524085
2018-11-28 05:00:00+00:00,135.97325402023662
2018-11-28 06:00:00+00:00,222.41757332142413
2018-11-28 07:00:00+00:00,319.2410267801348
2018-11-28 08:00:00+00:00,350.15840726712185
2018-11-28 09:00:00+00:00,355.3058351245838
2018-11-28 10:00:00+00:00,336.95777987112257
2018-11-28 11:00:00+00:00,293.13561103809036
2018-11-28 12:00:00+00:00,214.06909364397126
2018-11-28 13:00:00+00:00,87.25823248731697
2018-11-28 14:00:00+00:00,2.6348759168886495
2018-11-28 15:00:00+00:00,0.0
2018-11-28 16:00:00+00:00,0.0
2018-11-28 17:00:00+00:00,0.0
2018-11-28 18:00:00+00:00,0.0
2018-11-28 19:00:00+00:00,0.0
2018-11-28 20:00:00+00:00,0.0
2018-11-28 21:00:00+00:00,0.0
2018-11-28 22:00:00+00:00,0.0
2018-11-28 23:00:00+00:00,0.0
2018-11-29 00:00:00+00:00,0.0
2018-11-29 01:00:00+00:00,0.0
2018-11-29 02:00:00+00:00,0.0
2018-11-29 03:00:00+00:00,0.0
2018-11-29 04:00:00+00:00,4.373862747141759
2018-11-29 05:00:00+00:00,21.237680949382888
2018-11-29 06:00:00+00:00,123.19805236950218
2018-11-29 07:00:00+00:00,158.087539173691
2018-11-29 08:00:00+00:00,223.88527855466018
2018-11-29 09:00:00+00:00,215.1050345268019
2018-11-29 10:00:00+00:00,216.8771035792942
2018-11-29 11:00:00+00:00,184.614219173092
2018-11-29 12:00:00+00:00,137.69647529897415
2018-11-29 13:00:00+00:00,41.378009962134094
2018-11-29 14:00:00+00:00,1.1029647661019018
2018-11-29 15:00:00+00:00,0.0
2018-11-29 16:00:00+00:00,0.0
2018-11-29 17:00:00+00:00,0.0
2018-11-29 18:00:00+00:00,0.0
2018-11-29 19:00:00+00:00,0.0
2018-11-29 20:00:00+00:00,0.0
2018-11-29 21:00:00+00:00,0.0
2018-11-29 22:00:00+00:00,0.0
2018-11-29 23:00:00+00:00,0.0
2018-11-30 00:00:00+00:00,0.0
2018-11-30 01:00:00+00:00,0.0
2018-11-30 02:00:00+00:00,0.0
2018-11-30 03:00:00+00:00,0.0
2018-11-30 04:00:00+00:00,11.561835486328182
2018-11-30 05:00:00+00:00,95.41918636959517
2018-11-30 06:00:00+00:00,203.10539445791113
2018-11-30 07:00:00+00:00,172.45582522854653
2018-11-30 08:00:00+00:00,212.3292005310591
2018-11-30 09:00:00+00:00,208.42009822460446
2018-11-30 10:00:00+00:00,150.95495454273555
2018-11-30 11:00:00+00:00,209.7724433669294
2018-11-30 12:00:00+00:00,143.09807810769314
2018-11-30 13:00:00+00:00,101.29500756489294
2018-11-30 14:00:00+00:00,1.131305342749357
2018-11-30 15:00:00+00:00,0.0
2018-11-30 16:00:00+00:00,0.0
2018-11-30 17:00:00+00:00,0.0
2018-11-30 18:00:00+00:00,0.0
2018-11-30 19:00:00+00:00,0.0
2018-11-30 20:00:00+00:00,0.0
2018-11-30 21:00:00+00:00,0.0
2018-11-30 22:00:00+00:00,0.0
2018-11-30 23:00:00+00:00,0.0
2018-12-01 00:00:00+00:00,0.0
2018-12-01 01:00:00+00:00,0.0
2018-12-01 02:00:00+00:00,0.0
2018-12-01 03:00:00+00:00,0.0
2018-12-01 04:00:00+00:00,11.925971573863112
2018-12-01 05:00:00+00:00,125.9452142781499
2018-12-01 06:00:00+00:00,206.56994071929415
2018-12-01 07:00:00+00:00,264.92589589486215
2018-12-01 08:00:00+00:00,338.14130803237674
2018-12-01 09:00:00+00:00,325.34063779398303
2018-12-01 10:00:00+00:00,390.9364023792731
2018-12-01 11:00:00+00:00,350.7118520752742
2018-12-01 12:00:00+00:00,234.15563533703948
2018-12-01 13:00:00+00:00,138.8041127440207
2018-12-01 14:00:00+00:00,6.11358554401483
2018-12-01 15:00:00+00:00,0.0
2018-12-01 16:00:00+00:00,0.0
2018-12-01 17:00:00+00:00,0.0
2018-12-01 18:00:00+00:00,0.0
2018-12-01 19:00:00+00:00,0.0
2018-12-01 20:00:00+00:00,0.0
2018-12-01 21:00:00+00:00,0.0
2018-12-01 22:00:00+00:00,0.0
2018-12-01 23:00:00+00:00,0.0
2018-12-02 00:00:00+00:00,0.0
2018-12-02 01:00:00+00:00,0.0
2018-12-02 02:00:00+00:00,0.0
2018-12-02 03:00:00+00:00,0.0
2018-12-02 04:00:00+00:00,3.2286914717727777
2018-12-02 05:00:00+00:00,16.501130342947924
2018-12-02 06:00:00+00:00,152.67947769016047
2018-12-02 07:00:00+00:00,222.7236432563604
2018-12-02 08:00:00+00:00,238.60339107998107
2018-12-02 09:00:00+00:00,219.66665818684095
2018-12-02 10:00:00+00:00,276.7001061856945
2018-12-02 11:00:00+00:00,287.98455755755384
2018-12-02 12:00:00+00:00,129.37752197844597
2018-12-02 13:00:00+00:00,95.4313471946994
2018-12-02 14:00:00+00:00,0.6977090712608163
2018-12-02 15:00:00+00:00,0.0
2018-12-02 16:00:00+00:00,0.0
2018-12-02 17:00:00+00:00,0.0
2018-12-02 18:00:00+00:00,0.0
2018-12-02 19:00:00+00:00,0.0
2018-12-02 20:00:00+00:00,0.0
2018-12-02 21:00:00+00:00,0.0
2018-12-02 22:00:00+00:00,0.0
2018-12-02 23:00:00+00:00,0.0
2018-12-03 00:00:00+00:00,0.0
2018-12-03 01:00:00+00:00,0.0
2018-12-03 02:00:00+00:00,0.0
2018-12-03 03:00:00+00:00,0.0
2018-12-03 04:00:00+00:00,2.57319444653219
2018-12-03 05:00:00+00:00,12.893113290737569
2018-12-03 06:00:00+00:00,82.7356744567187
2018-12-03 07:00:00+00:00,141.86127974358246
2018-12-03 08:00:00+00:00,182.0274377681128
2018-12-03 09:00:00+00:00,217.05644351081637
2018-12-03 10:00:00+00:00,269.12946393639305
2018-12-03 11:00:00+00:00,271.0973110750173
2018-12-03 12:00:00+00:00,177.34023406145056
2018-12-03 13:00:00+00:00,91.36418185255516
2018-12-03 14:00:00+00:00,3.0387981598215443
2018-12-03 15:00:00+00:00,0.0
2018-12-03 16:00:00+00:00,0.0
2018-12-03 17:00:00+00:00,0.0
2018-12-03 18:00:00+00:00,0.0
2018-12-03 19:00:00+00:00,0.0
2018-12-03 20:00:00+00:00,0.0
2018-12-03 21:00:00+00:00,0.0
2018-12-03 22:00:00+00:00,0.0
2018-12-03 23:00:00+00:00,0.0
2018-12-04 00:00:00+00:00,0.0
2018-12-04 01:00:00+00:00,0.0
2018-12-04 02:00:00+00:00,0.0
2018-12-04 03:00:00+00:00,0.0
2018-12-04 04:00:00+00:00,7.136626311585894
2018-12-04 05:00:00+00:00,107.32555305267744
2018-12-04 06:00:00+00:00,173.66713773076603
2018-12-04 07:00:00+00:00,297.6798124525203
2018-12-04 08:00:00+00:00,292.2428401243424
2018-12-04 09:00:00+00:00,335.90228907660503
2018-12-04 10:00:00+00:00,277.06360614522924
2018-12-04 11:00:00+00:00,270.4891565746143
2018-12-04 12:00:00+00:00,225.38047730840697
2018-12-04 13:00:00+00:00,153.47661192607356
2018-12-04 14:00:00+00:00,5.750630869172949
2018-12-04 15:00:00+00:00,0.0
2018-12-04 16:00:00+00:00,0.0
2018-12-04 17:00:00+00:00,0.0
2018-12-04 18:00:00+00:00,0.0
2018-12-04 19:00:00+00:00,0.0
2018-12-04 20:00:00+00:00,0.0
2018-12-04 21:00:00+00:00,0.0
2018-12-04 22:00:00+00:00,0.0
2018-12-04 23:00:00+00:00,0.0
2018-12-05 00:00:00+00:00,0.0
2018-12-05 01:00:00+00:00,0.0
2018-12-05 02:00:00+00:00,0.0
2018-12-05 03:00:00+00:00,0.0
2018-12-05 04:00:00+00:00,3.150220373660103
2018-12-05 05:00:00+00:00,98.47731048287376
2018-12-05 06:00:00+00:00,174.24705512622083
2018-12-05 07:00:00+00:00,254.43953686726232
2018-12-05 08:00:00+00:00,348.84913288343677
2018-12-05 09:00:00+00:00,215.1112787310837
2018-12-05 10:00:00+00:00,199.90377012095607
2018-12-05 11:00:00+00:00,255.3535699259919
2018-12-05 12:00:00+00:00,188.73589622627543
2018-12-05 13:00:00+00:00,81.89315903885436
2018-12-05 14:00:00+00:00,0.5364377062500594
2018-12-05 15:00:00+00:00,0.0
2018-12-05 16:00:00+00:00,0.0
2018-12-05 17:00:00+00:00,0.0
2018-12-05 18:00:00+00:00,0.0
2018-12-05 19:00:00+00:00,0.0
2018-12-05 20:00:00+00:00,0.0
2018-12-05 21:00:00+00:00,0.0
2018-12-05 22:00:00+00:00,0.0
2018-12-05 23:00:00+00:00,0.0
2018-12-06 00:00:00+00:00,0.0
2018-12-06 01:00:00+00:00,0.0
2018-12-06 02:00:00+00:00,0.0
2018-12-06 03:00:00+00:00,0.0
2018-12-06 04:00:00+00:00,1.04224742590503
2018-12-06 05:00:00+00:00,4.041459765905636
2018-12-06 06:00:00+00:00,40.572217194189214
2018-12-06 07:00:00+00:00,86.94950903885643
2018-12-06 08:00:00+00:00,126.18784078981113
2018-12-06 09:00:00+00:00,181.4165484257375
2018-12-06 10:00:00+00:00,167.25238251904594
2018-12-06 11:00:00+00:00,141.55137820575413
2018-12-06 12:00:00+00:00,93.21172691699725
2018-12-06 13:00:00+00:00,37.18470895925143
2018-12-06 14:00:00+00:00,1.3397311430930448
2018-12-06 15:00:00+00:00,0.0
2018-12-06 16:00:00+00:00,0.0
2018-12-06 17:00:00+00:00,0.0
2018-12-06 18:00:00+00:00,0.0
2018-12-06 19:00:00+00:00,0.0
2018-12-06 20:00:00+00:00,0.0
2018-12-06 21:00:00+00:00,0.0
2018-12-06 22:00:00+00:00,0.0
2018-12-06 23:00:00+00:00,0.0
2018-12-07 00:00:00+00:00,0.0
2018-12-07 01:00:00+00:00,0.0
2018-12-07 02:00:00+00:00,0.0
2018-12-07 03:00:00+00:00,0.0
2018-12-07 04:00:00+00:00,1.647392394458297
2018-12-07 05:00:00+00:00,70.21403306644852
2018-12-07 06:00:00+00:00,128.3275503345557
2018-12-07 07:00:00+00:00,187.29897124641232
2018-12-07 08:00:00+00:00,136.6409669011674
2018-12-07 09:00:00+00:00,163.71265859025158
2018-12-07 10:00:00+00:00,124.19629795410962
2018-12-07 11:00:00+00:00,173.65413890332258
2018-12-07 12:00:00+00:00,76.35733336098825
2018-12-07 13:00:00+00:00,23.91607641152686
2018-12-07 14:00:00+00:00,2.8709310863180617
2018-12-07 15:00:00+00:00,0.0
2018-12-07 16:00:00+00:00,0.0
2018-12-07 17:00:00+00:00,0.0
2018-12-07 18:00:00+00:00,0.0
2018-12-07 19:00:00+00:00,0.0
2018-12-07 20:00:00+00:00,0.0
2018-12-07 21:00:00+00:00,0.0
2018-12-07 22:00:00+00:00,0.0
2018-12-07 23:00:00+00:00,0.0
2018-12-08 00:00:00+00:00,0.0
2018-12-08 01:00:00+00:00,0.0
2018-12-08 02:00:00+00:00,0.0
2018-12-08 03:00:00+00:00,0.0
2018-12-08 04:00:00+00:00,5.468922538092524
2018-12-08 05:00:00+00:00,100.8899499632912
2018-12-08 06:00:00+00:00,190.9386763050092
2018-12-08 07:00:00+00:00,262.0432255298713
2018-12-08 08:00:00+00:00,306.8639444056471
2018-12-08 09:00:00+00:00,337.542526753932
2018-12-08 10:00:00+00:00,328.7476836624086
2018-12-08 11:00:00+00:00,294.39766183268546
2018-12-08 12:00:00+00:00,235.60498524056987
2018-12-08 13:00:00+00:00,143.62472560093042
2018-12-08 14:00:00+00:00,6.260543655146842
2018-12-08 15:00:00+00:00,0.0
2018-12-08 16:00:00+00:00,0.0
2018-12-08 17:00:00+00:00,0.0
2018-12-08 18:00:00+00:00,0.0
2018-12-08 19:00:00+00:00,0.0
2018-12-08 20:00:00+00:00,0.0
2018-12-08 21:00:00+00:00,0.0
2018-12-08 22:00:00+00:00,0.0
2018-12-08 23:00:00+00:00,0.0
2018-12-09 00:00:00+00:00,0.0
2018-12-09 01:00:00+00:00,0.0
2018-12-09 02:00:00+00:00,0.0
2018-12-09 03:00:00+00:00,0.0
2018-12-09 04:00:00+00:00,5.658574897890015
2018-12-09 05:00:00+00:00,104.63308741549352
2018-12-09 06:00:00+00:00,193.87673675632553
2018-12-09 07:00:00+00:00,266.60026920518567
2018-12-09 08:00:00+00:00,298.26439795700406
2018-12-09 09:00:00+00:00,243.91509529965595
2018-12-09 10:00:00+00:00,211.8997699394564
2018-12-09 11:00:00+00:00,222.1658593215322
2018-12-09 12:00:00+00:00,163.46914478270233
2018-12-09 13:00:00+00:00,90.39168010387924
2018-12-09 14:00:00+00:00,1.0707883434770973
2018-12-09 15:00:00+00:00,0.0
2018-12-09 16:00:00+00:00,0.0
2018-12-09 17:00:00+00:00,0.0
2018-12-09 18:00:00+00:00,0.0
2018-12-09 19:00:00+00:00,0.0
2018-12-09 20:00:00+00:00,0.0
2018-12-09 21:00:00+00:00,0.0
2018-12-09 22:00:00+00:00,0.0
2018-12-09 23:00:00+00:00,0.0
2018-12-10 00:00:00+00:00,0.0
2018-12-10 01:00:00+00:00,0.0
2018-12-10 02:00:00+00:00,0.0
2018-12-10 03:00:00+00:00,0.0
2018-12-10 04:00:00+00:00,5.294379105140101
2018-12-10 05:00:00+00:00,124.63070945589246
2018-12-10 06:00:00+00:00,237.24458953315548
2018-12-10 07:00:00+00:00,323.97320638705116
2018-12-10 08:00:00+00:00,380.8571251503097
2018-12-10 09:00:00+00:00,407.3594593797966
2018-12-10 10:00:00+00:00,402.46195268180134
2018-12-10 11:00:00+00:00,365.32316002552693
2018-12-10 12:00:00+00:00,290.5319254871111
2018-12-10 13:00:00+00:00,181.5259099901109
2018-12-10 14:00:00+00:00,10.454939858584899
2018-12-10 15:00:00+00:00,0.0
2018-12-10 16:00:00+00:00,0.0
2018-12-10 17:00:00+00:00,0.0
2018-12-10 18:00:00+00:00,0.0
2018-12-10 19:00:00+00:00,0.0
2018-12-10 20:00:00+00:00,0.0
2018-12-10 21:00:00+00:00,0.0
2018-12-10 22:00:00+00:00,0.0
2018-12-10 23:00:00+00:00,0.0
2018-12-11 00:00:00+00:00,0.0
2018-12-11 01:00:00+00:00,0.0
2018-12-11 02:00:00+00:00,0.0
2018-12-11 03:00:00+00:00,0.0
2018-12-11 04:00:00+00:00,0.0
2018-12-11 05:00:00+00:00,123.70379100777983
2018-12-11 06:00:00+00:00,236.13100019888898
2018-12-11 07:00:00+00:00,322.90270633547755
2018-12-11 08:00:00+00:00,379.88169107909033
2018-12-11 09:00:00+00:00,408.12936319922494
2018-12-11 10:00:00+00:00,402.7843518134637
2018-12-11 11:00:00+00:00,364.7757937420829
2018-12-11 12:00:00+00:00,292.65152968071675
2018-12-11 13:00:00+00:00,181.22791981630786
2018-12-11 14:00:00+00:00,7.918412836528792
2018-12-11 15:00:00+00:00,0.0
2018-12-11 16:00:00+00:00,0.0
2018-12-11 17:00:00+00:00,0.0
2018-12-11 18:00:00+00:00,0.0
2018-12-11 19:00:00+00:00,0.0
2018-12-11 20:00:00+00:00,0.0
2018-12-11 21:00:00+00:00,0.0
2018-12-11 22:00:00+00:00,0.0
2018-12-11 23:00:00+00:00,0.0
2018-12-12 00:00:00+00:00,0.0
2018-12-12 01:00:00+00:00,0.0
2018-12-12 02:00:00+00:00,0.0
2018-12-12 03:00:00+00:00,0.0
2018-12-12 04:00:00+00:00,0.0
2018-12-12 05:00:00+00:00,118.13982683590618
2018-12-12 06:00:00+00:00,230.91389602770494
2018-12-12 07:00:00+00:00,318.4417952808935
2018-12-12 08:00:00+00:00,375.5921887588182
2018-12-12 09:00:00+00:00,376.4522183640278
2018-12-12 10:00:00+00:00,389.85121652184773
2018-12-12 11:00:00+00:00,303.72717422017564
2018-12-12 12:00:00+00:00,253.41183027374203
2018-12-12 13:00:00+00:00,127.61100792313565
2018-12-12 14:00:00+00:00,3.165808347313735
2018-12-12 15:00:00+00:00,0.0
2018-12-12 16:00:00+00:00,0.0
2018-12-12 17:00:00+00:00,0.0
2018-12-12 18:00:00+00:00,0.0
2018-12-12 19:00:00+00:00,0.0
2018-12-12 20:00:00+00:00,0.0
2018-12-12 21:00:00+00:00,0.0
2018-12-12 22:00:00+00:00,0.0
2018-12-12 23:00:00+00:00,0.0
2018-12-13 00:00:00+00:00,0.0
2018-12-13 01:00:00+00:00,0.0
2018-12-13 02:00:00+00:00,0.0
2018-12-13 03:00:00+00:00,0.0
2018-12-13 04:00:00+00:00,0.0
2018-12-13 05:00:00+00:00,108.0721627688012
2018-12-13 06:00:00+00:00,208.39692750907363
2018-12-13 07:00:00+00:00,214.75667427306425
2018-12-13 08:00:00+00:00,279.68620316357107
2018-12-13 09:00:00+00:00,282.72778064831107
2018-12-13 10:00:00+00:00,305.36134797528644
2018-12-13 11:00:00+00:00,262.8444004926226
2018-12-13 12:00:00+00:00,243.81868987802275
2018-12-13 13:00:00+00:00,157.8574813929282
2018-12-13 14:00:00+00:00,19.28977609473072
2018-12-13 15:00:00+00:00,0.0
2018-12-13 16:00:00+00:00,0.0
2018-12-13 17:00:00+00:00,0.0
2018-12-13 18:00:00+00:00,0.0
2018-12-13 19:00:00+00:00,0.0
2018-12-13 20:00:00+00:00,0.0
2018-12-13 21:00:00+00:00,0.0
2018-12-13 22:00:00+00:00,0.0
2018-12-13 23:00:00+00:00,0.0
2018-12-14 00:00:00+00:00,0.0
2018-12-14 01:00:00+00:00,0.0
2018-12-14 02:00:00+00:00,0.0
2018-12-14 03:00:00+00:00,0.0
2018-12-14 04:00:00+00:00,0.0
2018-12-14 05:00:00+00:00,127.3373960804658
2018-12-14 06:00:00+00:00,241.11487726829043
2018-12-14 07:00:00+00:00,327.88601500686724
2018-12-14 08:00:00+00:00,384.8387123587236
2018-12-14 09:00:00+00:00,408.8505744854359
2018-12-14 10:00:00+00:00,403.1964152526981
2018-12-14 11:00:00+00:00,365.90445175992545
2018-12-14 12:00:00+00:00,288.7751919185688
2018-12-14 13:00:00+00:00,178.13738873945914
2018-12-14 14:00:00+00:00,12.346060160533192
2018-12-14 15:00:00+00:00,0.0
2018-12-14 16:00:00+00:00,0.0
2018-12-14 17:00:00+00:00,0.0
2018-12-14 18:00:00+00:00,0.0
2018-12-14 19:00:00+00:00,0.0
2018-12-14 20:00:00+00:00,0.0
2018-12-14 21:00:00+00:00,0.0
2018-12-14 22:00:00+00:00,0.0
2018-12-14 23:00:00+00:00,0.0
2018-12-15 00:00:00+00:00,0.0
2018-12-15 01:00:00+00:00,0.0
2018-12-15 02:00:00+00:00,0.0
2018-12-15 03:00:00+00:00,0.0
2018-12-15 04:00:00+00:00,0.0
2018-12-15 05:00:00+00:00,122.61379277023217
2018-12-15 06:00:00+00:00,235.89076982800805
2018-12-15 07:00:00+00:00,322.347550034552
2018-12-15 08:00:00+00:00,377.67197780845265
2018-12-15 09:00:00+00:00,396.3517332043481
2018-12-15 10:00:00+00:00,388.49574564230784
2018-12-15 11:00:00+00:00,348.8650356626938
2018-12-15 12:00:00+00:00,275.92965908006215
2018-12-15 13:00:00+00:00,162.7727091937474
2018-12-15 14:00:00+00:00,8.891696924642655
2018-12-15 15:00:00+00:00,0.0
2018-12-15 16:00:00+00:00,0.0
2018-12-15 17:00:00+00:00,0.0
2018-12-15 18:00:00+00:00,0.0
2018-12-15 19:00:00+00:00,0.0
2018-12-15 20:00:00+00:00,0.0
2018-12-15 21:00:00+00:00,0.0
2018-12-15 22:00:00+00:00,0.0
2018-12-15 23:00:00+00:00,0.0
2018-12-16 00:00:00+00:00,0.0
2018-12-16 01:00:00+00:00,0.0
2018-12-16 02:00:00+00:00,0.0
2018-12-16 03:00:00+00:00,0.0
2018-12-16 04:00:00+00:00,0.0
2018-12-16 05:00:00+00:00,4.297707990185817
2018-12-16 06:00:00+00:00,66.67234507361748
2018-12-16 07:00:00+00:00,176.40333287049447
2018-12-16 08:00:00+00:00,224.17168837533785
2018-12-16 09:00:00+00:00,237.10005827192833
2018-12-16 10:00:00+00:00,173.54718162282776
2018-12-16 11:00:00+00:00,144.3474981700793
2018-12-16 12:00:00+00:00,69.76296290313095
2018-12-16 13:00:00+00:00,5.685069749999881
2018-12-16 14:00:00+00:00,1.8343602010529132
2018-12-16 15:00:00+00:00,0.0
2018-12-16 16:00:00+00:00,0.0
2018-12-16 17:00:00+00:00,0.0
2018-12-16 18:00:00+00:00,0.0
2018-12-16 19:00:00+00:00,0.0
2018-12-16 20:00:00+00:00,0.0
2018-12-16 21:00:00+00:00,0.0
2018-12-16 22:00:00+00:00,0.0
2018-12-16 23:00:00+00:00,0.0
2018-12-17 00:00:00+00:00,0.0
2018-12-17 01:00:00+00:00,0.0
2018-12-17 02:00:00+00:00,0.0
2018-12-17 03:00:00+00:00,0.0
2018-12-17 04:00:00+00:00,0.0
2018-12-17 05:00:00+00:00,103.13694440891629
2018-12-17 06:00:00+00:00,215.22149089626188
2018-12-17 07:00:00+00:00,301.7984651904527
2018-12-17 08:00:00+00:00,357.41002573852126
2018-12-17 09:00:00+00:00,388.036262164454
2018-12-17 10:00:00+00:00,379.30921509268194
2018-12-17 11:00:00+00:00,335.7690728776337
2018-12-17 12:00:00+00:00,221.6579851795381
2018-12-17 13:00:00+00:00,124.64107373917759
2018-12-17 14:00:00+00:00,6.4526667958906865
2018-12-17 15:00:00+00:00,0.0
2018-12-17 16:00:00+00:00,0.0
2018-12-17 17:00:00+00:00,0.0
2018-12-17 18:00:00+00:00,0.0
2018-12-17 19:00:00+00:00,0.0
2018-12-17 20:00:00+00:00,0.0
2018-12-17 21:00:00+00:00,0.0
2018-12-17 22:00:00+00:00,0.0
2018-12-17 23:00:00+00:00,0.0
2018-12-18 00:00:00+00:00,0.0
2018-12-18 01:00:00+00:00,0.0
2018-12-18 02:00:00+00:00,0.0
2018-12-18 03:00:00+00:00,0.0
2018-12-18 04:00:00+00:00,0.0
2018-12-18 05:00:00+00:00,92.38329915847999
2018-12-18 06:00:00+00:00,174.68453103640402
2018-12-18 07:00:00+00:00,242.89100448434078
2018-12-18 08:00:00+00:00,305.6595821752915
2018-12-18 09:00:00+00:00,338.4773372893739
2018-12-18 10:00:00+00:00,324.3684436377262
2018-12-18 11:00:00+00:00,293.8972683646953
2018-12-18 12:00:00+00:00,236.8369918217864
2018-12-18 13:00:00+00:00,137.97698505092944
2018-12-18 14:00:00+00:00,14.124610425531843
2018-12-18 15:00:00+00:00,0.0
2018-12-18 16:00:00+00:00,0.0
2018-12-18 17:00:00+00:00,0.0
2018-12-18 18:00:00+00:00,0.0
2018-12-18 19:00:00+00:00,0.0
2018-12-18 20:00:00+00:00,0.0
2018-12-18 21:00:00+00:00,0.0
2018-12-18 22:00:00+00:00,0.0
2018-12-18 23:00:00+00:00,0.0
2018-12-19 00:00:00+00:00,0.0
2018-12-19 01:00:00+00:00,0.0
2018-12-19 02:00:00+00:00,0.0
2018-12-19 03:00:00+00:00,0.0
2018-12-19 04:00:00+00:00,0.0
2018-12-19 05:00:00+00:00,109.1478244897798
2018-12-19 06:00:00+00:00,222.49436042299664
2018-12-19 07:00:00+00:00,310.0397545366186
2018-12-19 08:00:00+00:00,368.40932036721034
2018-12-19 09:00:00+00:00,394.0869966982839
2018-12-19 10:00:00+00:00,390.5189907588341
2018-12-19 11:00:00+00:00,354.2369151336599
2018-12-19 12:00:00+00:00,283.2645145274926
2018-12-19 13:00:00+00:00,173.889371053544
2018-12-19 14:00:00+00:00,19.974334608555157
2018-12-19 15:00:00+00:00,0.0
2018-12-19 16:00:00+00:00,0.0
2018-12-19 17:00:00+00:00,0.0
2018-12-19 18:00:00+00:00,0.0
2018-12-19 19:00:00+00:00,0.0
2018-12-19 20:00:00+00:00,0.0
2018-12-19 21:00:00+00:00,0.0
2018-12-19 22:00:00+00:00,0.0
2018-12-19 23:00:00+00:00,0.0
2018-12-20 00:00:00+00:00,0.0
2018-12-20 01:00:00+00:00,0.0
2018-12-20 02:00:00+00:00,0.0
2018-12-20 03:00:00+00:00,0.0
2018-12-20 04:00:00+00:00,0.0
2018-12-20 05:00:00+00:00,92.68495213596884
2018-12-20 06:00:00+00:00,175.6042401308029
2018-12-20 07:00:00+00:00,202.32759437771426
2018-12-20 08:00:00+00:00,237.8653010174832
2018-12-20 09:00:00+00:00,133.75182188252154
2018-12-20 10:00:00+00:00,260.79740781850853
2018-12-20 11:00:00+00:00,255.58884259179035
2018-12-20 12:00:00+00:00,245.45240711682743
2018-12-20 13:00:00+00:00,109.69013725185357
2018-12-20 14:00:00+00:00,14.99531565129645
2018-12-20 15:00:00+00:00,0.0
2018-12-20 16:00:00+00:00,0.0
2018-12-20 17:00:00+00:00,0.0
2018-12-20 18:00:00+00:00,0.0
2018-12-20 19:00:00+00:00,0.0
2018-12-20 20:00:00+00:00,0.0
2018-12-20 21:00:00+00:00,0.0
2018-12-20 22:00:00+00:00,0.0
2018-12-20 23:00:00+00:00,0.0
2018-12-21 00:00:00+00:00,0.0
2018-12-21 01:00:00+00:00,0.0
2018-12-21 02:00:00+00:00,0.0
2018-12-21 03:00:00+00:00,0.0
2018-12-21 04:00:00+00:00,0.0
2018-12-21 05:00:00+00:00,115.2476972028839
2018-12-21 06:00:00+00:00,231.17340786185318
2018-12-21 07:00:00+00:00,322.3486241338185
2018-12-21 08:00:00+00:00,319.8702309415952
2018-12-21 09:00:00+00:00,362.32193951083565
2018-12-21 10:00:00+00:00,330.8832053960441
2018-12-21 11:00:00+00:00,243.21876521818973
2018-12-21 12:00:00+00:00,152.23852283758845
2018-12-21 13:00:00+00:00,80.2726371726093
2018-12-21 14:00:00+00:00,13.313520135093988
2018-12-21 15:00:00+00:00,0.0
2018-12-21 16:00:00+00:00,0.0
2018-12-21 17:00:00+00:00,0.0
2018-12-21 18:00:00+00:00,0.0
2018-12-21 19:00:00+00:00,0.0
2018-12-21 20:00:00+00:00,0.0
2018-12-21 21:00:00+00:00,0.0
2018-12-21 22:00:00+00:00,0.0
2018-12-21 23:00:00+00:00,0.0
2018-12-22 00:00:00+00:00,0.0
2018-12-22 01:00:00+00:00,0.0
2018-12-22 02:00:00+00:00,0.0
2018-12-22 03:00:00+00:00,0.0
2018-12-22 04:00:00+00:00,0.0
2018-12-22 05:00:00+00:00,110.7917428060091
2018-12-22 06:00:00+00:00,164.91128231860293
2018-12-22 07:00:00+00:00,192.17288171527161
2018-12-22 08:00:00+00:00,340.99081133814
2018-12-22 09:00:00+00:00,350.84262528002273
2018-12-22 10:00:00+00:00,309.97013028421577
2018-12-22 11:00:00+00:00,314.4895870042574
2018-12-22 12:00:00+00:00,252.21139981578716
2018-12-22 13:00:00+00:00,186.8718182276656
2018-12-22 14:00:00+00:00,26.110852112857906
2018-12-22 15:00:00+00:00,0.0
2018-12-22 16:00:00+00:00,0.0
2018-12-22 17:00:00+00:00,0.0
2018-12-22 18:00:00+00:00,0.0
2018-12-22 19:00:00+00:00,0.0
2018-12-22 20:00:00+00:00,0.0
2018-12-22 21:00:00+00:00,0.0
2018-12-22 22:00:00+00:00,0.0
2018-12-22 23:00:00+00:00,0.0
2018-12-23 00:00:00+00:00,0.0
2018-12-23 01:00:00+00:00,0.0
2018-12-23 02:00:00+00:00,0.0
2018-12-23 03:00:00+00:00,0.0
2018-12-23 04:00:00+00:00,0.0
2018-12-23 05:00:00+00:00,121.57698166789521
2018-12-23 06:00:00+00:00,238.00567948147287
2018-12-23 07:00:00+00:00,328.2494592607503
2018-12-23 08:00:00+00:00,388.5917290154399
2018-12-23 09:00:00+00:00,412.6952295076355
2018-12-23 10:00:00+00:00,410.4081503458957
2018-12-23 11:00:00+00:00,329.50984116224026
2018-12-23 12:00:00+00:00,245.67419635465328
2018-12-23 13:00:00+00:00,159.8207619476153
2018-12-23 14:00:00+00:00,31.87989202975492
2018-12-23 15:00:00+00:00,0.0
2018-12-23 16:00:00+00:00,0.0
2018-12-23 17:00:00+00:00,0.0
2018-12-23 18:00:00+00:00,0.0
2018-12-23 19:00:00+00:00,0.0
2018-12-23 20:00:00+00:00,0.0
2018-12-23 21:00:00+00:00,0.0
2018-12-23 22:00:00+00:00,0.0
2018-12-23 23:00:00+00:00,0.0
2018-12-24 00:00:00+00:00,0.0
2018-12-24 01:00:00+00:00,0.0
2018-12-24 02:00:00+00:00,0.0
2018-12-24 03:00:00+00:00,0.0
2018-12-24 04:00:00+00:00,0.0
2018-12-24 05:00:00+00:00,112.18812186830358
2018-12-24 06:00:00+00:00,228.07533100435097
2018-12-24 07:00:00+00:00,319.1385778476929
2018-12-24 08:00:00+00:00,354.14576816284034
2018-12-24 09:00:00+00:00,374.5521493864145
2018-12-24 10:00:00+00:00,379.0507149388079
2018-12-24 11:00:00+00:00,340.11634593533427
2018-12-24 12:00:00+00:00,253.54658374812107
2018-12-24 13:00:00+00:00,162.34314685573366
2018-12-24 14:00:00+00:00,34.34165920234924
2018-12-24 15:00:00+00:00,0.0
2018-12-24 16:00:00+00:00,0.0
2018-12-24 17:00:00+00:00,0.0
2018-12-24 18:00:00+00:00,0.0
2018-12-24 19:00:00+00:00,0.0
2018-12-24 20:00:00+00:00,0.0
2018-12-24 21:00:00+00:00,0.0
2018-12-24 22:00:00+00:00,0.0
2018-12-24 23:00:00+00:00,0.0
2018-12-25 00:00:00+00:00,0.0
2018-12-25 01:00:00+00:00,0.0
2018-12-25 02:00:00+00:00,0.0
2018-12-25 03:00:00+00:00,0.0
2018-12-25 04:00:00+00:00,0.0
2018-12-25 05:00:00+00:00,117.95713257193788
2018-12-25 06:00:00+00:00,235.25622232405146
2018-12-25 07:00:00+00:00,325.27993570822343
2018-12-25 08:00:00+00:00,384.9034758638003
2018-12-25 09:00:00+00:00,413.71199151343205
2018-12-25 10:00:00+00:00,410.8011031294992
2018-12-25 11:00:00+00:00,376.34404733290296
2018-12-25 12:00:00+00:00,308.40267187904954
2018-12-25 13:00:00+00:00,204.2082644043481
2018-12-25 14:00:00+00:00,37.92744691512949
2018-12-25 15:00:00+00:00,0.0
2018-12-25 16:00:00+00:00,0.0
2018-12-25 17:00:00+00:00,0.0
2018-12-25 18:00:00+00:00,0.0
2018-12-25 19:00:00+00:00,0.0
2018-12-25 20:00:00+00:00,0.0
2018-12-25 21:00:00+00:00,0.0
2018-12-25 22:00:00+00:00,0.0
2018-12-25 23:00:00+00:00,0.0
2018-12-26 00:00:00+00:00,0.0
2018-12-26 01:00:00+00:00,0.0
2018-12-26 02:00:00+00:00,0.0
2018-12-26 03:00:00+00:00,0.0
2018-12-26 04:00:00+00:00,0.0
2018-12-26 05:00:00+00:00,109.81096096649404
2018-12-26 06:00:00+00:00,224.39920455972947
2018-12-26 07:00:00+00:00,313.1987946292812
2018-12-26 08:00:00+00:00,373.7773573130827
2018-12-26 09:00:00+00:00,403.1830081629705
2018-12-26 10:00:00+00:00,401.30166162365356
2018-12-26 11:00:00+00:00,367.31817918437764
2018-12-26 12:00:00+00:00,302.6258278318661
2018-12-26 13:00:00+00:00,197.8544112375866
2018-12-26 14:00:00+00:00,36.47470561184836
2018-12-26 15:00:00+00:00,0.0
2018-12-26 16:00:00+00:00,0.0
2018-12-26 17:00:00+00:00,0.0
2018-12-26 18:00:00+00:00,0.0
2018-12-26 19:00:00+00:00,0.0
2018-12-26 20:00:00+00:00,0.0
2018-12-26 21:00:00+00:00,0.0
2018-12-26 22:00:00+00:00,0.0
2018-12-26 23:00:00+00:00,0.0
2018-12-27 00:00:00+00:00,0.0
2018-12-27 01:00:00+00:00,0.0
2018-12-27 02:00:00+00:00,0.0
2018-12-27 03:00:00+00:00,0.0
2018-12-27 04:00:00+00:00,0.0
2018-12-27 05:00:00+00:00,46.58860571093649
2018-12-27 06:00:00+00:00,122.10523875681017
2018-12-27 07:00:00+00:00,178.9727961100054
2018-12-27 08:00:00+00:00,161.7062201140201
2018-12-27 09:00:00+00:00,163.04034195605328
2018-12-27 10:00:00+00:00,177.47282248801324
2018-12-27 11:00:00+00:00,132.21173500319009
2018-12-27 12:00:00+00:00,103.88706011430637
2018-12-27 13:00:00+00:00,58.036598058570625
2018-12-27 14:00:00+00:00,11.035457724836473
2018-12-27 15:00:00+00:00,0.0
2018-12-27 16:00:00+00:00,0.0
2018-12-27 17:00:00+00:00,0.0
2018-12-27 18:00:00+00:00,0.0
2018-12-27 19:00:00+00:00,0.0
2018-12-27 20:00:00+00:00,0.0
2018-12-27 21:00:00+00:00,0.0
2018-12-27 22:00:00+00:00,0.0
2018-12-27 23:00:00+00:00,0.0
2018-12-28 00:00:00+00:00,0.0
2018-12-28 01:00:00+00:00,0.0
2018-12-28 02:00:00+00:00,0.0
2018-12-28 03:00:00+00:00,0.0
2018-12-28 04:00:00+00:00,0.0
2018-12-28 05:00:00+00:00,70.69277496888166
2018-12-28 06:00:00+00:00,149.00014549147085
2018-12-28 07:00:00+00:00,163.2004712802216
2018-12-28 08:00:00+00:00,193.68332071128776
2018-12-28 09:00:00+00:00,205.4066156689486
2018-12-28 10:00:00+00:00,239.16220712048806
2018-12-28 11:00:00+00:00,99.06876727952285
2018-12-28 12:00:00+00:00,115.10270917135621
2018-12-28 13:00:00+00:00,113.61087809913914
2018-12-28 14:00:00+00:00,29.35486139905839
2018-12-28 15:00:00+00:00,0.0
2018-12-28 16:00:00+00:00,0.0
2018-12-28 17:00:00+00:00,0.0
2018-12-28 18:00:00+00:00,0.0
2018-12-28 19:00:00+00:00,0.0
2018-12-28 20:00:00+00:00,0.0
2018-12-28 21:00:00+00:00,0.0
2018-12-28 22:00:00+00:00,0.0
2018-12-28 23:00:00+00:00,0.0
2018-12-29 00:00:00+00:00,0.0
2018-12-29 01:00:00+00:00,0.0
2018-12-29 02:00:00+00:00,0.0
2018-12-29 03:00:00+00:00,0.0
2018-12-29 04:00:00+00:00,0.0
2018-12-29 05:00:00+00:00,70.10386148038448
2018-12-29 06:00:00+00:00,182.2499858667327
2018-12-29 07:00:00+00:00,265.74506475385004
2018-12-29 08:00:00+00:00,321.7014413013682
2018-12-29 09:00:00+00:00,330.72428308097085
2018-12-29 10:00:00+00:00,322.8774770218407
2018-12-29 11:00:00+00:00,297.4122431280583
2018-12-29 12:00:00+00:00,241.4155545522104
2018-12-29 13:00:00+00:00,156.28844772709635
2018-12-29 14:00:00+00:00,32.47790211210676
2018-12-29 15:00:00+00:00,0.0
2018-12-29 16:00:00+00:00,0.0
2018-12-29 17:00:00+00:00,0.0
2018-12-29 18:00:00+00:00,0.0
2018-12-29 19:00:00+00:00,0.0
2018-12-29 20:00:00+00:00,0.0
2018-12-29 21:00:00+00:00,0.0
2018-12-29 22:00:00+00:00,0.0
2018-12-29 23:00:00+00:00,0.0
2018-12-30 00:00:00+00:00,0.0
2018-12-30 01:00:00+00:00,0.0
2018-12-30 02:00:00+00:00,0.0
2018-12-30 03:00:00+00:00,0.0
2018-12-30 04:00:00+00:00,0.0
2018-12-30 05:00:00+00:00,80.35608364574877
2018-12-30 06:00:00+00:00,118.13124631451159
2018-12-30 07:00:00+00:00,258.72292102946915
2018-12-30 08:00:00+00:00,310.50274615674107
2018-12-30 09:00:00+00:00,233.4807074906781
2018-12-30 10:00:00+00:00,242.21563054077453
2018-12-30 11:00:00+00:00,177.06952329333237
2018-12-30 12:00:00+00:00,185.84400024183768
2018-12-30 13:00:00+00:00,100.57763495948424
2018-12-30 14:00:00+00:00,34.10139230415684
2018-12-30 15:00:00+00:00,0.0
2018-12-30 16:00:00+00:00,0.0
2018-12-30 17:00:00+00:00,0.0
2018-12-30 18:00:00+00:00,0.0
2018-12-30 19:00:00+00:00,0.0
2018-12-30 20:00:00+00:00,0.0
2018-12-30 21:00:00+00:00,0.0
2018-12-30 22:00:00+00:00,0.0
2018-12-30 23:00:00+00:00,0.0
2018-12-31 00:00:00+00:00,0.0
2018-12-31 01:00:00+00:00,0.0
2018-12-31 02:00:00+00:00,0.0
2018-12-31 03:00:00+00:00,0.0
2018-12-31 04:00:00+00:00,0.0
2018-12-31 05:00:00+00:00,110.35633578124308
2018-12-31 06:00:00+00:00,228.94403192928178
2018-12-31 07:00:00+00:00,322.2491935274132
2018-12-31 08:00:00+00:00,344.0435829468143
2018-12-31 09:00:00+00:00,389.86477294786994
2018-12-31 10:00:00+00:00,360.8223915995653
2018-12-31 11:00:00+00:00,309.1307941439272
2018-12-31 12:00:00+00:00,259.1252587513997
2018-12-31 13:00:00+00:00,138.378408761091
2018-12-31 14:00:00+00:00,39.14905067866649
2018-12-31 15:00:00+00:00,0.0
2018-12-31 16:00:00+00:00,0.0
2018-12-31 17:00:00+00:00,0.0
2018-12-31 18:00:00+00:00,0.0
2018-12-31 19:00:00+00:00,0.0
2018-12-31 20:00:00+00:00,0.0
2018-12-31 21:00:00+00:00,0.0
2018-12-31 22:00:00+00:00,0.0
2018-12-31 23:00:00+00:00,0.0
