,wind_MW
2018-01-01 00:00:00+00:00,132.059858
2018-01-01 01:00:00+00:00,136.14223199999998
2018-01-01 02:00:00+00:00,140.423646
2018-01-01 03:00:00+00:00,143.449264
2018-01-01 04:00:00+00:00,143.342096
2018-01-01 05:00:00+00:00,150.839506
2018-01-01 06:00:00+00:00,179.17109599999998
2018-01-01 07:00:00+00:00,189.72292
2018-01-01 08:00:00+00:00,194.366264
2018-01-01 09:00:00+00:00,195.35775800000002
2018-01-01 10:00:00+00:00,191.356024
2018-01-01 11:00:00+00:00,178.20900200000003
2018-01-01 12:00:00+00:00,162.05389799999998
2018-01-01 13:00:00+00:00,150.297896
2018-01-01 14:00:00+00:00,147.553954
2018-01-01 15:00:00+00:00,142.924926
2018-01-01 16:00:00+00:00,143.71587799999998
2018-01-01 17:00:00+00:00,142.960354
2018-01-01 18:00:00+00:00,140.25109200000003
2018-01-01 19:00:00+00:00,133.364658
2018-01-01 20:00:00+00:00,124.41765
2018-01-01 21:00:00+00:00,114.452682
2018-01-01 22:00:00+00:00,97.789522
2018-01-01 23:00:00+00:00,89.32131
2018-01-02 00:00:00+00:00,95.60921
2018-01-02 01:00:00+00:00,101.33016
2018-01-02 02:00:00+00:00,90.91315399999999
2018-01-02 03:00:00+00:00,70.58367
2018-01-02 04:00:00+00:00,54.33382399999999
2018-01-02 05:00:00+00:00,45.605819999999994
2018-01-02 06:00:00+00:00,47.316857999999996
2018-01-02 07:00:00+00:00,45.086335999999996
2018-01-02 08:00:00+00:00,43.571701999999995
2018-01-02 09:00:00+00:00,43.745002
2018-01-02 10:00:00+00:00,43.500118
2018-01-02 11:00:00+00:00,40.558603999999995
2018-01-02 12:00:00+00:00,37.929736
2018-01-02 13:00:00+00:00,37.069038
2018-01-02 14:00:00+00:00,41.139984
2018-01-02 15:00:00+00:00,42.447272
2018-01-02 16:00:00+00:00,34.162518
2018-01-02 17:00:00+00:00,23.256054
2018-01-02 18:00:00+00:00,11.840104
2018-01-02 19:00:00+00:00,4.789418
2018-01-02 20:00:00+00:00,2.0067779999999997
2018-01-02 21:00:00+00:00,1.6584199999999998
2018-01-02 22:00:00+00:00,1.6864199999999998
2018-01-02 23:00:00+00:00,2.2643880000000003
2018-01-03 00:00:00+00:00,3.6506459999999996
2018-01-03 01:00:00+00:00,6.200551999999999
2018-01-03 02:00:00+00:00,12.574028
2018-01-03 03:00:00+00:00,25.701182000000003
2018-01-03 04:00:00+00:00,47.787738000000004
2018-01-03 05:00:00+00:00,63.76869599999999
2018-01-03 06:00:00+00:00,49.09860199999999
2018-01-03 07:00:00+00:00,65.784066
2018-01-03 08:00:00+00:00,62.11182399999999
2018-01-03 09:00:00+00:00,51.92689599999999
2018-01-03 10:00:00+00:00,41.764573999999996
2018-01-03 11:00:00+00:00,30.769118000000002
2018-01-03 12:00:00+00:00,21.99379
2018-01-03 13:00:00+00:00,13.83726
2018-01-03 14:00:00+00:00,8.472996
2018-01-03 15:00:00+00:00,3.3910280000000004
2018-01-03 16:00:00+00:00,0.548282
2018-01-03 17:00:00+00:00,0.08399999999999999
2018-01-03 18:00:00+00:00,0.041999999999999996
2018-01-03 19:00:00+00:00,0.251322
2018-01-03 20:00:00+00:00,0.725966
2018-01-03 21:00:00+00:00,2.188054
2018-01-03 22:00:00+00:00,6.750672
2018-01-03 23:00:00+00:00,10.755965999999999
2018-01-04 00:00:00+00:00,11.829728000000001
2018-01-04 01:00:00+00:00,11.888734
2018-01-04 02:00:00+00:00,13.253786
2018-01-04 03:00:00+00:00,16.834536
2018-01-04 04:00:00+00:00,24.414830000000002
2018-01-04 05:00:00+00:00,31.554216
2018-01-04 06:00:00+00:00,39.21765
2018-01-04 07:00:00+00:00,72.568114
2018-01-04 08:00:00+00:00,111.408892
2018-01-04 09:00:00+00:00,152.215818
2018-01-04 10:00:00+00:00,181.32903799999997
2018-01-04 11:00:00+00:00,187.94293199999998
2018-01-04 12:00:00+00:00,186.927638
2018-01-04 13:00:00+00:00,178.192318
2018-01-04 14:00:00+00:00,159.889448
2018-01-04 15:00:00+00:00,148.403544
2018-01-04 16:00:00+00:00,140.175478
2018-01-04 17:00:00+00:00,134.77282
2018-01-04 18:00:00+00:00,147.308148
2018-01-04 19:00:00+00:00,151.84700600000002
2018-01-04 20:00:00+00:00,152.568234
2018-01-04 21:00:00+00:00,157.617108
2018-01-04 22:00:00+00:00,178.43914399999997
2018-01-04 23:00:00+00:00,193.78192
2018-01-05 00:00:00+00:00,196.77464
2018-01-05 01:00:00+00:00,198.0766
2018-01-05 02:00:00+00:00,198.0864
2018-01-05 03:00:00+00:00,198.0514
2018-01-05 04:00:00+00:00,198.0696
2018-01-05 05:00:00+00:00,198.0276
2018-01-05 06:00:00+00:00,197.9716
2018-01-05 07:00:00+00:00,198.0612
2018-01-05 08:00:00+00:00,198.204
2018-01-05 09:00:00+00:00,198.2894
2018-01-05 10:00:00+00:00,198.2866
2018-01-05 11:00:00+00:00,198.2628
2018-01-05 12:00:00+00:00,198.2628
2018-01-05 13:00:00+00:00,198.2362
2018-01-05 14:00:00+00:00,198.1284
2018-01-05 15:00:00+00:00,197.9128
2018-01-05 16:00:00+00:00,197.658
2018-01-05 17:00:00+00:00,197.4312
2018-01-05 18:00:00+00:00,197.2884
2018-01-05 19:00:00+00:00,197.1932
2018-01-05 20:00:00+00:00,197.1344
2018-01-05 21:00:00+00:00,197.1358
2018-01-05 22:00:00+00:00,187.46541600000003
2018-01-05 23:00:00+00:00,193.934306
2018-01-06 00:00:00+00:00,192.35924400000002
2018-01-06 01:00:00+00:00,190.348256
2018-01-06 02:00:00+00:00,185.031102
2018-01-06 03:00:00+00:00,172.764332
2018-01-06 04:00:00+00:00,159.65511
2018-01-06 05:00:00+00:00,139.89534
2018-01-06 06:00:00+00:00,118.99484799999998
2018-01-06 07:00:00+00:00,117.47915599999999
2018-01-06 08:00:00+00:00,125.70105999999998
2018-01-06 09:00:00+00:00,123.61614800000001
2018-01-06 10:00:00+00:00,122.37470800000001
2018-01-06 11:00:00+00:00,121.13359999999999
2018-01-06 12:00:00+00:00,116.33078
2018-01-06 13:00:00+00:00,93.71459200000001
2018-01-06 14:00:00+00:00,75.060464
2018-01-06 15:00:00+00:00,73.206744
2018-01-06 16:00:00+00:00,58.92283199999999
2018-01-06 17:00:00+00:00,43.499278
2018-01-06 18:00:00+00:00,25.355554
2018-01-06 19:00:00+00:00,13.531804000000001
2018-01-06 20:00:00+00:00,9.122323999999999
2018-01-06 21:00:00+00:00,8.457246000000001
2018-01-06 22:00:00+00:00,7.357848000000001
2018-01-06 23:00:00+00:00,6.717694000000001
2018-01-07 00:00:00+00:00,6.787062
2018-01-07 01:00:00+00:00,9.050084000000002
2018-01-07 02:00:00+00:00,12.917235999999999
2018-01-07 03:00:00+00:00,17.368312
2018-01-07 04:00:00+00:00,20.67379
2018-01-07 05:00:00+00:00,19.764526
2018-01-07 06:00:00+00:00,16.466714000000003
2018-01-07 07:00:00+00:00,16.074236
2018-01-07 08:00:00+00:00,16.72839
2018-01-07 09:00:00+00:00,16.870076
2018-01-07 10:00:00+00:00,15.741278
2018-01-07 11:00:00+00:00,13.880913999999999
2018-01-07 12:00:00+00:00,12.699753999999999
2018-01-07 13:00:00+00:00,15.829384
2018-01-07 14:00:00+00:00,29.403283999999996
2018-01-07 15:00:00+00:00,55.206494000000006
2018-01-07 16:00:00+00:00,86.19583399999999
2018-01-07 17:00:00+00:00,113.824518
2018-01-07 18:00:00+00:00,131.59843199999997
2018-01-07 19:00:00+00:00,139.800458
2018-01-07 20:00:00+00:00,149.30837999999997
2018-01-07 21:00:00+00:00,157.319238
2018-01-07 22:00:00+00:00,164.794358
2018-01-07 23:00:00+00:00,171.12929799999998
2018-01-08 00:00:00+00:00,169.860088
2018-01-08 01:00:00+00:00,160.16021399999997
2018-01-08 02:00:00+00:00,153.593458
2018-01-08 03:00:00+00:00,158.377674
2018-01-08 04:00:00+00:00,164.843938
2018-01-08 05:00:00+00:00,146.28814400000002
2018-01-08 06:00:00+00:00,94.56815
2018-01-08 07:00:00+00:00,67.654516
2018-01-08 08:00:00+00:00,29.137986
2018-01-08 09:00:00+00:00,10.704728000000001
2018-01-08 10:00:00+00:00,4.925538
2018-01-08 11:00:00+00:00,3.899376
2018-01-08 12:00:00+00:00,5.152348000000001
2018-01-08 13:00:00+00:00,6.855602000000001
2018-01-08 14:00:00+00:00,9.327178
2018-01-08 15:00:00+00:00,13.469807999999999
2018-01-08 16:00:00+00:00,22.250436000000004
2018-01-08 17:00:00+00:00,31.756524
2018-01-08 18:00:00+00:00,40.378824
2018-01-08 19:00:00+00:00,45.348332000000006
2018-01-08 20:00:00+00:00,43.459762000000005
2018-01-08 21:00:00+00:00,40.851514
2018-01-08 22:00:00+00:00,41.06691800000001
2018-01-08 23:00:00+00:00,37.05123
2018-01-09 00:00:00+00:00,32.450756
2018-01-09 01:00:00+00:00,29.09116
2018-01-09 02:00:00+00:00,27.866544
2018-01-09 03:00:00+00:00,25.14639
2018-01-09 04:00:00+00:00,17.217144
2018-01-09 05:00:00+00:00,10.794486
2018-01-09 06:00:00+00:00,3.551706
2018-01-09 07:00:00+00:00,0.09808
2018-01-09 08:00:00+00:00,0.0
2018-01-09 09:00:00+00:00,0.437682
2018-01-09 10:00:00+00:00,1.7901340000000001
2018-01-09 11:00:00+00:00,2.71226
2018-01-09 12:00:00+00:00,2.577218
2018-01-09 13:00:00+00:00,2.6167740000000004
2018-01-09 14:00:00+00:00,1.467402
2018-01-09 15:00:00+00:00,0.61212
2018-01-09 16:00:00+00:00,0.6794
2018-01-09 17:00:00+00:00,1.057364
2018-01-09 18:00:00+00:00,0.36704
2018-01-09 19:00:00+00:00,0.027999999999999997
2018-01-09 20:00:00+00:00,0.0028
2018-01-09 21:00:00+00:00,0.09808
2018-01-09 22:00:00+00:00,0.09808
2018-01-09 23:00:00+00:00,0.09808
2018-01-10 00:00:00+00:00,0.14484200000000003
2018-01-10 01:00:00+00:00,0.14764200000000002
2018-01-10 02:00:00+00:00,0.25692200000000004
2018-01-10 03:00:00+00:00,0.854846
2018-01-10 04:00:00+00:00,2.673692
2018-01-10 05:00:00+00:00,5.785984
2018-01-10 06:00:00+00:00,3.290402
2018-01-10 07:00:00+00:00,0.39652
2018-01-10 08:00:00+00:00,0.0014
2018-01-10 09:00:00+00:00,0.0014
2018-01-10 10:00:00+00:00,0.0014
2018-01-10 11:00:00+00:00,0.0
2018-01-10 12:00:00+00:00,0.0
2018-01-10 13:00:00+00:00,0.14344200000000001
2018-01-10 14:00:00+00:00,3.92127
2018-01-10 15:00:00+00:00,16.604912
2018-01-10 16:00:00+00:00,32.97145799999999
2018-01-10 17:00:00+00:00,63.404296
2018-01-10 18:00:00+00:00,124.076146
2018-01-10 19:00:00+00:00,162.759514
2018-01-10 20:00:00+00:00,172.64852000000002
2018-01-10 21:00:00+00:00,178.63559999999998
2018-01-10 22:00:00+00:00,176.17948
2018-01-10 23:00:00+00:00,153.213594
2018-01-11 00:00:00+00:00,116.605082
2018-01-11 01:00:00+00:00,88.285778
2018-01-11 02:00:00+00:00,68.07940799999999
2018-01-11 03:00:00+00:00,54.027012
2018-01-11 04:00:00+00:00,47.646733999999995
2018-01-11 05:00:00+00:00,47.160994
2018-01-11 06:00:00+00:00,35.367461999999996
2018-01-11 07:00:00+00:00,27.63838
2018-01-11 08:00:00+00:00,51.406034000000005
2018-01-11 09:00:00+00:00,63.2083
2018-01-11 10:00:00+00:00,66.634226
2018-01-11 11:00:00+00:00,64.246548
2018-01-11 12:00:00+00:00,52.338712
2018-01-11 13:00:00+00:00,29.514556000000002
2018-01-11 14:00:00+00:00,17.731352
2018-01-11 15:00:00+00:00,13.943424
2018-01-11 16:00:00+00:00,17.584153999999998
2018-01-11 17:00:00+00:00,26.675292
2018-01-11 18:00:00+00:00,38.106120000000004
2018-01-11 19:00:00+00:00,50.616666
2018-01-11 20:00:00+00:00,64.007488
2018-01-11 21:00:00+00:00,75.484438
2018-01-11 22:00:00+00:00,76.55158
2018-01-11 23:00:00+00:00,68.386894
2018-01-12 00:00:00+00:00,55.410712
2018-01-12 01:00:00+00:00,39.77993200000001
2018-01-12 02:00:00+00:00,25.899017999999998
2018-01-12 03:00:00+00:00,15.506604
2018-01-12 04:00:00+00:00,9.442492
2018-01-12 05:00:00+00:00,6.817317999999999
2018-01-12 06:00:00+00:00,3.4905639999999996
2018-01-12 07:00:00+00:00,2.614306
2018-01-12 08:00:00+00:00,7.658212
2018-01-12 09:00:00+00:00,15.849972
2018-01-12 10:00:00+00:00,21.18463
2018-01-12 11:00:00+00:00,20.32749
2018-01-12 12:00:00+00:00,16.188704000000005
2018-01-12 13:00:00+00:00,12.103679999999999
2018-01-12 14:00:00+00:00,12.841352000000002
2018-01-12 15:00:00+00:00,13.280078000000001
2018-01-12 16:00:00+00:00,14.10153
2018-01-12 17:00:00+00:00,15.961056000000001
2018-01-12 18:00:00+00:00,19.975874
2018-01-12 19:00:00+00:00,30.336626
2018-01-12 20:00:00+00:00,47.385358
2018-01-12 21:00:00+00:00,68.376692
2018-01-12 22:00:00+00:00,91.54781399999999
2018-01-12 23:00:00+00:00,114.771812
2018-01-13 00:00:00+00:00,133.51380799999998
2018-01-13 01:00:00+00:00,150.50983
2018-01-13 02:00:00+00:00,167.350316
2018-01-13 03:00:00+00:00,174.19555999999997
2018-01-13 04:00:00+00:00,172.25068000000002
2018-01-13 05:00:00+00:00,162.33068
2018-01-13 06:00:00+00:00,119.82982200000001
2018-01-13 07:00:00+00:00,80.68887799999999
2018-01-13 08:00:00+00:00,52.00187
2018-01-13 09:00:00+00:00,50.95693
2018-01-13 10:00:00+00:00,47.324726
2018-01-13 11:00:00+00:00,44.78754599999999
2018-01-13 12:00:00+00:00,39.494992
2018-01-13 13:00:00+00:00,25.363983999999995
2018-01-13 14:00:00+00:00,17.920282
2018-01-13 15:00:00+00:00,15.58313
2018-01-13 16:00:00+00:00,20.110416
2018-01-13 17:00:00+00:00,27.032127999999997
2018-01-13 18:00:00+00:00,32.063514000000005
2018-01-13 19:00:00+00:00,33.440328
2018-01-13 20:00:00+00:00,33.009472
2018-01-13 21:00:00+00:00,38.345182
2018-01-13 22:00:00+00:00,51.288728
2018-01-13 23:00:00+00:00,65.383828
2018-01-14 00:00:00+00:00,75.50437800000002
2018-01-14 01:00:00+00:00,79.84955000000001
2018-01-14 02:00:00+00:00,79.05023599999998
2018-01-14 03:00:00+00:00,80.267408
2018-01-14 04:00:00+00:00,76.00837200000001
2018-01-14 05:00:00+00:00,58.47258800000001
2018-01-14 06:00:00+00:00,80.538436
2018-01-14 07:00:00+00:00,103.641258
2018-01-14 08:00:00+00:00,123.792822
2018-01-14 09:00:00+00:00,139.03559199999998
2018-01-14 10:00:00+00:00,151.55133399999997
2018-01-14 11:00:00+00:00,163.974976
2018-01-14 12:00:00+00:00,171.69260599999998
2018-01-14 13:00:00+00:00,163.877782
2018-01-14 14:00:00+00:00,151.275998
2018-01-14 15:00:00+00:00,143.835706
2018-01-14 16:00:00+00:00,134.915538
2018-01-14 17:00:00+00:00,130.71761999999998
2018-01-14 18:00:00+00:00,141.320946
2018-01-14 19:00:00+00:00,151.66240600000003
2018-01-14 20:00:00+00:00,162.009098
2018-01-14 21:00:00+00:00,156.2432
2018-01-14 22:00:00+00:00,139.26416
2018-01-14 23:00:00+00:00,118.15017800000001
2018-01-15 00:00:00+00:00,91.65948200000001
2018-01-15 01:00:00+00:00,65.926296
2018-01-15 02:00:00+00:00,48.933113999999996
2018-01-15 03:00:00+00:00,30.612861999999996
2018-01-15 04:00:00+00:00,17.977563999999997
2018-01-15 05:00:00+00:00,10.5442
2018-01-15 06:00:00+00:00,12.386639999999998
2018-01-15 07:00:00+00:00,13.527633999999999
2018-01-15 08:00:00+00:00,15.838232
2018-01-15 09:00:00+00:00,20.656198
2018-01-15 10:00:00+00:00,26.889134
2018-01-15 11:00:00+00:00,35.053708
2018-01-15 12:00:00+00:00,38.085076
2018-01-15 13:00:00+00:00,37.318384
2018-01-15 14:00:00+00:00,38.066316
2018-01-15 15:00:00+00:00,34.857747999999994
2018-01-15 16:00:00+00:00,29.110356
2018-01-15 17:00:00+00:00,23.135948000000003
2018-01-15 18:00:00+00:00,16.079298
2018-01-15 19:00:00+00:00,11.227146
2018-01-15 20:00:00+00:00,8.951168
2018-01-15 21:00:00+00:00,6.758202000000001
2018-01-15 22:00:00+00:00,4.260839999999999
2018-01-15 23:00:00+00:00,3.19036
2018-01-16 00:00:00+00:00,3.1236419999999994
2018-01-16 01:00:00+00:00,3.431732
2018-01-16 02:00:00+00:00,5.913163999999999
2018-01-16 03:00:00+00:00,11.569232
2018-01-16 04:00:00+00:00,18.726794
2018-01-16 05:00:00+00:00,21.252875999999997
2018-01-16 06:00:00+00:00,13.998808000000002
2018-01-16 07:00:00+00:00,5.976211999999999
2018-01-16 08:00:00+00:00,2.37492
2018-01-16 09:00:00+00:00,1.11248
2018-01-16 10:00:00+00:00,0.82524
2018-01-16 11:00:00+00:00,0.904764
2018-01-16 12:00:00+00:00,4.0151259999999995
2018-01-16 13:00:00+00:00,8.006096000000001
2018-01-16 14:00:00+00:00,10.664032
2018-01-16 15:00:00+00:00,5.742124
2018-01-16 16:00:00+00:00,3.329016
2018-01-16 17:00:00+00:00,2.171886
2018-01-16 18:00:00+00:00,1.5473620000000001
2018-01-16 19:00:00+00:00,0.88832
2018-01-16 20:00:00+00:00,0.39232
2018-01-16 21:00:00+00:00,0.19616
2018-01-16 22:00:00+00:00,0.39232
2018-01-16 23:00:00+00:00,0.9808
2018-01-17 00:00:00+00:00,3.7724019999999996
2018-01-17 01:00:00+00:00,9.551766
2018-01-17 02:00:00+00:00,16.897254
2018-01-17 03:00:00+00:00,20.465784
2018-01-17 04:00:00+00:00,18.498916
2018-01-17 05:00:00+00:00,17.995535999999998
2018-01-17 06:00:00+00:00,26.580841999999997
2018-01-17 07:00:00+00:00,31.891984
2018-01-17 08:00:00+00:00,42.393860000000004
2018-01-17 09:00:00+00:00,51.991651999999995
2018-01-17 10:00:00+00:00,57.075138
2018-01-17 11:00:00+00:00,61.031938
2018-01-17 12:00:00+00:00,62.340958
2018-01-17 13:00:00+00:00,56.89426799999999
2018-01-17 14:00:00+00:00,35.38383
2018-01-17 15:00:00+00:00,17.91265
2018-01-17 16:00:00+00:00,8.590186
2018-01-17 17:00:00+00:00,5.282984
2018-01-17 18:00:00+00:00,4.780672
2018-01-17 19:00:00+00:00,4.98592
2018-01-17 20:00:00+00:00,5.740574
2018-01-17 21:00:00+00:00,8.725132
2018-01-17 22:00:00+00:00,14.647715999999999
2018-01-17 23:00:00+00:00,21.956226
2018-01-18 00:00:00+00:00,29.32901
2018-01-18 01:00:00+00:00,33.562364
2018-01-18 02:00:00+00:00,36.465666000000006
2018-01-18 03:00:00+00:00,42.32937
2018-01-18 04:00:00+00:00,51.30364200000001
2018-01-18 05:00:00+00:00,51.382028000000005
2018-01-18 06:00:00+00:00,52.97732200000001
2018-01-18 07:00:00+00:00,80.88789799999999
2018-01-18 08:00:00+00:00,99.45092
2018-01-18 09:00:00+00:00,120.564102
2018-01-18 10:00:00+00:00,145.709464
2018-01-18 11:00:00+00:00,165.92791200000002
2018-01-18 12:00:00+00:00,178.487918
2018-01-18 13:00:00+00:00,180.263182
2018-01-18 14:00:00+00:00,166.628544
2018-01-18 15:00:00+00:00,187.318702
2018-01-18 16:00:00+00:00,196.24200000000002
2018-01-18 17:00:00+00:00,198.3482
2018-01-18 18:00:00+00:00,198.372
2018-01-18 19:00:00+00:00,198.372
2018-01-18 20:00:00+00:00,198.3678
2018-01-18 21:00:00+00:00,198.3622
2018-01-18 22:00:00+00:00,198.3608
2018-01-18 23:00:00+00:00,198.344
2018-01-19 00:00:00+00:00,198.33
2018-01-19 01:00:00+00:00,198.3048
2018-01-19 02:00:00+00:00,198.288
2018-01-19 03:00:00+00:00,198.274
2018-01-19 04:00:00+00:00,198.2306
2018-01-19 05:00:00+00:00,198.2012
2018-01-19 06:00:00+00:00,198.2866
2018-01-19 07:00:00+00:00,198.3664
2018-01-19 08:00:00+00:00,198.3776
2018-01-19 09:00:00+00:00,198.379
2018-01-19 10:00:00+00:00,198.3748
2018-01-19 11:00:00+00:00,198.3608
2018-01-19 12:00:00+00:00,198.3258
2018-01-19 13:00:00+00:00,198.225
2018-01-19 14:00:00+00:00,189.54039400000002
2018-01-19 15:00:00+00:00,171.307102
2018-01-19 16:00:00+00:00,160.350152
2018-01-19 17:00:00+00:00,155.11904
2018-01-19 18:00:00+00:00,147.470414
2018-01-19 19:00:00+00:00,135.044766
2018-01-19 20:00:00+00:00,118.812574
2018-01-19 21:00:00+00:00,97.36039799999999
2018-01-19 22:00:00+00:00,77.14174399999999
2018-01-19 23:00:00+00:00,62.81891600000001
2018-01-20 00:00:00+00:00,46.160574
2018-01-20 01:00:00+00:00,29.777260000000002
2018-01-20 02:00:00+00:00,16.496057999999998
2018-01-20 03:00:00+00:00,9.551369999999999
2018-01-20 04:00:00+00:00,8.626832
2018-01-20 05:00:00+00:00,7.700506
2018-01-20 06:00:00+00:00,0.434526
2018-01-20 07:00:00+00:00,0.0014
2018-01-20 08:00:00+00:00,0.09808
2018-01-20 09:00:00+00:00,0.29424
2018-01-20 10:00:00+00:00,0.78464
2018-01-20 11:00:00+00:00,2.2558399999999996
2018-01-20 12:00:00+00:00,5.477768
2018-01-20 13:00:00+00:00,10.148828000000002
2018-01-20 14:00:00+00:00,17.545460000000002
2018-01-20 15:00:00+00:00,28.058410000000002
2018-01-20 16:00:00+00:00,35.320007999999994
2018-01-20 17:00:00+00:00,50.875322
2018-01-20 18:00:00+00:00,98.040238
2018-01-20 19:00:00+00:00,159.94720199999998
2018-01-20 20:00:00+00:00,192.898758
2018-01-20 21:00:00+00:00,197.5152
2018-01-20 22:00:00+00:00,197.791
2018-01-20 23:00:00+00:00,197.8862
2018-01-21 00:00:00+00:00,197.8456
2018-01-21 01:00:00+00:00,197.8372
2018-01-21 02:00:00+00:00,197.84
2018-01-21 03:00:00+00:00,197.8372
2018-01-21 04:00:00+00:00,197.8624
2018-01-21 05:00:00+00:00,197.6832
2018-01-21 06:00:00+00:00,192.72436000000002
2018-01-21 07:00:00+00:00,197.7784
2018-01-21 08:00:00+00:00,188.770626
2018-01-21 09:00:00+00:00,150.34994199999997
2018-01-21 10:00:00+00:00,111.868974
2018-01-21 11:00:00+00:00,83.60899399999998
2018-01-21 12:00:00+00:00,59.442906
2018-01-21 13:00:00+00:00,33.296994000000005
2018-01-21 14:00:00+00:00,30.438957999999996
2018-01-21 15:00:00+00:00,37.12083
2018-01-21 16:00:00+00:00,54.85839
2018-01-21 17:00:00+00:00,92.34076
2018-01-21 18:00:00+00:00,129.21729
2018-01-21 19:00:00+00:00,152.794346
2018-01-21 20:00:00+00:00,153.74258999999998
2018-01-21 21:00:00+00:00,136.56700999999998
2018-01-21 22:00:00+00:00,104.15089
2018-01-21 23:00:00+00:00,75.052358
2018-01-22 00:00:00+00:00,71.599104
2018-01-22 01:00:00+00:00,83.06661
2018-01-22 02:00:00+00:00,96.29659
2018-01-22 03:00:00+00:00,109.30073199999998
2018-01-22 04:00:00+00:00,115.722124
2018-01-22 05:00:00+00:00,110.040644
2018-01-22 06:00:00+00:00,91.003818
2018-01-22 07:00:00+00:00,120.52023200000001
2018-01-22 08:00:00+00:00,140.272238
2018-01-22 09:00:00+00:00,153.91298199999997
2018-01-22 10:00:00+00:00,163.12647399999997
2018-01-22 11:00:00+00:00,161.857382
2018-01-22 12:00:00+00:00,147.82097199999998
2018-01-22 13:00:00+00:00,104.318444
2018-01-22 14:00:00+00:00,86.414772
2018-01-22 15:00:00+00:00,71.466836
2018-01-22 16:00:00+00:00,49.858160000000005
2018-01-22 17:00:00+00:00,38.68582
2018-01-22 18:00:00+00:00,43.138786
2018-01-22 19:00:00+00:00,60.386967999999996
2018-01-22 20:00:00+00:00,85.2029
2018-01-22 21:00:00+00:00,106.850934
2018-01-22 22:00:00+00:00,125.97823199999999
2018-01-22 23:00:00+00:00,136.58549599999998
2018-01-23 00:00:00+00:00,155.190916
2018-01-23 01:00:00+00:00,162.81471400000004
2018-01-23 02:00:00+00:00,163.21622600000003
2018-01-23 03:00:00+00:00,157.83408600000004
2018-01-23 04:00:00+00:00,152.334692
2018-01-23 05:00:00+00:00,126.00488000000001
2018-01-23 06:00:00+00:00,124.71747
2018-01-23 07:00:00+00:00,141.046726
2018-01-23 08:00:00+00:00,163.90032199999996
2018-01-23 09:00:00+00:00,180.04953799999998
2018-01-23 10:00:00+00:00,185.19665
2018-01-23 11:00:00+00:00,185.71301799999998
2018-01-23 12:00:00+00:00,181.334158
2018-01-23 13:00:00+00:00,161.28974399999998
2018-01-23 14:00:00+00:00,118.48429599999999
2018-01-23 15:00:00+00:00,80.7337
2018-01-23 16:00:00+00:00,52.683398
2018-01-23 17:00:00+00:00,30.971888
2018-01-23 18:00:00+00:00,17.033938
2018-01-23 19:00:00+00:00,12.176756
2018-01-23 20:00:00+00:00,14.321774
2018-01-23 21:00:00+00:00,19.383405999999997
2018-01-23 22:00:00+00:00,22.884687999999997
2018-01-23 23:00:00+00:00,24.306863999999997
2018-01-24 00:00:00+00:00,22.853532
2018-01-24 01:00:00+00:00,20.049148
2018-01-24 02:00:00+00:00,17.700496
2018-01-24 03:00:00+00:00,14.392399999999999
2018-01-24 04:00:00+00:00,11.884344
2018-01-24 05:00:00+00:00,9.913324
2018-01-24 06:00:00+00:00,3.5507639999999996
2018-01-24 07:00:00+00:00,2.757186
2018-01-24 08:00:00+00:00,5.623399999999999
2018-01-24 09:00:00+00:00,10.655956
2018-01-24 10:00:00+00:00,15.689556000000001
2018-01-24 11:00:00+00:00,20.335392
2018-01-24 12:00:00+00:00,23.245924000000002
2018-01-24 13:00:00+00:00,22.698985999999998
2018-01-24 14:00:00+00:00,20.207421999999998
2018-01-24 15:00:00+00:00,15.414474
2018-01-24 16:00:00+00:00,8.442568
2018-01-24 17:00:00+00:00,3.7990019999999998
2018-01-24 18:00:00+00:00,1.740722
2018-01-24 19:00:00+00:00,0.9588820000000001
2018-01-24 20:00:00+00:00,0.8276840000000001
2018-01-24 21:00:00+00:00,0.908046
2018-01-24 22:00:00+00:00,1.085088
2018-01-24 23:00:00+00:00,1.198568
2018-01-25 00:00:00+00:00,1.33221
2018-01-25 01:00:00+00:00,1.507014
2018-01-25 02:00:00+00:00,1.9023399999999997
2018-01-25 03:00:00+00:00,3.246036
2018-01-25 04:00:00+00:00,5.823941999999999
2018-01-25 05:00:00+00:00,8.608725999999999
2018-01-25 06:00:00+00:00,12.427383999999998
2018-01-25 07:00:00+00:00,35.305856
2018-01-25 08:00:00+00:00,77.36152200000001
2018-01-25 09:00:00+00:00,126.98575199999999
2018-01-25 10:00:00+00:00,164.624536
2018-01-25 11:00:00+00:00,176.99998200000002
2018-01-25 12:00:00+00:00,175.236678
2018-01-25 13:00:00+00:00,167.20876799999996
2018-01-25 14:00:00+00:00,139.007284
2018-01-25 15:00:00+00:00,125.34821199999999
2018-01-25 16:00:00+00:00,125.029792
2018-01-25 17:00:00+00:00,127.41797600000001
2018-01-25 18:00:00+00:00,122.49140799999999
2018-01-25 19:00:00+00:00,112.18406199999998
2018-01-25 20:00:00+00:00,124.08070000000001
2018-01-25 21:00:00+00:00,119.787628
2018-01-25 22:00:00+00:00,123.652866
2018-01-25 23:00:00+00:00,116.97907599999998
2018-01-26 00:00:00+00:00,134.707226
2018-01-26 01:00:00+00:00,131.116098
2018-01-26 02:00:00+00:00,135.13082799999998
2018-01-26 03:00:00+00:00,142.39904600000003
2018-01-26 04:00:00+00:00,143.785154
2018-01-26 05:00:00+00:00,152.789958
2018-01-26 06:00:00+00:00,189.408892
2018-01-26 07:00:00+00:00,195.27256
2018-01-26 08:00:00+00:00,197.77356
2018-01-26 09:00:00+00:00,198.1508
2018-01-26 10:00:00+00:00,198.1046
2018-01-26 11:00:00+00:00,198.0346
2018-01-26 12:00:00+00:00,197.9366
2018-01-26 13:00:00+00:00,179.672938
2018-01-26 14:00:00+00:00,146.01882400000002
2018-01-26 15:00:00+00:00,127.88707600000001
2018-01-26 16:00:00+00:00,138.205512
2018-01-26 17:00:00+00:00,146.995664
2018-01-26 18:00:00+00:00,156.889714
2018-01-26 19:00:00+00:00,148.197738
2018-01-26 20:00:00+00:00,162.233436
2018-01-26 21:00:00+00:00,178.416186
2018-01-26 22:00:00+00:00,191.796676
2018-01-26 23:00:00+00:00,189.10832
2018-01-27 00:00:00+00:00,161.55087400000002
2018-01-27 01:00:00+00:00,133.831378
2018-01-27 02:00:00+00:00,109.669196
2018-01-27 03:00:00+00:00,93.15777599999998
2018-01-27 04:00:00+00:00,78.816368
2018-01-27 05:00:00+00:00,59.220514
2018-01-27 06:00:00+00:00,50.60069
2018-01-27 07:00:00+00:00,56.834718
2018-01-27 08:00:00+00:00,60.515154
2018-01-27 09:00:00+00:00,62.11067799999999
2018-01-27 10:00:00+00:00,62.980924
2018-01-27 11:00:00+00:00,62.47471199999999
2018-01-27 12:00:00+00:00,64.529274
2018-01-27 13:00:00+00:00,59.21685799999999
2018-01-27 14:00:00+00:00,48.632127999999994
2018-01-27 15:00:00+00:00,41.458105999999994
2018-01-27 16:00:00+00:00,34.939156
2018-01-27 17:00:00+00:00,25.44033
2018-01-27 18:00:00+00:00,16.831912
2018-01-27 19:00:00+00:00,10.683008
2018-01-27 20:00:00+00:00,7.6470839999999995
2018-01-27 21:00:00+00:00,7.844644
2018-01-27 22:00:00+00:00,10.984604000000001
2018-01-27 23:00:00+00:00,12.907842
2018-01-28 00:00:00+00:00,12.330562
2018-01-28 01:00:00+00:00,10.772482000000002
2018-01-28 02:00:00+00:00,9.012642
2018-01-28 03:00:00+00:00,6.9118
2018-01-28 04:00:00+00:00,6.082841999999999
2018-01-28 05:00:00+00:00,6.252402
2018-01-28 06:00:00+00:00,7.150728000000001
2018-01-28 07:00:00+00:00,6.5039299999999995
2018-01-28 08:00:00+00:00,4.9300939999999995
2018-01-28 09:00:00+00:00,4.8535520000000005
2018-01-28 10:00:00+00:00,9.81621
2018-01-28 11:00:00+00:00,18.757562000000004
2018-01-28 12:00:00+00:00,24.814135999999998
2018-01-28 13:00:00+00:00,24.745804
2018-01-28 14:00:00+00:00,21.44625
2018-01-28 15:00:00+00:00,18.311857999999997
2018-01-28 16:00:00+00:00,14.533374000000002
2018-01-28 17:00:00+00:00,10.915694
2018-01-28 18:00:00+00:00,7.570692000000001
2018-01-28 19:00:00+00:00,4.808363999999999
2018-01-28 20:00:00+00:00,3.0872419999999994
2018-01-28 21:00:00+00:00,1.6687600000000002
2018-01-28 22:00:00+00:00,0.9892
2018-01-28 23:00:00+00:00,0.80984
2018-01-29 00:00:00+00:00,0.7397600000000001
2018-01-29 01:00:00+00:00,1.009282
2018-01-29 02:00:00+00:00,1.189124
2018-01-29 03:00:00+00:00,1.211524
2018-01-29 04:00:00+00:00,0.9999640000000001
2018-01-29 05:00:00+00:00,0.367602
2018-01-29 06:00:00+00:00,0.0028
2018-01-29 07:00:00+00:00,0.38496400000000003
2018-01-29 08:00:00+00:00,2.083662
2018-01-29 09:00:00+00:00,3.6480299999999994
2018-01-29 10:00:00+00:00,4.249466
2018-01-29 11:00:00+00:00,5.148986
2018-01-29 12:00:00+00:00,6.916514
2018-01-29 13:00:00+00:00,9.075674
2018-01-29 14:00:00+00:00,13.117622
2018-01-29 15:00:00+00:00,17.209488
2018-01-29 16:00:00+00:00,14.131001999999999
2018-01-29 17:00:00+00:00,8.695439999999998
2018-01-29 18:00:00+00:00,5.81752
2018-01-29 19:00:00+00:00,5.300520000000001
2018-01-29 20:00:00+00:00,5.343082000000001
2018-01-29 21:00:00+00:00,5.288964
2018-01-29 22:00:00+00:00,4.112004
2018-01-29 23:00:00+00:00,2.892482
2018-01-30 00:00:00+00:00,2.7019219999999997
2018-01-30 01:00:00+00:00,2.617842
2018-01-30 02:00:00+00:00,2.7239659999999994
2018-01-30 03:00:00+00:00,3.2266099999999995
2018-01-30 04:00:00+00:00,3.689492
2018-01-30 05:00:00+00:00,3.29529
2018-01-30 06:00:00+00:00,2.4604
2018-01-30 07:00:00+00:00,1.6715600000000002
2018-01-30 08:00:00+00:00,1.28344
2018-01-30 09:00:00+00:00,0.7005600000000001
2018-01-30 10:00:00+00:00,0.12048
2018-01-30 11:00:00+00:00,0.465326
2018-01-30 12:00:00+00:00,1.149774
2018-01-30 13:00:00+00:00,1.408096
2018-01-30 14:00:00+00:00,1.823654
2018-01-30 15:00:00+00:00,2.415566
2018-01-30 16:00:00+00:00,3.9338840000000004
2018-01-30 17:00:00+00:00,5.484482000000001
2018-01-30 18:00:00+00:00,7.320563999999999
2018-01-30 19:00:00+00:00,9.476773999999999
2018-01-30 20:00:00+00:00,10.590504
2018-01-30 21:00:00+00:00,9.499862
2018-01-30 22:00:00+00:00,8.897864
2018-01-30 23:00:00+00:00,10.610918
2018-01-31 00:00:00+00:00,14.197142
2018-01-31 01:00:00+00:00,20.529432
2018-01-31 02:00:00+00:00,30.626594
2018-01-31 03:00:00+00:00,41.764455999999996
2018-01-31 04:00:00+00:00,50.01943
2018-01-31 05:00:00+00:00,40.9756
2018-01-31 06:00:00+00:00,15.109912
2018-01-31 07:00:00+00:00,7.388050000000001
2018-01-31 08:00:00+00:00,3.04048
2018-01-31 09:00:00+00:00,0.88272
2018-01-31 10:00:00+00:00,0.09808
2018-01-31 11:00:00+00:00,0.7186099999999999
2018-01-31 12:00:00+00:00,2.2978720000000004
2018-01-31 13:00:00+00:00,4.178018000000001
2018-01-31 14:00:00+00:00,7.264294
2018-01-31 15:00:00+00:00,8.250764
2018-01-31 16:00:00+00:00,8.431698
2018-01-31 17:00:00+00:00,8.898678
2018-01-31 18:00:00+00:00,10.79776
2018-01-31 19:00:00+00:00,13.161455999999998
2018-01-31 20:00:00+00:00,13.736187999999999
2018-01-31 21:00:00+00:00,14.655284000000002
2018-01-31 22:00:00+00:00,16.816025999999997
2018-01-31 23:00:00+00:00,20.15406
2018-02-01 00:00:00+00:00,22.90117
2018-02-01 01:00:00+00:00,25.365952000000004
2018-02-01 02:00:00+00:00,29.685830000000003
2018-02-01 03:00:00+00:00,33.043108
2018-02-01 04:00:00+00:00,36.76155
2018-02-01 05:00:00+00:00,35.108912
2018-02-01 06:00:00+00:00,18.565934
2018-02-01 07:00:00+00:00,8.006088
2018-02-01 08:00:00+00:00,4.36437
2018-02-01 09:00:00+00:00,2.36232
2018-02-01 10:00:00+00:00,1.28064
2018-02-01 11:00:00+00:00,0.4932
2018-02-01 12:00:00+00:00,0.19756
2018-02-01 13:00:00+00:00,0.09948
2018-02-01 14:00:00+00:00,1.6962540000000002
2018-02-01 15:00:00+00:00,6.277784
2018-02-01 16:00:00+00:00,15.749440000000002
2018-02-01 17:00:00+00:00,41.703368000000005
2018-02-01 18:00:00+00:00,96.926836
2018-02-01 19:00:00+00:00,152.75493600000001
2018-02-01 20:00:00+00:00,181.469714
2018-02-01 21:00:00+00:00,188.61883999999998
2018-02-01 22:00:00+00:00,191.88208
2018-02-01 23:00:00+00:00,191.68032
2018-02-02 00:00:00+00:00,188.74912
2018-02-02 01:00:00+00:00,184.54840000000002
2018-02-02 02:00:00+00:00,181.19959999999998
2018-02-02 03:00:00+00:00,176.744
2018-02-02 04:00:00+00:00,172.10344
2018-02-02 05:00:00+00:00,151.743858
2018-02-02 06:00:00+00:00,88.473038
2018-02-02 07:00:00+00:00,47.859036
2018-02-02 08:00:00+00:00,22.694074
2018-02-02 09:00:00+00:00,8.510179999999998
2018-02-02 10:00:00+00:00,2.06948
2018-02-02 11:00:00+00:00,0.40212
2018-02-02 12:00:00+00:00,0.359202
2018-02-02 13:00:00+00:00,0.468482
2018-02-02 14:00:00+00:00,1.4921999999999997
2018-02-02 15:00:00+00:00,7.604166
2018-02-02 16:00:00+00:00,21.819105999999998
2018-02-02 17:00:00+00:00,41.70651
2018-02-02 18:00:00+00:00,82.18157799999999
2018-02-02 19:00:00+00:00,125.686692
2018-02-02 20:00:00+00:00,163.416476
2018-02-02 21:00:00+00:00,186.3042
2018-02-02 22:00:00+00:00,183.14978599999998
2018-02-02 23:00:00+00:00,150.647594
2018-02-03 00:00:00+00:00,114.56214200000001
2018-02-03 01:00:00+00:00,98.9409
2018-02-03 02:00:00+00:00,84.88807
2018-02-03 03:00:00+00:00,70.229144
2018-02-03 04:00:00+00:00,76.505354
2018-02-03 05:00:00+00:00,84.44264399999999
2018-02-03 06:00:00+00:00,65.6098
2018-02-03 07:00:00+00:00,33.940734
2018-02-03 08:00:00+00:00,11.115936000000001
2018-02-03 09:00:00+00:00,7.274521999999999
2018-02-03 10:00:00+00:00,6.278827999999999
2018-02-03 11:00:00+00:00,3.409814
2018-02-03 12:00:00+00:00,0.80844
2018-02-03 13:00:00+00:00,0.5567620000000001
2018-02-03 14:00:00+00:00,0.9188899999999999
2018-02-03 15:00:00+00:00,0.591326
2018-02-03 16:00:00+00:00,0.5956060000000001
2018-02-03 17:00:00+00:00,3.270959999999999
2018-02-03 18:00:00+00:00,13.690038000000001
2018-02-03 19:00:00+00:00,34.815757999999995
2018-02-03 20:00:00+00:00,61.917871999999996
2018-02-03 21:00:00+00:00,83.694614
2018-02-03 22:00:00+00:00,90.415878
2018-02-03 23:00:00+00:00,83.924026
2018-02-04 00:00:00+00:00,77.538124
2018-02-04 01:00:00+00:00,84.50129
2018-02-04 02:00:00+00:00,86.697206
2018-02-04 03:00:00+00:00,91.094844
2018-02-04 04:00:00+00:00,89.557242
2018-02-04 05:00:00+00:00,75.464854
2018-02-04 06:00:00+00:00,42.06969
2018-02-04 07:00:00+00:00,21.384896
2018-02-04 08:00:00+00:00,17.830058
2018-02-04 09:00:00+00:00,18.931188000000002
2018-02-04 10:00:00+00:00,17.008812
2018-02-04 11:00:00+00:00,13.239028
2018-02-04 12:00:00+00:00,9.232277999999999
2018-02-04 13:00:00+00:00,4.387126
2018-02-04 14:00:00+00:00,1.90412
2018-02-04 15:00:00+00:00,0.34604
2018-02-04 16:00:00+00:00,0.353602
2018-02-04 17:00:00+00:00,1.154892
2018-02-04 18:00:00+00:00,5.188424
2018-02-04 19:00:00+00:00,13.78417
2018-02-04 20:00:00+00:00,26.249994
2018-02-04 21:00:00+00:00,34.58988600000001
2018-02-04 22:00:00+00:00,35.289608
2018-02-04 23:00:00+00:00,34.056996
2018-02-05 00:00:00+00:00,30.876269999999998
2018-02-05 01:00:00+00:00,27.906084000000003
2018-02-05 02:00:00+00:00,17.71929
2018-02-05 03:00:00+00:00,11.233377999999998
2018-02-05 04:00:00+00:00,8.834095999999999
2018-02-05 05:00:00+00:00,5.828971999999999
2018-02-05 06:00:00+00:00,2.3003299999999998
2018-02-05 07:00:00+00:00,0.8654840000000001
2018-02-05 08:00:00+00:00,2.4656439999999997
2018-02-05 09:00:00+00:00,6.51793
2018-02-05 10:00:00+00:00,9.199184
2018-02-05 11:00:00+00:00,14.746984000000001
2018-02-05 12:00:00+00:00,15.686954000000002
2018-02-05 13:00:00+00:00,14.672498000000001
2018-02-05 14:00:00+00:00,11.015736
2018-02-05 15:00:00+00:00,6.67644
2018-02-05 16:00:00+00:00,2.500162
2018-02-05 17:00:00+00:00,3.004744
2018-02-05 18:00:00+00:00,8.00854
2018-02-05 19:00:00+00:00,12.675408000000003
2018-02-05 20:00:00+00:00,7.294336
2018-02-05 21:00:00+00:00,6.105638
2018-02-05 22:00:00+00:00,8.572508
2018-02-05 23:00:00+00:00,5.32606
2018-02-06 00:00:00+00:00,2.5671880000000002
2018-02-06 01:00:00+00:00,2.249986
2018-02-06 02:00:00+00:00,1.863622
2018-02-06 03:00:00+00:00,2.9591520000000004
2018-02-06 04:00:00+00:00,3.4661700000000004
2018-02-06 05:00:00+00:00,1.222368
2018-02-06 06:00:00+00:00,1.0777320000000001
2018-02-06 07:00:00+00:00,0.151842
2018-02-06 08:00:00+00:00,0.0014
2018-02-06 09:00:00+00:00,0.5765680000000001
2018-02-06 10:00:00+00:00,2.695436
2018-02-06 11:00:00+00:00,3.9070639999999996
2018-02-06 12:00:00+00:00,3.466044
2018-02-06 13:00:00+00:00,3.9904
2018-02-06 14:00:00+00:00,4.412119999999999
2018-02-06 15:00:00+00:00,3.2253600000000002
2018-02-06 16:00:00+00:00,2.40152
2018-02-06 17:00:00+00:00,2.1703599999999996
2018-02-06 18:00:00+00:00,1.76684
2018-02-06 19:00:00+00:00,0.9808
2018-02-06 20:00:00+00:00,0.58848
2018-02-06 21:00:00+00:00,0.4904
2018-02-06 22:00:00+00:00,0.8841199999999999
2018-02-06 23:00:00+00:00,1.08028
2018-02-07 00:00:00+00:00,1.0844799999999999
2018-02-07 01:00:00+00:00,1.0928799999999999
2018-02-07 02:00:00+00:00,1.439482
2018-02-07 03:00:00+00:00,3.3494080000000004
2018-02-07 04:00:00+00:00,7.064512000000001
2018-02-07 05:00:00+00:00,11.621861999999998
2018-02-07 06:00:00+00:00,11.880952
2018-02-07 07:00:00+00:00,8.104373999999998
2018-02-07 08:00:00+00:00,15.567035999999998
2018-02-07 09:00:00+00:00,18.401358
2018-02-07 10:00:00+00:00,13.167373999999999
2018-02-07 11:00:00+00:00,5.813454
2018-02-07 12:00:00+00:00,4.949978000000001
2018-02-07 13:00:00+00:00,9.71487
2018-02-07 14:00:00+00:00,14.334381999999998
2018-02-07 15:00:00+00:00,10.294918
2018-02-07 16:00:00+00:00,5.47367
2018-02-07 17:00:00+00:00,4.220216
2018-02-07 18:00:00+00:00,8.362846
2018-02-07 19:00:00+00:00,8.993141999999999
2018-02-07 20:00:00+00:00,9.73476
2018-02-07 21:00:00+00:00,13.733338
2018-02-07 22:00:00+00:00,20.262348000000003
2018-02-07 23:00:00+00:00,24.639096
2018-02-08 00:00:00+00:00,34.47955
2018-02-08 01:00:00+00:00,33.45418
2018-02-08 02:00:00+00:00,22.239285999999996
2018-02-08 03:00:00+00:00,17.870146
2018-02-08 04:00:00+00:00,14.30629
2018-02-08 05:00:00+00:00,9.685023999999999
2018-02-08 06:00:00+00:00,5.024534
2018-02-08 07:00:00+00:00,0.7646040000000001
2018-02-08 08:00:00+00:00,0.31292200000000003
2018-02-08 09:00:00+00:00,0.497882
2018-02-08 10:00:00+00:00,0.6362860000000001
2018-02-08 11:00:00+00:00,0.924926
2018-02-08 12:00:00+00:00,1.794334
2018-02-08 13:00:00+00:00,3.4280699999999995
2018-02-08 14:00:00+00:00,6.513738
2018-02-08 15:00:00+00:00,14.498676
2018-02-08 16:00:00+00:00,41.000066
2018-02-08 17:00:00+00:00,74.874604
2018-02-08 18:00:00+00:00,100.63945199999999
2018-02-08 19:00:00+00:00,119.14137999999998
2018-02-08 20:00:00+00:00,131.408908
2018-02-08 21:00:00+00:00,132.647112
2018-02-08 22:00:00+00:00,122.413452
2018-02-08 23:00:00+00:00,113.03616600000001
2018-02-09 00:00:00+00:00,97.122972
2018-02-09 01:00:00+00:00,75.465406
2018-02-09 02:00:00+00:00,67.24128
2018-02-09 03:00:00+00:00,71.56717800000001
2018-02-09 04:00:00+00:00,78.109794
2018-02-09 05:00:00+00:00,75.35794600000001
2018-02-09 06:00:00+00:00,41.49353399999999
2018-02-09 07:00:00+00:00,53.77058799999999
2018-02-09 08:00:00+00:00,103.15990199999999
2018-02-09 09:00:00+00:00,113.295536
2018-02-09 10:00:00+00:00,94.72550999999999
2018-02-09 11:00:00+00:00,76.14407999999999
2018-02-09 12:00:00+00:00,68.14625000000001
2018-02-09 13:00:00+00:00,44.485614
2018-02-09 14:00:00+00:00,18.505779999999994
2018-02-09 15:00:00+00:00,10.847852
2018-02-09 16:00:00+00:00,8.18381
2018-02-09 17:00:00+00:00,7.587847999999999
2018-02-09 18:00:00+00:00,8.870805999999998
2018-02-09 19:00:00+00:00,4.701884
2018-02-09 20:00:00+00:00,0.8342020000000001
2018-02-09 21:00:00+00:00,0.252722
2018-02-09 22:00:00+00:00,0.8496020000000001
2018-02-09 23:00:00+00:00,1.1054799999999998
2018-02-10 00:00:00+00:00,2.057006
2018-02-10 01:00:00+00:00,9.598938
2018-02-10 02:00:00+00:00,27.631759999999996
2018-02-10 03:00:00+00:00,61.8837
2018-02-10 04:00:00+00:00,98.711252
2018-02-10 05:00:00+00:00,105.07132
2018-02-10 06:00:00+00:00,93.834074
2018-02-10 07:00:00+00:00,82.59012
2018-02-10 08:00:00+00:00,83.266904
2018-02-10 09:00:00+00:00,76.81783599999999
2018-02-10 10:00:00+00:00,68.55
2018-02-10 11:00:00+00:00,71.482884
2018-02-10 12:00:00+00:00,46.031338000000005
2018-02-10 13:00:00+00:00,21.746651999999997
2018-02-10 14:00:00+00:00,10.92305
2018-02-10 15:00:00+00:00,8.752997999999998
2018-02-10 16:00:00+00:00,14.487623999999999
2018-02-10 17:00:00+00:00,26.490518
2018-02-10 18:00:00+00:00,40.526492000000005
2018-02-10 19:00:00+00:00,52.55203199999999
2018-02-10 20:00:00+00:00,64.84797999999999
2018-02-10 21:00:00+00:00,78.62635999999999
2018-02-10 22:00:00+00:00,95.444446
2018-02-10 23:00:00+00:00,108.01866600000001
2018-02-11 00:00:00+00:00,116.185108
2018-02-11 01:00:00+00:00,92.22389600000001
2018-02-11 02:00:00+00:00,60.694323999999995
2018-02-11 03:00:00+00:00,59.7418
2018-02-11 04:00:00+00:00,80.44134
2018-02-11 05:00:00+00:00,75.24468399999999
2018-02-11 06:00:00+00:00,32.203976
2018-02-11 07:00:00+00:00,38.686394
2018-02-11 08:00:00+00:00,55.595206
2018-02-11 09:00:00+00:00,61.906045999999996
2018-02-11 10:00:00+00:00,59.719622
2018-02-11 11:00:00+00:00,48.805200000000006
2018-02-11 12:00:00+00:00,41.71555000000001
2018-02-11 13:00:00+00:00,38.682656
2018-02-11 14:00:00+00:00,37.897534
2018-02-11 15:00:00+00:00,30.038502
2018-02-11 16:00:00+00:00,17.345906
2018-02-11 17:00:00+00:00,6.09496
2018-02-11 18:00:00+00:00,0.7075600000000001
2018-02-11 19:00:00+00:00,1.006894
2018-02-11 20:00:00+00:00,2.8786399999999994
2018-02-11 21:00:00+00:00,2.2300299999999997
2018-02-11 22:00:00+00:00,2.0074199999999998
2018-02-11 23:00:00+00:00,1.575568
2018-02-12 00:00:00+00:00,0.7884840000000001
2018-02-12 01:00:00+00:00,0.22836
2018-02-12 02:00:00+00:00,0.7515219999999999
2018-02-12 03:00:00+00:00,2.8310079999999993
2018-02-12 04:00:00+00:00,4.142654
2018-02-12 05:00:00+00:00,2.299446
2018-02-12 06:00:00+00:00,1.128362
2018-02-12 07:00:00+00:00,2.266374
2018-02-12 08:00:00+00:00,3.6689259999999995
2018-02-12 09:00:00+00:00,4.651101999999999
2018-02-12 10:00:00+00:00,5.012266
2018-02-12 11:00:00+00:00,6.168075999999999
2018-02-12 12:00:00+00:00,11.913665999999997
2018-02-12 13:00:00+00:00,22.67025
2018-02-12 14:00:00+00:00,42.557726
2018-02-12 15:00:00+00:00,57.47552799999999
2018-02-12 16:00:00+00:00,49.788698
2018-02-12 17:00:00+00:00,35.776752
2018-02-12 18:00:00+00:00,24.030098
2018-02-12 19:00:00+00:00,18.87915
2018-02-12 20:00:00+00:00,15.8949
2018-02-12 21:00:00+00:00,15.825026
2018-02-12 22:00:00+00:00,17.638984000000004
2018-02-12 23:00:00+00:00,18.265644
2018-02-13 00:00:00+00:00,15.383135999999999
2018-02-13 01:00:00+00:00,12.767532
2018-02-13 02:00:00+00:00,11.812264
2018-02-13 03:00:00+00:00,16.960720000000002
2018-02-13 04:00:00+00:00,29.764644
2018-02-13 05:00:00+00:00,75.456192
2018-02-13 06:00:00+00:00,164.821434
2018-02-13 07:00:00+00:00,197.9086
2018-02-13 08:00:00+00:00,197.9884
2018-02-13 09:00:00+00:00,197.9072
2018-02-13 10:00:00+00:00,197.7448
2018-02-13 11:00:00+00:00,191.03349799999998
2018-02-13 12:00:00+00:00,174.45442599999998
2018-02-13 13:00:00+00:00,155.35424
2018-02-13 14:00:00+00:00,119.49271
2018-02-13 15:00:00+00:00,82.154106
2018-02-13 16:00:00+00:00,58.282748
2018-02-13 17:00:00+00:00,35.294078
2018-02-13 18:00:00+00:00,18.863108
2018-02-13 19:00:00+00:00,7.759621999999999
2018-02-13 20:00:00+00:00,2.84829
2018-02-13 21:00:00+00:00,1.9072520000000002
2018-02-13 22:00:00+00:00,1.3285720000000003
2018-02-13 23:00:00+00:00,1.0287320000000002
2018-02-14 00:00:00+00:00,1.4422579999999998
2018-02-14 01:00:00+00:00,2.4239520000000003
2018-02-14 02:00:00+00:00,6.293398
2018-02-14 03:00:00+00:00,12.930265999999998
2018-02-14 04:00:00+00:00,26.811038000000003
2018-02-14 05:00:00+00:00,27.756806
2018-02-14 06:00:00+00:00,40.720704000000005
2018-02-14 07:00:00+00:00,48.51420400000001
2018-02-14 08:00:00+00:00,38.56310199999999
2018-02-14 09:00:00+00:00,18.586484
2018-02-14 10:00:00+00:00,6.723889999999999
2018-02-14 11:00:00+00:00,2.899482
2018-02-14 12:00:00+00:00,2.06528
2018-02-14 13:00:00+00:00,2.4548
2018-02-14 14:00:00+00:00,6.99433
2018-02-14 15:00:00+00:00,22.344712
2018-02-14 16:00:00+00:00,32.819094
2018-02-14 17:00:00+00:00,62.485057999999995
2018-02-14 18:00:00+00:00,114.04242199999999
2018-02-14 19:00:00+00:00,160.108958
2018-02-14 20:00:00+00:00,189.86579999999998
2018-02-14 21:00:00+00:00,195.179
2018-02-14 22:00:00+00:00,194.25008
2018-02-14 23:00:00+00:00,196.32236
2018-02-15 00:00:00+00:00,197.7364
2018-02-15 01:00:00+00:00,197.819
2018-02-15 02:00:00+00:00,197.7784
2018-02-15 03:00:00+00:00,197.7644
2018-02-15 04:00:00+00:00,197.7896
2018-02-15 05:00:00+00:00,192.7074
2018-02-15 06:00:00+00:00,187.77836
2018-02-15 07:00:00+00:00,180.3228
2018-02-15 08:00:00+00:00,143.49661799999998
2018-02-15 09:00:00+00:00,62.090748
2018-02-15 10:00:00+00:00,22.39763
2018-02-15 11:00:00+00:00,8.790042
2018-02-15 12:00:00+00:00,4.562644
2018-02-15 13:00:00+00:00,4.192367999999999
2018-02-15 14:00:00+00:00,7.434353999999999
2018-02-15 15:00:00+00:00,5.923256
2018-02-15 16:00:00+00:00,2.648404
2018-02-15 17:00:00+00:00,3.337108
2018-02-15 18:00:00+00:00,5.250578
2018-02-15 19:00:00+00:00,1.9052120000000001
2018-02-15 20:00:00+00:00,3.0471719999999998
2018-02-15 21:00:00+00:00,5.1188199999999995
2018-02-15 22:00:00+00:00,3.601776
2018-02-15 23:00:00+00:00,1.8843720000000002
2018-02-16 00:00:00+00:00,1.41309
2018-02-16 01:00:00+00:00,1.2898099999999997
2018-02-16 02:00:00+00:00,1.479532
2018-02-16 03:00:00+00:00,1.2982899999999997
2018-02-16 04:00:00+00:00,1.56733
2018-02-16 05:00:00+00:00,0.9340040000000001
2018-02-16 06:00:00+00:00,0.6934
2018-02-16 07:00:00+00:00,4.257960000000001
2018-02-16 08:00:00+00:00,8.709439999999999
2018-02-16 09:00:00+00:00,14.887642
2018-02-16 10:00:00+00:00,25.189562
2018-02-16 11:00:00+00:00,35.970484
2018-02-16 12:00:00+00:00,40.708618
2018-02-16 13:00:00+00:00,36.658238
2018-02-16 14:00:00+00:00,24.546985999999997
2018-02-16 15:00:00+00:00,11.374571999999999
2018-02-16 16:00:00+00:00,3.224362
2018-02-16 17:00:00+00:00,3.2795799999999997
2018-02-16 18:00:00+00:00,8.797854
2018-02-16 19:00:00+00:00,16.713978
2018-02-16 20:00:00+00:00,25.026590000000002
2018-02-16 21:00:00+00:00,27.304166000000002
2018-02-16 22:00:00+00:00,24.25338
2018-02-16 23:00:00+00:00,18.583502
2018-02-17 00:00:00+00:00,14.170614
2018-02-17 01:00:00+00:00,11.609334000000002
2018-02-17 02:00:00+00:00,12.546354
2018-02-17 03:00:00+00:00,17.737752
2018-02-17 04:00:00+00:00,19.599286000000003
2018-02-17 05:00:00+00:00,20.178092
2018-02-17 06:00:00+00:00,34.944857999999996
2018-02-17 07:00:00+00:00,46.832636
2018-02-17 08:00:00+00:00,62.952217999999995
2018-02-17 09:00:00+00:00,91.18784400000001
2018-02-17 10:00:00+00:00,119.891564
2018-02-17 11:00:00+00:00,136.632632
2018-02-17 12:00:00+00:00,145.450466
2018-02-17 13:00:00+00:00,144.70338999999998
2018-02-17 14:00:00+00:00,125.660234
2018-02-17 15:00:00+00:00,131.38511599999998
2018-02-17 16:00:00+00:00,143.219978
2018-02-17 17:00:00+00:00,139.14091
2018-02-17 18:00:00+00:00,141.90497
2018-02-17 19:00:00+00:00,153.251408
2018-02-17 20:00:00+00:00,173.066192
2018-02-17 21:00:00+00:00,198.0206
2018-02-17 22:00:00+00:00,198.225
2018-02-17 23:00:00+00:00,191.636898
2018-02-18 00:00:00+00:00,184.764282
2018-02-18 01:00:00+00:00,173.553406
2018-02-18 02:00:00+00:00,161.152626
2018-02-18 03:00:00+00:00,149.749466
2018-02-18 04:00:00+00:00,149.86088999999998
2018-02-18 05:00:00+00:00,154.902052
2018-02-18 06:00:00+00:00,173.90533200000002
2018-02-18 07:00:00+00:00,195.189348
2018-02-18 08:00:00+00:00,198.3272
2018-02-18 09:00:00+00:00,198.3426
2018-02-18 10:00:00+00:00,198.3384
2018-02-18 11:00:00+00:00,198.3216
2018-02-18 12:00:00+00:00,198.2894
2018-02-18 13:00:00+00:00,194.804464
2018-02-18 14:00:00+00:00,174.47758399999998
2018-02-18 15:00:00+00:00,153.25861
2018-02-18 16:00:00+00:00,126.66253
2018-02-18 17:00:00+00:00,100.55208400000001
2018-02-18 18:00:00+00:00,82.88007799999998
2018-02-18 19:00:00+00:00,72.65799200000001
2018-02-18 20:00:00+00:00,55.77470800000001
2018-02-18 21:00:00+00:00,51.15894599999999
2018-02-18 22:00:00+00:00,49.487567999999996
2018-02-18 23:00:00+00:00,37.234884
2018-02-19 00:00:00+00:00,28.972838
2018-02-19 01:00:00+00:00,16.846528
2018-02-19 02:00:00+00:00,10.037364000000002
2018-02-19 03:00:00+00:00,4.112644
2018-02-19 04:00:00+00:00,1.752104
2018-02-19 05:00:00+00:00,0.7508099999999999
2018-02-19 06:00:00+00:00,0.041999999999999996
2018-02-19 07:00:00+00:00,0.030799999999999998
2018-02-19 08:00:00+00:00,0.0196
2018-02-19 09:00:00+00:00,0.018199999999999997
2018-02-19 10:00:00+00:00,0.0224
2018-02-19 11:00:00+00:00,0.21716
2018-02-19 12:00:00+00:00,0.454482
2018-02-19 13:00:00+00:00,0.781128
2018-02-19 14:00:00+00:00,1.3123340000000001
2018-02-19 15:00:00+00:00,0.9895320000000002
2018-02-19 16:00:00+00:00,0.887252
2018-02-19 17:00:00+00:00,1.9272640000000003
2018-02-19 18:00:00+00:00,4.238448
2018-02-19 19:00:00+00:00,7.684718
2018-02-19 20:00:00+00:00,12.739468
2018-02-19 21:00:00+00:00,19.44526
2018-02-19 22:00:00+00:00,26.153188
2018-02-19 23:00:00+00:00,29.083137999999998
2018-02-20 00:00:00+00:00,30.611817999999996
2018-02-20 01:00:00+00:00,30.055262000000003
2018-02-20 02:00:00+00:00,26.002644
2018-02-20 03:00:00+00:00,21.517532
2018-02-20 04:00:00+00:00,19.576669999999996
2018-02-20 05:00:00+00:00,12.381039999999997
2018-02-20 06:00:00+00:00,3.29544
2018-02-20 07:00:00+00:00,2.1815599999999997
2018-02-20 08:00:00+00:00,3.4893620000000003
2018-02-20 09:00:00+00:00,6.321414000000001
2018-02-20 10:00:00+00:00,12.241934
2018-02-20 11:00:00+00:00,15.732522000000001
2018-02-20 12:00:00+00:00,16.134642
2018-02-20 13:00:00+00:00,15.771366
2018-02-20 14:00:00+00:00,14.465952
2018-02-20 15:00:00+00:00,10.475463999999999
2018-02-20 16:00:00+00:00,5.277122
2018-02-20 17:00:00+00:00,1.9013200000000001
2018-02-20 18:00:00+00:00,2.0139620000000003
2018-02-20 19:00:00+00:00,3.419488
2018-02-20 20:00:00+00:00,5.42645
2018-02-20 21:00:00+00:00,6.99573
2018-02-20 22:00:00+00:00,8.415612000000001
2018-02-20 23:00:00+00:00,9.77262
2018-02-21 00:00:00+00:00,8.310176
2018-02-21 01:00:00+00:00,7.238652
2018-02-21 02:00:00+00:00,6.552092
2018-02-21 03:00:00+00:00,4.590492
2018-02-21 04:00:00+00:00,2.337452
2018-02-21 05:00:00+00:00,1.640736
2018-02-21 06:00:00+00:00,4.029862
2018-02-21 07:00:00+00:00,22.888012000000003
2018-02-21 08:00:00+00:00,42.298194
2018-02-21 09:00:00+00:00,52.590416
2018-02-21 10:00:00+00:00,56.00601199999999
2018-02-21 11:00:00+00:00,43.468382000000005
2018-02-21 12:00:00+00:00,29.935976000000004
2018-02-21 13:00:00+00:00,32.369776
2018-02-21 14:00:00+00:00,18.774132
2018-02-21 15:00:00+00:00,11.133360000000001
2018-02-21 16:00:00+00:00,2.6818859999999995
2018-02-21 17:00:00+00:00,4.3993780000000005
2018-02-21 18:00:00+00:00,8.292474
2018-02-21 19:00:00+00:00,8.978677999999999
2018-02-21 20:00:00+00:00,6.487596
2018-02-21 21:00:00+00:00,7.6465060000000005
2018-02-21 22:00:00+00:00,9.334408
2018-02-21 23:00:00+00:00,6.917788000000001
2018-02-22 00:00:00+00:00,3.4369759999999996
2018-02-22 01:00:00+00:00,2.6799799999999996
2018-02-22 02:00:00+00:00,2.133856
2018-02-22 03:00:00+00:00,0.6547620000000001
2018-02-22 04:00:00+00:00,0.1288
2018-02-22 05:00:00+00:00,0.0686
2018-02-22 06:00:00+00:00,5.531324
2018-02-22 07:00:00+00:00,45.596482
2018-02-22 08:00:00+00:00,95.26891599999999
2018-02-22 09:00:00+00:00,118.64838
2018-02-22 10:00:00+00:00,121.78222199999999
2018-02-22 11:00:00+00:00,117.183678
2018-02-22 12:00:00+00:00,107.566064
2018-02-22 13:00:00+00:00,94.48343
2018-02-22 14:00:00+00:00,64.350628
2018-02-22 15:00:00+00:00,38.026818
2018-02-22 16:00:00+00:00,24.225023999999998
2018-02-22 17:00:00+00:00,9.119121999999999
2018-02-22 18:00:00+00:00,1.0003199999999999
2018-02-22 19:00:00+00:00,0.678964
2018-02-22 20:00:00+00:00,2.181698
2018-02-22 21:00:00+00:00,9.616081999999999
2018-02-22 22:00:00+00:00,21.650918
2018-02-22 23:00:00+00:00,27.913341999999997
2018-02-23 00:00:00+00:00,26.153510000000004
2018-02-23 01:00:00+00:00,22.362726
2018-02-23 02:00:00+00:00,16.862367999999996
2018-02-23 03:00:00+00:00,15.577313999999998
2018-02-23 04:00:00+00:00,23.49797
2018-02-23 05:00:00+00:00,19.592458
2018-02-23 06:00:00+00:00,22.816775999999997
2018-02-23 07:00:00+00:00,30.907877999999997
2018-02-23 08:00:00+00:00,42.99330400000001
2018-02-23 09:00:00+00:00,65.91445800000001
2018-02-23 10:00:00+00:00,81.77454
2018-02-23 11:00:00+00:00,83.43928199999999
2018-02-23 12:00:00+00:00,71.82521
2018-02-23 13:00:00+00:00,46.38080599999999
2018-02-23 14:00:00+00:00,21.57147
2018-02-23 15:00:00+00:00,13.89058
2018-02-23 16:00:00+00:00,11.804276
2018-02-23 17:00:00+00:00,11.983438
2018-02-23 18:00:00+00:00,16.125008
2018-02-23 19:00:00+00:00,24.405695999999995
2018-02-23 20:00:00+00:00,25.438097999999997
2018-02-23 21:00:00+00:00,20.648282
2018-02-23 22:00:00+00:00,12.010399999999999
2018-02-23 23:00:00+00:00,7.448073999999999
2018-02-24 00:00:00+00:00,9.477278
2018-02-24 01:00:00+00:00,14.740022
2018-02-24 02:00:00+00:00,19.850037999999998
2018-02-24 03:00:00+00:00,18.388132
2018-02-24 04:00:00+00:00,13.172379999999999
2018-02-24 05:00:00+00:00,9.746328
2018-02-24 06:00:00+00:00,14.204784
2018-02-24 07:00:00+00:00,20.131616
2018-02-24 08:00:00+00:00,27.526135999999997
2018-02-24 09:00:00+00:00,31.989630000000002
2018-02-24 10:00:00+00:00,36.90165
2018-02-24 11:00:00+00:00,45.676415999999996
2018-02-24 12:00:00+00:00,55.577155999999995
2018-02-24 13:00:00+00:00,58.29725399999999
2018-02-24 14:00:00+00:00,53.390983999999996
2018-02-24 15:00:00+00:00,49.592488
2018-02-24 16:00:00+00:00,28.535718000000003
2018-02-24 17:00:00+00:00,6.097403999999999
2018-02-24 18:00:00+00:00,0.68796
2018-02-24 19:00:00+00:00,0.731922
2018-02-24 20:00:00+00:00,3.155898
2018-02-24 21:00:00+00:00,9.255066
2018-02-24 22:00:00+00:00,15.372766
2018-02-24 23:00:00+00:00,20.45043
2018-02-25 00:00:00+00:00,26.117617999999997
2018-02-25 01:00:00+00:00,35.314294000000004
2018-02-25 02:00:00+00:00,47.374945999999994
2018-02-25 03:00:00+00:00,61.686676000000006
2018-02-25 04:00:00+00:00,83.331326
2018-02-25 05:00:00+00:00,88.029834
2018-02-25 06:00:00+00:00,68.745488
2018-02-25 07:00:00+00:00,125.18541
2018-02-25 08:00:00+00:00,173.414966
2018-02-25 09:00:00+00:00,196.11056
2018-02-25 10:00:00+00:00,198.1116
2018-02-25 11:00:00+00:00,198.113
2018-02-25 12:00:00+00:00,198.064
2018-02-25 13:00:00+00:00,192.375634
2018-02-25 14:00:00+00:00,172.940206
2018-02-25 15:00:00+00:00,117.042538
2018-02-25 16:00:00+00:00,71.42481199999999
2018-02-25 17:00:00+00:00,44.210152
2018-02-25 18:00:00+00:00,34.465612
2018-02-25 19:00:00+00:00,33.60481
2018-02-25 20:00:00+00:00,24.408252
2018-02-25 21:00:00+00:00,23.353022000000003
2018-02-25 22:00:00+00:00,21.038508
2018-02-25 23:00:00+00:00,16.362362
2018-02-26 00:00:00+00:00,22.912523999999998
2018-02-26 01:00:00+00:00,31.085926
2018-02-26 02:00:00+00:00,31.448125999999995
2018-02-26 03:00:00+00:00,28.368413999999998
2018-02-26 04:00:00+00:00,23.042844000000002
2018-02-26 05:00:00+00:00,15.546202000000001
2018-02-26 06:00:00+00:00,39.903262000000005
2018-02-26 07:00:00+00:00,84.267526
2018-02-26 08:00:00+00:00,124.18438400000001
2018-02-26 09:00:00+00:00,146.162636
2018-02-26 10:00:00+00:00,154.077146
2018-02-26 11:00:00+00:00,154.790156
2018-02-26 12:00:00+00:00,153.461378
2018-02-26 13:00:00+00:00,155.10008200000001
2018-02-26 14:00:00+00:00,152.178204
2018-02-26 15:00:00+00:00,140.35065799999998
2018-02-26 16:00:00+00:00,102.257636
2018-02-26 17:00:00+00:00,62.907402
2018-02-26 18:00:00+00:00,38.35691
2018-02-26 19:00:00+00:00,22.828212
2018-02-26 20:00:00+00:00,14.55144
2018-02-26 21:00:00+00:00,13.340936
2018-02-26 22:00:00+00:00,18.363082
2018-02-26 23:00:00+00:00,31.703386000000002
2018-02-27 00:00:00+00:00,51.859404
2018-02-27 01:00:00+00:00,54.730402
2018-02-27 02:00:00+00:00,64.991144
2018-02-27 03:00:00+00:00,70.722988
2018-02-27 04:00:00+00:00,48.448356000000004
2018-02-27 05:00:00+00:00,35.626856
2018-02-27 06:00:00+00:00,50.431676
2018-02-27 07:00:00+00:00,65.946682
2018-02-27 08:00:00+00:00,77.862404
2018-02-27 09:00:00+00:00,85.907438
2018-02-27 10:00:00+00:00,83.517932
2018-02-27 11:00:00+00:00,74.325566
2018-02-27 12:00:00+00:00,64.29619799999999
2018-02-27 13:00:00+00:00,48.653712000000006
2018-02-27 14:00:00+00:00,31.935502
2018-02-27 15:00:00+00:00,25.299353999999994
2018-02-27 16:00:00+00:00,19.39554
2018-02-27 17:00:00+00:00,11.489138
2018-02-27 18:00:00+00:00,5.57618
2018-02-27 19:00:00+00:00,2.9860059999999997
2018-02-27 20:00:00+00:00,2.5922859999999996
2018-02-27 21:00:00+00:00,3.2781339999999997
2018-02-27 22:00:00+00:00,5.595755999999999
2018-02-27 23:00:00+00:00,9.795430000000001
2018-02-28 00:00:00+00:00,16.822244
2018-02-28 01:00:00+00:00,29.429619999999996
2018-02-28 02:00:00+00:00,48.47022200000001
2018-02-28 03:00:00+00:00,64.862926
2018-02-28 04:00:00+00:00,75.09519399999999
2018-02-28 05:00:00+00:00,60.73138
2018-02-28 06:00:00+00:00,41.219091999999996
2018-02-28 07:00:00+00:00,23.151728
2018-02-28 08:00:00+00:00,14.480080000000001
2018-02-28 09:00:00+00:00,8.60966
2018-02-28 10:00:00+00:00,4.108848
2018-02-28 11:00:00+00:00,0.68796
2018-02-28 12:00:00+00:00,0.0
2018-02-28 13:00:00+00:00,2.15163
2018-02-28 14:00:00+00:00,8.691462000000001
2018-02-28 15:00:00+00:00,20.575743999999997
2018-02-28 16:00:00+00:00,23.357332
2018-02-28 17:00:00+00:00,19.14024
2018-02-28 18:00:00+00:00,12.94073
2018-02-28 19:00:00+00:00,8.331326
2018-02-28 20:00:00+00:00,8.801722
2018-02-28 21:00:00+00:00,11.776891999999998
2018-02-28 22:00:00+00:00,8.140394
2018-02-28 23:00:00+00:00,7.088802
2018-03-01 00:00:00+00:00,7.815811999999999
2018-03-01 01:00:00+00:00,5.08657
2018-03-01 02:00:00+00:00,2.4725399999999995
2018-03-01 03:00:00+00:00,3.403192
2018-03-01 04:00:00+00:00,9.074248
2018-03-01 05:00:00+00:00,10.53614
2018-03-01 06:00:00+00:00,3.9921880000000005
2018-03-01 07:00:00+00:00,0.31944
2018-03-01 08:00:00+00:00,0.0224
2018-03-01 09:00:00+00:00,0.020999999999999998
2018-03-01 10:00:00+00:00,1.9454640000000003
2018-03-01 11:00:00+00:00,5.42554
2018-03-01 12:00:00+00:00,6.911784
2018-03-01 13:00:00+00:00,6.829966
2018-03-01 14:00:00+00:00,8.099706
2018-03-01 15:00:00+00:00,11.349452000000001
2018-03-01 16:00:00+00:00,11.096604000000001
2018-03-01 17:00:00+00:00,9.54596
2018-03-01 18:00:00+00:00,8.484442000000001
2018-03-01 19:00:00+00:00,7.931168
2018-03-01 20:00:00+00:00,8.393544000000002
2018-03-01 21:00:00+00:00,9.950382
2018-03-01 22:00:00+00:00,11.796903999999998
2018-03-01 23:00:00+00:00,10.712067999999999
2018-03-02 00:00:00+00:00,6.940195999999999
2018-03-02 01:00:00+00:00,3.8562839999999996
2018-03-02 02:00:00+00:00,1.890302
2018-03-02 03:00:00+00:00,1.373096
2018-03-02 04:00:00+00:00,1.817422
2018-03-02 05:00:00+00:00,1.6487799999999997
2018-03-02 06:00:00+00:00,0.14484200000000003
2018-03-02 07:00:00+00:00,0.5525620000000001
2018-03-02 08:00:00+00:00,1.039806
2018-03-02 09:00:00+00:00,0.999688
2018-03-02 10:00:00+00:00,1.201092
2018-03-02 11:00:00+00:00,1.8841399999999997
2018-03-02 12:00:00+00:00,2.6223499999999995
2018-03-02 13:00:00+00:00,3.1579059999999997
2018-03-02 14:00:00+00:00,4.616988
2018-03-02 15:00:00+00:00,7.927552
2018-03-02 16:00:00+00:00,8.484394
2018-03-02 17:00:00+00:00,8.593192000000002
2018-03-02 18:00:00+00:00,10.105198
2018-03-02 19:00:00+00:00,18.139674
2018-03-02 20:00:00+00:00,32.272432
2018-03-02 21:00:00+00:00,43.648106
2018-03-02 22:00:00+00:00,45.620384
2018-03-02 23:00:00+00:00,38.430424
2018-03-03 00:00:00+00:00,26.156937999999997
2018-03-03 01:00:00+00:00,14.309752000000001
2018-03-03 02:00:00+00:00,7.770782
2018-03-03 03:00:00+00:00,5.890912
2018-03-03 04:00:00+00:00,5.385181999999999
2018-03-03 05:00:00+00:00,4.916218000000001
2018-03-03 06:00:00+00:00,3.228192
2018-03-03 07:00:00+00:00,8.189292
2018-03-03 08:00:00+00:00,13.692086
2018-03-03 09:00:00+00:00,18.50272
2018-03-03 10:00:00+00:00,21.630411999999996
2018-03-03 11:00:00+00:00,21.608874000000004
2018-03-03 12:00:00+00:00,19.603842000000004
2018-03-03 13:00:00+00:00,15.210040000000001
2018-03-03 14:00:00+00:00,11.488086000000003
2018-03-03 15:00:00+00:00,9.379199999999999
2018-03-03 16:00:00+00:00,5.02308
2018-03-03 17:00:00+00:00,3.3783259999999995
2018-03-03 18:00:00+00:00,4.6148299999999995
2018-03-03 19:00:00+00:00,7.233542
2018-03-03 20:00:00+00:00,10.516896
2018-03-03 21:00:00+00:00,14.132495999999998
2018-03-03 22:00:00+00:00,15.55551
2018-03-03 23:00:00+00:00,15.034103999999997
2018-03-04 00:00:00+00:00,14.516898000000001
2018-03-04 01:00:00+00:00,14.533341999999998
2018-03-04 02:00:00+00:00,14.827914
2018-03-04 03:00:00+00:00,15.244216
2018-03-04 04:00:00+00:00,17.686218
2018-03-04 05:00:00+00:00,15.967920000000001
2018-03-04 06:00:00+00:00,7.60657
2018-03-04 07:00:00+00:00,8.062832
2018-03-04 08:00:00+00:00,9.797953999999999
2018-03-04 09:00:00+00:00,11.470913999999999
2018-03-04 10:00:00+00:00,14.181235999999998
2018-03-04 11:00:00+00:00,18.659798
2018-03-04 12:00:00+00:00,21.596415999999998
2018-03-04 13:00:00+00:00,18.358217999999997
2018-03-04 14:00:00+00:00,12.256281999999999
2018-03-04 15:00:00+00:00,5.0530420000000005
2018-03-04 16:00:00+00:00,3.7135540000000002
2018-03-04 17:00:00+00:00,13.361462
2018-03-04 18:00:00+00:00,30.163007999999998
2018-03-04 19:00:00+00:00,48.225514
2018-03-04 20:00:00+00:00,69.250352
2018-03-04 21:00:00+00:00,88.093496
2018-03-04 22:00:00+00:00,96.56177799999999
2018-03-04 23:00:00+00:00,96.07225599999998
2018-03-05 00:00:00+00:00,91.81916
2018-03-05 01:00:00+00:00,92.469716
2018-03-05 02:00:00+00:00,95.33951400000001
2018-03-05 03:00:00+00:00,102.04670800000001
2018-03-05 04:00:00+00:00,106.40680000000002
2018-03-05 05:00:00+00:00,86.121682
2018-03-05 06:00:00+00:00,83.49722000000001
2018-03-05 07:00:00+00:00,148.382012
2018-03-05 08:00:00+00:00,159.91055200000002
2018-03-05 09:00:00+00:00,164.58049599999998
2018-03-05 10:00:00+00:00,162.593308
2018-03-05 11:00:00+00:00,157.574238
2018-03-05 12:00:00+00:00,146.149852
2018-03-05 13:00:00+00:00,111.73358799999998
2018-03-05 14:00:00+00:00,86.681836
2018-03-05 15:00:00+00:00,81.338872
2018-03-05 16:00:00+00:00,63.40803
2018-03-05 17:00:00+00:00,42.112364
2018-03-05 18:00:00+00:00,30.580117999999995
2018-03-05 19:00:00+00:00,42.347614
2018-03-05 20:00:00+00:00,63.9975
2018-03-05 21:00:00+00:00,84.48578599999999
2018-03-05 22:00:00+00:00,99.397956
2018-03-05 23:00:00+00:00,116.46126600000001
2018-03-06 00:00:00+00:00,130.138506
2018-03-06 01:00:00+00:00,133.5753
2018-03-06 02:00:00+00:00,136.38465000000002
2018-03-06 03:00:00+00:00,155.672966
2018-03-06 04:00:00+00:00,184.29577
2018-03-06 05:00:00+00:00,184.802964
2018-03-06 06:00:00+00:00,163.252442
2018-03-06 07:00:00+00:00,193.80293799999998
2018-03-06 08:00:00+00:00,198.1564
2018-03-06 09:00:00+00:00,198.1718
2018-03-06 10:00:00+00:00,198.1214
2018-03-06 11:00:00+00:00,198.0556
2018-03-06 12:00:00+00:00,197.66898799999998
2018-03-06 13:00:00+00:00,155.23384000000001
2018-03-06 14:00:00+00:00,101.355758
2018-03-06 15:00:00+00:00,59.645704
2018-03-06 16:00:00+00:00,29.269886
2018-03-06 17:00:00+00:00,11.95868
2018-03-06 18:00:00+00:00,13.127446
2018-03-06 19:00:00+00:00,23.112875999999996
2018-03-06 20:00:00+00:00,32.96642
2018-03-06 21:00:00+00:00,33.179404000000005
2018-03-06 22:00:00+00:00,28.069262
2018-03-06 23:00:00+00:00,22.302853999999996
2018-03-07 00:00:00+00:00,16.463416
2018-03-07 01:00:00+00:00,12.52446
2018-03-07 02:00:00+00:00,10.612777999999999
2018-03-07 03:00:00+00:00,10.649384
2018-03-07 04:00:00+00:00,11.674146
2018-03-07 05:00:00+00:00,7.651465999999999
2018-03-07 06:00:00+00:00,13.642928
2018-03-07 07:00:00+00:00,30.736168
2018-03-07 08:00:00+00:00,46.014050000000005
2018-03-07 09:00:00+00:00,61.01783
2018-03-07 10:00:00+00:00,68.943374
2018-03-07 11:00:00+00:00,70.42172399999998
2018-03-07 12:00:00+00:00,66.83249400000001
2018-03-07 13:00:00+00:00,56.415512
2018-03-07 14:00:00+00:00,30.519425999999996
2018-03-07 15:00:00+00:00,15.964204
2018-03-07 16:00:00+00:00,7.521842
2018-03-07 17:00:00+00:00,3.327364
2018-03-07 18:00:00+00:00,4.584362
2018-03-07 19:00:00+00:00,10.945498
2018-03-07 20:00:00+00:00,18.425758000000002
2018-03-07 21:00:00+00:00,23.182731999999998
2018-03-07 22:00:00+00:00,23.710163999999995
2018-03-07 23:00:00+00:00,24.390276000000004
2018-03-08 00:00:00+00:00,28.615631999999998
2018-03-08 01:00:00+00:00,37.995124
2018-03-08 02:00:00+00:00,54.2861
2018-03-08 03:00:00+00:00,76.74289200000001
2018-03-08 04:00:00+00:00,106.283552
2018-03-08 05:00:00+00:00,122.453244
2018-03-08 06:00:00+00:00,109.83408399999999
2018-03-08 07:00:00+00:00,105.748176
2018-03-08 08:00:00+00:00,141.185694
2018-03-08 09:00:00+00:00,159.265458
2018-03-08 10:00:00+00:00,170.97477
2018-03-08 11:00:00+00:00,173.669374
2018-03-08 12:00:00+00:00,185.847828
2018-03-08 13:00:00+00:00,144.558816
2018-03-08 14:00:00+00:00,89.177244
2018-03-08 15:00:00+00:00,66.761628
2018-03-08 16:00:00+00:00,48.777394
2018-03-08 17:00:00+00:00,46.589704000000005
2018-03-08 18:00:00+00:00,59.51323999999999
2018-03-08 19:00:00+00:00,59.92676599999999
2018-03-08 20:00:00+00:00,61.9067
2018-03-08 21:00:00+00:00,72.439194
2018-03-08 22:00:00+00:00,76.04554799999998
2018-03-08 23:00:00+00:00,75.002254
2018-03-09 00:00:00+00:00,67.00943
2018-03-09 01:00:00+00:00,62.432226
2018-03-09 02:00:00+00:00,62.767146
2018-03-09 03:00:00+00:00,65.82672
2018-03-09 04:00:00+00:00,59.113443999999994
2018-03-09 05:00:00+00:00,57.79364199999999
2018-03-09 06:00:00+00:00,96.91882799999999
2018-03-09 07:00:00+00:00,129.52508799999998
2018-03-09 08:00:00+00:00,147.70293
2018-03-09 09:00:00+00:00,157.89991199999997
2018-03-09 10:00:00+00:00,161.567804
2018-03-09 11:00:00+00:00,163.192508
2018-03-09 12:00:00+00:00,163.94256
2018-03-09 13:00:00+00:00,142.734786
2018-03-09 14:00:00+00:00,104.46676799999999
2018-03-09 15:00:00+00:00,82.11811
2018-03-09 16:00:00+00:00,65.71656399999999
2018-03-09 17:00:00+00:00,44.744862
2018-03-09 18:00:00+00:00,30.633650000000003
2018-03-09 19:00:00+00:00,25.635106
2018-03-09 20:00:00+00:00,23.513619999999996
2018-03-09 21:00:00+00:00,18.79738
2018-03-09 22:00:00+00:00,13.205419999999998
2018-03-09 23:00:00+00:00,9.371544
2018-03-10 00:00:00+00:00,5.704578
2018-03-10 01:00:00+00:00,2.769534
2018-03-10 02:00:00+00:00,1.879458
2018-03-10 03:00:00+00:00,2.302428
2018-03-10 04:00:00+00:00,2.778116
2018-03-10 05:00:00+00:00,0.24152200000000001
2018-03-10 06:00:00+00:00,0.0014
2018-03-10 07:00:00+00:00,0.28968400000000005
2018-03-10 08:00:00+00:00,4.787165999999999
2018-03-10 09:00:00+00:00,15.007782
2018-03-10 10:00:00+00:00,28.443143999999997
2018-03-10 11:00:00+00:00,37.688908000000005
2018-03-10 12:00:00+00:00,40.146657999999995
2018-03-10 13:00:00+00:00,40.517748
2018-03-10 14:00:00+00:00,43.436631999999996
2018-03-10 15:00:00+00:00,53.623552
2018-03-10 16:00:00+00:00,66.46166999999998
2018-03-10 17:00:00+00:00,55.291656
2018-03-10 18:00:00+00:00,36.053898000000004
2018-03-10 19:00:00+00:00,22.732444
2018-03-10 20:00:00+00:00,15.667219999999999
2018-03-10 21:00:00+00:00,12.830612
2018-03-10 22:00:00+00:00,11.073927999999999
2018-03-10 23:00:00+00:00,9.810444
2018-03-11 00:00:00+00:00,10.497004
2018-03-11 01:00:00+00:00,12.938847999999998
2018-03-11 02:00:00+00:00,15.526933999999999
2018-03-11 03:00:00+00:00,15.920297999999999
2018-03-11 04:00:00+00:00,11.764664
2018-03-11 05:00:00+00:00,7.664422
2018-03-11 06:00:00+00:00,2.490006
2018-03-11 07:00:00+00:00,0.09808
2018-03-11 08:00:00+00:00,0.0
2018-03-11 09:00:00+00:00,0.0
2018-03-11 10:00:00+00:00,0.14484200000000003
2018-03-11 11:00:00+00:00,0.683048
2018-03-11 12:00:00+00:00,3.5182320000000002
2018-03-11 13:00:00+00:00,8.471207999999999
2018-03-11 14:00:00+00:00,10.863204
2018-03-11 15:00:00+00:00,22.559258000000003
2018-03-11 16:00:00+00:00,30.136856
2018-03-11 17:00:00+00:00,28.416582000000002
2018-03-11 18:00:00+00:00,17.705645999999998
2018-03-11 19:00:00+00:00,9.358738
2018-03-11 20:00:00+00:00,6.499374
2018-03-11 21:00:00+00:00,5.613854
2018-03-11 22:00:00+00:00,5.214178
2018-03-11 23:00:00+00:00,4.730778
2018-03-12 00:00:00+00:00,5.260228
2018-03-12 01:00:00+00:00,6.068518
2018-03-12 02:00:00+00:00,6.886964
2018-03-12 03:00:00+00:00,7.7637279999999995
2018-03-12 04:00:00+00:00,7.0946799999999985
2018-03-12 05:00:00+00:00,1.5092059999999998
2018-03-12 06:00:00+00:00,0.731922
2018-03-12 07:00:00+00:00,1.4711999999999998
2018-03-12 08:00:00+00:00,0.9808
2018-03-12 09:00:00+00:00,0.39232
2018-03-12 10:00:00+00:00,0.39652
2018-03-12 11:00:00+00:00,0.40212
2018-03-12 12:00:00+00:00,1.71621
2018-03-12 13:00:00+00:00,5.421158
2018-03-12 14:00:00+00:00,10.407228
2018-03-12 15:00:00+00:00,18.1645
2018-03-12 16:00:00+00:00,14.924648
2018-03-12 17:00:00+00:00,12.580664000000002
2018-03-12 18:00:00+00:00,8.654768
2018-03-12 19:00:00+00:00,3.870814
2018-03-12 20:00:00+00:00,1.027562
2018-03-12 21:00:00+00:00,0.19616
2018-03-12 22:00:00+00:00,0.09808
2018-03-12 23:00:00+00:00,0.0
2018-03-13 00:00:00+00:00,0.19616
2018-03-13 01:00:00+00:00,0.6865600000000001
2018-03-13 02:00:00+00:00,1.418482
2018-03-13 03:00:00+00:00,1.125642
2018-03-13 04:00:00+00:00,0.346602
2018-03-13 05:00:00+00:00,0.0028
2018-03-13 06:00:00+00:00,0.0
2018-03-13 07:00:00+00:00,0.09808
2018-03-13 08:00:00+00:00,0.58988
2018-03-13 09:00:00+00:00,2.210122
2018-03-13 10:00:00+00:00,13.341663999999998
2018-03-13 11:00:00+00:00,30.230833999999998
2018-03-13 12:00:00+00:00,36.787782
2018-03-13 13:00:00+00:00,35.102008000000005
2018-03-13 14:00:00+00:00,28.602957999999997
2018-03-13 15:00:00+00:00,23.734819999999996
2018-03-13 16:00:00+00:00,17.967574
2018-03-13 17:00:00+00:00,13.116728
2018-03-13 18:00:00+00:00,9.374162
2018-03-13 19:00:00+00:00,5.78672
2018-03-13 20:00:00+00:00,3.23664
2018-03-13 21:00:00+00:00,1.67016
2018-03-13 22:00:00+00:00,1.227922
2018-03-13 23:00:00+00:00,1.129842
2018-03-14 00:00:00+00:00,0.9336820000000001
2018-03-14 01:00:00+00:00,0.936482
2018-03-14 02:00:00+00:00,1.138242
2018-03-14 03:00:00+00:00,0.8566020000000001
2018-03-14 04:00:00+00:00,0.395602
2018-03-14 05:00:00+00:00,0.161642
2018-03-14 06:00:00+00:00,0.17284200000000002
2018-03-14 07:00:00+00:00,1.607894
2018-03-14 08:00:00+00:00,9.220364
2018-03-14 09:00:00+00:00,22.04085
2018-03-14 10:00:00+00:00,35.67295599999999
2018-03-14 11:00:00+00:00,46.49284
2018-03-14 12:00:00+00:00,50.383965999999994
2018-03-14 13:00:00+00:00,49.848616
2018-03-14 14:00:00+00:00,45.011723999999994
2018-03-14 15:00:00+00:00,48.960062
2018-03-14 16:00:00+00:00,42.663588000000004
2018-03-14 17:00:00+00:00,23.314794000000003
2018-03-14 18:00:00+00:00,11.80725
2018-03-14 19:00:00+00:00,5.824726
2018-03-14 20:00:00+00:00,2.248484
2018-03-14 21:00:00+00:00,0.8314020000000001
2018-03-14 22:00:00+00:00,0.4918
2018-03-14 23:00:00+00:00,0.59128
2018-03-15 00:00:00+00:00,0.19896
2018-03-15 01:00:00+00:00,0.0014
2018-03-15 02:00:00+00:00,0.0014
2018-03-15 03:00:00+00:00,0.0014
2018-03-15 04:00:00+00:00,0.09948
2018-03-15 05:00:00+00:00,0.19616
2018-03-15 06:00:00+00:00,0.19756
2018-03-15 07:00:00+00:00,4.097292
2018-03-15 08:00:00+00:00,24.601256
2018-03-15 09:00:00+00:00,48.619094000000004
2018-03-15 10:00:00+00:00,55.214966000000004
2018-03-15 11:00:00+00:00,66.39584799999999
2018-03-15 12:00:00+00:00,148.976336
2018-03-15 13:00:00+00:00,197.0294
2018-03-15 14:00:00+00:00,181.01816799999997
2018-03-15 15:00:00+00:00,84.250818
2018-03-15 16:00:00+00:00,44.26794
2018-03-15 17:00:00+00:00,26.306724
2018-03-15 18:00:00+00:00,24.095408
2018-03-15 19:00:00+00:00,22.788168
2018-03-15 20:00:00+00:00,20.827984
2018-03-15 21:00:00+00:00,12.565273999999999
2018-03-15 22:00:00+00:00,7.765483999999999
2018-03-15 23:00:00+00:00,13.417344
2018-03-16 00:00:00+00:00,18.795806
2018-03-16 01:00:00+00:00,16.381985999999998
2018-03-16 02:00:00+00:00,12.288894
2018-03-16 03:00:00+00:00,13.58529
2018-03-16 04:00:00+00:00,12.351206000000001
2018-03-16 05:00:00+00:00,10.599535999999999
2018-03-16 06:00:00+00:00,19.686386
2018-03-16 07:00:00+00:00,30.997208
2018-03-16 08:00:00+00:00,48.38879200000001
2018-03-16 09:00:00+00:00,70.895762
2018-03-16 10:00:00+00:00,90.04265399999998
2018-03-16 11:00:00+00:00,97.70972599999999
2018-03-16 12:00:00+00:00,93.899904
2018-03-16 13:00:00+00:00,85.523928
2018-03-16 14:00:00+00:00,73.7779
2018-03-16 15:00:00+00:00,71.53384600000001
2018-03-16 16:00:00+00:00,65.535914
2018-03-16 17:00:00+00:00,48.347284
2018-03-16 18:00:00+00:00,33.646778000000005
2018-03-16 19:00:00+00:00,20.84548
2018-03-16 20:00:00+00:00,11.663808
2018-03-16 21:00:00+00:00,7.698402
2018-03-16 22:00:00+00:00,5.8862
2018-03-16 23:00:00+00:00,4.31692
2018-03-17 00:00:00+00:00,2.36092
2018-03-17 01:00:00+00:00,1.143842
2018-03-17 02:00:00+00:00,0.9599260000000001
2018-03-17 03:00:00+00:00,2.4213020000000003
2018-03-17 04:00:00+00:00,7.212873999999999
2018-03-17 05:00:00+00:00,4.593118
2018-03-17 06:00:00+00:00,1.9395319999999998
2018-03-17 07:00:00+00:00,0.28688400000000003
2018-03-17 08:00:00+00:00,0.14344200000000001
2018-03-17 09:00:00+00:00,0.0
2018-03-17 10:00:00+00:00,0.146242
2018-03-17 11:00:00+00:00,1.4400199999999999
2018-03-17 12:00:00+00:00,4.608344000000001
2018-03-17 13:00:00+00:00,7.383098000000001
2018-03-17 14:00:00+00:00,15.652015999999998
2018-03-17 15:00:00+00:00,31.495043999999996
2018-03-17 16:00:00+00:00,37.726724
2018-03-17 17:00:00+00:00,41.255199999999995
2018-03-17 18:00:00+00:00,58.246523999999994
2018-03-17 19:00:00+00:00,70.631038
2018-03-17 20:00:00+00:00,86.383096
2018-03-17 21:00:00+00:00,115.813888
2018-03-17 22:00:00+00:00,150.62425
2018-03-17 23:00:00+00:00,177.053202
2018-03-18 00:00:00+00:00,188.39872
2018-03-18 01:00:00+00:00,193.22004
2018-03-18 02:00:00+00:00,194.14204
2018-03-18 03:00:00+00:00,193.04356
2018-03-18 04:00:00+00:00,188.57824
2018-03-18 05:00:00+00:00,173.85948
2018-03-18 06:00:00+00:00,185.14536600000002
2018-03-18 07:00:00+00:00,183.422422
2018-03-18 08:00:00+00:00,155.36785600000002
2018-03-18 09:00:00+00:00,126.957806
2018-03-18 10:00:00+00:00,100.63773799999998
2018-03-18 11:00:00+00:00,85.530832
2018-03-18 12:00:00+00:00,78.504706
2018-03-18 13:00:00+00:00,64.1272
2018-03-18 14:00:00+00:00,38.056825999999994
2018-03-18 15:00:00+00:00,34.364224
2018-03-18 16:00:00+00:00,56.263760000000005
2018-03-18 17:00:00+00:00,97.79755999999999
2018-03-18 18:00:00+00:00,138.01972400000002
2018-03-18 19:00:00+00:00,152.4438
2018-03-18 20:00:00+00:00,149.90212
2018-03-18 21:00:00+00:00,148.63128
2018-03-18 22:00:00+00:00,146.17788000000002
2018-03-18 23:00:00+00:00,141.771458
2018-03-19 00:00:00+00:00,130.75535
2018-03-19 01:00:00+00:00,120.06639399999997
2018-03-19 02:00:00+00:00,107.96877999999998
2018-03-19 03:00:00+00:00,92.65572399999999
2018-03-19 04:00:00+00:00,71.175992
2018-03-19 05:00:00+00:00,33.947207999999996
2018-03-19 06:00:00+00:00,8.325296
2018-03-19 07:00:00+00:00,5.1189659999999995
2018-03-19 08:00:00+00:00,4.5171280000000005
2018-03-19 09:00:00+00:00,4.946972
2018-03-19 10:00:00+00:00,6.328698000000001
2018-03-19 11:00:00+00:00,9.476908
2018-03-19 12:00:00+00:00,12.709704
2018-03-19 13:00:00+00:00,14.315764
2018-03-19 14:00:00+00:00,14.056572000000001
2018-03-19 15:00:00+00:00,10.757082000000002
2018-03-19 16:00:00+00:00,8.9904
2018-03-19 17:00:00+00:00,23.953776
2018-03-19 18:00:00+00:00,49.986641999999996
2018-03-19 19:00:00+00:00,69.13412
2018-03-19 20:00:00+00:00,77.441678
2018-03-19 21:00:00+00:00,70.544162
2018-03-19 22:00:00+00:00,52.61063000000001
2018-03-19 23:00:00+00:00,34.985085999999995
2018-03-20 00:00:00+00:00,23.16201
2018-03-20 01:00:00+00:00,13.39855
2018-03-20 02:00:00+00:00,8.31417
2018-03-20 03:00:00+00:00,5.755002000000001
2018-03-20 04:00:00+00:00,3.54208
2018-03-20 05:00:00+00:00,0.9892
2018-03-20 06:00:00+00:00,1.166242
2018-03-20 07:00:00+00:00,5.346971999999999
2018-03-20 08:00:00+00:00,17.545195999999997
2018-03-20 09:00:00+00:00,36.062066
2018-03-20 10:00:00+00:00,58.886112
2018-03-20 11:00:00+00:00,68.121926
2018-03-20 12:00:00+00:00,65.821254
2018-03-20 13:00:00+00:00,62.51792
2018-03-20 14:00:00+00:00,51.16334199999999
2018-03-20 15:00:00+00:00,56.32046
2018-03-20 16:00:00+00:00,60.784698
2018-03-20 17:00:00+00:00,47.948209999999996
2018-03-20 18:00:00+00:00,32.422408
2018-03-20 19:00:00+00:00,23.05247
2018-03-20 20:00:00+00:00,15.364224000000002
2018-03-20 21:00:00+00:00,11.125934
2018-03-20 22:00:00+00:00,10.615728
2018-03-20 23:00:00+00:00,10.635328
2018-03-21 00:00:00+00:00,10.732696
2018-03-21 01:00:00+00:00,15.689928
2018-03-21 02:00:00+00:00,29.350882
2018-03-21 03:00:00+00:00,43.301520000000004
2018-03-21 04:00:00+00:00,51.381358000000006
2018-03-21 05:00:00+00:00,36.072906
2018-03-21 06:00:00+00:00,49.614439999999995
2018-03-21 07:00:00+00:00,53.990516
2018-03-21 08:00:00+00:00,33.99781
2018-03-21 09:00:00+00:00,20.237906
2018-03-21 10:00:00+00:00,11.041663999999999
2018-03-21 11:00:00+00:00,6.163188000000001
2018-03-21 12:00:00+00:00,6.721325999999999
2018-03-21 13:00:00+00:00,11.775395999999999
2018-03-21 14:00:00+00:00,22.309836
2018-03-21 15:00:00+00:00,45.44515
2018-03-21 16:00:00+00:00,68.755618
2018-03-21 17:00:00+00:00,84.03255999999999
2018-03-21 18:00:00+00:00,91.49288200000001
2018-03-21 19:00:00+00:00,93.969474
2018-03-21 20:00:00+00:00,99.91944999999998
2018-03-21 21:00:00+00:00,108.06008200000001
2018-03-21 22:00:00+00:00,115.839732
2018-03-21 23:00:00+00:00,125.859798
2018-03-22 00:00:00+00:00,133.71647199999998
2018-03-22 01:00:00+00:00,139.65476399999997
2018-03-22 02:00:00+00:00,146.923464
2018-03-22 03:00:00+00:00,154.466046
2018-03-22 04:00:00+00:00,155.36253000000002
2018-03-22 05:00:00+00:00,113.14624199999999
2018-03-22 06:00:00+00:00,71.62761800000001
2018-03-22 07:00:00+00:00,61.080529999999996
2018-03-22 08:00:00+00:00,42.584216
2018-03-22 09:00:00+00:00,29.487024
2018-03-22 10:00:00+00:00,18.20099
2018-03-22 11:00:00+00:00,12.243508
2018-03-22 12:00:00+00:00,10.393656
2018-03-22 13:00:00+00:00,8.442212000000001
2018-03-22 14:00:00+00:00,7.483661999999999
2018-03-22 15:00:00+00:00,7.785945999999999
2018-03-22 16:00:00+00:00,5.067088
2018-03-22 17:00:00+00:00,4.943614
2018-03-22 18:00:00+00:00,17.85233
2018-03-22 19:00:00+00:00,60.74121799999999
2018-03-22 20:00:00+00:00,114.227786
2018-03-22 21:00:00+00:00,139.05724
2018-03-22 22:00:00+00:00,137.59864
2018-03-22 23:00:00+00:00,132.07816
2018-03-23 00:00:00+00:00,128.55288
2018-03-23 01:00:00+00:00,129.51688000000001
2018-03-23 02:00:00+00:00,128.623304
2018-03-23 03:00:00+00:00,131.552424
2018-03-23 04:00:00+00:00,142.31278200000003
2018-03-23 05:00:00+00:00,131.071804
2018-03-23 06:00:00+00:00,106.761608
2018-03-23 07:00:00+00:00,131.89701199999996
2018-03-23 08:00:00+00:00,145.657272
2018-03-23 09:00:00+00:00,144.119646
2018-03-23 10:00:00+00:00,135.896864
2018-03-23 11:00:00+00:00,121.00723
2018-03-23 12:00:00+00:00,102.74041799999999
2018-03-23 13:00:00+00:00,94.93183599999999
2018-03-23 14:00:00+00:00,116.72211999999999
2018-03-23 15:00:00+00:00,149.22880599999996
2018-03-23 16:00:00+00:00,152.448558
2018-03-23 17:00:00+00:00,151.368782
2018-03-23 18:00:00+00:00,164.18581
2018-03-23 19:00:00+00:00,182.74865799999998
2018-03-23 20:00:00+00:00,193.26616
2018-03-23 21:00:00+00:00,198.0206
2018-03-23 22:00:00+00:00,197.9366
2018-03-23 23:00:00+00:00,197.812
2018-03-24 00:00:00+00:00,197.7014
2018-03-24 01:00:00+00:00,170.451934
2018-03-24 02:00:00+00:00,138.12772600000002
2018-03-24 03:00:00+00:00,126.009998
2018-03-24 04:00:00+00:00,90.25656
2018-03-24 05:00:00+00:00,81.19149999999999
2018-03-24 06:00:00+00:00,127.02045
2018-03-24 07:00:00+00:00,149.31351800000002
2018-03-24 08:00:00+00:00,160.665794
2018-03-24 09:00:00+00:00,167.234084
2018-03-24 10:00:00+00:00,167.54476799999998
2018-03-24 11:00:00+00:00,162.511698
2018-03-24 12:00:00+00:00,143.59188
2018-03-24 13:00:00+00:00,117.68125599999999
2018-03-24 14:00:00+00:00,97.021528
2018-03-24 15:00:00+00:00,75.85063799999999
2018-03-24 16:00:00+00:00,57.33698
2018-03-24 17:00:00+00:00,42.312026
2018-03-24 18:00:00+00:00,29.09978
2018-03-24 19:00:00+00:00,20.235310000000002
2018-03-24 20:00:00+00:00,16.861746
2018-03-24 21:00:00+00:00,15.312477999999999
2018-03-24 22:00:00+00:00,15.006887999999996
2018-03-24 23:00:00+00:00,15.093079999999999
2018-03-25 00:00:00+00:00,14.524936
2018-03-25 01:00:00+00:00,13.118722000000002
2018-03-25 02:00:00+00:00,11.555398
2018-03-25 03:00:00+00:00,11.444006000000002
2018-03-25 04:00:00+00:00,12.891381999999998
2018-03-25 05:00:00+00:00,14.507606
2018-03-25 06:00:00+00:00,9.586268
2018-03-25 07:00:00+00:00,4.151236
2018-03-25 08:00:00+00:00,0.7172099999999999
2018-03-25 09:00:00+00:00,0.0
2018-03-25 10:00:00+00:00,0.0042
2018-03-25 11:00:00+00:00,0.013999999999999999
2018-03-25 12:00:00+00:00,0.562006
2018-03-25 13:00:00+00:00,9.833168
2018-03-25 14:00:00+00:00,18.474324
2018-03-25 15:00:00+00:00,31.073971999999998
2018-03-25 16:00:00+00:00,29.856165999999998
2018-03-25 17:00:00+00:00,23.247434
2018-03-25 18:00:00+00:00,20.37585
2018-03-25 19:00:00+00:00,21.622533999999998
2018-03-25 20:00:00+00:00,25.986042
2018-03-25 21:00:00+00:00,36.731908
2018-03-25 22:00:00+00:00,59.248734
2018-03-25 23:00:00+00:00,88.761756
2018-03-26 00:00:00+00:00,115.559314
2018-03-26 01:00:00+00:00,139.98388999999997
2018-03-26 02:00:00+00:00,162.806766
2018-03-26 03:00:00+00:00,177.797638
2018-03-26 04:00:00+00:00,172.07324800000004
2018-03-26 05:00:00+00:00,136.14393599999997
2018-03-26 06:00:00+00:00,141.97697599999998
2018-03-26 07:00:00+00:00,117.319016
2018-03-26 08:00:00+00:00,80.266678
2018-03-26 09:00:00+00:00,70.006442
2018-03-26 10:00:00+00:00,60.761508
2018-03-26 11:00:00+00:00,47.369008
2018-03-26 12:00:00+00:00,38.392758
2018-03-26 13:00:00+00:00,35.964638
2018-03-26 14:00:00+00:00,35.955582
2018-03-26 15:00:00+00:00,30.385326
2018-03-26 16:00:00+00:00,13.538480000000002
2018-03-26 17:00:00+00:00,3.1964419999999993
2018-03-26 18:00:00+00:00,1.5126140000000001
2018-03-26 19:00:00+00:00,5.907666
2018-03-26 20:00:00+00:00,8.152131999999998
2018-03-26 21:00:00+00:00,7.50709
2018-03-26 22:00:00+00:00,5.843748
2018-03-26 23:00:00+00:00,4.120482
2018-03-27 00:00:00+00:00,3.0484199999999997
2018-03-27 01:00:00+00:00,3.0079699999999994
2018-03-27 02:00:00+00:00,3.8397280000000005
2018-03-27 03:00:00+00:00,3.263848
2018-03-27 04:00:00+00:00,2.244892
2018-03-27 05:00:00+00:00,1.272928
2018-03-27 06:00:00+00:00,2.2938460000000003
2018-03-27 07:00:00+00:00,6.416005999999999
2018-03-27 08:00:00+00:00,12.304649999999999
2018-03-27 09:00:00+00:00,21.20155
2018-03-27 10:00:00+00:00,34.319916
2018-03-27 11:00:00+00:00,45.067023999999996
2018-03-27 12:00:00+00:00,41.617574
2018-03-27 13:00:00+00:00,21.369812
2018-03-27 14:00:00+00:00,9.729415999999999
2018-03-27 15:00:00+00:00,6.023526
2018-03-27 16:00:00+00:00,8.686454
2018-03-27 17:00:00+00:00,19.143784
2018-03-27 18:00:00+00:00,33.082898
2018-03-27 19:00:00+00:00,45.250512
2018-03-27 20:00:00+00:00,45.79584199999999
2018-03-27 21:00:00+00:00,39.406687999999995
2018-03-27 22:00:00+00:00,39.49414399999999
2018-03-27 23:00:00+00:00,73.551474
2018-03-28 00:00:00+00:00,117.76113
2018-03-28 01:00:00+00:00,96.446694
2018-03-28 02:00:00+00:00,41.403268
2018-03-28 03:00:00+00:00,44.650092
2018-03-28 04:00:00+00:00,28.633893999999998
2018-03-28 05:00:00+00:00,25.215291999999998
2018-03-28 06:00:00+00:00,14.646451999999998
2018-03-28 07:00:00+00:00,33.44119
2018-03-28 08:00:00+00:00,93.327622
2018-03-28 09:00:00+00:00,112.751092
2018-03-28 10:00:00+00:00,123.658284
2018-03-28 11:00:00+00:00,131.923962
2018-03-28 12:00:00+00:00,130.653226
2018-03-28 13:00:00+00:00,126.075682
2018-03-28 14:00:00+00:00,148.894276
2018-03-28 15:00:00+00:00,158.507922
2018-03-28 16:00:00+00:00,152.69971600000002
2018-03-28 17:00:00+00:00,190.455762
2018-03-28 18:00:00+00:00,198.2502
2018-03-28 19:00:00+00:00,198.232
2018-03-28 20:00:00+00:00,198.2726
2018-03-28 21:00:00+00:00,198.3356
2018-03-28 22:00:00+00:00,198.26
2018-03-28 23:00:00+00:00,195.8428
2018-03-29 00:00:00+00:00,153.03978600000002
2018-03-29 01:00:00+00:00,126.02947400000001
2018-03-29 02:00:00+00:00,101.30358599999998
2018-03-29 03:00:00+00:00,92.621908
2018-03-29 04:00:00+00:00,152.71672400000003
2018-03-29 05:00:00+00:00,178.924344
2018-03-29 06:00:00+00:00,172.56255399999998
2018-03-29 07:00:00+00:00,166.174106
2018-03-29 08:00:00+00:00,166.928358
2018-03-29 09:00:00+00:00,179.577854
2018-03-29 10:00:00+00:00,191.165214
2018-03-29 11:00:00+00:00,197.82794599999997
2018-03-29 12:00:00+00:00,198.2306
2018-03-29 13:00:00+00:00,198.2068
2018-03-29 14:00:00+00:00,198.1382
2018-03-29 15:00:00+00:00,184.86625
2018-03-29 16:00:00+00:00,174.91263600000002
2018-03-29 17:00:00+00:00,167.31225200000003
2018-03-29 18:00:00+00:00,140.46669200000002
2018-03-29 19:00:00+00:00,104.106292
2018-03-29 20:00:00+00:00,101.04443200000001
2018-03-29 21:00:00+00:00,100.441896
2018-03-29 22:00:00+00:00,94.84463600000001
2018-03-29 23:00:00+00:00,89.694202
2018-03-30 00:00:00+00:00,75.36522
2018-03-30 01:00:00+00:00,70.586406
2018-03-30 02:00:00+00:00,68.02581399999998
2018-03-30 03:00:00+00:00,66.232168
2018-03-30 04:00:00+00:00,77.33049
2018-03-30 05:00:00+00:00,110.07397399999999
2018-03-30 06:00:00+00:00,119.84998600000002
2018-03-30 07:00:00+00:00,114.998546
2018-03-30 08:00:00+00:00,102.11784999999999
2018-03-30 09:00:00+00:00,87.536676
2018-03-30 10:00:00+00:00,78.91807800000001
2018-03-30 11:00:00+00:00,79.30694199999999
2018-03-30 12:00:00+00:00,84.233224
2018-03-30 13:00:00+00:00,81.23690399999998
2018-03-30 14:00:00+00:00,67.48003
2018-03-30 15:00:00+00:00,56.688274
2018-03-30 16:00:00+00:00,56.47211200000001
2018-03-30 17:00:00+00:00,49.289738
2018-03-30 18:00:00+00:00,37.420184000000006
2018-03-30 19:00:00+00:00,24.255452
2018-03-30 20:00:00+00:00,16.021154
2018-03-30 21:00:00+00:00,10.898412
2018-03-30 22:00:00+00:00,8.39405
2018-03-30 23:00:00+00:00,7.652328
2018-03-31 00:00:00+00:00,7.790169999999999
2018-03-31 01:00:00+00:00,8.659934
2018-03-31 02:00:00+00:00,11.576066
2018-03-31 03:00:00+00:00,16.374456
2018-03-31 04:00:00+00:00,20.910656
2018-03-31 05:00:00+00:00,22.66874
2018-03-31 06:00:00+00:00,16.156228000000002
2018-03-31 07:00:00+00:00,7.847626
2018-03-31 08:00:00+00:00,2.738884
2018-03-31 09:00:00+00:00,1.0788799999999998
2018-03-31 10:00:00+00:00,0.58848
2018-03-31 11:00:00+00:00,0.29424
2018-03-31 12:00:00+00:00,0.0
2018-03-31 13:00:00+00:00,2.16003
2018-03-31 14:00:00+00:00,9.803056
2018-03-31 15:00:00+00:00,23.22883
2018-03-31 16:00:00+00:00,34.999244
2018-03-31 17:00:00+00:00,42.975134
2018-03-31 18:00:00+00:00,51.76466
2018-03-31 19:00:00+00:00,62.20380399999999
2018-03-31 20:00:00+00:00,63.693986
2018-03-31 21:00:00+00:00,64.155618
2018-03-31 22:00:00+00:00,64.557026
2018-03-31 23:00:00+00:00,69.79824599999999
2018-04-01 00:00:00+00:00,107.249334
2018-04-01 01:00:00+00:00,134.754724
2018-04-01 02:00:00+00:00,160.683762
2018-04-01 03:00:00+00:00,164.95426799999998
2018-04-01 04:00:00+00:00,147.13664599999998
2018-04-01 05:00:00+00:00,97.692068
2018-04-01 06:00:00+00:00,89.54658
2018-04-01 07:00:00+00:00,49.201626
2018-04-01 08:00:00+00:00,22.377648
2018-04-01 09:00:00+00:00,10.381768
2018-04-01 10:00:00+00:00,3.4328000000000003
2018-04-01 11:00:00+00:00,1.064168
2018-04-01 12:00:00+00:00,0.5737680000000001
2018-04-01 13:00:00+00:00,1.005494
2018-04-01 14:00:00+00:00,6.878365999999999
2018-04-01 15:00:00+00:00,18.50003
2018-04-01 16:00:00+00:00,23.667208000000002
2018-04-01 17:00:00+00:00,22.520938
2018-04-01 18:00:00+00:00,19.700846000000002
2018-04-01 19:00:00+00:00,20.37903
2018-04-01 20:00:00+00:00,23.077796
2018-04-01 21:00:00+00:00,29.443835999999997
2018-04-01 22:00:00+00:00,46.145436000000004
2018-04-01 23:00:00+00:00,73.304682
2018-04-02 00:00:00+00:00,103.2217
2018-04-02 01:00:00+00:00,127.85007000000002
2018-04-02 02:00:00+00:00,144.633456
2018-04-02 03:00:00+00:00,152.33072600000003
2018-04-02 04:00:00+00:00,125.10570399999999
2018-04-02 05:00:00+00:00,54.28194799999999
2018-04-02 06:00:00+00:00,16.282798
2018-04-02 07:00:00+00:00,5.130912
2018-04-02 08:00:00+00:00,2.379934
2018-04-02 09:00:00+00:00,1.19353
2018-04-02 10:00:00+00:00,1.314216
2018-04-02 11:00:00+00:00,1.796904
2018-04-02 12:00:00+00:00,2.740156
2018-04-02 13:00:00+00:00,6.613079999999999
2018-04-02 14:00:00+00:00,16.656423999999998
2018-04-02 15:00:00+00:00,42.899476
2018-04-02 16:00:00+00:00,63.228320000000004
2018-04-02 17:00:00+00:00,48.408955999999996
2018-04-02 18:00:00+00:00,30.289848000000003
2018-04-02 19:00:00+00:00,19.168288000000004
2018-04-02 20:00:00+00:00,12.873324
2018-04-02 21:00:00+00:00,7.3574
2018-04-02 22:00:00+00:00,3.14696
2018-04-02 23:00:00+00:00,1.23996
2018-04-03 00:00:00+00:00,0.5548
2018-04-03 01:00:00+00:00,0.660442
2018-04-03 02:00:00+00:00,0.79024
2018-04-03 03:00:00+00:00,1.0816799999999998
2018-04-03 04:00:00+00:00,0.88832
2018-04-03 05:00:00+00:00,0.39512
2018-04-03 06:00:00+00:00,0.539962
2018-04-03 07:00:00+00:00,0.10368
2018-04-03 08:00:00+00:00,0.0112
2018-04-03 09:00:00+00:00,0.171442
2018-04-03 10:00:00+00:00,1.7717040000000002
2018-04-03 11:00:00+00:00,19.137804
2018-04-03 12:00:00+00:00,40.974604
2018-04-03 13:00:00+00:00,60.022436
2018-04-03 14:00:00+00:00,66.03349
2018-04-03 15:00:00+00:00,59.224246
2018-04-03 16:00:00+00:00,44.129535999999995
2018-04-03 17:00:00+00:00,45.945083999999994
2018-04-03 18:00:00+00:00,42.133988
2018-04-03 19:00:00+00:00,23.396532
2018-04-03 20:00:00+00:00,22.511210000000002
2018-04-03 21:00:00+00:00,22.039917999999997
2018-04-03 22:00:00+00:00,20.016788
2018-04-03 23:00:00+00:00,16.769660000000002
2018-04-04 00:00:00+00:00,14.467334000000001
2018-04-04 01:00:00+00:00,13.816737999999999
2018-04-04 02:00:00+00:00,15.616362
2018-04-04 03:00:00+00:00,24.941666
2018-04-04 04:00:00+00:00,32.077202
2018-04-04 05:00:00+00:00,33.16876
2018-04-04 06:00:00+00:00,36.635366
2018-04-04 07:00:00+00:00,23.954036
2018-04-04 08:00:00+00:00,14.407682000000001
2018-04-04 09:00:00+00:00,10.467374
2018-04-04 10:00:00+00:00,7.798214000000001
2018-04-04 11:00:00+00:00,6.694821999999999
2018-04-04 12:00:00+00:00,9.963338
2018-04-04 13:00:00+00:00,20.056276
2018-04-04 14:00:00+00:00,35.678228000000004
2018-04-04 15:00:00+00:00,55.682415999999996
2018-04-04 16:00:00+00:00,67.475054
2018-04-04 17:00:00+00:00,84.311916
2018-04-04 18:00:00+00:00,120.73139200000001
2018-04-04 19:00:00+00:00,155.31336400000004
2018-04-04 20:00:00+00:00,177.36704000000003
2018-04-04 21:00:00+00:00,186.81536
2018-04-04 22:00:00+00:00,189.82364
2018-04-04 23:00:00+00:00,186.18908
2018-04-05 00:00:00+00:00,183.04632
2018-04-05 01:00:00+00:00,180.6798
2018-04-05 02:00:00+00:00,174.348558
2018-04-05 03:00:00+00:00,168.89323
2018-04-05 04:00:00+00:00,152.105164
2018-04-05 05:00:00+00:00,131.488498
2018-04-05 06:00:00+00:00,118.730474
2018-04-05 07:00:00+00:00,90.05685800000002
2018-04-05 08:00:00+00:00,67.634742
2018-04-05 09:00:00+00:00,56.240298
2018-04-05 10:00:00+00:00,38.986974
2018-04-05 11:00:00+00:00,16.271456
2018-04-05 12:00:00+00:00,4.02665
2018-04-05 13:00:00+00:00,6.468754
2018-04-05 14:00:00+00:00,24.566664
2018-04-05 15:00:00+00:00,33.184025999999996
2018-04-05 16:00:00+00:00,28.372996
2018-04-05 17:00:00+00:00,19.672501999999998
2018-04-05 18:00:00+00:00,16.271618
2018-04-05 19:00:00+00:00,17.134532000000004
2018-04-05 20:00:00+00:00,20.127709999999997
2018-04-05 21:00:00+00:00,19.83861
2018-04-05 22:00:00+00:00,16.98271
2018-04-05 23:00:00+00:00,17.569442000000002
2018-04-06 00:00:00+00:00,23.60648
2018-04-06 01:00:00+00:00,34.502614
2018-04-06 02:00:00+00:00,52.937248000000004
2018-04-06 03:00:00+00:00,69.724328
2018-04-06 04:00:00+00:00,64.029134
2018-04-06 05:00:00+00:00,49.495903999999996
2018-04-06 06:00:00+00:00,50.20144
2018-04-06 07:00:00+00:00,42.600114
2018-04-06 08:00:00+00:00,32.28826
2018-04-06 09:00:00+00:00,24.409295999999998
2018-04-06 10:00:00+00:00,18.636244
2018-04-06 11:00:00+00:00,15.449522
2018-04-06 12:00:00+00:00,13.686882
2018-04-06 13:00:00+00:00,13.20557
2018-04-06 14:00:00+00:00,14.880744000000002
2018-04-06 15:00:00+00:00,22.59233
2018-04-06 16:00:00+00:00,37.288044000000006
2018-04-06 17:00:00+00:00,54.88582
2018-04-06 18:00:00+00:00,75.524874
2018-04-06 19:00:00+00:00,92.01405199999999
2018-04-06 20:00:00+00:00,101.108836
2018-04-06 21:00:00+00:00,106.833662
2018-04-06 22:00:00+00:00,116.87255999999998
2018-04-06 23:00:00+00:00,128.947164
2018-04-07 00:00:00+00:00,140.440588
2018-04-07 01:00:00+00:00,156.967762
2018-04-07 02:00:00+00:00,177.364636
2018-04-07 03:00:00+00:00,190.44151999999997
2018-04-07 04:00:00+00:00,179.78881200000004
2018-04-07 05:00:00+00:00,144.147176
2018-04-07 06:00:00+00:00,144.392384
2018-04-07 07:00:00+00:00,112.10319799999999
2018-04-07 08:00:00+00:00,69.00162599999999
2018-04-07 09:00:00+00:00,38.736108
2018-04-07 10:00:00+00:00,21.354980000000005
2018-04-07 11:00:00+00:00,11.561914
2018-04-07 12:00:00+00:00,6.005714
2018-04-07 13:00:00+00:00,4.246735999999999
2018-04-07 14:00:00+00:00,4.95409
2018-04-07 15:00:00+00:00,10.125326
2018-04-07 16:00:00+00:00,21.091596
2018-04-07 17:00:00+00:00,20.818815999999998
2018-04-07 18:00:00+00:00,12.89907
2018-04-07 19:00:00+00:00,5.150386
2018-04-07 20:00:00+00:00,2.3522899999999995
2018-04-07 21:00:00+00:00,2.5410939999999997
2018-04-07 22:00:00+00:00,3.506494
2018-04-07 23:00:00+00:00,4.488006
2018-04-08 00:00:00+00:00,5.4677620000000005
2018-04-08 01:00:00+00:00,5.656922000000001
2018-04-08 02:00:00+00:00,5.115559999999999
2018-04-08 03:00:00+00:00,4.228639999999999
2018-04-08 04:00:00+00:00,2.1633599999999995
2018-04-08 05:00:00+00:00,0.539962
2018-04-08 06:00:00+00:00,0.151842
2018-04-08 07:00:00+00:00,0.22136
2018-04-08 08:00:00+00:00,1.24136
2018-04-08 09:00:00+00:00,3.36404
2018-04-08 10:00:00+00:00,8.744359999999999
2018-04-08 11:00:00+00:00,21.239672
2018-04-08 12:00:00+00:00,40.454864
2018-04-08 13:00:00+00:00,44.03838999999999
2018-04-08 14:00:00+00:00,56.6495
2018-04-08 15:00:00+00:00,91.05797400000002
2018-04-08 16:00:00+00:00,99.08607599999999
2018-04-08 17:00:00+00:00,59.079712
2018-04-08 18:00:00+00:00,30.769513999999997
2018-04-08 19:00:00+00:00,18.75617
2018-04-08 20:00:00+00:00,13.612784
2018-04-08 21:00:00+00:00,11.612490000000001
2018-04-08 22:00:00+00:00,11.865924
2018-04-08 23:00:00+00:00,12.85408
2018-04-09 00:00:00+00:00,13.7382
2018-04-09 01:00:00+00:00,15.354242000000001
2018-04-09 02:00:00+00:00,18.144444
2018-04-09 03:00:00+00:00,19.220524
2018-04-09 04:00:00+00:00,11.823362
2018-04-09 05:00:00+00:00,11.666939999999999
2018-04-09 06:00:00+00:00,9.957175999999999
2018-04-09 07:00:00+00:00,10.145955999999998
2018-04-09 08:00:00+00:00,17.017464
2018-04-09 09:00:00+00:00,29.194356
2018-04-09 10:00:00+00:00,43.709182000000006
2018-04-09 11:00:00+00:00,59.48734199999999
2018-04-09 12:00:00+00:00,72.595172
2018-04-09 13:00:00+00:00,85.18582799999999
2018-04-09 14:00:00+00:00,97.159474
2018-04-09 15:00:00+00:00,103.42424
2018-04-09 16:00:00+00:00,102.52457
2018-04-09 17:00:00+00:00,78.39677999999999
2018-04-09 18:00:00+00:00,47.275728
2018-04-09 19:00:00+00:00,26.935067999999998
2018-04-09 20:00:00+00:00,15.533854
2018-04-09 21:00:00+00:00,10.406762
2018-04-09 22:00:00+00:00,7.97808
2018-04-09 23:00:00+00:00,6.28972
2018-04-10 00:00:00+00:00,5.00628
2018-04-10 01:00:00+00:00,3.877482
2018-04-10 02:00:00+00:00,2.5096060000000002
2018-04-10 03:00:00+00:00,2.604862
2018-04-10 04:00:00+00:00,4.0037199999999995
2018-04-10 05:00:00+00:00,15.763986
2018-04-10 06:00:00+00:00,32.465728
2018-04-10 07:00:00+00:00,51.884285999999996
2018-04-10 08:00:00+00:00,73.939804
2018-04-10 09:00:00+00:00,92.62435199999999
2018-04-10 10:00:00+00:00,109.36269999999999
2018-04-10 11:00:00+00:00,122.903482
2018-04-10 12:00:00+00:00,132.57996799999998
2018-04-10 13:00:00+00:00,129.664446
2018-04-10 14:00:00+00:00,109.63204199999998
2018-04-10 15:00:00+00:00,78.316024
2018-04-10 16:00:00+00:00,48.514036
2018-04-10 17:00:00+00:00,32.86697
2018-04-10 18:00:00+00:00,24.296052
2018-04-10 19:00:00+00:00,19.147066000000002
2018-04-10 20:00:00+00:00,17.270970000000002
2018-04-10 21:00:00+00:00,15.268232
2018-04-10 22:00:00+00:00,12.961786
2018-04-10 23:00:00+00:00,10.021141999999998
2018-04-11 00:00:00+00:00,5.624009999999999
2018-04-11 01:00:00+00:00,1.8122020000000003
2018-04-11 02:00:00+00:00,0.39652
2018-04-11 03:00:00+00:00,0.20316
2018-04-11 04:00:00+00:00,0.20036
2018-04-11 05:00:00+00:00,0.39232
2018-04-11 06:00:00+00:00,1.2603280000000001
2018-04-11 07:00:00+00:00,7.409414
2018-04-11 08:00:00+00:00,21.453575999999998
2018-04-11 09:00:00+00:00,34.796814
2018-04-11 10:00:00+00:00,41.373062
2018-04-11 11:00:00+00:00,48.63233400000001
2018-04-11 12:00:00+00:00,54.54859799999999
2018-04-11 13:00:00+00:00,51.876225999999996
2018-04-11 14:00:00+00:00,44.96717
2018-04-11 15:00:00+00:00,48.333086
2018-04-11 16:00:00+00:00,57.53783
2018-04-11 17:00:00+00:00,44.052036
2018-04-11 18:00:00+00:00,27.425103999999997
2018-04-11 19:00:00+00:00,15.278165999999999
2018-04-11 20:00:00+00:00,7.765301999999999
2018-04-11 21:00:00+00:00,2.6935219999999997
2018-04-11 22:00:00+00:00,0.58848
2018-04-11 23:00:00+00:00,0.339602
2018-04-12 00:00:00+00:00,0.5312060000000001
2018-04-12 01:00:00+00:00,0.5877680000000001
2018-04-12 02:00:00+00:00,0.562006
2018-04-12 03:00:00+00:00,0.526444
2018-04-12 04:00:00+00:00,0.24852200000000002
2018-04-12 05:00:00+00:00,0.29424
2018-04-12 06:00:00+00:00,2.393326
2018-04-12 07:00:00+00:00,4.306408
2018-04-12 08:00:00+00:00,7.719939999999999
2018-04-12 09:00:00+00:00,20.314108
2018-04-12 10:00:00+00:00,35.782708
2018-04-12 11:00:00+00:00,44.96313
2018-04-12 12:00:00+00:00,46.76247
2018-04-12 13:00:00+00:00,43.382276
2018-04-12 14:00:00+00:00,32.204042
2018-04-12 15:00:00+00:00,21.348665999999998
2018-04-12 16:00:00+00:00,16.106614
2018-04-12 17:00:00+00:00,9.651212
2018-04-12 18:00:00+00:00,6.279334
2018-04-12 19:00:00+00:00,4.8010079999999995
2018-04-12 20:00:00+00:00,3.2834019999999997
2018-04-12 21:00:00+00:00,1.9644
2018-04-12 22:00:00+00:00,0.9864
2018-04-12 23:00:00+00:00,0.30124
2018-04-13 00:00:00+00:00,0.10228
2018-04-13 01:00:00+00:00,0.10228
2018-04-13 02:00:00+00:00,0.0042
2018-04-13 03:00:00+00:00,0.0084
2018-04-13 04:00:00+00:00,0.151842
2018-04-13 05:00:00+00:00,0.19616
2018-04-13 06:00:00+00:00,2.4020819999999996
2018-04-13 07:00:00+00:00,10.067904
2018-04-13 08:00:00+00:00,26.038816
2018-04-13 09:00:00+00:00,42.565090000000005
2018-04-13 10:00:00+00:00,52.392998
2018-04-13 11:00:00+00:00,56.668676000000005
2018-04-13 12:00:00+00:00,55.19616999999999
2018-04-13 13:00:00+00:00,48.972424000000004
2018-04-13 14:00:00+00:00,40.787133999999995
2018-04-13 15:00:00+00:00,36.392936
2018-04-13 16:00:00+00:00,42.127055999999996
2018-04-13 17:00:00+00:00,35.257226
2018-04-13 18:00:00+00:00,19.492062
2018-04-13 19:00:00+00:00,10.184002000000001
2018-04-13 20:00:00+00:00,6.7731200000000005
2018-04-13 21:00:00+00:00,5.245002
2018-04-13 22:00:00+00:00,4.997523999999999
2018-04-13 23:00:00+00:00,5.582848
2018-04-14 00:00:00+00:00,6.559092000000001
2018-04-14 01:00:00+00:00,6.952812
2018-04-14 02:00:00+00:00,7.055091999999999
2018-04-14 03:00:00+00:00,6.9098939999999995
2018-04-14 04:00:00+00:00,6.160816
2018-04-14 05:00:00+00:00,4.798563999999999
2018-04-14 06:00:00+00:00,9.318999999999999
2018-04-14 07:00:00+00:00,14.961748
2018-04-14 08:00:00+00:00,23.165245999999996
2018-04-14 09:00:00+00:00,32.796820000000004
2018-04-14 10:00:00+00:00,45.811046000000005
2018-04-14 11:00:00+00:00,58.493508
2018-04-14 12:00:00+00:00,71.288232
2018-04-14 13:00:00+00:00,86.91942200000001
2018-04-14 14:00:00+00:00,103.935914
2018-04-14 15:00:00+00:00,108.574214
2018-04-14 16:00:00+00:00,104.959706
2018-04-14 17:00:00+00:00,69.179436
2018-04-14 18:00:00+00:00,38.236036
2018-04-14 19:00:00+00:00,21.998608
2018-04-14 20:00:00+00:00,14.32948
2018-04-14 21:00:00+00:00,12.94936
2018-04-14 22:00:00+00:00,14.607964
2018-04-14 23:00:00+00:00,16.563608000000002
2018-04-15 00:00:00+00:00,20.057004000000003
2018-04-15 01:00:00+00:00,19.958567999999996
2018-04-15 02:00:00+00:00,19.563092
2018-04-15 03:00:00+00:00,15.036344
2018-04-15 04:00:00+00:00,6.819882
2018-04-15 05:00:00+00:00,13.525231999999999
2018-04-15 06:00:00+00:00,27.036978
2018-04-15 07:00:00+00:00,32.462724
2018-04-15 08:00:00+00:00,42.106226
2018-04-15 09:00:00+00:00,60.154938
2018-04-15 10:00:00+00:00,80.81934
2018-04-15 11:00:00+00:00,95.966916
2018-04-15 12:00:00+00:00,105.577552
2018-04-15 13:00:00+00:00,118.44089399999999
2018-04-15 14:00:00+00:00,131.990212
2018-04-15 15:00:00+00:00,149.457518
2018-04-15 16:00:00+00:00,195.21022399999998
2018-04-15 17:00:00+00:00,158.27029999999996
2018-04-15 18:00:00+00:00,84.957242
2018-04-15 19:00:00+00:00,38.216278
2018-04-15 20:00:00+00:00,21.437646
2018-04-15 21:00:00+00:00,19.437526000000002
2018-04-15 22:00:00+00:00,21.318210000000004
2018-04-15 23:00:00+00:00,22.926002
2018-04-16 00:00:00+00:00,23.377478
2018-04-16 01:00:00+00:00,21.751414
2018-04-16 02:00:00+00:00,17.483344000000002
2018-04-16 03:00:00+00:00,10.94087
2018-04-16 04:00:00+00:00,4.553126
2018-04-16 05:00:00+00:00,9.545802
2018-04-16 06:00:00+00:00,12.731306000000002
2018-04-16 07:00:00+00:00,18.64273
2018-04-16 08:00:00+00:00,29.622786
2018-04-16 09:00:00+00:00,41.557018
2018-04-16 10:00:00+00:00,57.616906
2018-04-16 11:00:00+00:00,77.81697199999999
2018-04-16 12:00:00+00:00,97.08156799999999
2018-04-16 13:00:00+00:00,107.92615400000001
2018-04-16 14:00:00+00:00,101.33020199999999
2018-04-16 15:00:00+00:00,89.87204600000001
2018-04-16 16:00:00+00:00,107.836616
2018-04-16 17:00:00+00:00,110.29079999999999
2018-04-16 18:00:00+00:00,75.146
2018-04-16 19:00:00+00:00,43.915746
2018-04-16 20:00:00+00:00,40.311288000000005
2018-04-16 21:00:00+00:00,54.777215999999996
2018-04-16 22:00:00+00:00,86.618436
2018-04-16 23:00:00+00:00,133.867874
2018-04-17 00:00:00+00:00,182.2312
2018-04-17 01:00:00+00:00,219.61194799999996
2018-04-17 02:00:00+00:00,244.577584
2018-04-17 03:00:00+00:00,257.790692
2018-04-17 04:00:00+00:00,243.983468
2018-04-17 05:00:00+00:00,193.930118
2018-04-17 06:00:00+00:00,178.56969
2018-04-17 07:00:00+00:00,100.96389799999999
2018-04-17 08:00:00+00:00,38.447762000000004
2018-04-17 09:00:00+00:00,10.256644
2018-04-17 10:00:00+00:00,1.16379
2018-04-17 11:00:00+00:00,0.0196
2018-04-17 12:00:00+00:00,0.0112
2018-04-17 13:00:00+00:00,3.353624
2018-04-17 14:00:00+00:00,11.143952
2018-04-17 15:00:00+00:00,23.655707999999997
2018-04-17 16:00:00+00:00,24.447442
2018-04-17 17:00:00+00:00,19.52756
2018-04-17 18:00:00+00:00,16.093796
2018-04-17 19:00:00+00:00,18.09292
2018-04-17 20:00:00+00:00,25.44578
2018-04-17 21:00:00+00:00,37.232535999999996
2018-04-17 22:00:00+00:00,54.433102
2018-04-17 23:00:00+00:00,74.12418
2018-04-18 00:00:00+00:00,92.540052
2018-04-18 01:00:00+00:00,102.76539
2018-04-18 02:00:00+00:00,106.29643599999999
2018-04-18 03:00:00+00:00,99.340128
2018-04-18 04:00:00+00:00,78.893834
2018-04-18 05:00:00+00:00,45.603822
2018-04-18 06:00:00+00:00,11.643844000000001
2018-04-18 07:00:00+00:00,1.284848
2018-04-18 08:00:00+00:00,0.7392780000000001
2018-04-18 09:00:00+00:00,0.48794800000000005
2018-04-18 10:00:00+00:00,0.530858
2018-04-18 11:00:00+00:00,0.965384
2018-04-18 12:00:00+00:00,2.474226
2018-04-18 13:00:00+00:00,5.543394
2018-04-18 14:00:00+00:00,10.006831999999998
2018-04-18 15:00:00+00:00,16.932876
2018-04-18 16:00:00+00:00,21.309149999999995
2018-04-18 17:00:00+00:00,25.275752
2018-04-18 18:00:00+00:00,33.374986
2018-04-18 19:00:00+00:00,41.549638
2018-04-18 20:00:00+00:00,46.558552
2018-04-18 21:00:00+00:00,45.762007999999994
2018-04-18 22:00:00+00:00,44.261922
2018-04-18 23:00:00+00:00,46.958425999999996
2018-04-19 00:00:00+00:00,49.140706
2018-04-19 01:00:00+00:00,46.830922
2018-04-19 02:00:00+00:00,39.240756
2018-04-19 03:00:00+00:00,28.375944
2018-04-19 04:00:00+00:00,15.993343999999999
2018-04-19 05:00:00+00:00,6.919014
2018-04-19 06:00:00+00:00,8.868868
2018-04-19 07:00:00+00:00,5.05354
2018-04-19 08:00:00+00:00,6.729790000000001
2018-04-19 09:00:00+00:00,12.97024
2018-04-19 10:00:00+00:00,46.589706
2018-04-19 11:00:00+00:00,74.143612
2018-04-19 12:00:00+00:00,85.22151
2018-04-19 13:00:00+00:00,95.349472
2018-04-19 14:00:00+00:00,117.370322
2018-04-19 15:00:00+00:00,136.674634
2018-04-19 16:00:00+00:00,134.66119400000002
2018-04-19 17:00:00+00:00,86.926466
2018-04-19 18:00:00+00:00,45.742446
2018-04-19 19:00:00+00:00,30.19509
2018-04-19 20:00:00+00:00,28.562778
2018-04-19 21:00:00+00:00,37.667750000000005
2018-04-19 22:00:00+00:00,52.479229999999994
2018-04-19 23:00:00+00:00,56.555862000000005
2018-04-20 00:00:00+00:00,47.14859
2018-04-20 01:00:00+00:00,35.948898
2018-04-20 02:00:00+00:00,37.013398
2018-04-20 03:00:00+00:00,46.108205999999996
2018-04-20 04:00:00+00:00,39.910056000000004
2018-04-20 05:00:00+00:00,32.058704
2018-04-20 06:00:00+00:00,50.204128
2018-04-20 07:00:00+00:00,76.082036
2018-04-20 08:00:00+00:00,117.29119200000001
2018-04-20 09:00:00+00:00,167.54803
2018-04-20 10:00:00+00:00,209.98722
2018-04-20 11:00:00+00:00,248.015806
2018-04-20 12:00:00+00:00,264.677462
2018-04-20 13:00:00+00:00,253.90466999999998
2018-04-20 14:00:00+00:00,208.226002
2018-04-20 15:00:00+00:00,130.66482
2018-04-20 16:00:00+00:00,83.57126
2018-04-20 17:00:00+00:00,87.58114999999998
2018-04-20 18:00:00+00:00,64.877466
2018-04-20 19:00:00+00:00,41.393317999999994
2018-04-20 20:00:00+00:00,69.799398
2018-04-20 21:00:00+00:00,84.45673399999998
2018-04-20 22:00:00+00:00,73.608026
2018-04-20 23:00:00+00:00,59.04384999999999
2018-04-21 00:00:00+00:00,50.251515999999995
2018-04-21 01:00:00+00:00,48.24124
2018-04-21 02:00:00+00:00,54.603484
2018-04-21 03:00:00+00:00,94.58472
2018-04-21 04:00:00+00:00,158.360172
2018-04-21 05:00:00+00:00,109.77064200000001
2018-04-21 06:00:00+00:00,140.713046
2018-04-21 07:00:00+00:00,261.468538
2018-04-21 08:00:00+00:00,276.04093800000004
2018-04-21 09:00:00+00:00,256.550682
2018-04-21 10:00:00+00:00,270.981384
2018-04-21 11:00:00+00:00,273.864224
2018-04-21 12:00:00+00:00,270.094132
2018-04-21 13:00:00+00:00,259.375824
2018-04-21 14:00:00+00:00,235.409208
2018-04-21 15:00:00+00:00,177.483388
2018-04-21 16:00:00+00:00,129.544306
2018-04-21 17:00:00+00:00,88.331004
2018-04-21 18:00:00+00:00,57.326944
2018-04-21 19:00:00+00:00,42.33196
2018-04-21 20:00:00+00:00,39.348248
2018-04-21 21:00:00+00:00,44.800278
2018-04-21 22:00:00+00:00,54.597244
2018-04-21 23:00:00+00:00,55.292038000000005
2018-04-22 00:00:00+00:00,46.532275999999996
2018-04-22 01:00:00+00:00,52.24281
2018-04-22 02:00:00+00:00,61.190506
2018-04-22 03:00:00+00:00,62.184792
2018-04-22 04:00:00+00:00,87.468922
2018-04-22 05:00:00+00:00,102.685464
2018-04-22 06:00:00+00:00,109.39027599999999
2018-04-22 07:00:00+00:00,112.009186
2018-04-22 08:00:00+00:00,114.906722
2018-04-22 09:00:00+00:00,122.788422
2018-04-22 10:00:00+00:00,138.62941600000002
2018-04-22 11:00:00+00:00,162.01078399999997
2018-04-22 12:00:00+00:00,194.167734
2018-04-22 13:00:00+00:00,231.34243400000003
2018-04-22 14:00:00+00:00,261.367162
2018-04-22 15:00:00+00:00,257.924508
2018-04-22 16:00:00+00:00,216.21282200000002
2018-04-22 17:00:00+00:00,175.546
2018-04-22 18:00:00+00:00,128.88979600000002
2018-04-22 19:00:00+00:00,80.78533
2018-04-22 20:00:00+00:00,51.718002
2018-04-22 21:00:00+00:00,32.267038
2018-04-22 22:00:00+00:00,19.952944
2018-04-22 23:00:00+00:00,11.984838
2018-04-23 00:00:00+00:00,7.878972
2018-04-23 01:00:00+00:00,5.410512
2018-04-23 02:00:00+00:00,4.129168
2018-04-23 03:00:00+00:00,4.872298000000001
2018-04-23 04:00:00+00:00,3.897454
2018-04-23 05:00:00+00:00,4.794181999999999
2018-04-23 06:00:00+00:00,2.6213619999999995
2018-04-23 07:00:00+00:00,1.088688
2018-04-23 08:00:00+00:00,0.296692
2018-04-23 09:00:00+00:00,0.0014
2018-04-23 10:00:00+00:00,0.0028
2018-04-23 11:00:00+00:00,0.006999999999999999
2018-04-23 12:00:00+00:00,0.161642
2018-04-23 13:00:00+00:00,1.690092
2018-04-23 14:00:00+00:00,4.035184
2018-04-23 15:00:00+00:00,10.457192
2018-04-23 16:00:00+00:00,22.911539999999995
2018-04-23 17:00:00+00:00,30.408990000000003
2018-04-23 18:00:00+00:00,32.887907999999996
2018-04-23 19:00:00+00:00,36.879812
2018-04-23 20:00:00+00:00,48.286334000000004
2018-04-23 21:00:00+00:00,65.59777000000001
2018-04-23 22:00:00+00:00,94.59875999999998
2018-04-23 23:00:00+00:00,130.84625599999998
2018-04-24 00:00:00+00:00,166.16423
2018-04-24 01:00:00+00:00,195.16077399999998
2018-04-24 02:00:00+00:00,222.04842399999998
2018-04-24 03:00:00+00:00,243.746432
2018-04-24 04:00:00+00:00,210.690312
2018-04-24 05:00:00+00:00,192.631768
2018-04-24 06:00:00+00:00,233.72126
2018-04-24 07:00:00+00:00,206.64195600000002
2018-04-24 08:00:00+00:00,169.89481999999998
2018-04-24 09:00:00+00:00,133.396278
2018-04-24 10:00:00+00:00,94.484138
2018-04-24 11:00:00+00:00,58.44785399999999
2018-04-24 12:00:00+00:00,30.542394
2018-04-24 13:00:00+00:00,12.816436
2018-04-24 14:00:00+00:00,3.8791819999999992
2018-04-24 15:00:00+00:00,3.592148
2018-04-24 16:00:00+00:00,21.89961
2018-04-24 17:00:00+00:00,35.417635999999995
2018-04-24 18:00:00+00:00,34.667291999999996
2018-04-24 19:00:00+00:00,36.787694
2018-04-24 20:00:00+00:00,34.71838
2018-04-24 21:00:00+00:00,29.944194
2018-04-24 22:00:00+00:00,33.53093199999999
2018-04-24 23:00:00+00:00,42.506873999999996
2018-04-25 00:00:00+00:00,58.32713799999999
2018-04-25 01:00:00+00:00,86.08443400000002
2018-04-25 02:00:00+00:00,99.93271999999999
2018-04-25 03:00:00+00:00,97.060106
2018-04-25 04:00:00+00:00,107.59576599999998
2018-04-25 05:00:00+00:00,89.711898
2018-04-25 06:00:00+00:00,69.56348000000001
2018-04-25 07:00:00+00:00,50.06264399999999
2018-04-25 08:00:00+00:00,32.69716
2018-04-25 09:00:00+00:00,32.655966
2018-04-25 10:00:00+00:00,46.637707999999996
2018-04-25 11:00:00+00:00,61.963676
2018-04-25 12:00:00+00:00,84.03161999999999
2018-04-25 13:00:00+00:00,113.98869200000001
2018-04-25 14:00:00+00:00,135.480774
2018-04-25 15:00:00+00:00,126.33627000000001
2018-04-25 16:00:00+00:00,92.348394
2018-04-25 17:00:00+00:00,67.58871400000001
2018-04-25 18:00:00+00:00,54.262782
2018-04-25 19:00:00+00:00,40.63323
2018-04-25 20:00:00+00:00,26.472764
2018-04-25 21:00:00+00:00,16.770342
2018-04-25 22:00:00+00:00,14.451106000000001
2018-04-25 23:00:00+00:00,16.666330000000002
2018-04-26 00:00:00+00:00,17.531221999999996
2018-04-26 01:00:00+00:00,17.627934
2018-04-26 02:00:00+00:00,16.198251999999997
2018-04-26 03:00:00+00:00,18.570909999999998
2018-04-26 04:00:00+00:00,21.273726
2018-04-26 05:00:00+00:00,18.07173
2018-04-26 06:00:00+00:00,11.694576
2018-04-26 07:00:00+00:00,4.0559080000000005
2018-04-26 08:00:00+00:00,0.4779260000000001
2018-04-26 09:00:00+00:00,0.167242
2018-04-26 10:00:00+00:00,0.015399999999999999
2018-04-26 11:00:00+00:00,0.054599999999999996
2018-04-26 12:00:00+00:00,0.5605260000000001
2018-04-26 13:00:00+00:00,10.852328
2018-04-26 14:00:00+00:00,17.907238
2018-04-26 15:00:00+00:00,27.385199999999998
2018-04-26 16:00:00+00:00,39.407016000000006
2018-04-26 17:00:00+00:00,42.053112
2018-04-26 18:00:00+00:00,35.49595
2018-04-26 19:00:00+00:00,31.162934
2018-04-26 20:00:00+00:00,33.199344
2018-04-26 21:00:00+00:00,27.999198000000003
2018-04-26 22:00:00+00:00,21.244650000000004
2018-04-26 23:00:00+00:00,17.252446000000003
2018-04-27 00:00:00+00:00,13.702630000000001
2018-04-27 01:00:00+00:00,8.905575999999998
2018-04-27 02:00:00+00:00,6.403569999999999
2018-04-27 03:00:00+00:00,7.2486239999999995
2018-04-27 04:00:00+00:00,5.527464
2018-04-27 05:00:00+00:00,2.6139979999999996
2018-04-27 06:00:00+00:00,5.827351999999999
2018-04-27 07:00:00+00:00,16.443112
2018-04-27 08:00:00+00:00,34.972876
2018-04-27 09:00:00+00:00,59.57887
2018-04-27 10:00:00+00:00,93.007318
2018-04-27 11:00:00+00:00,127.352062
2018-04-27 12:00:00+00:00,148.081332
2018-04-27 13:00:00+00:00,162.71254199999998
2018-04-27 14:00:00+00:00,169.58555399999997
2018-04-27 15:00:00+00:00,147.556874
2018-04-27 16:00:00+00:00,111.78658399999999
2018-04-27 17:00:00+00:00,70.953966
2018-04-27 18:00:00+00:00,38.134682
2018-04-27 19:00:00+00:00,19.571666
2018-04-27 20:00:00+00:00,13.61927
2018-04-27 21:00:00+00:00,16.572348
2018-04-27 22:00:00+00:00,25.472894
2018-04-27 23:00:00+00:00,40.738294
2018-04-28 00:00:00+00:00,54.002759999999995
2018-04-28 01:00:00+00:00,56.32535
2018-04-28 02:00:00+00:00,53.992279999999994
2018-04-28 03:00:00+00:00,48.39526599999999
2018-04-28 04:00:00+00:00,32.535224
2018-04-28 05:00:00+00:00,43.121370000000006
2018-04-28 06:00:00+00:00,68.889944
2018-04-28 07:00:00+00:00,101.66857999999999
2018-04-28 08:00:00+00:00,136.733832
2018-04-28 09:00:00+00:00,158.892096
2018-04-28 10:00:00+00:00,170.734994
2018-04-28 11:00:00+00:00,180.725612
2018-04-28 12:00:00+00:00,184.694166
2018-04-28 13:00:00+00:00,180.67242
2018-04-28 14:00:00+00:00,158.52992799999998
2018-04-28 15:00:00+00:00,110.35157799999999
2018-04-28 16:00:00+00:00,79.402806
2018-04-28 17:00:00+00:00,57.766762
2018-04-28 18:00:00+00:00,41.434916
2018-04-28 19:00:00+00:00,25.255244
2018-04-28 20:00:00+00:00,14.967008
2018-04-28 21:00:00+00:00,8.19581
2018-04-28 22:00:00+00:00,7.769162
2018-04-28 23:00:00+00:00,11.019984
2018-04-29 00:00:00+00:00,12.690136
2018-04-29 01:00:00+00:00,13.068258
2018-04-29 02:00:00+00:00,8.629252
2018-04-29 03:00:00+00:00,5.820992
2018-04-29 04:00:00+00:00,4.672609999999999
2018-04-29 05:00:00+00:00,7.873869999999999
2018-04-29 06:00:00+00:00,15.623242
2018-04-29 07:00:00+00:00,20.258233999999998
2018-04-29 08:00:00+00:00,24.54959
2018-04-29 09:00:00+00:00,26.1222
2018-04-29 10:00:00+00:00,29.440634000000003
2018-04-29 11:00:00+00:00,34.13621400000001
2018-04-29 12:00:00+00:00,34.55409
2018-04-29 13:00:00+00:00,33.259046
2018-04-29 14:00:00+00:00,30.57178
2018-04-29 15:00:00+00:00,25.472252
2018-04-29 16:00:00+00:00,21.625546
2018-04-29 17:00:00+00:00,14.454404000000002
2018-04-29 18:00:00+00:00,10.207279999999999
2018-04-29 19:00:00+00:00,12.285738
2018-04-29 20:00:00+00:00,23.626064000000003
2018-04-29 21:00:00+00:00,39.62534
2018-04-29 22:00:00+00:00,50.448237999999996
2018-04-29 23:00:00+00:00,63.589130000000004
2018-04-30 00:00:00+00:00,83.023594
2018-04-30 01:00:00+00:00,108.61905599999999
2018-04-30 02:00:00+00:00,133.737738
2018-04-30 03:00:00+00:00,164.26120600000002
2018-04-30 04:00:00+00:00,141.29990600000002
2018-04-30 05:00:00+00:00,103.81490199999999
2018-04-30 06:00:00+00:00,49.741856000000006
2018-04-30 07:00:00+00:00,13.802244
2018-04-30 08:00:00+00:00,1.723194
2018-04-30 09:00:00+00:00,0.17284200000000002
2018-04-30 10:00:00+00:00,0.12328
2018-04-30 11:00:00+00:00,1.110036
2018-04-30 12:00:00+00:00,4.672791999999999
2018-04-30 13:00:00+00:00,5.200145999999999
2018-04-30 14:00:00+00:00,1.8953720000000003
2018-04-30 15:00:00+00:00,0.26952200000000004
2018-04-30 16:00:00+00:00,0.34114399999999995
2018-04-30 17:00:00+00:00,14.227602000000001
2018-04-30 18:00:00+00:00,88.98392199999999
2018-04-30 19:00:00+00:00,184.105454
2018-04-30 20:00:00+00:00,184.898904
2018-04-30 21:00:00+00:00,120.92496599999998
2018-04-30 22:00:00+00:00,86.656668
2018-04-30 23:00:00+00:00,83.444778
2018-05-01 00:00:00+00:00,117.679002
2018-05-01 01:00:00+00:00,204.13729
2018-05-01 02:00:00+00:00,271.805998
2018-05-01 03:00:00+00:00,274.34992
2018-05-01 04:00:00+00:00,266.16876
2018-05-01 05:00:00+00:00,244.473148
2018-05-01 06:00:00+00:00,222.595902
2018-05-01 07:00:00+00:00,162.59490000000002
2018-05-01 08:00:00+00:00,83.68307799999998
2018-05-01 09:00:00+00:00,41.916486
2018-05-01 10:00:00+00:00,34.48711
2018-05-01 11:00:00+00:00,31.330137999999998
2018-05-01 12:00:00+00:00,27.596755999999996
2018-05-01 13:00:00+00:00,40.928605999999995
2018-05-01 14:00:00+00:00,87.828524
2018-05-01 15:00:00+00:00,113.02057599999998
2018-05-01 16:00:00+00:00,124.991048
2018-05-01 17:00:00+00:00,141.205998
2018-05-01 18:00:00+00:00,155.256996
2018-05-01 19:00:00+00:00,173.478092
2018-05-01 20:00:00+00:00,196.777794
2018-05-01 21:00:00+00:00,223.908324
2018-05-01 22:00:00+00:00,238.357304
2018-05-01 23:00:00+00:00,247.593276
2018-05-02 00:00:00+00:00,253.97686
2018-05-02 01:00:00+00:00,257.281436
2018-05-02 02:00:00+00:00,261.1078
2018-05-02 03:00:00+00:00,266.428
2018-05-02 04:00:00+00:00,261.802452
2018-05-02 05:00:00+00:00,248.236112
2018-05-02 06:00:00+00:00,203.09361
2018-05-02 07:00:00+00:00,105.13553999999999
2018-05-02 08:00:00+00:00,55.35377199999999
2018-05-02 09:00:00+00:00,27.995298000000005
2018-05-02 10:00:00+00:00,11.777105999999998
2018-05-02 11:00:00+00:00,9.18168
2018-05-02 12:00:00+00:00,26.802282
2018-05-02 13:00:00+00:00,67.76977600000001
2018-05-02 14:00:00+00:00,99.07306
2018-05-02 15:00:00+00:00,74.380534
2018-05-02 16:00:00+00:00,37.190914
2018-05-02 17:00:00+00:00,11.371619999999998
2018-05-02 18:00:00+00:00,2.1527060000000002
2018-05-02 19:00:00+00:00,5.846405999999999
2018-05-02 20:00:00+00:00,26.145494
2018-05-02 21:00:00+00:00,51.581846
2018-05-02 22:00:00+00:00,69.51928600000001
2018-05-02 23:00:00+00:00,80.24222999999999
2018-05-03 00:00:00+00:00,88.93073399999999
2018-05-03 01:00:00+00:00,104.39602000000001
2018-05-03 02:00:00+00:00,138.93610999999999
2018-05-03 03:00:00+00:00,164.718598
2018-05-03 04:00:00+00:00,173.33977000000002
2018-05-03 05:00:00+00:00,125.193074
2018-05-03 06:00:00+00:00,82.35549400000001
2018-05-03 07:00:00+00:00,63.28073800000001
2018-05-03 08:00:00+00:00,49.67957400000001
2018-05-03 09:00:00+00:00,41.544954
2018-05-03 10:00:00+00:00,45.262076
2018-05-03 11:00:00+00:00,58.772130000000004
2018-05-03 12:00:00+00:00,69.11364599999999
2018-05-03 13:00:00+00:00,67.23401400000002
2018-05-03 14:00:00+00:00,35.199322
2018-05-03 15:00:00+00:00,11.363738000000001
2018-05-03 16:00:00+00:00,1.6425619999999999
2018-05-03 17:00:00+00:00,0.594402
2018-05-03 18:00:00+00:00,1.5058640000000003
2018-05-03 19:00:00+00:00,5.939616
2018-05-03 20:00:00+00:00,15.029724
2018-05-03 21:00:00+00:00,34.57744
2018-05-03 22:00:00+00:00,70.73468
2018-05-03 23:00:00+00:00,96.33572000000001
2018-05-04 00:00:00+00:00,100.431502
2018-05-04 01:00:00+00:00,108.76725800000001
2018-05-04 02:00:00+00:00,123.09665
2018-05-04 03:00:00+00:00,116.12486999999999
2018-05-04 04:00:00+00:00,79.925934
2018-05-04 05:00:00+00:00,40.401152
2018-05-04 06:00:00+00:00,22.1643
2018-05-04 07:00:00+00:00,36.204998
2018-05-04 08:00:00+00:00,59.750122
2018-05-04 09:00:00+00:00,59.889648
2018-05-04 10:00:00+00:00,16.559842000000003
2018-05-04 11:00:00+00:00,35.78966
2018-05-04 12:00:00+00:00,72.242088
2018-05-04 13:00:00+00:00,89.210346
2018-05-04 14:00:00+00:00,88.402198
2018-05-04 15:00:00+00:00,114.732066
2018-05-04 16:00:00+00:00,158.87694199999999
2018-05-04 17:00:00+00:00,174.11367200000004
2018-05-04 18:00:00+00:00,152.34151799999998
2018-05-04 19:00:00+00:00,135.732366
2018-05-04 20:00:00+00:00,117.860924
2018-05-04 21:00:00+00:00,94.43965599999999
2018-05-04 22:00:00+00:00,78.017566
2018-05-04 23:00:00+00:00,57.78148600000001
2018-05-05 00:00:00+00:00,32.955232
2018-05-05 01:00:00+00:00,19.435776
2018-05-05 02:00:00+00:00,14.661314
2018-05-05 03:00:00+00:00,17.456468000000005
2018-05-05 04:00:00+00:00,21.734512
2018-05-05 05:00:00+00:00,22.19529
2018-05-05 06:00:00+00:00,28.752064
2018-05-05 07:00:00+00:00,37.48986
2018-05-05 08:00:00+00:00,58.866126
2018-05-05 09:00:00+00:00,83.84825599999999
2018-05-05 10:00:00+00:00,114.345456
2018-05-05 11:00:00+00:00,173.36131400000002
2018-05-05 12:00:00+00:00,191.725108
2018-05-05 13:00:00+00:00,157.982606
2018-05-05 14:00:00+00:00,89.22936599999998
2018-05-05 15:00:00+00:00,29.658051999999998
2018-05-05 16:00:00+00:00,16.687202
2018-05-05 17:00:00+00:00,21.220855999999998
2018-05-05 18:00:00+00:00,25.368312
2018-05-05 19:00:00+00:00,22.988338000000002
2018-05-05 20:00:00+00:00,17.730222
2018-05-05 21:00:00+00:00,43.952092
2018-05-05 22:00:00+00:00,109.305066
2018-05-05 23:00:00+00:00,92.610616
2018-05-06 00:00:00+00:00,75.15798399999998
2018-05-06 01:00:00+00:00,69.25934199999999
2018-05-06 02:00:00+00:00,61.790012000000004
2018-05-06 03:00:00+00:00,49.262736
2018-05-06 04:00:00+00:00,22.111772000000002
2018-05-06 05:00:00+00:00,12.420075999999998
2018-05-06 06:00:00+00:00,12.135636
2018-05-06 07:00:00+00:00,2.095748
2018-05-06 08:00:00+00:00,6.592526
2018-05-06 09:00:00+00:00,49.18374200000001
2018-05-06 10:00:00+00:00,96.04934
2018-05-06 11:00:00+00:00,135.74941
2018-05-06 12:00:00+00:00,155.326888
2018-05-06 13:00:00+00:00,145.309582
2018-05-06 14:00:00+00:00,112.580682
2018-05-06 15:00:00+00:00,97.39320000000001
2018-05-06 16:00:00+00:00,67.65762199999999
2018-05-06 17:00:00+00:00,42.691199999999995
2018-05-06 18:00:00+00:00,57.17458
2018-05-06 19:00:00+00:00,56.152048
2018-05-06 20:00:00+00:00,22.768714000000003
2018-05-06 21:00:00+00:00,29.640591999999998
2018-05-06 22:00:00+00:00,100.05632
2018-05-06 23:00:00+00:00,232.71405199999998
2018-05-07 00:00:00+00:00,271.57995999999997
2018-05-07 01:00:00+00:00,279.8568
2018-05-07 02:00:00+00:00,279.84
2018-05-07 03:00:00+00:00,278.10824
2018-05-07 04:00:00+00:00,258.619568
2018-05-07 05:00:00+00:00,249.098528
2018-05-07 06:00:00+00:00,225.609082
2018-05-07 07:00:00+00:00,198.05265999999997
2018-05-07 08:00:00+00:00,205.17418
2018-05-07 09:00:00+00:00,210.884002
2018-05-07 10:00:00+00:00,192.114208
2018-05-07 11:00:00+00:00,198.43211599999998
2018-05-07 12:00:00+00:00,221.737118
2018-05-07 13:00:00+00:00,235.78011
2018-05-07 14:00:00+00:00,234.68520599999997
2018-05-07 15:00:00+00:00,223.32099399999998
2018-05-07 16:00:00+00:00,192.94392
2018-05-07 17:00:00+00:00,146.8335
2018-05-07 18:00:00+00:00,101.58141400000001
2018-05-07 19:00:00+00:00,66.46777
2018-05-07 20:00:00+00:00,56.046414000000006
2018-05-07 21:00:00+00:00,58.145342
2018-05-07 22:00:00+00:00,46.95791
2018-05-07 23:00:00+00:00,38.22493800000001
2018-05-08 00:00:00+00:00,33.292574
2018-05-08 01:00:00+00:00,35.974872
2018-05-08 02:00:00+00:00,40.798446
2018-05-08 03:00:00+00:00,46.97554
2018-05-08 04:00:00+00:00,49.346102
2018-05-08 05:00:00+00:00,124.712496
2018-05-08 06:00:00+00:00,187.684956
2018-05-08 07:00:00+00:00,225.25283799999997
2018-05-08 08:00:00+00:00,250.48912199999998
2018-05-08 09:00:00+00:00,265.33207799999997
2018-05-08 10:00:00+00:00,271.744036
2018-05-08 11:00:00+00:00,277.40407400000004
2018-05-08 12:00:00+00:00,280.099
2018-05-08 13:00:00+00:00,280.0486
2018-05-08 14:00:00+00:00,277.501958
2018-05-08 15:00:00+00:00,260.13696000000004
2018-05-08 16:00:00+00:00,235.27648
2018-05-08 17:00:00+00:00,185.24318
2018-05-08 18:00:00+00:00,141.362766
2018-05-08 19:00:00+00:00,74.110742
2018-05-08 20:00:00+00:00,45.729040000000005
2018-05-08 21:00:00+00:00,36.901152
2018-05-08 22:00:00+00:00,29.69508
2018-05-08 23:00:00+00:00,20.929528
2018-05-09 00:00:00+00:00,15.462438
2018-05-09 01:00:00+00:00,16.636582
2018-05-09 02:00:00+00:00,19.915768
2018-05-09 03:00:00+00:00,18.09307
2018-05-09 04:00:00+00:00,16.454106
2018-05-09 05:00:00+00:00,20.985932
2018-05-09 06:00:00+00:00,33.265018
2018-05-09 07:00:00+00:00,52.045732
2018-05-09 08:00:00+00:00,73.08174
2018-05-09 09:00:00+00:00,96.457106
2018-05-09 10:00:00+00:00,114.367114
2018-05-09 11:00:00+00:00,131.283002
2018-05-09 12:00:00+00:00,145.892634
2018-05-09 13:00:00+00:00,152.670144
2018-05-09 14:00:00+00:00,159.545126
2018-05-09 15:00:00+00:00,146.15608399999996
2018-05-09 16:00:00+00:00,112.498944
2018-05-09 17:00:00+00:00,80.93528999999998
2018-05-09 18:00:00+00:00,52.25976
2018-05-09 19:00:00+00:00,35.779038
2018-05-09 20:00:00+00:00,36.541973999999996
2018-05-09 21:00:00+00:00,56.205962
2018-05-09 22:00:00+00:00,77.055476
2018-05-09 23:00:00+00:00,89.08092199999999
2018-05-10 00:00:00+00:00,87.996916
2018-05-10 01:00:00+00:00,83.1629
2018-05-10 02:00:00+00:00,93.532992
2018-05-10 03:00:00+00:00,132.024638
2018-05-10 04:00:00+00:00,123.16087399999998
2018-05-10 05:00:00+00:00,62.81895
2018-05-10 06:00:00+00:00,69.48661
2018-05-10 07:00:00+00:00,152.10941599999998
2018-05-10 08:00:00+00:00,231.06679
2018-05-10 09:00:00+00:00,265.59808200000003
2018-05-10 10:00:00+00:00,279.3444
2018-05-10 11:00:00+00:00,279.5138
2018-05-10 12:00:00+00:00,279.574
2018-05-10 13:00:00+00:00,279.434
2018-05-10 14:00:00+00:00,279.252
2018-05-10 15:00:00+00:00,276.978358
2018-05-10 16:00:00+00:00,268.127712
2018-05-10 17:00:00+00:00,216.556434
2018-05-10 18:00:00+00:00,202.345118
2018-05-10 19:00:00+00:00,202.469602
2018-05-10 20:00:00+00:00,196.93391000000003
2018-05-10 21:00:00+00:00,150.05361999999997
2018-05-10 22:00:00+00:00,116.223012
2018-05-10 23:00:00+00:00,107.61137399999998
2018-05-11 00:00:00+00:00,72.031256
2018-05-11 01:00:00+00:00,46.09787599999999
2018-05-11 02:00:00+00:00,37.058958000000004
2018-05-11 03:00:00+00:00,35.044489999999996
2018-05-11 04:00:00+00:00,27.986423999999996
2018-05-11 05:00:00+00:00,46.294962000000005
2018-05-11 06:00:00+00:00,75.949916
2018-05-11 07:00:00+00:00,106.32365399999999
2018-05-11 08:00:00+00:00,138.74388599999997
2018-05-11 09:00:00+00:00,175.212322
2018-05-11 10:00:00+00:00,208.93678400000002
2018-05-11 11:00:00+00:00,240.99918999999997
2018-05-11 12:00:00+00:00,267.791302
2018-05-11 13:00:00+00:00,279.9156
2018-05-11 14:00:00+00:00,274.286034
2018-05-11 15:00:00+00:00,249.30676799999998
2018-05-11 16:00:00+00:00,207.20570199999997
2018-05-11 17:00:00+00:00,147.944288
2018-05-11 18:00:00+00:00,97.81534
2018-05-11 19:00:00+00:00,71.57111799999998
2018-05-11 20:00:00+00:00,62.735707999999995
2018-05-11 21:00:00+00:00,66.82494
2018-05-11 22:00:00+00:00,69.568356
2018-05-11 23:00:00+00:00,65.115492
2018-05-12 00:00:00+00:00,66.69053799999999
2018-05-12 01:00:00+00:00,64.03744999999999
2018-05-12 02:00:00+00:00,64.29911
2018-05-12 03:00:00+00:00,52.964432
2018-05-12 04:00:00+00:00,69.10316399999999
2018-05-12 05:00:00+00:00,88.90708199999999
2018-05-12 06:00:00+00:00,103.55219799999999
2018-05-12 07:00:00+00:00,115.82776399999999
2018-05-12 08:00:00+00:00,120.556398
2018-05-12 09:00:00+00:00,143.46238
2018-05-12 10:00:00+00:00,177.14975
2018-05-12 11:00:00+00:00,205.66969600000002
2018-05-12 12:00:00+00:00,228.90529
2018-05-12 13:00:00+00:00,244.45464399999997
2018-05-12 14:00:00+00:00,245.73375800000002
2018-05-12 15:00:00+00:00,221.407926
2018-05-12 16:00:00+00:00,162.785516
2018-05-12 17:00:00+00:00,103.50869399999999
2018-05-12 18:00:00+00:00,62.437774
2018-05-12 19:00:00+00:00,29.088352
2018-05-12 20:00:00+00:00,11.638022
2018-05-12 21:00:00+00:00,8.151278
2018-05-12 22:00:00+00:00,8.53587
2018-05-12 23:00:00+00:00,13.121252000000002
2018-05-13 00:00:00+00:00,17.860604
2018-05-13 01:00:00+00:00,20.714707999999998
2018-05-13 02:00:00+00:00,12.331154000000002
2018-05-13 03:00:00+00:00,8.223208
2018-05-13 04:00:00+00:00,26.681451999999997
2018-05-13 05:00:00+00:00,37.596482
2018-05-13 06:00:00+00:00,47.221618
2018-05-13 07:00:00+00:00,64.90310799999999
2018-05-13 08:00:00+00:00,79.74585400000001
2018-05-13 09:00:00+00:00,105.02795799999998
2018-05-13 10:00:00+00:00,138.02651400000002
2018-05-13 11:00:00+00:00,168.222292
2018-05-13 12:00:00+00:00,188.194852
2018-05-13 13:00:00+00:00,198.58539199999998
2018-05-13 14:00:00+00:00,200.545996
2018-05-13 15:00:00+00:00,194.43714
2018-05-13 16:00:00+00:00,151.881654
2018-05-13 17:00:00+00:00,97.216878
2018-05-13 18:00:00+00:00,50.652086
2018-05-13 19:00:00+00:00,19.849421999999997
2018-05-13 20:00:00+00:00,5.5422080000000005
2018-05-13 21:00:00+00:00,1.4789039999999998
2018-05-13 22:00:00+00:00,0.8865719999999999
2018-05-13 23:00:00+00:00,2.1173019999999996
2018-05-14 00:00:00+00:00,4.576658
2018-05-14 01:00:00+00:00,6.2956840000000005
2018-05-14 02:00:00+00:00,6.442977999999999
2018-05-14 03:00:00+00:00,3.9309040000000004
2018-05-14 04:00:00+00:00,6.455585999999999
2018-05-14 05:00:00+00:00,18.259688
2018-05-14 06:00:00+00:00,24.412982
2018-05-14 07:00:00+00:00,26.915595999999997
2018-05-14 08:00:00+00:00,29.776723999999998
2018-05-14 09:00:00+00:00,31.959344
2018-05-14 10:00:00+00:00,32.557964
2018-05-14 11:00:00+00:00,34.261716
2018-05-14 12:00:00+00:00,37.92861800000001
2018-05-14 13:00:00+00:00,42.366998
2018-05-14 14:00:00+00:00,45.41545
2018-05-14 15:00:00+00:00,50.60243400000001
2018-05-14 16:00:00+00:00,72.308092
2018-05-14 17:00:00+00:00,91.791384
2018-05-14 18:00:00+00:00,82.137972
2018-05-14 19:00:00+00:00,52.68515
2018-05-14 20:00:00+00:00,33.640348
2018-05-14 21:00:00+00:00,25.047868
2018-05-14 22:00:00+00:00,21.394396000000004
2018-05-14 23:00:00+00:00,19.375878
2018-05-15 00:00:00+00:00,17.598178
2018-05-15 01:00:00+00:00,16.562208000000002
2018-05-15 02:00:00+00:00,15.585608
2018-05-15 03:00:00+00:00,13.430647999999998
2018-05-15 04:00:00+00:00,7.402588
2018-05-15 05:00:00+00:00,8.18968
2018-05-15 06:00:00+00:00,5.959586000000001
2018-05-15 07:00:00+00:00,4.559494
2018-05-15 08:00:00+00:00,1.4687480000000002
2018-05-15 09:00:00+00:00,0.14484200000000003
2018-05-15 10:00:00+00:00,0.15044200000000002
2018-05-15 11:00:00+00:00,1.7091939999999999
2018-05-15 12:00:00+00:00,10.992591999999998
2018-05-15 13:00:00+00:00,23.026049999999998
2018-05-15 14:00:00+00:00,35.136697999999996
2018-05-15 15:00:00+00:00,54.484621999999995
2018-05-15 16:00:00+00:00,94.314776
2018-05-15 17:00:00+00:00,110.985578
2018-05-15 18:00:00+00:00,99.259166
2018-05-15 19:00:00+00:00,74.97004199999999
2018-05-15 20:00:00+00:00,57.781704000000005
2018-05-15 21:00:00+00:00,55.202532
2018-05-15 22:00:00+00:00,60.688660000000006
2018-05-15 23:00:00+00:00,64.04768599999998
2018-05-16 00:00:00+00:00,66.501592
2018-05-16 01:00:00+00:00,75.037976
2018-05-16 02:00:00+00:00,85.738542
2018-05-16 03:00:00+00:00,91.641218
2018-05-16 04:00:00+00:00,51.633574
2018-05-16 05:00:00+00:00,38.439022
2018-05-16 06:00:00+00:00,24.873016
2018-05-16 07:00:00+00:00,9.934586
2018-05-16 08:00:00+00:00,3.662908
2018-05-16 09:00:00+00:00,0.263922
2018-05-16 10:00:00+00:00,0.0112
2018-05-16 11:00:00+00:00,0.149042
2018-05-16 12:00:00+00:00,2.66269
2018-05-16 13:00:00+00:00,8.393519999999999
2018-05-16 14:00:00+00:00,15.959117999999998
2018-05-16 15:00:00+00:00,33.92846399999999
2018-05-16 16:00:00+00:00,62.570528
2018-05-16 17:00:00+00:00,63.763126
2018-05-16 18:00:00+00:00,50.457048
2018-05-16 19:00:00+00:00,50.069458
2018-05-16 20:00:00+00:00,57.33460600000001
2018-05-16 21:00:00+00:00,73.53326799999999
2018-05-16 22:00:00+00:00,111.535636
2018-05-16 23:00:00+00:00,188.530428
2018-05-17 00:00:00+00:00,271.333162
2018-05-17 01:00:00+00:00,279.9576
2018-05-17 02:00:00+00:00,279.9282
2018-05-17 03:00:00+00:00,279.756
2018-05-17 04:00:00+00:00,279.3906
2018-05-17 05:00:00+00:00,279.5614
2018-05-17 06:00:00+00:00,279.6006
2018-05-17 07:00:00+00:00,275.868634
2018-05-17 08:00:00+00:00,215.15895599999996
2018-05-17 09:00:00+00:00,143.99148399999999
2018-05-17 10:00:00+00:00,87.77645
2018-05-17 11:00:00+00:00,55.893640000000005
2018-05-17 12:00:00+00:00,39.683997999999995
2018-05-17 13:00:00+00:00,34.354228
2018-05-17 14:00:00+00:00,38.9661
2018-05-17 15:00:00+00:00,68.47524000000001
2018-05-17 16:00:00+00:00,165.73937999999998
2018-05-17 17:00:00+00:00,265.970014
2018-05-17 18:00:00+00:00,279.8498
2018-05-17 19:00:00+00:00,280.0794
2018-05-17 20:00:00+00:00,280.1214
2018-05-17 21:00:00+00:00,280.12
2018-05-17 22:00:00+00:00,280.1116
2018-05-17 23:00:00+00:00,280.1116
2018-05-18 00:00:00+00:00,280.1102
2018-05-18 01:00:00+00:00,280.1102
2018-05-18 02:00:00+00:00,280.0808
2018-05-18 03:00:00+00:00,279.9282
2018-05-18 04:00:00+00:00,279.6258
2018-05-18 05:00:00+00:00,279.7336
2018-05-18 06:00:00+00:00,279.8078
2018-05-18 07:00:00+00:00,279.5236
2018-05-18 08:00:00+00:00,271.151078
2018-05-18 09:00:00+00:00,209.504012
2018-05-18 10:00:00+00:00,137.938232
2018-05-18 11:00:00+00:00,89.98150199999999
2018-05-18 12:00:00+00:00,66.305164
2018-05-18 13:00:00+00:00,56.045821999999994
2018-05-18 14:00:00+00:00,55.879632
2018-05-18 15:00:00+00:00,73.206904
2018-05-18 16:00:00+00:00,132.51780999999997
2018-05-18 17:00:00+00:00,207.306182
2018-05-18 18:00:00+00:00,266.801642
2018-05-18 19:00:00+00:00,279.6202
2018-05-18 20:00:00+00:00,279.9142
2018-05-18 21:00:00+00:00,280.0794
2018-05-18 22:00:00+00:00,277.66628
2018-05-18 23:00:00+00:00,277.25296000000003
2018-05-19 00:00:00+00:00,279.59568
2018-05-19 01:00:00+00:00,280.05
2018-05-19 02:00:00+00:00,280.0654
2018-05-19 03:00:00+00:00,279.9758
2018-05-19 04:00:00+00:00,259.23928800000004
2018-05-19 05:00:00+00:00,258.823804
2018-05-19 06:00:00+00:00,239.79679799999997
2018-05-19 07:00:00+00:00,175.497348
2018-05-19 08:00:00+00:00,93.153598
2018-05-19 09:00:00+00:00,41.366196
2018-05-19 10:00:00+00:00,18.543874
2018-05-19 11:00:00+00:00,8.754968000000002
2018-05-19 12:00:00+00:00,4.597926
2018-05-19 13:00:00+00:00,2.751118
2018-05-19 14:00:00+00:00,2.432918
2018-05-19 15:00:00+00:00,5.010516
2018-05-19 16:00:00+00:00,16.278184
2018-05-19 17:00:00+00:00,22.283773999999998
2018-05-19 18:00:00+00:00,21.302216
2018-05-19 19:00:00+00:00,32.16354
2018-05-19 20:00:00+00:00,68.20247400000001
2018-05-19 21:00:00+00:00,124.539966
2018-05-19 22:00:00+00:00,166.888308
2018-05-19 23:00:00+00:00,182.84962599999997
2018-05-20 00:00:00+00:00,184.668322
2018-05-20 01:00:00+00:00,184.97097
2018-05-20 02:00:00+00:00,182.17411599999997
2018-05-20 03:00:00+00:00,165.164948
2018-05-20 04:00:00+00:00,112.18512199999999
2018-05-20 05:00:00+00:00,76.607654
2018-05-20 06:00:00+00:00,84.989816
2018-05-20 07:00:00+00:00,56.728063999999996
2018-05-20 08:00:00+00:00,33.937214
2018-05-20 09:00:00+00:00,30.033234
2018-05-20 10:00:00+00:00,39.581298
2018-05-20 11:00:00+00:00,49.903126
2018-05-20 12:00:00+00:00,62.606477999999996
2018-05-20 13:00:00+00:00,77.523036
2018-05-20 14:00:00+00:00,117.301198
2018-05-20 15:00:00+00:00,168.467352
2018-05-20 16:00:00+00:00,171.893832
2018-05-20 17:00:00+00:00,124.84470599999999
2018-05-20 18:00:00+00:00,76.904414
2018-05-20 19:00:00+00:00,48.615295999999994
2018-05-20 20:00:00+00:00,31.396238
2018-05-20 21:00:00+00:00,21.531526
2018-05-20 22:00:00+00:00,14.058708
2018-05-20 23:00:00+00:00,9.365912000000002
2018-05-21 00:00:00+00:00,13.823299999999998
2018-05-21 01:00:00+00:00,29.53188
2018-05-21 02:00:00+00:00,25.550362000000003
2018-05-21 03:00:00+00:00,14.401117999999999
2018-05-21 04:00:00+00:00,8.268144
2018-05-21 05:00:00+00:00,15.018499999999998
2018-05-21 06:00:00+00:00,11.386906
2018-05-21 07:00:00+00:00,12.873648
2018-05-21 08:00:00+00:00,36.645574
2018-05-21 09:00:00+00:00,69.09334799999999
2018-05-21 10:00:00+00:00,89.207174
2018-05-21 11:00:00+00:00,98.904928
2018-05-21 12:00:00+00:00,96.810382
2018-05-21 13:00:00+00:00,73.741602
2018-05-21 14:00:00+00:00,57.18663000000001
2018-05-21 15:00:00+00:00,78.471824
2018-05-21 16:00:00+00:00,128.464892
2018-05-21 17:00:00+00:00,187.199208
2018-05-21 18:00:00+00:00,181.98803800000002
2018-05-21 19:00:00+00:00,117.34276799999999
2018-05-21 20:00:00+00:00,74.90587000000001
2018-05-21 21:00:00+00:00,65.380206
2018-05-21 22:00:00+00:00,68.885696
2018-05-21 23:00:00+00:00,72.17451599999998
2018-05-22 00:00:00+00:00,77.43210199999999
2018-05-22 01:00:00+00:00,88.7255
2018-05-22 02:00:00+00:00,108.28304000000001
2018-05-22 03:00:00+00:00,115.217652
2018-05-22 04:00:00+00:00,81.92742599999998
2018-05-22 05:00:00+00:00,60.103772
2018-05-22 06:00:00+00:00,96.09035999999999
2018-05-22 07:00:00+00:00,152.43715400000002
2018-05-22 08:00:00+00:00,183.327616
2018-05-22 09:00:00+00:00,136.921934
2018-05-22 10:00:00+00:00,61.494048
2018-05-22 11:00:00+00:00,9.39097
2018-05-22 12:00:00+00:00,0.245642
2018-05-22 13:00:00+00:00,11.273558000000001
2018-05-22 14:00:00+00:00,17.745248
2018-05-22 15:00:00+00:00,6.919012
2018-05-22 16:00:00+00:00,0.881784
2018-05-22 17:00:00+00:00,0.17087999999999998
2018-05-22 18:00:00+00:00,0.09808
2018-05-22 19:00:00+00:00,0.77378
2018-05-22 20:00:00+00:00,5.69318
2018-05-22 21:00:00+00:00,10.64584
2018-05-22 22:00:00+00:00,13.399072
2018-05-22 23:00:00+00:00,16.825733999999997
2018-05-23 00:00:00+00:00,20.330693999999998
2018-05-23 01:00:00+00:00,19.826824000000002
2018-05-23 02:00:00+00:00,16.19697
2018-05-23 03:00:00+00:00,14.69058
2018-05-23 04:00:00+00:00,9.24052
2018-05-23 05:00:00+00:00,1.5310439999999998
2018-05-23 06:00:00+00:00,5.239866
2018-05-23 07:00:00+00:00,26.095926000000002
2018-05-23 08:00:00+00:00,65.68026799999998
2018-05-23 09:00:00+00:00,122.77568000000001
2018-05-23 10:00:00+00:00,176.761822
2018-05-23 11:00:00+00:00,233.454862
2018-05-23 12:00:00+00:00,269.74975
2018-05-23 13:00:00+00:00,276.20053800000005
2018-05-23 14:00:00+00:00,270.50690000000003
2018-05-23 15:00:00+00:00,255.007406
2018-05-23 16:00:00+00:00,214.06274399999998
2018-05-23 17:00:00+00:00,133.72926999999999
2018-05-23 18:00:00+00:00,70.13373999999999
2018-05-23 19:00:00+00:00,48.837456
2018-05-23 20:00:00+00:00,42.053334
2018-05-23 21:00:00+00:00,42.088018
2018-05-23 22:00:00+00:00,51.10558
2018-05-23 23:00:00+00:00,54.700742
2018-05-24 00:00:00+00:00,52.087116
2018-05-24 01:00:00+00:00,47.74743999999999
2018-05-24 02:00:00+00:00,39.626242000000005
2018-05-24 03:00:00+00:00,25.252270000000003
2018-05-24 04:00:00+00:00,13.246929999999999
2018-05-24 05:00:00+00:00,18.54325
2018-05-24 06:00:00+00:00,23.530618
2018-05-24 07:00:00+00:00,30.469778000000005
2018-05-24 08:00:00+00:00,54.469772
2018-05-24 09:00:00+00:00,92.288518
2018-05-24 10:00:00+00:00,111.329642
2018-05-24 11:00:00+00:00,115.43820399999998
2018-05-24 12:00:00+00:00,124.47084799999999
2018-05-24 13:00:00+00:00,141.026228
2018-05-24 14:00:00+00:00,154.148714
2018-05-24 15:00:00+00:00,162.739518
2018-05-24 16:00:00+00:00,180.72007599999998
2018-05-24 17:00:00+00:00,166.224898
2018-05-24 18:00:00+00:00,100.985706
2018-05-24 19:00:00+00:00,49.843536
2018-05-24 20:00:00+00:00,23.355996
2018-05-24 21:00:00+00:00,11.845082
2018-05-24 22:00:00+00:00,7.651284
2018-05-24 23:00:00+00:00,5.880592
2018-05-25 00:00:00+00:00,5.392644
2018-05-25 01:00:00+00:00,5.5881
2018-05-25 02:00:00+00:00,3.4791980000000002
2018-05-25 03:00:00+00:00,1.718306
2018-05-25 04:00:00+00:00,0.43872600000000006
2018-05-25 05:00:00+00:00,0.20316
2018-05-25 06:00:00+00:00,0.018199999999999997
2018-05-25 07:00:00+00:00,0.14708
2018-05-25 08:00:00+00:00,4.20423
2018-05-25 09:00:00+00:00,33.943065999999995
2018-05-25 10:00:00+00:00,67.963014
2018-05-25 11:00:00+00:00,91.78647
2018-05-25 12:00:00+00:00,93.24007
2018-05-25 13:00:00+00:00,78.727022
2018-05-25 14:00:00+00:00,65.323726
2018-05-25 15:00:00+00:00,58.791005999999996
2018-05-25 16:00:00+00:00,67.426872
2018-05-25 17:00:00+00:00,68.425082
2018-05-25 18:00:00+00:00,43.695555999999996
2018-05-25 19:00:00+00:00,17.905326
2018-05-25 20:00:00+00:00,5.907208
2018-05-25 21:00:00+00:00,1.522866
2018-05-25 22:00:00+00:00,0.29424
2018-05-25 23:00:00+00:00,0.24152200000000001
2018-05-26 00:00:00+00:00,0.28688400000000003
2018-05-26 01:00:00+00:00,0.9639840000000001
2018-05-26 02:00:00+00:00,2.626788
2018-05-26 03:00:00+00:00,6.031390000000001
2018-05-26 04:00:00+00:00,6.550865999999998
2018-05-26 05:00:00+00:00,10.037784000000002
2018-05-26 06:00:00+00:00,20.519189999999995
2018-05-26 07:00:00+00:00,26.070825999999997
2018-05-26 08:00:00+00:00,37.054520000000004
2018-05-26 09:00:00+00:00,53.478688
2018-05-26 10:00:00+00:00,77.47042400000001
2018-05-26 11:00:00+00:00,96.28999800000001
2018-05-26 12:00:00+00:00,100.94152799999999
2018-05-26 13:00:00+00:00,107.64836400000002
2018-05-26 14:00:00+00:00,139.675842
2018-05-26 15:00:00+00:00,197.4816
2018-05-26 16:00:00+00:00,189.676236
2018-05-26 17:00:00+00:00,95.82831800000001
2018-05-26 18:00:00+00:00,24.408314
2018-05-26 19:00:00+00:00,2.3450999999999995
2018-05-26 20:00:00+00:00,0.639584
2018-05-26 21:00:00+00:00,8.449568000000001
2018-05-26 22:00:00+00:00,20.696271999999997
2018-05-26 23:00:00+00:00,23.836066
2018-05-27 00:00:00+00:00,22.168532
2018-05-27 01:00:00+00:00,20.038266
2018-05-27 02:00:00+00:00,16.371979999999997
2018-05-27 03:00:00+00:00,9.647014000000002
2018-05-27 04:00:00+00:00,3.029438
2018-05-27 05:00:00+00:00,3.476928
2018-05-27 06:00:00+00:00,10.49876
2018-05-27 07:00:00+00:00,23.147401999999996
2018-05-27 08:00:00+00:00,44.27955199999999
2018-05-27 09:00:00+00:00,66.03428
2018-05-27 10:00:00+00:00,80.425692
2018-05-27 11:00:00+00:00,94.199414
2018-05-27 12:00:00+00:00,120.37867399999999
2018-05-27 13:00:00+00:00,159.16554
2018-05-27 14:00:00+00:00,185.97732
2018-05-27 15:00:00+00:00,150.54728
2018-05-27 16:00:00+00:00,101.60498999999999
2018-05-27 17:00:00+00:00,82.823772
2018-05-27 18:00:00+00:00,42.57590999999999
2018-05-27 19:00:00+00:00,22.756656
2018-05-27 20:00:00+00:00,16.753265999999996
2018-05-27 21:00:00+00:00,18.596117999999997
2018-05-27 22:00:00+00:00,16.705111999999996
2018-05-27 23:00:00+00:00,9.3711
2018-05-28 00:00:00+00:00,5.8792860000000005
2018-05-28 01:00:00+00:00,6.022031999999999
2018-05-28 02:00:00+00:00,8.101676
2018-05-28 03:00:00+00:00,8.940656
2018-05-28 04:00:00+00:00,8.013476
2018-05-28 05:00:00+00:00,11.750331999999998
2018-05-28 06:00:00+00:00,7.696828
2018-05-28 07:00:00+00:00,6.0098519999999995
2018-05-28 08:00:00+00:00,29.109788
2018-05-28 09:00:00+00:00,61.07874999999999
2018-05-28 10:00:00+00:00,43.118838000000004
2018-05-28 11:00:00+00:00,16.241682
2018-05-28 12:00:00+00:00,2.4028860000000005
2018-05-28 13:00:00+00:00,4.605052
2018-05-28 14:00:00+00:00,32.394732000000005
2018-05-28 15:00:00+00:00,28.134762
2018-05-28 16:00:00+00:00,8.35742
2018-05-28 17:00:00+00:00,18.004062
2018-05-28 18:00:00+00:00,8.109893999999999
2018-05-28 19:00:00+00:00,2.7454719999999995
2018-05-28 20:00:00+00:00,1.57957
2018-05-28 21:00:00+00:00,0.15968
2018-05-28 22:00:00+00:00,0.183132
2018-05-28 23:00:00+00:00,0.7766500000000001
2018-05-29 00:00:00+00:00,1.541618
2018-05-29 01:00:00+00:00,2.106424
2018-05-29 02:00:00+00:00,3.419312
2018-05-29 03:00:00+00:00,4.2227939999999995
2018-05-29 04:00:00+00:00,6.233830000000001
2018-05-29 05:00:00+00:00,13.292252
2018-05-29 06:00:00+00:00,20.234552
2018-05-29 07:00:00+00:00,34.821824
2018-05-29 08:00:00+00:00,63.752584
2018-05-29 09:00:00+00:00,81.947436
2018-05-29 10:00:00+00:00,92.62724800000001
2018-05-29 11:00:00+00:00,102.277568
2018-05-29 12:00:00+00:00,110.80960999999999
2018-05-29 13:00:00+00:00,125.16776199999998
2018-05-29 14:00:00+00:00,139.211694
2018-05-29 15:00:00+00:00,147.17238
2018-05-29 16:00:00+00:00,154.58181
2018-05-29 17:00:00+00:00,138.095766
2018-05-29 18:00:00+00:00,99.79374800000001
2018-05-29 19:00:00+00:00,64.824994
2018-05-29 20:00:00+00:00,38.761863999999996
2018-05-29 21:00:00+00:00,24.176000000000002
2018-05-29 22:00:00+00:00,19.701638000000003
2018-05-29 23:00:00+00:00,18.216430000000003
2018-05-30 00:00:00+00:00,16.28408
2018-05-30 01:00:00+00:00,13.213124
2018-05-30 02:00:00+00:00,10.88775
2018-05-30 03:00:00+00:00,6.453482
2018-05-30 04:00:00+00:00,4.05314
2018-05-30 05:00:00+00:00,5.661461999999999
2018-05-30 06:00:00+00:00,12.762604
2018-05-30 07:00:00+00:00,18.016678
2018-05-30 08:00:00+00:00,26.175311999999998
2018-05-30 09:00:00+00:00,38.989234
2018-05-30 10:00:00+00:00,54.689136
2018-05-30 11:00:00+00:00,65.19762399999999
2018-05-30 12:00:00+00:00,74.87402999999999
2018-05-30 13:00:00+00:00,91.620114
2018-05-30 14:00:00+00:00,122.99783599999999
2018-05-30 15:00:00+00:00,160.466342
2018-05-30 16:00:00+00:00,173.652566
2018-05-30 17:00:00+00:00,138.909918
2018-05-30 18:00:00+00:00,91.02472399999999
2018-05-30 19:00:00+00:00,49.378105999999995
2018-05-30 20:00:00+00:00,20.096386000000003
2018-05-30 21:00:00+00:00,9.028082000000001
2018-05-30 22:00:00+00:00,5.221708
2018-05-30 23:00:00+00:00,3.4464599999999996
2018-05-31 00:00:00+00:00,2.362676
2018-05-31 01:00:00+00:00,1.6778639999999998
2018-05-31 02:00:00+00:00,1.193412
2018-05-31 03:00:00+00:00,0.7114119999999999
2018-05-31 04:00:00+00:00,1.563814
2018-05-31 05:00:00+00:00,11.67269
2018-05-31 06:00:00+00:00,31.419144
2018-05-31 07:00:00+00:00,46.383137999999995
2018-05-31 08:00:00+00:00,57.942696
2018-05-31 09:00:00+00:00,67.36935400000002
2018-05-31 10:00:00+00:00,74.42473000000001
2018-05-31 11:00:00+00:00,83.26024999999998
2018-05-31 12:00:00+00:00,94.850948
2018-05-31 13:00:00+00:00,105.36331200000001
2018-05-31 14:00:00+00:00,115.01401200000001
2018-05-31 15:00:00+00:00,131.20880799999998
2018-05-31 16:00:00+00:00,147.204044
2018-05-31 17:00:00+00:00,134.472534
2018-05-31 18:00:00+00:00,84.55902999999999
2018-05-31 19:00:00+00:00,40.693708
2018-05-31 20:00:00+00:00,15.163864000000002
2018-05-31 21:00:00+00:00,4.422356
2018-05-31 22:00:00+00:00,1.224774
2018-05-31 23:00:00+00:00,0.832454
2018-06-01 00:00:00+00:00,1.5141099999999998
2018-06-01 01:00:00+00:00,2.838364
2018-06-01 02:00:00+00:00,4.264898
2018-06-01 03:00:00+00:00,4.507820000000001
2018-06-01 04:00:00+00:00,9.907282
2018-06-01 05:00:00+00:00,46.854318
2018-06-01 06:00:00+00:00,86.64829999999999
2018-06-01 07:00:00+00:00,113.492558
2018-06-01 08:00:00+00:00,140.40756
2018-06-01 09:00:00+00:00,165.61631
2018-06-01 10:00:00+00:00,185.139402
2018-06-01 11:00:00+00:00,196.313094
2018-06-01 12:00:00+00:00,203.64960399999998
2018-06-01 13:00:00+00:00,204.510422
2018-06-01 14:00:00+00:00,199.308718
2018-06-01 15:00:00+00:00,189.285544
2018-06-01 16:00:00+00:00,162.73366000000001
2018-06-01 17:00:00+00:00,116.60341
2018-06-01 18:00:00+00:00,72.199368
2018-06-01 19:00:00+00:00,39.755794
2018-06-01 20:00:00+00:00,19.862053999999997
2018-06-01 21:00:00+00:00,10.45112
2018-06-01 22:00:00+00:00,6.906232
2018-06-01 23:00:00+00:00,6.072725999999999
2018-06-02 00:00:00+00:00,5.2845819999999994
2018-06-02 01:00:00+00:00,3.903054
2018-06-02 02:00:00+00:00,2.419594
2018-06-02 03:00:00+00:00,0.8932240000000001
2018-06-02 04:00:00+00:00,0.597228
2018-06-02 05:00:00+00:00,3.523864
2018-06-02 06:00:00+00:00,12.356663999999999
2018-06-02 07:00:00+00:00,23.515881999999998
2018-06-02 08:00:00+00:00,44.24157
2018-06-02 09:00:00+00:00,70.25254399999999
2018-06-02 10:00:00+00:00,89.00051200000001
2018-06-02 11:00:00+00:00,95.259558
2018-06-02 12:00:00+00:00,93.87606799999999
2018-06-02 13:00:00+00:00,107.22312600000001
2018-06-02 14:00:00+00:00,136.013204
2018-06-02 15:00:00+00:00,162.62940199999997
2018-06-02 16:00:00+00:00,175.084162
2018-06-02 17:00:00+00:00,157.16221000000002
2018-06-02 18:00:00+00:00,112.434148
2018-06-02 19:00:00+00:00,68.096104
2018-06-02 20:00:00+00:00,41.935249999999996
2018-06-02 21:00:00+00:00,27.917902
2018-06-02 22:00:00+00:00,20.94496
2018-06-02 23:00:00+00:00,17.966492
2018-06-03 00:00:00+00:00,16.030994
2018-06-03 01:00:00+00:00,13.751686000000001
2018-06-03 02:00:00+00:00,11.238211999999999
2018-06-03 03:00:00+00:00,4.828335999999999
2018-06-03 04:00:00+00:00,2.468112
2018-06-03 05:00:00+00:00,1.4761040000000003
2018-06-03 06:00:00+00:00,0.0014
2018-06-03 07:00:00+00:00,0.0056
2018-06-03 08:00:00+00:00,0.42312
2018-06-03 09:00:00+00:00,3.260368
2018-06-03 10:00:00+00:00,12.635667999999999
2018-06-03 11:00:00+00:00,30.793644000000004
2018-06-03 12:00:00+00:00,47.770815999999996
2018-06-03 13:00:00+00:00,53.15236999999999
2018-06-03 14:00:00+00:00,62.6418
2018-06-03 15:00:00+00:00,96.101326
2018-06-03 16:00:00+00:00,158.97597799999997
2018-06-03 17:00:00+00:00,167.846872
2018-06-03 18:00:00+00:00,110.65947800000002
2018-06-03 19:00:00+00:00,64.627268
2018-06-03 20:00:00+00:00,35.516824
2018-06-03 21:00:00+00:00,25.849664
2018-06-03 22:00:00+00:00,24.912834
2018-06-03 23:00:00+00:00,25.40639
2018-06-04 00:00:00+00:00,23.674756000000002
2018-06-04 01:00:00+00:00,20.656170000000003
2018-06-04 02:00:00+00:00,17.344744000000002
2018-06-04 03:00:00+00:00,10.095058000000002
2018-06-04 04:00:00+00:00,8.379884
2018-06-04 05:00:00+00:00,4.892966
2018-06-04 06:00:00+00:00,0.0
2018-06-04 07:00:00+00:00,0.0
2018-06-04 08:00:00+00:00,0.0028
2018-06-04 09:00:00+00:00,0.041999999999999996
2018-06-04 10:00:00+00:00,0.38852200000000003
2018-06-04 11:00:00+00:00,4.53895
2018-06-04 12:00:00+00:00,17.526204000000003
2018-06-04 13:00:00+00:00,36.283568
2018-06-04 14:00:00+00:00,44.70406799999999
2018-06-04 15:00:00+00:00,72.190498
2018-06-04 16:00:00+00:00,143.58600800000002
2018-06-04 17:00:00+00:00,176.19367799999998
2018-06-04 18:00:00+00:00,131.670152
2018-06-04 19:00:00+00:00,80.84443999999999
2018-06-04 20:00:00+00:00,47.60462199999999
2018-06-04 21:00:00+00:00,32.344442
2018-06-04 22:00:00+00:00,24.86411
2018-06-04 23:00:00+00:00,19.568683999999998
2018-06-05 00:00:00+00:00,14.511624000000001
2018-06-05 01:00:00+00:00,10.744307999999998
2018-06-05 02:00:00+00:00,7.480348
2018-06-05 03:00:00+00:00,2.8520240000000006
2018-06-05 04:00:00+00:00,2.265648
2018-06-05 05:00:00+00:00,0.0
2018-06-05 06:00:00+00:00,0.0
2018-06-05 07:00:00+00:00,0.0
2018-06-05 08:00:00+00:00,0.09808
2018-06-05 09:00:00+00:00,0.19756
2018-06-05 10:00:00+00:00,0.30824
2018-06-05 11:00:00+00:00,0.45811999999999997
2018-06-05 12:00:00+00:00,0.37256
2018-06-05 13:00:00+00:00,2.026314
2018-06-05 14:00:00+00:00,16.826292000000002
2018-06-05 15:00:00+00:00,35.632189999999994
2018-06-05 16:00:00+00:00,83.773398
2018-06-05 17:00:00+00:00,120.556524
2018-06-05 18:00:00+00:00,122.699716
2018-06-05 19:00:00+00:00,89.90918400000001
2018-06-05 20:00:00+00:00,61.75692600000001
2018-06-05 21:00:00+00:00,46.24453
2018-06-05 22:00:00+00:00,35.8815
2018-06-05 23:00:00+00:00,27.141156
2018-06-06 00:00:00+00:00,20.101408000000003
2018-06-06 01:00:00+00:00,15.572823999999999
2018-06-06 02:00:00+00:00,13.238977999999998
2018-06-06 03:00:00+00:00,10.731540000000003
2018-06-06 04:00:00+00:00,5.830760000000001
2018-06-06 05:00:00+00:00,10.150710000000002
2018-06-06 06:00:00+00:00,8.44381
2018-06-06 07:00:00+00:00,6.019659999999999
2018-06-06 08:00:00+00:00,1.9640520000000001
2018-06-06 09:00:00+00:00,1.38572
2018-06-06 10:00:00+00:00,1.0326
2018-06-06 11:00:00+00:00,0.51272
2018-06-06 12:00:00+00:00,0.350642
2018-06-06 13:00:00+00:00,13.258403999999999
2018-06-06 14:00:00+00:00,81.715522
2018-06-06 15:00:00+00:00,196.39369400000004
2018-06-06 16:00:00+00:00,256.2089
2018-06-06 17:00:00+00:00,200.866682
2018-06-06 18:00:00+00:00,132.471442
2018-06-06 19:00:00+00:00,82.00689399999999
2018-06-06 20:00:00+00:00,56.62065
2018-06-06 21:00:00+00:00,47.572414
2018-06-06 22:00:00+00:00,41.063050000000004
2018-06-06 23:00:00+00:00,35.376687999999994
2018-06-07 00:00:00+00:00,31.663134
2018-06-07 01:00:00+00:00,29.558424000000002
2018-06-07 02:00:00+00:00,30.163838000000002
2018-06-07 03:00:00+00:00,23.300183999999998
2018-06-07 04:00:00+00:00,13.703586
2018-06-07 05:00:00+00:00,12.450866
2018-06-07 06:00:00+00:00,16.072429999999997
2018-06-07 07:00:00+00:00,7.931308
2018-06-07 08:00:00+00:00,0.470292
2018-06-07 09:00:00+00:00,0.28996
2018-06-07 10:00:00+00:00,0.5352
2018-06-07 11:00:00+00:00,0.94292
2018-06-07 12:00:00+00:00,1.1193199999999999
2018-06-07 13:00:00+00:00,3.5130220000000003
2018-06-07 14:00:00+00:00,54.931452
2018-06-07 15:00:00+00:00,162.60736200000002
2018-06-07 16:00:00+00:00,225.28346599999998
2018-06-07 17:00:00+00:00,161.62607599999998
2018-06-07 18:00:00+00:00,93.851722
2018-06-07 19:00:00+00:00,54.955212
2018-06-07 20:00:00+00:00,41.548933999999996
2018-06-07 21:00:00+00:00,39.519904
2018-06-07 22:00:00+00:00,39.760184
2018-06-07 23:00:00+00:00,40.552338
2018-06-08 00:00:00+00:00,38.520674
2018-06-08 01:00:00+00:00,33.429808
2018-06-08 02:00:00+00:00,26.493471999999997
2018-06-08 03:00:00+00:00,12.435832
2018-06-08 04:00:00+00:00,6.128947999999999
2018-06-08 05:00:00+00:00,1.69188
2018-06-08 06:00:00+00:00,0.100532
2018-06-08 07:00:00+00:00,0.0028
2018-06-08 08:00:00+00:00,0.5184
2018-06-08 09:00:00+00:00,1.6669319999999999
2018-06-08 10:00:00+00:00,2.231658
2018-06-08 11:00:00+00:00,17.721826
2018-06-08 12:00:00+00:00,63.05353
2018-06-08 13:00:00+00:00,95.33766800000001
2018-06-08 14:00:00+00:00,150.687162
2018-06-08 15:00:00+00:00,214.61596
2018-06-08 16:00:00+00:00,218.058776
2018-06-08 17:00:00+00:00,161.268678
2018-06-08 18:00:00+00:00,105.86198999999999
2018-06-08 19:00:00+00:00,63.700602
2018-06-08 20:00:00+00:00,40.768826
2018-06-08 21:00:00+00:00,35.650466
2018-06-08 22:00:00+00:00,37.702624
2018-06-08 23:00:00+00:00,40.525232
2018-06-09 00:00:00+00:00,42.64429
2018-06-09 01:00:00+00:00,44.446161999999994
2018-06-09 02:00:00+00:00,44.17434599999999
2018-06-09 03:00:00+00:00,35.51774199999999
2018-06-09 04:00:00+00:00,20.453532000000003
2018-06-09 05:00:00+00:00,23.162992
2018-06-09 06:00:00+00:00,18.167042000000002
2018-06-09 07:00:00+00:00,19.080586
2018-06-09 08:00:00+00:00,13.145512
2018-06-09 09:00:00+00:00,25.496346000000003
2018-06-09 10:00:00+00:00,46.942122
2018-06-09 11:00:00+00:00,66.630984
2018-06-09 12:00:00+00:00,87.839548
2018-06-09 13:00:00+00:00,117.03381
2018-06-09 14:00:00+00:00,156.11814399999997
2018-06-09 15:00:00+00:00,184.26663000000002
2018-06-09 16:00:00+00:00,187.409898
2018-06-09 17:00:00+00:00,156.016034
2018-06-09 18:00:00+00:00,107.12610600000001
2018-06-09 19:00:00+00:00,66.894118
2018-06-09 20:00:00+00:00,43.083838
2018-06-09 21:00:00+00:00,37.235668000000004
2018-06-09 22:00:00+00:00,38.611082
2018-06-09 23:00:00+00:00,40.333445999999995
2018-06-10 00:00:00+00:00,41.320028
2018-06-10 01:00:00+00:00,41.228078
2018-06-10 02:00:00+00:00,40.30017
2018-06-10 03:00:00+00:00,29.098571999999997
2018-06-10 04:00:00+00:00,21.753614000000002
2018-06-10 05:00:00+00:00,40.246598
2018-06-10 06:00:00+00:00,50.120272
2018-06-10 07:00:00+00:00,68.34735599999999
2018-06-10 08:00:00+00:00,86.966704
2018-06-10 09:00:00+00:00,110.403954
2018-06-10 10:00:00+00:00,144.27404399999998
2018-06-10 11:00:00+00:00,187.01589800000002
2018-06-10 12:00:00+00:00,233.26597199999998
2018-06-10 13:00:00+00:00,260.068088
2018-06-10 14:00:00+00:00,251.31802000000002
2018-06-10 15:00:00+00:00,209.709136
2018-06-10 16:00:00+00:00,155.114694
2018-06-10 17:00:00+00:00,113.75112399999999
2018-06-10 18:00:00+00:00,65.858606
2018-06-10 19:00:00+00:00,31.039771999999996
2018-06-10 20:00:00+00:00,19.280724
2018-06-10 21:00:00+00:00,21.028138
2018-06-10 22:00:00+00:00,25.98276
2018-06-10 23:00:00+00:00,30.030663999999998
2018-06-11 00:00:00+00:00,29.729424
2018-06-11 01:00:00+00:00,27.0641
2018-06-11 02:00:00+00:00,24.413132
2018-06-11 03:00:00+00:00,19.404052
2018-06-11 04:00:00+00:00,24.582825999999997
2018-06-11 05:00:00+00:00,74.451886
2018-06-11 06:00:00+00:00,137.52755200000001
2018-06-11 07:00:00+00:00,180.37103000000002
2018-06-11 08:00:00+00:00,209.530418
2018-06-11 09:00:00+00:00,237.60429
2018-06-11 10:00:00+00:00,253.61066399999999
2018-06-11 11:00:00+00:00,263.57412800000003
2018-06-11 12:00:00+00:00,267.134292
2018-06-11 13:00:00+00:00,262.91147399999994
2018-06-11 14:00:00+00:00,253.149412
2018-06-11 15:00:00+00:00,228.43967600000002
2018-06-11 16:00:00+00:00,172.03581999999997
2018-06-11 17:00:00+00:00,115.60336600000001
2018-06-11 18:00:00+00:00,71.860826
2018-06-11 19:00:00+00:00,42.201663999999994
2018-06-11 20:00:00+00:00,27.953116
2018-06-11 21:00:00+00:00,20.034564
2018-06-11 22:00:00+00:00,13.523103999999998
2018-06-11 23:00:00+00:00,8.691612
2018-06-12 00:00:00+00:00,5.77461
2018-06-12 01:00:00+00:00,4.489058000000001
2018-06-12 02:00:00+00:00,5.336564
2018-06-12 03:00:00+00:00,7.169086
2018-06-12 04:00:00+00:00,33.893046
2018-06-12 05:00:00+00:00,104.215662
2018-06-12 06:00:00+00:00,147.669792
2018-06-12 07:00:00+00:00,169.008274
2018-06-12 08:00:00+00:00,188.57061399999998
2018-06-12 09:00:00+00:00,209.44089
2018-06-12 10:00:00+00:00,232.822856
2018-06-12 11:00:00+00:00,250.529904
2018-06-12 12:00:00+00:00,261.204812
2018-06-12 13:00:00+00:00,266.78085
2018-06-12 14:00:00+00:00,259.94205400000004
2018-06-12 15:00:00+00:00,235.508492
2018-06-12 16:00:00+00:00,189.299316
2018-06-12 17:00:00+00:00,120.13836400000001
2018-06-12 18:00:00+00:00,68.761688
2018-06-12 19:00:00+00:00,32.915251999999995
2018-06-12 20:00:00+00:00,14.929674
2018-06-12 21:00:00+00:00,6.919512
2018-06-12 22:00:00+00:00,4.0273699999999995
2018-06-12 23:00:00+00:00,3.544318
2018-06-13 00:00:00+00:00,3.933134
2018-06-13 01:00:00+00:00,3.8361060000000005
2018-06-13 02:00:00+00:00,4.083932000000001
2018-06-13 03:00:00+00:00,5.360379999999999
2018-06-13 04:00:00+00:00,24.617676
2018-06-13 05:00:00+00:00,36.476251999999995
2018-06-13 06:00:00+00:00,39.738994
2018-06-13 07:00:00+00:00,41.454864
2018-06-13 08:00:00+00:00,47.608838000000006
2018-06-13 09:00:00+00:00,60.25743999999999
2018-06-13 10:00:00+00:00,78.36574399999999
2018-06-13 11:00:00+00:00,99.63606000000001
2018-06-13 12:00:00+00:00,119.11379
2018-06-13 13:00:00+00:00,131.44344999999998
2018-06-13 14:00:00+00:00,137.95054399999998
2018-06-13 15:00:00+00:00,140.375628
2018-06-13 16:00:00+00:00,128.52380800000003
2018-06-13 17:00:00+00:00,93.49180799999999
2018-06-13 18:00:00+00:00,55.33349200000001
2018-06-13 19:00:00+00:00,24.36811
2018-06-13 20:00:00+00:00,7.50346
2018-06-13 21:00:00+00:00,1.573132
2018-06-13 22:00:00+00:00,0.19616
2018-06-13 23:00:00+00:00,0.48304400000000003
2018-06-14 00:00:00+00:00,1.552116
2018-06-14 01:00:00+00:00,2.8739179999999998
2018-06-14 02:00:00+00:00,3.671514
2018-06-14 03:00:00+00:00,3.7168759999999996
2018-06-14 04:00:00+00:00,3.7126759999999996
2018-06-14 05:00:00+00:00,11.282
2018-06-14 06:00:00+00:00,20.89804
2018-06-14 07:00:00+00:00,28.541967999999997
2018-06-14 08:00:00+00:00,33.975228
2018-06-14 09:00:00+00:00,38.656752
2018-06-14 10:00:00+00:00,45.83123200000001
2018-06-14 11:00:00+00:00,55.935994
2018-06-14 12:00:00+00:00,67.80073
2018-06-14 13:00:00+00:00,84.060344
2018-06-14 14:00:00+00:00,111.41988599999999
2018-06-14 15:00:00+00:00,165.284766
2018-06-14 16:00:00+00:00,197.86603399999998
2018-06-14 17:00:00+00:00,153.978478
2018-06-14 18:00:00+00:00,77.301608
2018-06-14 19:00:00+00:00,28.168180000000003
2018-06-14 20:00:00+00:00,7.674752
2018-06-14 21:00:00+00:00,2.892482
2018-06-14 22:00:00+00:00,3.1758619999999995
2018-06-14 23:00:00+00:00,4.381368
2018-06-15 00:00:00+00:00,5.686354
2018-06-15 01:00:00+00:00,6.946682
2018-06-15 02:00:00+00:00,8.55362
2018-06-15 03:00:00+00:00,10.351814
2018-06-15 04:00:00+00:00,15.83606
2018-06-15 05:00:00+00:00,44.185902
2018-06-15 06:00:00+00:00,65.328786
2018-06-15 07:00:00+00:00,77.65567
2018-06-15 08:00:00+00:00,90.27940399999999
2018-06-15 09:00:00+00:00,109.32210199999999
2018-06-15 10:00:00+00:00,133.148106
2018-06-15 11:00:00+00:00,155.93428
2018-06-15 12:00:00+00:00,172.70326199999997
2018-06-15 13:00:00+00:00,184.274914
2018-06-15 14:00:00+00:00,186.58488799999998
2018-06-15 15:00:00+00:00,173.197894
2018-06-15 16:00:00+00:00,140.53307
2018-06-15 17:00:00+00:00,107.11441399999998
2018-06-15 18:00:00+00:00,70.18285
2018-06-15 19:00:00+00:00,43.90557399999999
2018-06-15 20:00:00+00:00,20.331960000000002
2018-06-15 21:00:00+00:00,8.697418
2018-06-15 22:00:00+00:00,5.109959999999999
2018-06-15 23:00:00+00:00,3.5082579999999997
2018-06-16 00:00:00+00:00,2.678382
2018-06-16 01:00:00+00:00,3.792934
2018-06-16 02:00:00+00:00,8.785506000000002
2018-06-16 03:00:00+00:00,20.441262000000002
2018-06-16 04:00:00+00:00,25.07253
2018-06-16 05:00:00+00:00,1.0334940000000001
2018-06-16 06:00:00+00:00,0.018199999999999997
2018-06-16 07:00:00+00:00,0.256574
2018-06-16 08:00:00+00:00,1.8255059999999999
2018-06-16 09:00:00+00:00,4.82692
2018-06-16 10:00:00+00:00,13.727822000000002
2018-06-16 11:00:00+00:00,41.632538
2018-06-16 12:00:00+00:00,90.259016
2018-06-16 13:00:00+00:00,132.190278
2018-06-16 14:00:00+00:00,160.06854
2018-06-16 15:00:00+00:00,233.26045000000002
2018-06-16 16:00:00+00:00,245.75086
2018-06-16 17:00:00+00:00,131.421536
2018-06-16 18:00:00+00:00,67.894368
2018-06-16 19:00:00+00:00,54.047194
2018-06-16 20:00:00+00:00,28.981583999999998
2018-06-16 21:00:00+00:00,12.193524
2018-06-16 22:00:00+00:00,5.9065579999999995
2018-06-16 23:00:00+00:00,3.894084
2018-06-17 00:00:00+00:00,1.937594
2018-06-17 01:00:00+00:00,0.600384
2018-06-17 02:00:00+00:00,0.10368
2018-06-17 03:00:00+00:00,0.0028
2018-06-17 04:00:00+00:00,0.012599999999999998
2018-06-17 05:00:00+00:00,0.0784
2018-06-17 06:00:00+00:00,1.5764759999999998
2018-06-17 07:00:00+00:00,7.758401999999999
2018-06-17 08:00:00+00:00,20.679650000000002
2018-06-17 09:00:00+00:00,61.957930000000005
2018-06-17 10:00:00+00:00,98.60472999999999
2018-06-17 11:00:00+00:00,112.193096
2018-06-17 12:00:00+00:00,129.939548
2018-06-17 13:00:00+00:00,165.857654
2018-06-17 14:00:00+00:00,200.830562
2018-06-17 15:00:00+00:00,213.566346
2018-06-17 16:00:00+00:00,181.65849599999999
2018-06-17 17:00:00+00:00,120.582468
2018-06-17 18:00:00+00:00,75.971034
2018-06-17 19:00:00+00:00,44.206316
2018-06-17 20:00:00+00:00,26.549338000000002
2018-06-17 21:00:00+00:00,21.263024
2018-06-17 22:00:00+00:00,20.374008
2018-06-17 23:00:00+00:00,20.769136000000003
2018-06-18 00:00:00+00:00,20.321298000000002
2018-06-18 01:00:00+00:00,17.100596000000003
2018-06-18 02:00:00+00:00,12.603802
2018-06-18 03:00:00+00:00,5.636096
2018-06-18 04:00:00+00:00,5.7520359999999995
2018-06-18 05:00:00+00:00,8.993564000000001
2018-06-18 06:00:00+00:00,18.212696
2018-06-18 07:00:00+00:00,33.12148799999999
2018-06-18 08:00:00+00:00,50.987185999999994
2018-06-18 09:00:00+00:00,61.97851199999999
2018-06-18 10:00:00+00:00,68.755396
2018-06-18 11:00:00+00:00,78.58014
2018-06-18 12:00:00+00:00,86.43561199999999
2018-06-18 13:00:00+00:00,96.85152599999999
2018-06-18 14:00:00+00:00,112.51143
2018-06-18 15:00:00+00:00,131.273486
2018-06-18 16:00:00+00:00,142.109848
2018-06-18 17:00:00+00:00,122.043156
2018-06-18 18:00:00+00:00,85.530148
2018-06-18 19:00:00+00:00,56.07431999999999
2018-06-18 20:00:00+00:00,32.283316
2018-06-18 21:00:00+00:00,21.897554
2018-06-18 22:00:00+00:00,17.405680000000004
2018-06-18 23:00:00+00:00,14.288318
2018-06-19 00:00:00+00:00,11.463092
2018-06-19 01:00:00+00:00,9.379596
2018-06-19 02:00:00+00:00,8.093
2018-06-19 03:00:00+00:00,4.934824000000001
2018-06-19 04:00:00+00:00,3.46292
2018-06-19 05:00:00+00:00,7.160362
2018-06-19 06:00:00+00:00,19.810926
2018-06-19 07:00:00+00:00,41.719173999999995
2018-06-19 08:00:00+00:00,62.479854
2018-06-19 09:00:00+00:00,70.89782199999999
2018-06-19 10:00:00+00:00,70.71343799999998
2018-06-19 11:00:00+00:00,69.762282
2018-06-19 12:00:00+00:00,69.699312
2018-06-19 13:00:00+00:00,68.690274
2018-06-19 14:00:00+00:00,65.702346
2018-06-19 15:00:00+00:00,60.83345
2018-06-19 16:00:00+00:00,66.48422
2018-06-19 17:00:00+00:00,66.879752
2018-06-19 18:00:00+00:00,48.652566
2018-06-19 19:00:00+00:00,29.468372000000002
2018-06-19 20:00:00+00:00,16.71662
2018-06-19 21:00:00+00:00,10.070671999999998
2018-06-19 22:00:00+00:00,7.251584
2018-06-19 23:00:00+00:00,6.429649999999999
2018-06-20 00:00:00+00:00,7.027598
2018-06-20 01:00:00+00:00,9.493266
2018-06-20 02:00:00+00:00,13.43223
2018-06-20 03:00:00+00:00,13.926134
2018-06-20 04:00:00+00:00,5.959934
2018-06-20 05:00:00+00:00,0.0238
2018-06-20 06:00:00+00:00,0.0812
2018-06-20 07:00:00+00:00,2.710526
2018-06-20 08:00:00+00:00,34.7603
2018-06-20 09:00:00+00:00,85.357848
2018-06-20 10:00:00+00:00,102.74168
2018-06-20 11:00:00+00:00,125.03764400000001
2018-06-20 12:00:00+00:00,164.158608
2018-06-20 13:00:00+00:00,203.641298
2018-06-20 14:00:00+00:00,213.869556
2018-06-20 15:00:00+00:00,193.137644
2018-06-20 16:00:00+00:00,155.96332399999997
2018-06-20 17:00:00+00:00,116.723976
2018-06-20 18:00:00+00:00,76.357128
2018-06-20 19:00:00+00:00,45.34991999999999
2018-06-20 20:00:00+00:00,29.461704
2018-06-20 21:00:00+00:00,27.905586
2018-06-20 22:00:00+00:00,32.209234
2018-06-20 23:00:00+00:00,32.40910399999999
2018-06-21 00:00:00+00:00,29.612440000000003
2018-06-21 01:00:00+00:00,28.702756000000004
2018-06-21 02:00:00+00:00,23.256516
2018-06-21 03:00:00+00:00,12.464038000000002
2018-06-21 04:00:00+00:00,11.58498
2018-06-21 05:00:00+00:00,26.773521999999996
2018-06-21 06:00:00+00:00,54.83856
2018-06-21 07:00:00+00:00,97.915422
2018-06-21 08:00:00+00:00,137.47975399999999
2018-06-21 09:00:00+00:00,157.362554
2018-06-21 10:00:00+00:00,164.63806399999999
2018-06-21 11:00:00+00:00,175.47305599999999
2018-06-21 12:00:00+00:00,184.56732600000004
2018-06-21 13:00:00+00:00,188.233746
2018-06-21 14:00:00+00:00,182.561392
2018-06-21 15:00:00+00:00,166.54305399999998
2018-06-21 16:00:00+00:00,138.956244
2018-06-21 17:00:00+00:00,110.017954
2018-06-21 18:00:00+00:00,70.5659
2018-06-21 19:00:00+00:00,42.421054
2018-06-21 20:00:00+00:00,28.873644000000002
2018-06-21 21:00:00+00:00,24.3613
2018-06-21 22:00:00+00:00,24.030644000000006
2018-06-21 23:00:00+00:00,23.912252
2018-06-22 00:00:00+00:00,21.301046
2018-06-22 01:00:00+00:00,16.682174
2018-06-22 02:00:00+00:00,13.491591999999999
2018-06-22 03:00:00+00:00,9.892238
2018-06-22 04:00:00+00:00,5.517696
2018-06-22 05:00:00+00:00,27.720358
2018-06-22 06:00:00+00:00,64.050494
2018-06-22 07:00:00+00:00,105.418572
2018-06-22 08:00:00+00:00,125.615884
2018-06-22 09:00:00+00:00,124.43454799999998
2018-06-22 10:00:00+00:00,119.48485200000002
2018-06-22 11:00:00+00:00,125.78044800000002
2018-06-22 12:00:00+00:00,141.35908
2018-06-22 13:00:00+00:00,150.0764
2018-06-22 14:00:00+00:00,143.38627
2018-06-22 15:00:00+00:00,132.703944
2018-06-22 16:00:00+00:00,126.72887199999998
2018-06-22 17:00:00+00:00,118.313442
2018-06-22 18:00:00+00:00,90.812594
2018-06-22 19:00:00+00:00,63.586694
2018-06-22 20:00:00+00:00,44.322604
2018-06-22 21:00:00+00:00,33.602318
2018-06-22 22:00:00+00:00,26.123220000000003
2018-06-22 23:00:00+00:00,20.222150000000003
2018-06-23 00:00:00+00:00,15.670194000000002
2018-06-23 01:00:00+00:00,11.613186
2018-06-23 02:00:00+00:00,7.809959999999999
2018-06-23 03:00:00+00:00,3.6580280000000003
2018-06-23 04:00:00+00:00,2.688776
2018-06-23 05:00:00+00:00,4.52091
2018-06-23 06:00:00+00:00,2.063768
2018-06-23 07:00:00+00:00,4.345281999999999
2018-06-23 08:00:00+00:00,12.423284
2018-06-23 09:00:00+00:00,32.175574
2018-06-23 10:00:00+00:00,62.09769200000001
2018-06-23 11:00:00+00:00,88.16198399999999
2018-06-23 12:00:00+00:00,120.472826
2018-06-23 13:00:00+00:00,156.786614
2018-06-23 14:00:00+00:00,188.316424
2018-06-23 15:00:00+00:00,205.37336
2018-06-23 16:00:00+00:00,185.923568
2018-06-23 17:00:00+00:00,142.98227
2018-06-23 18:00:00+00:00,113.26813599999998
2018-06-23 19:00:00+00:00,82.189622
2018-06-23 20:00:00+00:00,57.381402
2018-06-23 21:00:00+00:00,44.366574
2018-06-23 22:00:00+00:00,37.64496199999999
2018-06-23 23:00:00+00:00,34.527608
2018-06-24 00:00:00+00:00,32.697902
2018-06-24 01:00:00+00:00,28.747034000000003
2018-06-24 02:00:00+00:00,22.995006
2018-06-24 03:00:00+00:00,14.148024
2018-06-24 04:00:00+00:00,17.284646000000002
2018-06-24 05:00:00+00:00,15.247207999999999
2018-06-24 06:00:00+00:00,4.301124
2018-06-24 07:00:00+00:00,0.061599999999999995
2018-06-24 08:00:00+00:00,0.11059999999999999
2018-06-24 09:00:00+00:00,0.346442
2018-06-24 10:00:00+00:00,2.032262
2018-06-24 11:00:00+00:00,10.741828
2018-06-24 12:00:00+00:00,35.06471
2018-06-24 13:00:00+00:00,64.89483999999999
2018-06-24 14:00:00+00:00,91.679286
2018-06-24 15:00:00+00:00,141.4467
2018-06-24 16:00:00+00:00,182.26138
2018-06-24 17:00:00+00:00,163.867592
2018-06-24 18:00:00+00:00,121.31284
2018-06-24 19:00:00+00:00,84.494202
2018-06-24 20:00:00+00:00,53.13143
2018-06-24 21:00:00+00:00,31.296062
2018-06-24 22:00:00+00:00,19.28619
2018-06-24 23:00:00+00:00,13.679526
2018-06-25 00:00:00+00:00,11.758035999999999
2018-06-25 01:00:00+00:00,10.916826
2018-06-25 02:00:00+00:00,9.628126000000002
2018-06-25 03:00:00+00:00,6.273789999999999
2018-06-25 04:00:00+00:00,5.38301
2018-06-25 05:00:00+00:00,1.674708
2018-06-25 06:00:00+00:00,0.0098
2018-06-25 07:00:00+00:00,0.31104
2018-06-25 08:00:00+00:00,0.9275199999999999
2018-06-25 09:00:00+00:00,1.3744399999999999
2018-06-25 10:00:00+00:00,1.2482799999999998
2018-06-25 11:00:00+00:00,0.9424119999999999
2018-06-25 12:00:00+00:00,4.89392
2018-06-25 13:00:00+00:00,57.014984
2018-06-25 14:00:00+00:00,97.145254
2018-06-25 15:00:00+00:00,134.89621400000001
2018-06-25 16:00:00+00:00,190.08864599999998
2018-06-25 17:00:00+00:00,196.74044800000001
2018-06-25 18:00:00+00:00,147.91930200000002
2018-06-25 19:00:00+00:00,92.98232200000001
2018-06-25 20:00:00+00:00,56.28311999999999
2018-06-25 21:00:00+00:00,38.687078
2018-06-25 22:00:00+00:00,31.136516000000004
2018-06-25 23:00:00+00:00,28.971764
2018-06-26 00:00:00+00:00,27.793411999999996
2018-06-26 01:00:00+00:00,26.812967999999998
2018-06-26 02:00:00+00:00,24.83876
2018-06-26 03:00:00+00:00,16.505637999999998
2018-06-26 04:00:00+00:00,10.631872000000001
2018-06-26 05:00:00+00:00,14.222826000000001
2018-06-26 06:00:00+00:00,14.886092
2018-06-26 07:00:00+00:00,6.112836
2018-06-26 08:00:00+00:00,1.4750520000000003
2018-06-26 09:00:00+00:00,0.91072
2018-06-26 10:00:00+00:00,0.79576
2018-06-26 11:00:00+00:00,0.40335999999999994
2018-06-26 12:00:00+00:00,0.29679999999999995
2018-06-26 13:00:00+00:00,10.750498
2018-06-26 14:00:00+00:00,58.87850400000001
2018-06-26 15:00:00+00:00,115.46205799999998
2018-06-26 16:00:00+00:00,177.208678
2018-06-26 17:00:00+00:00,172.470394
2018-06-26 18:00:00+00:00,123.08793
2018-06-26 19:00:00+00:00,71.14764200000002
2018-06-26 20:00:00+00:00,41.551536
2018-06-26 21:00:00+00:00,25.810779999999994
2018-06-26 22:00:00+00:00,15.717138
2018-06-26 23:00:00+00:00,10.390697999999999
2018-06-27 00:00:00+00:00,7.4828
2018-06-27 01:00:00+00:00,5.116968
2018-06-27 02:00:00+00:00,3.7417439999999997
2018-06-27 03:00:00+00:00,2.567584
2018-06-27 04:00:00+00:00,1.085532
2018-06-27 05:00:00+00:00,2.265648
2018-06-27 06:00:00+00:00,0.787092
2018-06-27 07:00:00+00:00,0.0
2018-06-27 08:00:00+00:00,0.0056
2018-06-27 09:00:00+00:00,0.061599999999999995
2018-06-27 10:00:00+00:00,0.15539999999999998
2018-06-27 11:00:00+00:00,1.8286200000000001
2018-06-27 12:00:00+00:00,42.584094
2018-06-27 13:00:00+00:00,72.080878
2018-06-27 14:00:00+00:00,82.30551999999999
2018-06-27 15:00:00+00:00,104.186132
2018-06-27 16:00:00+00:00,174.017676
2018-06-27 17:00:00+00:00,202.31446000000003
2018-06-27 18:00:00+00:00,140.371666
2018-06-27 19:00:00+00:00,79.584444
2018-06-27 20:00:00+00:00,48.152162000000004
2018-06-27 21:00:00+00:00,35.904627999999995
2018-06-27 22:00:00+00:00,29.955032000000006
2018-06-27 23:00:00+00:00,29.206998
2018-06-28 00:00:00+00:00,31.089081999999998
2018-06-28 01:00:00+00:00,34.88109200000001
2018-06-28 02:00:00+00:00,44.044903999999995
2018-06-28 03:00:00+00:00,42.663740000000004
2018-06-28 04:00:00+00:00,25.800465999999997
2018-06-28 05:00:00+00:00,34.41136
2018-06-28 06:00:00+00:00,28.625684
2018-06-28 07:00:00+00:00,12.90414
2018-06-28 08:00:00+00:00,5.2032300000000005
2018-06-28 09:00:00+00:00,11.049050000000001
2018-06-28 10:00:00+00:00,34.57269
2018-06-28 11:00:00+00:00,68.536044
2018-06-28 12:00:00+00:00,90.55609399999999
2018-06-28 13:00:00+00:00,129.01440799999997
2018-06-28 14:00:00+00:00,195.832792
2018-06-28 15:00:00+00:00,242.97535599999998
2018-06-28 16:00:00+00:00,221.602112
2018-06-28 17:00:00+00:00,168.176736
2018-06-28 18:00:00+00:00,130.008328
2018-06-28 19:00:00+00:00,97.79858000000002
2018-06-28 20:00:00+00:00,70.777224
2018-06-28 21:00:00+00:00,56.468230000000005
2018-06-28 22:00:00+00:00,51.795247999999994
2018-06-28 23:00:00+00:00,51.760405999999996
2018-06-29 00:00:00+00:00,54.033077999999996
2018-06-29 01:00:00+00:00,57.190566
2018-06-29 02:00:00+00:00,55.27697
2018-06-29 03:00:00+00:00,49.795524
2018-06-29 04:00:00+00:00,48.95743
2018-06-29 05:00:00+00:00,41.639230000000005
2018-06-29 06:00:00+00:00,29.601443999999997
2018-06-29 07:00:00+00:00,9.332982000000001
2018-06-29 08:00:00+00:00,5.895728
2018-06-29 09:00:00+00:00,7.5542359999999995
2018-06-29 10:00:00+00:00,14.360187999999999
2018-06-29 11:00:00+00:00,32.72384
2018-06-29 12:00:00+00:00,83.72994800000001
2018-06-29 13:00:00+00:00,123.07771399999999
2018-06-29 14:00:00+00:00,158.50547600000002
2018-06-29 15:00:00+00:00,187.702216
2018-06-29 16:00:00+00:00,192.16795
2018-06-29 17:00:00+00:00,170.545424
2018-06-29 18:00:00+00:00,137.197916
2018-06-29 19:00:00+00:00,96.998982
2018-06-29 20:00:00+00:00,67.705682
2018-06-29 21:00:00+00:00,50.606517999999994
2018-06-29 22:00:00+00:00,39.44872399999999
2018-06-29 23:00:00+00:00,33.282498000000004
2018-06-30 00:00:00+00:00,31.198678
2018-06-30 01:00:00+00:00,29.071939999999998
2018-06-30 02:00:00+00:00,24.026792000000004
2018-06-30 03:00:00+00:00,17.397636000000006
2018-06-30 04:00:00+00:00,12.24982
2018-06-30 05:00:00+00:00,7.048597999999999
2018-06-30 06:00:00+00:00,1.3934
2018-06-30 07:00:00+00:00,0.077
2018-06-30 08:00:00+00:00,1.1152
2018-06-30 09:00:00+00:00,2.2682800000000003
2018-06-30 10:00:00+00:00,3.3523319999999996
2018-06-30 11:00:00+00:00,4.447235999999999
2018-06-30 12:00:00+00:00,21.031622
2018-06-30 13:00:00+00:00,61.768936000000004
2018-06-30 14:00:00+00:00,89.974632
2018-06-30 15:00:00+00:00,134.50804599999998
2018-06-30 16:00:00+00:00,185.222462
2018-06-30 17:00:00+00:00,170.19632199999998
2018-06-30 18:00:00+00:00,123.18191200000001
2018-06-30 19:00:00+00:00,81.22089999999999
2018-06-30 20:00:00+00:00,53.451186
2018-06-30 21:00:00+00:00,38.510834
2018-06-30 22:00:00+00:00,31.419673999999997
2018-06-30 23:00:00+00:00,29.100983999999997
2018-07-01 00:00:00+00:00,26.093629999999997
2018-07-01 01:00:00+00:00,21.161274
2018-07-01 02:00:00+00:00,15.682288000000002
2018-07-01 03:00:00+00:00,9.216190000000001
2018-07-01 04:00:00+00:00,6.048206
2018-07-01 05:00:00+00:00,3.480614
2018-07-01 06:00:00+00:00,0.492852
2018-07-01 07:00:00+00:00,0.09808
2018-07-01 08:00:00+00:00,0.09808
2018-07-01 09:00:00+00:00,0.30824
2018-07-01 10:00:00+00:00,0.65008
2018-07-01 11:00:00+00:00,0.30535999999999996
2018-07-01 12:00:00+00:00,2.93596
2018-07-01 13:00:00+00:00,25.354192000000005
2018-07-01 14:00:00+00:00,49.374086000000005
2018-07-01 15:00:00+00:00,68.45774000000002
2018-07-01 16:00:00+00:00,123.44726399999998
2018-07-01 17:00:00+00:00,142.299902
2018-07-01 18:00:00+00:00,110.29689800000001
2018-07-01 19:00:00+00:00,73.39893400000001
2018-07-01 20:00:00+00:00,46.466024000000004
2018-07-01 21:00:00+00:00,30.801082
2018-07-01 22:00:00+00:00,24.012206
2018-07-01 23:00:00+00:00,21.994747999999998
2018-07-02 00:00:00+00:00,21.397876
2018-07-02 01:00:00+00:00,20.747234
2018-07-02 02:00:00+00:00,20.548977999999998
2018-07-02 03:00:00+00:00,14.432994
2018-07-02 04:00:00+00:00,10.684937999999999
2018-07-02 05:00:00+00:00,8.69987
2018-07-02 06:00:00+00:00,6.32003
2018-07-02 07:00:00+00:00,0.19616
2018-07-02 08:00:00+00:00,0.0
2018-07-02 09:00:00+00:00,0.0084
2018-07-02 10:00:00+00:00,0.18628
2018-07-02 11:00:00+00:00,0.31367999999999996
2018-07-02 12:00:00+00:00,3.861802
2018-07-02 13:00:00+00:00,58.67687
2018-07-02 14:00:00+00:00,96.188198
2018-07-02 15:00:00+00:00,138.48726200000002
2018-07-02 16:00:00+00:00,181.36825799999997
2018-07-02 17:00:00+00:00,159.366234
2018-07-02 18:00:00+00:00,100.099046
2018-07-02 19:00:00+00:00,58.02226
2018-07-02 20:00:00+00:00,34.922356
2018-07-02 21:00:00+00:00,26.644776
2018-07-02 22:00:00+00:00,23.551585999999997
2018-07-02 23:00:00+00:00,23.16803
2018-07-03 00:00:00+00:00,22.833340000000003
2018-07-03 01:00:00+00:00,21.444115999999998
2018-07-03 02:00:00+00:00,19.413694
2018-07-03 03:00:00+00:00,12.798206
2018-07-03 04:00:00+00:00,5.876913999999999
2018-07-03 05:00:00+00:00,2.714886
2018-07-03 06:00:00+00:00,0.10088
2018-07-03 07:00:00+00:00,0.0042
2018-07-03 08:00:00+00:00,0.0224
2018-07-03 09:00:00+00:00,0.27036
2018-07-03 10:00:00+00:00,0.92464
2018-07-03 11:00:00+00:00,4.372427999999999
2018-07-03 12:00:00+00:00,33.294384
2018-07-03 13:00:00+00:00,73.589254
2018-07-03 14:00:00+00:00,83.07512399999999
2018-07-03 15:00:00+00:00,103.976494
2018-07-03 16:00:00+00:00,149.296336
2018-07-03 17:00:00+00:00,139.20010000000002
2018-07-03 18:00:00+00:00,78.85142200000001
2018-07-03 19:00:00+00:00,40.230563999999994
2018-07-03 20:00:00+00:00,23.841088000000003
2018-07-03 21:00:00+00:00,20.058728000000002
2018-07-03 22:00:00+00:00,20.380478000000004
2018-07-03 23:00:00+00:00,21.058290000000003
2018-07-04 00:00:00+00:00,21.490372
2018-07-04 01:00:00+00:00,21.14797
2018-07-04 02:00:00+00:00,20.561942000000002
2018-07-04 03:00:00+00:00,13.174066
2018-07-04 04:00:00+00:00,5.485646
2018-07-04 05:00:00+00:00,3.18094
2018-07-04 06:00:00+00:00,0.006999999999999999
2018-07-04 07:00:00+00:00,0.20596
2018-07-04 08:00:00+00:00,0.62768
2018-07-04 09:00:00+00:00,0.69768
2018-07-04 10:00:00+00:00,2.05392
2018-07-04 11:00:00+00:00,13.694172000000002
2018-07-04 12:00:00+00:00,42.505250000000004
2018-07-04 13:00:00+00:00,68.61373400000001
2018-07-04 14:00:00+00:00,69.588206
2018-07-04 15:00:00+00:00,83.142854
2018-07-04 16:00:00+00:00,130.33445
2018-07-04 17:00:00+00:00,150.85005800000002
2018-07-04 18:00:00+00:00,102.96260199999998
2018-07-04 19:00:00+00:00,55.506666
2018-07-04 20:00:00+00:00,30.940474
2018-07-04 21:00:00+00:00,23.855791999999997
2018-07-04 22:00:00+00:00,23.132816
2018-07-04 23:00:00+00:00,24.378092000000002
2018-07-05 00:00:00+00:00,27.001044
2018-07-05 01:00:00+00:00,29.182105999999997
2018-07-05 02:00:00+00:00,29.055306000000005
2018-07-05 03:00:00+00:00,18.003098
2018-07-05 04:00:00+00:00,12.776311999999999
2018-07-05 05:00:00+00:00,12.667363999999997
2018-07-05 06:00:00+00:00,5.401012000000001
2018-07-05 07:00:00+00:00,0.105
2018-07-05 08:00:00+00:00,0.1946
2018-07-05 09:00:00+00:00,0.315
2018-07-05 10:00:00+00:00,3.25482
2018-07-05 11:00:00+00:00,17.9068
2018-07-05 12:00:00+00:00,65.224712
2018-07-05 13:00:00+00:00,101.236666
2018-07-05 14:00:00+00:00,148.931404
2018-07-05 15:00:00+00:00,192.68810399999998
2018-07-05 16:00:00+00:00,192.397654
2018-07-05 17:00:00+00:00,158.021912
2018-07-05 18:00:00+00:00,124.45677799999999
2018-07-05 19:00:00+00:00,84.08768400000001
2018-07-05 20:00:00+00:00,47.708665999999994
2018-07-05 21:00:00+00:00,28.803074000000002
2018-07-05 22:00:00+00:00,17.111598
2018-07-05 23:00:00+00:00,12.047174
2018-07-06 00:00:00+00:00,12.975437999999999
2018-07-06 01:00:00+00:00,16.292472
2018-07-06 02:00:00+00:00,19.155877999999998
2018-07-06 03:00:00+00:00,16.788645999999996
2018-07-06 04:00:00+00:00,11.736292
2018-07-06 05:00:00+00:00,18.409568000000004
2018-07-06 06:00:00+00:00,23.022436
2018-07-06 07:00:00+00:00,34.165842000000005
2018-07-06 08:00:00+00:00,48.19381999999999
2018-07-06 09:00:00+00:00,63.792628
2018-07-06 10:00:00+00:00,80.531078
2018-07-06 11:00:00+00:00,100.56957200000001
2018-07-06 12:00:00+00:00,122.15129199999998
2018-07-06 13:00:00+00:00,143.91435
2018-07-06 14:00:00+00:00,158.61466
2018-07-06 15:00:00+00:00,152.56253999999998
2018-07-06 16:00:00+00:00,129.929688
2018-07-06 17:00:00+00:00,96.403762
2018-07-06 18:00:00+00:00,54.08009199999999
2018-07-06 19:00:00+00:00,25.155866
2018-07-06 20:00:00+00:00,11.625952000000002
2018-07-06 21:00:00+00:00,9.235268000000001
2018-07-06 22:00:00+00:00,11.376219999999998
2018-07-06 23:00:00+00:00,14.662778000000001
2018-07-07 00:00:00+00:00,16.376552000000004
2018-07-07 01:00:00+00:00,16.456416000000004
2018-07-07 02:00:00+00:00,15.838860000000002
2018-07-07 03:00:00+00:00,11.405296000000002
2018-07-07 04:00:00+00:00,4.7943560000000005
2018-07-07 05:00:00+00:00,6.226324
2018-07-07 06:00:00+00:00,6.028052000000001
2018-07-07 07:00:00+00:00,4.378013999999999
2018-07-07 08:00:00+00:00,3.7469399999999995
2018-07-07 09:00:00+00:00,5.063956
2018-07-07 10:00:00+00:00,8.200505999999999
2018-07-07 11:00:00+00:00,13.397938000000002
2018-07-07 12:00:00+00:00,22.13397
2018-07-07 13:00:00+00:00,33.78686999999999
2018-07-07 14:00:00+00:00,43.741451999999995
2018-07-07 15:00:00+00:00,63.119442
2018-07-07 16:00:00+00:00,116.64962399999999
2018-07-07 17:00:00+00:00,135.209714
2018-07-07 18:00:00+00:00,93.257024
2018-07-07 19:00:00+00:00,53.488172
2018-07-07 20:00:00+00:00,32.055668
2018-07-07 21:00:00+00:00,20.63305
2018-07-07 22:00:00+00:00,12.980888
2018-07-07 23:00:00+00:00,7.999650000000001
2018-07-08 00:00:00+00:00,4.848829999999999
2018-07-08 01:00:00+00:00,2.393326
2018-07-08 02:00:00+00:00,1.40937
2018-07-08 03:00:00+00:00,1.065212
2018-07-08 04:00:00+00:00,0.14484200000000003
2018-07-08 05:00:00+00:00,0.14484200000000003
2018-07-08 06:00:00+00:00,2.604546
2018-07-08 07:00:00+00:00,7.053518
2018-07-08 08:00:00+00:00,8.712976
2018-07-08 09:00:00+00:00,5.831314
2018-07-08 10:00:00+00:00,5.668722
2018-07-08 11:00:00+00:00,10.160516
2018-07-08 12:00:00+00:00,29.629616000000002
2018-07-08 13:00:00+00:00,62.763720000000006
2018-07-08 14:00:00+00:00,85.11171399999999
2018-07-08 15:00:00+00:00,130.939602
2018-07-08 16:00:00+00:00,176.795088
2018-07-08 17:00:00+00:00,140.42586999999997
2018-07-08 18:00:00+00:00,72.946428
2018-07-08 19:00:00+00:00,37.21178799999999
2018-07-08 20:00:00+00:00,24.794584
2018-07-08 21:00:00+00:00,18.392965999999998
2018-07-08 22:00:00+00:00,12.807144
2018-07-08 23:00:00+00:00,8.367624000000001
2018-07-09 00:00:00+00:00,5.164086
2018-07-09 01:00:00+00:00,3.289358
2018-07-09 02:00:00+00:00,2.404186
2018-07-09 03:00:00+00:00,1.277492
2018-07-09 04:00:00+00:00,0.789544
2018-07-09 05:00:00+00:00,0.0
2018-07-09 06:00:00+00:00,0.0028
2018-07-09 07:00:00+00:00,0.018199999999999997
2018-07-09 08:00:00+00:00,0.0588
2018-07-09 09:00:00+00:00,0.12739999999999999
2018-07-09 10:00:00+00:00,0.23099999999999998
2018-07-09 11:00:00+00:00,4.70964
2018-07-09 12:00:00+00:00,37.172608000000004
2018-07-09 13:00:00+00:00,74.993758
2018-07-09 14:00:00+00:00,87.72436
2018-07-09 15:00:00+00:00,128.268228
2018-07-09 16:00:00+00:00,176.123328
2018-07-09 17:00:00+00:00,146.48027
2018-07-09 18:00:00+00:00,83.56168999999998
2018-07-09 19:00:00+00:00,46.800342
2018-07-09 20:00:00+00:00,27.818778
2018-07-09 21:00:00+00:00,18.027966000000003
2018-07-09 22:00:00+00:00,14.605504000000002
2018-07-09 23:00:00+00:00,15.827826000000002
2018-07-10 00:00:00+00:00,20.744086
2018-07-10 01:00:00+00:00,25.912024
2018-07-10 02:00:00+00:00,27.730181999999996
2018-07-10 03:00:00+00:00,20.783848000000003
2018-07-10 04:00:00+00:00,13.426448
2018-07-10 05:00:00+00:00,9.654046000000001
2018-07-10 06:00:00+00:00,0.0028
2018-07-10 07:00:00+00:00,0.0084
2018-07-10 08:00:00+00:00,0.041999999999999996
2018-07-10 09:00:00+00:00,0.1372
2018-07-10 10:00:00+00:00,0.26739999999999997
2018-07-10 11:00:00+00:00,0.711084
2018-07-10 12:00:00+00:00,10.369921999999999
2018-07-10 13:00:00+00:00,75.59743200000001
2018-07-10 14:00:00+00:00,119.36737199999999
2018-07-10 15:00:00+00:00,177.27628800000002
2018-07-10 16:00:00+00:00,200.257762
2018-07-10 17:00:00+00:00,161.565298
2018-07-10 18:00:00+00:00,110.161484
2018-07-10 19:00:00+00:00,70.93937199999999
2018-07-10 20:00:00+00:00,44.343098
2018-07-10 21:00:00+00:00,36.9393
2018-07-10 22:00:00+00:00,31.866103999999996
2018-07-10 23:00:00+00:00,29.620079999999998
2018-07-11 00:00:00+00:00,30.423640000000002
2018-07-11 01:00:00+00:00,31.798516
2018-07-11 02:00:00+00:00,31.671724
2018-07-11 03:00:00+00:00,21.523093999999997
2018-07-11 04:00:00+00:00,17.181994
2018-07-11 05:00:00+00:00,15.67331
2018-07-11 06:00:00+00:00,6.844361999999999
2018-07-11 07:00:00+00:00,0.205042
2018-07-11 08:00:00+00:00,0.0966
2018-07-11 09:00:00+00:00,0.1694
2018-07-11 10:00:00+00:00,0.28979999999999995
2018-07-11 11:00:00+00:00,0.43539999999999995
2018-07-11 12:00:00+00:00,0.5684
2018-07-11 13:00:00+00:00,2.731522
2018-07-11 14:00:00+00:00,61.135338000000004
2018-07-11 15:00:00+00:00,135.29050199999998
2018-07-11 16:00:00+00:00,204.62563600000001
2018-07-11 17:00:00+00:00,183.966936
2018-07-11 18:00:00+00:00,140.027144
2018-07-11 19:00:00+00:00,105.19936399999999
2018-07-11 20:00:00+00:00,73.70225400000001
2018-07-11 21:00:00+00:00,59.029668
2018-07-11 22:00:00+00:00,60.86131999999999
2018-07-11 23:00:00+00:00,66.74351
2018-07-12 00:00:00+00:00,76.362896
2018-07-12 01:00:00+00:00,80.257914
2018-07-12 02:00:00+00:00,77.95095400000001
2018-07-12 03:00:00+00:00,74.136536
2018-07-12 04:00:00+00:00,58.733412
2018-07-12 05:00:00+00:00,38.887975999999995
2018-07-12 06:00:00+00:00,19.578642
2018-07-12 07:00:00+00:00,3.2010140000000002
2018-07-12 08:00:00+00:00,0.42268400000000006
2018-07-12 09:00:00+00:00,0.2198
2018-07-12 10:00:00+00:00,0.34159999999999996
2018-07-12 11:00:00+00:00,0.476
2018-07-12 12:00:00+00:00,3.6792759999999998
2018-07-12 13:00:00+00:00,41.720252
2018-07-12 14:00:00+00:00,90.71784799999999
2018-07-12 15:00:00+00:00,146.52136599999997
2018-07-12 16:00:00+00:00,194.240182
2018-07-12 17:00:00+00:00,171.41706200000002
2018-07-12 18:00:00+00:00,127.66890599999999
2018-07-12 19:00:00+00:00,85.297018
2018-07-12 20:00:00+00:00,53.201263999999995
2018-07-12 21:00:00+00:00,37.115638000000004
2018-07-12 22:00:00+00:00,30.960612
2018-07-12 23:00:00+00:00,28.049225999999994
2018-07-13 00:00:00+00:00,24.921716
2018-07-13 01:00:00+00:00,22.23854
2018-07-13 02:00:00+00:00,19.26462
2018-07-13 03:00:00+00:00,14.835604
2018-07-13 04:00:00+00:00,17.181962
2018-07-13 05:00:00+00:00,20.797601999999998
2018-07-13 06:00:00+00:00,19.807508000000002
2018-07-13 07:00:00+00:00,8.685394
2018-07-13 08:00:00+00:00,3.87979
2018-07-13 09:00:00+00:00,7.197614
2018-07-13 10:00:00+00:00,26.076999999999998
2018-07-13 11:00:00+00:00,60.207105999999996
2018-07-13 12:00:00+00:00,84.238358
2018-07-13 13:00:00+00:00,106.94806199999998
2018-07-13 14:00:00+00:00,136.99718000000001
2018-07-13 15:00:00+00:00,166.356614
2018-07-13 16:00:00+00:00,166.029732
2018-07-13 17:00:00+00:00,137.74062999999998
2018-07-13 18:00:00+00:00,95.123906
2018-07-13 19:00:00+00:00,58.451502
2018-07-13 20:00:00+00:00,34.75857
2018-07-13 21:00:00+00:00,22.623464000000002
2018-07-13 22:00:00+00:00,20.212799999999998
2018-07-13 23:00:00+00:00,22.689502
2018-07-14 00:00:00+00:00,27.586842
2018-07-14 01:00:00+00:00,33.004686
2018-07-14 02:00:00+00:00,39.43538
2018-07-14 03:00:00+00:00,32.777124
2018-07-14 04:00:00+00:00,33.181118
2018-07-14 05:00:00+00:00,33.944386
2018-07-14 06:00:00+00:00,28.214402
2018-07-14 07:00:00+00:00,11.123234
2018-07-14 08:00:00+00:00,11.441756
2018-07-14 09:00:00+00:00,25.043409999999998
2018-07-14 10:00:00+00:00,57.202994000000004
2018-07-14 11:00:00+00:00,81.612708
2018-07-14 12:00:00+00:00,111.45733599999998
2018-07-14 13:00:00+00:00,147.99387599999997
2018-07-14 14:00:00+00:00,184.97813600000003
2018-07-14 15:00:00+00:00,194.415292
2018-07-14 16:00:00+00:00,159.10634399999998
2018-07-14 17:00:00+00:00,105.79005799999999
2018-07-14 18:00:00+00:00,60.23568800000001
2018-07-14 19:00:00+00:00,28.724222
2018-07-14 20:00:00+00:00,12.315114000000001
2018-07-14 21:00:00+00:00,7.174678
2018-07-14 22:00:00+00:00,6.906192
2018-07-14 23:00:00+00:00,8.415754
2018-07-15 00:00:00+00:00,9.638076
2018-07-15 01:00:00+00:00,9.53264
2018-07-15 02:00:00+00:00,8.70123
2018-07-15 03:00:00+00:00,6.296
2018-07-15 04:00:00+00:00,3.4754799999999997
2018-07-15 05:00:00+00:00,1.499666
2018-07-15 06:00:00+00:00,2.016816
2018-07-15 07:00:00+00:00,11.769044000000003
2018-07-15 08:00:00+00:00,32.342620000000004
2018-07-15 09:00:00+00:00,60.627016000000005
2018-07-15 10:00:00+00:00,84.68364199999999
2018-07-15 11:00:00+00:00,100.637832
2018-07-15 12:00:00+00:00,109.30455999999998
2018-07-15 13:00:00+00:00,114.757824
2018-07-15 14:00:00+00:00,119.02384599999998
2018-07-15 15:00:00+00:00,129.182246
2018-07-15 16:00:00+00:00,155.22893399999998
2018-07-15 17:00:00+00:00,160.118816
2018-07-15 18:00:00+00:00,105.06541399999999
2018-07-15 19:00:00+00:00,47.049268
2018-07-15 20:00:00+00:00,17.38029
2018-07-15 21:00:00+00:00,7.071916
2018-07-15 22:00:00+00:00,3.72704
2018-07-15 23:00:00+00:00,3.380082
2018-07-16 00:00:00+00:00,3.525976
2018-07-16 01:00:00+00:00,3.4732579999999995
2018-07-16 02:00:00+00:00,3.6659140000000003
2018-07-16 03:00:00+00:00,3.122796
2018-07-16 04:00:00+00:00,1.270136
2018-07-16 05:00:00+00:00,0.9832519999999999
2018-07-16 06:00:00+00:00,2.468112
2018-07-16 07:00:00+00:00,7.774406
2018-07-16 08:00:00+00:00,22.415605999999997
2018-07-16 09:00:00+00:00,48.08006400000001
2018-07-16 10:00:00+00:00,67.161012
2018-07-16 11:00:00+00:00,77.05798599999999
2018-07-16 12:00:00+00:00,82.3281
2018-07-16 13:00:00+00:00,87.856798
2018-07-16 14:00:00+00:00,99.13129999999998
2018-07-16 15:00:00+00:00,124.842522
2018-07-16 16:00:00+00:00,158.28386399999997
2018-07-16 17:00:00+00:00,162.02741999999998
2018-07-16 18:00:00+00:00,121.26324599999998
2018-07-16 19:00:00+00:00,70.46298800000001
2018-07-16 20:00:00+00:00,37.81554200000001
2018-07-16 21:00:00+00:00,21.87267
2018-07-16 22:00:00+00:00,15.676308
2018-07-16 23:00:00+00:00,14.567663999999999
2018-07-17 00:00:00+00:00,15.590329999999998
2018-07-17 01:00:00+00:00,15.828703999999998
2018-07-17 02:00:00+00:00,14.298134000000001
2018-07-17 03:00:00+00:00,10.124656
2018-07-17 04:00:00+00:00,6.296031999999999
2018-07-17 05:00:00+00:00,5.821744
2018-07-17 06:00:00+00:00,3.54874
2018-07-17 07:00:00+00:00,2.8709279999999997
2018-07-17 08:00:00+00:00,4.243486000000001
2018-07-17 09:00:00+00:00,8.96701
2018-07-17 10:00:00+00:00,18.100922
2018-07-17 11:00:00+00:00,34.127714
2018-07-17 12:00:00+00:00,49.40073800000001
2018-07-17 13:00:00+00:00,57.047252
2018-07-17 14:00:00+00:00,66.22266800000001
2018-07-17 15:00:00+00:00,88.731412
2018-07-17 16:00:00+00:00,134.68708199999998
2018-07-17 17:00:00+00:00,151.95430399999998
2018-07-17 18:00:00+00:00,111.480328
2018-07-17 19:00:00+00:00,62.928364
2018-07-17 20:00:00+00:00,31.781194
2018-07-17 21:00:00+00:00,17.377647999999997
2018-07-17 22:00:00+00:00,11.036436
2018-07-17 23:00:00+00:00,7.971792
2018-07-18 00:00:00+00:00,6.336837999999999
2018-07-18 01:00:00+00:00,5.056546
2018-07-18 02:00:00+00:00,3.483414
2018-07-18 03:00:00+00:00,1.616042
2018-07-18 04:00:00+00:00,0.4918
2018-07-18 05:00:00+00:00,0.19896
2018-07-18 06:00:00+00:00,0.39792
2018-07-18 07:00:00+00:00,2.182264
2018-07-18 08:00:00+00:00,7.738472000000001
2018-07-18 09:00:00+00:00,23.152732000000004
2018-07-18 10:00:00+00:00,51.412251999999995
2018-07-18 11:00:00+00:00,72.61328599999999
2018-07-18 12:00:00+00:00,80.280008
2018-07-18 13:00:00+00:00,86.272624
2018-07-18 14:00:00+00:00,97.267408
2018-07-18 15:00:00+00:00,114.731178
2018-07-18 16:00:00+00:00,144.385232
2018-07-18 17:00:00+00:00,146.96301999999997
2018-07-18 18:00:00+00:00,103.36465799999999
2018-07-18 19:00:00+00:00,58.517168
2018-07-18 20:00:00+00:00,30.664624000000003
2018-07-18 21:00:00+00:00,16.16371
2018-07-18 22:00:00+00:00,9.422134000000002
2018-07-18 23:00:00+00:00,7.084515999999999
2018-07-19 00:00:00+00:00,6.8740000000000006
2018-07-19 01:00:00+00:00,6.663476
2018-07-19 02:00:00+00:00,6.310206
2018-07-19 03:00:00+00:00,4.826397999999999
2018-07-19 04:00:00+00:00,1.807638
2018-07-19 05:00:00+00:00,0.90406
2018-07-19 06:00:00+00:00,2.131776
2018-07-19 07:00:00+00:00,11.71571
2018-07-19 08:00:00+00:00,31.962837999999998
2018-07-19 09:00:00+00:00,61.294436
2018-07-19 10:00:00+00:00,83.117812
2018-07-19 11:00:00+00:00,98.167348
2018-07-19 12:00:00+00:00,104.17410600000001
2018-07-19 13:00:00+00:00,108.49149199999998
2018-07-19 14:00:00+00:00,122.08084000000001
2018-07-19 15:00:00+00:00,154.14121600000001
2018-07-19 16:00:00+00:00,181.505594
2018-07-19 17:00:00+00:00,137.73475399999998
2018-07-19 18:00:00+00:00,69.151722
2018-07-19 19:00:00+00:00,26.770547999999994
2018-07-19 20:00:00+00:00,11.39601
2018-07-19 21:00:00+00:00,7.736929999999999
2018-07-19 22:00:00+00:00,8.719130000000002
2018-07-19 23:00:00+00:00,12.164537999999999
2018-07-20 00:00:00+00:00,15.565636000000001
2018-07-20 01:00:00+00:00,16.64942
2018-07-20 02:00:00+00:00,17.480473999999997
2018-07-20 03:00:00+00:00,14.775743999999998
2018-07-20 04:00:00+00:00,14.743678
2018-07-20 05:00:00+00:00,25.066914
2018-07-20 06:00:00+00:00,40.903812
2018-07-20 07:00:00+00:00,60.014114
2018-07-20 08:00:00+00:00,93.115844
2018-07-20 09:00:00+00:00,120.71912200000001
2018-07-20 10:00:00+00:00,137.581224
2018-07-20 11:00:00+00:00,158.580206
2018-07-20 12:00:00+00:00,192.697602
2018-07-20 13:00:00+00:00,221.671628
2018-07-20 14:00:00+00:00,228.544964
2018-07-20 15:00:00+00:00,218.943368
2018-07-20 16:00:00+00:00,188.442412
2018-07-20 17:00:00+00:00,140.982522
2018-07-20 18:00:00+00:00,107.786896
2018-07-20 19:00:00+00:00,70.557018
2018-07-20 20:00:00+00:00,44.611916
2018-07-20 21:00:00+00:00,28.729276000000002
2018-07-20 22:00:00+00:00,22.39436
2018-07-20 23:00:00+00:00,19.852862
2018-07-21 00:00:00+00:00,17.801764
2018-07-21 01:00:00+00:00,15.55241
2018-07-21 02:00:00+00:00,12.957854
2018-07-21 03:00:00+00:00,8.137942
2018-07-21 04:00:00+00:00,10.993794000000001
2018-07-21 05:00:00+00:00,24.874914
2018-07-21 06:00:00+00:00,34.80148
2018-07-21 07:00:00+00:00,43.374874
2018-07-21 08:00:00+00:00,54.313894
2018-07-21 09:00:00+00:00,67.00834
2018-07-21 10:00:00+00:00,82.210976
2018-07-21 11:00:00+00:00,102.67594399999999
2018-07-21 12:00:00+00:00,131.163532
2018-07-21 13:00:00+00:00,159.53575800000002
2018-07-21 14:00:00+00:00,181.833384
2018-07-21 15:00:00+00:00,189.69912399999998
2018-07-21 16:00:00+00:00,172.829848
2018-07-21 17:00:00+00:00,137.54619399999999
2018-07-21 18:00:00+00:00,96.594354
2018-07-21 19:00:00+00:00,65.253136
2018-07-21 20:00:00+00:00,43.493432000000006
2018-07-21 21:00:00+00:00,34.03364
2018-07-21 22:00:00+00:00,30.287695999999993
2018-07-21 23:00:00+00:00,26.100906
2018-07-22 00:00:00+00:00,21.606216000000003
2018-07-22 01:00:00+00:00,18.333856
2018-07-22 02:00:00+00:00,17.579874000000004
2018-07-22 03:00:00+00:00,15.006342000000002
2018-07-22 04:00:00+00:00,23.995556
2018-07-22 05:00:00+00:00,28.548754000000002
2018-07-22 06:00:00+00:00,26.858273999999998
2018-07-22 07:00:00+00:00,17.537162
2018-07-22 08:00:00+00:00,9.608761999999999
2018-07-22 09:00:00+00:00,15.031089999999999
2018-07-22 10:00:00+00:00,38.33594
2018-07-22 11:00:00+00:00,56.35828
2018-07-22 12:00:00+00:00,75.84997000000001
2018-07-22 13:00:00+00:00,103.287802
2018-07-22 14:00:00+00:00,148.750698
2018-07-22 15:00:00+00:00,189.672372
2018-07-22 16:00:00+00:00,182.88594999999998
2018-07-22 17:00:00+00:00,132.156184
2018-07-22 18:00:00+00:00,84.143866
2018-07-22 19:00:00+00:00,47.501946
2018-07-22 20:00:00+00:00,27.715223999999996
2018-07-22 21:00:00+00:00,21.506254
2018-07-22 22:00:00+00:00,21.402052
2018-07-22 23:00:00+00:00,23.86053
2018-07-23 00:00:00+00:00,27.351822000000002
2018-07-23 01:00:00+00:00,29.429883999999998
2018-07-23 02:00:00+00:00,30.786528
2018-07-23 03:00:00+00:00,24.712236
2018-07-23 04:00:00+00:00,19.512786
2018-07-23 05:00:00+00:00,32.1075
2018-07-23 06:00:00+00:00,37.67283599999999
2018-07-23 07:00:00+00:00,42.617974000000004
2018-07-23 08:00:00+00:00,49.94465999999999
2018-07-23 09:00:00+00:00,60.67902399999999
2018-07-23 10:00:00+00:00,76.63029399999999
2018-07-23 11:00:00+00:00,100.095908
2018-07-23 12:00:00+00:00,134.059326
2018-07-23 13:00:00+00:00,176.54931399999998
2018-07-23 14:00:00+00:00,218.22287400000002
2018-07-23 15:00:00+00:00,220.67241600000003
2018-07-23 16:00:00+00:00,164.490122
2018-07-23 17:00:00+00:00,99.085768
2018-07-23 18:00:00+00:00,44.921555999999995
2018-07-23 19:00:00+00:00,14.749419999999999
2018-07-23 20:00:00+00:00,3.8137060000000003
2018-07-23 21:00:00+00:00,2.801742
2018-07-23 22:00:00+00:00,4.9248259999999995
2018-07-23 23:00:00+00:00,8.033258
2018-07-24 00:00:00+00:00,11.25903
2018-07-24 01:00:00+00:00,14.647504
2018-07-24 02:00:00+00:00,17.645406
2018-07-24 03:00:00+00:00,18.853711999999998
2018-07-24 04:00:00+00:00,12.311626
2018-07-24 05:00:00+00:00,6.988168
2018-07-24 06:00:00+00:00,7.0958820000000005
2018-07-24 07:00:00+00:00,17.288126
2018-07-24 08:00:00+00:00,42.678371999999996
2018-07-24 09:00:00+00:00,68.10274
2018-07-24 10:00:00+00:00,90.28728
2018-07-24 11:00:00+00:00,112.580918
2018-07-24 12:00:00+00:00,136.124902
2018-07-24 13:00:00+00:00,159.239612
2018-07-24 14:00:00+00:00,182.470476
2018-07-24 15:00:00+00:00,189.470082
2018-07-24 16:00:00+00:00,179.72777399999998
2018-07-24 17:00:00+00:00,143.287006
2018-07-24 18:00:00+00:00,89.841626
2018-07-24 19:00:00+00:00,48.153023999999995
2018-07-24 20:00:00+00:00,25.981906000000002
2018-07-24 21:00:00+00:00,14.707609999999999
2018-07-24 22:00:00+00:00,9.045759999999998
2018-07-24 23:00:00+00:00,6.005272
2018-07-25 00:00:00+00:00,4.34666
2018-07-25 01:00:00+00:00,3.6241820000000002
2018-07-25 02:00:00+00:00,3.136226
2018-07-25 03:00:00+00:00,2.587152
2018-07-25 04:00:00+00:00,1.320386
2018-07-25 05:00:00+00:00,1.241922
2018-07-25 06:00:00+00:00,3.4653320000000005
2018-07-25 07:00:00+00:00,5.473654
2018-07-25 08:00:00+00:00,11.48519
2018-07-25 09:00:00+00:00,27.740951999999997
2018-07-25 10:00:00+00:00,49.259496000000006
2018-07-25 11:00:00+00:00,75.721596
2018-07-25 12:00:00+00:00,102.32686999999999
2018-07-25 13:00:00+00:00,132.26574999999997
2018-07-25 14:00:00+00:00,166.912218
2018-07-25 15:00:00+00:00,170.438932
2018-07-25 16:00:00+00:00,139.712156
2018-07-25 17:00:00+00:00,85.79756600000002
2018-07-25 18:00:00+00:00,40.873360000000005
2018-07-25 19:00:00+00:00,15.38558
2018-07-25 20:00:00+00:00,6.3135439999999985
2018-07-25 21:00:00+00:00,5.285278
2018-07-25 22:00:00+00:00,9.69134
2018-07-25 23:00:00+00:00,12.705726
2018-07-26 00:00:00+00:00,11.852612000000002
2018-07-26 01:00:00+00:00,11.641044
2018-07-26 02:00:00+00:00,12.120235999999998
2018-07-26 03:00:00+00:00,12.067517999999998
2018-07-26 04:00:00+00:00,9.470668
2018-07-26 05:00:00+00:00,14.806543999999999
2018-07-26 06:00:00+00:00,28.20999
2018-07-26 07:00:00+00:00,43.88466
2018-07-26 08:00:00+00:00,63.235028
2018-07-26 09:00:00+00:00,85.039278
2018-07-26 10:00:00+00:00,105.15552400000001
2018-07-26 11:00:00+00:00,121.06557
2018-07-26 12:00:00+00:00,138.79557799999998
2018-07-26 13:00:00+00:00,168.52574599999997
2018-07-26 14:00:00+00:00,200.71568199999996
2018-07-26 15:00:00+00:00,208.073416
2018-07-26 16:00:00+00:00,164.778288
2018-07-26 17:00:00+00:00,107.34449199999999
2018-07-26 18:00:00+00:00,69.25275199999999
2018-07-26 19:00:00+00:00,41.61543800000001
2018-07-26 20:00:00+00:00,25.305644
2018-07-26 21:00:00+00:00,21.42431
2018-07-26 22:00:00+00:00,22.913022
2018-07-26 23:00:00+00:00,21.967427999999998
2018-07-27 00:00:00+00:00,20.963872000000002
2018-07-27 01:00:00+00:00,19.707586
2018-07-27 02:00:00+00:00,18.747636
2018-07-27 03:00:00+00:00,14.053986000000002
2018-07-27 04:00:00+00:00,14.341035999999999
2018-07-27 05:00:00+00:00,23.963206000000003
2018-07-27 06:00:00+00:00,35.890248
2018-07-27 07:00:00+00:00,49.089506
2018-07-27 08:00:00+00:00,64.259966
2018-07-27 09:00:00+00:00,82.71607399999999
2018-07-27 10:00:00+00:00,97.915206
2018-07-27 11:00:00+00:00,115.736752
2018-07-27 12:00:00+00:00,137.633032
2018-07-27 13:00:00+00:00,162.493472
2018-07-27 14:00:00+00:00,177.344358
2018-07-27 15:00:00+00:00,174.879608
2018-07-27 16:00:00+00:00,157.99770799999996
2018-07-27 17:00:00+00:00,128.342826
2018-07-27 18:00:00+00:00,93.53572199999999
2018-07-27 19:00:00+00:00,65.400304
2018-07-27 20:00:00+00:00,48.104988000000006
2018-07-27 21:00:00+00:00,38.620668
2018-07-27 22:00:00+00:00,34.359092000000004
2018-07-27 23:00:00+00:00,34.058192
2018-07-28 00:00:00+00:00,32.715722
2018-07-28 01:00:00+00:00,27.327096
2018-07-28 02:00:00+00:00,19.964262
2018-07-28 03:00:00+00:00,12.119095999999999
2018-07-28 04:00:00+00:00,19.527434
2018-07-28 05:00:00+00:00,33.720977999999995
2018-07-28 06:00:00+00:00,37.87026
2018-07-28 07:00:00+00:00,38.92598
2018-07-28 08:00:00+00:00,37.351376
2018-07-28 09:00:00+00:00,37.659702
2018-07-28 10:00:00+00:00,51.048562
2018-07-28 11:00:00+00:00,72.98773600000001
2018-07-28 12:00:00+00:00,102.003066
2018-07-28 13:00:00+00:00,141.491616
2018-07-28 14:00:00+00:00,185.360158
2018-07-28 15:00:00+00:00,209.99666799999997
2018-07-28 16:00:00+00:00,196.272802
2018-07-28 17:00:00+00:00,160.16379
2018-07-28 18:00:00+00:00,121.44208400000002
2018-07-28 19:00:00+00:00,80.783954
2018-07-28 20:00:00+00:00,55.09526
2018-07-28 21:00:00+00:00,40.851592000000004
2018-07-28 22:00:00+00:00,35.703254
2018-07-28 23:00:00+00:00,34.547641999999996
2018-07-29 00:00:00+00:00,35.303024
2018-07-29 01:00:00+00:00,32.449592
2018-07-29 02:00:00+00:00,27.743689999999997
2018-07-29 03:00:00+00:00,22.954626
2018-07-29 04:00:00+00:00,25.231821999999998
2018-07-29 05:00:00+00:00,27.456862
2018-07-29 06:00:00+00:00,20.441001999999997
2018-07-29 07:00:00+00:00,6.093812
2018-07-29 08:00:00+00:00,2.98568
2018-07-29 09:00:00+00:00,5.118484
2018-07-29 10:00:00+00:00,13.315226000000001
2018-07-29 11:00:00+00:00,32.859475999999994
2018-07-29 12:00:00+00:00,55.131442
2018-07-29 13:00:00+00:00,66.293966
2018-07-29 14:00:00+00:00,82.23355600000001
2018-07-29 15:00:00+00:00,107.294452
2018-07-29 16:00:00+00:00,145.06202399999998
2018-07-29 17:00:00+00:00,141.802748
2018-07-29 18:00:00+00:00,102.722678
2018-07-29 19:00:00+00:00,63.65415600000001
2018-07-29 20:00:00+00:00,37.525162
2018-07-29 21:00:00+00:00,23.100592
2018-07-29 22:00:00+00:00,16.603156
2018-07-29 23:00:00+00:00,12.889261999999999
2018-07-30 00:00:00+00:00,10.063687999999999
2018-07-30 01:00:00+00:00,7.205352
2018-07-30 02:00:00+00:00,4.596945999999999
2018-07-30 03:00:00+00:00,2.338654
2018-07-30 04:00:00+00:00,2.747782
2018-07-30 05:00:00+00:00,7.616931999999999
2018-07-30 06:00:00+00:00,14.178832
2018-07-30 07:00:00+00:00,21.894033999999998
2018-07-30 08:00:00+00:00,36.23715
2018-07-30 09:00:00+00:00,51.426885999999996
2018-07-30 10:00:00+00:00,65.196882
2018-07-30 11:00:00+00:00,76.192756
2018-07-30 12:00:00+00:00,83.885604
2018-07-30 13:00:00+00:00,89.039272
2018-07-30 14:00:00+00:00,97.57571199999998
2018-07-30 15:00:00+00:00,119.72118800000001
2018-07-30 16:00:00+00:00,158.42440399999998
2018-07-30 17:00:00+00:00,152.427636
2018-07-30 18:00:00+00:00,99.41285000000002
2018-07-30 19:00:00+00:00,51.085409999999996
2018-07-30 20:00:00+00:00,24.200504
2018-07-30 21:00:00+00:00,12.338448
2018-07-30 22:00:00+00:00,8.277944
2018-07-30 23:00:00+00:00,6.9888959999999996
2018-07-31 00:00:00+00:00,6.243314000000001
2018-07-31 01:00:00+00:00,5.349734
2018-07-31 02:00:00+00:00,4.3594740000000005
2018-07-31 03:00:00+00:00,3.564322
2018-07-31 04:00:00+00:00,3.4935539999999996
2018-07-31 05:00:00+00:00,12.302
2018-07-31 06:00:00+00:00,24.403482
2018-07-31 07:00:00+00:00,33.37235200000001
2018-07-31 08:00:00+00:00,44.215751999999995
2018-07-31 09:00:00+00:00,58.292794
2018-07-31 10:00:00+00:00,73.55253799999998
2018-07-31 11:00:00+00:00,88.089788
2018-07-31 12:00:00+00:00,99.86242399999999
2018-07-31 13:00:00+00:00,110.868162
2018-07-31 14:00:00+00:00,131.897036
2018-07-31 15:00:00+00:00,158.42092200000002
2018-07-31 16:00:00+00:00,171.66029200000003
2018-07-31 17:00:00+00:00,146.805706
2018-07-31 18:00:00+00:00,92.25772400000001
2018-07-31 19:00:00+00:00,46.296986000000004
2018-07-31 20:00:00+00:00,21.50907
2018-07-31 21:00:00+00:00,12.197798
2018-07-31 22:00:00+00:00,11.095458
2018-07-31 23:00:00+00:00,13.29298
2018-08-01 00:00:00+00:00,16.123639999999998
2018-08-01 01:00:00+00:00,18.401373999999997
2018-08-01 02:00:00+00:00,19.218064
2018-08-01 03:00:00+00:00,16.758708
2018-08-01 04:00:00+00:00,16.789698
2018-08-01 05:00:00+00:00,44.775243999999994
2018-08-01 06:00:00+00:00,75.160238
2018-08-01 07:00:00+00:00,96.44058399999999
2018-08-01 08:00:00+00:00,116.93766600000001
2018-08-01 09:00:00+00:00,137.65713599999998
2018-08-01 10:00:00+00:00,162.05333199999998
2018-08-01 11:00:00+00:00,190.355042
2018-08-01 12:00:00+00:00,219.222524
2018-08-01 13:00:00+00:00,238.22691600000002
2018-08-01 14:00:00+00:00,239.637204
2018-08-01 15:00:00+00:00,224.038886
2018-08-01 16:00:00+00:00,180.22737400000003
2018-08-01 17:00:00+00:00,125.762254
2018-08-01 18:00:00+00:00,84.19445599999999
2018-08-01 19:00:00+00:00,53.27760000000001
2018-08-01 20:00:00+00:00,35.587686
2018-08-01 21:00:00+00:00,29.649662
2018-08-01 22:00:00+00:00,29.711674
2018-08-01 23:00:00+00:00,32.57334
2018-08-02 00:00:00+00:00,36.180232000000004
2018-08-02 01:00:00+00:00,37.705534
2018-08-02 02:00:00+00:00,37.52789799999999
2018-08-02 03:00:00+00:00,29.386039999999998
2018-08-02 04:00:00+00:00,47.122478
2018-08-02 05:00:00+00:00,83.39471599999999
2018-08-02 06:00:00+00:00,97.32911600000001
2018-08-02 07:00:00+00:00,103.82727999999999
2018-08-02 08:00:00+00:00,110.971332
2018-08-02 09:00:00+00:00,130.22856399999998
2018-08-02 10:00:00+00:00,161.459924
2018-08-02 11:00:00+00:00,199.27086999999997
2018-08-02 12:00:00+00:00,231.81196199999997
2018-08-02 13:00:00+00:00,249.296438
2018-08-02 14:00:00+00:00,249.976888
2018-08-02 15:00:00+00:00,235.14991
2018-08-02 16:00:00+00:00,198.78601600000002
2018-08-02 17:00:00+00:00,146.627026
2018-08-02 18:00:00+00:00,92.76017000000002
2018-08-02 19:00:00+00:00,59.561007999999994
2018-08-02 20:00:00+00:00,41.08083
2018-08-02 21:00:00+00:00,34.065310000000004
2018-08-02 22:00:00+00:00,33.207996
2018-08-02 23:00:00+00:00,38.53779
2018-08-03 00:00:00+00:00,45.597628
2018-08-03 01:00:00+00:00,47.183036
2018-08-03 02:00:00+00:00,49.460952000000006
2018-08-03 03:00:00+00:00,49.550648
2018-08-03 04:00:00+00:00,45.39310799999999
2018-08-03 05:00:00+00:00,40.161592000000006
2018-08-03 06:00:00+00:00,31.074812
2018-08-03 07:00:00+00:00,20.15233
2018-08-03 08:00:00+00:00,10.147203999999999
2018-08-03 09:00:00+00:00,14.460492
2018-08-03 10:00:00+00:00,38.231443999999996
2018-08-03 11:00:00+00:00,65.756076
2018-08-03 12:00:00+00:00,99.158904
2018-08-03 13:00:00+00:00,141.952078
2018-08-03 14:00:00+00:00,184.83882400000002
2018-08-03 15:00:00+00:00,205.70786800000002
2018-08-03 16:00:00+00:00,174.585844
2018-08-03 17:00:00+00:00,117.524476
2018-08-03 18:00:00+00:00,70.73971599999999
2018-08-03 19:00:00+00:00,38.576358000000006
2018-08-03 20:00:00+00:00,20.673112
2018-08-03 21:00:00+00:00,13.687554
2018-08-03 22:00:00+00:00,11.64522
2018-08-03 23:00:00+00:00,12.074145999999999
2018-08-04 00:00:00+00:00,13.012732
2018-08-04 01:00:00+00:00,13.073849999999998
2018-08-04 02:00:00+00:00,12.240692000000001
2018-08-04 03:00:00+00:00,10.708025999999998
2018-08-04 04:00:00+00:00,7.498184
2018-08-04 05:00:00+00:00,3.140632
2018-08-04 06:00:00+00:00,0.663938
2018-08-04 07:00:00+00:00,0.327492
2018-08-04 08:00:00+00:00,1.4800900000000001
2018-08-04 09:00:00+00:00,6.609112
2018-08-04 10:00:00+00:00,19.776992
2018-08-04 11:00:00+00:00,41.711079999999995
2018-08-04 12:00:00+00:00,52.58662399999999
2018-08-04 13:00:00+00:00,53.965588000000004
2018-08-04 14:00:00+00:00,57.687312000000006
2018-08-04 15:00:00+00:00,74.564436
2018-08-04 16:00:00+00:00,127.82901199999999
2018-08-04 17:00:00+00:00,139.13971000000004
2018-08-04 18:00:00+00:00,91.658566
2018-08-04 19:00:00+00:00,49.264072
2018-08-04 20:00:00+00:00,26.226014
2018-08-04 21:00:00+00:00,17.672592
2018-08-04 22:00:00+00:00,15.395048000000001
2018-08-04 23:00:00+00:00,14.652274000000002
2018-08-05 00:00:00+00:00,13.364626000000001
2018-08-05 01:00:00+00:00,10.596318000000002
2018-08-05 02:00:00+00:00,7.2409300000000005
2018-08-05 03:00:00+00:00,3.0995019999999998
2018-08-05 04:00:00+00:00,0.497052
2018-08-05 05:00:00+00:00,0.0084
2018-08-05 06:00:00+00:00,0.0168
2018-08-05 07:00:00+00:00,0.5296
2018-08-05 08:00:00+00:00,3.0411040000000003
2018-08-05 09:00:00+00:00,10.610363999999999
2018-08-05 10:00:00+00:00,31.717274
2018-08-05 11:00:00+00:00,61.176906
2018-08-05 12:00:00+00:00,77.38209400000001
2018-08-05 13:00:00+00:00,81.18982799999999
2018-08-05 14:00:00+00:00,93.83040199999999
2018-08-05 15:00:00+00:00,135.97205599999998
2018-08-05 16:00:00+00:00,173.668654
2018-08-05 17:00:00+00:00,140.72246
2018-08-05 18:00:00+00:00,89.28343199999999
2018-08-05 19:00:00+00:00,53.11001
2018-08-05 20:00:00+00:00,34.575746
2018-08-05 21:00:00+00:00,29.474558
2018-08-05 22:00:00+00:00,32.323616
2018-08-05 23:00:00+00:00,34.94955
2018-08-06 00:00:00+00:00,33.906231999999996
2018-08-06 01:00:00+00:00,30.382890000000003
2018-08-06 02:00:00+00:00,26.010982000000002
2018-08-06 03:00:00+00:00,17.708866000000004
2018-08-06 04:00:00+00:00,9.384500000000001
2018-08-06 05:00:00+00:00,10.703668
2018-08-06 06:00:00+00:00,1.672406
2018-08-06 07:00:00+00:00,0.519586
2018-08-06 08:00:00+00:00,1.1567100000000001
2018-08-06 09:00:00+00:00,3.54086
2018-08-06 10:00:00+00:00,12.568324
2018-08-06 11:00:00+00:00,37.979332
2018-08-06 12:00:00+00:00,65.589626
2018-08-06 13:00:00+00:00,80.06826600000001
2018-08-06 14:00:00+00:00,109.612398
2018-08-06 15:00:00+00:00,168.35781799999998
2018-08-06 16:00:00+00:00,206.87222200000002
2018-08-06 17:00:00+00:00,171.1497
2018-08-06 18:00:00+00:00,108.834842
2018-08-06 19:00:00+00:00,60.870812
2018-08-06 20:00:00+00:00,34.90382399999999
2018-08-06 21:00:00+00:00,22.467644
2018-08-06 22:00:00+00:00,15.535492000000001
2018-08-06 23:00:00+00:00,11.571659999999998
2018-08-07 00:00:00+00:00,9.731790000000002
2018-08-07 01:00:00+00:00,9.236842000000001
2018-08-07 02:00:00+00:00,8.40124
2018-08-07 03:00:00+00:00,6.626695999999999
2018-08-07 04:00:00+00:00,3.63857
2018-08-07 05:00:00+00:00,2.2309319999999997
2018-08-07 06:00:00+00:00,0.170532
2018-08-07 07:00:00+00:00,1.4854759999999998
2018-08-07 08:00:00+00:00,6.913625999999999
2018-08-07 09:00:00+00:00,18.568432000000005
2018-08-07 10:00:00+00:00,39.040431999999996
2018-08-07 11:00:00+00:00,66.718662
2018-08-07 12:00:00+00:00,84.442658
2018-08-07 13:00:00+00:00,102.74747
2018-08-07 14:00:00+00:00,141.58398599999998
2018-08-07 15:00:00+00:00,188.8868
2018-08-07 16:00:00+00:00,194.228294
2018-08-07 17:00:00+00:00,157.40166
2018-08-07 18:00:00+00:00,111.71623399999999
2018-08-07 19:00:00+00:00,71.531514
2018-08-07 20:00:00+00:00,41.898604000000006
2018-08-07 21:00:00+00:00,29.311452
2018-08-07 22:00:00+00:00,25.618922
2018-08-07 23:00:00+00:00,24.837786
2018-08-08 00:00:00+00:00,23.360978000000003
2018-08-08 01:00:00+00:00,20.983946
2018-08-08 02:00:00+00:00,19.092062000000002
2018-08-08 03:00:00+00:00,16.271748
2018-08-08 04:00:00+00:00,15.647349999999998
2018-08-08 05:00:00+00:00,15.533158
2018-08-08 06:00:00+00:00,11.118497999999999
2018-08-08 07:00:00+00:00,2.618268
2018-08-08 08:00:00+00:00,2.956604
2018-08-08 09:00:00+00:00,8.482636
2018-08-08 10:00:00+00:00,18.729954000000003
2018-08-08 11:00:00+00:00,41.561631999999996
2018-08-08 12:00:00+00:00,70.172888
2018-08-08 13:00:00+00:00,90.21513999999999
2018-08-08 14:00:00+00:00,122.71709599999998
2018-08-08 15:00:00+00:00,170.18504
2018-08-08 16:00:00+00:00,190.87514399999998
2018-08-08 17:00:00+00:00,171.60449
2018-08-08 18:00:00+00:00,127.76827599999999
2018-08-08 19:00:00+00:00,82.729134
2018-08-08 20:00:00+00:00,54.133601999999996
2018-08-08 21:00:00+00:00,38.977458
2018-08-08 22:00:00+00:00,31.538272000000003
2018-08-08 23:00:00+00:00,28.12807
2018-08-09 00:00:00+00:00,27.533633999999996
2018-08-09 01:00:00+00:00,28.76472
2018-08-09 02:00:00+00:00,27.519642
2018-08-09 03:00:00+00:00,18.128142000000004
2018-08-09 04:00:00+00:00,8.942254000000002
2018-08-09 05:00:00+00:00,7.928352
2018-08-09 06:00:00+00:00,7.072588
2018-08-09 07:00:00+00:00,0.33917400000000003
2018-08-09 08:00:00+00:00,0.346442
2018-08-09 09:00:00+00:00,0.482242
2018-08-09 10:00:00+00:00,1.039968
2018-08-09 11:00:00+00:00,6.235502
2018-08-09 12:00:00+00:00,27.388691999999992
2018-08-09 13:00:00+00:00,51.572752
2018-08-09 14:00:00+00:00,65.25491199999999
2018-08-09 15:00:00+00:00,93.579024
2018-08-09 16:00:00+00:00,147.18225199999998
2018-08-09 17:00:00+00:00,170.90965599999998
2018-08-09 18:00:00+00:00,143.46681
2018-08-09 19:00:00+00:00,92.89806800000001
2018-08-09 20:00:00+00:00,54.128144000000006
2018-08-09 21:00:00+00:00,36.834045999999994
2018-08-09 22:00:00+00:00,27.696692000000002
2018-08-09 23:00:00+00:00,20.51427
2018-08-10 00:00:00+00:00,15.312707999999999
2018-08-10 01:00:00+00:00,11.637523999999999
2018-08-10 02:00:00+00:00,8.66536
2018-08-10 03:00:00+00:00,4.962318
2018-08-10 04:00:00+00:00,1.9707039999999998
2018-08-10 05:00:00+00:00,7.808568
2018-08-10 06:00:00+00:00,7.816272
2018-08-10 07:00:00+00:00,8.667456
2018-08-10 08:00:00+00:00,10.524813999999997
2018-08-10 09:00:00+00:00,18.073066
2018-08-10 10:00:00+00:00,34.250412
2018-08-10 11:00:00+00:00,48.991566
2018-08-10 12:00:00+00:00,51.681495999999996
2018-08-10 13:00:00+00:00,55.64369799999999
2018-08-10 14:00:00+00:00,67.29576800000001
2018-08-10 15:00:00+00:00,97.535414
2018-08-10 16:00:00+00:00,143.93253800000002
2018-08-10 17:00:00+00:00,143.342572
2018-08-10 18:00:00+00:00,100.53146799999999
2018-08-10 19:00:00+00:00,56.490986
2018-08-10 20:00:00+00:00,30.258668
2018-08-10 21:00:00+00:00,18.468780000000002
2018-08-10 22:00:00+00:00,14.246278
2018-08-10 23:00:00+00:00,12.458430000000002
2018-08-11 00:00:00+00:00,11.518792000000001
2018-08-11 01:00:00+00:00,9.889438000000002
2018-08-11 02:00:00+00:00,7.426577999999999
2018-08-11 03:00:00+00:00,4.912400000000001
2018-08-11 04:00:00+00:00,2.2663439999999997
2018-08-11 05:00:00+00:00,0.5989840000000001
2018-08-11 06:00:00+00:00,2.7830040000000005
2018-08-11 07:00:00+00:00,13.235326
2018-08-11 08:00:00+00:00,33.771988
2018-08-11 09:00:00+00:00,61.593858
2018-08-11 10:00:00+00:00,74.76657
2018-08-11 11:00:00+00:00,73.90717399999998
2018-08-11 12:00:00+00:00,71.22792799999999
2018-08-11 13:00:00+00:00,75.024494
2018-08-11 14:00:00+00:00,87.447434
2018-08-11 15:00:00+00:00,113.014178
2018-08-11 16:00:00+00:00,152.96607
2018-08-11 17:00:00+00:00,143.71471400000001
2018-08-11 18:00:00+00:00,100.056436
2018-08-11 19:00:00+00:00,60.282292
2018-08-11 20:00:00+00:00,34.084492
2018-08-11 21:00:00+00:00,22.933872
2018-08-11 22:00:00+00:00,19.71703
2018-08-11 23:00:00+00:00,18.474743999999998
2018-08-12 00:00:00+00:00,17.221598
2018-08-12 01:00:00+00:00,15.13565
2018-08-12 02:00:00+00:00,12.999088000000002
2018-08-12 03:00:00+00:00,8.20561
2018-08-12 04:00:00+00:00,3.65662
2018-08-12 05:00:00+00:00,4.386944
2018-08-12 06:00:00+00:00,2.3633
2018-08-12 07:00:00+00:00,2.8035679999999994
2018-08-12 08:00:00+00:00,6.726007999999999
2018-08-12 09:00:00+00:00,14.944668000000002
2018-08-12 10:00:00+00:00,29.602952000000002
2018-08-12 11:00:00+00:00,51.555066000000004
2018-08-12 12:00:00+00:00,61.9485
2018-08-12 13:00:00+00:00,67.19891199999999
2018-08-12 14:00:00+00:00,81.289338
2018-08-12 15:00:00+00:00,119.07329000000001
2018-08-12 16:00:00+00:00,178.05501199999998
2018-08-12 17:00:00+00:00,186.22552
2018-08-12 18:00:00+00:00,144.150894
2018-08-12 19:00:00+00:00,95.13025
2018-08-12 20:00:00+00:00,59.56160199999999
2018-08-12 21:00:00+00:00,42.674188
2018-08-12 22:00:00+00:00,34.82588200000001
2018-08-12 23:00:00+00:00,28.976469999999996
2018-08-13 00:00:00+00:00,25.397602
2018-08-13 01:00:00+00:00,23.364712000000004
2018-08-13 02:00:00+00:00,22.962228
2018-08-13 03:00:00+00:00,22.133625999999996
2018-08-13 04:00:00+00:00,18.63285
2018-08-13 05:00:00+00:00,28.754152
2018-08-13 06:00:00+00:00,38.660706000000005
2018-08-13 07:00:00+00:00,52.23122000000001
2018-08-13 08:00:00+00:00,69.183018
2018-08-13 09:00:00+00:00,92.537304
2018-08-13 10:00:00+00:00,123.08330600000001
2018-08-13 11:00:00+00:00,160.454838
2018-08-13 12:00:00+00:00,202.87438999999998
2018-08-13 13:00:00+00:00,239.19551
2018-08-13 14:00:00+00:00,250.57755200000003
2018-08-13 15:00:00+00:00,234.09230599999998
2018-08-13 16:00:00+00:00,196.528174
2018-08-13 17:00:00+00:00,148.20888199999996
2018-08-13 18:00:00+00:00,106.43216600000001
2018-08-13 19:00:00+00:00,74.61350399999999
2018-08-13 20:00:00+00:00,48.803768
2018-08-13 21:00:00+00:00,38.20745
2018-08-13 22:00:00+00:00,36.72119
2018-08-13 23:00:00+00:00,38.121115999999994
2018-08-14 00:00:00+00:00,38.75355
2018-08-14 01:00:00+00:00,37.66485399999999
2018-08-14 02:00:00+00:00,35.468574
2018-08-14 03:00:00+00:00,27.754606
2018-08-14 04:00:00+00:00,29.837018000000004
2018-08-14 05:00:00+00:00,38.206208
2018-08-14 06:00:00+00:00,36.48946000000001
2018-08-14 07:00:00+00:00,31.982834
2018-08-14 08:00:00+00:00,34.608166000000004
2018-08-14 09:00:00+00:00,49.677896
2018-08-14 10:00:00+00:00,71.513564
2018-08-14 11:00:00+00:00,86.553348
2018-08-14 12:00:00+00:00,100.518484
2018-08-14 13:00:00+00:00,120.611896
2018-08-14 14:00:00+00:00,149.635532
2018-08-14 15:00:00+00:00,174.30637800000002
2018-08-14 16:00:00+00:00,175.10902199999998
2018-08-14 17:00:00+00:00,136.88894000000002
2018-08-14 18:00:00+00:00,86.92145199999997
2018-08-14 19:00:00+00:00,49.903656
2018-08-14 20:00:00+00:00,28.015395999999996
2018-08-14 21:00:00+00:00,20.271822
2018-08-14 22:00:00+00:00,19.029544
2018-08-14 23:00:00+00:00,18.077306
2018-08-15 00:00:00+00:00,16.726088
2018-08-15 01:00:00+00:00,15.582586000000001
2018-08-15 02:00:00+00:00,15.078882
2018-08-15 03:00:00+00:00,11.26656
2018-08-15 04:00:00+00:00,7.489254000000001
2018-08-15 05:00:00+00:00,8.9137
2018-08-15 06:00:00+00:00,5.146731999999999
2018-08-15 07:00:00+00:00,0.5406580000000001
2018-08-15 08:00:00+00:00,0.29948400000000003
2018-08-15 09:00:00+00:00,0.321884
2018-08-15 10:00:00+00:00,0.8152099999999999
2018-08-15 11:00:00+00:00,3.358194
2018-08-15 12:00:00+00:00,15.352586
2018-08-15 13:00:00+00:00,38.13823
2018-08-15 14:00:00+00:00,51.360576
2018-08-15 15:00:00+00:00,76.367622
2018-08-15 16:00:00+00:00,129.00477800000002
2018-08-15 17:00:00+00:00,141.402384
2018-08-15 18:00:00+00:00,100.192238
2018-08-15 19:00:00+00:00,54.349536
2018-08-15 20:00:00+00:00,26.265776
2018-08-15 21:00:00+00:00,16.241494
2018-08-15 22:00:00+00:00,12.93218
2018-08-15 23:00:00+00:00,11.401262
2018-08-16 00:00:00+00:00,11.158339999999999
2018-08-16 01:00:00+00:00,11.056408
2018-08-16 02:00:00+00:00,10.361092000000001
2018-08-16 03:00:00+00:00,7.299247999999999
2018-08-16 04:00:00+00:00,1.8775279999999999
2018-08-16 05:00:00+00:00,0.0014
2018-08-16 06:00:00+00:00,0.0
2018-08-16 07:00:00+00:00,0.0
2018-08-16 08:00:00+00:00,0.10088
2018-08-16 09:00:00+00:00,0.21716
2018-08-16 10:00:00+00:00,1.0658519999999998
2018-08-16 11:00:00+00:00,9.712734000000001
2018-08-16 12:00:00+00:00,40.158916
2018-08-16 13:00:00+00:00,57.056066
2018-08-16 14:00:00+00:00,61.38904999999999
2018-08-16 15:00:00+00:00,78.183162
2018-08-16 16:00:00+00:00,129.97913200000002
2018-08-16 17:00:00+00:00,139.624186
2018-08-16 18:00:00+00:00,96.831258
2018-08-16 19:00:00+00:00,49.005758
2018-08-16 20:00:00+00:00,22.667474
2018-08-16 21:00:00+00:00,14.506016
2018-08-16 22:00:00+00:00,14.941254000000002
2018-08-16 23:00:00+00:00,16.915818
2018-08-17 00:00:00+00:00,17.403766
2018-08-17 01:00:00+00:00,15.825026000000001
2018-08-17 02:00:00+00:00,13.613844000000002
2018-08-17 03:00:00+00:00,9.428454
2018-08-17 04:00:00+00:00,3.4685200000000003
2018-08-17 05:00:00+00:00,2.5914
2018-08-17 06:00:00+00:00,1.170458
2018-08-17 07:00:00+00:00,0.540452
2018-08-17 08:00:00+00:00,1.9671279999999998
2018-08-17 09:00:00+00:00,5.301080000000001
2018-08-17 10:00:00+00:00,20.939824
2018-08-17 11:00:00+00:00,55.984534
2018-08-17 12:00:00+00:00,78.78414599999999
2018-08-17 13:00:00+00:00,86.17072399999999
2018-08-17 14:00:00+00:00,110.377912
2018-08-17 15:00:00+00:00,159.530262
2018-08-17 16:00:00+00:00,188.397652
2018-08-17 17:00:00+00:00,137.72878199999997
2018-08-17 18:00:00+00:00,83.53372199999998
2018-08-17 19:00:00+00:00,51.00012000000001
2018-08-17 20:00:00+00:00,33.698136
2018-08-17 21:00:00+00:00,26.564041999999997
2018-08-17 22:00:00+00:00,24.06176
2018-08-17 23:00:00+00:00,25.75818
2018-08-18 00:00:00+00:00,28.683937999999998
2018-08-18 01:00:00+00:00,29.076613999999996
2018-08-18 02:00:00+00:00,26.848624000000004
2018-08-18 03:00:00+00:00,21.550398
2018-08-18 04:00:00+00:00,16.061746
2018-08-18 05:00:00+00:00,20.375668
2018-08-18 06:00:00+00:00,24.609908
2018-08-18 07:00:00+00:00,20.092248
2018-08-18 08:00:00+00:00,11.830716
2018-08-18 09:00:00+00:00,14.112229999999998
2018-08-18 10:00:00+00:00,25.801165999999995
2018-08-18 11:00:00+00:00,47.416667999999994
2018-08-18 12:00:00+00:00,61.186854
2018-08-18 13:00:00+00:00,70.244518
2018-08-18 14:00:00+00:00,85.77864199999999
2018-08-18 15:00:00+00:00,115.212996
2018-08-18 16:00:00+00:00,151.77927
2018-08-18 17:00:00+00:00,137.94538
2018-08-18 18:00:00+00:00,96.83837599999998
2018-08-18 19:00:00+00:00,62.41289
2018-08-18 20:00:00+00:00,40.955478
2018-08-18 21:00:00+00:00,31.289883999999997
2018-08-18 22:00:00+00:00,28.978881999999995
2018-08-18 23:00:00+00:00,27.205737999999997
2018-08-19 00:00:00+00:00,22.25621
2018-08-19 01:00:00+00:00,15.017218000000002
2018-08-19 02:00:00+00:00,9.324559999999998
2018-08-19 03:00:00+00:00,4.970868
2018-08-19 04:00:00+00:00,2.711524
2018-08-19 05:00:00+00:00,3.843826
2018-08-19 06:00:00+00:00,3.159718
2018-08-19 07:00:00+00:00,3.5464299999999995
2018-08-19 08:00:00+00:00,5.093095999999998
2018-08-19 09:00:00+00:00,6.959558
2018-08-19 10:00:00+00:00,8.254688
2018-08-19 11:00:00+00:00,16.96219
2018-08-19 12:00:00+00:00,34.572365999999995
2018-08-19 13:00:00+00:00,50.749182
2018-08-19 14:00:00+00:00,56.769845999999994
2018-08-19 15:00:00+00:00,88.39362200000001
2018-08-19 16:00:00+00:00,160.039054
2018-08-19 17:00:00+00:00,159.715858
2018-08-19 18:00:00+00:00,100.838672
2018-08-19 19:00:00+00:00,52.269867999999995
2018-08-19 20:00:00+00:00,25.648916
2018-08-19 21:00:00+00:00,12.882957999999999
2018-08-19 22:00:00+00:00,6.865062
2018-08-19 23:00:00+00:00,4.538296
2018-08-20 00:00:00+00:00,3.744552
2018-08-20 01:00:00+00:00,2.5588359999999994
2018-08-20 02:00:00+00:00,1.2788920000000001
2018-08-20 03:00:00+00:00,0.19756
2018-08-20 04:00:00+00:00,0.0014
2018-08-20 05:00:00+00:00,0.0028
2018-08-20 06:00:00+00:00,6.524068
2018-08-20 07:00:00+00:00,13.967279999999999
2018-08-20 08:00:00+00:00,14.087751999999998
2018-08-20 09:00:00+00:00,10.249984
2018-08-20 10:00:00+00:00,10.744022
2018-08-20 11:00:00+00:00,18.813498000000003
2018-08-20 12:00:00+00:00,35.69035999999999
2018-08-20 13:00:00+00:00,53.748555999999994
2018-08-20 14:00:00+00:00,52.441568
2018-08-20 15:00:00+00:00,63.206345999999996
2018-08-20 16:00:00+00:00,100.45036799999998
2018-08-20 17:00:00+00:00,115.064938
2018-08-20 18:00:00+00:00,83.80712
2018-08-20 19:00:00+00:00,46.309286
2018-08-20 20:00:00+00:00,24.079676000000003
2018-08-20 21:00:00+00:00,14.056438000000002
2018-08-20 22:00:00+00:00,10.940823999999997
2018-08-20 23:00:00+00:00,11.67765
2018-08-21 00:00:00+00:00,14.041378
2018-08-21 01:00:00+00:00,15.765308
2018-08-21 02:00:00+00:00,17.186242000000004
2018-08-21 03:00:00+00:00,15.011318000000001
2018-08-21 04:00:00+00:00,8.961008
2018-08-21 05:00:00+00:00,6.40252
2018-08-21 06:00:00+00:00,0.0056
2018-08-21 07:00:00+00:00,0.012599999999999998
2018-08-21 08:00:00+00:00,0.0392
2018-08-21 09:00:00+00:00,0.0882
2018-08-21 10:00:00+00:00,0.322642
2018-08-21 11:00:00+00:00,4.940342
2018-08-21 12:00:00+00:00,28.942833999999998
2018-08-21 13:00:00+00:00,54.526906
2018-08-21 14:00:00+00:00,69.936998
2018-08-21 15:00:00+00:00,109.96488599999999
2018-08-21 16:00:00+00:00,169.849514
2018-08-21 17:00:00+00:00,153.098954
2018-08-21 18:00:00+00:00,92.72309
2018-08-21 19:00:00+00:00,50.621095999999994
2018-08-21 20:00:00+00:00,27.208925999999998
2018-08-21 21:00:00+00:00,19.801458000000004
2018-08-21 22:00:00+00:00,20.243
2018-08-21 23:00:00+00:00,24.734541999999994
2018-08-22 00:00:00+00:00,29.230283999999997
2018-08-22 01:00:00+00:00,30.307764000000006
2018-08-22 02:00:00+00:00,28.168046
2018-08-22 03:00:00+00:00,19.816708000000002
2018-08-22 04:00:00+00:00,12.540572
2018-08-22 05:00:00+00:00,10.412410000000001
2018-08-22 06:00:00+00:00,1.2715280000000002
2018-08-22 07:00:00+00:00,0.151842
2018-08-22 08:00:00+00:00,0.16304200000000002
2018-08-22 09:00:00+00:00,0.19384200000000001
2018-08-22 10:00:00+00:00,1.2637360000000002
2018-08-22 11:00:00+00:00,5.937682
2018-08-22 12:00:00+00:00,19.906589999999998
2018-08-22 13:00:00+00:00,48.334958
2018-08-22 14:00:00+00:00,67.595014
2018-08-22 15:00:00+00:00,107.61095800000001
2018-08-22 16:00:00+00:00,161.941284
2018-08-22 17:00:00+00:00,141.337082
2018-08-22 18:00:00+00:00,87.27808399999999
2018-08-22 19:00:00+00:00,49.584050000000005
2018-08-22 20:00:00+00:00,30.797553999999995
2018-08-22 21:00:00+00:00,25.180749999999996
2018-08-22 22:00:00+00:00,23.798541999999998
2018-08-22 23:00:00+00:00,23.456852
2018-08-23 00:00:00+00:00,21.331846
2018-08-23 01:00:00+00:00,18.1157
2018-08-23 02:00:00+00:00,15.278917999999999
2018-08-23 03:00:00+00:00,10.324834
2018-08-23 04:00:00+00:00,5.341499999999999
2018-08-23 05:00:00+00:00,5.788642
2018-08-23 06:00:00+00:00,3.590954
2018-08-23 07:00:00+00:00,0.0
2018-08-23 08:00:00+00:00,0.0014
2018-08-23 09:00:00+00:00,0.012599999999999998
2018-08-23 10:00:00+00:00,0.05179999999999999
2018-08-23 11:00:00+00:00,0.1414
2018-08-23 12:00:00+00:00,0.24359999999999996
2018-08-23 13:00:00+00:00,0.622884
2018-08-23 14:00:00+00:00,18.2569
2018-08-23 15:00:00+00:00,74.524802
2018-08-23 16:00:00+00:00,153.512874
2018-08-23 17:00:00+00:00,168.067734
2018-08-23 18:00:00+00:00,132.418376
2018-08-23 19:00:00+00:00,86.61822
2018-08-23 20:00:00+00:00,53.481038
2018-08-23 21:00:00+00:00,37.86005
2018-08-23 22:00:00+00:00,32.527472
2018-08-23 23:00:00+00:00,31.756144
2018-08-24 00:00:00+00:00,33.322979999999994
2018-08-24 01:00:00+00:00,37.138307999999995
2018-08-24 02:00:00+00:00,43.02908
2018-08-24 03:00:00+00:00,44.358602
2018-08-24 04:00:00+00:00,33.423385999999994
2018-08-24 05:00:00+00:00,52.8406
2018-08-24 06:00:00+00:00,68.385054
2018-08-24 07:00:00+00:00,45.82788
2018-08-24 08:00:00+00:00,25.323552000000003
2018-08-24 09:00:00+00:00,15.344236000000002
2018-08-24 10:00:00+00:00,8.680696000000001
2018-08-24 11:00:00+00:00,3.4539959999999996
2018-08-24 12:00:00+00:00,2.1629059999999996
2018-08-24 13:00:00+00:00,7.741988
2018-08-24 14:00:00+00:00,55.889064
2018-08-24 15:00:00+00:00,157.81556400000002
2018-08-24 16:00:00+00:00,205.982756
2018-08-24 17:00:00+00:00,169.210058
2018-08-24 18:00:00+00:00,116.68584600000001
2018-08-24 19:00:00+00:00,63.356641999999994
2018-08-24 20:00:00+00:00,32.611394
2018-08-24 21:00:00+00:00,19.494601999999997
2018-08-24 22:00:00+00:00,13.825047999999999
2018-08-24 23:00:00+00:00,12.098666000000001
2018-08-25 00:00:00+00:00,12.051556000000001
2018-08-25 01:00:00+00:00,12.486794000000002
2018-08-25 02:00:00+00:00,11.989046
2018-08-25 03:00:00+00:00,9.469972000000002
2018-08-25 04:00:00+00:00,6.223176
2018-08-25 05:00:00+00:00,4.59137
2018-08-25 06:00:00+00:00,1.227226
2018-08-25 07:00:00+00:00,0.09808
2018-08-25 08:00:00+00:00,0.0014
2018-08-25 09:00:00+00:00,0.018199999999999997
2018-08-25 10:00:00+00:00,0.1344
2018-08-25 11:00:00+00:00,0.39759999999999995
2018-08-25 12:00:00+00:00,5.25868
2018-08-25 13:00:00+00:00,87.389882
2018-08-25 14:00:00+00:00,156.38742200000002
2018-08-25 15:00:00+00:00,229.512866
2018-08-25 16:00:00+00:00,235.97091399999996
2018-08-25 17:00:00+00:00,181.61048599999998
2018-08-25 18:00:00+00:00,115.737728
2018-08-25 19:00:00+00:00,75.55493
2018-08-25 20:00:00+00:00,56.408702
2018-08-25 21:00:00+00:00,55.952464
2018-08-25 22:00:00+00:00,55.774868
2018-08-25 23:00:00+00:00,54.766209999999994
2018-08-26 00:00:00+00:00,55.571873999999994
2018-08-26 01:00:00+00:00,56.665465999999995
2018-08-26 02:00:00+00:00,53.483821999999996
2018-08-26 03:00:00+00:00,45.88228199999999
2018-08-26 04:00:00+00:00,60.903218
2018-08-26 05:00:00+00:00,88.300434
2018-08-26 06:00:00+00:00,102.40360199999999
2018-08-26 07:00:00+00:00,105.401828
2018-08-26 08:00:00+00:00,103.291114
2018-08-26 09:00:00+00:00,101.63747599999999
2018-08-26 10:00:00+00:00,114.328528
2018-08-26 11:00:00+00:00,145.32447200000001
2018-08-26 12:00:00+00:00,187.90652
2018-08-26 13:00:00+00:00,219.81631000000002
2018-08-26 14:00:00+00:00,229.21555399999997
2018-08-26 15:00:00+00:00,216.21479
2018-08-26 16:00:00+00:00,174.855888
2018-08-26 17:00:00+00:00,134.733086
2018-08-26 18:00:00+00:00,103.119704
2018-08-26 19:00:00+00:00,83.10827600000002
2018-08-26 20:00:00+00:00,69.983622
2018-08-26 21:00:00+00:00,69.49147400000001
2018-08-26 22:00:00+00:00,71.291938
2018-08-26 23:00:00+00:00,80.26204999999999
2018-08-27 00:00:00+00:00,85.847872
2018-08-27 01:00:00+00:00,82.509656
2018-08-27 02:00:00+00:00,75.965806
2018-08-27 03:00:00+00:00,58.121233999999994
2018-08-27 04:00:00+00:00,47.963998000000004
2018-08-27 05:00:00+00:00,36.400018
2018-08-27 06:00:00+00:00,30.963768000000005
2018-08-27 07:00:00+00:00,28.798454
2018-08-27 08:00:00+00:00,21.663086
2018-08-27 09:00:00+00:00,15.45209
2018-08-27 10:00:00+00:00,14.216517999999999
2018-08-27 11:00:00+00:00,20.513482
2018-08-27 12:00:00+00:00,34.52166999999999
2018-08-27 13:00:00+00:00,54.740134
2018-08-27 14:00:00+00:00,74.716776
2018-08-27 15:00:00+00:00,116.752528
2018-08-27 16:00:00+00:00,151.77177999999998
2018-08-27 17:00:00+00:00,133.679272
2018-08-27 18:00:00+00:00,106.38630599999999
2018-08-27 19:00:00+00:00,79.89706600000001
2018-08-27 20:00:00+00:00,56.305022
2018-08-27 21:00:00+00:00,43.714382
2018-08-27 22:00:00+00:00,36.816922
2018-08-27 23:00:00+00:00,31.95864
2018-08-28 00:00:00+00:00,26.059128
2018-08-28 01:00:00+00:00,20.542483999999998
2018-08-28 02:00:00+00:00,17.090076
2018-08-28 03:00:00+00:00,12.889634
2018-08-28 04:00:00+00:00,9.627074
2018-08-28 05:00:00+00:00,5.180198
2018-08-28 06:00:00+00:00,0.19756
2018-08-28 07:00:00+00:00,0.19616
2018-08-28 08:00:00+00:00,1.7755959999999997
2018-08-28 09:00:00+00:00,2.9648079999999997
2018-08-28 10:00:00+00:00,2.9931560000000004
2018-08-28 11:00:00+00:00,1.759412
2018-08-28 12:00:00+00:00,1.734836
2018-08-28 13:00:00+00:00,5.78879
2018-08-28 14:00:00+00:00,30.160173999999998
2018-08-28 15:00:00+00:00,67.36021600000001
2018-08-28 16:00:00+00:00,134.218718
2018-08-28 17:00:00+00:00,153.81822
2018-08-28 18:00:00+00:00,125.72841799999999
2018-08-28 19:00:00+00:00,82.518824
2018-08-28 20:00:00+00:00,51.010142
2018-08-28 21:00:00+00:00,31.807850000000002
2018-08-28 22:00:00+00:00,21.08281
2018-08-28 23:00:00+00:00,14.637032
2018-08-29 00:00:00+00:00,11.390235999999998
2018-08-29 01:00:00+00:00,9.823060000000002
2018-08-29 02:00:00+00:00,10.369682000000001
2018-08-29 03:00:00+00:00,11.801824
2018-08-29 04:00:00+00:00,9.436696
2018-08-29 05:00:00+00:00,12.304136
2018-08-29 06:00:00+00:00,17.535477999999998
2018-08-29 07:00:00+00:00,22.23964
2018-08-29 08:00:00+00:00,23.612403999999998
2018-08-29 09:00:00+00:00,18.407480000000003
2018-08-29 10:00:00+00:00,11.037084
2018-08-29 11:00:00+00:00,4.74628
2018-08-29 12:00:00+00:00,0.82796
2018-08-29 13:00:00+00:00,5.724374
2018-08-29 14:00:00+00:00,78.890194
2018-08-29 15:00:00+00:00,170.58312
2018-08-29 16:00:00+00:00,189.323772
2018-08-29 17:00:00+00:00,128.925928
2018-08-29 18:00:00+00:00,77.48623599999999
2018-08-29 19:00:00+00:00,46.487926
2018-08-29 20:00:00+00:00,30.755561999999998
2018-08-29 21:00:00+00:00,27.336066
2018-08-29 22:00:00+00:00,29.815029999999997
2018-08-29 23:00:00+00:00,34.984376
2018-08-30 00:00:00+00:00,39.815172000000004
2018-08-30 01:00:00+00:00,38.28881
2018-08-30 02:00:00+00:00,30.55188
2018-08-30 03:00:00+00:00,18.242152
2018-08-30 04:00:00+00:00,8.077576
2018-08-30 05:00:00+00:00,2.752536
2018-08-30 06:00:00+00:00,0.8261419999999998
2018-08-30 07:00:00+00:00,0.0
2018-08-30 08:00:00+00:00,0.39372
2018-08-30 09:00:00+00:00,1.28624
2018-08-30 10:00:00+00:00,1.66028
2018-08-30 11:00:00+00:00,2.612224
2018-08-30 12:00:00+00:00,10.088284000000002
2018-08-30 13:00:00+00:00,50.935914
2018-08-30 14:00:00+00:00,82.42377800000001
2018-08-30 15:00:00+00:00,117.870412
2018-08-30 16:00:00+00:00,135.53016
2018-08-30 17:00:00+00:00,99.037876
2018-08-30 18:00:00+00:00,64.5313
2018-08-30 19:00:00+00:00,38.679365999999995
2018-08-30 20:00:00+00:00,23.142275999999995
2018-08-30 21:00:00+00:00,17.361859999999997
2018-08-30 22:00:00+00:00,16.45689
2018-08-30 23:00:00+00:00,19.135874000000005
2018-08-31 00:00:00+00:00,24.377206000000005
2018-08-31 01:00:00+00:00,28.191648000000004
2018-08-31 02:00:00+00:00,28.301639999999995
2018-08-31 03:00:00+00:00,22.218418
2018-08-31 04:00:00+00:00,12.719386
2018-08-31 05:00:00+00:00,8.37339
2018-08-31 06:00:00+00:00,6.59849
2018-08-31 07:00:00+00:00,0.36165400000000003
2018-08-31 08:00:00+00:00,0.012599999999999998
2018-08-31 09:00:00+00:00,0.030799999999999998
2018-08-31 10:00:00+00:00,0.098
2018-08-31 11:00:00+00:00,0.20579999999999998
2018-08-31 12:00:00+00:00,0.308
2018-08-31 13:00:00+00:00,1.0495
2018-08-31 14:00:00+00:00,39.057572
2018-08-31 15:00:00+00:00,106.282308
2018-08-31 16:00:00+00:00,152.09708999999998
2018-08-31 17:00:00+00:00,122.11151200000002
2018-08-31 18:00:00+00:00,74.141708
2018-08-31 19:00:00+00:00,42.883652
2018-08-31 20:00:00+00:00,25.51003
2018-08-31 21:00:00+00:00,17.239094
2018-08-31 22:00:00+00:00,15.021616000000002
2018-08-31 23:00:00+00:00,17.288324
2018-09-01 00:00:00+00:00,20.58715
2018-09-01 01:00:00+00:00,20.726747999999997
2018-09-01 02:00:00+00:00,16.716858000000002
2018-09-01 03:00:00+00:00,9.604658
2018-09-01 04:00:00+00:00,3.590954
2018-09-01 05:00:00+00:00,2.167568
2018-09-01 06:00:00+00:00,3.35924
2018-09-01 07:00:00+00:00,4.6342799999999995
2018-09-01 08:00:00+00:00,5.2154039999999995
2018-09-01 09:00:00+00:00,3.9347559999999997
2018-09-01 10:00:00+00:00,1.9013200000000001
2018-09-01 11:00:00+00:00,0.73408
2018-09-01 12:00:00+00:00,0.34728
2018-09-01 13:00:00+00:00,0.7206159999999999
2018-09-01 14:00:00+00:00,44.49175
2018-09-01 15:00:00+00:00,110.94775999999999
2018-09-01 16:00:00+00:00,137.10280200000003
2018-09-01 17:00:00+00:00,101.45505
2018-09-01 18:00:00+00:00,60.566788
2018-09-01 19:00:00+00:00,37.649194
2018-09-01 20:00:00+00:00,20.664901999999998
2018-09-01 21:00:00+00:00,12.45018
2018-09-01 22:00:00+00:00,9.00232
2018-09-01 23:00:00+00:00,8.259894
2018-09-02 00:00:00+00:00,8.497216
2018-09-02 01:00:00+00:00,7.900684
2018-09-02 02:00:00+00:00,7.005007999999999
2018-09-02 03:00:00+00:00,5.079666
2018-09-02 04:00:00+00:00,2.36758
2018-09-02 05:00:00+00:00,0.838758
2018-09-02 06:00:00+00:00,0.09808
2018-09-02 07:00:00+00:00,0.0028
2018-09-02 08:00:00+00:00,0.0238
2018-09-02 09:00:00+00:00,0.0882
2018-09-02 10:00:00+00:00,0.1638
2018-09-02 11:00:00+00:00,1.5002339999999998
2018-09-02 12:00:00+00:00,35.681216
2018-09-02 13:00:00+00:00,73.602946
2018-09-02 14:00:00+00:00,80.96158799999999
2018-09-02 15:00:00+00:00,99.85583799999999
2018-09-02 16:00:00+00:00,123.99030400000001
2018-09-02 17:00:00+00:00,108.072182
2018-09-02 18:00:00+00:00,67.541588
2018-09-02 19:00:00+00:00,38.54813600000001
2018-09-02 20:00:00+00:00,25.149909999999995
2018-09-02 21:00:00+00:00,22.80651
2018-09-02 22:00:00+00:00,23.10707
2018-09-02 23:00:00+00:00,22.493738000000004
2018-09-03 00:00:00+00:00,22.773282000000002
2018-09-03 01:00:00+00:00,22.868570000000002
2018-09-03 02:00:00+00:00,22.129648000000003
2018-09-03 03:00:00+00:00,15.957790000000003
2018-09-03 04:00:00+00:00,5.778138
2018-09-03 05:00:00+00:00,2.28036
2018-09-03 06:00:00+00:00,2.0388379999999997
2018-09-03 07:00:00+00:00,0.20281200000000002
2018-09-03 08:00:00+00:00,0.927172
2018-09-03 09:00:00+00:00,4.139378
2018-09-03 10:00:00+00:00,14.940989999999998
2018-09-03 11:00:00+00:00,31.866804
2018-09-03 12:00:00+00:00,45.093492000000005
2018-09-03 13:00:00+00:00,53.79932600000001
2018-09-03 14:00:00+00:00,55.136086000000006
2018-09-03 15:00:00+00:00,72.65730400000001
2018-09-03 16:00:00+00:00,98.39766399999999
2018-09-03 17:00:00+00:00,95.94749200000001
2018-09-03 18:00:00+00:00,66.032674
2018-09-03 19:00:00+00:00,37.83318
2018-09-03 20:00:00+00:00,21.4206
2018-09-03 21:00:00+00:00,14.167964
2018-09-03 22:00:00+00:00,10.336382000000002
2018-09-03 23:00:00+00:00,8.051482
2018-09-04 00:00:00+00:00,6.96175
2018-09-04 01:00:00+00:00,7.107296000000001
2018-09-04 02:00:00+00:00,9.126518
2018-09-04 03:00:00+00:00,12.240732000000001
2018-09-04 04:00:00+00:00,10.569520000000002
2018-09-04 05:00:00+00:00,11.246272000000001
2018-09-04 06:00:00+00:00,19.911979999999996
2018-09-04 07:00:00+00:00,5.194704
2018-09-04 08:00:00+00:00,1.8583939999999999
2018-09-04 09:00:00+00:00,3.714012
2018-09-04 10:00:00+00:00,14.530274
2018-09-04 11:00:00+00:00,43.877676
2018-09-04 12:00:00+00:00,59.32888200000001
2018-09-04 13:00:00+00:00,60.21925
2018-09-04 14:00:00+00:00,54.52077800000001
2018-09-04 15:00:00+00:00,58.250254
2018-09-04 16:00:00+00:00,67.630466
2018-09-04 17:00:00+00:00,61.81143600000001
2018-09-04 18:00:00+00:00,42.241796
2018-09-04 19:00:00+00:00,23.639438000000002
2018-09-04 20:00:00+00:00,11.761318
2018-09-04 21:00:00+00:00,5.3551519999999995
2018-09-04 22:00:00+00:00,2.4695120000000004
2018-09-04 23:00:00+00:00,1.4810079999999999
2018-09-05 00:00:00+00:00,1.284848
2018-09-05 01:00:00+00:00,1.727434
2018-09-05 02:00:00+00:00,2.42135
2018-09-05 03:00:00+00:00,2.816122
2018-09-05 04:00:00+00:00,2.3759879999999995
2018-09-05 05:00:00+00:00,3.517394
2018-09-05 06:00:00+00:00,10.054774000000002
2018-09-05 07:00:00+00:00,17.041724
2018-09-05 08:00:00+00:00,36.051146
2018-09-05 09:00:00+00:00,73.386768
2018-09-05 10:00:00+00:00,103.69770199999999
2018-09-05 11:00:00+00:00,117.55253599999999
2018-09-05 12:00:00+00:00,123.75281199999999
2018-09-05 13:00:00+00:00,136.91756800000002
2018-09-05 14:00:00+00:00,161.044244
2018-09-05 15:00:00+00:00,172.03778799999998
2018-09-05 16:00:00+00:00,140.27875
2018-09-05 17:00:00+00:00,84.17045
2018-09-05 18:00:00+00:00,42.109832
2018-09-05 19:00:00+00:00,21.167016
2018-09-05 20:00:00+00:00,13.330456
2018-09-05 21:00:00+00:00,11.93738
2018-09-05 22:00:00+00:00,14.651222000000002
2018-09-05 23:00:00+00:00,18.06178
2018-09-06 00:00:00+00:00,20.239156
2018-09-06 01:00:00+00:00,20.536196000000004
2018-09-06 02:00:00+00:00,18.458996
2018-09-06 03:00:00+00:00,14.606896
2018-09-06 04:00:00+00:00,9.8931
2018-09-06 05:00:00+00:00,18.810983999999998
2018-09-06 06:00:00+00:00,36.756942
2018-09-06 07:00:00+00:00,59.25923000000001
2018-09-06 08:00:00+00:00,87.453108
2018-09-06 09:00:00+00:00,122.06070599999998
2018-09-06 10:00:00+00:00,152.16730199999998
2018-09-06 11:00:00+00:00,178.779102
2018-09-06 12:00:00+00:00,199.869212
2018-09-06 13:00:00+00:00,208.361532
2018-09-06 14:00:00+00:00,200.840774
2018-09-06 15:00:00+00:00,169.279992
2018-09-06 16:00:00+00:00,125.50129800000002
2018-09-06 17:00:00+00:00,91.712486
2018-09-06 18:00:00+00:00,58.227689999999996
2018-09-06 19:00:00+00:00,34.07080800000001
2018-09-06 20:00:00+00:00,20.329658
2018-09-06 21:00:00+00:00,15.115844
2018-09-06 22:00:00+00:00,14.613192
2018-09-06 23:00:00+00:00,14.765746
2018-09-07 00:00:00+00:00,12.55772
2018-09-07 01:00:00+00:00,8.065830000000002
2018-09-07 02:00:00+00:00,3.581992
2018-09-07 03:00:00+00:00,1.2221080000000002
2018-09-07 04:00:00+00:00,0.9017580000000001
2018-09-07 05:00:00+00:00,4.512983999999999
2018-09-07 06:00:00+00:00,10.738753999999998
2018-09-07 07:00:00+00:00,24.820542
2018-09-07 08:00:00+00:00,45.929042
2018-09-07 09:00:00+00:00,66.646432
2018-09-07 10:00:00+00:00,85.46122
2018-09-07 11:00:00+00:00,105.76086000000002
2018-09-07 12:00:00+00:00,124.38073
2018-09-07 13:00:00+00:00,147.878902
2018-09-07 14:00:00+00:00,180.07752200000002
2018-09-07 15:00:00+00:00,202.45752799999997
2018-09-07 16:00:00+00:00,182.73456
2018-09-07 17:00:00+00:00,145.12751799999998
2018-09-07 18:00:00+00:00,108.106234
2018-09-07 19:00:00+00:00,82.411584
2018-09-07 20:00:00+00:00,64.079752
2018-09-07 21:00:00+00:00,46.23219
2018-09-07 22:00:00+00:00,32.350382
2018-09-07 23:00:00+00:00,24.168421999999996
2018-09-08 00:00:00+00:00,19.476536
2018-09-08 01:00:00+00:00,16.358138
2018-09-08 02:00:00+00:00,11.564668000000001
2018-09-08 03:00:00+00:00,7.553726000000001
2018-09-08 04:00:00+00:00,6.214554000000001
2018-09-08 05:00:00+00:00,9.495645999999999
2018-09-08 06:00:00+00:00,12.470784
2018-09-08 07:00:00+00:00,11.927294
2018-09-08 08:00:00+00:00,18.139917999999998
2018-09-08 09:00:00+00:00,33.064648
2018-09-08 10:00:00+00:00,54.131803999999995
2018-09-08 11:00:00+00:00,69.17507599999999
2018-09-08 12:00:00+00:00,88.674668
2018-09-08 13:00:00+00:00,113.385338
2018-09-08 14:00:00+00:00,150.14308
2018-09-08 15:00:00+00:00,187.21649
2018-09-08 16:00:00+00:00,178.73854400000002
2018-09-08 17:00:00+00:00,140.51283800000002
2018-09-08 18:00:00+00:00,93.713888
2018-09-08 19:00:00+00:00,54.719803999999996
2018-09-08 20:00:00+00:00,29.506283999999997
2018-09-08 21:00:00+00:00,15.590156
2018-09-08 22:00:00+00:00,8.224530000000001
2018-09-08 23:00:00+00:00,3.9319559999999996
2018-09-09 00:00:00+00:00,1.57068
2018-09-09 01:00:00+00:00,0.4904
2018-09-09 02:00:00+00:00,0.19756
2018-09-09 03:00:00+00:00,0.244322
2018-09-09 04:00:00+00:00,0.0014
2018-09-09 05:00:00+00:00,0.0028
2018-09-09 06:00:00+00:00,0.0028
2018-09-09 07:00:00+00:00,0.0112
2018-09-09 08:00:00+00:00,0.043399999999999994
2018-09-09 09:00:00+00:00,1.3231300000000001
2018-09-09 10:00:00+00:00,9.866894
2018-09-09 11:00:00+00:00,34.780518
2018-09-09 12:00:00+00:00,60.35160200000001
2018-09-09 13:00:00+00:00,69.266796
2018-09-09 14:00:00+00:00,87.92206999999999
2018-09-09 15:00:00+00:00,128.873278
2018-09-09 16:00:00+00:00,168.71998799999997
2018-09-09 17:00:00+00:00,144.607836
2018-09-09 18:00:00+00:00,91.391116
2018-09-09 19:00:00+00:00,53.873310000000004
2018-09-09 20:00:00+00:00,34.426894000000004
2018-09-09 21:00:00+00:00,23.411308000000002
2018-09-09 22:00:00+00:00,17.280968
2018-09-09 23:00:00+00:00,12.775078000000002
2018-09-10 00:00:00+00:00,9.114597999999999
2018-09-10 01:00:00+00:00,6.107924000000001
2018-09-10 02:00:00+00:00,3.7413960000000004
2018-09-10 03:00:00+00:00,1.871572
2018-09-10 04:00:00+00:00,1.7937959999999997
2018-09-10 05:00:00+00:00,5.795966000000001
2018-09-10 06:00:00+00:00,3.5029979999999994
2018-09-10 07:00:00+00:00,0.7149
2018-09-10 08:00:00+00:00,0.196642
2018-09-10 09:00:00+00:00,0.224642
2018-09-10 10:00:00+00:00,0.360522
2018-09-10 11:00:00+00:00,1.554764
2018-09-10 12:00:00+00:00,6.415077999999999
2018-09-10 13:00:00+00:00,25.601558000000004
2018-09-10 14:00:00+00:00,40.533469999999994
2018-09-10 15:00:00+00:00,69.249332
2018-09-10 16:00:00+00:00,113.32424599999999
2018-09-10 17:00:00+00:00,124.01927
2018-09-10 18:00:00+00:00,101.712272
2018-09-10 19:00:00+00:00,69.202478
2018-09-10 20:00:00+00:00,47.195644
2018-09-10 21:00:00+00:00,35.284912
2018-09-10 22:00:00+00:00,28.299196000000002
2018-09-10 23:00:00+00:00,25.045416
2018-09-11 00:00:00+00:00,23.714866
2018-09-11 01:00:00+00:00,21.104364
2018-09-11 02:00:00+00:00,19.632112
2018-09-11 03:00:00+00:00,21.175282000000003
2018-09-11 04:00:00+00:00,15.999284000000003
2018-09-11 05:00:00+00:00,12.08643
2018-09-11 06:00:00+00:00,6.469602
2018-09-11 07:00:00+00:00,4.146332
2018-09-11 08:00:00+00:00,3.351884
2018-09-11 09:00:00+00:00,2.46426
2018-09-11 10:00:00+00:00,1.378024
2018-09-11 11:00:00+00:00,0.29704
2018-09-11 12:00:00+00:00,0.12468
2018-09-11 13:00:00+00:00,6.015743999999999
2018-09-11 14:00:00+00:00,30.714312000000003
2018-09-11 15:00:00+00:00,73.53414799999999
2018-09-11 16:00:00+00:00,101.38901800000001
2018-09-11 17:00:00+00:00,81.021244
2018-09-11 18:00:00+00:00,57.420136
2018-09-11 19:00:00+00:00,39.091998
2018-09-11 20:00:00+00:00,26.744272000000002
2018-09-11 21:00:00+00:00,15.649161999999999
2018-09-11 22:00:00+00:00,7.26333
2018-09-11 23:00:00+00:00,3.219982
2018-09-12 00:00:00+00:00,2.4510899999999998
2018-09-12 01:00:00+00:00,4.148894
2018-09-12 02:00:00+00:00,7.952783999999999
2018-09-12 03:00:00+00:00,13.183216
2018-09-12 04:00:00+00:00,10.237202
2018-09-12 05:00:00+00:00,1.5205640000000002
2018-09-12 06:00:00+00:00,2.198384
2018-09-12 07:00:00+00:00,19.284276000000002
2018-09-12 08:00:00+00:00,43.882549999999995
2018-09-12 09:00:00+00:00,66.07467600000001
2018-09-12 10:00:00+00:00,84.59665599999998
2018-09-12 11:00:00+00:00,100.14210599999998
2018-09-12 12:00:00+00:00,108.03315599999999
2018-09-12 13:00:00+00:00,89.58936200000001
2018-09-12 14:00:00+00:00,77.739146
2018-09-12 15:00:00+00:00,90.55602599999999
2018-09-12 16:00:00+00:00,75.070966
2018-09-12 17:00:00+00:00,34.479848
2018-09-12 18:00:00+00:00,12.333504000000001
2018-09-12 19:00:00+00:00,5.325379999999999
2018-09-12 20:00:00+00:00,1.67296
2018-09-12 21:00:00+00:00,0.247122
2018-09-12 22:00:00+00:00,0.30684
2018-09-12 23:00:00+00:00,1.30444
2018-09-13 00:00:00+00:00,3.8552239999999998
2018-09-13 01:00:00+00:00,7.59628
2018-09-13 02:00:00+00:00,7.205012
2018-09-13 03:00:00+00:00,2.9763560000000004
2018-09-13 04:00:00+00:00,0.11907999999999999
2018-09-13 05:00:00+00:00,0.15744200000000003
2018-09-13 06:00:00+00:00,0.025199999999999997
2018-09-13 07:00:00+00:00,0.0574
2018-09-13 08:00:00+00:00,0.24367999999999998
2018-09-13 09:00:00+00:00,4.373812
2018-09-13 10:00:00+00:00,55.46082799999999
2018-09-13 11:00:00+00:00,146.145524
2018-09-13 12:00:00+00:00,118.31396199999998
2018-09-13 13:00:00+00:00,105.32406399999999
2018-09-13 14:00:00+00:00,104.14016800000002
2018-09-13 15:00:00+00:00,113.37278799999999
2018-09-13 16:00:00+00:00,128.35598
2018-09-13 17:00:00+00:00,104.370754
2018-09-13 18:00:00+00:00,69.850312
2018-09-13 19:00:00+00:00,46.465239999999994
2018-09-13 20:00:00+00:00,37.935436
2018-09-13 21:00:00+00:00,42.178107999999995
2018-09-13 22:00:00+00:00,51.078362
2018-09-13 23:00:00+00:00,53.916402
2018-09-14 00:00:00+00:00,54.085423999999996
2018-09-14 01:00:00+00:00,51.255824000000004
2018-09-14 02:00:00+00:00,47.109159999999996
2018-09-14 03:00:00+00:00,37.177358000000005
2018-09-14 04:00:00+00:00,35.64186800000001
2018-09-14 05:00:00+00:00,40.518808
2018-09-14 06:00:00+00:00,48.624178
2018-09-14 07:00:00+00:00,54.700716
2018-09-14 08:00:00+00:00,38.598946
2018-09-14 09:00:00+00:00,26.332982
2018-09-14 10:00:00+00:00,18.5116
2018-09-14 11:00:00+00:00,19.012092000000003
2018-09-14 12:00:00+00:00,36.384788
2018-09-14 13:00:00+00:00,66.754508
2018-09-14 14:00:00+00:00,93.49933399999999
2018-09-14 15:00:00+00:00,136.05945799999998
2018-09-14 16:00:00+00:00,159.96322399999997
2018-09-14 17:00:00+00:00,137.119934
2018-09-14 18:00:00+00:00,102.87344399999999
2018-09-14 19:00:00+00:00,71.502984
2018-09-14 20:00:00+00:00,46.728221999999995
2018-09-14 21:00:00+00:00,30.080756
2018-09-14 22:00:00+00:00,19.850324
2018-09-14 23:00:00+00:00,14.031032
2018-09-15 00:00:00+00:00,10.725562
2018-09-15 01:00:00+00:00,9.398152
2018-09-15 02:00:00+00:00,9.346834
2018-09-15 03:00:00+00:00,10.966380000000001
2018-09-15 04:00:00+00:00,10.788618000000001
2018-09-15 05:00:00+00:00,12.835334000000001
2018-09-15 06:00:00+00:00,7.565116
2018-09-15 07:00:00+00:00,0.09948
2018-09-15 08:00:00+00:00,0.0028
2018-09-15 09:00:00+00:00,0.11348
2018-09-15 10:00:00+00:00,0.34044
2018-09-15 11:00:00+00:00,1.0914
2018-09-15 12:00:00+00:00,2.360064
2018-09-15 13:00:00+00:00,8.456534
2018-09-15 14:00:00+00:00,41.823286
2018-09-15 15:00:00+00:00,78.396044
2018-09-15 16:00:00+00:00,113.2148
2018-09-15 17:00:00+00:00,118.02484999999999
2018-09-15 18:00:00+00:00,94.4267
2018-09-15 19:00:00+00:00,60.877788
2018-09-15 20:00:00+00:00,40.45425
2018-09-15 21:00:00+00:00,27.681987999999997
2018-09-15 22:00:00+00:00,18.51468
2018-09-15 23:00:00+00:00,13.285276000000001
2018-09-16 00:00:00+00:00,10.177722000000001
2018-09-16 01:00:00+00:00,8.546619999999999
2018-09-16 02:00:00+00:00,8.009458
2018-09-16 03:00:00+00:00,8.904437999999999
2018-09-16 04:00:00+00:00,8.760996
2018-09-16 05:00:00+00:00,7.574228
2018-09-16 06:00:00+00:00,2.600346
2018-09-16 07:00:00+00:00,0.09808
2018-09-16 08:00:00+00:00,0.19616
2018-09-16 09:00:00+00:00,2.56794
2018-09-16 10:00:00+00:00,7.841464000000001
2018-09-16 11:00:00+00:00,13.744076
2018-09-16 12:00:00+00:00,29.370592
2018-09-16 13:00:00+00:00,71.301104
2018-09-16 14:00:00+00:00,79.41872599999999
2018-09-16 15:00:00+00:00,105.72669999999998
2018-09-16 16:00:00+00:00,151.673202
2018-09-16 17:00:00+00:00,150.56867999999997
2018-09-16 18:00:00+00:00,105.28611
2018-09-16 19:00:00+00:00,67.548834
2018-09-16 20:00:00+00:00,50.39256999999999
2018-09-16 21:00:00+00:00,42.200272000000005
2018-09-16 22:00:00+00:00,37.93957400000001
2018-09-16 23:00:00+00:00,32.56672
2018-09-17 00:00:00+00:00,26.405033999999997
2018-09-17 01:00:00+00:00,21.485459999999996
2018-09-17 02:00:00+00:00,17.220387999999996
2018-09-17 03:00:00+00:00,13.080715999999999
2018-09-17 04:00:00+00:00,7.177352
2018-09-17 05:00:00+00:00,3.98257
2018-09-17 06:00:00+00:00,0.44153400000000004
2018-09-17 07:00:00+00:00,0.0
2018-09-17 08:00:00+00:00,0.4904
2018-09-17 09:00:00+00:00,2.84432
2018-09-17 10:00:00+00:00,5.499132
2018-09-17 11:00:00+00:00,10.857416
2018-09-17 12:00:00+00:00,26.82215
2018-09-17 13:00:00+00:00,70.46923600000001
2018-09-17 14:00:00+00:00,73.325522
2018-09-17 15:00:00+00:00,72.609774
2018-09-17 16:00:00+00:00,87.786824
2018-09-17 17:00:00+00:00,102.584978
2018-09-17 18:00:00+00:00,85.37924
2018-09-17 19:00:00+00:00,51.512272
2018-09-17 20:00:00+00:00,28.384336
2018-09-17 21:00:00+00:00,16.118918
2018-09-17 22:00:00+00:00,11.190050000000001
2018-09-17 23:00:00+00:00,9.369439999999999
2018-09-18 00:00:00+00:00,8.138362
2018-09-18 01:00:00+00:00,6.3138999999999985
2018-09-18 02:00:00+00:00,3.796922
2018-09-18 03:00:00+00:00,1.7776999999999998
2018-09-18 04:00:00+00:00,0.593384
2018-09-18 05:00:00+00:00,0.100532
2018-09-18 06:00:00+00:00,0.0
2018-09-18 07:00:00+00:00,0.58848
2018-09-18 08:00:00+00:00,3.14696
2018-09-18 09:00:00+00:00,10.364912
2018-09-18 10:00:00+00:00,31.184084000000002
2018-09-18 11:00:00+00:00,69.45252599999999
2018-09-18 12:00:00+00:00,92.65252600000001
2018-09-18 13:00:00+00:00,93.189932
2018-09-18 14:00:00+00:00,106.34731599999999
2018-09-18 15:00:00+00:00,136.69906600000002
2018-09-18 16:00:00+00:00,164.792968
2018-09-18 17:00:00+00:00,127.62213599999998
2018-09-18 18:00:00+00:00,69.331358
2018-09-18 19:00:00+00:00,37.602906
2018-09-18 20:00:00+00:00,22.790422
2018-09-18 21:00:00+00:00,17.197955999999998
2018-09-18 22:00:00+00:00,16.391604
2018-09-18 23:00:00+00:00,16.478128
2018-09-19 00:00:00+00:00,16.269708
2018-09-19 01:00:00+00:00,15.372276000000001
2018-09-19 02:00:00+00:00,14.667499999999999
2018-09-19 03:00:00+00:00,12.49082
2018-09-19 04:00:00+00:00,7.929578
2018-09-19 05:00:00+00:00,10.906124
2018-09-19 06:00:00+00:00,10.976345999999998
2018-09-19 07:00:00+00:00,4.238582000000001
2018-09-19 08:00:00+00:00,4.79778
2018-09-19 09:00:00+00:00,6.496975999999999
2018-09-19 10:00:00+00:00,10.53519
2018-09-19 11:00:00+00:00,23.630016
2018-09-19 12:00:00+00:00,45.32890999999999
2018-09-19 13:00:00+00:00,55.05173799999999
2018-09-19 14:00:00+00:00,66.427246
2018-09-19 15:00:00+00:00,97.513046
2018-09-19 16:00:00+00:00,125.457328
2018-09-19 17:00:00+00:00,110.380226
2018-09-19 18:00:00+00:00,77.504768
2018-09-19 19:00:00+00:00,48.951648
2018-09-19 20:00:00+00:00,30.807244000000004
2018-09-19 21:00:00+00:00,22.268874
2018-09-19 22:00:00+00:00,17.923938
2018-09-19 23:00:00+00:00,14.513736000000002
2018-09-20 00:00:00+00:00,11.603038000000002
2018-09-20 01:00:00+00:00,9.424262
2018-09-20 02:00:00+00:00,7.050726000000001
2018-09-20 03:00:00+00:00,5.473038000000001
2018-09-20 04:00:00+00:00,3.5040819999999995
2018-09-20 05:00:00+00:00,3.7051459999999996
2018-09-20 06:00:00+00:00,0.7294700000000001
2018-09-20 07:00:00+00:00,0.0
2018-09-20 08:00:00+00:00,0.0
2018-09-20 09:00:00+00:00,0.9822
2018-09-20 10:00:00+00:00,2.66916
2018-09-20 11:00:00+00:00,6.375832
2018-09-20 12:00:00+00:00,15.31243
2018-09-20 13:00:00+00:00,40.478792
2018-09-20 14:00:00+00:00,52.886322
2018-09-20 15:00:00+00:00,75.152688
2018-09-20 16:00:00+00:00,107.58829
2018-09-20 17:00:00+00:00,114.697992
2018-09-20 18:00:00+00:00,88.313872
2018-09-20 19:00:00+00:00,50.586420000000004
2018-09-20 20:00:00+00:00,28.345602
2018-09-20 21:00:00+00:00,15.824314000000001
2018-09-20 22:00:00+00:00,8.877284
2018-09-20 23:00:00+00:00,4.883505999999999
2018-09-21 00:00:00+00:00,3.0112299999999994
2018-09-21 01:00:00+00:00,2.417846
2018-09-21 02:00:00+00:00,2.615058
2018-09-21 03:00:00+00:00,2.615058
2018-09-21 04:00:00+00:00,1.926046
2018-09-21 05:00:00+00:00,0.837358
2018-09-21 06:00:00+00:00,0.0
2018-09-21 07:00:00+00:00,0.09948
2018-09-21 08:00:00+00:00,1.18536
2018-09-21 09:00:00+00:00,3.860128
2018-09-21 10:00:00+00:00,6.657132
2018-09-21 11:00:00+00:00,14.228512
2018-09-21 12:00:00+00:00,30.334758
2018-09-21 13:00:00+00:00,49.990613999999994
2018-09-21 14:00:00+00:00,47.341496
2018-09-21 15:00:00+00:00,66.328676
2018-09-21 16:00:00+00:00,94.652092
2018-09-21 17:00:00+00:00,101.35650199999999
2018-09-21 18:00:00+00:00,71.01729800000001
2018-09-21 19:00:00+00:00,38.399284
2018-09-21 20:00:00+00:00,18.099572000000002
2018-09-21 21:00:00+00:00,11.118578000000001
2018-09-21 22:00:00+00:00,11.011401999999999
2018-09-21 23:00:00+00:00,13.383189999999999
2018-09-22 00:00:00+00:00,15.310288000000002
2018-09-22 01:00:00+00:00,15.159490000000002
2018-09-22 02:00:00+00:00,13.03238
2018-09-22 03:00:00+00:00,10.015194
2018-09-22 04:00:00+00:00,5.074414
2018-09-22 05:00:00+00:00,2.406638
2018-09-22 06:00:00+00:00,0.8191419999999998
2018-09-22 07:00:00+00:00,0.14484200000000003
2018-09-22 08:00:00+00:00,0.0014
2018-09-22 09:00:00+00:00,0.79304
2018-09-22 10:00:00+00:00,2.984052
2018-09-22 11:00:00+00:00,6.88478
2018-09-22 12:00:00+00:00,25.965112
2018-09-22 13:00:00+00:00,53.487672
2018-09-22 14:00:00+00:00,49.294672
2018-09-22 15:00:00+00:00,57.211262
2018-09-22 16:00:00+00:00,74.08966
2018-09-22 17:00:00+00:00,80.915444
2018-09-22 18:00:00+00:00,62.86688200000001
2018-09-22 19:00:00+00:00,41.02031399999999
2018-09-22 20:00:00+00:00,24.891446
2018-09-22 21:00:00+00:00,15.18802
2018-09-22 22:00:00+00:00,10.652524000000001
2018-09-22 23:00:00+00:00,9.015466
2018-09-23 00:00:00+00:00,8.457288
2018-09-23 01:00:00+00:00,9.717267999999999
2018-09-23 02:00:00+00:00,11.956648
2018-09-23 03:00:00+00:00,13.460602000000002
2018-09-23 04:00:00+00:00,11.517218
2018-09-23 05:00:00+00:00,6.85474
2018-09-23 06:00:00+00:00,3.7172319999999996
2018-09-23 07:00:00+00:00,0.14344200000000001
2018-09-23 08:00:00+00:00,0.0
2018-09-23 09:00:00+00:00,0.09948
2018-09-23 10:00:00+00:00,0.710012
2018-09-23 11:00:00+00:00,1.6951459999999998
2018-09-23 12:00:00+00:00,12.745376
2018-09-23 13:00:00+00:00,45.023796000000004
2018-09-23 14:00:00+00:00,48.226748
2018-09-23 15:00:00+00:00,55.777784
2018-09-23 16:00:00+00:00,54.53689
2018-09-23 17:00:00+00:00,45.364426
2018-09-23 18:00:00+00:00,31.981854
2018-09-23 19:00:00+00:00,19.573034
2018-09-23 20:00:00+00:00,12.577502
2018-09-23 21:00:00+00:00,7.542857999999998
2018-09-23 22:00:00+00:00,4.925008
2018-09-23 23:00:00+00:00,4.0307319999999995
2018-09-24 00:00:00+00:00,4.611152
2018-09-24 01:00:00+00:00,6.2813039999999996
2018-09-24 02:00:00+00:00,9.92356
2018-09-24 03:00:00+00:00,16.240228000000002
2018-09-24 04:00:00+00:00,19.507336000000002
2018-09-24 05:00:00+00:00,12.090076
2018-09-24 06:00:00+00:00,5.456554000000001
2018-09-24 07:00:00+00:00,1.3902759999999998
2018-09-24 08:00:00+00:00,3.4660759999999997
2018-09-24 09:00:00+00:00,8.903212
2018-09-24 10:00:00+00:00,15.631848
2018-09-24 11:00:00+00:00,33.14525
2018-09-24 12:00:00+00:00,57.462762
2018-09-24 13:00:00+00:00,68.216466
2018-09-24 14:00:00+00:00,56.452843999999985
2018-09-24 15:00:00+00:00,56.637485999999996
2018-09-24 16:00:00+00:00,53.542778000000006
2018-09-24 17:00:00+00:00,42.72244400000001
2018-09-24 18:00:00+00:00,25.79708
2018-09-24 19:00:00+00:00,11.231195999999999
2018-09-24 20:00:00+00:00,4.32918
2018-09-24 21:00:00+00:00,1.9703560000000002
2018-09-24 22:00:00+00:00,1.0841319999999999
2018-09-24 23:00:00+00:00,0.59128
2018-09-25 00:00:00+00:00,0.4918
2018-09-25 01:00:00+00:00,0.8865719999999999
2018-09-25 02:00:00+00:00,2.0747400000000003
2018-09-25 03:00:00+00:00,2.768656
2018-09-25 04:00:00+00:00,1.879632
2018-09-25 05:00:00+00:00,0.595836
2018-09-25 06:00:00+00:00,0.198612
2018-09-25 07:00:00+00:00,2.8590319999999996
2018-09-25 08:00:00+00:00,12.920988000000001
2018-09-25 09:00:00+00:00,37.613482
2018-09-25 10:00:00+00:00,77.01723199999999
2018-09-25 11:00:00+00:00,91.732126
2018-09-25 12:00:00+00:00,92.19106000000001
2018-09-25 13:00:00+00:00,88.67898000000001
2018-09-25 14:00:00+00:00,85.30268600000001
2018-09-25 15:00:00+00:00,99.002572
2018-09-25 16:00:00+00:00,117.38851600000001
2018-09-25 17:00:00+00:00,89.719564
2018-09-25 18:00:00+00:00,46.230252
2018-09-25 19:00:00+00:00,20.789036000000003
2018-09-25 20:00:00+00:00,12.027185999999999
2018-09-25 21:00:00+00:00,11.526985999999999
2018-09-25 22:00:00+00:00,13.004846
2018-09-25 23:00:00+00:00,14.877478
2018-09-26 00:00:00+00:00,15.222339999999999
2018-09-26 01:00:00+00:00,13.240428000000001
2018-09-26 02:00:00+00:00,9.5824
2018-09-26 03:00:00+00:00,5.527851999999999
2018-09-26 04:00:00+00:00,1.481356
2018-09-26 05:00:00+00:00,0.201412
2018-09-26 06:00:00+00:00,0.100532
2018-09-26 07:00:00+00:00,0.58848
2018-09-26 08:00:00+00:00,5.497384
2018-09-26 09:00:00+00:00,15.262292
2018-09-26 10:00:00+00:00,37.278412
2018-09-26 11:00:00+00:00,68.139228
2018-09-26 12:00:00+00:00,71.22325000000001
2018-09-26 13:00:00+00:00,53.78824
2018-09-26 14:00:00+00:00,38.58087999999999
2018-09-26 15:00:00+00:00,41.247374
2018-09-26 16:00:00+00:00,46.179042
2018-09-26 17:00:00+00:00,46.683222
2018-09-26 18:00:00+00:00,40.293397999999996
2018-09-26 19:00:00+00:00,26.616372000000002
2018-09-26 20:00:00+00:00,14.65573
2018-09-26 21:00:00+00:00,6.27027
2018-09-26 22:00:00+00:00,2.6185539999999996
2018-09-26 23:00:00+00:00,1.731634
2018-09-27 00:00:00+00:00,2.62031
2018-09-27 01:00:00+00:00,5.485298
2018-09-27 02:00:00+00:00,9.331085999999999
2018-09-27 03:00:00+00:00,10.311886000000001
2018-09-27 04:00:00+00:00,6.703768
2018-09-27 05:00:00+00:00,3.258708
2018-09-27 06:00:00+00:00,0.0
2018-09-27 07:00:00+00:00,0.29424
2018-09-27 08:00:00+00:00,3.64262
2018-09-27 09:00:00+00:00,10.94572
2018-09-27 10:00:00+00:00,23.710823999999995
2018-09-27 11:00:00+00:00,43.29704400000001
2018-09-27 12:00:00+00:00,47.46315799999999
2018-09-27 13:00:00+00:00,37.503291999999995
2018-09-27 14:00:00+00:00,25.62612
2018-09-27 15:00:00+00:00,28.68593
2018-09-27 16:00:00+00:00,27.615228
2018-09-27 17:00:00+00:00,21.903738
2018-09-27 18:00:00+00:00,13.826574
2018-09-27 19:00:00+00:00,7.063309999999999
2018-09-27 20:00:00+00:00,3.941408
2018-09-27 21:00:00+00:00,3.248196
2018-09-27 22:00:00+00:00,2.712782
2018-09-27 23:00:00+00:00,2.2258780000000002
2018-09-28 00:00:00+00:00,2.387172
2018-09-28 01:00:00+00:00,3.531014
2018-09-28 02:00:00+00:00,4.342957999999999
2018-09-28 03:00:00+00:00,6.336758000000001
2018-09-28 04:00:00+00:00,11.362298
2018-09-28 05:00:00+00:00,6.731072
2018-09-28 06:00:00+00:00,0.497756
2018-09-28 07:00:00+00:00,0.9906079999999999
2018-09-28 08:00:00+00:00,1.395876
2018-09-28 09:00:00+00:00,2.5139560000000003
2018-09-28 10:00:00+00:00,14.725903999999998
2018-09-28 11:00:00+00:00,56.799493999999996
2018-09-28 12:00:00+00:00,77.345038
2018-09-28 13:00:00+00:00,99.812468
2018-09-28 14:00:00+00:00,130.042298
2018-09-28 15:00:00+00:00,153.08027
2018-09-28 16:00:00+00:00,126.08466800000001
2018-09-28 17:00:00+00:00,45.22415600000001
2018-09-28 18:00:00+00:00,7.4785200000000005
2018-09-28 19:00:00+00:00,6.14434
2018-09-28 20:00:00+00:00,16.22891
2018-09-28 21:00:00+00:00,28.462816
2018-09-28 22:00:00+00:00,38.044354
2018-09-28 23:00:00+00:00,48.363066
2018-09-29 00:00:00+00:00,59.24486
2018-09-29 01:00:00+00:00,70.187076
2018-09-29 02:00:00+00:00,78.28146000000001
2018-09-29 03:00:00+00:00,86.64240799999999
2018-09-29 04:00:00+00:00,85.69206000000001
2018-09-29 05:00:00+00:00,49.403742
2018-09-29 06:00:00+00:00,40.369878
2018-09-29 07:00:00+00:00,18.398367999999998
2018-09-29 08:00:00+00:00,2.750242
2018-09-29 09:00:00+00:00,1.314248
2018-09-29 10:00:00+00:00,2.6166
2018-09-29 11:00:00+00:00,5.133032
2018-09-29 12:00:00+00:00,9.285818
2018-09-29 13:00:00+00:00,15.960643999999998
2018-09-29 14:00:00+00:00,19.060074
2018-09-29 15:00:00+00:00,33.56997200000001
2018-09-29 16:00:00+00:00,35.074622
2018-09-29 17:00:00+00:00,35.002289999999995
2018-09-29 18:00:00+00:00,45.551412
2018-09-29 19:00:00+00:00,64.86527000000001
2018-09-29 20:00:00+00:00,95.242614
2018-09-29 21:00:00+00:00,121.12477799999999
2018-09-29 22:00:00+00:00,131.991844
2018-09-29 23:00:00+00:00,130.645308
2018-09-30 00:00:00+00:00,99.963076
2018-09-30 01:00:00+00:00,67.122072
2018-09-30 02:00:00+00:00,42.375444
2018-09-30 03:00:00+00:00,23.394574
2018-09-30 04:00:00+00:00,24.972578
2018-09-30 05:00:00+00:00,89.658514
2018-09-30 06:00:00+00:00,139.413784
2018-09-30 07:00:00+00:00,122.711558
2018-09-30 08:00:00+00:00,92.12826199999999
2018-09-30 09:00:00+00:00,57.669895999999994
2018-09-30 10:00:00+00:00,143.48054
2018-09-30 11:00:00+00:00,125.98579000000001
2018-09-30 12:00:00+00:00,61.15778199999999
2018-09-30 13:00:00+00:00,43.809225999999995
2018-09-30 14:00:00+00:00,20.776276
2018-09-30 15:00:00+00:00,13.704176000000002
2018-09-30 16:00:00+00:00,6.48889
2018-09-30 17:00:00+00:00,5.735043999999999
2018-09-30 18:00:00+00:00,13.83166
2018-09-30 19:00:00+00:00,16.414351999999997
2018-09-30 20:00:00+00:00,10.455105999999999
2018-09-30 21:00:00+00:00,3.1224
2018-09-30 22:00:00+00:00,5.524498
2018-09-30 23:00:00+00:00,2.321308
2018-10-01 00:00:00+00:00,10.721678
2018-10-01 01:00:00+00:00,47.752074
2018-10-01 02:00:00+00:00,25.522344000000004
2018-10-01 03:00:00+00:00,9.778723999999999
2018-10-01 04:00:00+00:00,0.43305400000000005
2018-10-01 05:00:00+00:00,0.940484
2018-10-01 06:00:00+00:00,0.69579
2018-10-01 07:00:00+00:00,0.0238
2018-10-01 08:00:00+00:00,9.323863999999999
2018-10-01 09:00:00+00:00,20.070948
2018-10-01 10:00:00+00:00,22.550022000000002
2018-10-01 11:00:00+00:00,164.48604199999997
2018-10-01 12:00:00+00:00,57.692102
2018-10-01 13:00:00+00:00,107.58580999999998
2018-10-01 14:00:00+00:00,110.495424
2018-10-01 15:00:00+00:00,68.205836
2018-10-01 16:00:00+00:00,51.164103999999995
2018-10-01 17:00:00+00:00,19.189058000000003
2018-10-01 18:00:00+00:00,8.311715999999999
2018-10-01 19:00:00+00:00,5.096629999999998
2018-10-01 20:00:00+00:00,4.2996039999999995
2018-10-01 21:00:00+00:00,4.2376640000000005
2018-10-01 22:00:00+00:00,5.062778
2018-10-01 23:00:00+00:00,6.1012
2018-10-02 00:00:00+00:00,8.693502
2018-10-02 01:00:00+00:00,15.366114
2018-10-02 02:00:00+00:00,28.079916
2018-10-02 03:00:00+00:00,38.377264000000004
2018-10-02 04:00:00+00:00,37.443234000000004
2018-10-02 05:00:00+00:00,21.66849
2018-10-02 06:00:00+00:00,11.975038
2018-10-02 07:00:00+00:00,6.1590679999999995
2018-10-02 08:00:00+00:00,4.735658000000001
2018-10-02 09:00:00+00:00,5.467358
2018-10-02 10:00:00+00:00,6.148791999999999
2018-10-02 11:00:00+00:00,8.029428
2018-10-02 12:00:00+00:00,21.137052000000004
2018-10-02 13:00:00+00:00,33.28441
2018-10-02 14:00:00+00:00,51.893026
2018-10-02 15:00:00+00:00,82.990334
2018-10-02 16:00:00+00:00,98.94076000000001
2018-10-02 17:00:00+00:00,87.33553199999999
2018-10-02 18:00:00+00:00,60.109822
2018-10-02 19:00:00+00:00,34.967583999999995
2018-10-02 20:00:00+00:00,16.650646
2018-10-02 21:00:00+00:00,8.341878
2018-10-02 22:00:00+00:00,8.290212
2018-10-02 23:00:00+00:00,15.559166000000001
2018-10-03 00:00:00+00:00,37.180902
2018-10-03 01:00:00+00:00,77.433804
2018-10-03 02:00:00+00:00,109.26773999999999
2018-10-03 03:00:00+00:00,115.137804
2018-10-03 04:00:00+00:00,98.84814
2018-10-03 05:00:00+00:00,54.020360000000004
2018-10-03 06:00:00+00:00,41.85826599999999
2018-10-03 07:00:00+00:00,29.828398000000004
2018-10-03 08:00:00+00:00,22.086524
2018-10-03 09:00:00+00:00,15.790112
2018-10-03 10:00:00+00:00,12.519824
2018-10-03 11:00:00+00:00,12.829637999999997
2018-10-03 12:00:00+00:00,16.986473999999998
2018-10-03 13:00:00+00:00,27.934654
2018-10-03 14:00:00+00:00,36.014136
2018-10-03 15:00:00+00:00,61.566995999999996
2018-10-03 16:00:00+00:00,61.824771999999996
2018-10-03 17:00:00+00:00,46.849452
2018-10-03 18:00:00+00:00,39.623338
2018-10-03 19:00:00+00:00,34.223576
2018-10-03 20:00:00+00:00,25.267852
2018-10-03 21:00:00+00:00,16.443634000000003
2018-10-03 22:00:00+00:00,16.946642000000004
2018-10-03 23:00:00+00:00,21.692662000000002
2018-10-04 00:00:00+00:00,29.253751999999995
2018-10-04 01:00:00+00:00,32.414553999999995
2018-10-04 02:00:00+00:00,26.542544000000003
2018-10-04 03:00:00+00:00,20.436542000000003
2018-10-04 04:00:00+00:00,12.109202
2018-10-04 05:00:00+00:00,3.19373
2018-10-04 06:00:00+00:00,7.77284
2018-10-04 07:00:00+00:00,11.882740000000002
2018-10-04 08:00:00+00:00,13.461472
2018-10-04 09:00:00+00:00,16.401578
2018-10-04 10:00:00+00:00,30.823854000000004
2018-10-04 11:00:00+00:00,54.776674
2018-10-04 12:00:00+00:00,64.421338
2018-10-04 13:00:00+00:00,54.927983999999995
2018-10-04 14:00:00+00:00,65.914644
2018-10-04 15:00:00+00:00,104.556266
2018-10-04 16:00:00+00:00,125.311482
2018-10-04 17:00:00+00:00,94.323558
2018-10-04 18:00:00+00:00,69.420572
2018-10-04 19:00:00+00:00,48.682987999999995
2018-10-04 20:00:00+00:00,29.82661
2018-10-04 21:00:00+00:00,18.246534
2018-10-04 22:00:00+00:00,10.929774
2018-10-04 23:00:00+00:00,9.504284
2018-10-05 00:00:00+00:00,13.849583999999998
2018-10-05 01:00:00+00:00,20.215862
2018-10-05 02:00:00+00:00,21.983406
2018-10-05 03:00:00+00:00,18.16932
2018-10-05 04:00:00+00:00,11.355212000000002
2018-10-05 05:00:00+00:00,8.103860000000001
2018-10-05 06:00:00+00:00,4.140376000000001
2018-10-05 07:00:00+00:00,4.110952000000001
2018-10-05 08:00:00+00:00,0.24152200000000001
2018-10-05 09:00:00+00:00,0.10088
2018-10-05 10:00:00+00:00,0.60108
2018-10-05 11:00:00+00:00,4.822870000000001
2018-10-05 12:00:00+00:00,21.946356
2018-10-05 13:00:00+00:00,39.477854
2018-10-05 14:00:00+00:00,47.64964
2018-10-05 15:00:00+00:00,79.937964
2018-10-05 16:00:00+00:00,112.757448
2018-10-05 17:00:00+00:00,109.27905799999999
2018-10-05 18:00:00+00:00,79.59379400000002
2018-10-05 19:00:00+00:00,51.791468
2018-10-05 20:00:00+00:00,31.660912
2018-10-05 21:00:00+00:00,17.902565999999997
2018-10-05 22:00:00+00:00,14.257494000000001
2018-10-05 23:00:00+00:00,15.836590000000001
2018-10-06 00:00:00+00:00,13.169866
2018-10-06 01:00:00+00:00,5.708604
2018-10-06 02:00:00+00:00,1.573132
2018-10-06 03:00:00+00:00,1.081332
2018-10-06 04:00:00+00:00,0.78604
2018-10-06 05:00:00+00:00,0.398972
2018-10-06 06:00:00+00:00,0.396172
2018-10-06 07:00:00+00:00,0.0
2018-10-06 08:00:00+00:00,0.0
2018-10-06 09:00:00+00:00,0.0
2018-10-06 10:00:00+00:00,0.0
2018-10-06 11:00:00+00:00,0.0056
2018-10-06 12:00:00+00:00,0.311174
2018-10-06 13:00:00+00:00,25.83374
2018-10-06 14:00:00+00:00,51.150265999999995
2018-10-06 15:00:00+00:00,85.341586
2018-10-06 16:00:00+00:00,109.149336
2018-10-06 17:00:00+00:00,128.499446
2018-10-06 18:00:00+00:00,104.061542
2018-10-06 19:00:00+00:00,58.435494
2018-10-06 20:00:00+00:00,33.32196
2018-10-06 21:00:00+00:00,21.753258
2018-10-06 22:00:00+00:00,15.879847999999997
2018-10-06 23:00:00+00:00,12.223568000000002
2018-10-07 00:00:00+00:00,8.877979999999999
2018-10-07 01:00:00+00:00,7.947786000000001
2018-10-07 02:00:00+00:00,8.746078
2018-10-07 03:00:00+00:00,9.92738
2018-10-07 04:00:00+00:00,6.546934000000001
2018-10-07 05:00:00+00:00,3.4189419999999995
2018-10-07 06:00:00+00:00,0.201412
2018-10-07 07:00:00+00:00,0.0
2018-10-07 08:00:00+00:00,0.09948
2018-10-07 09:00:00+00:00,0.5016
2018-10-07 10:00:00+00:00,2.4067719999999992
2018-10-07 11:00:00+00:00,8.809576
2018-10-07 12:00:00+00:00,39.388926
2018-10-07 13:00:00+00:00,76.612318
2018-10-07 14:00:00+00:00,108.82975400000002
2018-10-07 15:00:00+00:00,157.95487
2018-10-07 16:00:00+00:00,198.121478
2018-10-07 17:00:00+00:00,177.70192600000001
2018-10-07 18:00:00+00:00,112.089856
2018-10-07 19:00:00+00:00,57.247823999999994
2018-10-07 20:00:00+00:00,25.94662
2018-10-07 21:00:00+00:00,9.93544
2018-10-07 22:00:00+00:00,5.215902
2018-10-07 23:00:00+00:00,4.399054
2018-10-08 00:00:00+00:00,4.481726
2018-10-08 01:00:00+00:00,6.030694
2018-10-08 02:00:00+00:00,8.671498
2018-10-08 03:00:00+00:00,8.88237
2018-10-08 04:00:00+00:00,5.0646059999999995
2018-10-08 05:00:00+00:00,4.071546
2018-10-08 06:00:00+00:00,1.6382839999999996
2018-10-08 07:00:00+00:00,0.588124
2018-10-08 08:00:00+00:00,1.8367059999999997
2018-10-08 09:00:00+00:00,4.3694239999999995
2018-10-08 10:00:00+00:00,7.848084
2018-10-08 11:00:00+00:00,23.566416
2018-10-08 12:00:00+00:00,59.482354
2018-10-08 13:00:00+00:00,70.7294
2018-10-08 14:00:00+00:00,79.994598
2018-10-08 15:00:00+00:00,112.160796
2018-10-08 16:00:00+00:00,139.38225200000002
2018-10-08 17:00:00+00:00,107.640156
2018-10-08 18:00:00+00:00,62.08223400000001
2018-10-08 19:00:00+00:00,38.899499999999996
2018-10-08 20:00:00+00:00,26.421834
2018-10-08 21:00:00+00:00,19.356768000000002
2018-10-08 22:00:00+00:00,14.709888
2018-10-08 23:00:00+00:00,11.446632000000001
2018-10-09 00:00:00+00:00,8.927906
2018-10-09 01:00:00+00:00,7.8441220000000005
2018-10-09 02:00:00+00:00,8.334522000000002
2018-10-09 03:00:00+00:00,9.714998
2018-10-09 04:00:00+00:00,8.77956
2018-10-09 05:00:00+00:00,6.454890000000001
2018-10-09 06:00:00+00:00,0.9808
2018-10-09 07:00:00+00:00,0.10088
2018-10-09 08:00:00+00:00,1.302692
2018-10-09 09:00:00+00:00,6.260960000000001
2018-10-09 10:00:00+00:00,11.443048
2018-10-09 11:00:00+00:00,24.34873
2018-10-09 12:00:00+00:00,80.33779999999999
2018-10-09 13:00:00+00:00,107.244948
2018-10-09 14:00:00+00:00,107.90153
2018-10-09 15:00:00+00:00,106.38726999999999
2018-10-09 16:00:00+00:00,119.201438
2018-10-09 17:00:00+00:00,114.12374200000001
2018-10-09 18:00:00+00:00,88.844548
2018-10-09 19:00:00+00:00,70.868106
2018-10-09 20:00:00+00:00,59.841502
2018-10-09 21:00:00+00:00,53.088195999999996
2018-10-09 22:00:00+00:00,43.765882000000005
2018-10-09 23:00:00+00:00,34.92556
2018-10-10 00:00:00+00:00,28.601860000000002
2018-10-10 01:00:00+00:00,24.758879999999998
2018-10-10 02:00:00+00:00,21.101199999999995
2018-10-10 03:00:00+00:00,16.800922
2018-10-10 04:00:00+00:00,10.779514
2018-10-10 05:00:00+00:00,9.485546000000001
2018-10-10 06:00:00+00:00,2.35846
2018-10-10 07:00:00+00:00,0.0028
2018-10-10 08:00:00+00:00,0.0014
2018-10-10 09:00:00+00:00,0.19756
2018-10-10 10:00:00+00:00,0.79024
2018-10-10 11:00:00+00:00,0.43712
2018-10-10 12:00:00+00:00,7.255356
2018-10-10 13:00:00+00:00,50.188032
2018-10-10 14:00:00+00:00,70.46613400000001
2018-10-10 15:00:00+00:00,100.177318
2018-10-10 16:00:00+00:00,124.94644199999999
2018-10-10 17:00:00+00:00,116.31671600000001
2018-10-10 18:00:00+00:00,83.17415600000001
2018-10-10 19:00:00+00:00,60.046932
2018-10-10 20:00:00+00:00,48.192414
2018-10-10 21:00:00+00:00,39.521462
2018-10-10 22:00:00+00:00,29.452514000000004
2018-10-10 23:00:00+00:00,21.558134
2018-10-11 00:00:00+00:00,16.773412000000004
2018-10-11 01:00:00+00:00,13.425736
2018-10-11 02:00:00+00:00,9.873136000000002
2018-10-11 03:00:00+00:00,6.664346000000001
2018-10-11 04:00:00+00:00,3.064288
2018-10-11 05:00:00+00:00,2.526066
2018-10-11 06:00:00+00:00,0.018199999999999997
2018-10-11 07:00:00+00:00,0.0056
2018-10-11 08:00:00+00:00,0.09808
2018-10-11 09:00:00+00:00,0.9808
2018-10-11 10:00:00+00:00,2.1591599999999995
2018-10-11 11:00:00+00:00,1.0872799999999998
2018-10-11 12:00:00+00:00,10.668786
2018-10-11 13:00:00+00:00,63.525782
2018-10-11 14:00:00+00:00,106.081158
2018-10-11 15:00:00+00:00,141.365864
2018-10-11 16:00:00+00:00,164.575998
2018-10-11 17:00:00+00:00,149.634998
2018-10-11 18:00:00+00:00,106.975332
2018-10-11 19:00:00+00:00,70.368404
2018-10-11 20:00:00+00:00,46.792463999999995
2018-10-11 21:00:00+00:00,33.830346
2018-10-11 22:00:00+00:00,26.322338000000002
2018-10-11 23:00:00+00:00,21.873713999999996
2018-10-12 00:00:00+00:00,20.39375
2018-10-12 01:00:00+00:00,18.292551999999997
2018-10-12 02:00:00+00:00,18.133346
2018-10-12 03:00:00+00:00,17.466244
2018-10-12 04:00:00+00:00,13.907015999999999
2018-10-12 05:00:00+00:00,21.169136
2018-10-12 06:00:00+00:00,11.996568
2018-10-12 07:00:00+00:00,0.006999999999999999
2018-10-12 08:00:00+00:00,0.0014
2018-10-12 09:00:00+00:00,0.0028
2018-10-12 10:00:00+00:00,0.0112
2018-10-12 11:00:00+00:00,2.6132060000000004
2018-10-12 12:00:00+00:00,21.863342
2018-10-12 13:00:00+00:00,47.569428
2018-10-12 14:00:00+00:00,71.482644
2018-10-12 15:00:00+00:00,119.57556399999999
2018-10-12 16:00:00+00:00,163.3386
2018-10-12 17:00:00+00:00,147.15495
2018-10-12 18:00:00+00:00,94.44174399999999
2018-10-12 19:00:00+00:00,54.665804
2018-10-12 20:00:00+00:00,32.897352
2018-10-12 21:00:00+00:00,24.223608
2018-10-12 22:00:00+00:00,18.780888
2018-10-12 23:00:00+00:00,15.312724
2018-10-13 00:00:00+00:00,14.117208000000002
2018-10-13 01:00:00+00:00,13.964314
2018-10-13 02:00:00+00:00,14.952470000000002
2018-10-13 03:00:00+00:00,15.053002000000001
2018-10-13 04:00:00+00:00,14.063794000000001
2018-10-13 05:00:00+00:00,14.55875
2018-10-13 06:00:00+00:00,13.522780000000001
2018-10-13 07:00:00+00:00,9.288176
2018-10-13 08:00:00+00:00,6.811656
2018-10-13 09:00:00+00:00,5.32224
2018-10-13 10:00:00+00:00,3.54874
2018-10-13 11:00:00+00:00,1.789944
2018-10-13 12:00:00+00:00,0.23396
2018-10-13 13:00:00+00:00,1.7899040000000002
2018-10-13 14:00:00+00:00,21.935448
2018-10-13 15:00:00+00:00,75.631786
2018-10-13 16:00:00+00:00,124.384886
2018-10-13 17:00:00+00:00,129.457806
2018-10-13 18:00:00+00:00,105.70134399999999
2018-10-13 19:00:00+00:00,83.46528799999999
2018-10-13 20:00:00+00:00,66.83675
2018-10-13 21:00:00+00:00,50.281921999999994
2018-10-13 22:00:00+00:00,37.495098
2018-10-13 23:00:00+00:00,28.599415999999998
2018-10-14 00:00:00+00:00,23.48664
2018-10-14 01:00:00+00:00,20.887686000000002
2018-10-14 02:00:00+00:00,19.719117999999998
2018-10-14 03:00:00+00:00,19.784428000000002
2018-10-14 04:00:00+00:00,17.493365999999998
2018-10-14 05:00:00+00:00,10.027082
2018-10-14 06:00:00+00:00,9.103746
2018-10-14 07:00:00+00:00,1.325306
2018-10-14 08:00:00+00:00,0.0
2018-10-14 09:00:00+00:00,0.0014
2018-10-14 10:00:00+00:00,0.0224
2018-10-14 11:00:00+00:00,0.1344
2018-10-14 12:00:00+00:00,0.608054
2018-10-14 13:00:00+00:00,25.879994000000003
2018-10-14 14:00:00+00:00,57.775458
2018-10-14 15:00:00+00:00,118.439148
2018-10-14 16:00:00+00:00,160.48815
2018-10-14 17:00:00+00:00,150.25996600000002
2018-10-14 18:00:00+00:00,105.65185399999999
2018-10-14 19:00:00+00:00,72.58999599999999
2018-10-14 20:00:00+00:00,53.21956000000001
2018-10-14 21:00:00+00:00,39.013542
2018-10-14 22:00:00+00:00,29.542675999999997
2018-10-14 23:00:00+00:00,23.975409999999997
2018-10-15 00:00:00+00:00,22.378122
2018-10-15 01:00:00+00:00,21.894564
2018-10-15 02:00:00+00:00,22.679742
2018-10-15 03:00:00+00:00,20.963880000000003
2018-10-15 04:00:00+00:00,14.272032
2018-10-15 05:00:00+00:00,12.162607999999999
2018-10-15 06:00:00+00:00,6.39813
2018-10-15 07:00:00+00:00,0.14764200000000002
2018-10-15 08:00:00+00:00,0.0
2018-10-15 09:00:00+00:00,0.0
2018-10-15 10:00:00+00:00,0.0042
2018-10-15 11:00:00+00:00,0.0574
2018-10-15 12:00:00+00:00,0.600572
2018-10-15 13:00:00+00:00,23.704539999999998
2018-10-15 14:00:00+00:00,57.44072
2018-10-15 15:00:00+00:00,105.26963799999999
2018-10-15 16:00:00+00:00,139.158906
2018-10-15 17:00:00+00:00,142.440174
2018-10-15 18:00:00+00:00,112.233884
2018-10-15 19:00:00+00:00,74.89047
2018-10-15 20:00:00+00:00,54.969030000000004
2018-10-15 21:00:00+00:00,42.546668
2018-10-15 22:00:00+00:00,35.934834
2018-10-15 23:00:00+00:00,33.644135999999996
2018-10-16 00:00:00+00:00,33.989702
2018-10-16 01:00:00+00:00,33.443096
2018-10-16 02:00:00+00:00,32.632203999999994
2018-10-16 03:00:00+00:00,30.083722
2018-10-16 04:00:00+00:00,21.823827999999995
2018-10-16 05:00:00+00:00,23.127058
2018-10-16 06:00:00+00:00,17.914287999999996
2018-10-16 07:00:00+00:00,1.3514
2018-10-16 08:00:00+00:00,0.0014
2018-10-16 09:00:00+00:00,0.0042
2018-10-16 10:00:00+00:00,0.0224
2018-10-16 11:00:00+00:00,0.0784
2018-10-16 12:00:00+00:00,0.1904
2018-10-16 13:00:00+00:00,10.010864
2018-10-16 14:00:00+00:00,65.133712
2018-10-16 15:00:00+00:00,142.032102
2018-10-16 16:00:00+00:00,169.8854
2018-10-16 17:00:00+00:00,140.53228000000001
2018-10-16 18:00:00+00:00,104.30352999999998
2018-10-16 19:00:00+00:00,80.253642
2018-10-16 20:00:00+00:00,63.216284
2018-10-16 21:00:00+00:00,47.24397199999999
2018-10-16 22:00:00+00:00,40.47105
2018-10-16 23:00:00+00:00,37.759858
2018-10-17 00:00:00+00:00,35.318204
2018-10-17 01:00:00+00:00,31.837432
2018-10-17 02:00:00+00:00,27.432777999999995
2018-10-17 03:00:00+00:00,23.782462
2018-10-17 04:00:00+00:00,19.353106
2018-10-17 05:00:00+00:00,20.662648
2018-10-17 06:00:00+00:00,14.80149
2018-10-17 07:00:00+00:00,4.128463999999999
2018-10-17 08:00:00+00:00,0.29564
2018-10-17 09:00:00+00:00,0.0
2018-10-17 10:00:00+00:00,0.0028
2018-10-17 11:00:00+00:00,0.0196
2018-10-17 12:00:00+00:00,0.289042
2018-10-17 13:00:00+00:00,14.088548
2018-10-17 14:00:00+00:00,44.264756000000006
2018-10-17 15:00:00+00:00,103.54975
2018-10-17 16:00:00+00:00,142.162226
2018-10-17 17:00:00+00:00,133.5907
2018-10-17 18:00:00+00:00,108.91594
2018-10-17 19:00:00+00:00,80.536864
2018-10-17 20:00:00+00:00,58.105287999999994
2018-10-17 21:00:00+00:00,45.521291999999995
2018-10-17 22:00:00+00:00,38.476893999999994
2018-10-17 23:00:00+00:00,32.97760400000001
2018-10-18 00:00:00+00:00,30.200191999999998
2018-10-18 01:00:00+00:00,27.27373
2018-10-18 02:00:00+00:00,25.447860000000006
2018-10-18 03:00:00+00:00,21.39627
2018-10-18 04:00:00+00:00,15.509713999999997
2018-10-18 05:00:00+00:00,17.827233999999997
2018-10-18 06:00:00+00:00,16.688652
2018-10-18 07:00:00+00:00,10.323094000000001
2018-10-18 08:00:00+00:00,3.6608359999999998
2018-10-18 09:00:00+00:00,0.29424
2018-10-18 10:00:00+00:00,0.0
2018-10-18 11:00:00+00:00,0.0056
2018-10-18 12:00:00+00:00,16.150381999999997
2018-10-18 13:00:00+00:00,57.40743200000001
2018-10-18 14:00:00+00:00,99.459974
2018-10-18 15:00:00+00:00,127.766036
2018-10-18 16:00:00+00:00,124.66960399999999
2018-10-18 17:00:00+00:00,107.106372
2018-10-18 18:00:00+00:00,79.011048
2018-10-18 19:00:00+00:00,54.928729999999995
2018-10-18 20:00:00+00:00,42.36275199999999
2018-10-18 21:00:00+00:00,41.948024
2018-10-18 22:00:00+00:00,44.17569
2018-10-18 23:00:00+00:00,49.891492
2018-10-19 00:00:00+00:00,54.86327
2018-10-19 01:00:00+00:00,54.23432399999999
2018-10-19 02:00:00+00:00,49.955054000000004
2018-10-19 03:00:00+00:00,39.581172
2018-10-19 04:00:00+00:00,22.558699999999995
2018-10-19 05:00:00+00:00,10.431488
2018-10-19 06:00:00+00:00,4.666321999999999
2018-10-19 07:00:00+00:00,0.0028
2018-10-19 08:00:00+00:00,0.0014
2018-10-19 09:00:00+00:00,0.0
2018-10-19 10:00:00+00:00,0.0028
2018-10-19 11:00:00+00:00,0.06019999999999999
2018-10-19 12:00:00+00:00,1.036142
2018-10-19 13:00:00+00:00,14.285901999999998
2018-10-19 14:00:00+00:00,28.935968
2018-10-19 15:00:00+00:00,67.51213
2018-10-19 16:00:00+00:00,91.487044
2018-10-19 17:00:00+00:00,85.573264
2018-10-19 18:00:00+00:00,60.50722
2018-10-19 19:00:00+00:00,38.57619999999999
2018-10-19 20:00:00+00:00,24.882658000000003
2018-10-19 21:00:00+00:00,15.487828
2018-10-19 22:00:00+00:00,9.133833999999998
2018-10-19 23:00:00+00:00,4.853528
2018-10-20 00:00:00+00:00,2.7271300000000003
2018-10-20 01:00:00+00:00,2.023066
2018-10-20 02:00:00+00:00,2.12045
2018-10-20 03:00:00+00:00,2.175272
2018-10-20 04:00:00+00:00,2.1334139999999997
2018-10-20 05:00:00+00:00,0.941742
2018-10-20 06:00:00+00:00,0.39862400000000003
2018-10-20 07:00:00+00:00,0.789544
2018-10-20 08:00:00+00:00,0.4918
2018-10-20 09:00:00+00:00,0.9836
2018-10-20 10:00:00+00:00,4.9565280000000005
2018-10-20 11:00:00+00:00,25.37237
2018-10-20 12:00:00+00:00,53.657565999999996
2018-10-20 13:00:00+00:00,64.877174
2018-10-20 14:00:00+00:00,73.454744
2018-10-20 15:00:00+00:00,78.88937200000001
2018-10-20 16:00:00+00:00,78.83425
2018-10-20 17:00:00+00:00,58.76573799999999
2018-10-20 18:00:00+00:00,36.420005999999994
2018-10-20 19:00:00+00:00,21.768642
2018-10-20 20:00:00+00:00,10.906654000000001
2018-10-20 21:00:00+00:00,6.9435340000000005
2018-10-20 22:00:00+00:00,5.1162719999999995
2018-10-20 23:00:00+00:00,3.8338759999999996
2018-10-21 00:00:00+00:00,2.600694
2018-10-21 01:00:00+00:00,1.6212940000000002
2018-10-21 02:00:00+00:00,1.2771359999999998
2018-10-21 03:00:00+00:00,1.424778
2018-10-21 04:00:00+00:00,2.353208
2018-10-21 05:00:00+00:00,2.711722
2018-10-21 06:00:00+00:00,11.002978
2018-10-21 07:00:00+00:00,23.884742
2018-10-21 08:00:00+00:00,34.378424
2018-10-21 09:00:00+00:00,42.63639599999999
2018-10-21 10:00:00+00:00,52.385524
2018-10-21 11:00:00+00:00,57.46428
2018-10-21 12:00:00+00:00,53.163954000000004
2018-10-21 13:00:00+00:00,42.840828
2018-10-21 14:00:00+00:00,28.148262
2018-10-21 15:00:00+00:00,16.036212000000003
2018-10-21 16:00:00+00:00,6.7783619999999996
2018-10-21 17:00:00+00:00,3.1169179999999996
2018-10-21 18:00:00+00:00,3.7585279999999996
2018-10-21 19:00:00+00:00,8.461306
2018-10-21 20:00:00+00:00,19.754332
2018-10-21 21:00:00+00:00,38.289142
2018-10-21 22:00:00+00:00,57.45409999999999
2018-10-21 23:00:00+00:00,81.087646
2018-10-22 00:00:00+00:00,105.066916
2018-10-22 01:00:00+00:00,127.49668
2018-10-22 02:00:00+00:00,153.3347
2018-10-22 03:00:00+00:00,190.465912
2018-10-22 04:00:00+00:00,212.929578
2018-10-22 05:00:00+00:00,167.90256399999998
2018-10-22 06:00:00+00:00,103.62026
2018-10-22 07:00:00+00:00,44.175586
2018-10-22 08:00:00+00:00,38.229178
2018-10-22 09:00:00+00:00,45.797988000000004
2018-10-22 10:00:00+00:00,60.74678
2018-10-22 11:00:00+00:00,70.681762
2018-10-22 12:00:00+00:00,61.435468
2018-10-22 13:00:00+00:00,38.190018
2018-10-22 14:00:00+00:00,16.486172
2018-10-22 15:00:00+00:00,6.241526000000001
2018-10-22 16:00:00+00:00,4.18035
2018-10-22 17:00:00+00:00,5.422634
2018-10-22 18:00:00+00:00,11.75088
2018-10-22 19:00:00+00:00,25.685617999999998
2018-10-22 20:00:00+00:00,48.79089999999999
2018-10-22 21:00:00+00:00,89.58601
2018-10-22 22:00:00+00:00,138.368574
2018-10-22 23:00:00+00:00,183.997874
2018-10-23 00:00:00+00:00,222.09739
2018-10-23 01:00:00+00:00,244.08669599999996
2018-10-23 02:00:00+00:00,271.969258
2018-10-23 03:00:00+00:00,279.18104
2018-10-23 04:00:00+00:00,279.74012
2018-10-23 05:00:00+00:00,265.35078
2018-10-23 06:00:00+00:00,257.07428
2018-10-23 07:00:00+00:00,279.5684
2018-10-23 08:00:00+00:00,279.6244
2018-10-23 09:00:00+00:00,279.6216
2018-10-23 10:00:00+00:00,279.63
2018-10-23 11:00:00+00:00,279.707
2018-10-23 12:00:00+00:00,275.51164
2018-10-23 13:00:00+00:00,213.61519
2018-10-23 14:00:00+00:00,87.776906
2018-10-23 15:00:00+00:00,39.708706
2018-10-23 16:00:00+00:00,32.48226
2018-10-23 17:00:00+00:00,38.059042000000005
2018-10-23 18:00:00+00:00,49.718318000000004
2018-10-23 19:00:00+00:00,81.456658
2018-10-23 20:00:00+00:00,109.564448
2018-10-23 21:00:00+00:00,102.238014
2018-10-23 22:00:00+00:00,72.66946399999999
2018-10-23 23:00:00+00:00,72.73962199999998
2018-10-24 00:00:00+00:00,102.34623200000001
2018-10-24 01:00:00+00:00,146.81828199999998
2018-10-24 02:00:00+00:00,183.770792
2018-10-24 03:00:00+00:00,187.434064
2018-10-24 04:00:00+00:00,181.041612
2018-10-24 05:00:00+00:00,134.850108
2018-10-24 06:00:00+00:00,207.206004
2018-10-24 07:00:00+00:00,259.92620200000005
2018-10-24 08:00:00+00:00,261.01213800000005
2018-10-24 09:00:00+00:00,253.52795399999997
2018-10-24 10:00:00+00:00,233.73224599999998
2018-10-24 11:00:00+00:00,203.038994
2018-10-24 12:00:00+00:00,208.01881600000002
2018-10-24 13:00:00+00:00,203.13217799999998
2018-10-24 14:00:00+00:00,163.557326
2018-10-24 15:00:00+00:00,135.30366600000002
2018-10-24 16:00:00+00:00,106.62746399999999
2018-10-24 17:00:00+00:00,73.35763
2018-10-24 18:00:00+00:00,59.295829999999995
2018-10-24 19:00:00+00:00,81.02440999999999
2018-10-24 20:00:00+00:00,124.380476
2018-10-24 21:00:00+00:00,160.469842
2018-10-24 22:00:00+00:00,185.225368
2018-10-24 23:00:00+00:00,201.16071
2018-10-25 00:00:00+00:00,211.58674000000002
2018-10-25 01:00:00+00:00,225.94329399999998
2018-10-25 02:00:00+00:00,237.10819
2018-10-25 03:00:00+00:00,249.34406399999997
2018-10-25 04:00:00+00:00,251.118868
2018-10-25 05:00:00+00:00,229.038112
2018-10-25 06:00:00+00:00,279.7658
2018-10-25 07:00:00+00:00,280.0094
2018-10-25 08:00:00+00:00,280.1536
2018-10-25 09:00:00+00:00,280.2726
2018-10-25 10:00:00+00:00,280.337
2018-10-25 11:00:00+00:00,280.3594
2018-10-25 12:00:00+00:00,280.358
2018-10-25 13:00:00+00:00,280.3426
2018-10-25 14:00:00+00:00,280.281
2018-10-25 15:00:00+00:00,280.1102
2018-10-25 16:00:00+00:00,279.9968
2018-10-25 17:00:00+00:00,274.016038
2018-10-25 18:00:00+00:00,255.49345599999995
2018-10-25 19:00:00+00:00,258.292572
2018-10-25 20:00:00+00:00,243.03413999999995
2018-10-25 21:00:00+00:00,220.49553799999998
2018-10-25 22:00:00+00:00,205.10221399999998
2018-10-25 23:00:00+00:00,188.49933399999998
2018-10-26 00:00:00+00:00,190.587338
2018-10-26 01:00:00+00:00,201.18727800000002
2018-10-26 02:00:00+00:00,204.803052
2018-10-26 03:00:00+00:00,218.82319999999999
2018-10-26 04:00:00+00:00,232.80486
2018-10-26 05:00:00+00:00,264.67769400000003
2018-10-26 06:00:00+00:00,266.729282
2018-10-26 07:00:00+00:00,261.673812
2018-10-26 08:00:00+00:00,256.043322
2018-10-26 09:00:00+00:00,257.960114
2018-10-26 10:00:00+00:00,259.802286
2018-10-26 11:00:00+00:00,254.38497200000003
2018-10-26 12:00:00+00:00,243.86453600000002
2018-10-26 13:00:00+00:00,226.982952
2018-10-26 14:00:00+00:00,198.09508
2018-10-26 15:00:00+00:00,163.999476
2018-10-26 16:00:00+00:00,131.62985
2018-10-26 17:00:00+00:00,93.163318
2018-10-26 18:00:00+00:00,65.03772400000001
2018-10-26 19:00:00+00:00,49.977422
2018-10-26 20:00:00+00:00,39.483779999999996
2018-10-26 21:00:00+00:00,27.744348000000002
2018-10-26 22:00:00+00:00,16.543809999999997
2018-10-26 23:00:00+00:00,8.339426
2018-10-27 00:00:00+00:00,3.448912
2018-10-27 01:00:00+00:00,1.382572
2018-10-27 02:00:00+00:00,0.62628
2018-10-27 03:00:00+00:00,1.373388
2018-10-27 04:00:00+00:00,4.672316
2018-10-27 05:00:00+00:00,9.103325999999997
2018-10-27 06:00:00+00:00,16.079646
2018-10-27 07:00:00+00:00,13.185961999999998
2018-10-27 08:00:00+00:00,7.408536
2018-10-27 09:00:00+00:00,3.1082579999999997
2018-10-27 10:00:00+00:00,0.7933959999999999
2018-10-27 11:00:00+00:00,0.298092
2018-10-27 12:00:00+00:00,2.3322
2018-10-27 13:00:00+00:00,8.038178
2018-10-27 14:00:00+00:00,16.364466
2018-10-27 15:00:00+00:00,31.078015999999998
2018-10-27 16:00:00+00:00,50.62073199999999
2018-10-27 17:00:00+00:00,89.26866399999999
2018-10-27 18:00:00+00:00,153.19734
2018-10-27 19:00:00+00:00,215.002134
2018-10-27 20:00:00+00:00,251.05801799999998
2018-10-27 21:00:00+00:00,268.655998
2018-10-27 22:00:00+00:00,274.21264
2018-10-27 23:00:00+00:00,274.19724
2018-10-28 00:00:00+00:00,273.79231999999996
2018-10-28 01:00:00+00:00,273.58776
2018-10-28 02:00:00+00:00,273.68584
2018-10-28 03:00:00+00:00,275.05755999999997
2018-10-28 04:00:00+00:00,275.10384
2018-10-28 05:00:00+00:00,263.509448
2018-10-28 06:00:00+00:00,279.5418
2018-10-28 07:00:00+00:00,277.76056
2018-10-28 08:00:00+00:00,251.62015399999999
2018-10-28 09:00:00+00:00,221.56237599999997
2018-10-28 10:00:00+00:00,188.39352399999999
2018-10-28 11:00:00+00:00,163.061066
2018-10-28 12:00:00+00:00,152.625014
2018-10-28 13:00:00+00:00,154.769668
2018-10-28 14:00:00+00:00,173.94256800000002
2018-10-28 15:00:00+00:00,236.105536
2018-10-28 16:00:00+00:00,279.50442999999996
2018-10-28 17:00:00+00:00,279.7476
2018-10-28 18:00:00+00:00,279.868
2018-10-28 19:00:00+00:00,279.9618
2018-10-28 20:00:00+00:00,279.9744
2018-10-28 21:00:00+00:00,279.9548
2018-10-28 22:00:00+00:00,279.9436
2018-10-28 23:00:00+00:00,279.9184
2018-10-29 00:00:00+00:00,279.8988
2018-10-29 01:00:00+00:00,279.8806
2018-10-29 02:00:00+00:00,279.8764
2018-10-29 03:00:00+00:00,279.8638
2018-10-29 04:00:00+00:00,279.8078
2018-10-29 05:00:00+00:00,279.4508
2018-10-29 06:00:00+00:00,279.399
2018-10-29 07:00:00+00:00,279.5194
2018-10-29 08:00:00+00:00,267.07335
2018-10-29 09:00:00+00:00,200.857144
2018-10-29 10:00:00+00:00,137.21344399999998
2018-10-29 11:00:00+00:00,90.547376
2018-10-29 12:00:00+00:00,64.17947
2018-10-29 13:00:00+00:00,54.061482
2018-10-29 14:00:00+00:00,78.101594
2018-10-29 15:00:00+00:00,155.03413
2018-10-29 16:00:00+00:00,248.272236
2018-10-29 17:00:00+00:00,279.378
2018-10-29 18:00:00+00:00,279.6986
2018-10-29 19:00:00+00:00,279.8834
2018-10-29 20:00:00+00:00,279.8918
2018-10-29 21:00:00+00:00,279.9212
2018-10-29 22:00:00+00:00,279.9604
2018-10-29 23:00:00+00:00,279.9968
2018-10-30 00:00:00+00:00,280.0178
2018-10-30 01:00:00+00:00,280.0276
2018-10-30 02:00:00+00:00,280.0276
2018-10-30 03:00:00+00:00,280.015
2018-10-30 04:00:00+00:00,279.9534
2018-10-30 05:00:00+00:00,271.6348
2018-10-30 06:00:00+00:00,263.770056
2018-10-30 07:00:00+00:00,272.46868
2018-10-30 08:00:00+00:00,198.201114
2018-10-30 09:00:00+00:00,117.790804
2018-10-30 10:00:00+00:00,68.573066
2018-10-30 11:00:00+00:00,38.18195
2018-10-30 12:00:00+00:00,23.179578
2018-10-30 13:00:00+00:00,20.184824
2018-10-30 14:00:00+00:00,43.105076
2018-10-30 15:00:00+00:00,113.764668
2018-10-30 16:00:00+00:00,222.47339800000003
2018-10-30 17:00:00+00:00,279.5922
2018-10-30 18:00:00+00:00,279.7504
2018-10-30 19:00:00+00:00,279.84
2018-10-30 20:00:00+00:00,279.9282
2018-10-30 21:00:00+00:00,279.9996
2018-10-30 22:00:00+00:00,280.0304
2018-10-30 23:00:00+00:00,279.84932
2018-10-31 00:00:00+00:00,279.04368
2018-10-31 01:00:00+00:00,277.9494
2018-10-31 02:00:00+00:00,277.55288
2018-10-31 03:00:00+00:00,276.67575999999997
2018-10-31 04:00:00+00:00,275.36572
2018-10-31 05:00:00+00:00,261.77492
2018-10-31 06:00:00+00:00,242.52740799999998
2018-10-31 07:00:00+00:00,260.23402799999997
2018-10-31 08:00:00+00:00,192.67256600000002
2018-10-31 09:00:00+00:00,116.435892
2018-10-31 10:00:00+00:00,76.447284
2018-10-31 11:00:00+00:00,56.107248
2018-10-31 12:00:00+00:00,48.759656
2018-10-31 13:00:00+00:00,56.141418
2018-10-31 14:00:00+00:00,111.21106
2018-10-31 15:00:00+00:00,225.71427
2018-10-31 16:00:00+00:00,279.6006
2018-10-31 17:00:00+00:00,279.8274
2018-10-31 18:00:00+00:00,279.9744
2018-10-31 19:00:00+00:00,280.0374
2018-10-31 20:00:00+00:00,280.0276
2018-10-31 21:00:00+00:00,280.0108
2018-10-31 22:00:00+00:00,279.994
2018-10-31 23:00:00+00:00,279.987
2018-11-01 00:00:00+00:00,279.82271999999995
2018-11-01 01:00:00+00:00,278.35152
2018-11-01 02:00:00+00:00,277.66216
2018-11-01 03:00:00+00:00,278.35572
2018-11-01 04:00:00+00:00,279.02688
2018-11-01 05:00:00+00:00,268.2636
2018-11-01 06:00:00+00:00,264.97812
2018-11-01 07:00:00+00:00,279.5502
2018-11-01 08:00:00+00:00,275.98672
2018-11-01 09:00:00+00:00,263.565594
2018-11-01 10:00:00+00:00,239.395084
2018-11-01 11:00:00+00:00,213.92519599999997
2018-11-01 12:00:00+00:00,189.935256
2018-11-01 13:00:00+00:00,170.04803400000003
2018-11-01 14:00:00+00:00,173.74096800000004
2018-11-01 15:00:00+00:00,230.489526
2018-11-01 16:00:00+00:00,272.03477200000003
2018-11-01 17:00:00+00:00,279.3864
2018-11-01 18:00:00+00:00,279.6734
2018-11-01 19:00:00+00:00,279.8288
2018-11-01 20:00:00+00:00,279.9296
2018-11-01 21:00:00+00:00,279.83531999999997
2018-11-01 22:00:00+00:00,275.93452
2018-11-01 23:00:00+00:00,273.74456000000004
2018-11-02 00:00:00+00:00,274.27004000000005
2018-11-02 01:00:00+00:00,276.69544
2018-11-02 02:00:00+00:00,278.66404
2018-11-02 03:00:00+00:00,279.917
2018-11-02 04:00:00+00:00,279.05075999999997
2018-11-02 05:00:00+00:00,264.80288
2018-11-02 06:00:00+00:00,263.86431600000003
2018-11-02 07:00:00+00:00,279.12124
2018-11-02 08:00:00+00:00,260.73134400000004
2018-11-02 09:00:00+00:00,205.856866
2018-11-02 10:00:00+00:00,147.319994
2018-11-02 11:00:00+00:00,105.432368
2018-11-02 12:00:00+00:00,86.053026
2018-11-02 13:00:00+00:00,88.47107
2018-11-02 14:00:00+00:00,120.838182
2018-11-02 15:00:00+00:00,193.181286
2018-11-02 16:00:00+00:00,247.35820200000003
2018-11-02 17:00:00+00:00,272.66697200000004
2018-11-02 18:00:00+00:00,277.42992
2018-11-02 19:00:00+00:00,272.60564
2018-11-02 20:00:00+00:00,261.164676
2018-11-02 21:00:00+00:00,251.967306
2018-11-02 22:00:00+00:00,251.643958
2018-11-02 23:00:00+00:00,251.23623
2018-11-03 00:00:00+00:00,243.96766399999998
2018-11-03 01:00:00+00:00,234.57691599999998
2018-11-03 02:00:00+00:00,224.82464000000002
2018-11-03 03:00:00+00:00,222.087346
2018-11-03 04:00:00+00:00,228.31755400000003
2018-11-03 05:00:00+00:00,216.01634800000002
2018-11-03 06:00:00+00:00,228.40076
2018-11-03 07:00:00+00:00,166.653166
2018-11-03 08:00:00+00:00,93.090706
2018-11-03 09:00:00+00:00,66.79549800000001
2018-11-03 10:00:00+00:00,57.459722
2018-11-03 11:00:00+00:00,49.120675999999996
2018-11-03 12:00:00+00:00,41.729684
2018-11-03 13:00:00+00:00,42.595636
2018-11-03 14:00:00+00:00,61.07669999999999
2018-11-03 15:00:00+00:00,108.988802
2018-11-03 16:00:00+00:00,145.012152
2018-11-03 17:00:00+00:00,161.30295399999997
2018-11-03 18:00:00+00:00,158.74237
2018-11-03 19:00:00+00:00,149.298382
2018-11-03 20:00:00+00:00,132.80230799999998
2018-11-03 21:00:00+00:00,108.39593999999998
2018-11-03 22:00:00+00:00,88.481406
2018-11-03 23:00:00+00:00,71.25789400000001
2018-11-04 00:00:00+00:00,53.744144
2018-11-04 01:00:00+00:00,37.152678
2018-11-04 02:00:00+00:00,25.481299999999997
2018-11-04 03:00:00+00:00,23.956266000000003
2018-11-04 04:00:00+00:00,29.385484
2018-11-04 05:00:00+00:00,22.644788000000002
2018-11-04 06:00:00+00:00,15.363621999999998
2018-11-04 07:00:00+00:00,12.198445999999999
2018-11-04 08:00:00+00:00,8.751828
2018-11-04 09:00:00+00:00,8.21223
2018-11-04 10:00:00+00:00,12.892908
2018-11-04 11:00:00+00:00,25.381046000000005
2018-11-04 12:00:00+00:00,40.133724
2018-11-04 13:00:00+00:00,46.29566200000001
2018-11-04 14:00:00+00:00,42.97151
2018-11-04 15:00:00+00:00,33.325778
2018-11-04 16:00:00+00:00,20.309962000000002
2018-11-04 17:00:00+00:00,10.85513
2018-11-04 18:00:00+00:00,3.5389239999999997
2018-11-04 19:00:00+00:00,0.498104
2018-11-04 20:00:00+00:00,0.20001200000000002
2018-11-04 21:00:00+00:00,1.084132
2018-11-04 22:00:00+00:00,4.507472000000001
2018-11-04 23:00:00+00:00,10.483343999999999
2018-11-05 00:00:00+00:00,14.664177999999998
2018-11-05 01:00:00+00:00,16.530497999999998
2018-11-05 02:00:00+00:00,18.50768
2018-11-05 03:00:00+00:00,21.145146
2018-11-05 04:00:00+00:00,24.300165999999997
2018-11-05 05:00:00+00:00,21.964826000000002
2018-11-05 06:00:00+00:00,32.819308
2018-11-05 07:00:00+00:00,42.420644
2018-11-05 08:00:00+00:00,57.655972
2018-11-05 09:00:00+00:00,77.44536
2018-11-05 10:00:00+00:00,105.404804
2018-11-05 11:00:00+00:00,128.794052
2018-11-05 12:00:00+00:00,147.35161000000002
2018-11-05 13:00:00+00:00,161.094658
2018-11-05 14:00:00+00:00,150.412504
2018-11-05 15:00:00+00:00,122.03582399999999
2018-11-05 16:00:00+00:00,112.63591600000001
2018-11-05 17:00:00+00:00,90.77076
2018-11-05 18:00:00+00:00,74.22944199999999
2018-11-05 19:00:00+00:00,66.652644
2018-11-05 20:00:00+00:00,55.356502
2018-11-05 21:00:00+00:00,52.768432
2018-11-05 22:00:00+00:00,55.016394
2018-11-05 23:00:00+00:00,56.295111999999996
2018-11-06 00:00:00+00:00,59.673794
2018-11-06 01:00:00+00:00,61.37390800000001
2018-11-06 02:00:00+00:00,63.405390000000004
2018-11-06 03:00:00+00:00,57.309543999999995
2018-11-06 04:00:00+00:00,47.905072000000004
2018-11-06 05:00:00+00:00,35.482014
2018-11-06 06:00:00+00:00,40.62964
2018-11-06 07:00:00+00:00,36.230926
2018-11-06 08:00:00+00:00,36.086432
2018-11-06 09:00:00+00:00,42.87216
2018-11-06 10:00:00+00:00,50.95603199999999
2018-11-06 11:00:00+00:00,56.474218
2018-11-06 12:00:00+00:00,52.09121999999999
2018-11-06 13:00:00+00:00,40.543659999999996
2018-11-06 14:00:00+00:00,25.836183999999996
2018-11-06 15:00:00+00:00,14.790911999999999
2018-11-06 16:00:00+00:00,7.703090000000001
2018-11-06 17:00:00+00:00,3.45281
2018-11-06 18:00:00+00:00,1.1432799999999999
2018-11-06 19:00:00+00:00,0.30684
2018-11-06 20:00:00+00:00,0.09948
2018-11-06 21:00:00+00:00,0.09808
2018-11-06 22:00:00+00:00,0.0014
2018-11-06 23:00:00+00:00,0.0112
2018-11-07 00:00:00+00:00,0.184042
2018-11-07 01:00:00+00:00,0.8577800000000001
2018-11-07 02:00:00+00:00,2.561184
2018-11-07 03:00:00+00:00,8.266268
2018-11-07 04:00:00+00:00,21.502148000000002
2018-11-07 05:00:00+00:00,23.045050000000003
2018-11-07 06:00:00+00:00,11.456424
2018-11-07 07:00:00+00:00,5.734524
2018-11-07 08:00:00+00:00,3.84964
2018-11-07 09:00:00+00:00,3.256256
2018-11-07 10:00:00+00:00,3.0112299999999994
2018-11-07 11:00:00+00:00,2.3113580000000002
2018-11-07 12:00:00+00:00,2.055472
2018-11-07 13:00:00+00:00,3.2847939999999998
2018-11-07 14:00:00+00:00,7.069606
2018-11-07 15:00:00+00:00,17.38759
2018-11-07 16:00:00+00:00,25.697062
2018-11-07 17:00:00+00:00,29.809579999999997
2018-11-07 18:00:00+00:00,32.604132
2018-11-07 19:00:00+00:00,36.392068
2018-11-07 20:00:00+00:00,40.62783399999999
2018-11-07 21:00:00+00:00,41.310676
2018-11-07 22:00:00+00:00,44.77356399999999
2018-11-07 23:00:00+00:00,54.38992
2018-11-08 00:00:00+00:00,64.20227
2018-11-08 01:00:00+00:00,72.630656
2018-11-08 02:00:00+00:00,80.460762
2018-11-08 03:00:00+00:00,86.57763200000001
2018-11-08 04:00:00+00:00,92.27627
2018-11-08 05:00:00+00:00,65.35683200000001
2018-11-08 06:00:00+00:00,30.652048000000004
2018-11-08 07:00:00+00:00,20.016372
2018-11-08 08:00:00+00:00,14.710947999999998
2018-11-08 09:00:00+00:00,8.782012
2018-11-08 10:00:00+00:00,4.530244
2018-11-08 11:00:00+00:00,1.7755959999999997
2018-11-08 12:00:00+00:00,0.497052
2018-11-08 13:00:00+00:00,1.011094
2018-11-08 14:00:00+00:00,14.298805999999997
2018-11-08 15:00:00+00:00,34.717962
2018-11-08 16:00:00+00:00,43.10328
2018-11-08 17:00:00+00:00,44.69148
2018-11-08 18:00:00+00:00,43.165805999999996
2018-11-08 19:00:00+00:00,50.660154
2018-11-08 20:00:00+00:00,80.59443
2018-11-08 21:00:00+00:00,127.453106
2018-11-08 22:00:00+00:00,171.690444
2018-11-08 23:00:00+00:00,193.449072
2018-11-09 00:00:00+00:00,206.426044
2018-11-09 01:00:00+00:00,220.52782000000002
2018-11-09 02:00:00+00:00,228.805962
2018-11-09 03:00:00+00:00,236.122232
2018-11-09 04:00:00+00:00,238.371088
2018-11-09 05:00:00+00:00,196.668692
2018-11-09 06:00:00+00:00,174.75366599999998
2018-11-09 07:00:00+00:00,132.88104399999997
2018-11-09 08:00:00+00:00,81.363164
2018-11-09 09:00:00+00:00,59.330726
2018-11-09 10:00:00+00:00,49.583670000000005
2018-11-09 11:00:00+00:00,42.736808
2018-11-09 12:00:00+00:00,35.453323999999995
2018-11-09 13:00:00+00:00,27.647042
2018-11-09 14:00:00+00:00,28.22217
2018-11-09 15:00:00+00:00,53.86415600000001
2018-11-09 16:00:00+00:00,109.971332
2018-11-09 17:00:00+00:00,181.891196
2018-11-09 18:00:00+00:00,231.603748
2018-11-09 19:00:00+00:00,255.655784
2018-11-09 20:00:00+00:00,256.392072
2018-11-09 21:00:00+00:00,252.079676
2018-11-09 22:00:00+00:00,248.24857599999999
2018-11-09 23:00:00+00:00,247.88949200000002
2018-11-10 00:00:00+00:00,241.016714
2018-11-10 01:00:00+00:00,227.138434
2018-11-10 02:00:00+00:00,207.595828
2018-11-10 03:00:00+00:00,189.70644
2018-11-10 04:00:00+00:00,169.88916999999998
2018-11-10 05:00:00+00:00,112.527946
2018-11-10 06:00:00+00:00,65.487038
2018-11-10 07:00:00+00:00,22.196939999999998
2018-11-10 08:00:00+00:00,8.186878
2018-11-10 09:00:00+00:00,6.386652
2018-11-10 10:00:00+00:00,7.02316
2018-11-10 11:00:00+00:00,6.358169999999999
2018-11-10 12:00:00+00:00,8.203846
2018-11-10 13:00:00+00:00,9.276082
2018-11-10 14:00:00+00:00,16.04641
2018-11-10 15:00:00+00:00,20.891213999999998
2018-11-10 16:00:00+00:00,15.828869999999998
2018-11-10 17:00:00+00:00,10.552275999999997
2018-11-10 18:00:00+00:00,8.168654000000002
2018-11-10 19:00:00+00:00,6.633455999999999
2018-11-10 20:00:00+00:00,5.21461
2018-11-10 21:00:00+00:00,4.290578
2018-11-10 22:00:00+00:00,3.80388
2018-11-10 23:00:00+00:00,3.250258
2018-11-11 00:00:00+00:00,2.8498859999999997
2018-11-11 01:00:00+00:00,2.5985560000000003
2018-11-11 02:00:00+00:00,2.904692
2018-11-11 03:00:00+00:00,3.5458819999999998
2018-11-11 04:00:00+00:00,6.509124
2018-11-11 05:00:00+00:00,6.341828
2018-11-11 06:00:00+00:00,0.226612
2018-11-11 07:00:00+00:00,0.11488
2018-11-11 08:00:00+00:00,0.567266
2018-11-11 09:00:00+00:00,2.7052120000000004
2018-11-11 10:00:00+00:00,10.251384
2018-11-11 11:00:00+00:00,19.991574
2018-11-11 12:00:00+00:00,27.981921999999997
2018-11-11 13:00:00+00:00,32.110212000000004
2018-11-11 14:00:00+00:00,39.247644
2018-11-11 15:00:00+00:00,44.24253399999999
2018-11-11 16:00:00+00:00,37.149104
2018-11-11 17:00:00+00:00,25.920391999999996
2018-11-11 18:00:00+00:00,18.447432000000003
2018-11-11 19:00:00+00:00,15.147578000000001
2018-11-11 20:00:00+00:00,14.601659999999997
2018-11-11 21:00:00+00:00,16.123126
2018-11-11 22:00:00+00:00,18.293146
2018-11-11 23:00:00+00:00,20.612911999999998
2018-11-12 00:00:00+00:00,21.556054
2018-11-12 01:00:00+00:00,21.068801999999998
2018-11-12 02:00:00+00:00,20.135112
2018-11-12 03:00:00+00:00,17.52075
2018-11-12 04:00:00+00:00,14.950698000000001
2018-11-12 05:00:00+00:00,7.84201
2018-11-12 06:00:00+00:00,0.298092
2018-11-12 07:00:00+00:00,0.0014
2018-11-12 08:00:00+00:00,0.0028
2018-11-12 09:00:00+00:00,0.006999999999999999
2018-11-12 10:00:00+00:00,0.8359419999999999
2018-11-12 11:00:00+00:00,6.668538
2018-11-12 12:00:00+00:00,18.325329999999997
2018-11-12 13:00:00+00:00,26.207085999999997
2018-11-12 14:00:00+00:00,43.022482
2018-11-12 15:00:00+00:00,56.145316
2018-11-12 16:00:00+00:00,53.878656
2018-11-12 17:00:00+00:00,48.53687999999999
2018-11-12 18:00:00+00:00,45.124804
2018-11-12 19:00:00+00:00,50.143716
2018-11-12 20:00:00+00:00,64.646576
2018-11-12 21:00:00+00:00,86.01045599999999
2018-11-12 22:00:00+00:00,104.739488
2018-11-12 23:00:00+00:00,113.882956
2018-11-13 00:00:00+00:00,123.23102399999999
2018-11-13 01:00:00+00:00,134.77417
2018-11-13 02:00:00+00:00,148.01004999999998
2018-11-13 03:00:00+00:00,160.888618
2018-11-13 04:00:00+00:00,169.09346
2018-11-13 05:00:00+00:00,123.608094
2018-11-13 06:00:00+00:00,76.79215400000001
2018-11-13 07:00:00+00:00,74.982064
2018-11-13 08:00:00+00:00,70.535512
2018-11-13 09:00:00+00:00,61.328393999999996
2018-11-13 10:00:00+00:00,52.0183
2018-11-13 11:00:00+00:00,41.198676
2018-11-13 12:00:00+00:00,28.878467999999998
2018-11-13 13:00:00+00:00,13.877394
2018-11-13 14:00:00+00:00,3.6270219999999997
2018-11-13 15:00:00+00:00,13.438652000000001
2018-11-13 16:00:00+00:00,24.193598
2018-11-13 17:00:00+00:00,20.860214
2018-11-13 18:00:00+00:00,14.316284000000001
2018-11-13 19:00:00+00:00,9.249336
2018-11-13 20:00:00+00:00,6.799550000000001
2018-11-13 21:00:00+00:00,6.95011
2018-11-13 22:00:00+00:00,7.958886
2018-11-13 23:00:00+00:00,8.229451999999998
2018-11-14 00:00:00+00:00,7.2908740000000005
2018-11-14 01:00:00+00:00,6.8144979999999995
2018-11-14 02:00:00+00:00,8.93778
2018-11-14 03:00:00+00:00,12.179348
2018-11-14 04:00:00+00:00,14.116792
2018-11-14 05:00:00+00:00,10.744282
2018-11-14 06:00:00+00:00,14.498382000000001
2018-11-14 07:00:00+00:00,13.240902
2018-11-14 08:00:00+00:00,6.9935860000000005
2018-11-14 09:00:00+00:00,4.818852
2018-11-14 10:00:00+00:00,9.933898000000001
2018-11-14 11:00:00+00:00,19.28721
2018-11-14 12:00:00+00:00,23.928466
2018-11-14 13:00:00+00:00,29.830413999999998
2018-11-14 14:00:00+00:00,39.827874
2018-11-14 15:00:00+00:00,45.482502000000004
2018-11-14 16:00:00+00:00,40.92357
2018-11-14 17:00:00+00:00,32.934662
2018-11-14 18:00:00+00:00,22.468348000000002
2018-11-14 19:00:00+00:00,13.018711999999999
2018-11-14 20:00:00+00:00,5.860454
2018-11-14 21:00:00+00:00,2.8530759999999997
2018-11-14 22:00:00+00:00,1.871224
2018-11-14 23:00:00+00:00,1.381172
2018-11-15 00:00:00+00:00,1.382572
2018-11-15 01:00:00+00:00,1.6820639999999998
2018-11-15 02:00:00+00:00,2.179116
2018-11-15 03:00:00+00:00,1.592384
2018-11-15 04:00:00+00:00,0.5184
2018-11-15 05:00:00+00:00,0.11628
2018-11-15 06:00:00+00:00,0.10368
2018-11-15 07:00:00+00:00,0.0042
2018-11-15 08:00:00+00:00,0.14764200000000002
2018-11-15 09:00:00+00:00,1.226166
2018-11-15 10:00:00+00:00,7.729202000000001
2018-11-15 11:00:00+00:00,20.285862
2018-11-15 12:00:00+00:00,29.080623999999997
2018-11-15 13:00:00+00:00,33.706654
2018-11-15 14:00:00+00:00,32.419298
2018-11-15 15:00:00+00:00,29.03602
2018-11-15 16:00:00+00:00,28.997049999999994
2018-11-15 17:00:00+00:00,28.516023999999994
2018-11-15 18:00:00+00:00,20.509224000000003
2018-11-15 19:00:00+00:00,17.525844
2018-11-15 20:00:00+00:00,22.254873999999997
2018-11-15 21:00:00+00:00,30.427191999999998
2018-11-15 22:00:00+00:00,37.556326000000006
2018-11-15 23:00:00+00:00,43.741068
2018-11-16 00:00:00+00:00,47.276954
2018-11-16 01:00:00+00:00,48.110198000000004
2018-11-16 02:00:00+00:00,46.540166
2018-11-16 03:00:00+00:00,41.117402000000006
2018-11-16 04:00:00+00:00,35.686958000000004
2018-11-16 05:00:00+00:00,23.516369999999995
2018-11-16 06:00:00+00:00,21.735663999999996
2018-11-16 07:00:00+00:00,32.75359
2018-11-16 08:00:00+00:00,44.937972
2018-11-16 09:00:00+00:00,57.918471999999994
2018-11-16 10:00:00+00:00,73.66594400000001
2018-11-16 11:00:00+00:00,76.51366600000001
2018-11-16 12:00:00+00:00,70.360832
2018-11-16 13:00:00+00:00,61.025824
2018-11-16 14:00:00+00:00,52.262091999999996
2018-11-16 15:00:00+00:00,45.58044
2018-11-16 16:00:00+00:00,32.238808
2018-11-16 17:00:00+00:00,16.44641
2018-11-16 18:00:00+00:00,7.248634000000001
2018-11-16 19:00:00+00:00,5.2779300000000005
2018-11-16 20:00:00+00:00,8.366223999999999
2018-11-16 21:00:00+00:00,12.88666
2018-11-16 22:00:00+00:00,14.955443999999998
2018-11-16 23:00:00+00:00,17.75089
2018-11-17 00:00:00+00:00,26.426232
2018-11-17 01:00:00+00:00,40.59580999999999
2018-11-17 02:00:00+00:00,60.45296799999999
2018-11-17 03:00:00+00:00,96.052282
2018-11-17 04:00:00+00:00,152.158866
2018-11-17 05:00:00+00:00,139.467892
2018-11-17 06:00:00+00:00,85.89245999999999
2018-11-17 07:00:00+00:00,66.90244
2018-11-17 08:00:00+00:00,49.85737
2018-11-17 09:00:00+00:00,35.406334
2018-11-17 10:00:00+00:00,25.133323999999998
2018-11-17 11:00:00+00:00,18.802078
2018-11-17 12:00:00+00:00,14.074622
2018-11-17 13:00:00+00:00,9.92375
2018-11-17 14:00:00+00:00,5.643625999999999
2018-11-17 15:00:00+00:00,6.0636139999999985
2018-11-17 16:00:00+00:00,15.604662000000001
2018-11-17 17:00:00+00:00,40.657528
2018-11-17 18:00:00+00:00,87.858542
2018-11-17 19:00:00+00:00,147.81416399999998
2018-11-17 20:00:00+00:00,202.47826
2018-11-17 21:00:00+00:00,233.52600600000002
2018-11-17 22:00:00+00:00,250.51992400000003
2018-11-17 23:00:00+00:00,260.081648
2018-11-18 00:00:00+00:00,267.21130800000003
2018-11-18 01:00:00+00:00,269.80464
2018-11-18 02:00:00+00:00,274.25744000000003
2018-11-18 03:00:00+00:00,277.04567999999995
2018-11-18 04:00:00+00:00,277.99
2018-11-18 05:00:00+00:00,267.32192
2018-11-18 06:00:00+00:00,228.29744200000002
2018-11-18 07:00:00+00:00,224.81605199999998
2018-11-18 08:00:00+00:00,161.754204
2018-11-18 09:00:00+00:00,101.565926
2018-11-18 10:00:00+00:00,72.17052799999999
2018-11-18 11:00:00+00:00,49.365908000000005
2018-11-18 12:00:00+00:00,32.524559999999994
2018-11-18 13:00:00+00:00,21.553118
2018-11-18 14:00:00+00:00,23.586664000000003
2018-11-18 15:00:00+00:00,68.11899999999999
2018-11-18 16:00:00+00:00,166.69511599999998
2018-11-18 17:00:00+00:00,248.150966
2018-11-18 18:00:00+00:00,266.646904
2018-11-18 19:00:00+00:00,270.957852
2018-11-18 20:00:00+00:00,273.4812
2018-11-18 21:00:00+00:00,273.77544
2018-11-18 22:00:00+00:00,272.31684
2018-11-18 23:00:00+00:00,270.08006
2018-11-19 00:00:00+00:00,265.60062
2018-11-19 01:00:00+00:00,257.367856
2018-11-19 02:00:00+00:00,249.220572
2018-11-19 03:00:00+00:00,235.94615200000004
2018-11-19 04:00:00+00:00,220.28700800000001
2018-11-19 05:00:00+00:00,160.02226
2018-11-19 06:00:00+00:00,76.040154
2018-11-19 07:00:00+00:00,14.84384
2018-11-19 08:00:00+00:00,1.8002379999999998
2018-11-19 09:00:00+00:00,0.36128
2018-11-19 10:00:00+00:00,1.706488
2018-11-19 11:00:00+00:00,9.146608
2018-11-19 12:00:00+00:00,16.565497999999998
2018-11-19 13:00:00+00:00,21.228489999999997
2018-11-19 14:00:00+00:00,31.178997999999996
2018-11-19 15:00:00+00:00,28.896968000000005
2018-11-19 16:00:00+00:00,18.09317
2018-11-19 17:00:00+00:00,20.034576
2018-11-19 18:00:00+00:00,30.551575999999997
2018-11-19 19:00:00+00:00,47.993206
2018-11-19 20:00:00+00:00,62.57630199999999
2018-11-19 21:00:00+00:00,73.12388
2018-11-19 22:00:00+00:00,65.87667
2018-11-19 23:00:00+00:00,52.28752
2018-11-20 00:00:00+00:00,44.394358000000004
2018-11-20 01:00:00+00:00,39.310033999999995
2018-11-20 02:00:00+00:00,19.172454
2018-11-20 03:00:00+00:00,13.770735999999998
2018-11-20 04:00:00+00:00,26.627418000000002
2018-11-20 05:00:00+00:00,27.330654000000003
2018-11-20 06:00:00+00:00,15.068693999999999
2018-11-20 07:00:00+00:00,20.018459999999997
2018-11-20 08:00:00+00:00,18.467934000000003
2018-11-20 09:00:00+00:00,13.17424
2018-11-20 10:00:00+00:00,6.940551999999999
2018-11-20 11:00:00+00:00,2.88564
2018-11-20 12:00:00+00:00,1.111088
2018-11-20 13:00:00+00:00,0.581614
2018-11-20 14:00:00+00:00,3.272082
2018-11-20 15:00:00+00:00,2.139606
2018-11-20 16:00:00+00:00,3.775968
2018-11-20 17:00:00+00:00,15.439103999999999
2018-11-20 18:00:00+00:00,41.67799600000001
2018-11-20 19:00:00+00:00,73.81878
2018-11-20 20:00:00+00:00,105.14632199999998
2018-11-20 21:00:00+00:00,138.89845799999998
2018-11-20 22:00:00+00:00,161.750678
2018-11-20 23:00:00+00:00,170.0855
2018-11-21 00:00:00+00:00,179.959364
2018-11-21 01:00:00+00:00,184.048896
2018-11-21 02:00:00+00:00,185.692052
2018-11-21 03:00:00+00:00,179.439088
2018-11-21 04:00:00+00:00,164.867066
2018-11-21 05:00:00+00:00,132.34859600000001
2018-11-21 06:00:00+00:00,76.676626
2018-11-21 07:00:00+00:00,40.889196
2018-11-21 08:00:00+00:00,21.28563
2018-11-21 09:00:00+00:00,8.910734
2018-11-21 10:00:00+00:00,3.492866
2018-11-21 11:00:00+00:00,6.10302
2018-11-21 12:00:00+00:00,10.489648
2018-11-21 13:00:00+00:00,13.343594
2018-11-21 14:00:00+00:00,25.59672
2018-11-21 15:00:00+00:00,22.415036
2018-11-21 16:00:00+00:00,11.073136000000002
2018-11-21 17:00:00+00:00,4.262042
2018-11-21 18:00:00+00:00,1.55717
2018-11-21 19:00:00+00:00,1.4782
2018-11-21 20:00:00+00:00,2.1626640000000004
2018-11-21 21:00:00+00:00,4.803278000000001
2018-11-21 22:00:00+00:00,14.307861999999997
2018-11-21 23:00:00+00:00,29.631454
2018-11-22 00:00:00+00:00,38.65013199999999
2018-11-22 01:00:00+00:00,34.08314
2018-11-22 02:00:00+00:00,21.814392
2018-11-22 03:00:00+00:00,11.07218
2018-11-22 04:00:00+00:00,3.4331480000000005
2018-11-22 05:00:00+00:00,0.20176
2018-11-22 06:00:00+00:00,0.934734
2018-11-22 07:00:00+00:00,15.763551999999999
2018-11-22 08:00:00+00:00,15.328496000000001
2018-11-22 09:00:00+00:00,10.674758000000002
2018-11-22 10:00:00+00:00,9.61119
2018-11-22 11:00:00+00:00,24.570904
2018-11-22 12:00:00+00:00,30.541842000000003
2018-11-22 13:00:00+00:00,28.497625999999997
2018-11-22 14:00:00+00:00,29.238794
2018-11-22 15:00:00+00:00,28.721231999999997
2018-11-22 16:00:00+00:00,19.003971999999997
2018-11-22 17:00:00+00:00,9.390400000000001
2018-11-22 18:00:00+00:00,4.524255999999999
2018-11-22 19:00:00+00:00,2.827836
2018-11-22 20:00:00+00:00,1.9922339999999998
2018-11-22 21:00:00+00:00,1.7988739999999999
2018-11-22 22:00:00+00:00,1.8526360000000002
2018-11-22 23:00:00+00:00,1.9559680000000002
2018-11-23 00:00:00+00:00,2.403806
2018-11-23 01:00:00+00:00,2.854792
2018-11-23 02:00:00+00:00,3.3057779999999997
2018-11-23 03:00:00+00:00,2.6905
2018-11-23 04:00:00+00:00,2.1459900000000003
2018-11-23 05:00:00+00:00,2.5460139999999996
2018-11-23 06:00:00+00:00,1.3327959999999999
2018-11-23 07:00:00+00:00,5.219405999999999
2018-11-23 08:00:00+00:00,18.717492
2018-11-23 09:00:00+00:00,50.340042
2018-11-23 10:00:00+00:00,93.23111399999999
2018-11-23 11:00:00+00:00,116.693788
2018-11-23 12:00:00+00:00,123.052552
2018-11-23 13:00:00+00:00,120.214552
2018-11-23 14:00:00+00:00,107.81321399999999
2018-11-23 15:00:00+00:00,98.505422
2018-11-23 16:00:00+00:00,64.368678
2018-11-23 17:00:00+00:00,34.225016
2018-11-23 18:00:00+00:00,19.680274
2018-11-23 19:00:00+00:00,14.942646
2018-11-23 20:00:00+00:00,17.3272
2018-11-23 21:00:00+00:00,25.308625999999997
2018-11-23 22:00:00+00:00,32.668825999999996
2018-11-23 23:00:00+00:00,41.433318
2018-11-24 00:00:00+00:00,43.471444
2018-11-24 01:00:00+00:00,35.259845999999996
2018-11-24 02:00:00+00:00,24.581875999999998
2018-11-24 03:00:00+00:00,22.152798
2018-11-24 04:00:00+00:00,23.356903999999997
2018-11-24 05:00:00+00:00,21.175384
2018-11-24 06:00:00+00:00,24.540462
2018-11-24 07:00:00+00:00,30.399887999999997
2018-11-24 08:00:00+00:00,37.73154999999999
2018-11-24 09:00:00+00:00,45.89531
2018-11-24 10:00:00+00:00,55.840621999999996
2018-11-24 11:00:00+00:00,64.19336
2018-11-24 12:00:00+00:00,64.50353799999999
2018-11-24 13:00:00+00:00,55.634654
2018-11-24 14:00:00+00:00,46.993624000000004
2018-11-24 15:00:00+00:00,42.031439999999996
2018-11-24 16:00:00+00:00,38.976754
2018-11-24 17:00:00+00:00,37.950252
2018-11-24 18:00:00+00:00,39.077665999999994
2018-11-24 19:00:00+00:00,41.919202
2018-11-24 20:00:00+00:00,41.402542
2018-11-24 21:00:00+00:00,36.938154000000004
2018-11-24 22:00:00+00:00,34.8797
2018-11-24 23:00:00+00:00,38.111436
2018-11-25 00:00:00+00:00,43.079361999999996
2018-11-25 01:00:00+00:00,44.89296399999999
2018-11-25 02:00:00+00:00,37.117141999999994
2018-11-25 03:00:00+00:00,28.849172
2018-11-25 04:00:00+00:00,21.467078
2018-11-25 05:00:00+00:00,20.65144
2018-11-25 06:00:00+00:00,33.637928
2018-11-25 07:00:00+00:00,46.010672
2018-11-25 08:00:00+00:00,44.503878
2018-11-25 09:00:00+00:00,36.918940000000006
2018-11-25 10:00:00+00:00,41.983514
2018-11-25 11:00:00+00:00,38.671534
2018-11-25 12:00:00+00:00,37.780184
2018-11-25 13:00:00+00:00,28.517414000000002
2018-11-25 14:00:00+00:00,20.887676
2018-11-25 15:00:00+00:00,14.537186
2018-11-25 16:00:00+00:00,10.029074
2018-11-25 17:00:00+00:00,7.103553999999999
2018-11-25 18:00:00+00:00,3.364128
2018-11-25 19:00:00+00:00,0.69076
2018-11-25 20:00:00+00:00,0.10368
2018-11-25 21:00:00+00:00,0.440126
2018-11-25 22:00:00+00:00,0.6897
2018-11-25 23:00:00+00:00,0.647138
2018-11-26 00:00:00+00:00,1.0788640000000003
2018-11-26 01:00:00+00:00,3.848042
2018-11-26 02:00:00+00:00,11.141167999999999
2018-11-26 03:00:00+00:00,22.067975999999998
2018-11-26 04:00:00+00:00,38.605118
2018-11-26 05:00:00+00:00,48.12605200000001
2018-11-26 06:00:00+00:00,32.43977
2018-11-26 07:00:00+00:00,19.805491999999997
2018-11-26 08:00:00+00:00,10.042846
2018-11-26 09:00:00+00:00,5.172288
2018-11-26 10:00:00+00:00,3.449053999999999
2018-11-26 11:00:00+00:00,2.8476179999999998
2018-11-26 12:00:00+00:00,3.02697
2018-11-26 13:00:00+00:00,2.3686160000000003
2018-11-26 14:00:00+00:00,2.110294
2018-11-26 15:00:00+00:00,4.446876
2018-11-26 16:00:00+00:00,9.509203999999999
2018-11-26 17:00:00+00:00,19.479376
2018-11-26 18:00:00+00:00,33.072179999999996
2018-11-26 19:00:00+00:00,44.406146
2018-11-26 20:00:00+00:00,51.096869999999996
2018-11-26 21:00:00+00:00,68.592514
2018-11-26 22:00:00+00:00,100.96428399999999
2018-11-26 23:00:00+00:00,131.01645399999998
2018-11-27 00:00:00+00:00,155.14982799999999
2018-11-27 01:00:00+00:00,177.5169
2018-11-27 02:00:00+00:00,200.10995200000002
2018-11-27 03:00:00+00:00,217.224564
2018-11-27 04:00:00+00:00,223.066288
2018-11-27 05:00:00+00:00,219.45329
2018-11-27 06:00:00+00:00,200.24673600000003
2018-11-27 07:00:00+00:00,181.81510799999998
2018-11-27 08:00:00+00:00,179.39753
2018-11-27 09:00:00+00:00,178.64900599999999
2018-11-27 10:00:00+00:00,190.502204
2018-11-27 11:00:00+00:00,180.034798
2018-11-27 12:00:00+00:00,146.257596
2018-11-27 13:00:00+00:00,133.864548
2018-11-27 14:00:00+00:00,149.04554399999998
2018-11-27 15:00:00+00:00,174.31023000000002
2018-11-27 16:00:00+00:00,212.65174800000003
2018-11-27 17:00:00+00:00,246.88176999999996
2018-11-27 18:00:00+00:00,261.81816
2018-11-27 19:00:00+00:00,265.034872
2018-11-27 20:00:00+00:00,267.07072
2018-11-27 21:00:00+00:00,268.02232
2018-11-27 22:00:00+00:00,266.6352
2018-11-27 23:00:00+00:00,264.94124
2018-11-28 00:00:00+00:00,259.12525200000005
2018-11-28 01:00:00+00:00,254.86403199999998
2018-11-28 02:00:00+00:00,254.060836
2018-11-28 03:00:00+00:00,251.77102399999998
2018-11-28 04:00:00+00:00,246.511116
2018-11-28 05:00:00+00:00,210.03215999999998
2018-11-28 06:00:00+00:00,133.503794
2018-11-28 07:00:00+00:00,101.290468
2018-11-28 08:00:00+00:00,83.49302200000001
2018-11-28 09:00:00+00:00,62.631114000000004
2018-11-28 10:00:00+00:00,48.703066
2018-11-28 11:00:00+00:00,37.437392
2018-11-28 12:00:00+00:00,23.503245999999997
2018-11-28 13:00:00+00:00,9.430989999999998
2018-11-28 14:00:00+00:00,1.534878
2018-11-28 15:00:00+00:00,1.374396
2018-11-28 16:00:00+00:00,7.21857
2018-11-28 17:00:00+00:00,14.87675
2018-11-28 18:00:00+00:00,36.75402400000001
2018-11-28 19:00:00+00:00,64.567496
2018-11-28 20:00:00+00:00,81.925402
2018-11-28 21:00:00+00:00,95.76379399999999
2018-11-28 22:00:00+00:00,86.872186
2018-11-28 23:00:00+00:00,65.10700800000001
2018-11-29 00:00:00+00:00,47.194055999999996
2018-11-29 01:00:00+00:00,33.758496
2018-11-29 02:00:00+00:00,26.763011999999996
2018-11-29 03:00:00+00:00,30.114587999999998
2018-11-29 04:00:00+00:00,45.98484199999999
2018-11-29 05:00:00+00:00,66.33603199999999
2018-11-29 06:00:00+00:00,63.042111999999996
2018-11-29 07:00:00+00:00,49.75936
2018-11-29 08:00:00+00:00,73.821374
2018-11-29 09:00:00+00:00,94.129756
2018-11-29 10:00:00+00:00,103.195544
2018-11-29 11:00:00+00:00,94.41653
2018-11-29 12:00:00+00:00,79.83063399999999
2018-11-29 13:00:00+00:00,53.4007
2018-11-29 14:00:00+00:00,32.997426000000004
2018-11-29 15:00:00+00:00,25.38081
2018-11-29 16:00:00+00:00,31.869680000000002
2018-11-29 17:00:00+00:00,44.024774
2018-11-29 18:00:00+00:00,51.180935999999996
2018-11-29 19:00:00+00:00,52.023372
2018-11-29 20:00:00+00:00,54.094086
2018-11-29 21:00:00+00:00,55.07752
2018-11-29 22:00:00+00:00,49.865967999999995
2018-11-29 23:00:00+00:00,41.203574
2018-11-30 00:00:00+00:00,31.715733999999998
2018-11-30 01:00:00+00:00,22.262752
2018-11-30 02:00:00+00:00,15.012892
2018-11-30 03:00:00+00:00,12.327778
2018-11-30 04:00:00+00:00,14.055559999999998
2018-11-30 05:00:00+00:00,14.399362000000002
2018-11-30 06:00:00+00:00,9.024586
2018-11-30 07:00:00+00:00,23.01202
2018-11-30 08:00:00+00:00,44.158241999999994
2018-11-30 09:00:00+00:00,72.848912
2018-11-30 10:00:00+00:00,98.70067999999999
2018-11-30 11:00:00+00:00,114.918002
2018-11-30 12:00:00+00:00,125.33511
2018-11-30 13:00:00+00:00,131.10422200000002
2018-11-30 14:00:00+00:00,128.63362400000003
2018-11-30 15:00:00+00:00,152.988992
2018-11-30 16:00:00+00:00,134.665616
2018-11-30 17:00:00+00:00,94.19580799999999
2018-11-30 18:00:00+00:00,57.315364
2018-11-30 19:00:00+00:00,35.717358000000004
2018-11-30 20:00:00+00:00,25.633200000000002
2018-11-30 21:00:00+00:00,26.574594
2018-11-30 22:00:00+00:00,31.116916000000003
2018-11-30 23:00:00+00:00,35.683054
2018-12-01 00:00:00+00:00,39.488020000000006
2018-12-01 01:00:00+00:00,42.845306
2018-12-01 02:00:00+00:00,46.69054
2018-12-01 03:00:00+00:00,54.18187399999999
2018-12-01 04:00:00+00:00,61.955354
2018-12-01 05:00:00+00:00,54.662782
2018-12-01 06:00:00+00:00,76.657206
2018-12-01 07:00:00+00:00,103.29355
2018-12-01 08:00:00+00:00,96.45484199999999
2018-12-01 09:00:00+00:00,82.37666800000001
2018-12-01 10:00:00+00:00,74.470234
2018-12-01 11:00:00+00:00,71.6461
2018-12-01 12:00:00+00:00,62.910526000000004
2018-12-01 13:00:00+00:00,46.142066
2018-12-01 14:00:00+00:00,30.564234
2018-12-01 15:00:00+00:00,17.161452
2018-12-01 16:00:00+00:00,8.490136
2018-12-01 17:00:00+00:00,3.923484
2018-12-01 18:00:00+00:00,3.5084160000000004
2018-12-01 19:00:00+00:00,7.2951820000000005
2018-12-01 20:00:00+00:00,16.101524
2018-12-01 21:00:00+00:00,28.074284
2018-12-01 22:00:00+00:00,43.734686
2018-12-01 23:00:00+00:00,80.028668
2018-12-02 00:00:00+00:00,138.719558
2018-12-02 01:00:00+00:00,194.78872199999998
2018-12-02 02:00:00+00:00,224.568412
2018-12-02 03:00:00+00:00,245.484786
2018-12-02 04:00:00+00:00,267.62414
2018-12-02 05:00:00+00:00,265.2994699999999
2018-12-02 06:00:00+00:00,267.32300399999997
2018-12-02 07:00:00+00:00,279.3934
2018-12-02 08:00:00+00:00,277.380684
2018-12-02 09:00:00+00:00,242.60276799999997
2018-12-02 10:00:00+00:00,190.386756
2018-12-02 11:00:00+00:00,139.57502
2018-12-02 12:00:00+00:00,74.934376
2018-12-02 13:00:00+00:00,33.153514
2018-12-02 14:00:00+00:00,57.77762
2018-12-02 15:00:00+00:00,143.76444800000004
2018-12-02 16:00:00+00:00,186.060458
2018-12-02 17:00:00+00:00,216.777872
2018-12-02 18:00:00+00:00,231.601288
2018-12-02 19:00:00+00:00,206.580376
2018-12-02 20:00:00+00:00,220.22607599999998
2018-12-02 21:00:00+00:00,266.54839999999996
2018-12-02 22:00:00+00:00,273.26824
2018-12-02 23:00:00+00:00,272.25804
2018-12-03 00:00:00+00:00,273.3874
2018-12-03 01:00:00+00:00,271.64296
2018-12-03 02:00:00+00:00,271.54488000000003
2018-12-03 03:00:00+00:00,271.46079999999995
2018-12-03 04:00:00+00:00,267.83464
2018-12-03 05:00:00+00:00,254.13123199999998
2018-12-03 06:00:00+00:00,231.221134
2018-12-03 07:00:00+00:00,217.974962
2018-12-03 08:00:00+00:00,199.03458999999995
2018-12-03 09:00:00+00:00,166.496866
2018-12-03 10:00:00+00:00,130.8954
2018-12-03 11:00:00+00:00,104.29684800000001
2018-12-03 12:00:00+00:00,86.49032199999999
2018-12-03 13:00:00+00:00,58.066700000000004
2018-12-03 14:00:00+00:00,40.65927
2018-12-03 15:00:00+00:00,25.119568
2018-12-03 16:00:00+00:00,15.003541999999998
2018-12-03 17:00:00+00:00,15.263707999999998
2018-12-03 18:00:00+00:00,23.09232
2018-12-03 19:00:00+00:00,34.799988
2018-12-03 20:00:00+00:00,41.024794
2018-12-03 21:00:00+00:00,47.970321999999996
2018-12-03 22:00:00+00:00,59.300374
2018-12-03 23:00:00+00:00,67.59903399999999
2018-12-04 00:00:00+00:00,68.30531400000001
2018-12-04 01:00:00+00:00,64.67244000000001
2018-12-04 02:00:00+00:00,57.255536
2018-12-04 03:00:00+00:00,44.513552000000004
2018-12-04 04:00:00+00:00,34.04246800000001
2018-12-04 05:00:00+00:00,21.603306
2018-12-04 06:00:00+00:00,19.859902
2018-12-04 07:00:00+00:00,27.19498
2018-12-04 08:00:00+00:00,40.677071999999995
2018-12-04 09:00:00+00:00,53.946346
2018-12-04 10:00:00+00:00,57.98317599999999
2018-12-04 11:00:00+00:00,58.988496000000005
2018-12-04 12:00:00+00:00,56.179911999999995
2018-12-04 13:00:00+00:00,48.697516
2018-12-04 14:00:00+00:00,41.396734
2018-12-04 15:00:00+00:00,29.076889999999995
2018-12-04 16:00:00+00:00,16.262834
2018-12-04 17:00:00+00:00,8.067775999999999
2018-12-04 18:00:00+00:00,4.9138079999999995
2018-12-04 19:00:00+00:00,4.8076680000000005
2018-12-04 20:00:00+00:00,8.762538000000001
2018-12-04 21:00:00+00:00,15.954363999999998
2018-12-04 22:00:00+00:00,25.848467999999997
2018-12-04 23:00:00+00:00,36.135802
2018-12-05 00:00:00+00:00,41.65015999999999
2018-12-05 01:00:00+00:00,43.90403
2018-12-05 02:00:00+00:00,48.590315999999994
2018-12-05 03:00:00+00:00,64.65997200000001
2018-12-05 04:00:00+00:00,78.604226
2018-12-05 05:00:00+00:00,66.846222
2018-12-05 06:00:00+00:00,48.299366000000006
2018-12-05 07:00:00+00:00,70.20634600000001
2018-12-05 08:00:00+00:00,98.35767799999999
2018-12-05 09:00:00+00:00,114.680104
2018-12-05 10:00:00+00:00,115.940456
2018-12-05 11:00:00+00:00,105.175164
2018-12-05 12:00:00+00:00,87.52101
2018-12-05 13:00:00+00:00,61.689508000000004
2018-12-05 14:00:00+00:00,37.791360000000005
2018-12-05 15:00:00+00:00,18.398224
2018-12-05 16:00:00+00:00,6.26527
2018-12-05 17:00:00+00:00,1.508422
2018-12-05 18:00:00+00:00,1.634518
2018-12-05 19:00:00+00:00,9.123226
2018-12-05 20:00:00+00:00,20.581832000000002
2018-12-05 21:00:00+00:00,34.823656
2018-12-05 22:00:00+00:00,68.14753
2018-12-05 23:00:00+00:00,86.80152400000001
2018-12-06 00:00:00+00:00,83.28012799999999
2018-12-06 01:00:00+00:00,72.392156
2018-12-06 02:00:00+00:00,69.66621199999999
2018-12-06 03:00:00+00:00,77.65928799999999
2018-12-06 04:00:00+00:00,91.15928000000001
2018-12-06 05:00:00+00:00,114.38618199999999
2018-12-06 06:00:00+00:00,159.15362
2018-12-06 07:00:00+00:00,221.68309799999997
2018-12-06 08:00:00+00:00,239.37180199999997
2018-12-06 09:00:00+00:00,249.88196
2018-12-06 10:00:00+00:00,259.526908
2018-12-06 11:00:00+00:00,264.68802
2018-12-06 12:00:00+00:00,269.76233199999996
2018-12-06 13:00:00+00:00,260.17056
2018-12-06 14:00:00+00:00,226.455
2018-12-06 15:00:00+00:00,222.80534
2018-12-06 16:00:00+00:00,230.50825799999996
2018-12-06 17:00:00+00:00,238.29055
2018-12-06 18:00:00+00:00,256.13426
2018-12-06 19:00:00+00:00,263.26575199999996
2018-12-06 20:00:00+00:00,263.03520000000003
2018-12-06 21:00:00+00:00,265.02798800000005
2018-12-06 22:00:00+00:00,257.937846
2018-12-06 23:00:00+00:00,254.372796
2018-12-07 00:00:00+00:00,248.54649
2018-12-07 01:00:00+00:00,246.27176200000002
2018-12-07 02:00:00+00:00,247.72857399999998
2018-12-07 03:00:00+00:00,240.363596
2018-12-07 04:00:00+00:00,227.635604
2018-12-07 05:00:00+00:00,231.59753800000001
2018-12-07 06:00:00+00:00,266.86148999999995
2018-12-07 07:00:00+00:00,276.113096
2018-12-07 08:00:00+00:00,277.124948
2018-12-07 09:00:00+00:00,279.43402
2018-12-07 10:00:00+00:00,280.2376
2018-12-07 11:00:00+00:00,280.1914
2018-12-07 12:00:00+00:00,280.1382
2018-12-07 13:00:00+00:00,273.341498
2018-12-07 14:00:00+00:00,233.45730799999995
2018-12-07 15:00:00+00:00,207.31587199999998
2018-12-07 16:00:00+00:00,183.84539999999998
2018-12-07 17:00:00+00:00,169.393716
2018-12-07 18:00:00+00:00,157.89631200000002
2018-12-07 19:00:00+00:00,146.995938
2018-12-07 20:00:00+00:00,142.56012
2018-12-07 21:00:00+00:00,123.764354
2018-12-07 22:00:00+00:00,98.45432
2018-12-07 23:00:00+00:00,76.82352
2018-12-08 00:00:00+00:00,66.531978
2018-12-08 01:00:00+00:00,64.553792
2018-12-08 02:00:00+00:00,68.532882
2018-12-08 03:00:00+00:00,68.399106
2018-12-08 04:00:00+00:00,66.142072
2018-12-08 05:00:00+00:00,53.53778
2018-12-08 06:00:00+00:00,39.802072
2018-12-08 07:00:00+00:00,28.816558
2018-12-08 08:00:00+00:00,18.802060000000004
2018-12-08 09:00:00+00:00,15.393954
2018-12-08 10:00:00+00:00,16.374074
2018-12-08 11:00:00+00:00,18.61453
2018-12-08 12:00:00+00:00,21.508286000000002
2018-12-08 13:00:00+00:00,23.423345999999995
2018-12-08 14:00:00+00:00,27.783357999999996
2018-12-08 15:00:00+00:00,26.891003999999995
2018-12-08 16:00:00+00:00,21.240378
2018-12-08 17:00:00+00:00,14.565686000000001
2018-12-08 18:00:00+00:00,8.31538
2018-12-08 19:00:00+00:00,3.8249060000000004
2018-12-08 20:00:00+00:00,1.758218
2018-12-08 21:00:00+00:00,0.975326
2018-12-08 22:00:00+00:00,0.537644
2018-12-08 23:00:00+00:00,0.6782860000000001
2018-12-09 00:00:00+00:00,2.6066099999999994
2018-12-09 01:00:00+00:00,5.867248000000001
2018-12-09 02:00:00+00:00,12.237195999999999
2018-12-09 03:00:00+00:00,22.350296
2018-12-09 04:00:00+00:00,36.547889999999995
2018-12-09 05:00:00+00:00,40.975846000000004
2018-12-09 06:00:00+00:00,31.420417999999998
2018-12-09 07:00:00+00:00,33.17849399999999
2018-12-09 08:00:00+00:00,31.905012
2018-12-09 09:00:00+00:00,24.931856000000003
2018-12-09 10:00:00+00:00,16.648636
2018-12-09 11:00:00+00:00,10.328266000000001
2018-12-09 12:00:00+00:00,7.183616
2018-12-09 13:00:00+00:00,4.016890000000001
2018-12-09 14:00:00+00:00,1.284136
2018-12-09 15:00:00+00:00,0.30088400000000004
2018-12-09 16:00:00+00:00,0.10228
2018-12-09 17:00:00+00:00,0.400372
2018-12-09 18:00:00+00:00,1.107584
2018-12-09 19:00:00+00:00,3.4931419999999997
2018-12-09 20:00:00+00:00,11.066206
2018-12-09 21:00:00+00:00,23.853115999999996
2018-12-09 22:00:00+00:00,31.115908
2018-12-09 23:00:00+00:00,27.975592000000002
2018-12-10 00:00:00+00:00,18.51875
2018-12-10 01:00:00+00:00,9.750208
2018-12-10 02:00:00+00:00,4.499052
2018-12-10 03:00:00+00:00,3.8981060000000003
2018-12-10 04:00:00+00:00,5.046132
2018-12-10 05:00:00+00:00,6.206222
2018-12-10 06:00:00+00:00,2.599174
2018-12-10 07:00:00+00:00,2.843654
2018-12-10 08:00:00+00:00,9.221076
2018-12-10 09:00:00+00:00,19.959388
2018-12-10 10:00:00+00:00,38.351459999999996
2018-12-10 11:00:00+00:00,50.133129999999994
2018-12-10 12:00:00+00:00,42.761556
2018-12-10 13:00:00+00:00,27.915638
2018-12-10 14:00:00+00:00,17.021615999999998
2018-12-10 15:00:00+00:00,8.601488000000002
2018-12-10 16:00:00+00:00,5.2491140000000005
2018-12-10 17:00:00+00:00,7.020684000000001
2018-12-10 18:00:00+00:00,13.99081
2018-12-10 19:00:00+00:00,22.244011999999998
2018-12-10 20:00:00+00:00,27.041269999999997
2018-12-10 21:00:00+00:00,29.063544000000004
2018-12-10 22:00:00+00:00,29.618485999999997
2018-12-10 23:00:00+00:00,29.821574
2018-12-11 00:00:00+00:00,31.791565999999996
2018-12-11 01:00:00+00:00,33.73857999999999
2018-12-11 02:00:00+00:00,33.088184
2018-12-11 03:00:00+00:00,32.5835
2018-12-11 04:00:00+00:00,32.75986999999999
2018-12-11 05:00:00+00:00,34.122930000000004
2018-12-11 06:00:00+00:00,30.24465
2018-12-11 07:00:00+00:00,49.140834000000005
2018-12-11 08:00:00+00:00,63.158283999999995
2018-12-11 09:00:00+00:00,67.45141199999999
2018-12-11 10:00:00+00:00,69.726908
2018-12-11 11:00:00+00:00,69.94798399999999
2018-12-11 12:00:00+00:00,61.90934
2018-12-11 13:00:00+00:00,46.917758
2018-12-11 14:00:00+00:00,34.447488
2018-12-11 15:00:00+00:00,23.321436
2018-12-11 16:00:00+00:00,16.486004
2018-12-11 17:00:00+00:00,16.216663999999998
2018-12-11 18:00:00+00:00,20.460554000000002
2018-12-11 19:00:00+00:00,27.447314
2018-12-11 20:00:00+00:00,34.91745
2018-12-11 21:00:00+00:00,42.093005999999995
2018-12-11 22:00:00+00:00,50.091374
2018-12-11 23:00:00+00:00,57.597958
2018-12-12 00:00:00+00:00,63.00754399999999
2018-12-12 01:00:00+00:00,65.39190799999999
2018-12-12 02:00:00+00:00,65.06648799999999
2018-12-12 03:00:00+00:00,61.117692
2018-12-12 04:00:00+00:00,56.000186
2018-12-12 05:00:00+00:00,48.701722
2018-12-12 06:00:00+00:00,35.440895999999995
2018-12-12 07:00:00+00:00,41.870321999999994
2018-12-12 08:00:00+00:00,51.47042999999999
2018-12-12 09:00:00+00:00,73.29616399999999
2018-12-12 10:00:00+00:00,106.10827400000001
2018-12-12 11:00:00+00:00,130.437722
2018-12-12 12:00:00+00:00,143.25715800000003
2018-12-12 13:00:00+00:00,136.24611599999997
2018-12-12 14:00:00+00:00,113.80163999999999
2018-12-12 15:00:00+00:00,97.116088
2018-12-12 16:00:00+00:00,83.029728
2018-12-12 17:00:00+00:00,70.83335399999999
2018-12-12 18:00:00+00:00,60.013066
2018-12-12 19:00:00+00:00,51.984934
2018-12-12 20:00:00+00:00,46.071676000000004
2018-12-12 21:00:00+00:00,45.164508000000005
2018-12-12 22:00:00+00:00,48.49313
2018-12-12 23:00:00+00:00,52.80049400000001
2018-12-13 00:00:00+00:00,62.888994000000004
2018-12-13 01:00:00+00:00,68.21996600000001
2018-12-13 02:00:00+00:00,66.497642
2018-12-13 03:00:00+00:00,53.27025
2018-12-13 04:00:00+00:00,35.759934
2018-12-13 05:00:00+00:00,18.107883999999995
2018-12-13 06:00:00+00:00,22.902483999999998
2018-12-13 07:00:00+00:00,20.153371999999997
2018-12-13 08:00:00+00:00,16.24577
2018-12-13 09:00:00+00:00,14.715556000000001
2018-12-13 10:00:00+00:00,14.275422000000002
2018-12-13 11:00:00+00:00,13.39411
2018-12-13 12:00:00+00:00,11.822054000000001
2018-12-13 13:00:00+00:00,9.213538000000002
2018-12-13 14:00:00+00:00,10.200658
2018-12-13 15:00:00+00:00,8.09303
2018-12-13 16:00:00+00:00,5.349314000000001
2018-12-13 17:00:00+00:00,4.361032
2018-12-13 18:00:00+00:00,5.181241999999999
2018-12-13 19:00:00+00:00,7.789996
2018-12-13 20:00:00+00:00,11.793929999999998
2018-12-13 21:00:00+00:00,18.619238
2018-12-13 22:00:00+00:00,28.999242000000002
2018-12-13 23:00:00+00:00,40.854645999999995
2018-12-14 00:00:00+00:00,54.40105999999999
2018-12-14 01:00:00+00:00,69.778066
2018-12-14 02:00:00+00:00,86.904922
2018-12-14 03:00:00+00:00,100.257256
2018-12-14 04:00:00+00:00,118.28535600000001
2018-12-14 05:00:00+00:00,116.96514400000001
2018-12-14 06:00:00+00:00,79.34070799999999
2018-12-14 07:00:00+00:00,63.934278
2018-12-14 08:00:00+00:00,45.88809599999999
2018-12-14 09:00:00+00:00,31.119716
2018-12-14 10:00:00+00:00,20.817298000000005
2018-12-14 11:00:00+00:00,13.713158
2018-12-14 12:00:00+00:00,9.075026000000001
2018-12-14 13:00:00+00:00,6.255399999999999
2018-12-14 14:00:00+00:00,7.141964
2018-12-14 15:00:00+00:00,17.637528
2018-12-14 16:00:00+00:00,53.567972
2018-12-14 17:00:00+00:00,135.653692
2018-12-14 18:00:00+00:00,240.847772
2018-12-14 19:00:00+00:00,278.93868
2018-12-14 20:00:00+00:00,279.882
2018-12-14 21:00:00+00:00,279.8162
2018-12-14 22:00:00+00:00,279.805
2018-12-14 23:00:00+00:00,279.8036
2018-12-15 00:00:00+00:00,279.7952
2018-12-15 01:00:00+00:00,278.2662
2018-12-15 02:00:00+00:00,277.05416
2018-12-15 03:00:00+00:00,276.25692
2018-12-15 04:00:00+00:00,274.8712
2018-12-15 05:00:00+00:00,270.64544
2018-12-15 06:00:00+00:00,268.49344
2018-12-15 07:00:00+00:00,267.90752
2018-12-15 08:00:00+00:00,245.34674800000002
2018-12-15 09:00:00+00:00,182.862156
2018-12-15 10:00:00+00:00,134.67603
2018-12-15 11:00:00+00:00,107.74281199999999
2018-12-15 12:00:00+00:00,87.165748
2018-12-15 13:00:00+00:00,56.49762
2018-12-15 14:00:00+00:00,58.709439999999994
2018-12-15 15:00:00+00:00,106.312462
2018-12-15 16:00:00+00:00,196.574228
2018-12-15 17:00:00+00:00,264.764376
2018-12-15 18:00:00+00:00,278.41032
2018-12-15 19:00:00+00:00,279.58168
2018-12-15 20:00:00+00:00,280.0276
2018-12-15 21:00:00+00:00,279.55788
2018-12-15 22:00:00+00:00,277.39732000000004
2018-12-15 23:00:00+00:00,274.26156
2018-12-16 00:00:00+00:00,269.6126
2018-12-16 01:00:00+00:00,263.81188
2018-12-16 02:00:00+00:00,256.705428
2018-12-16 03:00:00+00:00,247.278208
2018-12-16 04:00:00+00:00,233.22841
2018-12-16 05:00:00+00:00,192.117008
2018-12-16 06:00:00+00:00,122.86124199999999
2018-12-16 07:00:00+00:00,70.52187
2018-12-16 08:00:00+00:00,64.002516
2018-12-16 09:00:00+00:00,69.496112
2018-12-16 10:00:00+00:00,62.924555999999995
2018-12-16 11:00:00+00:00,52.009415999999995
2018-12-16 12:00:00+00:00,40.627802
2018-12-16 13:00:00+00:00,33.342436
2018-12-16 14:00:00+00:00,39.391552000000004
2018-12-16 15:00:00+00:00,32.49569
2018-12-16 16:00:00+00:00,18.905345999999998
2018-12-16 17:00:00+00:00,11.521172
2018-12-16 18:00:00+00:00,10.094828
2018-12-16 19:00:00+00:00,14.651174000000001
2018-12-16 20:00:00+00:00,22.432944
2018-12-16 21:00:00+00:00,38.315774000000005
2018-12-16 22:00:00+00:00,58.622716
2018-12-16 23:00:00+00:00,75.847494
2018-12-17 00:00:00+00:00,84.051008
2018-12-17 01:00:00+00:00,86.713706
2018-12-17 02:00:00+00:00,87.8989
2018-12-17 03:00:00+00:00,87.31759400000001
2018-12-17 04:00:00+00:00,82.93741999999999
2018-12-17 05:00:00+00:00,73.852768
2018-12-17 06:00:00+00:00,58.741132
2018-12-17 07:00:00+00:00,75.23079999999999
2018-12-17 08:00:00+00:00,94.717792
2018-12-17 09:00:00+00:00,118.408738
2018-12-17 10:00:00+00:00,139.172834
2018-12-17 11:00:00+00:00,147.25275
2018-12-17 12:00:00+00:00,144.299466
2018-12-17 13:00:00+00:00,125.22493200000001
2018-12-17 14:00:00+00:00,101.098882
2018-12-17 15:00:00+00:00,80.591794
2018-12-17 16:00:00+00:00,65.465438
2018-12-17 17:00:00+00:00,57.07523199999999
2018-12-17 18:00:00+00:00,55.01692
2018-12-17 19:00:00+00:00,57.984472000000004
2018-12-17 20:00:00+00:00,63.290876
2018-12-17 21:00:00+00:00,62.438109999999995
2018-12-17 22:00:00+00:00,58.37080400000001
2018-12-17 23:00:00+00:00,51.88358000000001
2018-12-18 00:00:00+00:00,38.98262
2018-12-18 01:00:00+00:00,26.890622
2018-12-18 02:00:00+00:00,18.278336
2018-12-18 03:00:00+00:00,15.988722
2018-12-18 04:00:00+00:00,13.857602
2018-12-18 05:00:00+00:00,15.549007999999999
2018-12-18 06:00:00+00:00,8.55543
2018-12-18 07:00:00+00:00,9.484001999999998
2018-12-18 08:00:00+00:00,18.973938
2018-12-18 09:00:00+00:00,27.38028
2018-12-18 10:00:00+00:00,28.566534
2018-12-18 11:00:00+00:00,23.543288
2018-12-18 12:00:00+00:00,16.852002000000002
2018-12-18 13:00:00+00:00,10.91575
2018-12-18 14:00:00+00:00,4.836909999999999
2018-12-18 15:00:00+00:00,2.41049
2018-12-18 16:00:00+00:00,6.870678
2018-12-18 17:00:00+00:00,16.797947999999998
2018-12-18 18:00:00+00:00,30.215615999999997
2018-12-18 19:00:00+00:00,45.82424
2018-12-18 20:00:00+00:00,71.718086
2018-12-18 21:00:00+00:00,92.97592
2018-12-18 22:00:00+00:00,95.37559599999997
2018-12-18 23:00:00+00:00,82.276102
2018-12-19 00:00:00+00:00,59.475278
2018-12-19 01:00:00+00:00,42.351498
2018-12-19 02:00:00+00:00,32.445386
2018-12-19 03:00:00+00:00,24.710559999999997
2018-12-19 04:00:00+00:00,18.636972
2018-12-19 05:00:00+00:00,14.908700000000001
2018-12-19 06:00:00+00:00,10.138448
2018-12-19 07:00:00+00:00,19.146629999999995
2018-12-19 08:00:00+00:00,36.18417
2018-12-19 09:00:00+00:00,58.397881999999996
2018-12-19 10:00:00+00:00,82.86215000000001
2018-12-19 11:00:00+00:00,107.96791599999999
2018-12-19 12:00:00+00:00,125.94559999999998
2018-12-19 13:00:00+00:00,124.549772
2018-12-19 14:00:00+00:00,97.405096
2018-12-19 15:00:00+00:00,81.478684
2018-12-19 16:00:00+00:00,81.90575199999999
2018-12-19 17:00:00+00:00,88.38817599999999
2018-12-19 18:00:00+00:00,87.406688
2018-12-19 19:00:00+00:00,100.8058
2018-12-19 20:00:00+00:00,128.008936
2018-12-19 21:00:00+00:00,167.544524
2018-12-19 22:00:00+00:00,198.73953799999998
2018-12-19 23:00:00+00:00,223.174476
2018-12-20 00:00:00+00:00,230.13382199999998
2018-12-20 01:00:00+00:00,228.420704
2018-12-20 02:00:00+00:00,221.64192
2018-12-20 03:00:00+00:00,201.92760199999998
2018-12-20 04:00:00+00:00,186.722308
2018-12-20 05:00:00+00:00,164.596094
2018-12-20 06:00:00+00:00,166.41936199999998
2018-12-20 07:00:00+00:00,193.1689
2018-12-20 08:00:00+00:00,207.37888800000002
2018-12-20 09:00:00+00:00,214.19370800000002
2018-12-20 10:00:00+00:00,218.355116
2018-12-20 11:00:00+00:00,213.067568
2018-12-20 12:00:00+00:00,197.036116
2018-12-20 13:00:00+00:00,162.515716
2018-12-20 14:00:00+00:00,113.11786
2018-12-20 15:00:00+00:00,90.22041999999999
2018-12-20 16:00:00+00:00,73.70662
2018-12-20 17:00:00+00:00,60.734362
2018-12-20 18:00:00+00:00,51.475816
2018-12-20 19:00:00+00:00,48.464602000000006
2018-12-20 20:00:00+00:00,48.245686000000006
2018-12-20 21:00:00+00:00,48.7811
2018-12-20 22:00:00+00:00,48.521528
2018-12-20 23:00:00+00:00,47.515678
2018-12-21 00:00:00+00:00,44.027012000000006
2018-12-21 01:00:00+00:00,38.9048
2018-12-21 02:00:00+00:00,32.053912
2018-12-21 03:00:00+00:00,22.740702000000002
2018-12-21 04:00:00+00:00,12.084674
2018-12-21 05:00:00+00:00,6.111784
2018-12-21 06:00:00+00:00,7.459498000000001
2018-12-21 07:00:00+00:00,9.297786
2018-12-21 08:00:00+00:00,8.265668
2018-12-21 09:00:00+00:00,7.23775
2018-12-21 10:00:00+00:00,5.386482000000001
2018-12-21 11:00:00+00:00,4.768744000000001
2018-12-21 12:00:00+00:00,5.176116
2018-12-21 13:00:00+00:00,5.312003999999999
2018-12-21 14:00:00+00:00,6.70046
2018-12-21 15:00:00+00:00,8.073864
2018-12-21 16:00:00+00:00,11.82529
2018-12-21 17:00:00+00:00,16.548626
2018-12-21 18:00:00+00:00,18.141438
2018-12-21 19:00:00+00:00,18.201362
2018-12-21 20:00:00+00:00,18.691066000000003
2018-12-21 21:00:00+00:00,20.22934
2018-12-21 22:00:00+00:00,22.976093999999996
2018-12-21 23:00:00+00:00,25.972074
2018-12-22 00:00:00+00:00,28.75473
2018-12-22 01:00:00+00:00,32.156515999999996
2018-12-22 02:00:00+00:00,39.15714200000001
2018-12-22 03:00:00+00:00,47.444546
2018-12-22 04:00:00+00:00,51.184542
2018-12-22 05:00:00+00:00,42.803456000000004
2018-12-22 06:00:00+00:00,25.898198
2018-12-22 07:00:00+00:00,10.524332000000001
2018-12-22 08:00:00+00:00,1.394128
2018-12-22 09:00:00+00:00,0.10928
2018-12-22 10:00:00+00:00,0.30228400000000005
2018-12-22 11:00:00+00:00,1.2303579999999998
2018-12-22 12:00:00+00:00,2.9940339999999996
2018-12-22 13:00:00+00:00,5.120068
2018-12-22 14:00:00+00:00,8.154536
2018-12-22 15:00:00+00:00,7.872357999999998
2018-12-22 16:00:00+00:00,6.2785899999999994
2018-12-22 17:00:00+00:00,5.394692
2018-12-22 18:00:00+00:00,5.992838
2018-12-22 19:00:00+00:00,8.094036
2018-12-22 20:00:00+00:00,10.806113999999999
2018-12-22 21:00:00+00:00,14.031348
2018-12-22 22:00:00+00:00,19.178776
2018-12-22 23:00:00+00:00,26.756144
2018-12-23 00:00:00+00:00,34.360318
2018-12-23 01:00:00+00:00,41.245368
2018-12-23 02:00:00+00:00,50.931124
2018-12-23 03:00:00+00:00,62.936638
2018-12-23 04:00:00+00:00,73.747316
2018-12-23 05:00:00+00:00,75.36739200000001
2018-12-23 06:00:00+00:00,41.134040000000006
2018-12-23 07:00:00+00:00,26.488955999999998
2018-12-23 08:00:00+00:00,10.886880000000001
2018-12-23 09:00:00+00:00,3.3630919999999995
2018-12-23 10:00:00+00:00,0.895676
2018-12-23 11:00:00+00:00,0.207012
2018-12-23 12:00:00+00:00,0.972384
2018-12-23 13:00:00+00:00,3.9247579999999997
2018-12-23 14:00:00+00:00,10.495042000000002
2018-12-23 15:00:00+00:00,9.207734
2018-12-23 16:00:00+00:00,5.31187
2018-12-23 17:00:00+00:00,2.551986
2018-12-23 18:00:00+00:00,1.348418
2018-12-23 19:00:00+00:00,0.70022
2018-12-23 20:00:00+00:00,0.497756
2018-12-23 21:00:00+00:00,0.198612
2018-12-23 22:00:00+00:00,0.296692
2018-12-23 23:00:00+00:00,0.592332
2018-12-24 00:00:00+00:00,2.21713
2018-12-24 01:00:00+00:00,5.07545
2018-12-24 02:00:00+00:00,5.873029999999999
2018-12-24 03:00:00+00:00,5.047560000000001
2018-12-24 04:00:00+00:00,3.834674
2018-12-24 05:00:00+00:00,3.105188
2018-12-24 06:00:00+00:00,1.098614
2018-12-24 07:00:00+00:00,4.903390000000001
2018-12-24 08:00:00+00:00,8.367472000000001
2018-12-24 09:00:00+00:00,11.814604
2018-12-24 10:00:00+00:00,13.307358
2018-12-24 11:00:00+00:00,11.750892
2018-12-24 12:00:00+00:00,7.994111999999999
2018-12-24 13:00:00+00:00,6.260746
2018-12-24 14:00:00+00:00,7.963129999999999
2018-12-24 15:00:00+00:00,9.651862
2018-12-24 16:00:00+00:00,15.933221999999997
2018-12-24 17:00:00+00:00,32.803544
2018-12-24 18:00:00+00:00,60.790158
2018-12-24 19:00:00+00:00,96.47394
2018-12-24 20:00:00+00:00,135.98318999999998
2018-12-24 21:00:00+00:00,166.251374
2018-12-24 22:00:00+00:00,186.45250800000002
2018-12-24 23:00:00+00:00,205.47718799999998
2018-12-25 00:00:00+00:00,222.255124
2018-12-25 01:00:00+00:00,240.31211
2018-12-25 02:00:00+00:00,257.28318399999995
2018-12-25 03:00:00+00:00,269.23328
2018-12-25 04:00:00+00:00,273.34696
2018-12-25 05:00:00+00:00,268.23856
2018-12-25 06:00:00+00:00,226.73360599999998
2018-12-25 07:00:00+00:00,229.991348
2018-12-25 08:00:00+00:00,177.50435
2018-12-25 09:00:00+00:00,120.27487599999999
2018-12-25 10:00:00+00:00,90.564016
2018-12-25 11:00:00+00:00,69.291382
2018-12-25 12:00:00+00:00,44.94133
2018-12-25 13:00:00+00:00,19.808591999999997
2018-12-25 14:00:00+00:00,6.911792
2018-12-25 15:00:00+00:00,1.278812
2018-12-25 16:00:00+00:00,0.12179999999999998
2018-12-25 17:00:00+00:00,0.317612
2018-12-25 18:00:00+00:00,1.7535260000000001
2018-12-25 19:00:00+00:00,4.640114
2018-12-25 20:00:00+00:00,5.457087999999999
2018-12-25 21:00:00+00:00,6.286385999999999
2018-12-25 22:00:00+00:00,8.561344000000002
2018-12-25 23:00:00+00:00,12.19649
2018-12-26 00:00:00+00:00,16.039194
2018-12-26 01:00:00+00:00,18.155128
2018-12-26 02:00:00+00:00,16.791468
2018-12-26 03:00:00+00:00,14.098104000000001
2018-12-26 04:00:00+00:00,11.606697999999998
2018-12-26 05:00:00+00:00,10.590723999999998
2018-12-26 06:00:00+00:00,7.831798
2018-12-26 07:00:00+00:00,21.261014
2018-12-26 08:00:00+00:00,53.379690000000004
2018-12-26 09:00:00+00:00,67.958404
2018-12-26 10:00:00+00:00,79.79791
2018-12-26 11:00:00+00:00,97.45757
2018-12-26 12:00:00+00:00,108.08679999999998
2018-12-26 13:00:00+00:00,94.16943
2018-12-26 14:00:00+00:00,67.057492
2018-12-26 15:00:00+00:00,48.751058
2018-12-26 16:00:00+00:00,32.90486599999999
2018-12-26 17:00:00+00:00,26.93881
2018-12-26 18:00:00+00:00,27.954974000000004
2018-12-26 19:00:00+00:00,36.974268
2018-12-26 20:00:00+00:00,49.175356
2018-12-26 21:00:00+00:00,65.49052
2018-12-26 22:00:00+00:00,86.08250199999999
2018-12-26 23:00:00+00:00,104.94863200000002
2018-12-27 00:00:00+00:00,127.64005600000002
2018-12-27 01:00:00+00:00,152.03741599999998
2018-12-27 02:00:00+00:00,179.09283200000002
2018-12-27 03:00:00+00:00,193.324826
2018-12-27 04:00:00+00:00,212.92068799999998
2018-12-27 05:00:00+00:00,201.09282599999997
2018-12-27 06:00:00+00:00,200.838522
2018-12-27 07:00:00+00:00,253.90717599999996
2018-12-27 08:00:00+00:00,279.406662
2018-12-27 09:00:00+00:00,280.2418
2018-12-27 10:00:00+00:00,280.288
2018-12-27 11:00:00+00:00,280.2782
2018-12-27 12:00:00+00:00,280.2292
2018-12-27 13:00:00+00:00,280.127
2018-12-27 14:00:00+00:00,263.817192
2018-12-27 15:00:00+00:00,252.889862
2018-12-27 16:00:00+00:00,255.831352
2018-12-27 17:00:00+00:00,253.580206
2018-12-27 18:00:00+00:00,254.571138
2018-12-27 19:00:00+00:00,264.49965
2018-12-27 20:00:00+00:00,256.230146
2018-12-27 21:00:00+00:00,256.398528
2018-12-27 22:00:00+00:00,264.891662
2018-12-27 23:00:00+00:00,261.883088
2018-12-28 00:00:00+00:00,242.19445800000003
2018-12-28 01:00:00+00:00,222.63702199999997
2018-12-28 02:00:00+00:00,200.578016
2018-12-28 03:00:00+00:00,170.618864
2018-12-28 04:00:00+00:00,148.259014
2018-12-28 05:00:00+00:00,131.45049200000003
2018-12-28 06:00:00+00:00,126.75093400000002
2018-12-28 07:00:00+00:00,130.074746
2018-12-28 08:00:00+00:00,125.80206399999997
2018-12-28 09:00:00+00:00,127.903774
2018-12-28 10:00:00+00:00,133.509962
2018-12-28 11:00:00+00:00,136.07191400000002
2018-12-28 12:00:00+00:00,135.810974
2018-12-28 13:00:00+00:00,119.55155800000001
2018-12-28 14:00:00+00:00,102.059616
2018-12-28 15:00:00+00:00,91.39329799999999
2018-12-28 16:00:00+00:00,73.356624
2018-12-28 17:00:00+00:00,56.751735999999994
2018-12-28 18:00:00+00:00,40.918184000000004
2018-12-28 19:00:00+00:00,28.645425999999997
2018-12-28 20:00:00+00:00,23.413221999999998
2018-12-28 21:00:00+00:00,22.499678
2018-12-28 22:00:00+00:00,24.90929
2018-12-28 23:00:00+00:00,26.449146
2018-12-29 00:00:00+00:00,26.1712
2018-12-29 01:00:00+00:00,25.287270000000003
2018-12-29 02:00:00+00:00,25.145418
2018-12-29 03:00:00+00:00,22.92408
2018-12-29 04:00:00+00:00,20.87314
2018-12-29 05:00:00+00:00,20.304774000000002
2018-12-29 06:00:00+00:00,12.965945999999999
2018-12-29 07:00:00+00:00,11.078966
2018-12-29 08:00:00+00:00,8.38527
2018-12-29 09:00:00+00:00,5.509248
2018-12-29 10:00:00+00:00,3.511042
2018-12-29 11:00:00+00:00,1.95437
2018-12-29 12:00:00+00:00,1.455918
2018-12-29 13:00:00+00:00,1.9186579999999998
2018-12-29 14:00:00+00:00,4.1573340000000005
2018-12-29 15:00:00+00:00,4.629352
2018-12-29 16:00:00+00:00,3.816174
2018-12-29 17:00:00+00:00,3.2217459999999996
2018-12-29 18:00:00+00:00,2.8252259999999993
2018-12-29 19:00:00+00:00,2.42415
2018-12-29 20:00:00+00:00,2.024474
2018-12-29 21:00:00+00:00,1.57348
2018-12-29 22:00:00+00:00,2.09733
2018-12-29 23:00:00+00:00,2.868302
2018-12-30 00:00:00+00:00,3.49724
2018-12-30 01:00:00+00:00,3.5541579999999997
2018-12-30 02:00:00+00:00,3.233112
2018-12-30 03:00:00+00:00,2.7218539999999996
2018-12-30 04:00:00+00:00,2.459118
2018-12-30 05:00:00+00:00,2.245944
2018-12-30 06:00:00+00:00,1.228894
2018-12-30 07:00:00+00:00,3.88176
2018-12-30 08:00:00+00:00,4.7436300000000005
2018-12-30 09:00:00+00:00,10.905838
2018-12-30 10:00:00+00:00,26.278652
2018-12-30 11:00:00+00:00,41.465628
2018-12-30 12:00:00+00:00,48.226994000000005
2018-12-30 13:00:00+00:00,46.465619999999994
2018-12-30 14:00:00+00:00,46.330023999999995
2018-12-30 15:00:00+00:00,47.54757600000001
2018-12-30 16:00:00+00:00,43.24589
2018-12-30 17:00:00+00:00,39.167178
2018-12-30 18:00:00+00:00,40.123466
2018-12-30 19:00:00+00:00,38.672768000000005
2018-12-30 20:00:00+00:00,32.740692
2018-12-30 21:00:00+00:00,28.255106
2018-12-30 22:00:00+00:00,24.631034
2018-12-30 23:00:00+00:00,20.857017999999997
2018-12-31 00:00:00+00:00,14.112949999999998
2018-12-31 01:00:00+00:00,9.291281999999999
2018-12-31 02:00:00+00:00,5.283876
2018-12-31 03:00:00+00:00,1.94903
2018-12-31 04:00:00+00:00,2.23143
2018-12-31 05:00:00+00:00,7.569466000000001
2018-12-31 06:00:00+00:00,0.48072600000000004
2018-12-31 07:00:00+00:00,0.398892
2018-12-31 08:00:00+00:00,0.977572
2018-12-31 09:00:00+00:00,2.243516
2018-12-31 10:00:00+00:00,4.103896
2018-12-31 11:00:00+00:00,5.672835999999999
2018-12-31 12:00:00+00:00,8.741174
2018-12-31 13:00:00+00:00,12.866854
2018-12-31 14:00:00+00:00,25.989096
2018-12-31 15:00:00+00:00,46.71673
2018-12-31 16:00:00+00:00,79.089608
2018-12-31 17:00:00+00:00,128.95923
2018-12-31 18:00:00+00:00,179.282012
2018-12-31 19:00:00+00:00,227.780718
2018-12-31 20:00:00+00:00,269.138172
2018-12-31 21:00:00+00:00,278.22544
2018-12-31 22:00:00+00:00,279.9436
2018-12-31 23:00:00+00:00,279.9268
