,51.0,63.0,UNMAPPED,wind_MW
2018-01-01 00:00:00+00:00,73.011978,58.45568,0.5922,132.059858
2018-01-01 01:00:00+00:00,74.016072,61.496159999999996,0.63,136.14223199999998
2018-01-01 02:00:00+00:00,75.020166,64.83088000000001,0.5725999999999999,140.423646
2018-01-01 03:00:00+00:00,76.311144,66.59632,0.5418,143.449264
2018-01-01 04:00:00+00:00,75.737376,67.08672,0.518,143.342096
2018-01-01 05:00:00+00:00,76.454586,73.95232,0.4326,150.839506
2018-01-01 06:00:00+00:00,98.68809599999999,80.0,0.48299999999999993,179.17109599999998
2018-01-01 07:00:00+00:00,109.01592,80.0,0.707,189.72292
2018-01-01 08:00:00+00:00,113.606064,80.0,0.7602,194.366264
2018-01-01 09:00:00+00:00,114.610158,80.0,0.7476,195.35775800000002
2018-01-01 10:00:00+00:00,110.737224,80.0,0.6188,191.356024
2018-01-01 11:00:00+00:00,97.684002,80.0,0.5249999999999999,178.20900200000003
2018-01-01 12:00:00+00:00,81.61849799999999,80.0,0.43539999999999995,162.05389799999998
2018-01-01 13:00:00+00:00,69.999696,80.0,0.29819999999999997,150.297896
2018-01-01 14:00:00+00:00,68.42183399999999,78.85632000000001,0.2758,147.553954
2018-01-01 15:00:00+00:00,69.28248599999999,73.36384,0.2786,142.924926
2018-01-01 16:00:00+00:00,68.708718,74.73696,0.2702,143.71587799999998
2018-01-01 17:00:00+00:00,65.552994,77.18896,0.21839999999999998,142.960354
2018-01-01 18:00:00+00:00,61.106291999999996,78.9544,0.1904,140.25109200000003
2018-01-01 19:00:00+00:00,55.798938,77.38512,0.18059999999999998,133.364658
2018-01-01 20:00:00+00:00,49.487489999999994,74.73696,0.1932,124.41765
2018-01-01 21:00:00+00:00,46.044882,68.1656,0.24219999999999997,114.452682
2018-01-01 22:00:00+00:00,37.438362000000005,60.02496,0.3262,97.789522
2018-01-01 23:00:00+00:00,33.70887,55.21903999999999,0.3934,89.32131
2018-01-02 00:00:00+00:00,40.88097,54.238240000000005,0.48999999999999994,95.60921
2018-01-02 01:00:00+00:00,45.901439999999994,54.82672000000001,0.602,101.33016
2018-01-02 02:00:00+00:00,42.602273999999994,47.66687999999999,0.644,90.91315399999999
2018-01-02 03:00:00+00:00,33.70887,36.2896,0.5851999999999999,70.58367
2018-01-02 04:00:00+00:00,30.409703999999998,23.441119999999998,0.48299999999999993,54.33382399999999
2018-01-02 05:00:00+00:00,27.25398,17.94864,0.40319999999999995,45.605819999999994
2018-01-02 06:00:00+00:00,24.241698,22.75456,0.3206,47.316857999999996
2018-01-02 07:00:00+00:00,21.229415999999997,23.441119999999998,0.41579999999999995,45.086335999999996
2018-01-02 08:00:00+00:00,21.659741999999998,21.28336,0.6285999999999999,43.571701999999995
2018-01-02 09:00:00+00:00,23.094162,19.91024,0.7406,43.745002
2018-01-02 10:00:00+00:00,22.807278,19.91024,0.7826000000000001,43.500118
2018-01-02 11:00:00+00:00,20.368763999999995,19.41984,0.77,40.558603999999995
2018-01-02 12:00:00+00:00,18.360576000000002,18.83136,0.7378,37.929736
2018-01-02 13:00:00+00:00,17.069598,19.41984,0.5795999999999999,37.069038
2018-01-02 14:00:00+00:00,16.065504,24.61808,0.4564,41.139984
2018-01-02 15:00:00+00:00,13.770432000000001,28.24704,0.42979999999999996,42.447272
2018-01-02 16:00:00+00:00,8.463078,25.30464,0.39479999999999993,34.162518
2018-01-02 17:00:00+00:00,3.872934,19.02752,0.35559999999999997,23.256054
2018-01-02 18:00:00+00:00,1.7213040000000002,9.808,0.31079999999999997,11.840104
2018-01-02 19:00:00+00:00,1.290978,3.23664,0.2618,4.789418
2018-01-02 20:00:00+00:00,1.290978,0.4904,0.2254,2.0067779999999997
2018-01-02 21:00:00+00:00,1.4344199999999998,0.0,0.22399999999999998,1.6584199999999998
2018-01-02 22:00:00+00:00,1.4344199999999998,0.0,0.252,1.6864199999999998
2018-01-02 23:00:00+00:00,2.008188,0.0,0.2562,2.2643880000000003
2018-01-03 00:00:00+00:00,3.2991659999999996,0.09808,0.25339999999999996,3.6506459999999996
2018-01-03 01:00:00+00:00,5.163912,0.78464,0.252,6.200551999999999
2018-01-03 02:00:00+00:00,7.745868,4.60976,0.21839999999999998,12.574028
2018-01-03 03:00:00+00:00,13.053222,12.45616,0.1918,25.701182000000003
2018-01-03 04:00:00+00:00,24.241698,23.34304,0.20299999999999999,47.787738000000004
2018-01-03 05:00:00+00:00,35.573615999999994,28.05088,0.1442,63.76869599999999
2018-01-03 06:00:00+00:00,25.963002,23.048799999999996,0.08679999999999999,49.09860199999999
2018-01-03 07:00:00+00:00,27.684306,37.95696,0.14279999999999998,65.784066
2018-01-03 08:00:00+00:00,24.672023999999997,37.270399999999995,0.1694,62.11182399999999
2018-01-03 09:00:00+00:00,21.229415999999997,30.502879999999998,0.1946,51.92689599999999
2018-01-03 10:00:00+00:00,18.217133999999998,23.34304,0.20439999999999997,41.764573999999996
2018-01-03 11:00:00+00:00,14.200758,16.379360000000002,0.189,30.769118000000002
2018-01-03 12:00:00+00:00,10.75815,11.08304,0.15259999999999999,21.99379
2018-01-03 13:00:00+00:00,7.1721,6.57136,0.0938,13.83726
2018-01-03 14:00:00+00:00,5.4507959999999995,2.9423999999999997,0.0798,8.472996
2018-01-03 15:00:00+00:00,2.008188,1.27504,0.10779999999999999,3.3910280000000004
2018-01-03 16:00:00+00:00,0.14344200000000001,0.29424,0.11059999999999999,0.548282
2018-01-03 17:00:00+00:00,0.0,0.0,0.08399999999999999,0.08399999999999999
2018-01-03 18:00:00+00:00,0.0,0.0,0.041999999999999996,0.041999999999999996
2018-01-03 19:00:00+00:00,0.14344200000000001,0.09808,0.0098,0.251322
2018-01-03 20:00:00+00:00,0.43032600000000004,0.29424,0.0014,0.725966
2018-01-03 21:00:00+00:00,1.004094,1.17696,0.006999999999999999,2.188054
2018-01-03 22:00:00+00:00,2.2950720000000002,4.4136,0.041999999999999996,6.750672
2018-01-03 23:00:00+00:00,3.2991659999999996,7.356,0.10079999999999999,10.755965999999999
2018-01-04 00:00:00+00:00,3.4426080000000003,8.23872,0.14839999999999998,11.829728000000001
2018-01-04 01:00:00+00:00,3.872934,7.8464,0.1694,11.888734
2018-01-04 02:00:00+00:00,4.733586,8.3368,0.1834,13.253786
2018-01-04 03:00:00+00:00,6.885216000000001,9.70992,0.2394,16.834536
2018-01-04 04:00:00+00:00,10.75815,13.338880000000001,0.31779999999999997,24.414830000000002
2018-01-04 05:00:00+00:00,15.491736,15.790880000000001,0.2716,31.554216
2018-01-04 06:00:00+00:00,17.93025,21.0872,0.20019999999999996,39.21765
2018-01-04 07:00:00+00:00,36.864594,35.210719999999995,0.49279999999999996,72.568114
2018-01-04 08:00:00+00:00,63.975132,46.78415999999999,0.6496,111.408892
2018-01-04 09:00:00+00:00,87.356178,64.04624,0.8133999999999999,152.215818
2018-01-04 10:00:00+00:00,103.13479799999999,77.28704,0.9072,181.32903799999997
2018-01-04 11:00:00+00:00,107.00773199999999,80.0,0.9352,187.94293199999998
2018-01-04 12:00:00+00:00,106.003638,80.0,0.9239999999999999,186.927638
2018-01-04 13:00:00+00:00,97.397118,80.0,0.7951999999999999,178.192318
2018-01-04 14:00:00+00:00,83.77012799999999,75.42352,0.6958,159.889448
2018-01-04 15:00:00+00:00,82.048824,65.61552,0.7392,148.403544
2018-01-04 16:00:00+00:00,77.31523800000001,62.08464,0.7756000000000001,140.175478
2018-01-04 17:00:00+00:00,73.15542,60.8096,0.8077999999999999,134.77282
2018-01-04 18:00:00+00:00,85.20454799999999,61.3,0.8035999999999999,147.308148
2018-01-04 19:00:00+00:00,92.23320600000001,58.848,0.7658,151.84700600000002
2018-01-04 20:00:00+00:00,91.372554,60.41728,0.7784,152.568234
2018-01-04 21:00:00+00:00,93.811068,63.065439999999995,0.7406,157.617108
2018-01-04 22:00:00+00:00,107.86838399999999,69.83295999999999,0.7378,178.43914399999997
2018-01-04 23:00:00+00:00,117.0,75.91392,0.868,193.78192
2018-01-05 00:00:00+00:00,117.0,78.75824000000001,1.0164,196.77464
2018-01-05 01:00:00+00:00,117.0,80.0,1.0766,198.0766
2018-01-05 02:00:00+00:00,117.0,80.0,1.0864,198.0864
2018-01-05 03:00:00+00:00,117.0,80.0,1.0514,198.0514
2018-01-05 04:00:00+00:00,117.0,80.0,1.0695999999999999,198.0696
2018-01-05 05:00:00+00:00,117.0,80.0,1.0275999999999998,198.0276
2018-01-05 06:00:00+00:00,117.0,80.0,0.9715999999999999,197.9716
2018-01-05 07:00:00+00:00,117.0,80.0,1.0612,198.0612
2018-01-05 08:00:00+00:00,117.0,80.0,1.204,198.204
2018-01-05 09:00:00+00:00,117.0,80.0,1.2893999999999999,198.2894
2018-01-05 10:00:00+00:00,117.0,80.0,1.2866,198.2866
2018-01-05 11:00:00+00:00,117.0,80.0,1.2628,198.2628
2018-01-05 12:00:00+00:00,117.0,80.0,1.2628,198.2628
2018-01-05 13:00:00+00:00,117.0,80.0,1.2362,198.2362
2018-01-05 14:00:00+00:00,117.0,80.0,1.1284,198.1284
2018-01-05 15:00:00+00:00,117.0,80.0,0.9128,197.9128
2018-01-05 16:00:00+00:00,117.0,80.0,0.6579999999999999,197.658
2018-01-05 17:00:00+00:00,117.0,80.0,0.43119999999999997,197.4312
2018-01-05 18:00:00+00:00,117.0,80.0,0.2884,197.2884
2018-01-05 19:00:00+00:00,117.0,80.0,0.1932,197.1932
2018-01-05 20:00:00+00:00,117.0,80.0,0.1344,197.1344
2018-01-05 21:00:00+00:00,117.0,80.0,0.1358,197.1358
2018-01-05 22:00:00+00:00,107.294616,80.0,0.17079999999999998,187.46541600000003
2018-01-05 23:00:00+00:00,113.74950600000001,80.0,0.1848,193.934306
2018-01-06 00:00:00+00:00,112.171644,80.0,0.1876,192.35924400000002
2018-01-06 01:00:00+00:00,110.16345600000001,80.0,0.1848,190.348256
2018-01-06 02:00:00+00:00,104.85610199999999,80.0,0.175,185.031102
2018-01-06 03:00:00+00:00,92.663532,80.0,0.10079999999999999,172.764332
2018-01-06 04:00:00+00:00,79.61031,80.0,0.0448,159.65511
2018-01-06 05:00:00+00:00,64.5489,75.32544,0.020999999999999998,139.89534
2018-01-06 06:00:00+00:00,49.344047999999994,69.6368,0.013999999999999999,118.99484799999998
2018-01-06 07:00:00+00:00,51.35223599999999,66.10592,0.020999999999999998,117.47915599999999
2018-01-06 08:00:00+00:00,55.94238,69.73487999999999,0.0238,125.70105999999998
2018-01-06 09:00:00+00:00,53.647308,69.93104,0.0378,123.61614800000001
2018-01-06 10:00:00+00:00,53.647308,68.656,0.07139999999999999,122.37470800000001
2018-01-06 11:00:00+00:00,54.50796,66.49824,0.12739999999999999,121.13359999999999
2018-01-06 12:00:00+00:00,53.07354,63.065439999999995,0.1918,116.33078
2018-01-06 13:00:00+00:00,39.589992,53.944,0.18059999999999998,93.71459200000001
2018-01-06 14:00:00+00:00,33.278544000000004,41.58592,0.196,75.060464
2018-01-06 15:00:00+00:00,33.278544000000004,39.72240000000001,0.20579999999999998,73.206744
2018-01-06 16:00:00+00:00,22.376952,36.387679999999996,0.1582,58.92283199999999
2018-01-06 17:00:00+00:00,11.331918,32.07216,0.0952,43.499278
2018-01-06 18:00:00+00:00,2.438514,22.85264,0.0644,25.355554
2018-01-06 19:00:00+00:00,0.28688400000000003,13.14272,0.10219999999999999,13.531804000000001
2018-01-06 20:00:00+00:00,0.28688400000000003,8.631039999999999,0.20439999999999997,9.122323999999999
2018-01-06 21:00:00+00:00,0.43032600000000004,7.7483200000000005,0.2786,8.457246000000001
2018-01-06 22:00:00+00:00,0.5737680000000001,6.47328,0.31079999999999997,7.357848000000001
2018-01-06 23:00:00+00:00,1.004094,5.3944,0.3192,6.717694000000001
2018-01-07 00:00:00+00:00,1.5778619999999999,4.904,0.30519999999999997,6.787062
2018-01-07 01:00:00+00:00,3.1557239999999998,5.590560000000001,0.30379999999999996,9.050084000000002
2018-01-07 02:00:00+00:00,5.4507959999999995,7.15984,0.3066,12.917235999999999
2018-01-07 03:00:00+00:00,8.032752,9.023359999999998,0.3122,17.368312
2018-01-07 04:00:00+00:00,10.75815,9.611839999999999,0.30379999999999996,20.67379
2018-01-07 05:00:00+00:00,11.905686,7.65024,0.20859999999999998,19.764526
2018-01-07 06:00:00+00:00,8.176194,8.23872,0.05179999999999999,16.466714000000003
2018-01-07 07:00:00+00:00,5.4507959999999995,10.592640000000001,0.030799999999999998,16.074236
2018-01-07 08:00:00+00:00,5.02047,11.67152,0.036399999999999995,16.72839
2018-01-07 09:00:00+00:00,5.4507959999999995,11.37728,0.041999999999999996,16.870076
2018-01-07 10:00:00+00:00,5.594238,10.10224,0.0448,15.741278
2018-01-07 11:00:00+00:00,5.307353999999999,8.53296,0.0406,13.880913999999999
2018-01-07 12:00:00+00:00,5.307353999999999,7.356,0.036399999999999995,12.699753999999999
2018-01-07 13:00:00+00:00,7.458983999999999,8.3368,0.0336,15.829384
2018-01-07 14:00:00+00:00,14.631084,14.712,0.06019999999999999,29.403283999999996
2018-01-07 15:00:00+00:00,26.823654,28.24704,0.1358,55.206494000000006
2018-01-07 16:00:00+00:00,42.602273999999994,43.35136,0.24219999999999997,86.19583399999999
2018-01-07 17:00:00+00:00,60.102197999999994,53.355520000000006,0.3668,113.824518
2018-01-07 18:00:00+00:00,74.016072,57.082559999999994,0.49979999999999997,131.59843199999997
2018-01-07 19:00:00+00:00,81.61849799999999,57.572959999999995,0.609,139.800458
2018-01-07 20:00:00+00:00,90.36845999999998,58.259519999999995,0.6803999999999999,149.30837999999997
2018-01-07 21:00:00+00:00,97.397118,59.24032,0.6818,157.319238
2018-01-07 22:00:00+00:00,103.13479799999999,61.005759999999995,0.6538,164.794358
2018-01-07 23:00:00+00:00,107.438058,63.065439999999995,0.6258,171.12929799999998
2018-01-08 00:00:00+00:00,106.720848,62.57504,0.5642,169.860088
2018-01-08 01:00:00+00:00,101.41349399999999,58.259519999999995,0.4871999999999999,160.16021399999997
2018-01-08 02:00:00+00:00,98.831538,54.33632000000001,0.4256,153.593458
2018-01-08 03:00:00+00:00,102.84791399999999,55.12096000000001,0.40879999999999994,158.377674
2018-01-08 04:00:00+00:00,107.438058,56.98448,0.42139999999999994,164.843938
2018-01-08 05:00:00+00:00,99.261864,46.68608,0.34019999999999995,146.28814400000002
2018-01-08 06:00:00+00:00,65.26611,29.22784,0.07419999999999999,94.56815
2018-01-08 07:00:00+00:00,39.876876,27.756639999999997,0.020999999999999998,67.654516
2018-01-08 08:00:00+00:00,13.340106,15.790880000000001,0.006999999999999999,29.137986
2018-01-08 09:00:00+00:00,3.4426080000000003,7.2579199999999995,0.0042,10.704728000000001
2018-01-08 10:00:00+00:00,1.290978,3.6289599999999997,0.0056,4.925538
2018-01-08 11:00:00+00:00,1.1475360000000001,2.7462400000000002,0.0056,3.899376
2018-01-08 12:00:00+00:00,2.008188,3.13856,0.0056,5.152348000000001
2018-01-08 13:00:00+00:00,3.0122820000000003,3.82512,0.018199999999999997,6.855602000000001
2018-01-08 14:00:00+00:00,4.1598180000000005,5.10016,0.0672,9.327178
2018-01-08 15:00:00+00:00,6.3114479999999995,7.06176,0.0966,13.469807999999999
2018-01-08 16:00:00+00:00,11.188476,10.984960000000001,0.077,22.250436000000004
2018-01-08 17:00:00+00:00,17.499924,14.221599999999999,0.034999999999999996,31.756524
2018-01-08 18:00:00+00:00,24.672023999999997,15.6928,0.013999999999999999,40.378824
2018-01-08 19:00:00+00:00,29.549052,15.790880000000001,0.0084,45.348332000000006
2018-01-08 20:00:00+00:00,28.831842,14.61392,0.013999999999999999,43.459762000000005
2018-01-08 21:00:00+00:00,28.258074,12.55424,0.0392,40.851514
2018-01-08 22:00:00+00:00,28.544958,12.45616,0.0658,41.06691800000001
2018-01-08 23:00:00+00:00,25.102349999999998,11.86768,0.0812,37.05123
2018-01-09 00:00:00+00:00,22.663836,9.70992,0.077,32.450756
2018-01-09 01:00:00+00:00,20.08188,8.925279999999999,0.08399999999999999,29.09116
2018-01-09 02:00:00+00:00,18.934344,8.8272,0.105,27.866544
2018-01-09 03:00:00+00:00,16.49583,8.53296,0.1176,25.14639
2018-01-09 04:00:00+00:00,10.327824,6.76752,0.12179999999999998,17.217144
2018-01-09 05:00:00+00:00,6.168005999999999,4.511679999999999,0.1148,10.794486
2018-01-09 06:00:00+00:00,1.8647459999999998,1.6673600000000002,0.0196,3.551706
2018-01-09 07:00:00+00:00,0.0,0.09808,0.0,0.09808
2018-01-09 08:00:00+00:00,0.0,0.0,0.0,0.0
2018-01-09 09:00:00+00:00,0.14344200000000001,0.29424,0.0,0.437682
2018-01-09 10:00:00+00:00,1.004094,0.78464,0.0014,1.7901340000000001
2018-01-09 11:00:00+00:00,1.4344199999999998,1.27504,0.0028,2.71226
2018-01-09 12:00:00+00:00,1.290978,1.27504,0.0112,2.577218
2018-01-09 13:00:00+00:00,1.004094,1.56928,0.043399999999999994,2.6167740000000004
2018-01-09 14:00:00+00:00,0.14344200000000001,1.17696,0.147,1.467402
2018-01-09 15:00:00+00:00,0.0,0.39232,0.2198,0.61212
2018-01-09 16:00:00+00:00,0.0,0.4904,0.189,0.6794
2018-01-09 17:00:00+00:00,0.28688400000000003,0.58848,0.182,1.057364
2018-01-09 18:00:00+00:00,0.0,0.29424,0.07279999999999999,0.36704
2018-01-09 19:00:00+00:00,0.0,0.0,0.027999999999999997,0.027999999999999997
2018-01-09 20:00:00+00:00,0.0,0.0,0.0028,0.0028
2018-01-09 21:00:00+00:00,0.0,0.09808,0.0,0.09808
2018-01-09 22:00:00+00:00,0.0,0.09808,0.0,0.09808
2018-01-09 23:00:00+00:00,0.0,0.09808,0.0,0.09808
2018-01-10 00:00:00+00:00,0.14344200000000001,0.0,0.0014,0.14484200000000003
2018-01-10 01:00:00+00:00,0.14344200000000001,0.0,0.0042,0.14764200000000002
2018-01-10 02:00:00+00:00,0.14344200000000001,0.09808,0.015399999999999999,0.25692200000000004
2018-01-10 03:00:00+00:00,0.43032600000000004,0.39232,0.0322,0.854846
2018-01-10 04:00:00+00:00,0.8606520000000001,1.76544,0.0476,2.673692
2018-01-10 05:00:00+00:00,1.7213040000000002,4.02128,0.043399999999999994,5.785984
2018-01-10 06:00:00+00:00,0.14344200000000001,3.13856,0.0084,3.290402
2018-01-10 07:00:00+00:00,0.0,0.39232,0.0042,0.39652
2018-01-10 08:00:00+00:00,0.0,0.0,0.0014,0.0014
2018-01-10 09:00:00+00:00,0.0,0.0,0.0014,0.0014
2018-01-10 10:00:00+00:00,0.0,0.0,0.0014,0.0014
2018-01-10 11:00:00+00:00,0.0,0.0,0.0,0.0
2018-01-10 12:00:00+00:00,0.0,0.0,0.0,0.0
2018-01-10 13:00:00+00:00,0.14344200000000001,0.0,0.0,0.14344200000000001
2018-01-10 14:00:00+00:00,2.15163,1.76544,0.0042,3.92127
2018-01-10 15:00:00+00:00,8.032752,8.53296,0.0392,16.604912
2018-01-10 16:00:00+00:00,15.635178,17.262079999999997,0.07419999999999999,32.97145799999999
2018-01-10 17:00:00+00:00,35.573615999999994,27.560480000000005,0.2702,63.404296
2018-01-10 18:00:00+00:00,82.19226599999999,41.29168,0.5922,124.076146
2018-01-10 19:00:00+00:00,111.454434,50.60928,0.6958,162.759514
2018-01-10 20:00:00+00:00,117.0,54.82672000000001,0.8217999999999999,172.64852000000002
2018-01-10 21:00:00+00:00,117.0,60.8096,0.826,178.63559999999998
2018-01-10 22:00:00+00:00,117.0,58.45568,0.7238,176.17948
2018-01-10 23:00:00+00:00,105.716754,46.882239999999996,0.6145999999999999,153.213594
2018-01-11 00:00:00+00:00,83.33980199999999,32.46448,0.8007999999999998,116.605082
2018-01-11 01:00:00+00:00,64.405458,22.950720000000004,0.9296,88.285778
2018-01-11 02:00:00+00:00,49.344047999999994,17.850559999999998,0.8847999999999999,68.07940799999999
2018-01-11 03:00:00+00:00,38.155572,15.00624,0.8652,54.027012
2018-01-11 04:00:00+00:00,32.561334,14.221599999999999,0.8637999999999999,47.646733999999995
2018-01-11 05:00:00+00:00,31.126914,15.30048,0.7336,47.160994
2018-01-11 06:00:00+00:00,24.528582,10.39648,0.44239999999999996,35.367461999999996
2018-01-11 07:00:00+00:00,18.647460000000002,8.729119999999998,0.2618,27.63838
2018-01-11 08:00:00+00:00,28.258074,22.75456,0.3934,51.406034000000005
2018-01-11 09:00:00+00:00,32.99166,29.718239999999998,0.49839999999999995,63.2083
2018-01-11 10:00:00+00:00,33.421986000000004,32.66064,0.5516,66.634226
2018-01-11 11:00:00+00:00,30.696588,33.05296,0.49699999999999994,64.246548
2018-01-11 12:00:00+00:00,22.376952,29.62016,0.34159999999999996,52.338712
2018-01-11 13:00:00+00:00,8.319636000000001,20.98912,0.20579999999999998,29.514556000000002
2018-01-11 14:00:00+00:00,2.2950720000000002,15.30048,0.1358,17.731352
2018-01-11 15:00:00+00:00,1.7213040000000002,12.16192,0.06019999999999999,13.943424
2018-01-11 16:00:00+00:00,5.307353999999999,12.26,0.0168,17.584153999999998
2018-01-11 17:00:00+00:00,12.336011999999998,14.31968,0.0196,26.675292
2018-01-11 18:00:00+00:00,20.08188,17.94864,0.0756,38.106120000000004
2018-01-11 19:00:00+00:00,27.684306,22.75456,0.17779999999999999,50.616666
2018-01-11 20:00:00+00:00,34.999848,28.737439999999996,0.2702,64.007488
2018-01-11 21:00:00+00:00,40.020318,35.210719999999995,0.25339999999999996,75.484438
2018-01-11 22:00:00+00:00,38.72934,37.56464,0.2576,76.55158
2018-01-11 23:00:00+00:00,32.561334,35.50496,0.3206,68.386894
2018-01-12 00:00:00+00:00,25.245791999999998,29.81632,0.34859999999999997,55.410712
2018-01-12 01:00:00+00:00,18.073692,21.38144,0.3248,39.77993200000001
2018-01-12 02:00:00+00:00,12.766338,12.84848,0.2842,25.899017999999998
2018-01-12 03:00:00+00:00,8.893403999999999,6.3752,0.238,15.506604
2018-01-12 04:00:00+00:00,6.598331999999999,2.6481600000000003,0.196,9.442492
2018-01-12 05:00:00+00:00,5.594238,1.0788799999999998,0.1442,6.817317999999999
2018-01-12 06:00:00+00:00,3.1557239999999998,0.29424,0.0406,3.4905639999999996
2018-01-12 07:00:00+00:00,1.8647459999999998,0.6865600000000001,0.063,2.614306
2018-01-12 08:00:00+00:00,3.7294919999999996,3.82512,0.10359999999999998,7.658212
2018-01-12 09:00:00+00:00,6.598331999999999,9.12144,0.13019999999999998,15.849972
2018-01-12 10:00:00+00:00,7.889309999999999,13.14272,0.15259999999999999,21.18463
2018-01-12 11:00:00+00:00,6.45489,13.731200000000001,0.1414,20.32749
2018-01-12 12:00:00+00:00,4.5901440000000004,11.475360000000002,0.12319999999999999,16.188704000000005
2018-01-12 13:00:00+00:00,2.8688399999999996,9.12144,0.1134,12.103679999999999
2018-01-12 14:00:00+00:00,2.2950720000000002,10.39648,0.1498,12.841352000000002
2018-01-12 15:00:00+00:00,2.7253979999999998,10.39648,0.1582,13.280078000000001
2018-01-12 16:00:00+00:00,3.58605,10.39648,0.119,14.10153
2018-01-12 17:00:00+00:00,4.016376,11.86768,0.077,15.961056000000001
2018-01-12 18:00:00+00:00,5.307353999999999,14.61392,0.054599999999999996,19.975874
2018-01-12 19:00:00+00:00,10.471265999999998,19.81216,0.0532,30.336626
2018-01-12 20:00:00+00:00,19.938438,27.36432,0.08259999999999999,47.385358
2018-01-12 21:00:00+00:00,32.417892,35.7992,0.1596,68.376692
2018-01-12 22:00:00+00:00,49.774373999999995,41.48783999999999,0.28559999999999997,91.54781399999999
2018-01-12 23:00:00+00:00,69.712812,44.6264,0.4326,114.771812
2018-01-13 00:00:00+00:00,86.63896799999999,46.391839999999995,0.48299999999999993,133.51380799999998
2018-01-13 01:00:00+00:00,99.69219,50.315039999999996,0.5025999999999999,150.50983
2018-01-13 02:00:00+00:00,111.597876,55.21903999999999,0.5334,167.350316
2018-01-13 03:00:00+00:00,117.0,56.59215999999999,0.6033999999999999,174.19555999999997
2018-01-13 04:00:00+00:00,117.0,54.53248000000001,0.7182,172.25068000000002
2018-01-13 05:00:00+00:00,117.0,44.72448000000001,0.6062,162.33068
2018-01-13 06:00:00+00:00,93.380742,26.089280000000002,0.3598,119.82982200000001
2018-01-13 07:00:00+00:00,60.102197999999994,20.20448,0.3822,80.68887799999999
2018-01-13 08:00:00+00:00,27.97119,23.63728,0.3934,52.00187
2018-01-13 09:00:00+00:00,20.79909,29.718239999999998,0.4396,50.95693
2018-01-13 10:00:00+00:00,17.643366,29.129759999999997,0.5516,47.324726
2018-01-13 11:00:00+00:00,16.208946,27.952799999999996,0.6258,44.78754599999999
2018-01-13 12:00:00+00:00,13.770432000000001,25.206560000000003,0.518,39.494992
2018-01-13 13:00:00+00:00,7.458983999999999,17.6544,0.2506,25.363983999999995
2018-01-13 14:00:00+00:00,3.0122820000000003,14.712,0.196,17.920282
2018-01-13 15:00:00+00:00,0.7172099999999999,14.61392,0.252,15.58313
2018-01-13 16:00:00+00:00,1.1475360000000001,18.73328,0.2296,20.110416
2018-01-13 17:00:00+00:00,3.4426080000000003,23.441119999999998,0.14839999999999998,27.032127999999997
2018-01-13 18:00:00+00:00,5.307353999999999,26.677760000000003,0.0784,32.063514000000005
2018-01-13 19:00:00+00:00,6.3114479999999995,27.07008,0.0588,33.440328
2018-01-13 20:00:00+00:00,8.032752,24.91232,0.0644,33.009472
2018-01-13 21:00:00+00:00,13.053222,25.206560000000003,0.08539999999999999,38.345182
2018-01-13 22:00:00+00:00,20.655648,30.502879999999998,0.13019999999999998,51.288728
2018-01-13 23:00:00+00:00,27.827748,37.36848,0.1876,65.383828
2018-01-14 00:00:00+00:00,32.848218,42.370560000000005,0.28559999999999997,75.50437800000002
2018-01-14 01:00:00+00:00,33.70887,45.70528,0.43539999999999995,79.84955000000001
2018-01-14 02:00:00+00:00,31.270356,47.17648,0.6033999999999999,79.05023599999998
2018-01-14 03:00:00+00:00,29.262168,50.315039999999996,0.6901999999999999,80.267408
2018-01-14 04:00:00+00:00,26.680212,48.74576,0.5823999999999999,76.00837200000001
2018-01-14 05:00:00+00:00,19.221228,38.937760000000004,0.3136,58.47258800000001
2018-01-14 06:00:00+00:00,25.532676,54.63056,0.3752,80.538436
2018-01-14 07:00:00+00:00,41.45473799999999,61.69232,0.4941999999999999,103.641258
2018-01-14 08:00:00+00:00,56.085822,67.18480000000001,0.5222,123.792822
2018-01-14 09:00:00+00:00,68.278392,70.12719999999999,0.63,139.03559199999998
2018-01-14 10:00:00+00:00,78.462774,72.28496,0.8035999999999999,151.55133399999997
2018-01-14 11:00:00+00:00,87.21273599999999,75.81584000000001,0.9464,163.974976
2018-01-14 12:00:00+00:00,92.23320600000001,78.464,0.9953999999999998,171.69260599999998
2018-01-14 13:00:00+00:00,84.774222,78.16976000000001,0.9338,163.877782
2018-01-14 14:00:00+00:00,74.446398,76.012,0.8175999999999999,151.275998
2018-01-14 15:00:00+00:00,67.84806599999999,75.32544,0.6621999999999999,143.835706
2018-01-14 16:00:00+00:00,61.536618,72.97152,0.40739999999999993,134.915538
2018-01-14 17:00:00+00:00,58.81122,71.5984,0.308,130.71761999999998
2018-01-14 18:00:00+00:00,67.84806599999999,73.16768,0.30519999999999997,141.320946
2018-01-14 19:00:00+00:00,75.020166,76.30624,0.33599999999999997,151.66240600000003
2018-01-14 20:00:00+00:00,81.61849799999999,80.0,0.3906,162.009098
2018-01-14 21:00:00+00:00,77.45868,78.36592,0.41859999999999997,156.2432
2018-01-14 22:00:00+00:00,65.98332,72.87344,0.40739999999999993,139.26416
2018-01-14 23:00:00+00:00,52.930098,64.83088000000001,0.3892,118.15017800000001
2018-01-15 00:00:00+00:00,37.438362000000005,53.84592,0.3752,91.65948200000001
2018-01-15 01:00:00+00:00,24.098256000000003,41.48783999999999,0.34019999999999995,65.926296
2018-01-15 02:00:00+00:00,16.782714,31.875999999999998,0.2744,48.933113999999996
2018-01-15 03:00:00+00:00,10.184381999999998,20.20448,0.22399999999999998,30.612861999999996
2018-01-15 04:00:00+00:00,6.024564000000001,11.769599999999999,0.1834,17.977563999999997
2018-01-15 05:00:00+00:00,2.8688399999999996,7.55216,0.12319999999999999,10.5442
2018-01-15 06:00:00+00:00,2.8688399999999996,9.317599999999999,0.20019999999999996,12.386639999999998
2018-01-15 07:00:00+00:00,5.307353999999999,7.94448,0.2758,13.527633999999999
2018-01-15 08:00:00+00:00,8.032752,7.45408,0.3514,15.838232
2018-01-15 09:00:00+00:00,11.331918,8.925279999999999,0.39899999999999997,20.656198
2018-01-15 10:00:00+00:00,15.348294,11.08304,0.4578,26.889134
2018-01-15 11:00:00+00:00,19.221228,15.30048,0.5319999999999999,35.053708
2018-01-15 12:00:00+00:00,19.794996,17.75248,0.5376,38.085076
2018-01-15 13:00:00+00:00,18.934344,17.94864,0.43539999999999995,37.318384
2018-01-15 14:00:00+00:00,16.926156,20.79296,0.34719999999999995,38.066316
2018-01-15 15:00:00+00:00,13.483547999999999,21.0872,0.287,34.857747999999994
2018-01-15 16:00:00+00:00,11.188476,17.75248,0.1694,29.110356
2018-01-15 17:00:00+00:00,7.745868,15.30048,0.0896,23.135948000000003
2018-01-15 18:00:00+00:00,4.1598180000000005,11.86768,0.05179999999999999,16.079298
2018-01-15 19:00:00+00:00,1.8647459999999998,9.317599999999999,0.0448,11.227146
2018-01-15 20:00:00+00:00,0.5737680000000001,8.3368,0.0406,8.951168
2018-01-15 21:00:00+00:00,0.14344200000000001,6.57136,0.043399999999999994,6.758202000000001
2018-01-15 22:00:00+00:00,0.0,4.217439999999999,0.043399999999999994,4.260839999999999
2018-01-15 23:00:00+00:00,0.0,3.13856,0.05179999999999999,3.19036
2018-01-16 00:00:00+00:00,0.14344200000000001,2.9423999999999997,0.0378,3.1236419999999994
2018-01-16 01:00:00+00:00,0.8606520000000001,2.55008,0.020999999999999998,3.431732
2018-01-16 02:00:00+00:00,3.1557239999999998,2.7462400000000002,0.0112,5.913163999999999
2018-01-16 03:00:00+00:00,8.032752,3.53088,0.0056,11.569232
2018-01-16 04:00:00+00:00,13.913874,4.8059199999999995,0.006999999999999999,18.726794
2018-01-16 05:00:00+00:00,16.926156,4.315519999999999,0.0112,21.252875999999997
2018-01-16 06:00:00+00:00,9.180288000000001,4.8059199999999995,0.012599999999999998,13.998808000000002
2018-01-16 07:00:00+00:00,0.8606520000000001,5.10016,0.015399999999999999,5.976211999999999
2018-01-16 08:00:00+00:00,0.0,2.35392,0.020999999999999998,2.37492
2018-01-16 09:00:00+00:00,0.0,1.0788799999999998,0.0336,1.11248
2018-01-16 10:00:00+00:00,0.0,0.78464,0.0406,0.82524
2018-01-16 11:00:00+00:00,0.28688400000000003,0.58848,0.0294,0.904764
2018-01-16 12:00:00+00:00,3.2991659999999996,0.6865600000000001,0.0294,4.0151259999999995
2018-01-16 13:00:00+00:00,6.885216000000001,1.0788799999999998,0.041999999999999996,8.006096000000001
2018-01-16 14:00:00+00:00,8.032752,2.55008,0.0812,10.664032
2018-01-16 15:00:00+00:00,3.1557239999999998,2.452,0.1344,5.742124
2018-01-16 16:00:00+00:00,1.1475360000000001,2.05968,0.12179999999999998,3.329016
2018-01-16 17:00:00+00:00,0.43032600000000004,1.6673600000000002,0.07419999999999999,2.171886
2018-01-16 18:00:00+00:00,0.14344200000000001,1.3731200000000001,0.030799999999999998,1.5473620000000001
2018-01-16 19:00:00+00:00,0.0,0.88272,0.0056,0.88832
2018-01-16 20:00:00+00:00,0.0,0.39232,0.0,0.39232
2018-01-16 21:00:00+00:00,0.0,0.19616,0.0,0.19616
2018-01-16 22:00:00+00:00,0.0,0.39232,0.0,0.39232
2018-01-16 23:00:00+00:00,0.0,0.9808,0.0,0.9808
2018-01-17 00:00:00+00:00,0.14344200000000001,3.6289599999999997,0.0,3.7724019999999996
2018-01-17 01:00:00+00:00,0.43032600000000004,9.12144,0.0,9.551766
2018-01-17 02:00:00+00:00,1.004094,15.88896,0.0042,16.897254
2018-01-17 03:00:00+00:00,1.7213040000000002,18.73328,0.0112,20.465784
2018-01-17 04:00:00+00:00,2.581956,15.88896,0.027999999999999997,18.498916
2018-01-17 05:00:00+00:00,4.016376,13.927359999999998,0.05179999999999999,17.995535999999998
2018-01-17 06:00:00+00:00,8.749962,17.75248,0.0784,26.580841999999997
2018-01-17 07:00:00+00:00,13.196663999999998,18.53712,0.1582,31.891984
2018-01-17 08:00:00+00:00,18.647460000000002,23.539199999999997,0.20719999999999997,42.393860000000004
2018-01-17 09:00:00+00:00,20.942531999999996,30.79712,0.252,51.991651999999995
2018-01-17 10:00:00+00:00,21.372858,35.40688,0.2954,57.075138
2018-01-17 11:00:00+00:00,21.372858,39.330079999999995,0.32899999999999996,61.031938
2018-01-17 12:00:00+00:00,19.938438,42.07632,0.3262,62.340958
2018-01-17 13:00:00+00:00,16.352388,40.31087999999999,0.23099999999999998,56.89426799999999
2018-01-17 14:00:00+00:00,7.889309999999999,27.36432,0.13019999999999998,35.38383
2018-01-17 15:00:00+00:00,3.58605,14.221599999999999,0.105,17.91265
2018-01-17 16:00:00+00:00,1.8647459999999998,6.669440000000001,0.055999999999999994,8.590186
2018-01-17 17:00:00+00:00,1.7213040000000002,3.53088,0.030799999999999998,5.282984
2018-01-17 18:00:00+00:00,2.2950720000000002,2.452,0.0336,4.780672
2018-01-17 19:00:00+00:00,2.8688399999999996,2.05968,0.0574,4.98592
2018-01-17 20:00:00+00:00,3.872934,1.76544,0.10219999999999999,5.740574
2018-01-17 21:00:00+00:00,6.598331999999999,1.9616,0.16519999999999999,8.725132
2018-01-17 22:00:00+00:00,11.188476,3.23664,0.2226,14.647715999999999
2018-01-17 23:00:00+00:00,16.208946,5.4924800000000005,0.25479999999999997,21.956226
2018-01-18 00:00:00+00:00,20.79909,8.23872,0.29119999999999996,29.32901
2018-01-18 01:00:00+00:00,23.237604,10.00416,0.3206,33.562364
2018-01-18 02:00:00+00:00,24.815466,11.279200000000001,0.371,36.465666000000006
2018-01-18 03:00:00+00:00,29.40561,12.45616,0.4676,42.32937
2018-01-18 04:00:00+00:00,37.438362000000005,13.338880000000001,0.5264,51.30364200000001
2018-01-18 05:00:00+00:00,39.303108,11.67152,0.40739999999999993,51.382028000000005
2018-01-18 06:00:00+00:00,40.307202000000004,12.16192,0.5082,52.97732200000001
2018-01-18 07:00:00+00:00,58.66777799999999,21.47952,0.7406,80.88789799999999
2018-01-18 08:00:00+00:00,68.85216,29.62016,0.9785999999999999,99.45092
2018-01-18 09:00:00+00:00,79.036542,40.40896,1.1186,120.564102
2018-01-18 10:00:00+00:00,90.655344,53.84592,1.2082,145.709464
2018-01-18 11:00:00+00:00,99.83563199999999,64.83088000000001,1.2613999999999999,165.92791200000002
2018-01-18 12:00:00+00:00,106.003638,71.20608,1.2782,178.487918
2018-01-18 13:00:00+00:00,104.85610199999999,74.14848,1.2586,180.263182
2018-01-18 14:00:00+00:00,96.39302400000001,69.04831999999999,1.1871999999999998,166.628544
2018-01-18 15:00:00+00:00,113.46262200000001,72.67728,1.1787999999999998,187.318702
2018-01-18 16:00:00+00:00,117.0,77.9736,1.2684,196.24200000000002
2018-01-18 17:00:00+00:00,117.0,80.0,1.3481999999999998,198.3482
2018-01-18 18:00:00+00:00,117.0,80.0,1.3719999999999999,198.372
2018-01-18 19:00:00+00:00,117.0,80.0,1.3719999999999999,198.372
2018-01-18 20:00:00+00:00,117.0,80.0,1.3678,198.3678
2018-01-18 21:00:00+00:00,117.0,80.0,1.3621999999999999,198.3622
2018-01-18 22:00:00+00:00,117.0,80.0,1.3607999999999998,198.3608
2018-01-18 23:00:00+00:00,117.0,80.0,1.3439999999999999,198.344
2018-01-19 00:00:00+00:00,117.0,80.0,1.3299999999999998,198.33
2018-01-19 01:00:00+00:00,117.0,80.0,1.3048,198.3048
2018-01-19 02:00:00+00:00,117.0,80.0,1.288,198.288
2018-01-19 03:00:00+00:00,117.0,80.0,1.274,198.274
2018-01-19 04:00:00+00:00,117.0,80.0,1.2306,198.2306
2018-01-19 05:00:00+00:00,117.0,80.0,1.2011999999999998,198.2012
2018-01-19 06:00:00+00:00,117.0,80.0,1.2866,198.2866
2018-01-19 07:00:00+00:00,117.0,80.0,1.3663999999999998,198.3664
2018-01-19 08:00:00+00:00,117.0,80.0,1.3776,198.3776
2018-01-19 09:00:00+00:00,117.0,80.0,1.379,198.379
2018-01-19 10:00:00+00:00,117.0,80.0,1.3747999999999998,198.3748
2018-01-19 11:00:00+00:00,117.0,80.0,1.3607999999999998,198.3608
2018-01-19 12:00:00+00:00,117.0,80.0,1.3257999999999999,198.3258
2018-01-19 13:00:00+00:00,117.0,80.0,1.2249999999999999,198.225
2018-01-19 14:00:00+00:00,108.585594,80.0,0.9548,189.54039400000002
2018-01-19 15:00:00+00:00,90.51190199999999,80.0,0.7951999999999999,171.307102
2018-01-19 16:00:00+00:00,79.753752,80.0,0.5963999999999999,160.350152
2018-01-19 17:00:00+00:00,74.58984000000001,80.0,0.5292,155.11904
2018-01-19 18:00:00+00:00,66.987414,80.0,0.48299999999999993,147.470414
2018-01-19 19:00:00+00:00,57.807126000000004,76.79664,0.44099999999999995,135.044766
2018-01-19 20:00:00+00:00,49.774373999999995,68.656,0.3822,118.812574
2018-01-19 21:00:00+00:00,40.020318,56.98448,0.35559999999999997,97.36039799999999
2018-01-19 22:00:00+00:00,30.409703999999998,46.391839999999995,0.34019999999999995,77.14174399999999
2018-01-19 23:00:00+00:00,22.663836,39.82048,0.33459999999999995,62.81891600000001
2018-01-20 00:00:00+00:00,15.348294,30.502879999999998,0.3094,46.160574
2018-01-20 01:00:00+00:00,10.04094,19.51792,0.21839999999999998,29.777260000000002
2018-01-20 02:00:00+00:00,7.028658000000001,9.317599999999999,0.1498,16.496057999999998
2018-01-20 03:00:00+00:00,6.45489,3.04048,0.055999999999999994,9.551369999999999
2018-01-20 04:00:00+00:00,8.032752,0.58848,0.0056,8.626832
2018-01-20 05:00:00+00:00,7.6024259999999995,0.09808,0.0,7.700506
2018-01-20 06:00:00+00:00,0.43032600000000004,0.0,0.0042,0.434526
2018-01-20 07:00:00+00:00,0.0,0.0,0.0014,0.0014
2018-01-20 08:00:00+00:00,0.0,0.09808,0.0,0.09808
2018-01-20 09:00:00+00:00,0.0,0.29424,0.0,0.29424
2018-01-20 10:00:00+00:00,0.0,0.78464,0.0,0.78464
2018-01-20 11:00:00+00:00,0.0,2.2558399999999996,0.0,2.2558399999999996
2018-01-20 12:00:00+00:00,0.5737680000000001,4.904,0.0,5.477768
2018-01-20 13:00:00+00:00,2.008188,8.140640000000001,0.0,10.148828000000002
2018-01-20 14:00:00+00:00,4.30326,13.2408,0.0014,17.545460000000002
2018-01-20 15:00:00+00:00,9.323730000000001,18.73328,0.0014,28.058410000000002
2018-01-20 16:00:00+00:00,14.917967999999998,20.40064,0.0014,35.320007999999994
2018-01-20 17:00:00+00:00,25.963002,24.91232,0.0,50.875322
2018-01-20 18:00:00+00:00,57.233357999999996,40.80128,0.0056,98.040238
2018-01-20 19:00:00+00:00,94.815162,65.02704,0.105,159.94720199999998
2018-01-20 20:00:00+00:00,114.610158,77.9736,0.315,192.898758
2018-01-20 21:00:00+00:00,117.0,80.0,0.5152,197.5152
2018-01-20 22:00:00+00:00,117.0,80.0,0.7909999999999999,197.791
2018-01-20 23:00:00+00:00,117.0,80.0,0.8862,197.8862
2018-01-21 00:00:00+00:00,117.0,80.0,0.8455999999999999,197.8456
2018-01-21 01:00:00+00:00,117.0,80.0,0.8371999999999999,197.8372
2018-01-21 02:00:00+00:00,117.0,80.0,0.84,197.84
2018-01-21 03:00:00+00:00,117.0,80.0,0.8371999999999999,197.8372
2018-01-21 04:00:00+00:00,117.0,80.0,0.8623999999999999,197.8624
2018-01-21 05:00:00+00:00,117.0,80.0,0.6831999999999999,197.6832
2018-01-21 06:00:00+00:00,117.0,75.22736,0.49699999999999994,192.72436000000002
2018-01-21 07:00:00+00:00,117.0,80.0,0.7784,197.7784
2018-01-21 08:00:00+00:00,108.011826,80.0,0.7588,188.770626
2018-01-21 09:00:00+00:00,79.036542,70.6176,0.6958,150.34994199999997
2018-01-21 10:00:00+00:00,52.643214,58.55376,0.6719999999999999,111.868974
2018-01-21 11:00:00+00:00,36.864594,46.09759999999999,0.6468,83.60899399999998
2018-01-21 12:00:00+00:00,24.815466,34.13184,0.49559999999999993,59.442906
2018-01-21 13:00:00+00:00,13.913874,19.02752,0.35559999999999997,33.296994000000005
2018-01-21 14:00:00+00:00,17.069598,12.94656,0.42279999999999995,30.438957999999996
2018-01-21 15:00:00+00:00,25.102349999999998,11.37728,0.6412,37.12083
2018-01-21 16:00:00+00:00,39.44655,14.515839999999999,0.8959999999999999,54.85839
2018-01-21 17:00:00+00:00,65.98332,25.30464,1.0528,92.34076
2018-01-21 18:00:00+00:00,89.65125,38.54544,1.0206,129.21729
2018-01-21 19:00:00+00:00,102.27414599999999,49.5304,0.9897999999999999,152.794346
2018-01-21 20:00:00+00:00,102.56103,50.21696,0.9645999999999999,153.74258999999998
2018-01-21 21:00:00+00:00,92.52009,43.05712,0.9897999999999999,136.56700999999998
2018-01-21 22:00:00+00:00,66.70053,36.48576,0.9645999999999999,104.15089
2018-01-21 23:00:00+00:00,40.020318,34.13184,0.9002,75.052358
2018-01-22 00:00:00+00:00,33.278544000000004,37.46656,0.854,71.599104
2018-01-22 01:00:00+00:00,38.01213,44.23408,0.8203999999999999,83.06661
2018-01-22 02:00:00+00:00,48.05307,47.47072,0.7728,96.29659
2018-01-22 03:00:00+00:00,61.106291999999996,47.37264,0.8217999999999999,109.30073199999998
2018-01-22 04:00:00+00:00,69.139044,45.70528,0.8777999999999999,115.722124
2018-01-22 05:00:00+00:00,69.139044,40.212799999999994,0.6888,110.040644
2018-01-22 06:00:00+00:00,55.798938,34.91647999999999,0.2884,91.003818
2018-01-22 07:00:00+00:00,65.409552,54.53248000000001,0.5781999999999999,120.52023200000001
2018-01-22 08:00:00+00:00,77.31523800000001,62.28079999999999,0.6761999999999999,140.272238
2018-01-22 09:00:00+00:00,84.774222,68.36175999999999,0.777,153.91298199999997
2018-01-22 10:00:00+00:00,88.50371399999999,73.75616,0.8665999999999999,163.12647399999997
2018-01-22 11:00:00+00:00,84.774222,76.20816,0.875,161.857382
2018-01-22 12:00:00+00:00,72.58165199999999,74.44272,0.7965999999999999,147.82097199999998
2018-01-22 13:00:00+00:00,40.450644,63.2616,0.6062,104.318444
2018-01-22 14:00:00+00:00,32.417892,53.551680000000005,0.4452,86.414772
2018-01-22 15:00:00+00:00,22.663836,48.5496,0.25339999999999996,71.466836
2018-01-22 16:00:00+00:00,11.475359999999998,38.251200000000004,0.1316,49.858160000000005
2018-01-22 17:00:00+00:00,10.04094,28.541279999999997,0.10359999999999998,38.68582
2018-01-22 18:00:00+00:00,16.208946,26.775840000000002,0.154,43.138786
2018-01-22 19:00:00+00:00,29.262168,30.8952,0.2296,60.386967999999996
2018-01-22 20:00:00+00:00,47.33586,37.56464,0.3024,85.2029
2018-01-22 21:00:00+00:00,61.249734,45.116800000000005,0.48439999999999994,106.850934
2018-01-22 22:00:00+00:00,74.016072,51.19776,0.7644,125.97823199999999
2018-01-22 23:00:00+00:00,81.47505599999998,54.238240000000005,0.8722,136.58549599999998
2018-01-23 00:00:00+00:00,94.384836,59.92687999999999,0.8792,155.190916
2018-01-23 01:00:00+00:00,97.110234,64.83088000000001,0.8735999999999999,162.81471400000004
2018-01-23 02:00:00+00:00,96.536466,65.90976,0.77,163.21622600000003
2018-01-23 03:00:00+00:00,92.23320600000001,64.83088000000001,0.77,157.83408600000004
2018-01-23 04:00:00+00:00,86.925852,64.53664,0.8722,152.334692
2018-01-23 05:00:00+00:00,71.721,53.551680000000005,0.7322,126.00488000000001
2018-01-23 06:00:00+00:00,59.52843,64.53664,0.6524,124.71747
2018-01-23 07:00:00+00:00,63.544806,76.40432,1.0976,141.046726
2018-01-23 08:00:00+00:00,83.33980199999999,79.34671999999999,1.2138,163.90032199999996
2018-01-23 09:00:00+00:00,98.831538,80.0,1.218,180.04953799999998
2018-01-23 10:00:00+00:00,103.99545,80.0,1.2011999999999998,185.19665
2018-01-23 11:00:00+00:00,104.56921799999999,80.0,1.1438,185.71301799999998
2018-01-23 12:00:00+00:00,100.265958,80.0,1.0682,181.334158
2018-01-23 13:00:00+00:00,82.048824,78.36592,0.875,161.28974399999998
2018-01-23 14:00:00+00:00,52.786655999999994,65.02704,0.6706,118.48429599999999
2018-01-23 15:00:00+00:00,27.25398,52.865120000000005,0.6145999999999999,80.7337
2018-01-23 16:00:00+00:00,11.331918,40.80128,0.5502,52.683398
2018-01-23 17:00:00+00:00,3.4426080000000003,27.07008,0.4592,30.971888
2018-01-23 18:00:00+00:00,1.290978,15.39856,0.3444,17.033938
2018-01-23 19:00:00+00:00,2.581956,9.317599999999999,0.2772,12.176756
2018-01-23 20:00:00+00:00,6.7417739999999995,7.356,0.22399999999999998,14.321774
2018-01-23 21:00:00+00:00,11.905686,7.2579199999999995,0.2198,19.383405999999997
2018-01-23 22:00:00+00:00,14.917967999999998,7.7483200000000005,0.21839999999999998,22.884687999999997
2018-01-23 23:00:00+00:00,16.065504,8.04256,0.19879999999999998,24.306863999999997
2018-01-24 00:00:00+00:00,15.204851999999999,7.45408,0.1946,22.853532
2018-01-24 01:00:00+00:00,13.483547999999999,6.3752,0.1904,20.049148
2018-01-24 02:00:00+00:00,12.622895999999999,4.904,0.17359999999999998,17.700496
2018-01-24 03:00:00+00:00,11.475359999999998,2.7462400000000002,0.17079999999999998,14.392399999999999
2018-01-24 04:00:00+00:00,10.327824,1.3731200000000001,0.1834,11.884344
2018-01-24 05:00:00+00:00,8.893403999999999,0.88272,0.1372,9.913324
2018-01-24 06:00:00+00:00,3.1557239999999998,0.29424,0.10079999999999999,3.5507639999999996
2018-01-24 07:00:00+00:00,1.8647459999999998,0.78464,0.10779999999999999,2.757186
2018-01-24 08:00:00+00:00,2.8688399999999996,2.6481600000000003,0.1064,5.623399999999999
2018-01-24 09:00:00+00:00,5.4507959999999995,5.10016,0.105,10.655956
2018-01-24 10:00:00+00:00,8.319636000000001,7.2579199999999995,0.11199999999999999,15.689556000000001
2018-01-24 11:00:00+00:00,10.901591999999999,9.317599999999999,0.1162,20.335392
2018-01-24 12:00:00+00:00,11.762244,11.37728,0.1064,23.245924000000002
2018-01-24 13:00:00+00:00,10.471265999999998,12.16192,0.0658,22.698985999999998
2018-01-24 14:00:00+00:00,7.315542,12.84848,0.043399999999999994,20.207421999999998
2018-01-24 15:00:00+00:00,2.438514,12.94656,0.0294,15.414474
2018-01-24 16:00:00+00:00,0.5737680000000001,7.8464,0.0224,8.442568
2018-01-24 17:00:00+00:00,0.14344200000000001,3.6289599999999997,0.0266,3.7990019999999998
2018-01-24 18:00:00+00:00,0.14344200000000001,1.56928,0.027999999999999997,1.740722
2018-01-24 19:00:00+00:00,0.14344200000000001,0.78464,0.030799999999999998,0.9588820000000001
2018-01-24 20:00:00+00:00,0.28688400000000003,0.4904,0.05039999999999999,0.8276840000000001
2018-01-24 21:00:00+00:00,0.43032600000000004,0.39232,0.08539999999999999,0.908046
2018-01-24 22:00:00+00:00,0.5737680000000001,0.39232,0.119,1.085088
2018-01-24 23:00:00+00:00,0.5737680000000001,0.4904,0.1344,1.198568
2018-01-25 00:00:00+00:00,0.7172099999999999,0.4904,0.12459999999999999,1.33221
2018-01-25 01:00:00+00:00,1.004094,0.39232,0.11059999999999999,1.507014
2018-01-25 02:00:00+00:00,1.4344199999999998,0.39232,0.0756,1.9023399999999997
2018-01-25 03:00:00+00:00,2.581956,0.58848,0.0756,3.246036
2018-01-25 04:00:00+00:00,4.446701999999999,1.27504,0.10219999999999999,5.823941999999999
2018-01-25 05:00:00+00:00,6.168005999999999,2.35392,0.08679999999999999,8.608725999999999
2018-01-25 06:00:00+00:00,7.458983999999999,4.904,0.0644,12.427383999999998
2018-01-25 07:00:00+00:00,18.360576000000002,16.77168,0.17359999999999998,35.305856
2018-01-25 08:00:00+00:00,40.307202000000004,36.68192,0.3724,77.36152200000001
2018-01-25 09:00:00+00:00,68.278392,58.063359999999996,0.644,126.98575199999999
2018-01-25 10:00:00+00:00,90.081576,73.75616,0.7868,164.624536
2018-01-25 11:00:00+00:00,96.249582,80.0,0.7504,176.99998200000002
2018-01-25 12:00:00+00:00,94.52827800000001,80.0,0.7083999999999999,175.236678
2018-01-25 13:00:00+00:00,86.63896799999999,80.0,0.5698,167.20876799999996
2018-01-25 14:00:00+00:00,66.270204,72.18687999999999,0.5502,139.007284
2018-01-25 15:00:00+00:00,61.106291999999996,63.65392,0.588,125.34821199999999
2018-01-25 16:00:00+00:00,62.540712,61.88848,0.6005999999999999,125.029792
2018-01-25 17:00:00+00:00,64.262016,62.47696,0.6789999999999999,127.41797600000001
2018-01-25 18:00:00+00:00,60.819407999999996,60.8096,0.8623999999999999,122.49140799999999
2018-01-25 19:00:00+00:00,56.085822,55.21903999999999,0.8792,112.18406199999998
2018-01-25 20:00:00+00:00,61.680060000000005,61.59424,0.8063999999999999,124.08070000000001
2018-01-25 21:00:00+00:00,59.38498799999999,59.63264,0.77,119.787628
2018-01-25 22:00:00+00:00,59.241546,63.65392,0.7574,123.652866
2018-01-25 23:00:00+00:00,59.958755999999994,56.29791999999999,0.7223999999999999,116.97907599999998
2018-01-26 00:00:00+00:00,73.585746,60.41728,0.7041999999999999,134.707226
2018-01-26 01:00:00+00:00,75.880818,54.53248000000001,0.7028,131.116098
2018-01-26 02:00:00+00:00,85.20454799999999,49.138079999999995,0.7881999999999999,135.13082799999998
2018-01-26 03:00:00+00:00,92.23320600000001,49.33424,0.8315999999999999,142.39904600000003
2018-01-26 04:00:00+00:00,94.241394,48.74576,0.7979999999999999,143.785154
2018-01-26 05:00:00+00:00,94.52827800000001,57.47487999999999,0.7868,152.789958
2018-01-26 06:00:00+00:00,115.61425200000001,72.87344,0.9212,189.408892
2018-01-26 07:00:00+00:00,117.0,77.18896,1.0836,195.27256
2018-01-26 08:00:00+00:00,117.0,79.64096,1.1326,197.77356
2018-01-26 09:00:00+00:00,117.0,80.0,1.1507999999999998,198.1508
2018-01-26 10:00:00+00:00,117.0,80.0,1.1046,198.1046
2018-01-26 11:00:00+00:00,117.0,80.0,1.0346,198.0346
2018-01-26 12:00:00+00:00,117.0,80.0,0.9366,197.9366
2018-01-26 13:00:00+00:00,98.831538,80.0,0.8413999999999999,179.672938
2018-01-26 14:00:00+00:00,70.573464,74.73696,0.7083999999999999,146.01882400000002
2018-01-26 15:00:00+00:00,65.696436,61.59424,0.5963999999999999,127.88707600000001
2018-01-26 16:00:00+00:00,76.884912,60.8096,0.511,138.205512
2018-01-26 17:00:00+00:00,82.048824,64.53664,0.41019999999999995,146.995664
2018-01-26 18:00:00+00:00,85.634874,70.91184,0.34299999999999997,156.889714
2018-01-26 19:00:00+00:00,75.880818,71.99072,0.3262,148.197738
2018-01-26 20:00:00+00:00,88.647156,73.16768,0.41859999999999997,162.233436
2018-01-26 21:00:00+00:00,102.27414599999999,75.81584000000001,0.3262,178.416186
2018-01-26 22:00:00+00:00,111.597876,80.0,0.19879999999999998,191.796676
2018-01-26 23:00:00+00:00,109.01592,80.0,0.0924,189.10832
2018-01-27 00:00:00+00:00,82.766034,78.75824000000001,0.0266,161.55087400000002
2018-01-27 01:00:00+00:00,61.536618,72.28496,0.0098,133.831378
2018-01-27 02:00:00+00:00,45.614556,64.04624,0.0084,109.669196
2018-01-27 03:00:00+00:00,35.573615999999994,57.572959999999995,0.0112,93.15777599999998
2018-01-27 04:00:00+00:00,29.262168,49.5304,0.0238,78.816368
2018-01-27 05:00:00+00:00,22.520394,36.68192,0.018199999999999997,59.220514
2018-01-27 06:00:00+00:00,17.93025,32.66064,0.0098,50.60069
2018-01-27 07:00:00+00:00,19.938438,36.87808,0.018199999999999997,56.834718
2018-01-27 08:00:00+00:00,22.520394,37.95696,0.0378,60.515154
2018-01-27 09:00:00+00:00,22.807278,39.232,0.07139999999999999,62.11067799999999
2018-01-27 10:00:00+00:00,23.237604,39.62432,0.119,62.980924
2018-01-27 11:00:00+00:00,22.376952,39.91855999999999,0.1792,62.47471199999999
2018-01-27 12:00:00+00:00,22.520394,41.78208,0.2268,64.529274
2018-01-27 13:00:00+00:00,18.504018,40.507039999999996,0.20579999999999998,59.21685799999999
2018-01-27 14:00:00+00:00,14.917967999999998,33.54336,0.17079999999999998,48.632127999999994
2018-01-27 15:00:00+00:00,13.340106,27.952799999999996,0.16519999999999999,41.458105999999994
2018-01-27 16:00:00+00:00,11.188476,23.63728,0.1134,34.939156
2018-01-27 17:00:00+00:00,6.45489,18.92944,0.055999999999999994,25.44033
2018-01-27 18:00:00+00:00,2.2950720000000002,14.515839999999999,0.020999999999999998,16.831912
2018-01-27 19:00:00+00:00,0.5737680000000001,10.10224,0.006999999999999999,10.683008
2018-01-27 20:00:00+00:00,0.28688400000000003,7.356,0.0042,7.6470839999999995
2018-01-27 21:00:00+00:00,0.28688400000000003,7.55216,0.0056,7.844644
2018-01-27 22:00:00+00:00,0.28688400000000003,10.69072,0.006999999999999999,10.984604000000001
2018-01-27 23:00:00+00:00,0.14344200000000001,12.7504,0.013999999999999999,12.907842
2018-01-28 00:00:00+00:00,0.14344200000000001,12.16192,0.025199999999999997,12.330562
2018-01-28 01:00:00+00:00,0.14344200000000001,10.592640000000001,0.036399999999999995,10.772482000000002
2018-01-28 02:00:00+00:00,0.14344200000000001,8.8272,0.041999999999999996,9.012642
2018-01-28 03:00:00+00:00,0.0,6.865600000000001,0.0462,6.9118
2018-01-28 04:00:00+00:00,0.14344200000000001,5.884799999999999,0.054599999999999996,6.082841999999999
2018-01-28 05:00:00+00:00,0.14344200000000001,6.08096,0.027999999999999997,6.252402
2018-01-28 06:00:00+00:00,0.5737680000000001,6.57136,0.0056,7.150728000000001
2018-01-28 07:00:00+00:00,0.7172099999999999,5.78672,0.0,6.5039299999999995
2018-01-28 08:00:00+00:00,1.004094,3.9232,0.0028,4.9300939999999995
2018-01-28 09:00:00+00:00,2.2950720000000002,2.55008,0.0084,4.8535520000000005
2018-01-28 10:00:00+00:00,6.45489,3.3347200000000004,0.0266,9.81621
2018-01-28 11:00:00+00:00,11.618802,7.06176,0.077,18.757562000000004
2018-01-28 12:00:00+00:00,12.622895999999999,12.063839999999999,0.12739999999999999,24.814135999999998
2018-01-28 13:00:00+00:00,8.893403999999999,15.6928,0.1596,24.745804
2018-01-28 14:00:00+00:00,3.58605,17.6544,0.20579999999999998,21.44625
2018-01-28 15:00:00+00:00,1.290978,16.77168,0.24919999999999998,18.311857999999997
2018-01-28 16:00:00+00:00,1.004094,13.338880000000001,0.1904,14.533374000000002
2018-01-28 17:00:00+00:00,1.004094,9.808,0.10359999999999998,10.915694
2018-01-28 18:00:00+00:00,0.8606520000000001,6.669440000000001,0.0406,7.570692000000001
2018-01-28 19:00:00+00:00,0.28688400000000003,4.511679999999999,0.0098,4.808363999999999
2018-01-28 20:00:00+00:00,0.14344200000000001,2.9423999999999997,0.0014,3.0872419999999994
2018-01-28 21:00:00+00:00,0.0,1.6673600000000002,0.0014,1.6687600000000002
2018-01-28 22:00:00+00:00,0.0,0.9808,0.0084,0.9892
2018-01-28 23:00:00+00:00,0.0,0.78464,0.025199999999999997,0.80984
2018-01-29 00:00:00+00:00,0.0,0.6865600000000001,0.0532,0.7397600000000001
2018-01-29 01:00:00+00:00,0.14344200000000001,0.78464,0.0812,1.009282
2018-01-29 02:00:00+00:00,0.28688400000000003,0.78464,0.1176,1.189124
2018-01-29 03:00:00+00:00,0.28688400000000003,0.78464,0.13999999999999999,1.211524
2018-01-29 04:00:00+00:00,0.28688400000000003,0.58848,0.12459999999999999,0.9999640000000001
2018-01-29 05:00:00+00:00,0.14344200000000001,0.19616,0.027999999999999997,0.367602
2018-01-29 06:00:00+00:00,0.0,0.0,0.0028,0.0028
2018-01-29 07:00:00+00:00,0.28688400000000003,0.09808,0.0,0.38496400000000003
2018-01-29 08:00:00+00:00,1.5778619999999999,0.4904,0.015399999999999999,2.083662
2018-01-29 09:00:00+00:00,2.15163,1.4711999999999998,0.025199999999999997,3.6480299999999994
2018-01-29 10:00:00+00:00,1.8647459999999998,2.35392,0.030799999999999998,4.249466
2018-01-29 11:00:00+00:00,1.8647459999999998,3.23664,0.0476,5.148986
2018-01-29 12:00:00+00:00,2.438514,4.4136,0.0644,6.916514
2018-01-29 13:00:00+00:00,2.438514,6.57136,0.0658,9.075674
2018-01-29 14:00:00+00:00,1.5778619999999999,11.475360000000002,0.0644,13.117622
2018-01-29 15:00:00+00:00,0.5737680000000001,16.57552,0.06019999999999999,17.209488
2018-01-29 16:00:00+00:00,0.14344200000000001,13.927359999999998,0.06019999999999999,14.131001999999999
2018-01-29 17:00:00+00:00,0.0,8.631039999999999,0.0644,8.695439999999998
2018-01-29 18:00:00+00:00,0.0,5.78672,0.030799999999999998,5.81752
2018-01-29 19:00:00+00:00,0.0,5.296320000000001,0.0042,5.300520000000001
2018-01-29 20:00:00+00:00,0.14344200000000001,5.19824,0.0014,5.343082000000001
2018-01-29 21:00:00+00:00,0.28688400000000003,5.00208,0.0,5.288964
2018-01-29 22:00:00+00:00,0.28688400000000003,3.82512,0.0,4.112004
2018-01-29 23:00:00+00:00,0.14344200000000001,2.7462400000000002,0.0028,2.892482
2018-01-30 00:00:00+00:00,0.14344200000000001,2.55008,0.0084,2.7019219999999997
2018-01-30 01:00:00+00:00,0.14344200000000001,2.452,0.0224,2.617842
2018-01-30 02:00:00+00:00,0.43032600000000004,2.2558399999999996,0.0378,2.7239659999999994
2018-01-30 03:00:00+00:00,0.7172099999999999,2.452,0.0574,3.2266099999999995
2018-01-30 04:00:00+00:00,0.8606520000000001,2.7462400000000002,0.08259999999999999,3.689492
2018-01-30 05:00:00+00:00,0.7172099999999999,2.55008,0.027999999999999997,3.29529
2018-01-30 06:00:00+00:00,0.0,2.452,0.0084,2.4604
2018-01-30 07:00:00+00:00,0.0,1.6673600000000002,0.0042,1.6715600000000002
2018-01-30 08:00:00+00:00,0.0,1.27504,0.0084,1.28344
2018-01-30 09:00:00+00:00,0.0,0.6865600000000001,0.013999999999999999,0.7005600000000001
2018-01-30 10:00:00+00:00,0.0,0.09808,0.0224,0.12048
2018-01-30 11:00:00+00:00,0.43032600000000004,0.0,0.034999999999999996,0.465326
2018-01-30 12:00:00+00:00,1.004094,0.09808,0.0476,1.149774
2018-01-30 13:00:00+00:00,1.1475360000000001,0.19616,0.0644,1.408096
2018-01-30 14:00:00+00:00,1.004094,0.6865600000000001,0.13299999999999998,1.823654
2018-01-30 15:00:00+00:00,0.43032600000000004,1.76544,0.2198,2.415566
2018-01-30 16:00:00+00:00,0.28688400000000003,3.4328000000000003,0.21419999999999997,3.9338840000000004
2018-01-30 17:00:00+00:00,0.14344200000000001,5.19824,0.14279999999999998,5.484482000000001
2018-01-30 18:00:00+00:00,0.28688400000000003,6.963679999999999,0.06999999999999999,7.320563999999999
2018-01-30 19:00:00+00:00,1.004094,8.434879999999998,0.0378,9.476773999999999
2018-01-30 20:00:00+00:00,1.7213040000000002,8.8272,0.041999999999999996,10.590504
2018-01-30 21:00:00+00:00,1.5778619999999999,7.8464,0.0756,9.499862
2018-01-30 22:00:00+00:00,1.7213040000000002,7.06176,0.1148,8.897864
2018-01-30 23:00:00+00:00,2.7253979999999998,7.7483200000000005,0.1372,10.610918
2018-01-31 00:00:00+00:00,4.446701999999999,9.611839999999999,0.1386,14.197142
2018-01-31 01:00:00+00:00,8.032752,12.35808,0.1386,20.529432
2018-01-31 02:00:00+00:00,13.913874,16.57552,0.1372,30.626594
2018-01-31 03:00:00+00:00,21.229415999999997,20.40064,0.1344,41.764455999999996
2018-01-31 04:00:00+00:00,27.97119,21.87184,0.1764,50.01943
2018-01-31 05:00:00+00:00,25.81956,15.00624,0.1498,40.9756
2018-01-31 06:00:00+00:00,8.032752,7.06176,0.015399999999999999,15.109912
2018-01-31 07:00:00+00:00,0.7172099999999999,6.669440000000001,0.0014,7.388050000000001
2018-01-31 08:00:00+00:00,0.0,3.04048,0.0,3.04048
2018-01-31 09:00:00+00:00,0.0,0.88272,0.0,0.88272
2018-01-31 10:00:00+00:00,0.0,0.09808,0.0,0.09808
2018-01-31 11:00:00+00:00,0.7172099999999999,0.0,0.0014,0.7186099999999999
2018-01-31 12:00:00+00:00,2.2950720000000002,0.0,0.0028,2.2978720000000004
2018-01-31 13:00:00+00:00,4.1598180000000005,0.0,0.018199999999999997,4.178018000000001
2018-01-31 14:00:00+00:00,6.7417739999999995,0.39232,0.13019999999999998,7.264294
2018-01-31 15:00:00+00:00,6.024564000000001,1.9616,0.2646,8.250764
2018-01-31 16:00:00+00:00,4.1598180000000005,4.02128,0.2506,8.431698
2018-01-31 17:00:00+00:00,2.7253979999999998,5.98288,0.1904,8.898678
2018-01-31 18:00:00+00:00,2.8688399999999996,7.7483200000000005,0.18059999999999998,10.79776
2018-01-31 19:00:00+00:00,4.016376,8.925279999999999,0.2198,13.161455999999998
2018-01-31 20:00:00+00:00,4.877028,8.53296,0.3262,13.736187999999999
2018-01-31 21:00:00+00:00,6.024564000000001,8.23872,0.392,14.655284000000002
2018-01-31 22:00:00+00:00,7.6024259999999995,8.8272,0.3864,16.816025999999997
2018-01-31 23:00:00+00:00,10.04094,9.70992,0.40319999999999995,20.15406
2018-02-01 00:00:00+00:00,12.19257,10.2984,0.41019999999999995,22.90117
2018-02-01 01:00:00+00:00,13.770432000000001,11.181120000000002,0.41439999999999994,25.365952000000004
2018-02-01 02:00:00+00:00,16.49583,12.7504,0.4396,29.685830000000003
2018-02-01 03:00:00+00:00,19.221228,13.338880000000001,0.48299999999999993,33.043108
2018-02-01 04:00:00+00:00,22.233510000000003,14.02544,0.5025999999999999,36.76155
2018-02-01 05:00:00+00:00,22.376952,12.45616,0.2758,35.108912
2018-02-01 06:00:00+00:00,12.479453999999999,5.98288,0.10359999999999998,18.565934
2018-02-01 07:00:00+00:00,3.4426080000000003,4.511679999999999,0.05179999999999999,8.006088
2018-02-01 08:00:00+00:00,0.7172099999999999,3.6289599999999997,0.018199999999999997,4.36437
2018-02-01 09:00:00+00:00,0.0,2.35392,0.0084,2.36232
2018-02-01 10:00:00+00:00,0.0,1.27504,0.0056,1.28064
2018-02-01 11:00:00+00:00,0.0,0.4904,0.0028,0.4932
2018-02-01 12:00:00+00:00,0.0,0.19616,0.0014,0.19756
2018-02-01 13:00:00+00:00,0.0,0.09808,0.0014,0.09948
2018-02-01 14:00:00+00:00,1.004094,0.6865600000000001,0.0056,1.6962540000000002
2018-02-01 15:00:00+00:00,1.7213040000000002,4.511679999999999,0.0448,6.277784
2018-02-01 16:00:00+00:00,2.8688399999999996,12.7504,0.13019999999999998,15.749440000000002
2018-02-01 17:00:00+00:00,14.917967999999998,26.4816,0.30379999999999996,41.703368000000005
2018-02-01 18:00:00+00:00,51.35223599999999,45.116800000000005,0.4578,96.926836
2018-02-01 19:00:00+00:00,92.950416,59.24032,0.5642,152.75493600000001
2018-02-01 20:00:00+00:00,114.32327400000001,66.49824,0.6482,181.469714
2018-02-01 21:00:00+00:00,117.0,70.91184,0.707,188.61883999999998
2018-02-01 22:00:00+00:00,117.0,74.14848,0.7336,191.88208
2018-02-01 23:00:00+00:00,117.0,73.95232,0.728,191.68032
2018-02-02 00:00:00+00:00,117.0,71.00992,0.7392,188.74912
2018-02-02 01:00:00+00:00,117.0,66.6944,0.854,184.54840000000002
2018-02-02 02:00:00+00:00,117.0,63.2616,0.938,181.19959999999998
2018-02-02 03:00:00+00:00,117.0,58.848,0.8959999999999999,176.744
2018-02-02 04:00:00+00:00,117.0,54.238240000000005,0.8652,172.10344
2018-02-02 05:00:00+00:00,110.306898,40.89936,0.5376,151.743858
2018-02-02 06:00:00+00:00,68.708718,19.51792,0.24639999999999998,88.473038
2018-02-02 07:00:00+00:00,34.139196,13.53504,0.1848,47.859036
2018-02-02 08:00:00+00:00,11.045034,11.57344,0.0756,22.694074
2018-02-02 09:00:00+00:00,1.4344199999999998,7.06176,0.013999999999999999,8.510179999999998
2018-02-02 10:00:00+00:00,0.0,2.05968,0.0098,2.06948
2018-02-02 11:00:00+00:00,0.0,0.39232,0.0098,0.40212
2018-02-02 12:00:00+00:00,0.14344200000000001,0.19616,0.0196,0.359202
2018-02-02 13:00:00+00:00,0.14344200000000001,0.29424,0.030799999999999998,0.468482
2018-02-02 14:00:00+00:00,0.0,1.4711999999999998,0.020999999999999998,1.4921999999999997
2018-02-02 15:00:00+00:00,0.43032600000000004,7.15984,0.013999999999999999,7.604166
2018-02-02 16:00:00+00:00,4.733586,17.06592,0.0196,21.819105999999998
2018-02-02 17:00:00+00:00,16.49583,25.10848,0.10219999999999999,41.70651
2018-02-02 18:00:00+00:00,41.45473799999999,40.507039999999996,0.2198,82.18157799999999
2018-02-02 19:00:00+00:00,69.712812,55.513279999999995,0.4606,125.686692
2018-02-02 20:00:00+00:00,102.991356,59.73072,0.6943999999999999,163.416476
2018-02-02 21:00:00+00:00,117.0,68.656,0.6482,186.3042
2018-02-02 22:00:00+00:00,116.61834599999999,66.00784,0.5236,183.14978599999998
2018-02-02 23:00:00+00:00,97.110234,53.15936,0.378,150.647594
2018-02-03 00:00:00+00:00,73.298862,40.80128,0.46199999999999997,114.56214200000001
2018-02-03 01:00:00+00:00,64.5489,33.837599999999995,0.5544,98.9409
2018-02-03 02:00:00+00:00,50.92191,33.54336,0.42279999999999995,84.88807
2018-02-03 03:00:00+00:00,39.016224,30.79712,0.41579999999999995,70.229144
2018-02-03 04:00:00+00:00,42.602273999999994,33.445280000000004,0.4578,76.505354
2018-02-03 05:00:00+00:00,49.057164,34.91647999999999,0.469,84.44264399999999
2018-02-03 06:00:00+00:00,40.16376,25.30464,0.1414,65.6098
2018-02-03 07:00:00+00:00,18.217133999999998,15.6928,0.030799999999999998,33.940734
2018-02-03 08:00:00+00:00,4.016376,7.06176,0.0378,11.115936000000001
2018-02-03 09:00:00+00:00,3.0122820000000003,4.217439999999999,0.0448,7.274521999999999
2018-02-03 10:00:00+00:00,2.008188,4.217439999999999,0.0532,6.278827999999999
2018-02-03 11:00:00+00:00,1.004094,2.35392,0.05179999999999999,3.409814
2018-02-03 12:00:00+00:00,0.0,0.78464,0.0238,0.80844
2018-02-03 13:00:00+00:00,0.14344200000000001,0.39232,0.020999999999999998,0.5567620000000001
2018-02-03 14:00:00+00:00,0.7172099999999999,0.09808,0.10359999999999998,0.9188899999999999
2018-02-03 15:00:00+00:00,0.43032600000000004,0.0,0.161,0.591326
2018-02-03 16:00:00+00:00,0.43032600000000004,0.09808,0.0672,0.5956060000000001
2018-02-03 17:00:00+00:00,2.8688399999999996,0.39232,0.0098,3.270959999999999
2018-02-03 18:00:00+00:00,11.331918,2.35392,0.0042,13.690038000000001
2018-02-03 19:00:00+00:00,25.676117999999995,9.12144,0.018199999999999997,34.815757999999995
2018-02-03 20:00:00+00:00,42.458831999999994,19.41984,0.0392,61.917871999999996
2018-02-03 21:00:00+00:00,55.512054000000006,28.148959999999995,0.0336,83.694614
2018-02-03 22:00:00+00:00,54.364518000000004,35.99536,0.055999999999999994,90.415878
2018-02-03 23:00:00+00:00,47.766186000000005,36.093439999999994,0.0644,83.924026
2018-02-04 00:00:00+00:00,43.319483999999996,34.13184,0.08679999999999999,77.538124
2018-02-04 01:00:00+00:00,52.35633,32.07216,0.07279999999999999,84.50129
2018-02-04 02:00:00+00:00,52.06944599999999,34.524159999999995,0.10359999999999998,86.697206
2018-02-04 03:00:00+00:00,51.926004,39.03584,0.13299999999999998,91.094844
2018-02-04 04:00:00+00:00,46.044882,43.35136,0.161,89.557242
2018-02-04 05:00:00+00:00,35.430174,39.82048,0.21419999999999997,75.464854
2018-02-04 06:00:00+00:00,20.79909,21.0872,0.1834,42.06969
2018-02-04 07:00:00+00:00,9.754056,11.57344,0.0574,21.384896
2018-02-04 08:00:00+00:00,7.028658000000001,10.7888,0.012599999999999998,17.830058
2018-02-04 09:00:00+00:00,7.745868,11.181120000000002,0.0042,18.931188000000002
2018-02-04 10:00:00+00:00,6.598331999999999,10.39648,0.013999999999999999,17.008812
2018-02-04 11:00:00+00:00,4.877028,8.3368,0.025199999999999997,13.239028
2018-02-04 12:00:00+00:00,2.7253979999999998,6.47328,0.0336,9.232277999999999
2018-02-04 13:00:00+00:00,0.43032600000000004,3.9232,0.0336,4.387126
2018-02-04 14:00:00+00:00,0.0,1.86352,0.0406,1.90412
2018-02-04 15:00:00+00:00,0.0,0.29424,0.05179999999999999,0.34604
2018-02-04 16:00:00+00:00,0.14344200000000001,0.19616,0.013999999999999999,0.353602
2018-02-04 17:00:00+00:00,0.8606520000000001,0.29424,0.0,1.154892
2018-02-04 18:00:00+00:00,4.5901440000000004,0.58848,0.0098,5.188424
2018-02-04 19:00:00+00:00,12.19257,1.4711999999999998,0.12039999999999998,13.78417
2018-02-04 20:00:00+00:00,22.520394,3.4328000000000003,0.29679999999999995,26.249994
2018-02-04 21:00:00+00:00,29.118726000000002,5.10016,0.371,34.58988600000001
2018-02-04 22:00:00+00:00,29.262168,5.68864,0.3388,35.289608
2018-02-04 23:00:00+00:00,25.532676,8.23872,0.28559999999999997,34.056996
2018-02-05 00:00:00+00:00,19.36467,11.279200000000001,0.2324,30.876269999999998
2018-02-05 01:00:00+00:00,11.762244,15.98704,0.1568,27.906084000000003
2018-02-05 02:00:00+00:00,3.58605,14.02544,0.10779999999999999,17.71929
2018-02-05 03:00:00+00:00,1.290978,9.808,0.1344,11.233377999999998
2018-02-05 04:00:00+00:00,1.1475360000000001,7.55216,0.1344,8.834095999999999
2018-02-05 05:00:00+00:00,0.8606520000000001,4.8059199999999995,0.1624,5.828971999999999
2018-02-05 06:00:00+00:00,0.7172099999999999,1.3731200000000001,0.21,2.3003299999999998
2018-02-05 07:00:00+00:00,0.28688400000000003,0.4904,0.0882,0.8654840000000001
2018-02-05 08:00:00+00:00,0.28688400000000003,2.1577599999999997,0.020999999999999998,2.4656439999999997
2018-02-05 09:00:00+00:00,0.7172099999999999,5.78672,0.013999999999999999,6.51793
2018-02-05 10:00:00+00:00,1.7213040000000002,7.45408,0.0238,9.199184
2018-02-05 11:00:00+00:00,4.5901440000000004,10.10224,0.054599999999999996,14.746984000000001
2018-02-05 12:00:00+00:00,5.307353999999999,10.2984,0.0812,15.686954000000002
2018-02-05 13:00:00+00:00,4.1598180000000005,10.39648,0.1162,14.672498000000001
2018-02-05 14:00:00+00:00,1.1475360000000001,9.808,0.06019999999999999,11.015736
2018-02-05 15:00:00+00:00,0.0,6.669440000000001,0.006999999999999999,6.67644
2018-02-05 16:00:00+00:00,0.14344200000000001,2.35392,0.0028,2.500162
2018-02-05 17:00:00+00:00,1.7213040000000002,1.27504,0.0084,3.004744
2018-02-05 18:00:00+00:00,7.1721,0.78464,0.05179999999999999,8.00854
2018-02-05 19:00:00+00:00,12.049128000000001,0.58848,0.0378,12.675408000000003
2018-02-05 20:00:00+00:00,6.885216000000001,0.39232,0.0168,7.294336
2018-02-05 21:00:00+00:00,5.594238,0.4904,0.020999999999999998,6.105638
2018-02-05 22:00:00+00:00,7.745868,0.78464,0.041999999999999996,8.572508
2018-02-05 23:00:00+00:00,4.30326,0.9808,0.041999999999999996,5.32606
2018-02-06 00:00:00+00:00,2.008188,0.4904,0.0686,2.5671880000000002
2018-02-06 01:00:00+00:00,1.8647459999999998,0.29424,0.091,2.249986
2018-02-06 02:00:00+00:00,1.5778619999999999,0.19616,0.0896,1.863622
2018-02-06 03:00:00+00:00,2.2950720000000002,0.58848,0.0756,2.9591520000000004
2018-02-06 04:00:00+00:00,0.7172099999999999,2.6481600000000003,0.10079999999999999,3.4661700000000004
2018-02-06 05:00:00+00:00,0.5737680000000001,0.4904,0.1582,1.222368
2018-02-06 06:00:00+00:00,0.8606520000000001,0.09808,0.119,1.0777320000000001
2018-02-06 07:00:00+00:00,0.14344200000000001,0.0,0.0084,0.151842
2018-02-06 08:00:00+00:00,0.0,0.0,0.0014,0.0014
2018-02-06 09:00:00+00:00,0.5737680000000001,0.0,0.0028,0.5765680000000001
2018-02-06 10:00:00+00:00,2.581956,0.09808,0.015399999999999999,2.695436
2018-02-06 11:00:00+00:00,1.7213040000000002,2.1577599999999997,0.027999999999999997,3.9070639999999996
2018-02-06 12:00:00+00:00,0.28688400000000003,3.13856,0.0406,3.466044
2018-02-06 13:00:00+00:00,0.0,3.9232,0.0672,3.9904
2018-02-06 14:00:00+00:00,0.0,4.315519999999999,0.0966,4.412119999999999
2018-02-06 15:00:00+00:00,0.0,3.13856,0.08679999999999999,3.2253600000000002
2018-02-06 16:00:00+00:00,0.0,2.35392,0.0476,2.40152
2018-02-06 17:00:00+00:00,0.0,2.1577599999999997,0.012599999999999998,2.1703599999999996
2018-02-06 18:00:00+00:00,0.0,1.76544,0.0014,1.76684
2018-02-06 19:00:00+00:00,0.0,0.9808,0.0,0.9808
2018-02-06 20:00:00+00:00,0.0,0.58848,0.0,0.58848
2018-02-06 21:00:00+00:00,0.0,0.4904,0.0,0.4904
2018-02-06 22:00:00+00:00,0.0,0.88272,0.0014,0.8841199999999999
2018-02-06 23:00:00+00:00,0.0,1.0788799999999998,0.0014,1.08028
2018-02-07 00:00:00+00:00,0.0,1.0788799999999998,0.0056,1.0844799999999999
2018-02-07 01:00:00+00:00,0.0,1.0788799999999998,0.013999999999999999,1.0928799999999999
2018-02-07 02:00:00+00:00,0.14344200000000001,1.27504,0.020999999999999998,1.439482
2018-02-07 03:00:00+00:00,0.5737680000000001,2.7462400000000002,0.0294,3.3494080000000004
2018-02-07 04:00:00+00:00,2.2950720000000002,4.70784,0.061599999999999995,7.064512000000001
2018-02-07 05:00:00+00:00,4.446701999999999,7.06176,0.1134,11.621861999999998
2018-02-07 06:00:00+00:00,5.163912,6.669440000000001,0.0476,11.880952
2018-02-07 07:00:00+00:00,3.872934,4.217439999999999,0.013999999999999999,8.104373999999998
2018-02-07 08:00:00+00:00,5.4507959999999995,10.10224,0.013999999999999999,15.567035999999998
2018-02-07 09:00:00+00:00,8.463078,9.90608,0.0322,18.401358
2018-02-07 10:00:00+00:00,6.7417739999999995,6.3752,0.05039999999999999,13.167373999999999
2018-02-07 11:00:00+00:00,3.872934,1.86352,0.077,5.813454
2018-02-07 12:00:00+00:00,4.1598180000000005,0.6865600000000001,0.10359999999999998,4.949978000000001
2018-02-07 13:00:00+00:00,7.889309999999999,1.6673600000000002,0.1582,9.71487
2018-02-07 14:00:00+00:00,10.184381999999998,3.9232,0.2268,14.334381999999998
2018-02-07 15:00:00+00:00,5.594238,4.511679999999999,0.189,10.294918
2018-02-07 16:00:00+00:00,2.15163,3.23664,0.08539999999999999,5.47367
2018-02-07 17:00:00+00:00,1.1475360000000001,3.04048,0.0322,4.220216
2018-02-07 18:00:00+00:00,3.2991659999999996,5.00208,0.061599999999999995,8.362846
2018-02-07 19:00:00+00:00,4.446701999999999,4.217439999999999,0.32899999999999996,8.993141999999999
2018-02-07 20:00:00+00:00,5.737679999999999,3.53088,0.4662,9.73476
2018-02-07 21:00:00+00:00,9.897498,3.23664,0.5992,13.733338
2018-02-07 22:00:00+00:00,16.352388,3.13856,0.7714,20.262348000000003
2018-02-07 23:00:00+00:00,21.229415999999997,2.55008,0.8595999999999999,24.639096
2018-02-08 00:00:00+00:00,30.840030000000002,2.84432,0.7951999999999999,34.47955
2018-02-08 01:00:00+00:00,30.12282,2.6481600000000003,0.6831999999999999,33.45418
2018-02-08 02:00:00+00:00,20.512206,1.0788799999999998,0.6482,22.239285999999996
2018-02-08 03:00:00+00:00,16.208946,0.9808,0.6803999999999999,17.870146
2018-02-08 04:00:00+00:00,12.19257,1.3731200000000001,0.7406,14.30629
2018-02-08 05:00:00+00:00,7.458983999999999,1.76544,0.4606,9.685023999999999
2018-02-08 06:00:00+00:00,3.872934,0.9808,0.17079999999999998,5.024534
2018-02-08 07:00:00+00:00,0.28688400000000003,0.39232,0.08539999999999999,0.7646040000000001
2018-02-08 08:00:00+00:00,0.14344200000000001,0.09808,0.07139999999999999,0.31292200000000003
2018-02-08 09:00:00+00:00,0.14344200000000001,0.29424,0.06019999999999999,0.497882
2018-02-08 10:00:00+00:00,0.43032600000000004,0.19616,0.0098,0.6362860000000001
2018-02-08 11:00:00+00:00,0.43032600000000004,0.4904,0.0042,0.924926
2018-02-08 12:00:00+00:00,1.004094,0.78464,0.0056,1.794334
2018-02-08 13:00:00+00:00,2.15163,1.27504,0.0014,3.4280699999999995
2018-02-08 14:00:00+00:00,4.1598180000000005,2.35392,0.0,6.513738
2018-02-08 15:00:00+00:00,8.319636000000001,6.17904,0.0,14.498676
2018-02-08 16:00:00+00:00,24.815466,16.1832,0.0014,41.000066
2018-02-08 17:00:00+00:00,49.057164,25.79504,0.0224,74.874604
2018-02-08 18:00:00+00:00,72.58165199999999,27.952799999999996,0.105,100.63945199999999
2018-02-08 19:00:00+00:00,93.23729999999999,25.59888,0.30519999999999997,119.14137999999998
2018-02-08 20:00:00+00:00,105.286428,25.59888,0.5236,131.408908
2018-02-08 21:00:00+00:00,105.57331199999999,26.4816,0.5922,132.647112
2018-02-08 22:00:00+00:00,98.401212,23.34304,0.6691999999999999,122.413452
2018-02-08 23:00:00+00:00,89.364366,23.048799999999996,0.623,113.03616600000001
2018-02-09 00:00:00+00:00,75.450492,21.185280000000002,0.4871999999999999,97.122972
2018-02-09 01:00:00+00:00,57.807126000000004,17.262079999999997,0.39619999999999994,75.465406
2018-02-09 02:00:00+00:00,48.77028,18.1448,0.3262,67.24128
2018-02-09 03:00:00+00:00,44.323578,26.972,0.2716,71.56717800000001
2018-02-09 04:00:00+00:00,42.602273999999994,35.210719999999995,0.29679999999999995,78.109794
2018-02-09 05:00:00+00:00,39.159666,35.89728,0.301,75.35794600000001
2018-02-09 06:00:00+00:00,21.085973999999997,20.30256,0.105,41.49353399999999
2018-02-09 07:00:00+00:00,19.221228,34.524159999999995,0.025199999999999997,53.77058799999999
2018-02-09 08:00:00+00:00,38.872782,64.14432,0.14279999999999998,103.15990199999999
2018-02-09 09:00:00+00:00,38.442456,74.63888,0.21419999999999997,113.295536
2018-02-09 10:00:00+00:00,22.233510000000003,72.08879999999999,0.40319999999999995,94.72550999999999
2018-02-09 11:00:00+00:00,14.3442,61.39808,0.40179999999999993,76.14407999999999
2018-02-09 12:00:00+00:00,15.06141,52.76704000000001,0.31779999999999997,68.14625000000001
2018-02-09 13:00:00+00:00,6.7417739999999995,37.56464,0.1792,44.485614
2018-02-09 14:00:00+00:00,1.4344199999999998,16.869759999999996,0.20159999999999997,18.505779999999994
2018-02-09 15:00:00+00:00,0.8606520000000001,9.808,0.1792,10.847852
2018-02-09 16:00:00+00:00,0.7172099999999999,7.356,0.11059999999999999,8.18381
2018-02-09 17:00:00+00:00,0.5737680000000001,6.963679999999999,0.05039999999999999,7.587847999999999
2018-02-09 18:00:00+00:00,0.43032600000000004,8.434879999999998,0.0056,8.870805999999998
2018-02-09 19:00:00+00:00,0.28688400000000003,4.4136,0.0014,4.701884
2018-02-09 20:00:00+00:00,0.14344200000000001,0.6865600000000001,0.0042,0.8342020000000001
2018-02-09 21:00:00+00:00,0.14344200000000001,0.09808,0.0112,0.252722
2018-02-09 22:00:00+00:00,0.14344200000000001,0.6865600000000001,0.0196,0.8496020000000001
2018-02-09 23:00:00+00:00,0.0,1.0788799999999998,0.0266,1.1054799999999998
2018-02-10 00:00:00+00:00,0.43032600000000004,1.56928,0.0574,2.057006
2018-02-10 01:00:00+00:00,4.1598180000000005,5.296320000000001,0.14279999999999998,9.598938
2018-02-10 02:00:00+00:00,17.21304,10.20032,0.21839999999999998,27.631759999999996
2018-02-10 03:00:00+00:00,41.59818,20.00832,0.2772,61.8837
2018-02-10 04:00:00+00:00,66.84397200000001,31.48368,0.3836,98.711252
2018-02-10 05:00:00+00:00,74.58984000000001,30.01248,0.469,105.07132
2018-02-10 06:00:00+00:00,74.159514,19.32176,0.3528,93.834074
2018-02-10 07:00:00+00:00,57.3768,24.91232,0.301,82.59012
2018-02-10 08:00:00+00:00,44.753904,38.251200000000004,0.2618,83.266904
2018-02-10 09:00:00+00:00,34.139196,42.46864,0.21,76.81783599999999
2018-02-10 10:00:00+00:00,25.81956,42.46864,0.2618,68.55
2018-02-10 11:00:00+00:00,28.975284,42.1744,0.33319999999999994,71.482884
2018-02-10 12:00:00+00:00,15.635178,30.11056,0.28559999999999997,46.031338000000005
2018-02-10 13:00:00+00:00,3.7294919999999996,17.850559999999998,0.16659999999999997,21.746651999999997
2018-02-10 14:00:00+00:00,0.7172099999999999,10.10224,0.10359999999999998,10.92305
2018-02-10 15:00:00+00:00,2.7253979999999998,5.884799999999999,0.14279999999999998,8.752997999999998
2018-02-10 16:00:00+00:00,10.327824,3.9232,0.2366,14.487623999999999
2018-02-10 17:00:00+00:00,22.807278,3.23664,0.4466,26.490518
2018-02-10 18:00:00+00:00,35.286732,4.60976,0.63,40.526492000000005
2018-02-10 19:00:00+00:00,42.458831999999994,9.317599999999999,0.7756000000000001,52.55203199999999
2018-02-10 20:00:00+00:00,47.33586,16.57552,0.9366,64.84797999999999
2018-02-10 21:00:00+00:00,54.50796,23.048799999999996,1.0695999999999999,78.62635999999999
2018-02-10 22:00:00+00:00,66.413646,27.952799999999996,1.0779999999999998,95.444446
2018-02-10 23:00:00+00:00,76.454586,30.502879999999998,1.0612,108.01866600000001
2018-02-11 00:00:00+00:00,82.335708,32.8568,0.9925999999999999,116.185108
2018-02-11 01:00:00+00:00,64.262016,27.07008,0.8917999999999999,92.22389600000001
2018-02-11 02:00:00+00:00,43.319483999999996,16.47744,0.8974,60.694323999999995
2018-02-11 03:00:00+00:00,43.0326,15.6928,1.0164,59.7418
2018-02-11 04:00:00+00:00,53.07354,26.4816,0.8862,80.44134
2018-02-11 05:00:00+00:00,40.450644,34.13184,0.6621999999999999,75.24468399999999
2018-02-11 06:00:00+00:00,15.491736,15.98704,0.7252,32.203976
2018-02-11 07:00:00+00:00,22.520394,15.6928,0.4732,38.686394
2018-02-11 08:00:00+00:00,20.512206,34.8184,0.2646,55.595206
2018-02-11 09:00:00+00:00,26.249885999999996,35.50496,0.1512,61.906045999999996
2018-02-11 10:00:00+00:00,24.528582,35.11264,0.0784,59.719622
2018-02-11 11:00:00+00:00,14.3442,34.328,0.13299999999999998,48.805200000000006
2018-02-11 12:00:00+00:00,7.889309999999999,33.64144,0.1848,41.71555000000001
2018-02-11 13:00:00+00:00,6.885216000000001,31.67984,0.1176,38.682656
2018-02-11 14:00:00+00:00,6.7417739999999995,31.091359999999998,0.0644,37.897534
2018-02-11 15:00:00+00:00,4.446701999999999,25.5008,0.091,30.038502
2018-02-11 16:00:00+00:00,1.8647459999999998,15.39856,0.08259999999999999,17.345906
2018-02-11 17:00:00+00:00,0.0,6.08096,0.013999999999999999,6.09496
2018-02-11 18:00:00+00:00,0.0,0.6865600000000001,0.020999999999999998,0.7075600000000001
2018-02-11 19:00:00+00:00,1.004094,0.0,0.0028,1.006894
2018-02-11 20:00:00+00:00,2.8688399999999996,0.0,0.0098,2.8786399999999994
2018-02-11 21:00:00+00:00,2.15163,0.0,0.0784,2.2300299999999997
2018-02-11 22:00:00+00:00,1.4344199999999998,0.4904,0.08259999999999999,2.0074199999999998
2018-02-11 23:00:00+00:00,0.5737680000000001,0.9808,0.020999999999999998,1.575568
2018-02-12 00:00:00+00:00,0.28688400000000003,0.4904,0.0112,0.7884840000000001
2018-02-12 01:00:00+00:00,0.0,0.19616,0.0322,0.22836
2018-02-12 02:00:00+00:00,0.14344200000000001,0.58848,0.0196,0.7515219999999999
2018-02-12 03:00:00+00:00,0.5737680000000001,2.2558399999999996,0.0014,2.8310079999999993
2018-02-12 04:00:00+00:00,1.004094,3.13856,0.0,4.142654
2018-02-12 05:00:00+00:00,0.43032600000000004,1.86352,0.0056,2.299446
2018-02-12 06:00:00+00:00,0.14344200000000001,0.88272,0.10219999999999999,1.128362
2018-02-12 07:00:00+00:00,1.004094,1.0788799999999998,0.1834,2.266374
2018-02-12 08:00:00+00:00,3.2991659999999996,0.19616,0.17359999999999998,3.6689259999999995
2018-02-12 09:00:00+00:00,4.446701999999999,0.0,0.20439999999999997,4.651101999999999
2018-02-12 10:00:00+00:00,4.733586,0.09808,0.18059999999999998,5.012266
2018-02-12 11:00:00+00:00,5.4507959999999995,0.58848,0.1288,6.168075999999999
2018-02-12 12:00:00+00:00,7.6024259999999995,4.217439999999999,0.0938,11.913665999999997
2018-02-12 13:00:00+00:00,12.19257,10.39648,0.0812,22.67025
2018-02-12 14:00:00+00:00,20.512206,21.969920000000002,0.0756,42.557726
2018-02-12 15:00:00+00:00,29.262168,28.148959999999995,0.0644,57.47552799999999
2018-02-12 16:00:00+00:00,24.241698,25.5008,0.0462,49.788698
2018-02-12 17:00:00+00:00,13.770432000000001,21.969920000000002,0.036399999999999995,35.776752
2018-02-12 18:00:00+00:00,7.028658000000001,16.96784,0.0336,24.030098
2018-02-12 19:00:00+00:00,5.02047,13.829279999999999,0.0294,18.87915
2018-02-12 20:00:00+00:00,4.30326,11.57344,0.018199999999999997,15.8949
2018-02-12 21:00:00+00:00,4.733586,11.08304,0.0084,15.825026
2018-02-12 22:00:00+00:00,4.5901440000000004,13.044640000000001,0.0042,17.638984000000004
2018-02-12 23:00:00+00:00,3.1557239999999998,15.10432,0.0056,18.265644
2018-02-13 00:00:00+00:00,1.1475360000000001,14.221599999999999,0.013999999999999999,15.383135999999999
2018-02-13 01:00:00+00:00,0.8606520000000001,11.86768,0.0392,12.767532
2018-02-13 02:00:00+00:00,1.7213040000000002,10.00416,0.08679999999999999,11.812264
2018-02-13 03:00:00+00:00,5.737679999999999,11.08304,0.13999999999999999,16.960720000000002
2018-02-13 04:00:00+00:00,14.631084,14.90816,0.2254,29.764644
2018-02-13 05:00:00+00:00,45.327672,29.81632,0.3122,75.456192
2018-02-13 06:00:00+00:00,97.110234,67.18480000000001,0.5264,164.821434
2018-02-13 07:00:00+00:00,117.0,80.0,0.9086,197.9086
2018-02-13 08:00:00+00:00,117.0,80.0,0.9883999999999998,197.9884
2018-02-13 09:00:00+00:00,117.0,80.0,0.9072,197.9072
2018-02-13 10:00:00+00:00,117.0,80.0,0.7448,197.7448
2018-02-13 11:00:00+00:00,110.306898,80.0,0.7266,191.03349799999998
2018-02-13 12:00:00+00:00,93.667626,80.0,0.7868,174.45442599999998
2018-02-13 13:00:00+00:00,74.58984000000001,80.0,0.7644,155.35424
2018-02-13 14:00:00+00:00,48.05307,70.91184,0.5277999999999999,119.49271
2018-02-13 15:00:00+00:00,30.553145999999998,51.19776,0.40319999999999995,82.154106
2018-02-13 16:00:00+00:00,22.090068,35.89728,0.2954,58.282748
2018-02-13 17:00:00+00:00,11.331918,23.73536,0.2268,35.294078
2018-02-13 18:00:00+00:00,4.877028,13.829279999999999,0.1568,18.863108
2018-02-13 19:00:00+00:00,1.5778619999999999,6.08096,0.10079999999999999,7.759621999999999
2018-02-13 20:00:00+00:00,0.7172099999999999,2.05968,0.07139999999999999,2.84829
2018-02-13 21:00:00+00:00,0.8606520000000001,0.9808,0.0658,1.9072520000000002
2018-02-13 22:00:00+00:00,0.8606520000000001,0.39232,0.0756,1.3285720000000003
2018-02-13 23:00:00+00:00,0.8606520000000001,0.09808,0.06999999999999999,1.0287320000000002
2018-02-14 00:00:00+00:00,1.290978,0.09808,0.0532,1.4422579999999998
2018-02-14 01:00:00+00:00,2.2950720000000002,0.09808,0.030799999999999998,2.4239520000000003
2018-02-14 02:00:00+00:00,5.594238,0.6865600000000001,0.012599999999999998,6.293398
2018-02-14 03:00:00+00:00,10.471265999999998,2.452,0.006999999999999999,12.930265999999998
2018-02-14 04:00:00+00:00,19.938438,6.865600000000001,0.006999999999999999,26.811038000000003
2018-02-14 05:00:00+00:00,17.643366,10.10224,0.0112,27.756806
2018-02-14 06:00:00+00:00,18.934344,21.773760000000003,0.012599999999999998,40.720704000000005
2018-02-14 07:00:00+00:00,17.499924,30.993280000000002,0.020999999999999998,48.51420400000001
2018-02-14 08:00:00+00:00,10.184381999999998,28.345119999999998,0.0336,38.56310199999999
2018-02-14 09:00:00+00:00,3.1557239999999998,15.39856,0.0322,18.586484
2018-02-14 10:00:00+00:00,0.7172099999999999,5.98288,0.0238,6.723889999999999
2018-02-14 11:00:00+00:00,0.14344200000000001,2.7462400000000002,0.0098,2.899482
2018-02-14 12:00:00+00:00,0.0,2.05968,0.0056,2.06528
2018-02-14 13:00:00+00:00,0.0,2.452,0.0028,2.4548
2018-02-14 14:00:00+00:00,0.7172099999999999,6.27712,0.0,6.99433
2018-02-14 15:00:00+00:00,5.163912,17.164,0.0168,22.344712
2018-02-14 16:00:00+00:00,9.610614,23.14688,0.061599999999999995,32.819094
2018-02-14 17:00:00+00:00,27.110538,35.210719999999995,0.1638,62.485057999999995
2018-02-14 18:00:00+00:00,61.823502,51.88432,0.33459999999999995,114.04242199999999
2018-02-14 19:00:00+00:00,97.397118,62.08464,0.6272,160.108958
2018-02-14 20:00:00+00:00,117.0,72.08879999999999,0.777,189.86579999999998
2018-02-14 21:00:00+00:00,117.0,77.4832,0.6958,195.179
2018-02-14 22:00:00+00:00,117.0,76.60048,0.6496,194.25008
2018-02-14 23:00:00+00:00,117.0,78.66015999999999,0.6621999999999999,196.32236
2018-02-15 00:00:00+00:00,117.0,80.0,0.7363999999999999,197.7364
2018-02-15 01:00:00+00:00,117.0,80.0,0.819,197.819
2018-02-15 02:00:00+00:00,117.0,80.0,0.7784,197.7784
2018-02-15 03:00:00+00:00,117.0,80.0,0.7644,197.7644
2018-02-15 04:00:00+00:00,117.0,80.0,0.7895999999999999,197.7896
2018-02-15 05:00:00+00:00,117.0,75.0312,0.6761999999999999,192.7074
2018-02-15 06:00:00+00:00,117.0,70.32336,0.45499999999999996,187.77836
2018-02-15 07:00:00+00:00,117.0,62.7712,0.5516,180.3228
2018-02-15 08:00:00+00:00,104.56921799999999,38.251200000000004,0.6761999999999999,143.49661799999998
2018-02-15 09:00:00+00:00,45.040788,16.379360000000002,0.6706,62.090748
2018-02-15 10:00:00+00:00,13.62699,8.140640000000001,0.63,22.39763
2018-02-15 11:00:00+00:00,3.0122820000000003,5.10016,0.6776,8.790042
2018-02-15 12:00:00+00:00,0.28688400000000003,3.6289599999999997,0.6468,4.562644
2018-02-15 13:00:00+00:00,0.5737680000000001,2.9423999999999997,0.6761999999999999,4.192367999999999
2018-02-15 14:00:00+00:00,2.438514,4.217439999999999,0.7784,7.434353999999999
2018-02-15 15:00:00+00:00,1.1475360000000001,3.82512,0.9506,5.923256
2018-02-15 16:00:00+00:00,0.28688400000000003,1.3731200000000001,0.9883999999999998,2.648404
2018-02-15 17:00:00+00:00,2.008188,0.39232,0.9366,3.337108
2018-02-15 18:00:00+00:00,4.1598180000000005,0.19616,0.8946,5.250578
2018-02-15 19:00:00+00:00,0.8606520000000001,0.19616,0.8483999999999999,1.9052120000000001
2018-02-15 20:00:00+00:00,0.8606520000000001,1.3731200000000001,0.8133999999999999,3.0471719999999998
2018-02-15 21:00:00+00:00,1.4344199999999998,2.9423999999999997,0.742,5.1188199999999995
2018-02-15 22:00:00+00:00,1.1475360000000001,1.76544,0.6888,3.601776
2018-02-15 23:00:00+00:00,0.8606520000000001,0.39232,0.6314,1.8843720000000002
2018-02-16 00:00:00+00:00,0.7172099999999999,0.09808,0.5978,1.41309
2018-02-16 01:00:00+00:00,0.7172099999999999,0.0,0.5725999999999999,1.2898099999999997
2018-02-16 02:00:00+00:00,0.8606520000000001,0.09808,0.5207999999999999,1.479532
2018-02-16 03:00:00+00:00,0.7172099999999999,0.09808,0.48299999999999993,1.2982899999999997
2018-02-16 04:00:00+00:00,0.7172099999999999,0.39232,0.4578,1.56733
2018-02-16 05:00:00+00:00,0.28688400000000003,0.39232,0.25479999999999997,0.9340040000000001
2018-02-16 06:00:00+00:00,0.0,0.4904,0.20299999999999999,0.6934
2018-02-16 07:00:00+00:00,0.0,4.11936,0.1386,4.257960000000001
2018-02-16 08:00:00+00:00,0.0,8.631039999999999,0.0784,8.709439999999999
2018-02-16 09:00:00+00:00,0.14344200000000001,14.712,0.0322,14.887642
2018-02-16 10:00:00+00:00,3.0122820000000003,22.16608,0.0112,25.189562
2018-02-16 11:00:00+00:00,8.893403999999999,27.07008,0.006999999999999999,35.970484
2018-02-16 12:00:00+00:00,9.897498,30.79712,0.013999999999999999,40.708618
2018-02-16 13:00:00+00:00,8.463078,28.148959999999995,0.0462,36.658238
2018-02-16 14:00:00+00:00,4.733586,19.616,0.19739999999999996,24.546985999999997
2018-02-16 15:00:00+00:00,0.8606520000000001,10.20032,0.3136,11.374571999999999
2018-02-16 16:00:00+00:00,0.14344200000000001,2.84432,0.2366,3.224362
2018-02-16 17:00:00+00:00,1.4344199999999998,1.6673600000000002,0.17779999999999999,3.2795799999999997
2018-02-16 18:00:00+00:00,3.872934,4.8059199999999995,0.119,8.797854
2018-02-16 19:00:00+00:00,4.1598180000000005,12.45616,0.098,16.713978
2018-02-16 20:00:00+00:00,2.15163,22.75456,0.12039999999999998,25.026590000000002
2018-02-16 21:00:00+00:00,0.43032600000000004,26.775840000000002,0.098,27.304166000000002
2018-02-16 22:00:00+00:00,1.4344199999999998,22.75456,0.0644,24.25338
2018-02-16 23:00:00+00:00,1.5778619999999999,16.96784,0.0378,18.583502
2018-02-17 00:00:00+00:00,1.004094,13.14272,0.0238,14.170614
2018-02-17 01:00:00+00:00,1.004094,10.592640000000001,0.012599999999999998,11.609334000000002
2018-02-17 02:00:00+00:00,2.438514,10.10224,0.0056,12.546354
2018-02-17 03:00:00+00:00,5.163912,12.55424,0.0196,17.737752
2018-02-17 04:00:00+00:00,6.168005999999999,13.338880000000001,0.0924,19.599286000000003
2018-02-17 05:00:00+00:00,6.598331999999999,13.436960000000001,0.14279999999999998,20.178092
2018-02-17 06:00:00+00:00,12.766338,21.969920000000002,0.20859999999999998,34.944857999999996
2018-02-17 07:00:00+00:00,19.794996,26.775840000000002,0.2618,46.832636
2018-02-17 08:00:00+00:00,29.979377999999997,32.66064,0.3122,62.952217999999995
2018-02-17 09:00:00+00:00,49.057164,41.78208,0.34859999999999997,91.18784400000001
2018-02-17 10:00:00+00:00,66.270204,53.15936,0.46199999999999997,119.891564
2018-02-17 11:00:00+00:00,74.016072,61.986560000000004,0.63,136.632632
2018-02-17 12:00:00+00:00,76.454586,68.26368,0.7322,145.450466
2018-02-17 13:00:00+00:00,71.00379,73.0696,0.63,144.70338999999998
2018-02-17 14:00:00+00:00,54.077634,71.108,0.4746,125.660234
2018-02-17 15:00:00+00:00,62.827596,68.06751999999999,0.48999999999999994,131.38511599999998
2018-02-17 16:00:00+00:00,73.011978,69.6368,0.5711999999999999,143.219978
2018-02-17 17:00:00+00:00,71.00379,67.57712,0.5599999999999999,139.14091
2018-02-17 18:00:00+00:00,72.43821,68.85216,0.6145999999999999,141.90497
2018-02-17 19:00:00+00:00,80.901288,71.50032,0.8497999999999999,153.251408
2018-02-17 20:00:00+00:00,96.966792,75.0312,1.0682,173.066192
2018-02-17 21:00:00+00:00,117.0,80.0,1.0206,198.0206
2018-02-17 22:00:00+00:00,117.0,80.0,1.2249999999999999,198.225
2018-02-17 23:00:00+00:00,110.306898,80.0,1.3299999999999998,191.636898
2018-02-18 00:00:00+00:00,103.421682,80.0,1.3425999999999998,184.764282
2018-02-18 01:00:00+00:00,92.23320600000001,80.0,1.3201999999999998,173.553406
2018-02-18 02:00:00+00:00,82.19226599999999,77.67936,1.281,161.152626
2018-02-18 03:00:00+00:00,73.585746,74.93312,1.2306,149.749466
2018-02-18 04:00:00+00:00,75.30705,73.36384,1.19,149.86088999999998
2018-02-18 05:00:00+00:00,78.319332,75.42352,1.1591999999999998,154.902052
2018-02-18 06:00:00+00:00,92.663532,80.0,1.2418,173.90533200000002
2018-02-18 07:00:00+00:00,113.892948,80.0,1.2964,195.189348
2018-02-18 08:00:00+00:00,117.0,80.0,1.3272,198.3272
2018-02-18 09:00:00+00:00,117.0,80.0,1.3425999999999998,198.3426
2018-02-18 10:00:00+00:00,117.0,80.0,1.3383999999999998,198.3384
2018-02-18 11:00:00+00:00,117.0,80.0,1.3215999999999999,198.3216
2018-02-18 12:00:00+00:00,117.0,80.0,1.2893999999999999,198.2894
2018-02-18 13:00:00+00:00,113.606064,80.0,1.1984,194.804464
2018-02-18 14:00:00+00:00,93.524184,80.0,0.9534,174.47758399999998
2018-02-18 15:00:00+00:00,72.43821,80.0,0.8203999999999999,153.25861
2018-02-18 16:00:00+00:00,52.35633,73.56,0.7462,126.66253
2018-02-18 17:00:00+00:00,34.712964,65.12512000000001,0.714,100.55208400000001
2018-02-18 18:00:00+00:00,25.676117999999995,56.59215999999999,0.6118,82.88007799999998
2018-02-18 19:00:00+00:00,22.376952,49.82464,0.4564,72.65799200000001
2018-02-18 20:00:00+00:00,16.352388,39.13392,0.2884,55.77470800000001
2018-02-18 21:00:00+00:00,16.208946,34.8184,0.1316,51.15894599999999
2018-02-18 22:00:00+00:00,17.786807999999997,31.581760000000003,0.119,49.487567999999996
2018-02-18 23:00:00+00:00,11.762244,25.30464,0.16799999999999998,37.234884
2018-02-19 00:00:00+00:00,8.463078,20.30256,0.20719999999999997,28.972838
2018-02-19 01:00:00+00:00,6.3114479999999995,10.39648,0.1386,16.846528
2018-02-19 02:00:00+00:00,6.024564000000001,3.9232,0.0896,10.037364000000002
2018-02-19 03:00:00+00:00,3.1557239999999998,0.88272,0.07419999999999999,4.112644
2018-02-19 04:00:00+00:00,1.7213040000000002,0.0,0.030799999999999998,1.752104
2018-02-19 05:00:00+00:00,0.7172099999999999,0.0,0.0336,0.7508099999999999
2018-02-19 06:00:00+00:00,0.0,0.0,0.041999999999999996,0.041999999999999996
2018-02-19 07:00:00+00:00,0.0,0.0,0.030799999999999998,0.030799999999999998
2018-02-19 08:00:00+00:00,0.0,0.0,0.0196,0.0196
2018-02-19 09:00:00+00:00,0.0,0.0,0.018199999999999997,0.018199999999999997
2018-02-19 10:00:00+00:00,0.0,0.0,0.0224,0.0224
2018-02-19 11:00:00+00:00,0.0,0.19616,0.020999999999999998,0.21716
2018-02-19 12:00:00+00:00,0.14344200000000001,0.29424,0.0168,0.454482
2018-02-19 13:00:00+00:00,0.5737680000000001,0.19616,0.0112,0.781128
2018-02-19 14:00:00+00:00,1.004094,0.29424,0.013999999999999999,1.3123340000000001
2018-02-19 15:00:00+00:00,0.8606520000000001,0.09808,0.030799999999999998,0.9895320000000002
2018-02-19 16:00:00+00:00,0.8606520000000001,0.0,0.0266,0.887252
2018-02-19 17:00:00+00:00,1.7213040000000002,0.19616,0.0098,1.9272640000000003
2018-02-19 18:00:00+00:00,3.4426080000000003,0.78464,0.0112,4.238448
2018-02-19 19:00:00+00:00,5.594238,2.05968,0.030799999999999998,7.684718
2018-02-19 20:00:00+00:00,7.745868,4.904,0.0896,12.739468
2018-02-19 21:00:00+00:00,10.04094,9.21952,0.1848,19.44526
2018-02-19 22:00:00+00:00,10.614707999999998,15.30048,0.238,26.153188
2018-02-19 23:00:00+00:00,9.897498,18.92944,0.2562,29.083137999999998
2018-02-20 00:00:00+00:00,9.897498,20.49872,0.21559999999999999,30.611817999999996
2018-02-20 01:00:00+00:00,10.184381999999998,19.714080000000003,0.1568,30.055262000000003
2018-02-20 02:00:00+00:00,8.893403999999999,16.96784,0.1414,26.002644
2018-02-20 03:00:00+00:00,6.598331999999999,14.712,0.20719999999999997,21.517532
2018-02-20 04:00:00+00:00,5.02047,14.221599999999999,0.33459999999999995,19.576669999999996
2018-02-20 05:00:00+00:00,2.8688399999999996,9.317599999999999,0.1946,12.381039999999997
2018-02-20 06:00:00+00:00,0.0,3.23664,0.0588,3.29544
2018-02-20 07:00:00+00:00,0.0,2.1577599999999997,0.0238,2.1815599999999997
2018-02-20 08:00:00+00:00,0.14344200000000001,3.3347200000000004,0.0112,3.4893620000000003
2018-02-20 09:00:00+00:00,1.004094,5.296320000000001,0.020999999999999998,6.321414000000001
2018-02-20 10:00:00+00:00,3.872934,8.3368,0.0322,12.241934
2018-02-20 11:00:00+00:00,5.881122,9.808,0.043399999999999994,15.732522000000001
2018-02-20 12:00:00+00:00,5.881122,10.20032,0.0532,16.134642
2018-02-20 13:00:00+00:00,6.168005999999999,9.51376,0.0896,15.771366
2018-02-20 14:00:00+00:00,5.163912,9.12144,0.18059999999999998,14.465952
2018-02-20 15:00:00+00:00,1.7213040000000002,8.53296,0.22119999999999998,10.475463999999999
2018-02-20 16:00:00+00:00,0.14344200000000001,5.00208,0.1316,5.277122
2018-02-20 17:00:00+00:00,0.0,1.86352,0.0378,1.9013200000000001
2018-02-20 18:00:00+00:00,0.14344200000000001,1.86352,0.006999999999999999,2.0139620000000003
2018-02-20 19:00:00+00:00,0.5737680000000001,2.84432,0.0014,3.419488
2018-02-20 20:00:00+00:00,0.7172099999999999,4.70784,0.0014,5.42645
2018-02-20 21:00:00+00:00,0.7172099999999999,6.27712,0.0014,6.99573
2018-02-20 22:00:00+00:00,0.8606520000000001,7.55216,0.0028,8.415612000000001
2018-02-20 23:00:00+00:00,1.4344199999999998,8.3368,0.0014,9.77262
2018-02-21 00:00:00+00:00,1.1475360000000001,7.15984,0.0028,8.310176
2018-02-21 01:00:00+00:00,0.8606520000000001,6.3752,0.0028,7.238652
2018-02-21 02:00:00+00:00,0.8606520000000001,5.68864,0.0028,6.552092
2018-02-21 03:00:00+00:00,0.8606520000000001,3.72704,0.0028,4.590492
2018-02-21 04:00:00+00:00,0.8606520000000001,1.4711999999999998,0.0056,2.337452
2018-02-21 05:00:00+00:00,1.1475360000000001,0.4904,0.0028,1.640736
2018-02-21 06:00:00+00:00,1.5778619999999999,2.452,0.0,4.029862
2018-02-21 07:00:00+00:00,6.598331999999999,16.281280000000002,0.0084,22.888012000000003
2018-02-21 08:00:00+00:00,13.913874,28.345119999999998,0.0392,42.298194
2018-02-21 09:00:00+00:00,18.360576000000002,34.13184,0.098,52.590416
2018-02-21 10:00:00+00:00,20.942531999999996,34.91647999999999,0.147,56.00601199999999
2018-02-21 11:00:00+00:00,15.922062,27.36432,0.182,43.468382000000005
2018-02-21 12:00:00+00:00,9.754056,20.00832,0.17359999999999998,29.935976000000004
2018-02-21 13:00:00+00:00,9.754056,22.46032,0.15539999999999998,32.369776
2018-02-21 14:00:00+00:00,0.8606520000000001,17.75248,0.161,18.774132
2018-02-21 15:00:00+00:00,0.0,10.984960000000001,0.14839999999999998,11.133360000000001
2018-02-21 16:00:00+00:00,0.43032600000000004,2.1577599999999997,0.0938,2.6818859999999995
2018-02-21 17:00:00+00:00,4.1598180000000005,0.19616,0.043399999999999994,4.3993780000000005
2018-02-21 18:00:00+00:00,8.176194,0.09808,0.018199999999999997,8.292474
2018-02-21 19:00:00+00:00,8.463078,0.4904,0.025199999999999997,8.978677999999999
2018-02-21 20:00:00+00:00,5.4507959999999995,0.9808,0.055999999999999994,6.487596
2018-02-21 21:00:00+00:00,4.733586,2.84432,0.0686,7.6465060000000005
2018-02-21 22:00:00+00:00,3.4426080000000003,5.884799999999999,0.006999999999999999,9.334408
2018-02-21 23:00:00+00:00,2.008188,4.904,0.0056,6.917788000000001
2018-02-22 00:00:00+00:00,1.1475360000000001,2.2558399999999996,0.0336,3.4369759999999996
2018-02-22 01:00:00+00:00,1.4344199999999998,1.17696,0.0686,2.6799799999999996
2018-02-22 02:00:00+00:00,1.1475360000000001,0.88272,0.10359999999999998,2.133856
2018-02-22 03:00:00+00:00,0.14344200000000001,0.39232,0.119,0.6547620000000001
2018-02-22 04:00:00+00:00,0.0,0.0,0.1288,0.1288
2018-02-22 05:00:00+00:00,0.0,0.0,0.0686,0.0686
2018-02-22 06:00:00+00:00,0.28688400000000003,5.19824,0.0462,5.531324
2018-02-22 07:00:00+00:00,11.618802,33.93568,0.041999999999999996,45.596482
2018-02-22 08:00:00+00:00,31.270356,63.94816,0.05039999999999999,95.26891599999999
2018-02-22 09:00:00+00:00,41.59818,76.9928,0.0574,118.64838
2018-02-22 10:00:00+00:00,41.74162199999999,80.0,0.0406,121.78222199999999
2018-02-22 11:00:00+00:00,37.151478,80.0,0.0322,117.183678
2018-02-22 12:00:00+00:00,27.540864000000003,80.0,0.025199999999999997,107.566064
2018-02-22 13:00:00+00:00,16.49583,77.9736,0.013999999999999999,94.48343
2018-02-22 14:00:00+00:00,7.745868,56.59215999999999,0.012599999999999998,64.350628
2018-02-22 15:00:00+00:00,4.1598180000000005,33.837599999999995,0.0294,38.026818
2018-02-22 16:00:00+00:00,1.7213040000000002,22.46032,0.043399999999999994,24.225023999999998
2018-02-22 17:00:00+00:00,0.14344200000000001,8.925279999999999,0.05039999999999999,9.119121999999999
2018-02-22 18:00:00+00:00,0.0,0.88272,0.1176,1.0003199999999999
2018-02-22 19:00:00+00:00,0.28688400000000003,0.09808,0.294,0.678964
2018-02-22 20:00:00+00:00,1.290978,0.39232,0.49839999999999995,2.181698
2018-02-22 21:00:00+00:00,5.881122,3.13856,0.5963999999999999,9.616081999999999
2018-02-22 22:00:00+00:00,11.331918,9.808,0.511,21.650918
2018-02-22 23:00:00+00:00,18.790902,8.631039999999999,0.49139999999999995,27.913341999999997
2018-02-23 00:00:00+00:00,22.233510000000003,3.4328000000000003,0.4871999999999999,26.153510000000004
2018-02-23 01:00:00+00:00,20.512206,1.3731200000000001,0.4774,22.362726
2018-02-23 02:00:00+00:00,14.917967999999998,1.4711999999999998,0.4732,16.862367999999996
2018-02-23 03:00:00+00:00,11.045034,4.02128,0.511,15.577313999999998
2018-02-23 04:00:00+00:00,12.19257,10.7888,0.5166,23.49797
2018-02-23 05:00:00+00:00,7.028658000000001,12.26,0.30379999999999996,19.592458
2018-02-23 06:00:00+00:00,4.016376,18.635199999999998,0.16519999999999999,22.816775999999997
2018-02-23 07:00:00+00:00,2.7253979999999998,28.05088,0.1316,30.907877999999997
2018-02-23 08:00:00+00:00,1.7213040000000002,41.1936,0.0784,42.99330400000001
2018-02-23 09:00:00+00:00,7.028658000000001,58.848,0.0378,65.91445800000001
2018-02-23 10:00:00+00:00,12.90978,68.85216,0.012599999999999998,81.77454
2018-02-23 11:00:00+00:00,14.487642,68.95024,0.0014,83.43928199999999
2018-02-23 12:00:00+00:00,12.19257,59.63264,0.0,71.82521
2018-02-23 13:00:00+00:00,6.168005999999999,40.212799999999994,0.0,46.38080599999999
2018-02-23 14:00:00+00:00,2.15163,19.41984,0.0,21.57147
2018-02-23 15:00:00+00:00,1.4344199999999998,12.45616,0.0,13.89058
2018-02-23 16:00:00+00:00,2.581956,9.21952,0.0028,11.804276
2018-02-23 17:00:00+00:00,5.594238,6.3752,0.013999999999999999,11.983438
2018-02-23 18:00:00+00:00,12.049128000000001,4.02128,0.054599999999999996,16.125008
2018-02-23 19:00:00+00:00,21.229415999999997,3.04048,0.1358,24.405695999999995
2018-02-23 20:00:00+00:00,24.241698,0.9808,0.21559999999999999,25.438097999999997
2018-02-23 21:00:00+00:00,20.225322,0.19616,0.2268,20.648282
2018-02-23 22:00:00+00:00,11.475359999999998,0.29424,0.24079999999999996,12.010399999999999
2018-02-23 23:00:00+00:00,5.307353999999999,1.86352,0.2772,7.448073999999999
2018-02-24 00:00:00+00:00,2.7253979999999998,6.47328,0.2786,9.477278
2018-02-24 01:00:00+00:00,1.5778619999999999,12.94656,0.21559999999999999,14.740022
2018-02-24 02:00:00+00:00,2.7253979999999998,16.96784,0.1568,19.850037999999998
2018-02-24 03:00:00+00:00,3.7294919999999996,14.515839999999999,0.14279999999999998,18.388132
2018-02-24 04:00:00+00:00,4.30326,8.729119999999998,0.13999999999999999,13.172379999999999
2018-02-24 05:00:00+00:00,3.4426080000000003,6.27712,0.0266,9.746328
2018-02-24 06:00:00+00:00,4.5901440000000004,9.611839999999999,0.0028,14.204784
2018-02-24 07:00:00+00:00,6.885216000000001,13.2408,0.0056,20.131616
2018-02-24 08:00:00+00:00,9.754056,17.75248,0.0196,27.526135999999997
2018-02-24 09:00:00+00:00,10.75815,21.185280000000002,0.0462,31.989630000000002
2018-02-24 10:00:00+00:00,12.19257,24.61808,0.091,36.90165
2018-02-24 11:00:00+00:00,15.491736,30.01248,0.1722,45.676415999999996
2018-02-24 12:00:00+00:00,19.794996,35.50496,0.2772,55.577155999999995
2018-02-24 13:00:00+00:00,21.085973999999997,36.87808,0.33319999999999994,58.29725399999999
2018-02-24 14:00:00+00:00,18.934344,34.13184,0.3248,53.390983999999996
2018-02-24 15:00:00+00:00,17.786807999999997,31.48368,0.322,49.592488
2018-02-24 16:00:00+00:00,8.463078,19.91024,0.1624,28.535718000000003
2018-02-24 17:00:00+00:00,0.28688400000000003,5.78672,0.0238,6.097403999999999
2018-02-24 18:00:00+00:00,0.0,0.6865600000000001,0.0014,0.68796
2018-02-24 19:00:00+00:00,0.14344200000000001,0.58848,0.0,0.731922
2018-02-24 20:00:00+00:00,1.290978,1.86352,0.0014,3.155898
2018-02-24 21:00:00+00:00,4.733586,4.511679999999999,0.0098,9.255066
2018-02-24 22:00:00+00:00,9.036846,6.27712,0.0588,15.372766
2018-02-24 23:00:00+00:00,13.62699,6.669440000000001,0.154,20.45043
2018-02-25 00:00:00+00:00,18.504018,7.356,0.2576,26.117617999999997
2018-02-25 01:00:00+00:00,26.823654,8.140640000000001,0.35,35.314294000000004
2018-02-25 02:00:00+00:00,36.290825999999996,10.69072,0.3934,47.374945999999994
2018-02-25 03:00:00+00:00,45.614556,15.59472,0.4774,61.686676000000006
2018-02-25 04:00:00+00:00,57.807126000000004,25.010399999999997,0.5137999999999999,83.331326
2018-02-25 05:00:00+00:00,59.815313999999994,27.854719999999997,0.3598,88.029834
2018-02-25 06:00:00+00:00,43.606367999999996,24.91232,0.2268,68.745488
2018-02-25 07:00:00+00:00,72.43821,52.47280000000001,0.2744,125.18541
2018-02-25 08:00:00+00:00,103.70856599999999,69.1464,0.5599999999999999,173.414966
2018-02-25 09:00:00+00:00,117.0,78.16976000000001,0.9408,196.11056
2018-02-25 10:00:00+00:00,117.0,80.0,1.1116,198.1116
2018-02-25 11:00:00+00:00,117.0,80.0,1.113,198.113
2018-02-25 12:00:00+00:00,117.0,80.0,1.0639999999999998,198.064
2018-02-25 13:00:00+00:00,111.454434,80.0,0.9212,192.375634
2018-02-25 14:00:00+00:00,92.23320600000001,80.0,0.707,172.940206
2018-02-25 15:00:00+00:00,44.323578,72.28496,0.434,117.042538
2018-02-25 16:00:00+00:00,12.336011999999998,58.848,0.24079999999999996,71.42481199999999
2018-02-25 17:00:00+00:00,2.2950720000000002,41.78208,0.13299999999999998,44.210152
2018-02-25 18:00:00+00:00,0.8606520000000001,33.54336,0.061599999999999995,34.465612
2018-02-25 19:00:00+00:00,0.7172099999999999,32.8568,0.030799999999999998,33.60481
2018-02-25 20:00:00+00:00,0.8606520000000001,23.539199999999997,0.0084,24.408252
2018-02-25 21:00:00+00:00,1.5778619999999999,21.773760000000003,0.0014,23.353022000000003
2018-02-25 22:00:00+00:00,2.008188,19.02752,0.0028,21.038508
2018-02-25 23:00:00+00:00,3.0122820000000003,13.338880000000001,0.0112,16.362362
2018-02-26 00:00:00+00:00,6.024564000000001,16.869759999999996,0.018199999999999997,22.912523999999998
2018-02-26 01:00:00+00:00,6.168005999999999,24.91232,0.0056,31.085926
2018-02-26 02:00:00+00:00,3.2991659999999996,28.148959999999995,0.0,31.448125999999995
2018-02-26 03:00:00+00:00,1.004094,27.36432,0.0,28.368413999999998
2018-02-26 04:00:00+00:00,0.28688400000000003,22.75456,0.0014,23.042844000000002
2018-02-26 05:00:00+00:00,0.14344200000000001,15.39856,0.0042,15.546202000000001
2018-02-26 06:00:00+00:00,1.5778619999999999,38.251200000000004,0.07419999999999999,39.903262000000005
2018-02-26 07:00:00+00:00,17.643366,66.40016,0.22399999999999998,84.267526
2018-02-26 08:00:00+00:00,44.753904,79.05248,0.378,124.18438400000001
2018-02-26 09:00:00+00:00,65.696436,80.0,0.4662,146.162636
2018-02-26 10:00:00+00:00,73.585746,80.0,0.49139999999999995,154.077146
2018-02-26 11:00:00+00:00,74.302956,80.0,0.4871999999999999,154.790156
2018-02-26 12:00:00+00:00,73.011978,80.0,0.44939999999999997,153.461378
2018-02-26 13:00:00+00:00,74.733282,80.0,0.3668,155.10008200000001
2018-02-26 14:00:00+00:00,72.007884,79.83711999999998,0.33319999999999994,152.178204
2018-02-26 15:00:00+00:00,67.274298,72.77535999999999,0.301,140.35065799999998
2018-02-26 16:00:00+00:00,42.745716,59.24032,0.2716,102.257636
2018-02-26 17:00:00+00:00,23.094162,39.52624,0.287,62.907402
2018-02-26 18:00:00+00:00,13.62699,24.42192,0.308,38.35691
2018-02-26 19:00:00+00:00,9.467172,13.044640000000001,0.3164,22.828212
2018-02-26 20:00:00+00:00,8.60652,5.78672,0.1582,14.55144
2018-02-26 21:00:00+00:00,9.754056,3.53088,0.055999999999999994,13.340936
2018-02-26 22:00:00+00:00,14.487642,3.72704,0.14839999999999998,18.363082
2018-02-26 23:00:00+00:00,24.815466,6.76752,0.12039999999999998,31.703386000000002
2018-02-27 00:00:00+00:00,37.581804,14.221599999999999,0.055999999999999994,51.859404
2018-02-27 01:00:00+00:00,28.831842,25.69696,0.20159999999999997,54.730402
2018-02-27 02:00:00+00:00,24.672023999999997,40.11472,0.20439999999999997,64.991144
2018-02-27 03:00:00+00:00,24.958907999999997,45.70528,0.0588,70.722988
2018-02-27 04:00:00+00:00,8.319636000000001,40.11472,0.013999999999999999,48.448356000000004
2018-02-27 05:00:00+00:00,6.885216000000001,28.737439999999996,0.0042,35.626856
2018-02-27 06:00:00+00:00,11.188476,39.232,0.0112,50.431676
2018-02-27 07:00:00+00:00,17.356482,48.5496,0.0406,65.946682
2018-02-27 08:00:00+00:00,23.237604,54.434400000000004,0.1904,77.862404
2018-02-27 09:00:00+00:00,28.544958,56.98448,0.378,85.907438
2018-02-27 10:00:00+00:00,29.549052,53.551680000000005,0.41719999999999996,83.517932
2018-02-27 11:00:00+00:00,26.249885999999996,47.66687999999999,0.40879999999999994,74.325566
2018-02-27 12:00:00+00:00,22.807278,41.09551999999999,0.3934,64.29619799999999
2018-02-27 13:00:00+00:00,16.639272000000002,31.67984,0.33459999999999995,48.653712000000006
2018-02-27 14:00:00+00:00,10.184381999999998,21.47952,0.2716,31.935502
2018-02-27 15:00:00+00:00,8.176194,16.869759999999996,0.25339999999999996,25.299353999999994
2018-02-27 16:00:00+00:00,7.1721,12.063839999999999,0.1596,19.39554
2018-02-27 17:00:00+00:00,4.1598180000000005,7.2579199999999995,0.07139999999999999,11.489138
2018-02-27 18:00:00+00:00,1.4344199999999998,4.11936,0.0224,5.57618
2018-02-27 19:00:00+00:00,0.43032600000000004,2.55008,0.0056,2.9860059999999997
2018-02-27 20:00:00+00:00,0.43032600000000004,2.1577599999999997,0.0042,2.5922859999999996
2018-02-27 21:00:00+00:00,1.004094,2.2558399999999996,0.018199999999999997,3.2781339999999997
2018-02-27 22:00:00+00:00,2.581956,2.9423999999999997,0.07139999999999999,5.595755999999999
2018-02-27 23:00:00+00:00,5.02047,4.60976,0.16519999999999999,9.795430000000001
2018-02-28 00:00:00+00:00,8.893403999999999,7.65024,0.2786,16.822244
2018-02-28 01:00:00+00:00,15.778619999999998,13.2408,0.41019999999999995,29.429619999999996
2018-02-28 02:00:00+00:00,27.397422000000002,20.5968,0.476,48.47022200000001
2018-02-28 03:00:00+00:00,40.594086,23.833439999999996,0.43539999999999995,64.862926
2018-02-28 04:00:00+00:00,51.208794,23.539199999999997,0.34719999999999995,75.09519399999999
2018-02-28 05:00:00+00:00,38.72934,21.87184,0.13019999999999998,60.73138
2018-02-28 06:00:00+00:00,18.073692,23.048799999999996,0.0966,41.219091999999996
2018-02-28 07:00:00+00:00,6.3114479999999995,16.77168,0.0686,23.151728
2018-02-28 08:00:00+00:00,2.8688399999999996,11.57344,0.0378,14.480080000000001
2018-02-28 09:00:00+00:00,1.4344199999999998,7.15984,0.015399999999999999,8.60966
2018-02-28 10:00:00+00:00,0.5737680000000001,3.53088,0.0042,4.108848
2018-02-28 11:00:00+00:00,0.0,0.6865600000000001,0.0014,0.68796
2018-02-28 12:00:00+00:00,0.0,0.0,0.0,0.0
2018-02-28 13:00:00+00:00,2.15163,0.0,0.0,2.15163
2018-02-28 14:00:00+00:00,7.315542,1.3731200000000001,0.0028,8.691462000000001
2018-02-28 15:00:00+00:00,10.327824,10.20032,0.0476,20.575743999999997
2018-02-28 16:00:00+00:00,6.598331999999999,16.6736,0.08539999999999999,23.357332
2018-02-28 17:00:00+00:00,2.8688399999999996,16.1832,0.0882,19.14024
2018-02-28 18:00:00+00:00,0.7172099999999999,12.16192,0.061599999999999995,12.94073
2018-02-28 19:00:00+00:00,0.43032600000000004,7.8464,0.054599999999999996,8.331326
2018-02-28 20:00:00+00:00,3.0122820000000003,5.68864,0.10079999999999999,8.801722
2018-02-28 21:00:00+00:00,6.598331999999999,5.10016,0.0784,11.776891999999998
2018-02-28 22:00:00+00:00,5.307353999999999,2.7462400000000002,0.08679999999999999,8.140394
2018-02-28 23:00:00+00:00,5.881122,1.0788799999999998,0.1288,7.088802
2018-03-01 00:00:00+00:00,6.598331999999999,1.0788799999999998,0.1386,7.815811999999999
2018-03-01 01:00:00+00:00,3.58605,1.3731200000000001,0.12739999999999999,5.08657
2018-03-01 02:00:00+00:00,1.4344199999999998,0.88272,0.15539999999999998,2.4725399999999995
2018-03-01 03:00:00+00:00,2.2950720000000002,0.88272,0.2254,3.403192
2018-03-01 04:00:00+00:00,6.3114479999999995,2.452,0.31079999999999997,9.074248
2018-03-01 05:00:00+00:00,7.1721,3.23664,0.12739999999999999,10.53614
2018-03-01 06:00:00+00:00,2.008188,1.9616,0.0224,3.9921880000000005
2018-03-01 07:00:00+00:00,0.0,0.29424,0.025199999999999997,0.31944
2018-03-01 08:00:00+00:00,0.0,0.0,0.0224,0.0224
2018-03-01 09:00:00+00:00,0.0,0.0,0.020999999999999998,0.020999999999999998
2018-03-01 10:00:00+00:00,1.7213040000000002,0.19616,0.027999999999999997,1.9454640000000003
2018-03-01 11:00:00+00:00,4.30326,1.0788799999999998,0.043399999999999994,5.42554
2018-03-01 12:00:00+00:00,4.5901440000000004,2.2558399999999996,0.0658,6.911784
2018-03-01 13:00:00+00:00,3.2991659999999996,3.4328000000000003,0.098,6.829966
2018-03-01 14:00:00+00:00,1.8647459999999998,6.08096,0.154,8.099706
2018-03-01 15:00:00+00:00,0.8606520000000001,10.2984,0.1904,11.349452000000001
2018-03-01 16:00:00+00:00,0.28688400000000003,10.69072,0.119,11.096604000000001
2018-03-01 17:00:00+00:00,0.0,9.51376,0.0322,9.54596
2018-03-01 18:00:00+00:00,0.14344200000000001,8.3368,0.0042,8.484442000000001
2018-03-01 19:00:00+00:00,0.5737680000000001,7.356,0.0014,7.931168
2018-03-01 20:00:00+00:00,1.7213040000000002,6.669440000000001,0.0028,8.393544000000002
2018-03-01 21:00:00+00:00,4.446701999999999,5.4924800000000005,0.0112,9.950382
2018-03-01 22:00:00+00:00,7.458983999999999,4.315519999999999,0.0224,11.796903999999998
2018-03-01 23:00:00+00:00,7.745868,2.9423999999999997,0.0238,10.712067999999999
2018-03-02 00:00:00+00:00,5.4507959999999995,1.4711999999999998,0.018199999999999997,6.940195999999999
2018-03-02 01:00:00+00:00,3.1557239999999998,0.6865600000000001,0.013999999999999999,3.8562839999999996
2018-03-02 02:00:00+00:00,1.5778619999999999,0.29424,0.018199999999999997,1.890302
2018-03-02 03:00:00+00:00,1.1475360000000001,0.19616,0.0294,1.373096
2018-03-02 04:00:00+00:00,1.5778619999999999,0.19616,0.043399999999999994,1.817422
2018-03-02 05:00:00+00:00,1.4344199999999998,0.19616,0.018199999999999997,1.6487799999999997
2018-03-02 06:00:00+00:00,0.14344200000000001,0.0,0.0014,0.14484200000000003
2018-03-02 07:00:00+00:00,0.14344200000000001,0.39232,0.0168,0.5525620000000001
2018-03-02 08:00:00+00:00,0.43032600000000004,0.58848,0.020999999999999998,1.039806
2018-03-02 09:00:00+00:00,0.5737680000000001,0.39232,0.0336,0.999688
2018-03-02 10:00:00+00:00,0.8606520000000001,0.29424,0.0462,1.201092
2018-03-02 11:00:00+00:00,1.4344199999999998,0.39232,0.0574,1.8841399999999997
2018-03-02 12:00:00+00:00,2.15163,0.39232,0.0784,2.6223499999999995
2018-03-02 13:00:00+00:00,1.8647459999999998,1.17696,0.1162,3.1579059999999997
2018-03-02 14:00:00+00:00,2.008188,2.452,0.1568,4.616988
2018-03-02 15:00:00+00:00,2.2950720000000002,5.4924800000000005,0.13999999999999999,7.927552
2018-03-02 16:00:00+00:00,2.438514,5.98288,0.063,8.484394
2018-03-02 17:00:00+00:00,2.2950720000000002,6.27712,0.020999999999999998,8.593192000000002
2018-03-02 18:00:00+00:00,2.7253979999999998,7.356,0.0238,10.105198
2018-03-02 19:00:00+00:00,8.176194,9.90608,0.0574,18.139674
2018-03-02 20:00:00+00:00,19.508112,12.65232,0.11199999999999999,32.272432
2018-03-02 21:00:00+00:00,30.553145999999998,12.94656,0.14839999999999998,43.648106
2018-03-02 22:00:00+00:00,36.147384,9.317599999999999,0.15539999999999998,45.620384
2018-03-02 23:00:00+00:00,33.278544000000004,5.00208,0.1498,38.430424
2018-03-03 00:00:00+00:00,24.241698,1.76544,0.1498,26.156937999999997
2018-03-03 01:00:00+00:00,13.770432000000001,0.39232,0.147,14.309752000000001
2018-03-03 02:00:00+00:00,7.315542,0.29424,0.161,7.770782
2018-03-03 03:00:00+00:00,5.163912,0.4904,0.2366,5.890912
2018-03-03 04:00:00+00:00,4.446701999999999,0.58848,0.35,5.385181999999999
2018-03-03 05:00:00+00:00,4.1598180000000005,0.4904,0.26599999999999996,4.916218000000001
2018-03-03 06:00:00+00:00,2.2950720000000002,0.88272,0.05039999999999999,3.228192
2018-03-03 07:00:00+00:00,3.7294919999999996,4.4136,0.0462,8.189292
2018-03-03 08:00:00+00:00,6.168005999999999,7.45408,0.06999999999999999,13.692086
2018-03-03 09:00:00+00:00,8.60652,9.808,0.0882,18.50272
2018-03-03 10:00:00+00:00,9.467172,12.063839999999999,0.09939999999999999,21.630411999999996
2018-03-03 11:00:00+00:00,8.176194,13.338880000000001,0.0938,21.608874000000004
2018-03-03 12:00:00+00:00,5.881122,13.633120000000002,0.0896,19.603842000000004
2018-03-03 13:00:00+00:00,2.8688399999999996,12.26,0.0812,15.210040000000001
2018-03-03 14:00:00+00:00,0.43032600000000004,10.984960000000001,0.07279999999999999,11.488086000000003
2018-03-03 15:00:00+00:00,0.0,9.317599999999999,0.061599999999999995,9.379199999999999
2018-03-03 16:00:00+00:00,0.0,5.00208,0.020999999999999998,5.02308
2018-03-03 17:00:00+00:00,0.43032600000000004,2.9423999999999997,0.0056,3.3783259999999995
2018-03-03 18:00:00+00:00,2.15163,2.452,0.0112,4.6148299999999995
2018-03-03 19:00:00+00:00,4.446701999999999,2.7462400000000002,0.0406,7.233542
2018-03-03 20:00:00+00:00,6.885216000000001,3.53088,0.10079999999999999,10.516896
2018-03-03 21:00:00+00:00,9.754056,4.217439999999999,0.161,14.132495999999998
2018-03-03 22:00:00+00:00,10.75815,4.60976,0.1876,15.55551
2018-03-03 23:00:00+00:00,10.327824,4.511679999999999,0.1946,15.034103999999997
2018-03-04 00:00:00+00:00,9.897498,4.4136,0.20579999999999998,14.516898000000001
2018-03-04 01:00:00+00:00,10.184381999999998,4.11936,0.2296,14.533341999999998
2018-03-04 02:00:00+00:00,11.045034,3.53088,0.252,14.827914
2018-03-04 03:00:00+00:00,12.622895999999999,2.35392,0.26739999999999997,15.244216
2018-03-04 04:00:00+00:00,15.635178,1.76544,0.28559999999999997,17.686218
2018-03-04 05:00:00+00:00,14.3442,1.3731200000000001,0.2506,15.967920000000001
2018-03-04 06:00:00+00:00,6.45489,1.0788799999999998,0.07279999999999999,7.60657
2018-03-04 07:00:00+00:00,5.163912,2.84432,0.054599999999999996,8.062832
2018-03-04 08:00:00+00:00,5.307353999999999,4.4136,0.077,9.797953999999999
2018-03-04 09:00:00+00:00,5.307353999999999,6.08096,0.08259999999999999,11.470913999999999
2018-03-04 10:00:00+00:00,5.4507959999999995,8.631039999999999,0.09939999999999999,14.181235999999998
2018-03-04 11:00:00+00:00,5.594238,12.94656,0.119,18.659798
2018-03-04 12:00:00+00:00,4.016376,17.458239999999996,0.12179999999999998,21.596415999999998
2018-03-04 13:00:00+00:00,1.290978,16.96784,0.09939999999999999,18.358217999999997
2018-03-04 14:00:00+00:00,0.14344200000000001,12.063839999999999,0.049,12.256281999999999
2018-03-04 15:00:00+00:00,0.14344200000000001,4.904,0.0056,5.0530420000000005
2018-03-04 16:00:00+00:00,2.438514,1.27504,0.0,3.7135540000000002
2018-03-04 17:00:00+00:00,13.053222,0.29424,0.013999999999999999,13.361462
2018-03-04 18:00:00+00:00,29.262168,0.78464,0.1162,30.163007999999998
2018-03-04 19:00:00+00:00,45.471114,2.452,0.3024,48.225514
2018-03-04 20:00:00+00:00,62.540712,6.17904,0.5306,69.250352
2018-03-04 21:00:00+00:00,75.737376,11.67152,0.6846,88.093496
2018-03-04 22:00:00+00:00,78.749658,17.06592,0.7462,96.56177799999999
2018-03-04 23:00:00+00:00,72.86853599999999,22.46032,0.7434,96.07225599999998
2018-03-05 00:00:00+00:00,63.11447999999999,28.05088,0.6538,91.81916
2018-03-05 01:00:00+00:00,57.089916,34.8184,0.5614,92.469716
2018-03-05 02:00:00+00:00,54.077634,40.80128,0.4606,95.33951400000001
2018-03-05 03:00:00+00:00,53.647308,48.059200000000004,0.34019999999999995,102.04670800000001
2018-03-05 04:00:00+00:00,51.63912,54.53248000000001,0.2352,106.40680000000002
2018-03-05 05:00:00+00:00,40.307202000000004,45.70528,0.10919999999999999,86.121682
2018-03-05 06:00:00+00:00,38.72934,44.72448000000001,0.043399999999999994,83.49722000000001
2018-03-05 07:00:00+00:00,72.58165199999999,75.71776,0.08259999999999999,148.382012
2018-03-05 08:00:00+00:00,79.753752,80.0,0.1568,159.91055200000002
2018-03-05 09:00:00+00:00,84.34389599999999,80.0,0.2366,164.58049599999998
2018-03-05 10:00:00+00:00,82.335708,80.0,0.2576,162.593308
2018-03-05 11:00:00+00:00,77.31523800000001,80.0,0.259,157.574238
2018-03-05 12:00:00+00:00,66.84397200000001,79.05248,0.25339999999999996,146.149852
2018-03-05 13:00:00+00:00,39.303108,72.18687999999999,0.24359999999999996,111.73358799999998
2018-03-05 14:00:00+00:00,22.663836,63.751999999999995,0.26599999999999996,86.681836
2018-03-05 15:00:00+00:00,19.508112,61.496159999999996,0.33459999999999995,81.338872
2018-03-05 16:00:00+00:00,7.889309999999999,55.317119999999996,0.20159999999999997,63.40803
2018-03-05 17:00:00+00:00,0.28688400000000003,41.78208,0.043399999999999994,42.112364
2018-03-05 18:00:00+00:00,2.7253979999999998,27.854719999999997,0.0,30.580117999999995
2018-03-05 19:00:00+00:00,18.217133999999998,24.127679999999998,0.0028,42.347614
2018-03-05 20:00:00+00:00,38.72934,25.206560000000003,0.061599999999999995,63.9975
2018-03-05 21:00:00+00:00,53.503865999999995,30.79712,0.1848,84.48578599999999
2018-03-05 22:00:00+00:00,59.958755999999994,39.232,0.20719999999999997,99.397956
2018-03-05 23:00:00+00:00,64.97922600000001,51.295840000000005,0.1862,116.46126600000001
2018-03-06 00:00:00+00:00,67.84806599999999,62.08464,0.20579999999999998,130.138506
2018-03-06 01:00:00+00:00,67.41774,65.90976,0.24779999999999996,133.5753
2018-03-06 02:00:00+00:00,72.43821,63.55584,0.3906,136.38465000000002
2018-03-06 03:00:00+00:00,89.364366,65.7136,0.595,155.672966
2018-03-06 04:00:00+00:00,109.73312999999999,73.85424,0.7083999999999999,184.29577
2018-03-06 05:00:00+00:00,115.040484,69.24448,0.518,184.802964
2018-03-06 06:00:00+00:00,94.815162,68.26368,0.17359999999999998,163.252442
2018-03-06 07:00:00+00:00,113.175738,80.0,0.6272,193.80293799999998
2018-03-06 08:00:00+00:00,117.0,80.0,1.1563999999999999,198.1564
2018-03-06 09:00:00+00:00,117.0,80.0,1.1718,198.1718
2018-03-06 10:00:00+00:00,117.0,80.0,1.1214,198.1214
2018-03-06 11:00:00+00:00,117.0,80.0,1.0555999999999999,198.0556
2018-03-06 12:00:00+00:00,116.761788,80.0,0.9072,197.66898799999998
2018-03-06 13:00:00+00:00,74.58984000000001,80.0,0.644,155.23384000000001
2018-03-06 14:00:00+00:00,25.676117999999995,75.32544,0.35419999999999996,101.355758
2018-03-06 15:00:00+00:00,7.458983999999999,51.88432,0.3024,59.645704
2018-03-06 16:00:00+00:00,0.43032600000000004,28.63936,0.20019999999999996,29.269886
2018-03-06 17:00:00+00:00,0.0,11.86768,0.091,11.95868
2018-03-06 18:00:00+00:00,0.43032600000000004,12.65232,0.0448,13.127446
2018-03-06 19:00:00+00:00,2.581956,20.49872,0.0322,23.112875999999996
2018-03-06 20:00:00+00:00,4.30326,28.63936,0.0238,32.96642
2018-03-06 21:00:00+00:00,3.1557239999999998,30.01248,0.0112,33.179404000000005
2018-03-06 22:00:00+00:00,1.5778619999999999,26.4816,0.0098,28.069262
2018-03-06 23:00:00+00:00,1.004094,21.28336,0.015399999999999999,22.302853999999996
2018-03-07 00:00:00+00:00,1.1475360000000001,15.30048,0.015399999999999999,16.463416
2018-03-07 01:00:00+00:00,1.4344199999999998,11.08304,0.006999999999999999,12.52446
2018-03-07 02:00:00+00:00,1.290978,9.317599999999999,0.0042,10.612777999999999
2018-03-07 03:00:00+00:00,1.7213040000000002,8.925279999999999,0.0028,10.649384
2018-03-07 04:00:00+00:00,1.8647459999999998,9.808,0.0014,11.674146
2018-03-07 05:00:00+00:00,1.8647459999999998,5.78672,0.0,7.651465999999999
2018-03-07 06:00:00+00:00,3.4426080000000003,10.20032,0.0,13.642928
2018-03-07 07:00:00+00:00,6.3114479999999995,24.42192,0.0028,30.736168
2018-03-07 08:00:00+00:00,9.323730000000001,36.68192,0.0084,46.014050000000005
2018-03-07 09:00:00+00:00,13.62699,47.37264,0.018199999999999997,61.01783
2018-03-07 10:00:00+00:00,15.348294,53.551680000000005,0.043399999999999994,68.943374
2018-03-07 11:00:00+00:00,14.631084,55.709439999999994,0.0812,70.42172399999998
2018-03-07 12:00:00+00:00,12.479453999999999,54.238240000000005,0.1148,66.83249400000001
2018-03-07 13:00:00+00:00,8.032752,48.255359999999996,0.12739999999999999,56.415512
2018-03-07 14:00:00+00:00,1.8647459999999998,28.541279999999997,0.1134,30.519425999999996
2018-03-07 15:00:00+00:00,0.28688400000000003,15.59472,0.08259999999999999,15.964204
2018-03-07 16:00:00+00:00,0.14344200000000001,7.356,0.0224,7.521842
2018-03-07 17:00:00+00:00,0.28688400000000003,3.04048,0.0,3.327364
2018-03-07 18:00:00+00:00,3.0122820000000003,1.56928,0.0028,4.584362
2018-03-07 19:00:00+00:00,9.897498,0.9808,0.0672,10.945498
2018-03-07 20:00:00+00:00,17.069598,1.17696,0.1792,18.425758000000002
2018-03-07 21:00:00+00:00,20.942531999999996,1.9616,0.2786,23.182731999999998
2018-03-07 22:00:00+00:00,20.368763999999995,2.9423999999999997,0.39899999999999997,23.710163999999995
2018-03-07 23:00:00+00:00,19.794996,4.02128,0.574,24.390276000000004
2018-03-08 00:00:00+00:00,22.376952,5.4924800000000005,0.7462,28.615631999999998
2018-03-08 01:00:00+00:00,28.975284,8.140640000000001,0.8792,37.995124
2018-03-08 02:00:00+00:00,41.59818,11.67152,1.0164,54.2861
2018-03-08 03:00:00+00:00,58.237452000000005,17.458239999999996,1.0472,76.74289200000001
2018-03-08 04:00:00+00:00,79.753752,25.5008,1.029,106.283552
2018-03-08 05:00:00+00:00,92.089764,29.52208,0.8413999999999999,122.453244
2018-03-08 06:00:00+00:00,83.48324399999998,25.79504,0.5558,109.83408399999999
2018-03-08 07:00:00+00:00,69.999696,35.40688,0.34159999999999996,105.748176
2018-03-08 08:00:00+00:00,95.675814,44.72448000000001,0.7854,141.185694
2018-03-08 09:00:00+00:00,101.70037799999999,56.49408,1.071,159.265458
2018-03-08 10:00:00+00:00,98.25777000000001,71.5984,1.1186,170.97477
2018-03-08 11:00:00+00:00,92.806974,80.0,0.8623999999999999,173.669374
2018-03-08 12:00:00+00:00,105.286428,80.0,0.5614,185.847828
2018-03-08 13:00:00+00:00,64.262016,80.0,0.29679999999999995,144.558816
2018-03-08 14:00:00+00:00,14.631084,74.24656,0.2996,89.177244
2018-03-08 15:00:00+00:00,7.745868,58.55376,0.46199999999999997,66.761628
2018-03-08 16:00:00+00:00,5.307353999999999,42.95904,0.511,48.777394
2018-03-08 17:00:00+00:00,7.458983999999999,38.64352,0.4871999999999999,46.589704000000005
2018-03-08 18:00:00+00:00,11.475359999999998,47.66687999999999,0.371,59.51323999999999
2018-03-08 19:00:00+00:00,11.905686,47.66687999999999,0.35419999999999996,59.92676599999999
2018-03-08 20:00:00+00:00,15.778619999999998,45.70528,0.42279999999999995,61.9067
2018-03-08 21:00:00+00:00,19.651554,52.27664,0.511,72.439194
2018-03-08 22:00:00+00:00,19.221228,56.29791999999999,0.5264,76.04554799999998
2018-03-08 23:00:00+00:00,18.217133999999998,56.29791999999999,0.4871999999999999,75.002254
2018-03-09 00:00:00+00:00,16.49583,50.020799999999994,0.49279999999999996,67.00943
2018-03-09 01:00:00+00:00,16.208946,45.70528,0.518,62.432226
2018-03-09 02:00:00+00:00,16.208946,46.09759999999999,0.4606,62.767146
2018-03-09 03:00:00+00:00,17.21304,48.15728,0.4564,65.82672
2018-03-09 04:00:00+00:00,17.499924,41.09551999999999,0.518,59.113443999999994
2018-03-09 05:00:00+00:00,14.487642,42.66479999999999,0.6412,57.79364199999999
2018-03-09 06:00:00+00:00,27.827748,68.26368,0.8273999999999999,96.91882799999999
2018-03-09 07:00:00+00:00,49.344047999999994,79.24864,0.9324,129.52508799999998
2018-03-09 08:00:00+00:00,66.70053,80.0,1.0024,147.70293
2018-03-09 09:00:00+00:00,76.884912,80.0,1.015,157.89991199999997
2018-03-09 10:00:00+00:00,80.61440400000001,80.0,0.9534,161.567804
2018-03-09 11:00:00+00:00,82.335708,80.0,0.8567999999999999,163.192508
2018-03-09 12:00:00+00:00,83.19636,80.0,0.7462,163.94256
2018-03-09 13:00:00+00:00,62.110386,80.0,0.6244,142.734786
2018-03-09 14:00:00+00:00,34.999848,69.04831999999999,0.41859999999999997,104.46676799999999
2018-03-09 15:00:00+00:00,27.97119,53.84592,0.301,82.11811
2018-03-09 16:00:00+00:00,20.368763999999995,45.116800000000005,0.23099999999999998,65.71656399999999
2018-03-09 17:00:00+00:00,10.184381999999998,34.42608,0.1344,44.744862
2018-03-09 18:00:00+00:00,3.58605,26.972,0.0756,30.633650000000003
2018-03-09 19:00:00+00:00,1.8647459999999998,23.73536,0.034999999999999996,25.635106
2018-03-09 20:00:00+00:00,1.4344199999999998,22.067999999999998,0.0112,23.513619999999996
2018-03-09 21:00:00+00:00,1.4344199999999998,17.36016,0.0028,18.79738
2018-03-09 22:00:00+00:00,1.4344199999999998,11.769599999999999,0.0014,13.205419999999998
2018-03-09 23:00:00+00:00,1.7213040000000002,7.65024,0.0,9.371544
2018-03-10 00:00:00+00:00,1.290978,4.4136,0.0,5.704578
2018-03-10 01:00:00+00:00,1.004094,1.76544,0.0,2.769534
2018-03-10 02:00:00+00:00,1.290978,0.58848,0.0,1.879458
2018-03-10 03:00:00+00:00,2.008188,0.29424,0.0,2.302428
2018-03-10 04:00:00+00:00,2.581956,0.19616,0.0,2.778116
2018-03-10 05:00:00+00:00,0.14344200000000001,0.09808,0.0,0.24152200000000001
2018-03-10 06:00:00+00:00,0.0,0.0,0.0014,0.0014
2018-03-10 07:00:00+00:00,0.28688400000000003,0.0,0.0028,0.28968400000000005
2018-03-10 08:00:00+00:00,3.2991659999999996,1.4711999999999998,0.0168,4.787165999999999
2018-03-10 09:00:00+00:00,7.315542,7.65024,0.041999999999999996,15.007782
2018-03-10 10:00:00+00:00,10.327824,18.046719999999997,0.0686,28.443143999999997
2018-03-10 11:00:00+00:00,10.614707999999998,26.972,0.10219999999999999,37.688908000000005
2018-03-10 12:00:00+00:00,9.897498,30.11056,0.1386,40.146657999999995
2018-03-10 13:00:00+00:00,10.614707999999998,29.718239999999998,0.1848,40.517748
2018-03-10 14:00:00+00:00,13.770432000000001,29.424,0.24219999999999997,43.436631999999996
2018-03-10 15:00:00+00:00,22.376952,30.8952,0.3514,53.623552
2018-03-10 16:00:00+00:00,33.70887,32.3664,0.3864,66.46166999999998
2018-03-10 17:00:00+00:00,24.098256000000003,30.8952,0.29819999999999997,55.291656
2018-03-10 18:00:00+00:00,9.897498,25.991200000000003,0.16519999999999999,36.053898000000004
2018-03-10 19:00:00+00:00,3.1557239999999998,19.51792,0.0588,22.732444
2018-03-10 20:00:00+00:00,1.4344199999999998,14.221599999999999,0.0112,15.667219999999999
2018-03-10 21:00:00+00:00,0.8606520000000001,11.96576,0.0042,12.830612
2018-03-10 22:00:00+00:00,0.5737680000000001,10.49456,0.0056,11.073927999999999
2018-03-10 23:00:00+00:00,0.28688400000000003,9.51376,0.0098,9.810444
2018-03-11 00:00:00+00:00,0.28688400000000003,10.20032,0.0098,10.497004
2018-03-11 01:00:00+00:00,0.5737680000000001,12.35808,0.006999999999999999,12.938847999999998
2018-03-11 02:00:00+00:00,1.004094,14.515839999999999,0.006999999999999999,15.526933999999999
2018-03-11 03:00:00+00:00,1.290978,14.61392,0.015399999999999999,15.920297999999999
2018-03-11 04:00:00+00:00,1.7213040000000002,10.00416,0.0392,11.764664
2018-03-11 05:00:00+00:00,1.5778619999999999,6.08096,0.0056,7.664422
2018-03-11 06:00:00+00:00,0.43032600000000004,2.05968,0.0,2.490006
2018-03-11 07:00:00+00:00,0.0,0.09808,0.0,0.09808
2018-03-11 08:00:00+00:00,0.0,0.0,0.0,0.0
2018-03-11 09:00:00+00:00,0.0,0.0,0.0,0.0
2018-03-11 10:00:00+00:00,0.14344200000000001,0.0,0.0014,0.14484200000000003
2018-03-11 11:00:00+00:00,0.5737680000000001,0.09808,0.0112,0.683048
2018-03-11 12:00:00+00:00,2.2950720000000002,1.17696,0.0462,3.5182320000000002
2018-03-11 13:00:00+00:00,3.4426080000000003,4.904,0.12459999999999999,8.471207999999999
2018-03-11 14:00:00+00:00,3.1557239999999998,7.45408,0.25339999999999996,10.863204
2018-03-11 15:00:00+00:00,4.1598180000000005,17.94864,0.4508,22.559258000000003
2018-03-11 16:00:00+00:00,6.885216000000001,22.85264,0.39899999999999997,30.136856
2018-03-11 17:00:00+00:00,7.315542,20.89104,0.21,28.416582000000002
2018-03-11 18:00:00+00:00,3.2991659999999996,14.31968,0.08679999999999999,17.705645999999998
2018-03-11 19:00:00+00:00,1.290978,8.04256,0.025199999999999997,9.358738
2018-03-11 20:00:00+00:00,1.004094,5.4924800000000005,0.0028,6.499374
2018-03-11 21:00:00+00:00,1.004094,4.60976,0.0,5.613854
2018-03-11 22:00:00+00:00,1.290978,3.9232,0.0,5.214178
2018-03-11 23:00:00+00:00,1.290978,3.4328000000000003,0.006999999999999999,4.730778
2018-03-12 00:00:00+00:00,2.008188,3.23664,0.015399999999999999,5.260228
2018-03-12 01:00:00+00:00,2.7253979999999998,3.3347200000000004,0.0084,6.068518
2018-03-12 02:00:00+00:00,3.1557239999999998,3.72704,0.0042,6.886964
2018-03-12 03:00:00+00:00,3.4426080000000003,4.315519999999999,0.0056,7.7637279999999995
2018-03-12 04:00:00+00:00,2.8688399999999996,4.217439999999999,0.0084,7.0946799999999985
2018-03-12 05:00:00+00:00,0.43032600000000004,1.0788799999999998,0.0,1.5092059999999998
2018-03-12 06:00:00+00:00,0.14344200000000001,0.58848,0.0,0.731922
2018-03-12 07:00:00+00:00,0.0,1.4711999999999998,0.0,1.4711999999999998
2018-03-12 08:00:00+00:00,0.0,0.9808,0.0,0.9808
2018-03-12 09:00:00+00:00,0.0,0.39232,0.0,0.39232
2018-03-12 10:00:00+00:00,0.0,0.39232,0.0042,0.39652
2018-03-12 11:00:00+00:00,0.0,0.39232,0.0098,0.40212
2018-03-12 12:00:00+00:00,0.7172099999999999,0.9808,0.018199999999999997,1.71621
2018-03-12 13:00:00+00:00,2.7253979999999998,2.6481600000000003,0.0476,5.421158
2018-03-12 14:00:00+00:00,4.877028,5.3944,0.1358,10.407228
2018-03-12 15:00:00+00:00,4.30326,13.53504,0.3262,18.1645
2018-03-12 16:00:00+00:00,3.4426080000000003,11.08304,0.39899999999999997,14.924648
2018-03-12 17:00:00+00:00,4.5901440000000004,7.7483200000000005,0.24219999999999997,12.580664000000002
2018-03-12 18:00:00+00:00,3.4426080000000003,5.10016,0.11199999999999999,8.654768
2018-03-12 19:00:00+00:00,1.004094,2.84432,0.0224,3.870814
2018-03-12 20:00:00+00:00,0.14344200000000001,0.88272,0.0014,1.027562
2018-03-12 21:00:00+00:00,0.0,0.19616,0.0,0.19616
2018-03-12 22:00:00+00:00,0.0,0.09808,0.0,0.09808
2018-03-12 23:00:00+00:00,0.0,0.0,0.0,0.0
2018-03-13 00:00:00+00:00,0.0,0.19616,0.0,0.19616
2018-03-13 01:00:00+00:00,0.0,0.6865600000000001,0.0,0.6865600000000001
2018-03-13 02:00:00+00:00,0.14344200000000001,1.27504,0.0,1.418482
2018-03-13 03:00:00+00:00,0.14344200000000001,0.9808,0.0014,1.125642
2018-03-13 04:00:00+00:00,0.14344200000000001,0.19616,0.006999999999999999,0.346602
2018-03-13 05:00:00+00:00,0.0,0.0,0.0028,0.0028
2018-03-13 06:00:00+00:00,0.0,0.0,0.0,0.0
2018-03-13 07:00:00+00:00,0.0,0.09808,0.0,0.09808
2018-03-13 08:00:00+00:00,0.0,0.58848,0.0014,0.58988
2018-03-13 09:00:00+00:00,0.14344200000000001,2.05968,0.006999999999999999,2.210122
2018-03-13 10:00:00+00:00,4.5901440000000004,8.729119999999998,0.0224,13.341663999999998
2018-03-13 11:00:00+00:00,11.045034,19.125600000000002,0.06019999999999999,30.230833999999998
2018-03-13 12:00:00+00:00,10.184381999999998,26.4816,0.12179999999999998,36.787782
2018-03-13 13:00:00+00:00,6.3114479999999995,28.63936,0.1512,35.102008000000005
2018-03-13 14:00:00+00:00,2.7253979999999998,25.69696,0.18059999999999998,28.602957999999997
2018-03-13 15:00:00+00:00,1.4344199999999998,22.067999999999998,0.2324,23.734819999999996
2018-03-13 16:00:00+00:00,1.004094,16.77168,0.1918,17.967574
2018-03-13 17:00:00+00:00,0.5737680000000001,12.45616,0.08679999999999999,13.116728
2018-03-13 18:00:00+00:00,0.14344200000000001,9.21952,0.0112,9.374162
2018-03-13 19:00:00+00:00,0.0,5.78672,0.0,5.78672
2018-03-13 20:00:00+00:00,0.0,3.23664,0.0,3.23664
2018-03-13 21:00:00+00:00,0.0,1.6673600000000002,0.0028,1.67016
2018-03-13 22:00:00+00:00,0.14344200000000001,1.0788799999999998,0.0056,1.227922
2018-03-13 23:00:00+00:00,0.14344200000000001,0.9808,0.0056,1.129842
2018-03-14 00:00:00+00:00,0.14344200000000001,0.78464,0.0056,0.9336820000000001
2018-03-14 01:00:00+00:00,0.14344200000000001,0.78464,0.0084,0.936482
2018-03-14 02:00:00+00:00,0.14344200000000001,0.9808,0.013999999999999999,1.138242
2018-03-14 03:00:00+00:00,0.14344200000000001,0.6865600000000001,0.0266,0.8566020000000001
2018-03-14 04:00:00+00:00,0.14344200000000001,0.19616,0.055999999999999994,0.395602
2018-03-14 05:00:00+00:00,0.14344200000000001,0.0,0.018199999999999997,0.161642
2018-03-14 06:00:00+00:00,0.14344200000000001,0.0,0.0294,0.17284200000000002
2018-03-14 07:00:00+00:00,1.004094,0.4904,0.1134,1.607894
2018-03-14 08:00:00+00:00,6.024564000000001,2.9423999999999997,0.25339999999999996,9.220364
2018-03-14 09:00:00+00:00,12.19257,9.41568,0.4326,22.04085
2018-03-14 10:00:00+00:00,16.926156,18.1448,0.602,35.67295599999999
2018-03-14 11:00:00+00:00,20.08188,25.69696,0.714,46.49284
2018-03-14 12:00:00+00:00,20.512206,29.129759999999997,0.742,50.383965999999994
2018-03-14 13:00:00+00:00,21.229415999999997,27.952799999999996,0.6663999999999999,49.848616
2018-03-14 14:00:00+00:00,20.368763999999995,24.225759999999998,0.41719999999999996,45.011723999999994
2018-03-14 15:00:00+00:00,24.528582,24.127679999999998,0.30379999999999996,48.960062
2018-03-14 16:00:00+00:00,19.221228,23.24496,0.19739999999999996,42.663588000000004
2018-03-14 17:00:00+00:00,5.307353999999999,17.94864,0.0588,23.314794000000003
2018-03-14 18:00:00+00:00,0.7172099999999999,11.08304,0.006999999999999999,11.80725
2018-03-14 19:00:00+00:00,0.43032600000000004,5.3944,0.0,5.824726
2018-03-14 20:00:00+00:00,0.28688400000000003,1.9616,0.0,2.248484
2018-03-14 21:00:00+00:00,0.14344200000000001,0.6865600000000001,0.0014,0.8314020000000001
2018-03-14 22:00:00+00:00,0.0,0.4904,0.0014,0.4918
2018-03-14 23:00:00+00:00,0.0,0.58848,0.0028,0.59128
2018-03-15 00:00:00+00:00,0.0,0.19616,0.0028,0.19896
2018-03-15 01:00:00+00:00,0.0,0.0,0.0014,0.0014
2018-03-15 02:00:00+00:00,0.0,0.0,0.0014,0.0014
2018-03-15 03:00:00+00:00,0.0,0.0,0.0014,0.0014
2018-03-15 04:00:00+00:00,0.0,0.09808,0.0014,0.09948
2018-03-15 05:00:00+00:00,0.0,0.19616,0.0,0.19616
2018-03-15 06:00:00+00:00,0.0,0.19616,0.0014,0.19756
2018-03-15 07:00:00+00:00,0.8606520000000001,3.23664,0.0,4.097292
2018-03-15 08:00:00+00:00,12.622895999999999,11.96576,0.012599999999999998,24.601256
2018-03-15 09:00:00+00:00,23.954814000000002,24.61808,0.0462,48.619094000000004
2018-03-15 10:00:00+00:00,23.381046,31.77792,0.055999999999999994,55.214966000000004
2018-03-15 11:00:00+00:00,32.131008,34.13184,0.13299999999999998,66.39584799999999
2018-03-15 12:00:00+00:00,92.950416,55.80752,0.21839999999999998,148.976336
2018-03-15 13:00:00+00:00,117.0,80.0,0.0294,197.0294
2018-03-15 14:00:00+00:00,100.98316799999999,80.0,0.034999999999999996,181.01816799999997
2018-03-15 15:00:00+00:00,4.1598180000000005,80.0,0.091,84.250818
2018-03-15 16:00:00+00:00,4.30326,39.82048,0.1442,44.26794
2018-03-15 17:00:00+00:00,14.631084,11.57344,0.10219999999999999,26.306724
2018-03-15 18:00:00+00:00,14.917967999999998,9.12144,0.055999999999999994,24.095408
2018-03-15 19:00:00+00:00,14.917967999999998,7.8464,0.0238,22.788168
2018-03-15 20:00:00+00:00,10.327824,10.49456,0.0056,20.827984
2018-03-15 21:00:00+00:00,5.307353999999999,7.2579199999999995,0.0,12.565273999999999
2018-03-15 22:00:00+00:00,3.1557239999999998,4.60976,0.0,7.765483999999999
2018-03-15 23:00:00+00:00,4.5901440000000004,8.8272,0.0,13.417344
2018-03-16 00:00:00+00:00,3.2991659999999996,15.496640000000001,0.0,18.795806
2018-03-16 01:00:00+00:00,1.8647459999999998,14.515839999999999,0.0014,16.381985999999998
2018-03-16 02:00:00+00:00,1.004094,11.279200000000001,0.0056,12.288894
2018-03-16 03:00:00+00:00,0.7172099999999999,12.84848,0.0196,13.58529
2018-03-16 04:00:00+00:00,0.43032600000000004,11.86768,0.0532,12.351206000000001
2018-03-16 05:00:00+00:00,1.1475360000000001,9.317599999999999,0.1344,10.599535999999999
2018-03-16 06:00:00+00:00,4.733586,14.712,0.24079999999999996,19.686386
2018-03-16 07:00:00+00:00,9.180288000000001,21.47952,0.3374,30.997208
2018-03-16 08:00:00+00:00,16.639272000000002,31.28752,0.46199999999999997,48.38879200000001
2018-03-16 09:00:00+00:00,25.963002,44.33216,0.6005999999999999,70.895762
2018-03-16 10:00:00+00:00,32.561334,56.78831999999999,0.693,90.04265399999998
2018-03-16 11:00:00+00:00,34.856406,62.182719999999996,0.6706,97.70972599999999
2018-03-16 12:00:00+00:00,33.278544000000004,60.02496,0.5963999999999999,93.899904
2018-03-16 13:00:00+00:00,32.131008,52.865120000000005,0.5277999999999999,85.523928
2018-03-16 14:00:00+00:00,30.12282,43.253280000000004,0.40179999999999993,73.7779
2018-03-16 15:00:00+00:00,29.118726000000002,42.07632,0.3388,71.53384600000001
2018-03-16 16:00:00+00:00,25.389234,39.82048,0.3262,65.535914
2018-03-16 17:00:00+00:00,17.499924,30.60096,0.24639999999999998,48.347284
2018-03-16 18:00:00+00:00,9.897498,23.63728,0.11199999999999999,33.646778000000005
2018-03-16 19:00:00+00:00,2.8688399999999996,17.94864,0.027999999999999997,20.84548
2018-03-16 20:00:00+00:00,0.5737680000000001,11.08304,0.006999999999999999,11.663808
2018-03-16 21:00:00+00:00,0.14344200000000001,7.55216,0.0028,7.698402
2018-03-16 22:00:00+00:00,0.0,5.884799999999999,0.0014,5.8862
2018-03-16 23:00:00+00:00,0.0,4.315519999999999,0.0014,4.31692
2018-03-17 00:00:00+00:00,0.0,2.35392,0.006999999999999999,2.36092
2018-03-17 01:00:00+00:00,0.14344200000000001,0.9808,0.0196,1.143842
2018-03-17 02:00:00+00:00,0.43032600000000004,0.4904,0.0392,0.9599260000000001
2018-03-17 03:00:00+00:00,1.5778619999999999,0.78464,0.0588,2.4213020000000003
2018-03-17 04:00:00+00:00,5.307353999999999,1.86352,0.041999999999999996,7.212873999999999
2018-03-17 05:00:00+00:00,2.7253979999999998,1.86352,0.0042,4.593118
2018-03-17 06:00:00+00:00,0.8606520000000001,1.0788799999999998,0.0,1.9395319999999998
2018-03-17 07:00:00+00:00,0.28688400000000003,0.0,0.0,0.28688400000000003
2018-03-17 08:00:00+00:00,0.14344200000000001,0.0,0.0,0.14344200000000001
2018-03-17 09:00:00+00:00,0.0,0.0,0.0,0.0
2018-03-17 10:00:00+00:00,0.14344200000000001,0.0,0.0028,0.146242
2018-03-17 11:00:00+00:00,1.4344199999999998,0.0,0.0056,1.4400199999999999
2018-03-17 12:00:00+00:00,4.5901440000000004,0.0,0.018199999999999997,4.608344000000001
2018-03-17 13:00:00+00:00,7.028658000000001,0.29424,0.06019999999999999,7.383098000000001
2018-03-17 14:00:00+00:00,12.622895999999999,2.84432,0.1848,15.652015999999998
2018-03-17 15:00:00+00:00,20.368763999999995,10.886880000000001,0.2394,31.495043999999996
2018-03-17 16:00:00+00:00,17.499924,20.106399999999997,0.12039999999999998,37.726724
2018-03-17 17:00:00+00:00,11.475359999999998,29.718239999999998,0.061599999999999995,41.255199999999995
2018-03-17 18:00:00+00:00,17.499924,40.703199999999995,0.043399999999999994,58.246523999999994
2018-03-17 19:00:00+00:00,22.807278,47.76496,0.0588,70.631038
2018-03-17 20:00:00+00:00,35.573615999999994,50.60928,0.20019999999999996,86.383096
2018-03-17 21:00:00+00:00,60.819407999999996,54.53248000000001,0.46199999999999997,115.813888
2018-03-17 22:00:00+00:00,89.65125,60.3192,0.6538,150.62425
2018-03-17 23:00:00+00:00,112.02820200000001,64.2424,0.7826000000000001,177.053202
2018-03-18 00:00:00+00:00,117.0,70.51952,0.8792,188.39872
2018-03-18 01:00:00+00:00,117.0,75.32544,0.8946,193.22004
2018-03-18 02:00:00+00:00,117.0,76.30624,0.8357999999999999,194.14204
2018-03-18 03:00:00+00:00,117.0,75.22736,0.8161999999999999,193.04356
2018-03-18 04:00:00+00:00,117.0,70.91184,0.6663999999999999,188.57824
2018-03-18 05:00:00+00:00,117.0,56.49408,0.3654,173.85948
2018-03-18 06:00:00+00:00,115.18392600000001,69.44064,0.5207999999999999,185.14536600000002
2018-03-18 07:00:00+00:00,113.46262200000001,69.1464,0.8133999999999999,183.422422
2018-03-18 08:00:00+00:00,92.950416,61.59424,0.8231999999999999,155.36785600000002
2018-03-18 09:00:00+00:00,72.151326,54.042080000000006,0.7644,126.957806
2018-03-18 10:00:00+00:00,55.798938,44.135999999999996,0.7028,100.63773799999998
2018-03-18 11:00:00+00:00,48.196512000000006,36.68192,0.6524,85.530832
2018-03-18 12:00:00+00:00,44.897346,33.05296,0.5544,78.504706
2018-03-18 13:00:00+00:00,34.42608,29.325919999999996,0.3752,64.1272
2018-03-18 14:00:00+00:00,16.208946,21.67568,0.1722,38.056825999999994
2018-03-18 15:00:00+00:00,16.065504,18.046719999999997,0.252,34.364224
2018-03-18 16:00:00+00:00,34.42608,21.185280000000002,0.6524,56.263760000000005
2018-03-18 17:00:00+00:00,68.85216,27.952799999999996,0.9925999999999999,97.79755999999999
2018-03-18 18:00:00+00:00,103.565124,33.3472,1.1074,138.01972400000002
2018-03-18 19:00:00+00:00,117.0,34.328,1.1158,152.4438
2018-03-18 20:00:00+00:00,117.0,31.77792,1.1242,149.90212
2018-03-18 21:00:00+00:00,117.0,30.502879999999998,1.1284,148.63128
2018-03-18 22:00:00+00:00,117.0,28.05088,1.127,146.17788000000002
2018-03-18 23:00:00+00:00,116.044578,24.61808,1.1088,141.771458
2018-03-19 00:00:00+00:00,108.29870999999999,21.38144,1.0752,130.75535
2018-03-19 01:00:00+00:00,99.97907399999998,19.02752,1.0597999999999999,120.06639399999997
2018-03-19 02:00:00+00:00,90.36845999999998,16.57552,1.0248,107.96877999999998
2018-03-19 03:00:00+00:00,77.745564,13.927359999999998,0.9827999999999999,92.65572399999999
2018-03-19 04:00:00+00:00,59.67187199999999,10.69072,0.8133999999999999,71.175992
2018-03-19 05:00:00+00:00,29.262168,4.217439999999999,0.4676,33.947207999999996
2018-03-19 06:00:00+00:00,6.885216000000001,1.0788799999999998,0.36119999999999997,8.325296
2018-03-19 07:00:00+00:00,3.2991659999999996,1.4711999999999998,0.34859999999999997,5.1189659999999995
2018-03-19 08:00:00+00:00,3.4426080000000003,0.88272,0.1918,4.5171280000000005
2018-03-19 09:00:00+00:00,3.7294919999999996,1.0788799999999998,0.1386,4.946972
2018-03-19 10:00:00+00:00,4.1598180000000005,2.05968,0.10919999999999999,6.328698000000001
2018-03-19 11:00:00+00:00,4.877028,4.511679999999999,0.0882,9.476908
2018-03-19 12:00:00+00:00,4.5901440000000004,8.04256,0.077,12.709704
2018-03-19 13:00:00+00:00,3.1557239999999998,11.08304,0.077,14.315764
2018-03-19 14:00:00+00:00,0.8606520000000001,13.14272,0.0532,14.056572000000001
2018-03-19 15:00:00+00:00,0.14344200000000001,10.592640000000001,0.020999999999999998,10.757082000000002
2018-03-19 16:00:00+00:00,2.8688399999999996,6.08096,0.0406,8.9904
2018-03-19 17:00:00+00:00,18.360576000000002,5.3944,0.19879999999999998,23.953776
2018-03-19 18:00:00+00:00,43.176041999999995,6.3752,0.43539999999999995,49.986641999999996
2018-03-19 19:00:00+00:00,60.24564,8.434879999999998,0.4536,69.13412
2018-03-19 20:00:00+00:00,62.971038,14.02544,0.4452,77.441678
2018-03-19 21:00:00+00:00,54.651402,15.39856,0.4941999999999999,70.544162
2018-03-19 22:00:00+00:00,36.57771,15.59472,0.4382,52.61063000000001
2018-03-19 23:00:00+00:00,17.643366,17.06592,0.2758,34.985085999999995
2018-03-20 00:00:00+00:00,6.45489,16.57552,0.1316,23.16201
2018-03-20 01:00:00+00:00,2.15163,11.181120000000002,0.0658,13.39855
2018-03-20 02:00:00+00:00,0.7172099999999999,7.55216,0.0448,8.31417
2018-03-20 03:00:00+00:00,0.14344200000000001,5.590560000000001,0.020999999999999998,5.755002000000001
2018-03-20 04:00:00+00:00,0.0,3.53088,0.0112,3.54208
2018-03-20 05:00:00+00:00,0.0,0.9808,0.0084,0.9892
2018-03-20 06:00:00+00:00,0.14344200000000001,0.9808,0.041999999999999996,1.166242
2018-03-20 07:00:00+00:00,0.8606520000000001,4.315519999999999,0.17079999999999998,5.346971999999999
2018-03-20 08:00:00+00:00,5.4507959999999995,11.769599999999999,0.3248,17.545195999999997
2018-03-20 09:00:00+00:00,13.340106,22.26416,0.4578,36.062066
2018-03-20 10:00:00+00:00,22.376952,35.99536,0.5137999999999999,58.886112
2018-03-20 11:00:00+00:00,23.381046,44.23408,0.5067999999999999,68.121926
2018-03-20 12:00:00+00:00,21.085973999999997,44.23408,0.5012,65.821254
2018-03-20 13:00:00+00:00,20.08188,41.97824,0.4578,62.51792
2018-03-20 14:00:00+00:00,15.922062,34.91647999999999,0.3248,51.16334199999999
2018-03-20 15:00:00+00:00,21.5163,34.524159999999995,0.27999999999999997,56.32046
2018-03-20 16:00:00+00:00,24.241698,36.2896,0.25339999999999996,60.784698
2018-03-20 17:00:00+00:00,12.19257,35.60304,0.15259999999999999,47.948209999999996
2018-03-20 18:00:00+00:00,3.4426080000000003,28.9336,0.0462,32.422408
2018-03-20 19:00:00+00:00,2.15163,20.89104,0.0098,23.05247
2018-03-20 20:00:00+00:00,1.7213040000000002,13.633120000000002,0.0098,15.364224000000002
2018-03-20 21:00:00+00:00,1.004094,10.10224,0.0196,11.125934
2018-03-20 22:00:00+00:00,0.5737680000000001,10.00416,0.0378,10.615728
2018-03-20 23:00:00+00:00,0.5737680000000001,10.00416,0.0574,10.635328
2018-03-21 00:00:00+00:00,1.1475360000000001,9.51376,0.07139999999999999,10.732696
2018-03-21 01:00:00+00:00,3.4426080000000003,12.16192,0.08539999999999999,15.689928
2018-03-21 02:00:00+00:00,8.749962,20.49872,0.10219999999999999,29.350882
2018-03-21 03:00:00+00:00,14.3442,28.83552,0.12179999999999998,43.301520000000004
2018-03-21 04:00:00+00:00,19.938438,31.28752,0.15539999999999998,51.381358000000006
2018-03-21 05:00:00+00:00,16.208946,19.81216,0.05179999999999999,36.072906
2018-03-21 06:00:00+00:00,17.21304,32.3664,0.034999999999999996,49.614439999999995
2018-03-21 07:00:00+00:00,28.401516,25.5008,0.0882,53.990516
2018-03-21 08:00:00+00:00,20.79909,13.14272,0.055999999999999994,33.99781
2018-03-21 09:00:00+00:00,13.340106,6.865600000000001,0.0322,20.237906
2018-03-21 10:00:00+00:00,7.458983999999999,3.53088,0.05179999999999999,11.041663999999999
2018-03-21 11:00:00+00:00,4.877028,1.17696,0.10919999999999999,6.163188000000001
2018-03-21 12:00:00+00:00,6.168005999999999,0.39232,0.161,6.721325999999999
2018-03-21 13:00:00+00:00,11.188476,0.39232,0.1946,11.775395999999999
2018-03-21 14:00:00+00:00,19.794996,2.2558399999999996,0.259,22.309836
2018-03-21 15:00:00+00:00,30.840030000000002,14.12352,0.4815999999999999,45.44515
2018-03-21 16:00:00+00:00,35.717058,32.562560000000005,0.476,68.755618
2018-03-21 17:00:00+00:00,37.294920000000005,46.391839999999995,0.3458,84.03255999999999
2018-03-21 18:00:00+00:00,37.438362000000005,53.84592,0.20859999999999998,91.49288200000001
2018-03-21 19:00:00+00:00,36.864594,56.98448,0.12039999999999998,93.969474
2018-03-21 20:00:00+00:00,40.88097,58.946079999999995,0.0924,99.91944999999998
2018-03-21 21:00:00+00:00,48.91372200000001,59.04416,0.10219999999999999,108.06008200000001
2018-03-21 22:00:00+00:00,58.237452000000005,57.47487999999999,0.12739999999999999,115.839732
2018-03-21 23:00:00+00:00,68.708718,56.98448,0.16659999999999997,125.859798
2018-03-22 00:00:00+00:00,76.884912,56.59215999999999,0.2394,133.71647199999998
2018-03-22 01:00:00+00:00,83.48324399999998,55.80752,0.364,139.65476399999997
2018-03-22 02:00:00+00:00,90.655344,55.80752,0.4606,146.923464
2018-03-22 03:00:00+00:00,97.970886,56.10176,0.3934,154.466046
2018-03-22 04:00:00+00:00,103.99545,51.09968,0.26739999999999997,155.36253000000002
2018-03-22 05:00:00+00:00,83.33980199999999,29.718239999999998,0.0882,113.14624199999999
2018-03-22 06:00:00+00:00,44.323578,27.266240000000003,0.0378,71.62761800000001
2018-03-22 07:00:00+00:00,26.53677,34.524159999999995,0.0196,61.080529999999996
2018-03-22 08:00:00+00:00,15.491736,27.07008,0.0224,42.584216
2018-03-22 09:00:00+00:00,10.327824,19.125600000000002,0.0336,29.487024
2018-03-22 10:00:00+00:00,5.02047,13.14272,0.0378,18.20099
2018-03-22 11:00:00+00:00,2.008188,10.20032,0.034999999999999996,12.243508
2018-03-22 12:00:00+00:00,1.1475360000000001,9.21952,0.0266,10.393656
2018-03-22 13:00:00+00:00,0.8606520000000001,7.55216,0.0294,8.442212000000001
2018-03-22 14:00:00+00:00,1.5778619999999999,5.884799999999999,0.020999999999999998,7.483661999999999
2018-03-22 15:00:00+00:00,1.8647459999999998,5.884799999999999,0.036399999999999995,7.785945999999999
2018-03-22 16:00:00+00:00,0.5737680000000001,4.315519999999999,0.17779999999999999,5.067088
2018-03-22 17:00:00+00:00,1.004094,3.3347200000000004,0.6048,4.943614
2018-03-22 18:00:00+00:00,12.19257,4.60976,1.0499999999999998,17.85233
2018-03-22 19:00:00+00:00,50.061257999999995,9.51376,1.1662,60.74121799999999
2018-03-22 20:00:00+00:00,96.536466,16.57552,1.1158,114.227786
2018-03-22 21:00:00+00:00,117.0,20.89104,1.1662,139.05724
2018-03-22 22:00:00+00:00,117.0,19.41984,1.1787999999999998,137.59864
2018-03-22 23:00:00+00:00,117.0,13.927359999999998,1.1507999999999998,132.07816
2018-03-23 00:00:00+00:00,117.0,10.39648,1.1563999999999999,128.55288
2018-03-23 01:00:00+00:00,117.0,11.37728,1.1396,129.51688000000001
2018-03-23 02:00:00+00:00,110.737224,16.77168,1.1144,128.623304
2018-03-23 03:00:00+00:00,102.130704,28.345119999999998,1.0766,131.552424
2018-03-23 04:00:00+00:00,96.249582,45.116800000000005,0.9464,142.31278200000003
2018-03-23 05:00:00+00:00,86.35208399999999,44.03792,0.6818,131.071804
2018-03-23 06:00:00+00:00,63.688248,42.370560000000005,0.7028,106.761608
2018-03-23 07:00:00+00:00,72.58165199999999,58.55376,0.7616,131.89701199999996
2018-03-23 08:00:00+00:00,79.753752,65.12512000000001,0.7784,145.657272
2018-03-23 09:00:00+00:00,75.020166,68.26368,0.8357999999999999,144.119646
2018-03-23 10:00:00+00:00,64.835784,70.22528,0.8357999999999999,135.896864
2018-03-23 11:00:00+00:00,48.05307,72.28496,0.6691999999999999,121.00723
2018-03-23 12:00:00+00:00,29.979377999999997,72.38304,0.378,102.74041799999999
2018-03-23 13:00:00+00:00,22.663836,72.08879999999999,0.1792,94.93183599999999
2018-03-23 14:00:00+00:00,45.901439999999994,70.71567999999999,0.105,116.72211999999999
2018-03-23 15:00:00+00:00,80.75784599999999,68.36175999999999,0.10919999999999999,149.22880599999996
2018-03-23 16:00:00+00:00,88.790598,63.45776000000001,0.20019999999999996,152.448558
2018-03-23 17:00:00+00:00,90.51190199999999,60.41728,0.4396,151.368782
2018-03-23 18:00:00+00:00,101.12661,62.28079999999999,0.7784,164.18581
2018-03-23 19:00:00+00:00,113.175738,68.55792,1.015,182.74865799999998
2018-03-23 20:00:00+00:00,117.0,75.22736,1.0388,193.26616
2018-03-23 21:00:00+00:00,117.0,80.0,1.0206,198.0206
2018-03-23 22:00:00+00:00,117.0,80.0,0.9366,197.9366
2018-03-23 23:00:00+00:00,117.0,80.0,0.8119999999999999,197.812
2018-03-24 00:00:00+00:00,117.0,80.0,0.7013999999999999,197.7014
2018-03-24 01:00:00+00:00,89.93813399999999,80.0,0.5137999999999999,170.451934
2018-03-24 02:00:00+00:00,57.807126000000004,80.0,0.3206,138.12772600000002
2018-03-24 03:00:00+00:00,45.757998,80.0,0.252,126.009998
2018-03-24 04:00:00+00:00,25.81956,64.2424,0.1946,90.25656
2018-03-24 05:00:00+00:00,24.38514,56.59215999999999,0.21419999999999997,81.19149999999999
2018-03-24 06:00:00+00:00,46.618649999999995,80.0,0.40179999999999993,127.02045
2018-03-24 07:00:00+00:00,68.708718,80.0,0.6048,149.31351800000002
2018-03-24 08:00:00+00:00,79.89719400000001,80.0,0.7686000000000001,160.665794
2018-03-24 09:00:00+00:00,86.35208399999999,80.0,0.8819999999999999,167.234084
2018-03-24 10:00:00+00:00,86.63896799999999,80.0,0.9057999999999999,167.54476799999998
2018-03-24 11:00:00+00:00,81.61849799999999,80.0,0.8932,162.511698
2018-03-24 12:00:00+00:00,65.98332,76.69856,0.9099999999999999,143.59188
2018-03-24 13:00:00+00:00,47.048976,69.73487999999999,0.8974,117.68125599999999
2018-03-24 14:00:00+00:00,32.131008,64.14432,0.7462,97.021528
2018-03-24 15:00:00+00:00,19.938438,55.41519999999999,0.49699999999999994,75.85063799999999
2018-03-24 16:00:00+00:00,12.90978,44.135999999999996,0.29119999999999996,57.33698
2018-03-24 17:00:00+00:00,10.471265999999998,31.581760000000003,0.259,42.312026
2018-03-24 18:00:00+00:00,7.1721,21.67568,0.252,29.09978
2018-03-24 19:00:00+00:00,5.02047,15.00624,0.20859999999999998,20.235310000000002
2018-03-24 20:00:00+00:00,4.733586,11.96576,0.1624,16.861746
2018-03-24 21:00:00+00:00,5.594238,9.611839999999999,0.1064,15.312477999999999
2018-03-24 22:00:00+00:00,6.3114479999999995,8.631039999999999,0.0644,15.006887999999996
2018-03-24 23:00:00+00:00,5.737679999999999,9.317599999999999,0.0378,15.093079999999999
2018-03-25 00:00:00+00:00,4.016376,10.49456,0.013999999999999999,14.524936
2018-03-25 01:00:00+00:00,3.0122820000000003,10.10224,0.0042,13.118722000000002
2018-03-25 02:00:00+00:00,2.7253979999999998,8.8272,0.0028,11.555398
2018-03-25 03:00:00+00:00,3.2991659999999996,8.140640000000001,0.0042,11.444006000000002
2018-03-25 04:00:00+00:00,4.446701999999999,8.434879999999998,0.0098,12.891381999999998
2018-03-25 05:00:00+00:00,6.168005999999999,8.3368,0.0028,14.507606
2018-03-25 06:00:00+00:00,4.877028,4.70784,0.0014,9.586268
2018-03-25 07:00:00+00:00,2.581956,1.56928,0.0,4.151236
2018-03-25 08:00:00+00:00,0.7172099999999999,0.0,0.0,0.7172099999999999
2018-03-25 09:00:00+00:00,0.0,0.0,0.0,0.0
2018-03-25 10:00:00+00:00,0.0,0.0,0.0042,0.0042
2018-03-25 11:00:00+00:00,0.0,0.0,0.013999999999999999,0.013999999999999999
2018-03-25 12:00:00+00:00,0.43032600000000004,0.09808,0.0336,0.562006
2018-03-25 13:00:00+00:00,9.180288000000001,0.58848,0.0644,9.833168
2018-03-25 14:00:00+00:00,14.631084,3.72704,0.1162,18.474324
2018-03-25 15:00:00+00:00,15.204851999999999,15.59472,0.2744,31.073971999999998
2018-03-25 16:00:00+00:00,9.036846,20.49872,0.3206,29.856165999999998
2018-03-25 17:00:00+00:00,5.307353999999999,17.75248,0.1876,23.247434
2018-03-25 18:00:00+00:00,3.58605,16.6736,0.1162,20.37585
2018-03-25 19:00:00+00:00,3.872934,17.6544,0.0952,21.622533999999998
2018-03-25 20:00:00+00:00,5.881122,20.00832,0.0966,25.986042
2018-03-25 21:00:00+00:00,10.614707999999998,25.991200000000003,0.126,36.731908
2018-03-25 22:00:00+00:00,21.085973999999997,37.95696,0.20579999999999998,59.248734
2018-03-25 23:00:00+00:00,37.008036,51.39392,0.3598,88.761756
2018-03-26 00:00:00+00:00,54.077634,60.90768,0.574,115.559314
2018-03-26 01:00:00+00:00,72.43821,66.79248,0.7532,139.98388999999997
2018-03-26 02:00:00+00:00,92.23320600000001,69.83295999999999,0.7406,162.806766
2018-03-26 03:00:00+00:00,106.003638,71.108,0.6859999999999999,177.797638
2018-03-26 04:00:00+00:00,109.58968800000001,61.986560000000004,0.49699999999999994,172.07324800000004
2018-03-26 05:00:00+00:00,90.081576,45.80336,0.259,136.14393599999997
2018-03-26 06:00:00+00:00,84.34389599999999,57.47487999999999,0.1582,141.97697599999998
2018-03-26 07:00:00+00:00,64.262016,52.9632,0.0938,117.319016
2018-03-26 08:00:00+00:00,34.282638,45.90144000000001,0.08259999999999999,80.266678
2018-03-26 09:00:00+00:00,25.963002,43.939840000000004,0.10359999999999998,70.006442
2018-03-26 10:00:00+00:00,22.090068,38.54544,0.126,60.761508
2018-03-26 11:00:00+00:00,17.786807999999997,29.424,0.1582,47.369008
2018-03-26 12:00:00+00:00,14.200758,24.029600000000002,0.1624,38.392758
2018-03-26 13:00:00+00:00,14.200758,21.67568,0.0882,35.964638
2018-03-26 14:00:00+00:00,15.922062,20.00832,0.025199999999999997,35.955582
2018-03-26 15:00:00+00:00,11.905686,18.43904,0.0406,30.385326
2018-03-26 16:00:00+00:00,2.8688399999999996,10.592640000000001,0.077,13.538480000000002
2018-03-26 17:00:00+00:00,0.14344200000000001,2.9423999999999997,0.11059999999999999,3.1964419999999993
2018-03-26 18:00:00+00:00,1.004094,0.39232,0.1162,1.5126140000000001
2018-03-26 19:00:00+00:00,4.733586,1.0788799999999998,0.0952,5.907666
2018-03-26 20:00:00+00:00,6.598331999999999,1.4711999999999998,0.08259999999999999,8.152131999999998
2018-03-26 21:00:00+00:00,6.45489,0.9808,0.07139999999999999,7.50709
2018-03-26 22:00:00+00:00,4.877028,0.88272,0.08399999999999999,5.843748
2018-03-26 23:00:00+00:00,3.0122820000000003,0.9808,0.12739999999999999,4.120482
2018-03-27 00:00:00+00:00,1.4344199999999998,1.4711999999999998,0.14279999999999998,3.0484199999999997
2018-03-27 01:00:00+00:00,0.7172099999999999,2.1577599999999997,0.13299999999999998,3.0079699999999994
2018-03-27 02:00:00+00:00,0.5737680000000001,3.13856,0.12739999999999999,3.8397280000000005
2018-03-27 03:00:00+00:00,0.5737680000000001,2.55008,0.13999999999999999,3.263848
2018-03-27 04:00:00+00:00,0.8606520000000001,1.27504,0.10919999999999999,2.244892
2018-03-27 05:00:00+00:00,0.5737680000000001,0.6865600000000001,0.012599999999999998,1.272928
2018-03-27 06:00:00+00:00,0.43032600000000004,1.86352,0.0,2.2938460000000003
2018-03-27 07:00:00+00:00,0.43032600000000004,5.98288,0.0028,6.416005999999999
2018-03-27 08:00:00+00:00,0.7172099999999999,11.57344,0.013999999999999999,12.304649999999999
2018-03-27 09:00:00+00:00,2.15163,19.02752,0.0224,21.20155
2018-03-27 10:00:00+00:00,5.4507959999999995,28.83552,0.0336,34.319916
2018-03-27 11:00:00+00:00,7.458983999999999,37.56464,0.043399999999999994,45.067023999999996
2018-03-27 12:00:00+00:00,6.7417739999999995,34.8184,0.0574,41.617574
2018-03-27 13:00:00+00:00,3.7294919999999996,17.55632,0.08399999999999999,21.369812
2018-03-27 14:00:00+00:00,1.1475360000000001,8.434879999999998,0.147,9.729415999999999
2018-03-27 15:00:00+00:00,0.43032600000000004,5.3944,0.19879999999999998,6.023526
2018-03-27 16:00:00+00:00,1.004094,7.55216,0.13019999999999998,8.686454
2018-03-27 17:00:00+00:00,4.5901440000000004,14.515839999999999,0.0378,19.143784
2018-03-27 18:00:00+00:00,12.766338,20.30256,0.013999999999999999,33.082898
2018-03-27 19:00:00+00:00,22.376952,22.75456,0.119,45.250512
2018-03-27 20:00:00+00:00,25.963002,19.41984,0.413,45.79584199999999
2018-03-27 21:00:00+00:00,26.393327999999997,12.45616,0.5572,39.406687999999995
2018-03-27 22:00:00+00:00,24.672023999999997,14.12352,0.6986,39.49414399999999
2018-03-27 23:00:00+00:00,36.864594,35.89728,0.7895999999999999,73.551474
2018-03-28 00:00:00+00:00,63.831689999999995,53.25744,0.6719999999999999,117.76113
2018-03-28 01:00:00+00:00,64.118574,31.77792,0.5502,96.446694
2018-03-28 02:00:00+00:00,33.565428,7.65024,0.1876,41.403268
2018-03-28 03:00:00+00:00,29.549052,14.515839999999999,0.5851999999999999,44.650092
2018-03-28 04:00:00+00:00,6.7417739999999995,20.98912,0.9029999999999999,28.633893999999998
2018-03-28 05:00:00+00:00,12.336011999999998,12.84848,0.030799999999999998,25.215291999999998
2018-03-28 06:00:00+00:00,12.336011999999998,2.2558399999999996,0.054599999999999996,14.646451999999998
2018-03-28 07:00:00+00:00,5.02047,28.345119999999998,0.0756,33.44119
2018-03-28 08:00:00+00:00,13.053222,80.0,0.2744,93.327622
2018-03-28 09:00:00+00:00,32.417892,80.0,0.33319999999999994,112.751092
2018-03-28 10:00:00+00:00,43.319483999999996,80.0,0.3388,123.658284
2018-03-28 11:00:00+00:00,51.782562,80.0,0.1414,131.923962
2018-03-28 12:00:00+00:00,50.635025999999996,80.0,0.018199999999999997,130.653226
2018-03-28 13:00:00+00:00,46.044882,80.0,0.030799999999999998,126.075682
2018-03-28 14:00:00+00:00,68.565276,80.0,0.32899999999999996,148.894276
2018-03-28 15:00:00+00:00,77.60212200000001,80.0,0.9057999999999999,158.507922
2018-03-28 16:00:00+00:00,71.434116,80.0,1.2656,152.69971600000002
2018-03-28 17:00:00+00:00,109.159362,80.0,1.2964,190.455762
2018-03-28 18:00:00+00:00,117.0,80.0,1.2502,198.2502
2018-03-28 19:00:00+00:00,117.0,80.0,1.232,198.232
2018-03-28 20:00:00+00:00,117.0,80.0,1.2726,198.2726
2018-03-28 21:00:00+00:00,117.0,80.0,1.3356,198.3356
2018-03-28 22:00:00+00:00,117.0,80.0,1.26,198.26
2018-03-28 23:00:00+00:00,114.7536,80.0,1.0892,195.8428
2018-03-29 00:00:00+00:00,73.585746,78.75824000000001,0.6958,153.03978600000002
2018-03-29 01:00:00+00:00,56.946474,68.656,0.427,126.02947400000001
2018-03-29 02:00:00+00:00,42.028506,58.946079999999995,0.32899999999999996,101.30358599999998
2018-03-29 03:00:00+00:00,39.303108,52.9632,0.35559999999999997,92.621908
2018-03-29 04:00:00+00:00,80.61440400000001,71.50032,0.602,152.71672400000003
2018-03-29 05:00:00+00:00,99.261864,78.56208,1.1004,178.924344
2018-03-29 06:00:00+00:00,91.372554,80.0,1.19,172.56255399999998
2018-03-29 07:00:00+00:00,85.061106,80.0,1.113,166.174106
2018-03-29 08:00:00+00:00,85.921758,80.0,1.0066,166.928358
2018-03-29 09:00:00+00:00,98.54465400000001,80.0,1.0332,179.577854
2018-03-29 10:00:00+00:00,110.020014,80.0,1.1451999999999998,191.165214
2018-03-29 11:00:00+00:00,116.61834599999999,80.0,1.2096,197.82794599999997
2018-03-29 12:00:00+00:00,117.0,80.0,1.2306,198.2306
2018-03-29 13:00:00+00:00,117.0,80.0,1.2067999999999999,198.2068
2018-03-29 14:00:00+00:00,117.0,80.0,1.1381999999999999,198.1382
2018-03-29 15:00:00+00:00,103.99545,80.0,0.8707999999999999,184.86625
2018-03-29 16:00:00+00:00,94.384836,80.0,0.5277999999999999,174.91263600000002
2018-03-29 17:00:00+00:00,86.925852,80.0,0.3864,167.31225200000003
2018-03-29 18:00:00+00:00,61.106291999999996,78.9544,0.40599999999999997,140.46669200000002
2018-03-29 19:00:00+00:00,35.286732,68.36175999999999,0.4578,104.106292
2018-03-29 20:00:00+00:00,36.721152000000004,63.85008,0.4732,101.04443200000001
2018-03-29 21:00:00+00:00,35.573615999999994,64.34048,0.5277999999999999,100.441896
2018-03-29 22:00:00+00:00,34.139196,60.123039999999996,0.5823999999999999,94.84463600000001
2018-03-29 23:00:00+00:00,34.569522,54.53248000000001,0.5922,89.694202
2018-03-30 00:00:00+00:00,30.12282,44.6264,0.616,75.36522
2018-03-30 01:00:00+00:00,29.118726000000002,40.80128,0.6663999999999999,70.586406
2018-03-30 02:00:00+00:00,29.692493999999996,37.66272,0.6706,68.02581399999998
2018-03-30 03:00:00+00:00,29.262168,36.2896,0.6803999999999999,66.232168
2018-03-30 04:00:00+00:00,32.27445,44.430240000000005,0.6258,77.33049
2018-03-30 05:00:00+00:00,52.643214,56.59215999999999,0.8385999999999999,110.07397399999999
2018-03-30 06:00:00+00:00,59.241546,59.63264,0.9757999999999999,119.84998600000002
2018-03-30 07:00:00+00:00,56.372706,57.67104,0.9548,114.998546
2018-03-30 08:00:00+00:00,49.487489999999994,51.68816,0.9422,102.11784999999999
2018-03-30 09:00:00+00:00,42.745716,43.841759999999994,0.9492,87.536676
2018-03-30 10:00:00+00:00,40.020318,37.95696,0.9408,78.91807800000001
2018-03-30 11:00:00+00:00,41.74162199999999,36.68192,0.8834,79.30694199999999
2018-03-30 12:00:00+00:00,44.753904,38.64352,0.8357999999999999,84.233224
2018-03-30 13:00:00+00:00,41.88506399999999,38.54544,0.8063999999999999,81.23690399999998
2018-03-30 14:00:00+00:00,33.70887,33.05296,0.7182,67.48003
2018-03-30 15:00:00+00:00,28.258074,27.952799999999996,0.4774,56.688274
2018-03-30 16:00:00+00:00,28.114632000000004,28.05088,0.3066,56.47211200000001
2018-03-30 17:00:00+00:00,24.241698,24.81424,0.2338,49.289738
2018-03-30 18:00:00+00:00,16.065504,21.185280000000002,0.1694,37.420184000000006
2018-03-30 19:00:00+00:00,6.598331999999999,17.55632,0.10079999999999999,24.255452
2018-03-30 20:00:00+00:00,2.438514,13.53504,0.0476,16.021154
2018-03-30 21:00:00+00:00,0.8606520000000001,10.00416,0.0336,10.898412
2018-03-30 22:00:00+00:00,0.7172099999999999,7.65024,0.0266,8.39405
2018-03-30 23:00:00+00:00,0.5737680000000001,7.06176,0.0168,7.652328
2018-03-31 00:00:00+00:00,0.7172099999999999,7.06176,0.0112,7.790169999999999
2018-03-31 01:00:00+00:00,1.004094,7.65024,0.0056,8.659934
2018-03-31 02:00:00+00:00,1.8647459999999998,9.70992,0.0014,11.576066
2018-03-31 03:00:00+00:00,4.016376,12.35808,0.0,16.374456
2018-03-31 04:00:00+00:00,6.885216000000001,14.02544,0.0,20.910656
2018-03-31 05:00:00+00:00,7.1721,15.496640000000001,0.0,22.66874
2018-03-31 06:00:00+00:00,4.877028,11.279200000000001,0.0,16.156228000000002
2018-03-31 07:00:00+00:00,1.8647459999999998,5.98288,0.0,7.847626
2018-03-31 08:00:00+00:00,0.28688400000000003,2.452,0.0,2.738884
2018-03-31 09:00:00+00:00,0.0,1.0788799999999998,0.0,1.0788799999999998
2018-03-31 10:00:00+00:00,0.0,0.58848,0.0,0.58848
2018-03-31 11:00:00+00:00,0.0,0.29424,0.0,0.29424
2018-03-31 12:00:00+00:00,0.0,0.0,0.0,0.0
2018-03-31 13:00:00+00:00,2.15163,0.0,0.0084,2.16003
2018-03-31 14:00:00+00:00,9.754056,0.0,0.049,9.803056
2018-03-31 15:00:00+00:00,19.36467,3.6289599999999997,0.2352,23.22883
2018-03-31 16:00:00+00:00,20.368763999999995,14.31968,0.31079999999999997,34.999244
2018-03-31 17:00:00+00:00,18.217133999999998,24.52,0.238,42.975134
2018-03-31 18:00:00+00:00,18.647460000000002,32.8568,0.26039999999999996,51.76466
2018-03-31 19:00:00+00:00,20.368763999999995,41.48783999999999,0.34719999999999995,62.20380399999999
2018-03-31 20:00:00+00:00,19.077786,44.135999999999996,0.4802,63.693986
2018-03-31 21:00:00+00:00,18.504018,45.116800000000005,0.5347999999999999,64.155618
2018-03-31 22:00:00+00:00,19.077786,44.92064,0.5586,64.557026
2018-03-31 23:00:00+00:00,26.249885999999996,42.86096,0.6873999999999999,69.79824599999999
2018-04-01 00:00:00+00:00,52.643214,53.84592,0.7602,107.249334
2018-04-01 01:00:00+00:00,72.007884,62.08464,0.6621999999999999,134.754724
2018-04-01 02:00:00+00:00,94.815162,65.2232,0.6454,160.683762
2018-04-01 03:00:00+00:00,102.417588,61.88848,0.6482,164.95426799999998
2018-04-01 04:00:00+00:00,97.970886,48.74576,0.42,147.13664599999998
2018-04-01 05:00:00+00:00,65.122668,32.3664,0.20299999999999999,97.692068
2018-04-01 06:00:00+00:00,47.33586,42.07632,0.1344,89.54658
2018-04-01 07:00:00+00:00,16.208946,32.95488,0.0378,49.201626
2018-04-01 08:00:00+00:00,3.4426080000000003,18.92944,0.0056,22.377648
2018-04-01 09:00:00+00:00,0.5737680000000001,9.808,0.0,10.381768
2018-04-01 10:00:00+00:00,0.0,3.4328000000000003,0.0,3.4328000000000003
2018-04-01 11:00:00+00:00,0.5737680000000001,0.4904,0.0,1.064168
2018-04-01 12:00:00+00:00,0.5737680000000001,0.0,0.0,0.5737680000000001
2018-04-01 13:00:00+00:00,1.004094,0.0,0.0014,1.005494
2018-04-01 14:00:00+00:00,6.168005999999999,0.6865600000000001,0.0238,6.878365999999999
2018-04-01 15:00:00+00:00,13.62699,4.70784,0.16519999999999999,18.50003
2018-04-01 16:00:00+00:00,12.049128000000001,11.37728,0.24079999999999996,23.667208000000002
2018-04-01 17:00:00+00:00,7.028658000000001,15.30048,0.1918,22.520938
2018-04-01 18:00:00+00:00,3.2991659999999996,16.281280000000002,0.12039999999999998,19.700846000000002
2018-04-01 19:00:00+00:00,2.15163,18.1448,0.08259999999999999,20.37903
2018-04-01 20:00:00+00:00,2.581956,20.40064,0.0952,23.077796
2018-04-01 21:00:00+00:00,5.4507959999999995,23.833439999999996,0.1596,29.443835999999997
2018-04-01 22:00:00+00:00,16.926156,29.031679999999998,0.1876,46.145436000000004
2018-04-01 23:00:00+00:00,37.438362000000005,35.701119999999996,0.16519999999999999,73.304682
2018-04-02 00:00:00+00:00,58.81122,44.23408,0.1764,103.2217
2018-04-02 01:00:00+00:00,73.87263,53.747840000000004,0.2296,127.85007000000002
2018-04-02 02:00:00+00:00,84.34389599999999,60.02496,0.2646,144.633456
2018-04-02 03:00:00+00:00,92.23320600000001,59.73072,0.3668,152.33072600000003
2018-04-02 04:00:00+00:00,82.048824,42.76288,0.294,125.10570399999999
2018-04-02 05:00:00+00:00,36.434267999999996,17.75248,0.0952,54.28194799999999
2018-04-02 06:00:00+00:00,8.463078,7.7483200000000005,0.07139999999999999,16.282798
2018-04-02 07:00:00+00:00,2.2950720000000002,2.7462400000000002,0.0896,5.130912
2018-04-02 08:00:00+00:00,1.004094,1.27504,0.10079999999999999,2.379934
2018-04-02 09:00:00+00:00,0.7172099999999999,0.39232,0.08399999999999999,1.19353
2018-04-02 10:00:00+00:00,1.1475360000000001,0.09808,0.0686,1.314216
2018-04-02 11:00:00+00:00,1.7213040000000002,0.0,0.0756,1.796904
2018-04-02 12:00:00+00:00,2.581956,0.0,0.1582,2.740156
2018-04-02 13:00:00+00:00,5.737679999999999,0.4904,0.385,6.613079999999999
2018-04-02 14:00:00+00:00,10.327824,5.884799999999999,0.4438,16.656423999999998
2018-04-02 15:00:00+00:00,19.794996,22.65648,0.44799999999999995,42.899476
2018-04-02 16:00:00+00:00,25.81956,36.97616,0.4326,63.228320000000004
2018-04-02 17:00:00+00:00,14.057316000000002,34.13184,0.2198,48.408955999999996
2018-04-02 18:00:00+00:00,3.4426080000000003,26.775840000000002,0.07139999999999999,30.289848000000003
2018-04-02 19:00:00+00:00,0.5737680000000001,18.53712,0.0574,19.168288000000004
2018-04-02 20:00:00+00:00,0.28688400000000003,12.55424,0.0322,12.873324
2018-04-02 21:00:00+00:00,0.0,7.356,0.0014,7.3574
2018-04-02 22:00:00+00:00,0.0,3.13856,0.0084,3.14696
2018-04-02 23:00:00+00:00,0.0,1.17696,0.063,1.23996
2018-04-03 00:00:00+00:00,0.0,0.4904,0.0644,0.5548
2018-04-03 01:00:00+00:00,0.14344200000000001,0.4904,0.0266,0.660442
2018-04-03 02:00:00+00:00,0.0,0.78464,0.0056,0.79024
2018-04-03 03:00:00+00:00,0.0,1.0788799999999998,0.0028,1.0816799999999998
2018-04-03 04:00:00+00:00,0.0,0.88272,0.0056,0.88832
2018-04-03 05:00:00+00:00,0.0,0.39232,0.0028,0.39512
2018-04-03 06:00:00+00:00,0.14344200000000001,0.39232,0.0042,0.539962
2018-04-03 07:00:00+00:00,0.0,0.09808,0.0056,0.10368
2018-04-03 08:00:00+00:00,0.0,0.0,0.0112,0.0112
2018-04-03 09:00:00+00:00,0.14344200000000001,0.0,0.027999999999999997,0.171442
2018-04-03 10:00:00+00:00,1.7213040000000002,0.0,0.05039999999999999,1.7717040000000002
2018-04-03 11:00:00+00:00,17.499924,1.56928,0.0686,19.137804
2018-04-03 12:00:00+00:00,23.237604,17.6544,0.08259999999999999,40.974604
2018-04-03 13:00:00+00:00,22.663836,37.270399999999995,0.0882,60.022436
2018-04-03 14:00:00+00:00,20.79909,45.116800000000005,0.1176,66.03349
2018-04-03 15:00:00+00:00,20.512206,38.54544,0.16659999999999997,59.224246
2018-04-03 16:00:00+00:00,15.491736,28.443199999999997,0.1946,44.129535999999995
2018-04-03 17:00:00+00:00,20.368763999999995,25.40272,0.17359999999999998,45.945083999999994
2018-04-03 18:00:00+00:00,19.221228,22.75456,0.1582,42.133988
2018-04-03 19:00:00+00:00,6.598331999999999,16.6736,0.12459999999999999,23.396532
2018-04-03 20:00:00+00:00,3.58605,18.83136,0.0938,22.511210000000002
2018-04-03 21:00:00+00:00,2.7253979999999998,19.02752,0.287,22.039917999999997
2018-04-03 22:00:00+00:00,2.008188,17.6544,0.35419999999999996,20.016788
2018-04-03 23:00:00+00:00,1.4344199999999998,15.00624,0.32899999999999996,16.769660000000002
2018-04-04 00:00:00+00:00,1.004094,13.044640000000001,0.41859999999999997,14.467334000000001
2018-04-04 01:00:00+00:00,1.290978,11.96576,0.5599999999999999,13.816737999999999
2018-04-04 02:00:00+00:00,3.0122820000000003,11.86768,0.7363999999999999,15.616362
2018-04-04 03:00:00+00:00,10.471265999999998,13.731200000000001,0.7392,24.941666
2018-04-04 04:00:00+00:00,20.225322,11.37728,0.4746,32.077202
2018-04-04 05:00:00+00:00,22.950719999999997,9.611839999999999,0.6062,33.16876
2018-04-04 06:00:00+00:00,23.381046,12.65232,0.602,36.635366
2018-04-04 07:00:00+00:00,11.188476,12.45616,0.3094,23.954036
2018-04-04 08:00:00+00:00,3.0122820000000003,11.279200000000001,0.1162,14.407682000000001
2018-04-04 09:00:00+00:00,1.004094,9.41568,0.0476,10.467374
2018-04-04 10:00:00+00:00,1.004094,6.76752,0.0266,7.798214000000001
2018-04-04 11:00:00+00:00,1.5778619999999999,5.10016,0.0168,6.694821999999999
2018-04-04 12:00:00+00:00,4.1598180000000005,5.78672,0.0168,9.963338
2018-04-04 13:00:00+00:00,11.188476,8.8272,0.0406,20.056276
2018-04-04 14:00:00+00:00,22.090068,13.436960000000001,0.1512,35.678228000000004
2018-04-04 15:00:00+00:00,35.573615999999994,19.616,0.49279999999999996,55.682415999999996
2018-04-04 16:00:00+00:00,41.167854,25.5008,0.8063999999999999,67.475054
2018-04-04 17:00:00+00:00,51.35223599999999,31.97408,0.9855999999999999,84.311916
2018-04-04 18:00:00+00:00,76.884912,42.76288,1.0836,120.73139200000001
2018-04-04 19:00:00+00:00,100.696284,53.551680000000005,1.0654,155.31336400000004
2018-04-04 20:00:00+00:00,114.7536,61.59424,1.0191999999999999,177.36704000000003
2018-04-04 21:00:00+00:00,117.0,68.85216,0.9631999999999998,186.81536
2018-04-04 22:00:00+00:00,117.0,71.89264,0.9309999999999999,189.82364
2018-04-04 23:00:00+00:00,117.0,68.26368,0.9254,186.18908
2018-04-05 00:00:00+00:00,117.0,65.12512000000001,0.9212,183.04632
2018-04-05 01:00:00+00:00,117.0,62.7712,0.9086,180.6798
2018-04-05 02:00:00+00:00,114.610158,58.848,0.8904,174.348558
2018-04-05 03:00:00+00:00,108.29870999999999,59.73072,0.8637999999999999,168.89323
2018-04-05 04:00:00+00:00,94.95860400000001,56.59215999999999,0.5544,152.105164
2018-04-05 05:00:00+00:00,61.536618,69.73487999999999,0.217,131.488498
2018-04-05 06:00:00+00:00,42.602273999999994,76.012,0.1162,118.730474
2018-04-05 07:00:00+00:00,21.372858,68.656,0.027999999999999997,90.05685800000002
2018-04-05 08:00:00+00:00,7.315542,60.3192,0.0,67.634742
2018-04-05 09:00:00+00:00,4.1598180000000005,52.08048,0.0,56.240298
2018-04-05 10:00:00+00:00,3.872934,35.11264,0.0014,38.986974
2018-04-05 11:00:00+00:00,1.1475360000000001,15.10432,0.0196,16.271456
2018-04-05 12:00:00+00:00,0.7172099999999999,3.23664,0.07279999999999999,4.02665
2018-04-05 13:00:00+00:00,5.307353999999999,0.9808,0.18059999999999998,6.468754
2018-04-05 14:00:00+00:00,18.934344,5.296320000000001,0.33599999999999997,24.566664
2018-04-05 15:00:00+00:00,19.077786,13.53504,0.5711999999999999,33.184025999999996
2018-04-05 16:00:00+00:00,11.188476,16.57552,0.609,28.372996
2018-04-05 17:00:00+00:00,4.446701999999999,14.712,0.5137999999999999,19.672501999999998
2018-04-05 18:00:00+00:00,1.290978,14.515839999999999,0.4648,16.271618
2018-04-05 19:00:00+00:00,0.8606520000000001,15.790880000000001,0.48299999999999993,17.134532000000004
2018-04-05 20:00:00+00:00,2.15163,17.262079999999997,0.714,20.127709999999997
2018-04-05 21:00:00+00:00,3.58605,15.39856,0.854,19.83861
2018-04-05 22:00:00+00:00,5.02047,11.08304,0.8792,16.98271
2018-04-05 23:00:00+00:00,8.749962,7.94448,0.875,17.569442000000002
2018-04-06 00:00:00+00:00,14.3442,8.434879999999998,0.8273999999999999,23.60648
2018-04-06 01:00:00+00:00,21.085973999999997,12.55424,0.8623999999999999,34.502614
2018-04-06 02:00:00+00:00,32.131008,19.91024,0.8959999999999999,52.937248000000004
2018-04-06 03:00:00+00:00,43.606367999999996,25.206560000000003,0.9114,69.724328
2018-04-06 04:00:00+00:00,44.036694,19.41984,0.5725999999999999,64.029134
2018-04-06 05:00:00+00:00,24.672023999999997,24.61808,0.20579999999999998,49.495903999999996
2018-04-06 06:00:00+00:00,17.21304,32.8568,0.1316,50.20144
2018-04-06 07:00:00+00:00,11.045034,31.48368,0.07139999999999999,42.600114
2018-04-06 08:00:00+00:00,4.30326,27.952799999999996,0.0322,32.28826
2018-04-06 09:00:00+00:00,1.1475360000000001,23.24496,0.0168,24.409295999999998
2018-04-06 10:00:00+00:00,0.28688400000000003,18.34096,0.0084,18.636244
2018-04-06 11:00:00+00:00,0.14344200000000001,15.30048,0.0056,15.449522
2018-04-06 12:00:00+00:00,0.14344200000000001,13.53504,0.0084,13.686882
2018-04-06 13:00:00+00:00,0.7172099999999999,12.45616,0.0322,13.20557
2018-04-06 14:00:00+00:00,1.7213040000000002,13.044640000000001,0.1148,14.880744000000002
2018-04-06 15:00:00+00:00,3.58605,18.73328,0.27299999999999996,22.59233
2018-04-06 16:00:00+00:00,6.024564000000001,30.993280000000002,0.2702,37.288044000000006
2018-04-06 17:00:00+00:00,10.04094,44.72448000000001,0.12039999999999998,54.88582
2018-04-06 18:00:00+00:00,19.651554,55.80752,0.0658,75.524874
2018-04-06 19:00:00+00:00,32.417892,59.53456,0.061599999999999995,92.01405199999999
2018-04-06 20:00:00+00:00,42.745716,58.259519999999995,0.10359999999999998,101.108836
2018-04-06 21:00:00+00:00,50.348142,56.29791999999999,0.1876,106.833662
2018-04-06 22:00:00+00:00,60.24564,56.29791999999999,0.32899999999999996,116.87255999999998
2018-04-06 23:00:00+00:00,72.007884,56.49408,0.4452,128.947164
2018-04-07 00:00:00+00:00,82.335708,57.47487999999999,0.63,140.440588
2018-04-07 01:00:00+00:00,94.815162,61.3,0.8525999999999999,156.967762
2018-04-07 02:00:00+00:00,108.72903600000001,67.67519999999999,0.9604,177.364636
2018-04-07 03:00:00+00:00,117.0,72.48111999999999,0.9604,190.44151999999997
2018-04-07 04:00:00+00:00,115.61425200000001,63.45776000000001,0.7168,179.78881200000004
2018-04-07 05:00:00+00:00,84.34389599999999,59.436479999999996,0.3668,144.147176
2018-04-07 06:00:00+00:00,82.048824,61.986560000000004,0.357,144.392384
2018-04-07 07:00:00+00:00,62.971038,48.74576,0.3864,112.10319799999999
2018-04-07 08:00:00+00:00,36.290825999999996,32.3664,0.3444,69.00162599999999
2018-04-07 09:00:00+00:00,19.221228,19.223679999999998,0.29119999999999996,38.736108
2018-04-07 10:00:00+00:00,10.04094,11.08304,0.23099999999999998,21.354980000000005
2018-04-07 11:00:00+00:00,5.307353999999999,6.08096,0.17359999999999998,11.561914
2018-04-07 12:00:00+00:00,2.438514,3.4328000000000003,0.1344,6.005714
2018-04-07 13:00:00+00:00,1.1475360000000001,2.9423999999999997,0.1568,4.246735999999999
2018-04-07 14:00:00+00:00,0.7172099999999999,4.02128,0.21559999999999999,4.95409
2018-04-07 15:00:00+00:00,3.2991659999999996,6.57136,0.25479999999999997,10.125326
2018-04-07 16:00:00+00:00,11.188476,9.70992,0.1932,21.091596
2018-04-07 17:00:00+00:00,9.754056,10.984960000000001,0.0798,20.818815999999998
2018-04-07 18:00:00+00:00,5.02047,7.8464,0.0322,12.89907
2018-04-07 19:00:00+00:00,1.8647459999999998,3.23664,0.049,5.150386
2018-04-07 20:00:00+00:00,0.7172099999999999,1.56928,0.0658,2.3522899999999995
2018-04-07 21:00:00+00:00,1.004094,1.4711999999999998,0.0658,2.5410939999999997
2018-04-07 22:00:00+00:00,1.004094,2.452,0.05039999999999999,3.506494
2018-04-07 23:00:00+00:00,0.43032600000000004,4.02128,0.036399999999999995,4.488006
2018-04-08 00:00:00+00:00,0.14344200000000001,5.296320000000001,0.027999999999999997,5.4677620000000005
2018-04-08 01:00:00+00:00,0.14344200000000001,5.4924800000000005,0.020999999999999998,5.656922000000001
2018-04-08 02:00:00+00:00,0.0,5.10016,0.015399999999999999,5.115559999999999
2018-04-08 03:00:00+00:00,0.0,4.217439999999999,0.0112,4.228639999999999
2018-04-08 04:00:00+00:00,0.0,2.1577599999999997,0.0056,2.1633599999999995
2018-04-08 05:00:00+00:00,0.14344200000000001,0.39232,0.0042,0.539962
2018-04-08 06:00:00+00:00,0.14344200000000001,0.0,0.0084,0.151842
2018-04-08 07:00:00+00:00,0.0,0.19616,0.025199999999999997,0.22136
2018-04-08 08:00:00+00:00,0.0,1.17696,0.0644,1.24136
2018-04-08 09:00:00+00:00,0.0,3.23664,0.12739999999999999,3.36404
2018-04-08 10:00:00+00:00,0.0,8.53296,0.21139999999999998,8.744359999999999
2018-04-08 11:00:00+00:00,2.2950720000000002,18.635199999999998,0.3094,21.239672
2018-04-08 12:00:00+00:00,10.327824,29.718239999999998,0.40879999999999994,40.454864
2018-04-08 13:00:00+00:00,13.62699,29.914399999999997,0.49699999999999994,44.03838999999999
2018-04-08 14:00:00+00:00,27.25398,28.83552,0.5599999999999999,56.6495
2018-04-08 15:00:00+00:00,52.643214,37.95696,0.4578,91.05797400000002
2018-04-08 16:00:00+00:00,51.35223599999999,47.37264,0.36119999999999997,99.08607599999999
2018-04-08 17:00:00+00:00,22.376952,36.48576,0.217,59.079712
2018-04-08 18:00:00+00:00,8.176194,22.46032,0.13299999999999998,30.769513999999997
2018-04-08 19:00:00+00:00,3.58605,15.10432,0.0658,18.75617
2018-04-08 20:00:00+00:00,1.7213040000000002,11.86768,0.0238,13.612784
2018-04-08 21:00:00+00:00,0.7172099999999999,10.886880000000001,0.0084,11.612490000000001
2018-04-08 22:00:00+00:00,0.28688400000000003,11.57344,0.0056,11.865924
2018-04-08 23:00:00+00:00,0.0,12.84848,0.0056,12.85408
2018-04-09 00:00:00+00:00,0.0,13.731200000000001,0.006999999999999999,13.7382
2018-04-09 01:00:00+00:00,0.14344200000000001,15.2024,0.0084,15.354242000000001
2018-04-09 02:00:00+00:00,0.28688400000000003,17.850559999999998,0.006999999999999999,18.144444
2018-04-09 03:00:00+00:00,0.28688400000000003,18.92944,0.0042,19.220524
2018-04-09 04:00:00+00:00,0.14344200000000001,11.67152,0.0084,11.823362
2018-04-09 05:00:00+00:00,1.4344199999999998,10.20032,0.0322,11.666939999999999
2018-04-09 06:00:00+00:00,4.016376,5.884799999999999,0.055999999999999994,9.957175999999999
2018-04-09 07:00:00+00:00,5.4507959999999995,4.60976,0.08539999999999999,10.145955999999998
2018-04-09 08:00:00+00:00,7.458983999999999,9.41568,0.14279999999999998,17.017464
2018-04-09 09:00:00+00:00,11.188476,17.75248,0.25339999999999996,29.194356
2018-04-09 10:00:00+00:00,15.922062,27.36432,0.42279999999999995,43.709182000000006
2018-04-09 11:00:00+00:00,21.659741999999998,37.270399999999995,0.5572,59.48734199999999
2018-04-09 12:00:00+00:00,26.680212,45.31296,0.602,72.595172
2018-04-09 13:00:00+00:00,33.565428,51.0016,0.6188,85.18582799999999
2018-04-09 14:00:00+00:00,42.602273999999994,53.944,0.6132,97.159474
2018-04-09 15:00:00+00:00,48.77028,54.14016,0.5137999999999999,103.42424
2018-04-09 16:00:00+00:00,49.487489999999994,52.57088,0.4662,102.52457
2018-04-09 17:00:00+00:00,32.99166,45.018719999999995,0.3864,78.39677999999999
2018-04-09 18:00:00+00:00,14.917967999999998,32.07216,0.28559999999999997,47.275728
2018-04-09 19:00:00+00:00,4.877028,21.87184,0.1862,26.935067999999998
2018-04-09 20:00:00+00:00,1.004094,14.41776,0.11199999999999999,15.533854
2018-04-09 21:00:00+00:00,0.14344200000000001,10.20032,0.063,10.406762
2018-04-09 22:00:00+00:00,0.0,7.94448,0.0336,7.97808
2018-04-09 23:00:00+00:00,0.0,6.27712,0.012599999999999998,6.28972
2018-04-10 00:00:00+00:00,0.0,5.00208,0.0042,5.00628
2018-04-10 01:00:00+00:00,0.14344200000000001,3.72704,0.006999999999999999,3.877482
2018-04-10 02:00:00+00:00,0.43032600000000004,2.05968,0.0196,2.5096060000000002
2018-04-10 03:00:00+00:00,1.5778619999999999,0.9808,0.0462,2.604862
2018-04-10 04:00:00+00:00,2.8688399999999996,1.0788799999999998,0.055999999999999994,4.0037199999999995
2018-04-10 05:00:00+00:00,7.6024259999999995,8.04256,0.119,15.763986
2018-04-10 06:00:00+00:00,14.917967999999998,17.36016,0.1876,32.465728
2018-04-10 07:00:00+00:00,23.381046,28.24704,0.2562,51.884285999999996
2018-04-10 08:00:00+00:00,31.844124,41.78208,0.3136,73.939804
2018-04-10 09:00:00+00:00,39.589992,52.66896,0.3654,92.62435199999999
2018-04-10 10:00:00+00:00,47.33586,61.59424,0.4326,109.36269999999999
2018-04-10 11:00:00+00:00,54.651402,67.77327999999999,0.4788,122.903482
2018-04-10 12:00:00+00:00,60.819407999999996,71.30416,0.4564,132.57996799999998
2018-04-10 13:00:00+00:00,57.807126000000004,71.50032,0.357,129.664446
2018-04-10 14:00:00+00:00,43.176041999999995,66.204,0.252,109.63204199999998
2018-04-10 15:00:00+00:00,24.672023999999997,53.4536,0.1904,78.316024
2018-04-10 16:00:00+00:00,14.057316000000002,34.22992,0.2268,48.514036
2018-04-10 17:00:00+00:00,9.323730000000001,23.34304,0.20019999999999996,32.86697
2018-04-10 18:00:00+00:00,6.598331999999999,17.55632,0.1414,24.296052
2018-04-10 19:00:00+00:00,4.733586,14.31968,0.0938,19.147066000000002
2018-04-10 20:00:00+00:00,3.58605,13.633120000000002,0.05179999999999999,17.270970000000002
2018-04-10 21:00:00+00:00,2.2950720000000002,12.94656,0.0266,15.268232
2018-04-10 22:00:00+00:00,1.8647459999999998,11.08304,0.013999999999999999,12.961786
2018-04-10 23:00:00+00:00,1.5778619999999999,8.434879999999998,0.0084,10.021141999999998
2018-04-11 00:00:00+00:00,0.7172099999999999,4.904,0.0028,5.624009999999999
2018-04-11 01:00:00+00:00,0.14344200000000001,1.6673600000000002,0.0014,1.8122020000000003
2018-04-11 02:00:00+00:00,0.0,0.39232,0.0042,0.39652
2018-04-11 03:00:00+00:00,0.0,0.19616,0.006999999999999999,0.20316
2018-04-11 04:00:00+00:00,0.0,0.19616,0.0042,0.20036
2018-04-11 05:00:00+00:00,0.0,0.39232,0.0,0.39232
2018-04-11 06:00:00+00:00,0.5737680000000001,0.6865600000000001,0.0,1.2603280000000001
2018-04-11 07:00:00+00:00,3.872934,3.53088,0.0056,7.409414
2018-04-11 08:00:00+00:00,9.754056,11.67152,0.027999999999999997,21.453575999999998
2018-04-11 09:00:00+00:00,12.479453999999999,22.26416,0.0532,34.796814
2018-04-11 10:00:00+00:00,13.053222,28.24704,0.07279999999999999,41.373062
2018-04-11 11:00:00+00:00,15.348294,33.15104,0.13299999999999998,48.63233400000001
2018-04-11 12:00:00+00:00,17.069598,37.270399999999995,0.20859999999999998,54.54859799999999
2018-04-11 13:00:00+00:00,16.208946,35.40688,0.26039999999999996,51.876225999999996
2018-04-11 14:00:00+00:00,15.06141,29.62016,0.28559999999999997,44.96717
2018-04-11 15:00:00+00:00,20.512206,27.560480000000005,0.26039999999999996,48.333086
2018-04-11 16:00:00+00:00,27.97119,29.22784,0.3388,57.53783
2018-04-11 17:00:00+00:00,22.663836,21.0872,0.301,44.052036
2018-04-11 18:00:00+00:00,13.196663999999998,14.02544,0.20299999999999999,27.425103999999997
2018-04-11 19:00:00+00:00,6.168005999999999,9.023359999999998,0.08679999999999999,15.278165999999999
2018-04-11 20:00:00+00:00,1.5778619999999999,6.17904,0.0084,7.765301999999999
2018-04-11 21:00:00+00:00,0.14344200000000001,2.55008,0.0,2.6935219999999997
2018-04-11 22:00:00+00:00,0.0,0.58848,0.0,0.58848
2018-04-11 23:00:00+00:00,0.14344200000000001,0.19616,0.0,0.339602
2018-04-12 00:00:00+00:00,0.43032600000000004,0.09808,0.0028,0.5312060000000001
2018-04-12 01:00:00+00:00,0.5737680000000001,0.0,0.013999999999999999,0.5877680000000001
2018-04-12 02:00:00+00:00,0.43032600000000004,0.09808,0.0336,0.562006
2018-04-12 03:00:00+00:00,0.28688400000000003,0.19616,0.043399999999999994,0.526444
2018-04-12 04:00:00+00:00,0.14344200000000001,0.09808,0.006999999999999999,0.24852200000000002
2018-04-12 05:00:00+00:00,0.0,0.29424,0.0,0.29424
2018-04-12 06:00:00+00:00,0.43032600000000004,1.9616,0.0014,2.393326
2018-04-12 07:00:00+00:00,0.5737680000000001,3.72704,0.0056,4.306408
2018-04-12 08:00:00+00:00,1.4344199999999998,6.27712,0.0084,7.719939999999999
2018-04-12 09:00:00+00:00,7.745868,12.55424,0.013999999999999999,20.314108
2018-04-12 10:00:00+00:00,13.483547999999999,22.26416,0.034999999999999996,35.782708
2018-04-12 11:00:00+00:00,15.06141,29.81632,0.08539999999999999,44.96313
2018-04-12 12:00:00+00:00,13.62699,32.95488,0.18059999999999998,46.76247
2018-04-12 13:00:00+00:00,11.188476,31.875999999999998,0.31779999999999997,43.382276
2018-04-12 14:00:00+00:00,5.881122,25.89312,0.42979999999999996,32.204042
2018-04-12 15:00:00+00:00,1.8647459999999998,19.02752,0.4564,21.348665999999998
2018-04-12 16:00:00+00:00,1.004094,14.61392,0.4885999999999999,16.106614
2018-04-12 17:00:00+00:00,0.8606520000000001,8.53296,0.2576,9.651212
2018-04-12 18:00:00+00:00,1.004094,5.19824,0.077,6.279334
2018-04-12 19:00:00+00:00,0.5737680000000001,4.217439999999999,0.0098,4.8010079999999995
2018-04-12 20:00:00+00:00,0.14344200000000001,3.13856,0.0014,3.2834019999999997
2018-04-12 21:00:00+00:00,0.0,1.9616,0.0028,1.9644
2018-04-12 22:00:00+00:00,0.0,0.9808,0.0056,0.9864
2018-04-12 23:00:00+00:00,0.0,0.29424,0.006999999999999999,0.30124
2018-04-13 00:00:00+00:00,0.0,0.09808,0.0042,0.10228
2018-04-13 01:00:00+00:00,0.0,0.09808,0.0042,0.10228
2018-04-13 02:00:00+00:00,0.0,0.0,0.0042,0.0042
2018-04-13 03:00:00+00:00,0.0,0.0,0.0084,0.0084
2018-04-13 04:00:00+00:00,0.14344200000000001,0.0,0.0084,0.151842
2018-04-13 05:00:00+00:00,0.0,0.19616,0.0,0.19616
2018-04-13 06:00:00+00:00,0.14344200000000001,2.2558399999999996,0.0028,2.4020819999999996
2018-04-13 07:00:00+00:00,1.7213040000000002,8.3368,0.0098,10.067904
2018-04-13 08:00:00+00:00,6.885216000000001,19.125600000000002,0.027999999999999997,26.038816
2018-04-13 09:00:00+00:00,12.19257,30.30672,0.0658,42.565090000000005
2018-04-13 10:00:00+00:00,14.200758,38.05504,0.1372,52.392998
2018-04-13 11:00:00+00:00,14.057316000000002,42.370560000000005,0.24079999999999996,56.668676000000005
2018-04-13 12:00:00+00:00,12.19257,42.66479999999999,0.3388,55.19616999999999
2018-04-13 13:00:00+00:00,10.327824,38.251200000000004,0.3934,48.972424000000004
2018-04-13 14:00:00+00:00,9.610614,30.79712,0.3794,40.787133999999995
2018-04-13 15:00:00+00:00,12.622895999999999,23.34304,0.427,36.392936
2018-04-13 16:00:00+00:00,21.229415999999997,20.40064,0.49699999999999994,42.127055999999996
2018-04-13 17:00:00+00:00,16.208946,18.73328,0.315,35.257226
2018-04-13 18:00:00+00:00,4.446701999999999,14.90816,0.1372,19.492062
2018-04-13 19:00:00+00:00,0.14344200000000001,10.00416,0.036399999999999995,10.184002000000001
2018-04-13 20:00:00+00:00,0.0,6.76752,0.0056,6.7731200000000005
2018-04-13 21:00:00+00:00,0.14344200000000001,5.10016,0.0014,5.245002
2018-04-13 22:00:00+00:00,0.28688400000000003,4.70784,0.0028,4.997523999999999
2018-04-13 23:00:00+00:00,0.5737680000000001,5.00208,0.006999999999999999,5.582848
2018-04-14 00:00:00+00:00,0.8606520000000001,5.68864,0.0098,6.559092000000001
2018-04-14 01:00:00+00:00,0.8606520000000001,6.08096,0.0112,6.952812
2018-04-14 02:00:00+00:00,0.8606520000000001,6.17904,0.015399999999999999,7.055091999999999
2018-04-14 03:00:00+00:00,1.004094,5.884799999999999,0.020999999999999998,6.9098939999999995
2018-04-14 04:00:00+00:00,1.1475360000000001,5.00208,0.0112,6.160816
2018-04-14 05:00:00+00:00,0.28688400000000003,4.511679999999999,0.0,4.798563999999999
2018-04-14 06:00:00+00:00,0.0,9.317599999999999,0.0014,9.318999999999999
2018-04-14 07:00:00+00:00,2.008188,12.94656,0.006999999999999999,14.961748
2018-04-14 08:00:00+00:00,6.168005999999999,16.96784,0.0294,23.165245999999996
2018-04-14 09:00:00+00:00,10.04094,22.65648,0.09939999999999999,32.796820000000004
2018-04-14 10:00:00+00:00,14.774526,30.79712,0.2394,45.811046000000005
2018-04-14 11:00:00+00:00,19.221228,38.83968,0.4326,58.493508
2018-04-14 12:00:00+00:00,25.245791999999998,45.41104,0.6314,71.288232
2018-04-14 13:00:00+00:00,36.003942,50.118880000000004,0.7965999999999999,86.91942200000001
2018-04-14 14:00:00+00:00,51.208794,51.88432,0.8427999999999999,103.935914
2018-04-14 15:00:00+00:00,61.249734,46.68608,0.6384,108.574214
2018-04-14 16:00:00+00:00,56.372706,48.059200000000004,0.5277999999999999,104.959706
2018-04-14 17:00:00+00:00,25.532676,43.35136,0.2954,69.179436
2018-04-14 18:00:00+00:00,5.4507959999999995,32.66064,0.12459999999999999,38.236036
2018-04-14 19:00:00+00:00,0.5737680000000001,21.38144,0.043399999999999994,21.998608
2018-04-14 20:00:00+00:00,0.0,14.31968,0.0098,14.32948
2018-04-14 21:00:00+00:00,0.0,12.94656,0.0028,12.94936
2018-04-14 22:00:00+00:00,0.28688400000000003,14.31968,0.0014,14.607964
2018-04-14 23:00:00+00:00,0.5737680000000001,15.98704,0.0028,16.563608000000002
2018-04-15 00:00:00+00:00,0.8606520000000001,19.189352,0.006999999999999999,20.057004000000003
2018-04-15 01:00:00+00:00,1.1475360000000001,18.797031999999998,0.013999999999999999,19.958567999999996
2018-04-15 02:00:00+00:00,1.4344199999999998,18.110472,0.018199999999999997,19.563092
2018-04-15 03:00:00+00:00,1.4344199999999998,13.576724,0.025199999999999997,15.036344
2018-04-15 04:00:00+00:00,0.7172099999999999,6.095672,0.006999999999999999,6.819882
2018-04-15 05:00:00+00:00,0.0,13.525231999999999,0.0,13.525231999999999
2018-04-15 06:00:00+00:00,1.8647459999999998,25.172232,0.0,27.036978
2018-04-15 07:00:00+00:00,5.4507959999999995,27.006328000000003,0.0056,32.462724
2018-04-15 08:00:00+00:00,11.045034,31.007992,0.0532,42.106226
2018-04-15 09:00:00+00:00,18.217133999999998,41.750204,0.1876,60.154938
2018-04-15 10:00:00+00:00,24.672023999999997,55.741316,0.40599999999999997,80.81934
2018-04-15 11:00:00+00:00,28.114632000000004,67.226484,0.6258,95.966916
2018-04-15 12:00:00+00:00,29.835935999999997,74.92821599999999,0.8133999999999999,105.577552
2018-04-15 13:00:00+00:00,34.856406,82.74028799999999,0.8442,118.44089399999999
2018-04-15 14:00:00+00:00,44.180136,87.077876,0.7322,131.990212
2018-04-15 15:00:00+00:00,62.971038,85.91808,0.5684,149.457518
2018-04-15 16:00:00+00:00,81.47505599999998,113.12056799999999,0.6145999999999999,195.21022399999998
2018-04-15 17:00:00+00:00,41.024412,116.82308799999998,0.42279999999999995,158.27029999999996
2018-04-15 18:00:00+00:00,6.7417739999999995,77.995668,0.2198,84.957242
2018-04-15 19:00:00+00:00,0.14344200000000001,37.988836,0.08399999999999999,38.216278
2018-04-15 20:00:00+00:00,0.14344200000000001,21.276004,0.018199999999999997,21.437646
2018-04-15 21:00:00+00:00,0.43032600000000004,19.003,0.0042,19.437526000000002
2018-04-15 22:00:00+00:00,0.43032600000000004,20.883684000000002,0.0042,21.318210000000004
2018-04-15 23:00:00+00:00,0.43032600000000004,22.467676,0.027999999999999997,22.926002
2018-04-16 00:00:00+00:00,0.43032600000000004,22.867352,0.0798,23.377478
2018-04-16 01:00:00+00:00,0.43032600000000004,21.195088,0.126,21.751414
2018-04-16 02:00:00+00:00,0.28688400000000003,17.05366,0.14279999999999998,17.483344000000002
2018-04-16 03:00:00+00:00,0.14344200000000001,10.639228,0.1582,10.94087
2018-04-16 04:00:00+00:00,0.14344200000000001,4.3326839999999995,0.077,4.553126
2018-04-16 05:00:00+00:00,0.14344200000000001,9.39116,0.0112,9.545802
2018-04-16 06:00:00+00:00,0.43032600000000004,12.29678,0.0042,12.731306000000002
2018-04-16 07:00:00+00:00,2.15163,16.4897,0.0014,18.64273
2018-04-16 08:00:00+00:00,6.168005999999999,23.453380000000003,0.0014,29.622786
2018-04-16 09:00:00+00:00,11.331918,30.220900000000004,0.0042,41.557018
2018-04-16 10:00:00+00:00,17.93025,39.668456,0.018199999999999997,57.616906
2018-04-16 11:00:00+00:00,24.38514,53.370232,0.061599999999999995,77.81697199999999
2018-04-16 12:00:00+00:00,28.401516,68.53585199999999,0.1442,97.08156799999999
2018-04-16 13:00:00+00:00,27.97119,79.707164,0.24779999999999996,107.92615400000001
2018-04-16 14:00:00+00:00,21.946626,79.04757599999999,0.33599999999999997,101.33020199999999
2018-04-16 15:00:00+00:00,20.79909,68.785956,0.287,89.87204600000001
2018-04-16 16:00:00+00:00,35.573615999999994,71.9662,0.29679999999999995,107.836616
2018-04-16 17:00:00+00:00,39.589992,70.504808,0.196,110.29079999999999
2018-04-16 18:00:00+00:00,21.229415999999997,53.801784,0.1148,75.146
2018-04-16 19:00:00+00:00,11.045034,32.748912,0.12179999999999998,43.915746
2018-04-16 20:00:00+00:00,12.049128000000001,27.90376,0.3584,40.311288000000005
2018-04-16 21:00:00+00:00,18.934344,35.274472,0.5684,54.777215999999996
2018-04-16 22:00:00+00:00,34.712964,51.212472000000005,0.693,86.618436
2018-04-16 23:00:00+00:00,61.823502,71.25757200000001,0.7868,133.867874
2018-04-17 00:00:00+00:00,89.220924,92.104476,0.9057999999999999,182.2312
2018-04-17 01:00:00+00:00,107.58149999999999,111.13444799999999,0.8959999999999999,219.61194799999996
2018-04-17 02:00:00+00:00,117.0,126.748784,0.8287999999999999,244.577584
2018-04-17 03:00:00+00:00,117.0,139.938092,0.8525999999999999,257.790692
2018-04-17 04:00:00+00:00,117.0,126.545268,0.4382,243.983468
2018-04-17 05:00:00+00:00,95.96269800000002,97.79802,0.1694,193.930118
2018-04-17 06:00:00+00:00,75.30705,103.03304,0.2296,178.56969
2018-04-17 07:00:00+00:00,41.45473799999999,59.289359999999995,0.2198,100.96389799999999
2018-04-17 08:00:00+00:00,14.200758,24.095804,0.1512,38.447762000000004
2018-04-17 09:00:00+00:00,3.4426080000000003,6.725835999999999,0.0882,10.256644
2018-04-17 10:00:00+00:00,0.43032600000000004,0.691464,0.041999999999999996,1.16379
2018-04-17 11:00:00+00:00,0.0,0.0,0.0196,0.0196
2018-04-17 12:00:00+00:00,0.0,0.0,0.0112,0.0112
2018-04-17 13:00:00+00:00,1.4344199999999998,1.9052040000000003,0.013999999999999999,3.353624
2018-04-17 14:00:00+00:00,4.5901440000000004,6.507607999999999,0.0462,11.143952
2018-04-17 15:00:00+00:00,8.319636000000001,15.168071999999999,0.16799999999999998,23.655707999999997
2018-04-17 16:00:00+00:00,6.45489,17.718152,0.2744,24.447442
2018-04-17 17:00:00+00:00,3.7294919999999996,15.592268,0.20579999999999998,19.52756
2018-04-17 18:00:00+00:00,1.7213040000000002,14.273092000000002,0.09939999999999999,16.093796
2018-04-17 19:00:00+00:00,2.2950720000000002,15.751648,0.0462,18.09292
2018-04-17 20:00:00+00:00,4.30326,21.11172,0.030799999999999998,25.44578
2018-04-17 21:00:00+00:00,8.032752,29.159184,0.0406,37.232535999999996
2018-04-17 22:00:00+00:00,15.06141,39.283491999999995,0.0882,54.433102
2018-04-17 23:00:00+00:00,22.376952,51.587628,0.1596,74.12418
2018-04-18 00:00:00+00:00,27.827748,64.492504,0.2198,92.540052
2018-04-18 01:00:00+00:00,29.692493999999996,72.819496,0.25339999999999996,102.76539
2018-04-18 02:00:00+00:00,29.549052,76.48278399999998,0.2646,106.29643599999999
2018-04-18 03:00:00+00:00,26.680212,72.414916,0.24499999999999997,99.340128
2018-04-18 04:00:00+00:00,22.233510000000003,56.486724,0.17359999999999998,78.893834
2018-04-18 05:00:00+00:00,12.479453999999999,33.062768000000005,0.061599999999999995,45.603822
2018-04-18 06:00:00+00:00,1.1475360000000001,10.492108,0.0042,11.643844000000001
2018-04-18 07:00:00+00:00,0.0,1.284848,0.0,1.284848
2018-04-18 08:00:00+00:00,0.14344200000000001,0.595836,0.0,0.7392780000000001
2018-04-18 09:00:00+00:00,0.28688400000000003,0.201064,0.0,0.48794800000000005
2018-04-18 10:00:00+00:00,0.43032600000000004,0.100532,0.0,0.530858
2018-04-18 11:00:00+00:00,0.8606520000000001,0.100532,0.0042,0.965384
2018-04-18 12:00:00+00:00,2.15163,0.301596,0.020999999999999998,2.474226
2018-04-18 13:00:00+00:00,3.872934,1.6060599999999998,0.0644,5.543394
2018-04-18 14:00:00+00:00,5.737679999999999,4.109552,0.1596,10.006831999999998
2018-04-18 15:00:00+00:00,6.885216000000001,9.697659999999999,0.35,16.932876
2018-04-18 16:00:00+00:00,6.168005999999999,14.765943999999998,0.3752,21.309149999999995
2018-04-18 17:00:00+00:00,5.4507959999999995,19.623356,0.20159999999999997,25.275752
2018-04-18 18:00:00+00:00,7.028658000000001,26.270728,0.0756,33.374986
2018-04-18 19:00:00+00:00,10.184381999999998,31.331656000000002,0.0336,41.549638
2018-04-18 20:00:00+00:00,12.90978,33.619372,0.0294,46.558552
2018-04-18 21:00:00+00:00,12.90978,32.829828,0.0224,45.762007999999994
2018-04-18 22:00:00+00:00,11.045034,33.209888,0.006999999999999999,44.261922
2018-04-18 23:00:00+00:00,9.323730000000001,37.633296,0.0014,46.958425999999996
2018-04-19 00:00:00+00:00,8.176194,40.963112,0.0014,49.140706
2018-04-19 01:00:00+00:00,7.889309999999999,38.940212,0.0014,46.830922
2018-04-19 02:00:00+00:00,7.1721,32.067256,0.0014,39.240756
2018-04-19 03:00:00+00:00,5.737679999999999,22.636864,0.0014,28.375944
2018-04-19 04:00:00+00:00,3.4426080000000003,12.549335999999998,0.0014,15.993343999999999
2018-04-19 05:00:00+00:00,1.8647459999999998,5.048668,0.0056,6.919014
2018-04-19 06:00:00+00:00,1.7213040000000002,7.1279639999999995,0.0196,8.868868
2018-04-19 07:00:00+00:00,0.28688400000000003,4.727456,0.0392,5.05354
2018-04-19 08:00:00+00:00,0.14344200000000001,6.495348000000001,0.091,6.729790000000001
2018-04-19 09:00:00+00:00,0.28688400000000003,12.512556,0.17079999999999998,12.97024
2018-04-19 10:00:00+00:00,7.889309999999999,38.430195999999995,0.2702,46.589706
2018-04-19 11:00:00+00:00,15.778619999999998,57.979991999999996,0.385,74.143612
2018-04-19 12:00:00+00:00,21.946626,62.812884,0.46199999999999997,85.22151
2018-04-19 13:00:00+00:00,29.262168,65.595904,0.49139999999999995,95.349472
2018-04-19 14:00:00+00:00,40.594086,76.240036,0.5362,117.370322
2018-04-19 15:00:00+00:00,48.626838000000006,87.59279599999999,0.45499999999999996,136.674634
2018-04-19 16:00:00+00:00,40.307202000000004,93.901792,0.4522,134.66119400000002
2018-04-19 17:00:00+00:00,16.208946,70.39692000000001,0.3206,86.926466
2018-04-19 18:00:00+00:00,3.872934,41.698712,0.17079999999999998,45.742446
2018-04-19 19:00:00+00:00,1.004094,29.112596000000003,0.0784,30.19509
2018-04-19 20:00:00+00:00,1.290978,27.217200000000002,0.054599999999999996,28.562778
2018-04-19 21:00:00+00:00,3.2991659999999996,34.308384000000004,0.06019999999999999,37.667750000000005
2018-04-19 22:00:00+00:00,6.168005999999999,46.249624,0.061599999999999995,52.479229999999994
2018-04-19 23:00:00+00:00,7.028658000000001,49.47400400000001,0.0532,56.555862000000005
2018-04-20 00:00:00+00:00,7.315542,39.781248,0.05179999999999999,47.14859
2018-04-20 01:00:00+00:00,7.028658000000001,28.860039999999998,0.06019999999999999,35.948898
2018-04-20 02:00:00+00:00,7.315542,29.615256000000002,0.08259999999999999,37.013398
2018-04-20 03:00:00+00:00,9.610614,36.402392,0.0952,46.108205999999996
2018-04-20 04:00:00+00:00,8.319636000000001,31.471420000000002,0.119,39.910056000000004
2018-04-20 05:00:00+00:00,8.319636000000001,23.561268,0.17779999999999999,32.058704
2018-04-20 06:00:00+00:00,13.483547999999999,36.44898,0.2716,50.204128
2018-04-20 07:00:00+00:00,21.803183999999998,53.823852,0.45499999999999996,76.082036
2018-04-20 08:00:00+00:00,33.278544000000004,83.304248,0.7083999999999999,117.29119200000001
2018-04-20 09:00:00+00:00,48.05307,118.50516,0.9897999999999999,167.54803
2018-04-20 10:00:00+00:00,68.278392,140.47262800000001,1.2362,209.98722
2018-04-20 11:00:00+00:00,89.364366,157.40964,1.2418,248.015806
2018-04-20 12:00:00+00:00,101.987262,162.0,0.6901999999999999,264.677462
2018-04-20 13:00:00+00:00,91.08567000000001,162.0,0.819,253.90466999999998
2018-04-20 14:00:00+00:00,58.66777799999999,148.562824,0.9953999999999998,208.226002
2018-04-20 15:00:00+00:00,28.401516,101.640304,0.623,130.66482
2018-04-20 16:00:00+00:00,14.917967999999998,68.339692,0.3136,83.57126
2018-04-20 17:00:00+00:00,14.774526,72.48602399999999,0.3206,87.58114999999998
2018-04-20 18:00:00+00:00,9.897498,54.762967999999994,0.217,64.877466
2018-04-20 19:00:00+00:00,10.75815,30.488167999999995,0.147,41.393317999999994
2018-04-20 20:00:00+00:00,19.077786,50.587212,0.1344,69.799398
2018-04-20 21:00:00+00:00,22.807278,61.49125599999999,0.1582,84.45673399999998
2018-04-20 22:00:00+00:00,20.79909,52.63953599999999,0.1694,73.608026
2018-04-20 23:00:00+00:00,18.217133999999998,40.661516,0.16519999999999999,59.04384999999999
2018-04-21 00:00:00+00:00,16.639272000000002,33.462444,0.1498,50.251515999999995
2018-04-21 01:00:00+00:00,17.786807999999997,30.321432,0.13299999999999998,48.24124
2018-04-21 02:00:00+00:00,20.368763999999995,34.10732,0.12739999999999999,54.603484
2018-04-21 03:00:00+00:00,32.131008,62.295512,0.1582,94.58472
2018-04-21 04:00:00+00:00,50.204699999999995,107.976272,0.1792,158.360172
2018-04-21 05:00:00+00:00,45.757998,63.622044,0.3906,109.77064200000001
2018-04-21 06:00:00+00:00,52.35633,87.862516,0.4941999999999999,140.713046
2018-04-21 07:00:00+00:00,98.831538,162.0,0.637,261.468538
2018-04-21 08:00:00+00:00,113.175738,162.0,0.8652,276.04093800000004
2018-04-21 09:00:00+00:00,97.397118,158.113364,1.0402,256.550682
2018-04-21 10:00:00+00:00,107.86838399999999,162.0,1.113,270.981384
2018-04-21 11:00:00+00:00,110.737224,162.0,1.127,273.864224
2018-04-21 12:00:00+00:00,107.00773199999999,162.0,1.0864,270.094132
2018-04-21 13:00:00+00:00,96.39302400000001,162.0,0.9827999999999999,259.375824
2018-04-21 14:00:00+00:00,78.606216,156.00219199999998,0.8007999999999998,235.409208
2018-04-21 15:00:00+00:00,50.491583999999996,126.466804,0.5249999999999999,177.483388
2018-04-21 16:00:00+00:00,31.126914,98.070192,0.34719999999999995,129.544306
2018-04-21 17:00:00+00:00,13.770432000000001,74.322572,0.238,88.331004
2018-04-21 18:00:00+00:00,6.885216000000001,50.300328,0.1414,57.326944
2018-04-21 19:00:00+00:00,2.8688399999999996,39.37912,0.08399999999999999,42.33196
2018-04-21 20:00:00+00:00,2.008188,37.28266,0.0574,39.348248
2018-04-21 21:00:00+00:00,2.7253979999999998,42.02728,0.0476,44.800278
2018-04-21 22:00:00+00:00,4.016376,50.533268,0.0476,54.597244
2018-04-21 23:00:00+00:00,5.307353999999999,49.939884000000006,0.0448,55.292038000000005
2018-04-22 00:00:00+00:00,5.163912,41.333364,0.034999999999999996,46.532275999999996
2018-04-22 01:00:00+00:00,8.463078,43.746132,0.0336,52.24281
2018-04-22 02:00:00+00:00,14.487642,46.666464,0.036399999999999995,61.190506
2018-04-22 03:00:00+00:00,16.352388,45.796004,0.036399999999999995,62.184792
2018-04-22 04:00:00+00:00,20.79909,66.611032,0.0588,87.468922
2018-04-22 05:00:00+00:00,26.106444,76.46562,0.1134,102.685464
2018-04-22 06:00:00+00:00,27.827748,81.440728,0.12179999999999998,109.39027599999999
2018-04-22 07:00:00+00:00,28.544958,83.341028,0.12319999999999999,112.009186
2018-04-22 08:00:00+00:00,29.118726000000002,85.631196,0.1568,114.906722
2018-04-22 09:00:00+00:00,30.840030000000002,91.694992,0.25339999999999996,122.788422
2018-04-22 10:00:00+00:00,35.573615999999994,102.6162,0.4396,138.62941600000002
2018-04-22 11:00:00+00:00,43.319483999999996,118.0025,0.6888,162.01078399999997
2018-04-22 12:00:00+00:00,57.807126000000004,135.48280799999998,0.8777999999999999,194.167734
2018-04-22 13:00:00+00:00,80.184078,150.19235600000002,0.9659999999999999,231.34243400000003
2018-04-22 14:00:00+00:00,100.265958,160.124004,0.9771999999999998,261.367162
2018-04-22 15:00:00+00:00,96.679908,160.4256,0.819,257.924508
2018-04-22 16:00:00+00:00,71.290674,144.297748,0.6244,216.21282200000002
2018-04-22 17:00:00+00:00,51.926004,123.146796,0.4732,175.546
2018-04-22 18:00:00+00:00,32.417892,96.123304,0.34859999999999997,128.88979600000002
2018-04-22 19:00:00+00:00,15.348294,65.20603600000001,0.23099999999999998,80.78533
2018-04-22 20:00:00+00:00,6.7417739999999995,44.844628,0.1316,51.718002
2018-04-22 21:00:00+00:00,2.438514,29.759924,0.0686,32.267038
2018-04-22 22:00:00+00:00,0.8606520000000001,19.054491999999996,0.0378,19.952944
2018-04-22 23:00:00+00:00,0.14344200000000001,11.825996,0.015399999999999999,11.984838
2018-04-23 00:00:00+00:00,0.0,7.873372,0.0056,7.878972
2018-04-23 01:00:00+00:00,0.0,5.4091119999999995,0.0014,5.410512
2018-04-23 02:00:00+00:00,0.0,4.129168,0.0,4.129168
2018-04-23 03:00:00+00:00,0.14344200000000001,4.727456,0.0014,4.872298000000001
2018-04-23 04:00:00+00:00,0.14344200000000001,3.7540120000000003,0.0,3.897454
2018-04-23 05:00:00+00:00,0.43032600000000004,4.359655999999999,0.0042,4.794181999999999
2018-04-23 06:00:00+00:00,0.14344200000000001,2.47652,0.0014,2.6213619999999995
2018-04-23 07:00:00+00:00,0.0,1.088688,0.0,1.088688
2018-04-23 08:00:00+00:00,0.0,0.296692,0.0,0.296692
2018-04-23 09:00:00+00:00,0.0,0.0,0.0014,0.0014
2018-04-23 10:00:00+00:00,0.0,0.0,0.0028,0.0028
2018-04-23 11:00:00+00:00,0.0,0.0,0.006999999999999999,0.006999999999999999
2018-04-23 12:00:00+00:00,0.14344200000000001,0.0,0.018199999999999997,0.161642
2018-04-23 13:00:00+00:00,1.1475360000000001,0.497756,0.0448,1.690092
2018-04-23 14:00:00+00:00,2.008188,1.8953959999999999,0.1316,4.035184
2018-04-23 15:00:00+00:00,4.877028,5.288964,0.29119999999999996,10.457192
2018-04-23 16:00:00+00:00,8.893403999999999,13.652735999999997,0.3654,22.911539999999995
2018-04-23 17:00:00+00:00,9.897498,20.280492000000002,0.23099999999999998,30.408990000000003
2018-04-23 18:00:00+00:00,8.893403999999999,23.911904,0.08259999999999999,32.887907999999996
2018-04-23 19:00:00+00:00,8.60652,28.249492,0.0238,36.879812
2018-04-23 20:00:00+00:00,10.184381999999998,38.069752,0.0322,48.286334000000004
2018-04-23 21:00:00+00:00,13.340106,52.183464,0.07419999999999999,65.59777000000001
2018-04-23 22:00:00+00:00,22.376952,72.09860799999998,0.12319999999999999,94.59875999999998
2018-04-23 23:00:00+00:00,36.434267999999996,94.20338799999999,0.20859999999999998,130.84625599999998
2018-04-24 00:00:00+00:00,51.208794,114.61383599999999,0.34159999999999996,166.16423
2018-04-24 01:00:00+00:00,65.552994,129.13457999999997,0.4732,195.16077399999998
2018-04-24 02:00:00+00:00,81.188172,140.25685199999998,0.6033999999999999,222.04842399999998
2018-04-24 03:00:00+00:00,95.53237200000001,147.50006,0.714,243.746432
2018-04-24 04:00:00+00:00,85.20454799999999,125.191764,0.294,210.690312
2018-04-24 05:00:00+00:00,66.84397200000001,125.598796,0.189,192.631768
2018-04-24 06:00:00+00:00,86.0652,147.37745999999999,0.2786,233.72126
2018-04-24 07:00:00+00:00,76.02426,130.19629600000002,0.42139999999999994,206.64195600000002
2018-04-24 08:00:00+00:00,59.67187199999999,109.724548,0.49839999999999995,169.89481999999998
2018-04-24 09:00:00+00:00,43.749810000000004,89.15226799999999,0.4941999999999999,133.396278
2018-04-24 10:00:00+00:00,28.544958,65.50518,0.434,94.484138
2018-04-24 11:00:00+00:00,15.922062,42.164592,0.36119999999999997,58.44785399999999
2018-04-24 12:00:00+00:00,6.7417739999999995,23.50242,0.29819999999999997,30.542394
2018-04-24 13:00:00+00:00,2.008188,10.602447999999999,0.20579999999999998,12.816436
2018-04-24 14:00:00+00:00,0.14344200000000001,3.6657399999999996,0.06999999999999999,3.8791819999999992
2018-04-24 15:00:00+00:00,0.5737680000000001,2.9791799999999995,0.0392,3.592148
2018-04-24 16:00:00+00:00,5.594238,16.210172,0.0952,21.89961
2018-04-24 17:00:00+00:00,5.737679999999999,29.553956,0.126,35.417635999999995
2018-04-24 18:00:00+00:00,6.885216000000001,27.616875999999998,0.16519999999999999,34.667291999999996
2018-04-24 19:00:00+00:00,11.618802,24.939292000000002,0.2296,36.787694
2018-04-24 20:00:00+00:00,12.049128000000001,22.438252,0.23099999999999998,34.71838
2018-04-24 21:00:00+00:00,9.897498,19.856296,0.1904,29.944194
2018-04-24 22:00:00+00:00,9.180288000000001,24.144844,0.20579999999999998,33.53093199999999
2018-04-24 23:00:00+00:00,10.184381999999998,32.172692,0.1498,42.506873999999996
2018-04-25 00:00:00+00:00,12.766338,45.361999999999995,0.19879999999999998,58.32713799999999
2018-04-25 01:00:00+00:00,20.79909,65.03194400000001,0.25339999999999996,86.08443400000002
2018-04-25 02:00:00+00:00,24.672023999999997,74.903696,0.357,99.93271999999999
2018-04-25 03:00:00+00:00,20.79909,75.786416,0.4746,97.060106
2018-04-25 04:00:00+00:00,21.659741999999998,85.60422399999999,0.3318,107.59576599999998
2018-04-25 05:00:00+00:00,18.504018,70.83828,0.3696,89.711898
2018-04-25 06:00:00+00:00,16.065504,52.93377600000001,0.5642,69.56348000000001
2018-04-25 07:00:00+00:00,15.491736,33.908708,0.6621999999999999,50.06264399999999
2018-04-25 08:00:00+00:00,14.917967999999998,17.031592,0.7476,32.69716
2018-04-25 09:00:00+00:00,17.356482,14.508484,0.7909999999999999,32.655966
2018-04-25 10:00:00+00:00,22.376952,23.791756,0.469,46.637707999999996
2018-04-25 11:00:00+00:00,27.827748,33.994528,0.1414,61.963676
2018-04-25 12:00:00+00:00,33.565428,50.256192,0.21,84.03161999999999
2018-04-25 13:00:00+00:00,43.319483999999996,70.382208,0.287,113.98869200000001
2018-04-25 14:00:00+00:00,52.35633,82.99284399999999,0.1316,135.480774
2018-04-25 15:00:00+00:00,45.757998,80.513872,0.0644,126.33627000000001
2018-04-25 16:00:00+00:00,25.963002,66.31679199999999,0.0686,92.348394
2018-04-25 17:00:00+00:00,14.200758,53.215756,0.1722,67.58871400000001
2018-04-25 18:00:00+00:00,10.471265999999998,43.603916,0.1876,54.262782
2018-04-25 19:00:00+00:00,6.45489,34.07054,0.10779999999999999,40.63323
2018-04-25 20:00:00+00:00,3.7294919999999996,22.646672000000002,0.0966,26.472764
2018-04-25 21:00:00+00:00,3.2991659999999996,13.333976,0.1372,16.770342
2018-04-25 22:00:00+00:00,4.733586,9.58732,0.13019999999999998,14.451106000000001
2018-04-25 23:00:00+00:00,6.45489,10.10224,0.10919999999999999,16.666330000000002
2018-04-26 00:00:00+00:00,6.168005999999999,11.298815999999999,0.0644,17.531221999999996
2018-04-26 01:00:00+00:00,5.02047,12.583663999999999,0.0238,17.627934
2018-04-26 02:00:00+00:00,4.30326,11.882392,0.012599999999999998,16.198251999999997
2018-04-26 03:00:00+00:00,6.168005999999999,12.387504,0.015399999999999999,18.570909999999998
2018-04-26 04:00:00+00:00,7.889309999999999,13.383016,0.0014,21.273726
2018-04-26 05:00:00+00:00,7.315542,10.712788,0.043399999999999994,18.07173
2018-04-26 06:00:00+00:00,5.163912,6.453664,0.077,11.694576
2018-04-26 07:00:00+00:00,2.008188,1.98612,0.061599999999999995,4.0559080000000005
2018-04-26 08:00:00+00:00,0.43032600000000004,0.0,0.0476,0.4779260000000001
2018-04-26 09:00:00+00:00,0.14344200000000001,0.0,0.0238,0.167242
2018-04-26 10:00:00+00:00,0.0,0.0,0.015399999999999999,0.015399999999999999
2018-04-26 11:00:00+00:00,0.0,0.0,0.054599999999999996,0.054599999999999996
2018-04-26 12:00:00+00:00,0.43032600000000004,0.0,0.13019999999999998,0.5605260000000001
2018-04-26 13:00:00+00:00,4.016376,6.561551999999999,0.2744,10.852328
2018-04-26 14:00:00+00:00,8.463078,9.14596,0.29819999999999997,17.907238
2018-04-26 15:00:00+00:00,10.04094,17.17626,0.16799999999999998,27.385199999999998
2018-04-26 16:00:00+00:00,7.458983999999999,31.792632000000005,0.15539999999999998,39.407016000000006
2018-04-26 17:00:00+00:00,5.4507959999999995,36.493116,0.10919999999999999,42.053112
2018-04-26 18:00:00+00:00,3.58605,31.814700000000002,0.0952,35.49595
2018-04-26 19:00:00+00:00,2.7253979999999998,28.364736,0.07279999999999999,31.162934
2018-04-26 20:00:00+00:00,1.7213040000000002,31.43464,0.043399999999999994,33.199344
2018-04-26 21:00:00+00:00,0.7172099999999999,27.263788,0.018199999999999997,27.999198000000003
2018-04-26 22:00:00+00:00,0.7172099999999999,20.52324,0.0042,21.244650000000004
2018-04-26 23:00:00+00:00,1.5778619999999999,15.673184000000001,0.0014,17.252446000000003
2018-04-27 00:00:00+00:00,2.15163,11.5244,0.0266,13.702630000000001
2018-04-27 01:00:00+00:00,2.008188,6.789587999999999,0.10779999999999999,8.905575999999998
2018-04-27 02:00:00+00:00,2.15163,4.0335399999999995,0.21839999999999998,6.403569999999999
2018-04-27 03:00:00+00:00,2.581956,4.435668,0.23099999999999998,7.2486239999999995
2018-04-27 04:00:00+00:00,1.7213040000000002,3.7515600000000004,0.054599999999999996,5.527464
2018-04-27 05:00:00+00:00,0.14344200000000001,2.4593559999999997,0.0112,2.6139979999999996
2018-04-27 06:00:00+00:00,0.0,5.825951999999999,0.0014,5.827351999999999
2018-04-27 07:00:00+00:00,0.0,16.443112,0.0,16.443112
2018-04-27 08:00:00+00:00,0.5737680000000001,34.399108,0.0,34.972876
2018-04-27 09:00:00+00:00,4.1598180000000005,55.417652000000004,0.0014,59.57887
2018-04-27 10:00:00+00:00,12.766338,80.21718,0.0238,93.007318
2018-04-27 11:00:00+00:00,19.651554,107.591308,0.10919999999999999,127.352062
2018-04-27 12:00:00+00:00,24.672023999999997,123.161508,0.24779999999999996,148.081332
2018-04-27 13:00:00+00:00,31.700681999999997,130.70386,0.308,162.71254199999998
2018-04-27 14:00:00+00:00,40.020318,129.32583599999998,0.2394,169.58555399999997
2018-04-27 15:00:00+00:00,40.020318,107.404956,0.1316,147.556874
2018-04-27 16:00:00+00:00,31.844124,79.82486,0.1176,111.78658399999999
2018-04-27 17:00:00+00:00,14.487642,56.364124000000004,0.10219999999999999,70.953966
2018-04-27 18:00:00+00:00,3.872934,34.202948,0.0588,38.134682
2018-04-27 19:00:00+00:00,0.7172099999999999,18.826456,0.027999999999999997,19.571666
2018-04-27 20:00:00+00:00,1.004094,12.598376,0.0168,13.61927
2018-04-27 21:00:00+00:00,3.4426080000000003,13.10594,0.0238,16.572348
2018-04-27 22:00:00+00:00,6.7417739999999995,18.65972,0.07139999999999999,25.472894
2018-04-27 23:00:00+00:00,11.045034,29.558860000000003,0.1344,40.738294
2018-04-28 00:00:00+00:00,14.917967999999998,38.976992,0.10779999999999999,54.002759999999995
2018-04-28 01:00:00+00:00,17.356482,38.886268,0.08259999999999999,56.32535
2018-04-28 02:00:00+00:00,20.368763999999995,33.550716,0.07279999999999999,53.992279999999994
2018-04-28 03:00:00+00:00,19.938438,28.416227999999997,0.0406,48.39526599999999
2018-04-28 04:00:00+00:00,12.90978,19.608643999999998,0.0168,32.535224
2018-04-28 05:00:00+00:00,11.618802,31.468968000000004,0.0336,43.121370000000006
2018-04-28 06:00:00+00:00,13.770432000000001,55.062112,0.0574,68.889944
2018-04-28 07:00:00+00:00,20.08188,81.4677,0.119,101.66857999999999
2018-04-28 08:00:00+00:00,30.696588,105.79644400000001,0.24079999999999996,136.733832
2018-04-28 09:00:00+00:00,39.303108,119.213788,0.3752,158.892096
2018-04-28 10:00:00+00:00,45.757998,124.495396,0.4815999999999999,170.734994
2018-04-28 11:00:00+00:00,53.07354,127.10187200000001,0.5502,180.725612
2018-04-28 12:00:00+00:00,57.807126000000004,126.32704,0.5599999999999999,184.694166
2018-04-28 13:00:00+00:00,58.81122,121.374,0.4871999999999999,180.67242
2018-04-28 14:00:00+00:00,49.917815999999995,108.270512,0.34159999999999996,158.52992799999998
2018-04-28 15:00:00+00:00,29.40561,80.75416799999999,0.1918,110.35157799999999
2018-04-28 16:00:00+00:00,17.069598,62.168008,0.16519999999999999,79.402806
2018-04-28 17:00:00+00:00,9.610614,48.056748,0.09939999999999999,57.766762
2018-04-28 18:00:00+00:00,4.877028,36.520088,0.0378,41.434916
2018-04-28 19:00:00+00:00,1.1475360000000001,24.100708,0.006999999999999999,25.255244
2018-04-28 20:00:00+00:00,0.28688400000000003,14.680124,0.0,14.967008
2018-04-28 21:00:00+00:00,0.43032600000000004,7.765484,0.0,8.19581
2018-04-28 22:00:00+00:00,1.5778619999999999,6.1913,0.0,7.769162
2018-04-28 23:00:00+00:00,3.7294919999999996,7.284891999999999,0.0056,11.019984
2018-04-29 00:00:00+00:00,4.5901440000000004,8.081792,0.018199999999999997,12.690136
2018-04-29 01:00:00+00:00,4.1598180000000005,8.876240000000001,0.0322,13.068258
2018-04-29 02:00:00+00:00,2.8688399999999996,5.715611999999999,0.0448,8.629252
2018-04-29 03:00:00+00:00,2.008188,3.744204,0.0686,5.820992
2018-04-29 04:00:00+00:00,1.5778619999999999,3.0625479999999996,0.0322,4.672609999999999
2018-04-29 05:00:00+00:00,0.43032600000000004,7.409943999999999,0.0336,7.873869999999999
2018-04-29 06:00:00+00:00,0.14344200000000001,15.4476,0.0322,15.623242
2018-04-29 07:00:00+00:00,1.004094,19.23594,0.018199999999999997,20.258233999999998
2018-04-29 08:00:00+00:00,3.0122820000000003,21.526108,0.0112,24.54959
2018-04-29 09:00:00+00:00,4.5901440000000004,21.523656,0.0084,26.1222
2018-04-29 10:00:00+00:00,7.315542,22.119492,0.0056,29.440634000000003
2018-04-29 11:00:00+00:00,9.036846,25.093768000000004,0.0056,34.13621400000001
2018-04-29 12:00:00+00:00,8.749962,25.780328,0.0238,34.55409
2018-04-29 13:00:00+00:00,7.315542,25.873504,0.06999999999999999,33.259046
2018-04-29 14:00:00+00:00,4.5901440000000004,25.851436,0.13019999999999998,30.57178
2018-04-29 15:00:00+00:00,1.7213040000000002,23.536748,0.21419999999999997,25.472252
2018-04-29 16:00:00+00:00,0.43032600000000004,20.92782,0.26739999999999997,21.625546
2018-04-29 17:00:00+00:00,0.28688400000000003,14.00092,0.16659999999999997,14.454404000000002
2018-04-29 18:00:00+00:00,0.28688400000000003,9.864396,0.055999999999999994,10.207279999999999
2018-04-29 19:00:00+00:00,1.004094,11.271844,0.0098,12.285738
2018-04-29 20:00:00+00:00,4.877028,18.740636000000002,0.0084,23.626064000000003
2018-04-29 21:00:00+00:00,10.901591999999999,28.685948000000003,0.0378,39.62534
2018-04-29 22:00:00+00:00,17.069598,33.27364,0.105,50.448237999999996
2018-04-29 23:00:00+00:00,27.397422000000002,35.992908,0.19879999999999998,63.589130000000004
2018-04-30 00:00:00+00:00,42.602273999999994,40.11472,0.3066,83.023594
2018-04-30 01:00:00+00:00,59.38498799999999,48.816868,0.41719999999999996,108.61905599999999
2018-04-30 02:00:00+00:00,73.585746,59.573792000000005,0.5781999999999999,133.737738
2018-04-30 03:00:00+00:00,89.07748199999999,74.50892400000001,0.6748,164.26120600000002
2018-04-30 04:00:00+00:00,78.17589000000001,62.790816,0.33319999999999994,141.29990600000002
2018-04-30 05:00:00+00:00,52.35633,51.273772,0.1848,103.81490199999999
2018-04-30 06:00:00+00:00,23.524488,26.074568,0.14279999999999998,49.741856000000006
2018-04-30 07:00:00+00:00,7.745868,5.977976,0.0784,13.802244
2018-04-30 08:00:00+00:00,1.5778619999999999,0.100532,0.0448,1.723194
2018-04-30 09:00:00+00:00,0.14344200000000001,0.0,0.0294,0.17284200000000002
2018-04-30 10:00:00+00:00,0.0,0.09808,0.025199999999999997,0.12328
2018-04-30 11:00:00+00:00,0.0,1.086236,0.0238,1.110036
2018-04-30 12:00:00+00:00,0.0,4.648992,0.0238,4.672791999999999
2018-04-30 13:00:00+00:00,0.43032600000000004,4.744619999999999,0.025199999999999997,5.200145999999999
2018-04-30 14:00:00+00:00,0.28688400000000003,1.579088,0.0294,1.8953720000000003
2018-04-30 15:00:00+00:00,0.14344200000000001,0.09808,0.027999999999999997,0.26952200000000004
2018-04-30 16:00:00+00:00,0.0,0.29914399999999997,0.041999999999999996,0.34114399999999995
2018-04-30 17:00:00+00:00,0.43032600000000004,13.640476,0.1568,14.227602000000001
2018-04-30 18:00:00+00:00,15.06141,73.452112,0.4704,88.98392199999999
2018-04-30 19:00:00+00:00,66.987414,116.27384,0.8442,184.105454
2018-04-30 20:00:00+00:00,86.63896799999999,97.26593600000001,0.9939999999999999,184.898904
2018-04-30 21:00:00+00:00,71.577558,48.314208,1.0332,120.92496599999998
2018-04-30 22:00:00+00:00,54.794844000000005,30.802024,1.0597999999999999,86.656668
2018-04-30 23:00:00+00:00,40.88097,41.571208,0.9925999999999999,83.444778
2018-05-01 00:00:00+00:00,36.864594,79.945008,0.8694,117.679002
2018-05-01 01:00:00+00:00,71.290674,132.059816,0.7868,204.13729
2018-05-01 02:00:00+00:00,114.610158,156.34464,0.8512,271.805998
2018-05-01 03:00:00+00:00,117.0,156.44272,0.9072,274.34992
2018-05-01 04:00:00+00:00,117.0,148.40016,0.7686000000000001,266.16876
2018-05-01 05:00:00+00:00,104.13889199999998,139.464856,0.8694,244.473148
2018-05-01 06:00:00+00:00,88.50371399999999,132.822388,1.2698,222.595902
2018-05-01 07:00:00+00:00,65.696436,95.583864,1.3145999999999998,162.59490000000002
2018-05-01 08:00:00+00:00,29.692493999999996,52.698384,1.2922,83.68307799999998
2018-05-01 09:00:00+00:00,16.49583,24.220855999999998,1.1998,41.916486
2018-05-01 10:00:00+00:00,19.651554,13.861156,0.9743999999999998,34.48711
2018-05-01 11:00:00+00:00,21.946626,8.596712,0.7868,31.330137999999998
2018-05-01 12:00:00+00:00,22.950719999999997,4.0286360000000005,0.6174,27.596755999999996
2018-05-01 13:00:00+00:00,36.864594,3.6314119999999996,0.4326,40.928605999999995
2018-05-01 14:00:00+00:00,76.311144,11.07078,0.4466,87.828524
2018-05-01 15:00:00+00:00,90.36845999999998,22.026316,0.6258,113.02057599999998
2018-05-01 16:00:00+00:00,92.376648,31.7534,0.861,124.991048
2018-05-01 17:00:00+00:00,88.50371399999999,51.901483999999996,0.8007999999999998,141.205998
2018-05-01 18:00:00+00:00,83.77012799999999,70.88486799999998,0.602,155.256996
2018-05-01 19:00:00+00:00,92.663532,80.13136,0.6831999999999999,173.478092
2018-05-01 20:00:00+00:00,106.290522,89.708872,0.7784,196.777794
2018-05-01 21:00:00+00:00,117.0,106.139724,0.7686000000000001,223.908324
2018-05-01 22:00:00+00:00,117.0,120.643304,0.714,238.357304
2018-05-01 23:00:00+00:00,117.0,129.865276,0.728,247.593276
2018-05-02 00:00:00+00:00,117.0,136.22086,0.756,253.97686
2018-05-02 01:00:00+00:00,117.0,139.501636,0.7798,257.281436
2018-05-02 02:00:00+00:00,117.0,143.3,0.8077999999999999,261.1078
2018-05-02 03:00:00+00:00,117.0,148.6944,0.7336,266.428
2018-05-02 04:00:00+00:00,117.0,144.30265200000002,0.49979999999999997,261.802452
2018-05-02 05:00:00+00:00,117.0,130.583712,0.6524,248.236112
2018-05-02 06:00:00+00:00,97.684002,104.832808,0.5768,203.09361
2018-05-02 07:00:00+00:00,44.180136,60.630604,0.3248,105.13553999999999
2018-05-02 08:00:00+00:00,18.360576000000002,36.83639599999999,0.1568,55.35377199999999
2018-05-02 09:00:00+00:00,8.176194,19.743504,0.0756,27.995298000000005
2018-05-02 10:00:00+00:00,2.7253979999999998,9.020907999999999,0.030799999999999998,11.777105999999998
2018-05-02 11:00:00+00:00,1.1475360000000001,8.022943999999999,0.0112,9.18168
2018-05-02 12:00:00+00:00,3.872934,22.923748,0.0056,26.802282
2018-05-02 13:00:00+00:00,14.3442,53.424176,0.0014,67.76977600000001
2018-05-02 14:00:00+00:00,23.237604,75.835456,0.0,99.07306
2018-05-02 15:00:00+00:00,15.348294,59.019639999999995,0.012599999999999998,74.380534
2018-05-02 16:00:00+00:00,5.881122,31.130592,0.1792,37.190914
2018-05-02 17:00:00+00:00,0.5737680000000001,10.300851999999999,0.49699999999999994,11.371619999999998
2018-05-02 18:00:00+00:00,0.14344200000000001,1.181864,0.8273999999999999,2.1527060000000002
2018-05-02 19:00:00+00:00,4.446701999999999,0.49530399999999997,0.9044,5.846405999999999
2018-05-02 20:00:00+00:00,20.79909,4.479804,0.8665999999999999,26.145494
2018-05-02 21:00:00+00:00,38.872782,11.848063999999999,0.861,51.581846
2018-05-02 22:00:00+00:00,50.348142,18.321344,0.8497999999999999,69.51928600000001
2018-05-02 23:00:00+00:00,56.085822,23.303807999999997,0.8525999999999999,80.24222999999999
2018-05-03 00:00:00+00:00,60.102197999999994,27.996935999999998,0.8315999999999999,88.93073399999999
2018-05-03 01:00:00+00:00,68.278392,35.281828000000004,0.8357999999999999,104.39602000000001
2018-05-03 02:00:00+00:00,81.90538199999999,56.185128,0.8455999999999999,138.93610999999999
2018-05-03 03:00:00+00:00,88.50371399999999,75.440684,0.7742,164.718598
2018-05-03 04:00:00+00:00,88.21683,84.70434,0.41859999999999997,173.33977000000002
2018-05-03 05:00:00+00:00,61.536618,63.330256000000006,0.3262,125.193074
2018-05-03 06:00:00+00:00,33.70887,48.211224,0.43539999999999995,82.35549400000001
2018-05-03 07:00:00+00:00,17.356482,45.553256000000005,0.371,63.28073800000001
2018-05-03 08:00:00+00:00,11.618802,37.787772000000004,0.27299999999999996,49.67957400000001
2018-05-03 09:00:00+00:00,9.323730000000001,32.028023999999995,0.1932,41.544954
2018-05-03 10:00:00+00:00,10.327824,34.820852,0.1134,45.262076
2018-05-03 11:00:00+00:00,15.348294,43.383236000000004,0.0406,58.772130000000004
2018-05-03 12:00:00+00:00,19.651554,49.459292,0.0028,69.11364599999999
2018-05-03 13:00:00+00:00,22.233510000000003,44.999104,0.0014,67.23401400000002
2018-05-03 14:00:00+00:00,13.340106,21.842416,0.0168,35.199322
2018-05-03 15:00:00+00:00,4.1598180000000005,7.13532,0.0686,11.363738000000001
2018-05-03 16:00:00+00:00,0.43032600000000004,1.086236,0.126,1.6425619999999999
2018-05-03 17:00:00+00:00,0.14344200000000001,0.19616,0.25479999999999997,0.594402
2018-05-03 18:00:00+00:00,0.8606520000000001,0.198612,0.4466,1.5058640000000003
2018-05-03 19:00:00+00:00,4.5901440000000004,0.7012719999999999,0.6482,5.939616
2018-05-03 20:00:00+00:00,11.188476,3.001248,0.84,15.029724
2018-05-03 21:00:00+00:00,24.38514,9.3789,0.8133999999999999,34.57744
2018-05-03 22:00:00+00:00,46.188324,23.791756,0.7546,70.73468
2018-05-03 23:00:00+00:00,60.24564,35.40688,0.6831999999999999,96.33572000000001
2018-05-04 00:00:00+00:00,58.380894,41.448608,0.602,100.431502
2018-05-04 01:00:00+00:00,55.512054000000006,52.661604000000004,0.5935999999999999,108.76725800000001
2018-05-04 02:00:00+00:00,58.094010000000004,64.29144,0.7111999999999999,123.09665
2018-05-04 03:00:00+00:00,52.35633,63.00414,0.7644,116.12486999999999
2018-05-04 04:00:00+00:00,34.569522,44.94761200000001,0.40879999999999994,79.925934
2018-05-04 05:00:00+00:00,13.770432000000001,26.506120000000003,0.12459999999999999,40.401152
2018-05-04 06:00:00+00:00,7.1721,14.957199999999998,0.034999999999999996,22.1643
2018-05-04 07:00:00+00:00,15.06141,21.133788000000003,0.0098,36.204998
2018-05-04 08:00:00+00:00,21.372858,38.329663999999994,0.0476,59.750122
2018-05-04 09:00:00+00:00,14.631084,45.133964,0.12459999999999999,59.889648
2018-05-04 10:00:00+00:00,1.5778619999999999,14.87138,0.11059999999999999,16.559842000000003
2018-05-04 11:00:00+00:00,6.598331999999999,29.090528,0.10079999999999999,35.78966
2018-05-04 12:00:00+00:00,17.786807999999997,54.287279999999996,0.16799999999999998,72.242088
2018-05-04 13:00:00+00:00,23.094162,65.816584,0.2996,89.210346
2018-05-04 14:00:00+00:00,27.397422000000002,60.657576,0.34719999999999995,88.402198
2018-05-04 15:00:00+00:00,37.438362000000005,76.875104,0.41859999999999997,114.732066
2018-05-04 16:00:00+00:00,50.92191,107.68203199999999,0.27299999999999996,158.87694199999999
2018-05-04 17:00:00+00:00,64.5489,109.50877200000002,0.055999999999999994,174.11367200000004
2018-05-04 18:00:00+00:00,69.28248599999999,83.039432,0.0196,152.34151799999998
2018-05-04 19:00:00+00:00,70.716906,64.99026,0.025199999999999997,135.732366
2018-05-04 20:00:00+00:00,59.958755999999994,57.827968000000006,0.07419999999999999,117.860924
2018-05-04 21:00:00+00:00,36.434267999999996,57.79118799999999,0.21419999999999997,94.43965599999999
2018-05-04 22:00:00+00:00,19.36467,58.230096,0.42279999999999995,78.017566
2018-05-04 23:00:00+00:00,12.479453999999999,44.78823200000001,0.5137999999999999,57.78148600000001
2018-05-05 00:00:00+00:00,7.458983999999999,25.069248,0.427,32.955232
2018-05-05 01:00:00+00:00,3.7294919999999996,15.489284000000001,0.217,19.435776
2018-05-05 02:00:00+00:00,2.15163,12.424284,0.08539999999999999,14.661314
2018-05-05 03:00:00+00:00,3.7294919999999996,13.701776000000002,0.025199999999999997,17.456468000000005
2018-05-05 04:00:00+00:00,5.737679999999999,15.977232,0.0196,21.734512
2018-05-05 05:00:00+00:00,6.168005999999999,15.979684,0.0476,22.19529
2018-05-05 06:00:00+00:00,8.319636000000001,20.324628,0.10779999999999999,28.752064
2018-05-05 07:00:00+00:00,10.327824,26.954836,0.20719999999999997,37.48986
2018-05-05 08:00:00+00:00,15.922062,42.620664,0.3234,58.866126
2018-05-05 09:00:00+00:00,22.663836,60.772819999999996,0.41159999999999997,83.84825599999999
2018-05-05 10:00:00+00:00,31.844124,81.997332,0.504,114.345456
2018-05-05 11:00:00+00:00,52.930098,119.79981599999999,0.6314,173.36131400000002
2018-05-05 12:00:00+00:00,63.688248,127.27105999999999,0.7658,191.725108
2018-05-05 13:00:00+00:00,49.487489999999994,107.723716,0.7714,157.982606
2018-05-05 14:00:00+00:00,22.807278,65.82148799999999,0.6005999999999999,89.22936599999998
2018-05-05 15:00:00+00:00,6.598331999999999,22.70552,0.35419999999999996,29.658051999999998
2018-05-05 16:00:00+00:00,1.8647459999999998,14.535456,0.287,16.687202
2018-05-05 17:00:00+00:00,1.1475360000000001,19.88572,0.1876,21.220855999999998
2018-05-05 18:00:00+00:00,1.1475360000000001,24.122776,0.098,25.368312
2018-05-05 19:00:00+00:00,0.7172099999999999,22.224928000000002,0.0462,22.988338000000002
2018-05-05 20:00:00+00:00,0.14344200000000001,17.56858,0.018199999999999997,17.730222
2018-05-05 21:00:00+00:00,3.7294919999999996,40.2128,0.0098,43.952092
2018-05-05 22:00:00+00:00,13.053222,96.233644,0.018199999999999997,109.305066
2018-05-05 23:00:00+00:00,3.7294919999999996,88.853124,0.027999999999999997,92.610616
2018-05-06 00:00:00+00:00,4.016376,71.117808,0.0238,75.15798399999998
2018-05-06 01:00:00+00:00,9.610614,59.61792799999999,0.030799999999999998,69.25934199999999
2018-05-06 02:00:00+00:00,9.180288000000001,52.563524,0.0462,61.790012000000004
2018-05-06 03:00:00+00:00,8.319636000000001,40.8871,0.055999999999999994,49.262736
2018-05-06 04:00:00+00:00,1.4344199999999998,20.660552000000003,0.0168,22.111772000000002
2018-05-06 05:00:00+00:00,0.8606520000000001,11.553823999999999,0.0056,12.420075999999998
2018-05-06 06:00:00+00:00,2.581956,9.53828,0.015399999999999999,12.135636
2018-05-06 07:00:00+00:00,0.0,2.081748,0.013999999999999999,2.095748
2018-05-06 08:00:00+00:00,0.14344200000000001,6.4168840000000005,0.0322,6.592526
2018-05-06 09:00:00+00:00,7.889309999999999,41.23283200000001,0.061599999999999995,49.18374200000001
2018-05-06 10:00:00+00:00,28.401516,67.582024,0.0658,96.04934
2018-05-06 11:00:00+00:00,56.085822,79.491388,0.1722,135.74941
2018-05-06 12:00:00+00:00,61.393176,93.558512,0.3752,155.326888
2018-05-06 13:00:00+00:00,40.307202000000004,104.61458,0.38780000000000003,145.309582
2018-05-06 14:00:00+00:00,17.069598,95.179284,0.3318,112.580682
2018-05-06 15:00:00+00:00,7.745868,89.35333200000001,0.294,97.39320000000001
2018-05-06 16:00:00+00:00,11.331918,56.033104,0.29259999999999997,67.65762199999999
2018-05-06 17:00:00+00:00,8.893403999999999,33.526196,0.2716,42.691199999999995
2018-05-06 18:00:00+00:00,14.3442,42.70158,0.1288,57.17458
2018-05-06 19:00:00+00:00,13.770432000000001,42.194016,0.1876,56.152048
2018-05-06 20:00:00+00:00,3.58605,18.713664,0.469,22.768714000000003
2018-05-06 21:00:00+00:00,10.614707999999998,18.309084,0.7168,29.640591999999998
2018-05-06 22:00:00+00:00,36.434267999999996,62.773652,0.8483999999999999,100.05632
2018-05-06 23:00:00+00:00,104.71266,127.126392,0.875,232.71405199999998
2018-05-07 00:00:00+00:00,117.0,153.79456,0.7854,271.57995999999997
2018-05-07 01:00:00+00:00,117.0,162.0,0.8567999999999999,279.8568
2018-05-07 02:00:00+00:00,117.0,162.0,0.84,279.84
2018-05-07 03:00:00+00:00,117.0,160.75824,0.35,278.10824
2018-05-07 04:00:00+00:00,117.0,141.31856800000003,0.301,258.619568
2018-05-07 05:00:00+00:00,117.0,131.461528,0.637,249.098528
2018-05-07 06:00:00+00:00,101.12661,123.669072,0.8133999999999999,225.609082
2018-05-07 07:00:00+00:00,80.61440400000001,116.66125599999998,0.777,198.05265999999997
2018-05-07 08:00:00+00:00,84.057012,120.59916799999999,0.518,205.17418
2018-05-07 09:00:00+00:00,80.184078,130.16932400000002,0.5306,210.884002
2018-05-07 10:00:00+00:00,67.41774,123.84806800000001,0.8483999999999999,192.114208
2018-05-07 11:00:00+00:00,69.712812,127.63150399999998,1.0877999999999999,198.43211599999998
2018-05-07 12:00:00+00:00,81.61849799999999,138.99162,1.127,221.737118
2018-05-07 13:00:00+00:00,87.929946,146.769364,1.0808,235.78011
2018-05-07 14:00:00+00:00,82.766034,150.94757199999998,0.9715999999999999,234.68520599999997
2018-05-07 15:00:00+00:00,72.43821,150.04278399999998,0.84,223.32099399999998
2018-05-07 16:00:00+00:00,55.081728000000005,137.302192,0.5599999999999999,192.94392
2018-05-07 17:00:00+00:00,31.844124,114.601576,0.38780000000000003,146.8335
2018-05-07 18:00:00+00:00,17.93025,83.385164,0.26599999999999996,101.58141400000001
2018-05-07 19:00:00+00:00,11.045034,55.214135999999996,0.20859999999999998,66.46777
2018-05-07 20:00:00+00:00,9.036846,46.793968,0.21559999999999999,56.046414000000006
2018-05-07 21:00:00+00:00,10.75815,47.191192,0.196,58.145342
2018-05-07 22:00:00+00:00,11.045034,35.708476,0.20439999999999997,46.95791
2018-05-07 23:00:00+00:00,12.19257,25.829368000000002,0.20299999999999999,38.22493800000001
2018-05-08 00:00:00+00:00,14.774526,18.326248,0.1918,33.292574
2018-05-08 01:00:00+00:00,20.368763999999995,15.396108,0.21,35.974872
2018-05-08 02:00:00+00:00,24.815466,15.729579999999999,0.25339999999999996,40.798446
2018-05-08 03:00:00+00:00,26.680212,20.018127999999997,0.2772,46.97554
2018-05-08 04:00:00+00:00,22.520394,26.552708,0.27299999999999996,49.346102
2018-05-08 05:00:00+00:00,44.180136,80.00876,0.5236,124.712496
2018-05-08 06:00:00+00:00,67.130856,119.8415,0.7126,187.684956
2018-05-08 07:00:00+00:00,83.33980199999999,141.09543599999998,0.8175999999999999,225.25283799999997
2018-05-08 08:00:00+00:00,94.815162,154.79476,0.8792,250.48912199999998
2018-05-08 09:00:00+00:00,102.56103,161.833048,0.938,265.33207799999997
2018-05-08 10:00:00+00:00,108.72903600000001,162.0,1.015,271.744036
2018-05-08 11:00:00+00:00,114.32327400000001,162.0,1.0808,277.40407400000004
2018-05-08 12:00:00+00:00,117.0,162.0,1.099,280.099
2018-05-08 13:00:00+00:00,117.0,162.0,1.0486,280.0486
2018-05-08 14:00:00+00:00,114.610158,162.0,0.8917999999999999,277.501958
2018-05-08 15:00:00+00:00,97.54056,162.0,0.5963999999999999,260.13696000000004
2018-05-08 16:00:00+00:00,76.02426,158.91762,0.33459999999999995,235.27648
2018-05-08 17:00:00+00:00,42.17194799999999,142.868232,0.20299999999999999,185.24318
2018-05-08 18:00:00+00:00,27.110538,114.113628,0.1386,141.362766
2018-05-08 19:00:00+00:00,11.045034,62.964908,0.10079999999999999,74.110742
2018-05-08 20:00:00+00:00,7.458983999999999,38.197256,0.07279999999999999,45.729040000000005
2018-05-08 21:00:00+00:00,8.032752,28.811,0.0574,36.901152
2018-05-08 22:00:00+00:00,7.1721,22.47258,0.05039999999999999,29.69508
2018-05-08 23:00:00+00:00,5.4507959999999995,15.425532,0.0532,20.929528
2018-05-09 00:00:00+00:00,4.733586,10.668652,0.06019999999999999,15.462438
2018-05-09 01:00:00+00:00,5.881122,10.67846,0.077,16.636582
2018-05-09 02:00:00+00:00,7.745868,12.0761,0.0938,19.915768
2018-05-09 03:00:00+00:00,7.315542,10.700527999999998,0.077,18.09307
2018-05-09 04:00:00+00:00,5.02047,11.384636,0.049,16.454106
2018-05-09 05:00:00+00:00,4.30326,16.639272,0.043399999999999994,20.985932
2018-05-09 06:00:00+00:00,6.7417739999999995,26.474244,0.049,33.265018
2018-05-09 07:00:00+00:00,10.901591999999999,41.05874,0.08539999999999999,52.045732
2018-05-09 08:00:00+00:00,14.631084,58.303656,0.147,73.08174
2018-05-09 09:00:00+00:00,18.504018,77.71368799999999,0.2394,96.457106
2018-05-09 10:00:00+00:00,22.233510000000003,91.771004,0.3626,114.367114
2018-05-09 11:00:00+00:00,27.110538,103.675464,0.49699999999999994,131.283002
2018-05-09 12:00:00+00:00,31.987566,113.30446799999999,0.6005999999999999,145.892634
2018-05-09 13:00:00+00:00,35.286732,116.791212,0.5922,152.670144
2018-05-09 14:00:00+00:00,38.299014,120.77571200000001,0.4704,159.545126
2018-05-09 15:00:00+00:00,35.573615999999994,110.23946799999999,0.34299999999999997,146.15608399999996
2018-05-09 16:00:00+00:00,25.532676,86.700268,0.26599999999999996,112.498944
2018-05-09 17:00:00+00:00,13.62699,67.12349999999999,0.1848,80.93528999999998
2018-05-09 18:00:00+00:00,2.8688399999999996,49.30972,0.0812,52.25976
2018-05-09 19:00:00+00:00,0.14344200000000001,35.610396,0.025199999999999997,35.779038
2018-05-09 20:00:00+00:00,1.8647459999999998,34.668828,0.0084,36.541973999999996
2018-05-09 21:00:00+00:00,11.331918,44.864244,0.0098,56.205962
2018-05-09 22:00:00+00:00,22.663836,54.360839999999996,0.030799999999999998,77.055476
2018-05-09 23:00:00+00:00,31.126914,57.87700799999999,0.077,89.08092199999999
2018-05-10 00:00:00+00:00,34.139196,53.72332,0.1344,87.996916
2018-05-10 01:00:00+00:00,33.278544000000004,49.66035599999999,0.22399999999999998,83.1629
2018-05-10 02:00:00+00:00,36.147384,57.01880799999999,0.3668,93.532992
2018-05-10 03:00:00+00:00,46.044882,85.582156,0.39759999999999995,132.024638
2018-05-10 04:00:00+00:00,49.487489999999994,73.54038399999999,0.13299999999999998,123.16087399999998
2018-05-10 05:00:00+00:00,25.389234,37.351316,0.0784,62.81895
2018-05-10 06:00:00+00:00,23.094162,46.279048,0.1134,69.48661
2018-05-10 07:00:00+00:00,58.81122,93.232396,0.0658,152.10941599999998
2018-05-10 08:00:00+00:00,83.33980199999999,147.656988,0.06999999999999999,231.06679
2018-05-10 09:00:00+00:00,103.421682,162.0,0.1764,265.59808200000003
2018-05-10 10:00:00+00:00,117.0,162.0,0.3444,279.3444
2018-05-10 11:00:00+00:00,117.0,162.0,0.5137999999999999,279.5138
2018-05-10 12:00:00+00:00,117.0,162.0,0.574,279.574
2018-05-10 13:00:00+00:00,117.0,162.0,0.434,279.434
2018-05-10 14:00:00+00:00,117.0,162.0,0.252,279.252
2018-05-10 15:00:00+00:00,114.610158,162.0,0.36819999999999997,276.978358
2018-05-10 16:00:00+00:00,105.57331199999999,162.0,0.5544,268.127712
2018-05-10 17:00:00+00:00,54.077634,162.0,0.4788,216.556434
2018-05-10 18:00:00+00:00,40.020318,162.0,0.3248,202.345118
2018-05-10 19:00:00+00:00,40.307202000000004,162.0,0.1624,202.469602
2018-05-10 20:00:00+00:00,42.889157999999995,153.991552,0.0532,196.93391000000003
2018-05-10 21:00:00+00:00,30.696588,119.32903199999998,0.027999999999999997,150.05361999999997
2018-05-10 22:00:00+00:00,19.221228,96.956984,0.0448,116.223012
2018-05-10 23:00:00+00:00,15.06141,92.45756399999999,0.0924,107.61137399999998
2018-05-11 00:00:00+00:00,9.754056,62.158199999999994,0.119,72.031256
2018-05-11 01:00:00+00:00,6.024564000000001,39.98231199999999,0.091,46.09787599999999
2018-05-11 02:00:00+00:00,5.02047,31.983888,0.054599999999999996,37.058958000000004
2018-05-11 03:00:00+00:00,5.881122,29.139567999999997,0.0238,35.044489999999996
2018-05-11 04:00:00+00:00,5.737679999999999,22.244543999999998,0.0042,27.986423999999996
2018-05-11 05:00:00+00:00,7.315542,38.95002,0.0294,46.294962000000005
2018-05-11 06:00:00+00:00,13.483547999999999,62.36416800000001,0.10219999999999999,75.949916
2018-05-11 07:00:00+00:00,22.233510000000003,83.91234399999999,0.17779999999999999,106.32365399999999
2018-05-11 08:00:00+00:00,31.987566,106.44131999999999,0.315,138.74388599999997
2018-05-11 09:00:00+00:00,44.323578,130.377744,0.511,175.212322
2018-05-11 10:00:00+00:00,59.958755999999994,148.26122800000002,0.7168,208.93678400000002
2018-05-11 11:00:00+00:00,81.61849799999999,158.515492,0.8652,240.99918999999997
2018-05-11 12:00:00+00:00,104.85610199999999,162.0,0.9352,267.791302
2018-05-11 13:00:00+00:00,117.0,162.0,0.9156,279.9156
2018-05-11 14:00:00+00:00,111.454434,162.0,0.8315999999999999,274.286034
2018-05-11 15:00:00+00:00,86.63896799999999,162.0,0.6678,249.30676799999998
2018-05-11 16:00:00+00:00,57.233357999999996,149.50334399999997,0.469,207.20570199999997
2018-05-11 17:00:00+00:00,38.72934,108.86634799999999,0.34859999999999997,147.944288
2018-05-11 18:00:00+00:00,22.376952,75.200388,0.238,97.81534
2018-05-11 19:00:00+00:00,14.774526,56.63139199999999,0.16519999999999999,71.57111799999998
2018-05-11 20:00:00+00:00,12.622895999999999,49.974212,0.1386,62.735707999999995
2018-05-11 21:00:00+00:00,14.631084,52.051056,0.14279999999999998,66.82494
2018-05-11 22:00:00+00:00,16.352388,53.046568,0.1694,69.568356
2018-05-11 23:00:00+00:00,14.631084,50.275808,0.20859999999999998,65.115492
2018-05-12 00:00:00+00:00,14.200758,52.26438,0.2254,66.69053799999999
2018-05-12 01:00:00+00:00,14.774526,49.008123999999995,0.25479999999999997,64.03744999999999
2018-05-12 02:00:00+00:00,16.49583,47.54428,0.259,64.29911
2018-05-12 03:00:00+00:00,15.204851999999999,37.55238,0.20719999999999997,52.964432
2018-05-12 04:00:00+00:00,18.073692,50.844671999999996,0.1848,69.10316399999999
2018-05-12 05:00:00+00:00,21.085973999999997,67.623708,0.19739999999999996,88.90708199999999
2018-05-12 06:00:00+00:00,24.815466,78.56453199999999,0.1722,103.55219799999999
2018-05-12 07:00:00+00:00,27.827748,87.80121599999998,0.19879999999999998,115.82776399999999
2018-05-12 08:00:00+00:00,28.831842,91.46695600000001,0.2576,120.556398
2018-05-12 09:00:00+00:00,35.8605,107.25048,0.3514,143.46238
2018-05-12 10:00:00+00:00,48.339954,128.295996,0.5137999999999999,177.14975
2018-05-12 11:00:00+00:00,61.393176,143.58912,0.6873999999999999,205.66969600000002
2018-05-12 12:00:00+00:00,73.585746,154.529944,0.7895999999999999,228.90529
2018-05-12 13:00:00+00:00,84.34389599999999,159.319748,0.7909999999999999,244.45464399999997
2018-05-12 14:00:00+00:00,84.774222,160.224536,0.735,245.73375800000002
2018-05-12 15:00:00+00:00,66.413646,154.39368000000002,0.6005999999999999,221.407926
2018-05-12 16:00:00+00:00,39.589992,122.813324,0.3822,162.785516
2018-05-12 17:00:00+00:00,22.807278,80.44521599999999,0.2562,103.50869399999999
2018-05-12 18:00:00+00:00,11.905686,50.373887999999994,0.1582,62.437774
2018-05-12 19:00:00+00:00,3.4426080000000003,25.554744,0.091,29.088352
2018-05-12 20:00:00+00:00,1.004094,10.577928,0.055999999999999994,11.638022
2018-05-12 21:00:00+00:00,1.5778619999999999,6.517416,0.055999999999999994,8.151278
2018-05-12 22:00:00+00:00,2.7253979999999998,5.7278720000000005,0.08259999999999999,8.53587
2018-05-12 23:00:00+00:00,4.5901440000000004,8.407908,0.12319999999999999,13.121252000000002
2018-05-13 00:00:00+00:00,5.4507959999999995,12.269808,0.13999999999999999,17.860604
2018-05-13 01:00:00+00:00,6.598331999999999,13.946976,0.1694,20.714707999999998
2018-05-13 02:00:00+00:00,3.872934,8.30002,0.1582,12.331154000000002
2018-05-13 03:00:00+00:00,3.1557239999999998,4.945684,0.12179999999999998,8.223208
2018-05-13 04:00:00+00:00,7.458983999999999,19.025068,0.19739999999999996,26.681451999999997
2018-05-13 05:00:00+00:00,10.184381999999998,27.155900000000003,0.2562,37.596482
2018-05-13 06:00:00+00:00,14.487642,32.459576,0.2744,47.221618
2018-05-13 07:00:00+00:00,20.368763999999995,44.189944,0.3444,64.90310799999999
2018-05-13 08:00:00+00:00,25.676117999999995,53.62033600000001,0.44939999999999997,79.74585400000001
2018-05-13 09:00:00+00:00,32.561334,71.87302399999999,0.5935999999999999,105.02795799999998
2018-05-13 10:00:00+00:00,42.31539,94.983124,0.728,138.02651400000002
2018-05-13 11:00:00+00:00,53.07354,114.326952,0.8217999999999999,168.222292
2018-05-13 12:00:00+00:00,61.106291999999996,126.22896,0.8595999999999999,188.194852
2018-05-13 13:00:00+00:00,66.84397200000001,130.90001999999998,0.8413999999999999,198.58539199999998
2018-05-13 14:00:00+00:00,68.565276,131.20652,0.7742,200.545996
2018-05-13 15:00:00+00:00,63.401363999999994,130.416976,0.6188,194.43714
2018-05-13 16:00:00+00:00,41.167854,110.34,0.3738,151.881654
2018-05-13 17:00:00+00:00,20.225322,76.75495599999999,0.2366,97.216878
2018-05-13 18:00:00+00:00,7.028658000000001,43.496027999999995,0.12739999999999999,50.652086
2018-05-13 19:00:00+00:00,1.290978,18.505243999999998,0.0532,19.849421999999997
2018-05-13 20:00:00+00:00,0.0,5.526808000000001,0.015399999999999999,5.5422080000000005
2018-05-13 21:00:00+00:00,0.0,1.4761039999999999,0.0028,1.4789039999999998
2018-05-13 22:00:00+00:00,0.0,0.885172,0.0014,0.8865719999999999
2018-05-13 23:00:00+00:00,0.14344200000000001,1.9738599999999997,0.0,2.1173019999999996
2018-05-14 00:00:00+00:00,0.43032600000000004,4.146332,0.0,4.576658
2018-05-14 01:00:00+00:00,0.5737680000000001,5.720516,0.0014,6.2956840000000005
2018-05-14 02:00:00+00:00,0.43032600000000004,6.0098519999999995,0.0028,6.442977999999999
2018-05-14 03:00:00+00:00,0.28688400000000003,3.64122,0.0028,3.9309040000000004
2018-05-14 04:00:00+00:00,0.43032600000000004,6.019659999999999,0.0056,6.455585999999999
2018-05-14 05:00:00+00:00,1.7213040000000002,16.531384,0.006999999999999999,18.259688
2018-05-14 06:00:00+00:00,3.58605,20.819931999999998,0.006999999999999999,24.412982
2018-05-14 07:00:00+00:00,4.877028,22.028768,0.0098,26.915595999999997
2018-05-14 08:00:00+00:00,5.737679999999999,24.022244,0.0168,29.776723999999998
2018-05-14 09:00:00+00:00,6.024564000000001,25.90538,0.0294,31.959344
2018-05-14 10:00:00+00:00,6.3114479999999995,26.194716,0.05179999999999999,32.557964
2018-05-14 11:00:00+00:00,6.885216000000001,27.2785,0.098,34.261716
2018-05-14 12:00:00+00:00,7.6024259999999995,30.149792000000005,0.1764,37.92861800000001
2018-05-14 13:00:00+00:00,8.463078,33.61692,0.287,42.366998
2018-05-14 14:00:00+00:00,9.036846,35.988004000000004,0.3906,45.41545
2018-05-14 15:00:00+00:00,12.19257,37.961864000000006,0.44799999999999995,50.60243400000001
2018-05-14 16:00:00+00:00,23.524488,48.370604,0.413,72.308092
2018-05-14 17:00:00+00:00,34.712964,56.727019999999996,0.3514,91.791384
2018-05-14 18:00:00+00:00,26.393327999999997,55.530444,0.21419999999999997,82.137972
2018-05-14 19:00:00+00:00,10.184381999999998,42.380368000000004,0.12039999999999998,52.68515
2018-05-14 20:00:00+00:00,3.7294919999999996,29.860456,0.05039999999999999,33.640348
2018-05-14 21:00:00+00:00,1.7213040000000002,23.311164,0.015399999999999999,25.047868
2018-05-14 22:00:00+00:00,0.8606520000000001,20.528144,0.0056,21.394396000000004
2018-05-14 23:00:00+00:00,0.43032600000000004,18.944152,0.0014,19.375878
2018-05-15 00:00:00+00:00,0.43032600000000004,17.166452,0.0014,17.598178
2018-05-15 01:00:00+00:00,0.5737680000000001,15.98704,0.0014,16.562208000000002
2018-05-15 02:00:00+00:00,0.5737680000000001,15.006240000000002,0.0056,15.585608
2018-05-15 03:00:00+00:00,0.5737680000000001,12.848479999999999,0.0084,13.430647999999998
2018-05-15 04:00:00+00:00,0.5737680000000001,6.8288199999999994,0.0,7.402588
2018-05-15 05:00:00+00:00,0.5737680000000001,7.615912,0.0,8.18968
2018-05-15 06:00:00+00:00,1.004094,4.9554920000000005,0.0,5.959586000000001
2018-05-15 07:00:00+00:00,1.5778619999999999,2.9816320000000003,0.0,4.559494
2018-05-15 08:00:00+00:00,0.5737680000000001,0.89498,0.0,1.4687480000000002
2018-05-15 09:00:00+00:00,0.14344200000000001,0.0,0.0014,0.14484200000000003
2018-05-15 10:00:00+00:00,0.14344200000000001,0.0,0.006999999999999999,0.15044200000000002
2018-05-15 11:00:00+00:00,1.5778619999999999,0.100532,0.030799999999999998,1.7091939999999999
2018-05-15 12:00:00+00:00,8.893403999999999,2.008188,0.091,10.992591999999998
2018-05-15 13:00:00+00:00,13.62699,9.20726,0.1918,23.026049999999998
2018-05-15 14:00:00+00:00,15.635178,19.15012,0.3514,35.136697999999996
2018-05-15 15:00:00+00:00,19.651554,34.350068,0.48299999999999993,54.484621999999995
2018-05-15 16:00:00+00:00,28.114632000000004,65.767544,0.4326,94.314776
2018-05-15 17:00:00+00:00,36.864594,73.908184,0.2128,110.985578
2018-05-15 18:00:00+00:00,31.987566,67.1848,0.08679999999999999,99.259166
2018-05-15 19:00:00+00:00,18.504018,56.425424,0.0406,74.97004199999999
2018-05-15 20:00:00+00:00,9.180288000000001,48.569216,0.0322,57.781704000000005
2018-05-15 21:00:00+00:00,6.885216000000001,48.262716,0.054599999999999996,55.202532
2018-05-15 22:00:00+00:00,7.745868,52.830792,0.11199999999999999,60.688660000000006
2018-05-15 23:00:00+00:00,8.463078,55.42500799999999,0.1596,64.04768599999998
2018-05-16 00:00:00+00:00,9.180288000000001,57.136504,0.1848,66.501592
2018-05-16 01:00:00+00:00,12.622895999999999,62.13368,0.2814,75.037976
2018-05-16 02:00:00+00:00,17.356482,67.93266,0.44939999999999997,85.738542
2018-05-16 03:00:00+00:00,22.520394,68.685424,0.43539999999999995,91.641218
2018-05-16 04:00:00+00:00,15.922062,35.568712,0.14279999999999998,51.633574
2018-05-16 05:00:00+00:00,9.323730000000001,28.985091999999998,0.13019999999999998,38.439022
2018-05-16 06:00:00+00:00,5.737679999999999,19.047136,0.0882,24.873016
2018-05-16 07:00:00+00:00,2.15163,7.7311559999999995,0.05179999999999999,9.934586
2018-05-16 08:00:00+00:00,1.1475360000000001,2.4789719999999997,0.036399999999999995,3.662908
2018-05-16 09:00:00+00:00,0.14344200000000001,0.09808,0.0224,0.263922
2018-05-16 10:00:00+00:00,0.0,0.0,0.0112,0.0112
2018-05-16 11:00:00+00:00,0.14344200000000001,0.0,0.0056,0.149042
2018-05-16 12:00:00+00:00,2.15163,0.50266,0.0084,2.66269
2018-05-16 13:00:00+00:00,5.4507959999999995,2.9105239999999997,0.0322,8.393519999999999
2018-05-16 14:00:00+00:00,8.463078,7.40504,0.091,15.959117999999998
2018-05-16 15:00:00+00:00,14.917967999999998,18.752896,0.2576,33.92846399999999
2018-05-16 16:00:00+00:00,21.5163,40.676228,0.378,62.570528
2018-05-16 17:00:00+00:00,18.790902,44.655823999999996,0.3164,63.763126
2018-05-16 18:00:00+00:00,11.188476,39.013771999999996,0.25479999999999997,50.457048
2018-05-16 19:00:00+00:00,8.463078,41.35298,0.25339999999999996,50.069458
2018-05-16 20:00:00+00:00,9.036846,47.88756,0.41019999999999995,57.33460600000001
2018-05-16 21:00:00+00:00,11.475359999999998,61.493708,0.5642,73.53326799999999
2018-05-16 22:00:00+00:00,22.376952,88.436284,0.7223999999999999,111.535636
2018-05-16 23:00:00+00:00,60.532523999999995,127.141104,0.8567999999999999,188.530428
2018-05-17 00:00:00+00:00,110.593782,159.78458,0.9548,271.333162
2018-05-17 01:00:00+00:00,117.0,162.0,0.9576,279.9576
2018-05-17 02:00:00+00:00,117.0,162.0,0.9282,279.9282
2018-05-17 03:00:00+00:00,117.0,162.0,0.756,279.756
2018-05-17 04:00:00+00:00,117.0,162.0,0.3906,279.3906
2018-05-17 05:00:00+00:00,117.0,162.0,0.5614,279.5614
2018-05-17 06:00:00+00:00,117.0,162.0,0.6005999999999999,279.6006
2018-05-17 07:00:00+00:00,114.32327400000001,161.15055999999998,0.39479999999999993,275.868634
2018-05-17 08:00:00+00:00,84.34389599999999,130.58126,0.2338,215.15895599999996
2018-05-17 09:00:00+00:00,51.926004,91.92548,0.13999999999999999,143.99148399999999
2018-05-17 10:00:00+00:00,28.258074,59.43157600000001,0.08679999999999999,87.77645
2018-05-17 11:00:00+00:00,16.065504,39.766536,0.061599999999999995,55.893640000000005
2018-05-17 12:00:00+00:00,10.184381999999998,29.443616,0.055999999999999994,39.683997999999995
2018-05-17 13:00:00+00:00,8.032752,26.268276,0.0532,34.354228
2018-05-17 14:00:00+00:00,9.180288000000001,29.745212000000002,0.0406,38.9661
2018-05-17 15:00:00+00:00,18.073692,50.386148000000006,0.015399999999999999,68.47524000000001
2018-05-17 16:00:00+00:00,51.065352,114.604028,0.06999999999999999,165.73937999999998
2018-05-17 17:00:00+00:00,103.70856599999999,161.833048,0.42839999999999995,265.970014
2018-05-17 18:00:00+00:00,117.0,162.0,0.8497999999999999,279.8498
2018-05-17 19:00:00+00:00,117.0,162.0,1.0794,280.0794
2018-05-17 20:00:00+00:00,117.0,162.0,1.1214,280.1214
2018-05-17 21:00:00+00:00,117.0,162.0,1.1199999999999999,280.12
2018-05-17 22:00:00+00:00,117.0,162.0,1.1116,280.1116
2018-05-17 23:00:00+00:00,117.0,162.0,1.1116,280.1116
2018-05-18 00:00:00+00:00,117.0,162.0,1.1102,280.1102
2018-05-18 01:00:00+00:00,117.0,162.0,1.1102,280.1102
2018-05-18 02:00:00+00:00,117.0,162.0,1.0808,280.0808
2018-05-18 03:00:00+00:00,117.0,162.0,0.9282,279.9282
2018-05-18 04:00:00+00:00,117.0,162.0,0.6258,279.6258
2018-05-18 05:00:00+00:00,117.0,162.0,0.7336,279.7336
2018-05-18 06:00:00+00:00,117.0,162.0,0.8077999999999999,279.8078
2018-05-18 07:00:00+00:00,117.0,162.0,0.5236,279.5236
2018-05-18 08:00:00+00:00,108.872478,162.0,0.2786,271.151078
2018-05-18 09:00:00+00:00,73.729188,135.625024,0.1498,209.504012
2018-05-18 10:00:00+00:00,41.88506399999999,95.956568,0.0966,137.938232
2018-05-18 11:00:00+00:00,24.241698,65.657204,0.08259999999999999,89.98150199999999
2018-05-18 12:00:00+00:00,16.352388,49.868776,0.08399999999999999,66.305164
2018-05-18 13:00:00+00:00,13.340106,42.623115999999996,0.08259999999999999,56.045821999999994
2018-05-18 14:00:00+00:00,13.196663999999998,42.625568,0.0574,55.879632
2018-05-18 15:00:00+00:00,18.360576000000002,54.836528,0.0098,73.206904
2018-05-18 16:00:00+00:00,39.159666,93.352544,0.0056,132.51780999999997
2018-05-18 17:00:00+00:00,76.167702,131.03488,0.10359999999999998,207.306182
2018-05-18 18:00:00+00:00,109.73312999999999,156.69751200000002,0.371,266.801642
2018-05-18 19:00:00+00:00,117.0,162.0,0.6202,279.6202
2018-05-18 20:00:00+00:00,117.0,162.0,0.9142,279.9142
2018-05-18 21:00:00+00:00,117.0,162.0,1.0794,280.0794
2018-05-18 22:00:00+00:00,117.0,159.58128,1.085,277.66628
2018-05-18 23:00:00+00:00,117.0,159.18896,1.0639999999999998,277.25296000000003
2018-05-19 00:00:00+00:00,117.0,161.54288000000003,1.0528,279.59568
2018-05-19 01:00:00+00:00,117.0,162.0,1.0499999999999998,280.05
2018-05-19 02:00:00+00:00,117.0,162.0,1.0654,280.0654
2018-05-19 03:00:00+00:00,117.0,162.0,0.9757999999999999,279.9758
2018-05-19 04:00:00+00:00,117.0,141.588288,0.651,259.23928800000004
2018-05-19 05:00:00+00:00,110.16345600000001,147.975748,0.6846,258.823804
2018-05-19 06:00:00+00:00,103.13479799999999,135.96339999999998,0.6986,239.79679799999997
2018-05-19 07:00:00+00:00,71.721,103.34934799999999,0.427,175.497348
2018-05-19 08:00:00+00:00,32.27445,60.684548,0.1946,93.153598
2018-05-19 09:00:00+00:00,11.188476,30.06152,0.1162,41.366196
2018-05-19 10:00:00+00:00,3.58605,14.864023999999997,0.0938,18.543874
2018-05-19 11:00:00+00:00,1.1475360000000001,7.517832,0.0896,8.754968000000002
2018-05-19 12:00:00+00:00,0.43032600000000004,4.0458,0.12179999999999998,4.597926
2018-05-19 13:00:00+00:00,0.14344200000000001,2.361276,0.24639999999999998,2.751118
2018-05-19 14:00:00+00:00,0.14344200000000001,1.870876,0.41859999999999997,2.432918
2018-05-19 15:00:00+00:00,0.5737680000000001,4.043348,0.3934,5.010516
2018-05-19 16:00:00+00:00,4.877028,11.041355999999999,0.3598,16.278184
2018-05-19 17:00:00+00:00,4.446701999999999,17.620072,0.217,22.283773999999998
2018-05-19 18:00:00+00:00,0.5737680000000001,20.655648,0.07279999999999999,21.302216
2018-05-19 19:00:00+00:00,0.5737680000000001,31.535172,0.054599999999999996,32.16354
2018-05-19 20:00:00+00:00,10.184381999999998,57.91869200000001,0.09939999999999999,68.20247400000001
2018-05-19 21:00:00+00:00,31.700681999999997,92.72728400000001,0.11199999999999999,124.539966
2018-05-19 22:00:00+00:00,48.77028,118.036828,0.0812,166.888308
2018-05-19 23:00:00+00:00,54.077634,128.720192,0.05179999999999999,182.84962599999997
2018-05-20 00:00:00+00:00,50.92191,133.710012,0.036399999999999995,184.668322
2018-05-20 01:00:00+00:00,45.757998,139.177972,0.034999999999999996,184.97097
2018-05-20 02:00:00+00:00,39.589992,142.55192399999999,0.0322,182.17411599999997
2018-05-20 03:00:00+00:00,32.417892,132.721856,0.025199999999999997,165.164948
2018-05-20 04:00:00+00:00,20.225322,91.95,0.0098,112.18512199999999
2018-05-20 05:00:00+00:00,12.19257,64.406684,0.0084,76.607654
2018-05-20 06:00:00+00:00,16.352388,68.629028,0.0084,84.989816
2018-05-20 07:00:00+00:00,15.491736,41.227928,0.0084,56.728063999999996
2018-05-20 08:00:00+00:00,12.766338,21.119076,0.05179999999999999,33.937214
2018-05-20 09:00:00+00:00,13.62699,16.298444,0.10779999999999999,30.033234
2018-05-20 10:00:00+00:00,17.643366,21.800732,0.1372,39.581298
2018-05-20 11:00:00+00:00,19.651554,30.063972,0.1876,49.903126
2018-05-20 12:00:00+00:00,20.79909,41.48538799999999,0.322,62.606477999999996
2018-05-20 13:00:00+00:00,24.38514,52.590496,0.5474,77.523036
2018-05-20 14:00:00+00:00,45.757998,70.8628,0.6803999999999999,117.301198
2018-05-20 15:00:00+00:00,69.712812,98.19034,0.5642,168.467352
2018-05-20 16:00:00+00:00,55.94238,115.369052,0.5823999999999999,171.893832
2018-05-20 17:00:00+00:00,25.389234,98.90387199999999,0.5516,124.84470599999999
2018-05-20 18:00:00+00:00,11.045034,65.50518,0.35419999999999996,76.904414
2018-05-20 19:00:00+00:00,3.7294919999999996,44.692603999999996,0.1932,48.615295999999994
2018-05-20 20:00:00+00:00,0.14344200000000001,31.196796,0.055999999999999994,31.396238
2018-05-20 21:00:00+00:00,0.14344200000000001,21.374084,0.013999999999999999,21.531526
2018-05-20 22:00:00+00:00,0.5737680000000001,13.47374,0.0112,14.058708
2018-05-20 23:00:00+00:00,0.28688400000000003,9.045428000000001,0.0336,9.365912000000002
2018-05-21 00:00:00+00:00,0.5737680000000001,13.218732,0.030799999999999998,13.823299999999998
2018-05-21 01:00:00+00:00,0.5737680000000001,28.948312,0.0098,29.53188
2018-05-21 02:00:00+00:00,0.7172099999999999,24.828952,0.0042,25.550362000000003
2018-05-21 03:00:00+00:00,0.7172099999999999,13.679707999999998,0.0042,14.401117999999999
2018-05-21 04:00:00+00:00,0.28688400000000003,7.98126,0.0,8.268144
2018-05-21 05:00:00+00:00,0.5737680000000001,14.444731999999998,0.0,15.018499999999998
2018-05-21 06:00:00+00:00,2.438514,8.939992,0.0084,11.386906
2018-05-21 07:00:00+00:00,6.024564000000001,6.784684,0.0644,12.873648
2018-05-21 08:00:00+00:00,13.340106,23.193468000000003,0.11199999999999999,36.645574
2018-05-21 09:00:00+00:00,19.221228,49.67752,0.1946,69.09334799999999
2018-05-21 10:00:00+00:00,20.512206,68.371568,0.3234,89.207174
2018-05-21 11:00:00+00:00,21.229415999999997,77.252712,0.42279999999999995,98.904928
2018-05-21 12:00:00+00:00,19.651554,76.720628,0.4382,96.810382
2018-05-21 13:00:00+00:00,12.766338,60.520264,0.45499999999999996,73.741602
2018-05-21 14:00:00+00:00,11.905686,44.680344000000005,0.6005999999999999,57.18663000000001
2018-05-21 15:00:00+00:00,21.229415999999997,56.528408,0.714,78.471824
2018-05-21 16:00:00+00:00,41.88506399999999,85.79302799999999,0.7868,128.464892
2018-05-21 17:00:00+00:00,69.999696,116.60731200000001,0.5922,187.199208
2018-05-21 18:00:00+00:00,52.06944599999999,129.578392,0.34019999999999995,181.98803800000002
2018-05-21 19:00:00+00:00,20.08188,97.084488,0.1764,117.34276799999999
2018-05-21 20:00:00+00:00,10.184381999999998,64.595488,0.126,74.90587000000001
2018-05-21 21:00:00+00:00,10.75815,54.503056,0.119,65.380206
2018-05-21 22:00:00+00:00,14.057316000000002,54.71638,0.11199999999999999,68.885696
2018-05-21 23:00:00+00:00,17.499924,54.547191999999995,0.12739999999999999,72.17451599999998
2018-05-22 00:00:00+00:00,20.512206,56.75889599999999,0.161,77.43210199999999
2018-05-22 01:00:00+00:00,25.245791999999998,63.332708,0.147,88.7255
2018-05-22 02:00:00+00:00,35.286732,72.895508,0.10079999999999999,108.28304000000001
2018-05-22 03:00:00+00:00,42.458831999999994,72.66502,0.0938,115.217652
2018-05-22 04:00:00+00:00,34.856406,47.041619999999995,0.0294,81.92742599999998
2018-05-22 05:00:00+00:00,17.21304,42.887932,0.0028,60.103772
2018-05-22 06:00:00+00:00,26.967095999999998,69.10226399999999,0.020999999999999998,96.09035999999999
2018-05-22 07:00:00+00:00,49.200606,103.226748,0.0098,152.43715400000002
2018-05-22 08:00:00+00:00,60.819407999999996,122.48720800000001,0.020999999999999998,183.327616
2018-05-22 09:00:00+00:00,39.73343400000001,97.1605,0.027999999999999997,136.921934
2018-05-22 10:00:00+00:00,14.631084,46.850364,0.012599999999999998,61.494048
2018-05-22 11:00:00+00:00,0.43032600000000004,8.942443999999998,0.018199999999999997,9.39097
2018-05-22 12:00:00+00:00,0.14344200000000001,0.0,0.10219999999999999,0.245642
2018-05-22 13:00:00+00:00,9.610614,1.4025439999999998,0.26039999999999996,11.273558000000001
2018-05-22 14:00:00+00:00,8.60652,8.861528,0.2772,17.745248
2018-05-22 15:00:00+00:00,1.4344199999999998,5.261992,0.2226,6.919012
2018-05-22 16:00:00+00:00,0.0,0.593384,0.2884,0.881784
2018-05-22 17:00:00+00:00,0.0,0.09808,0.07279999999999999,0.17087999999999998
2018-05-22 18:00:00+00:00,0.0,0.09808,0.0,0.09808
2018-05-22 19:00:00+00:00,0.5737680000000001,0.198612,0.0014,0.77378
2018-05-22 20:00:00+00:00,4.877028,0.799352,0.0168,5.69318
2018-05-22 21:00:00+00:00,8.893403999999999,1.699236,0.0532,10.64584
2018-05-22 22:00:00+00:00,10.04094,3.288132,0.06999999999999999,13.399072
2018-05-22 23:00:00+00:00,10.184381999999998,6.561551999999999,0.0798,16.825733999999997
2018-05-23 00:00:00+00:00,9.036846,11.215447999999999,0.0784,20.330693999999998
2018-05-23 01:00:00+00:00,6.885216000000001,12.882808,0.0588,19.826824000000002
2018-05-23 02:00:00+00:00,4.733586,11.382184,0.0812,16.19697
2018-05-23 03:00:00+00:00,6.024564000000001,8.601616,0.0644,14.69058
2018-05-23 04:00:00+00:00,5.163912,4.055608,0.020999999999999998,9.24052
2018-05-23 05:00:00+00:00,0.5737680000000001,0.890076,0.0672,1.5310439999999998
2018-05-23 06:00:00+00:00,1.5778619999999999,3.3764040000000004,0.28559999999999997,5.239866
2018-05-23 07:00:00+00:00,9.036846,16.40388,0.6552,26.095926000000002
2018-05-23 08:00:00+00:00,18.073692,46.681175999999994,0.9254,65.68026799999998
2018-05-23 09:00:00+00:00,31.557239999999997,90.16004000000001,1.0584,122.77568000000001
2018-05-23 10:00:00+00:00,56.65959,118.961232,1.1409999999999998,176.761822
2018-05-23 11:00:00+00:00,92.52009,139.790972,1.1438,233.454862
2018-05-23 12:00:00+00:00,109.73312999999999,158.91762,1.099,269.74975
2018-05-23 13:00:00+00:00,113.175738,162.0,1.0248,276.20053800000005
2018-05-23 14:00:00+00:00,107.58149999999999,162.0,0.9254,270.50690000000003
2018-05-23 15:00:00+00:00,92.23320600000001,162.0,0.7742,255.007406
2018-05-23 16:00:00+00:00,62.540712,151.08243199999998,0.4396,214.06274399999998
2018-05-23 17:00:00+00:00,21.946626,111.55864399999999,0.22399999999999998,133.72926999999999
2018-05-23 18:00:00+00:00,5.4507959999999995,64.54154399999999,0.1414,70.13373999999999
2018-05-23 19:00:00+00:00,3.1557239999999998,45.585132,0.0966,48.837456
2018-05-23 20:00:00+00:00,3.872934,38.1286,0.05179999999999999,42.053334
2018-05-23 21:00:00+00:00,5.307353999999999,36.735864,0.0448,42.088018
2018-05-23 22:00:00+00:00,7.1721,43.86628,0.0672,51.10558
2018-05-23 23:00:00+00:00,7.315542,47.3236,0.061599999999999995,54.700742
2018-05-24 00:00:00+00:00,6.024564000000001,46.038752,0.0238,52.087116
2018-05-24 01:00:00+00:00,5.163912,42.576527999999996,0.006999999999999999,47.74743999999999
2018-05-24 02:00:00+00:00,3.872934,35.747708,0.0056,39.626242000000005
2018-05-24 03:00:00+00:00,2.438514,22.810956,0.0028,25.252270000000003
2018-05-24 04:00:00+00:00,1.004094,12.242835999999999,0.0,13.246929999999999
2018-05-24 05:00:00+00:00,0.14344200000000001,18.399808,0.0,18.54325
2018-05-24 06:00:00+00:00,0.14344200000000001,23.387176,0.0,23.530618
2018-05-24 07:00:00+00:00,0.7172099999999999,29.752568000000004,0.0,30.469778000000005
2018-05-24 08:00:00+00:00,8.60652,45.854852,0.0084,54.469772
2018-05-24 09:00:00+00:00,17.643366,74.604552,0.0406,92.288518
2018-05-24 10:00:00+00:00,17.643366,93.575676,0.11059999999999999,111.329642
2018-05-24 11:00:00+00:00,17.786807999999997,97.40079599999999,0.2506,115.43820399999998
2018-05-24 12:00:00+00:00,21.229415999999997,102.778032,0.4634,124.47084799999999
2018-05-24 13:00:00+00:00,27.827748,112.52228,0.6761999999999999,141.026228
2018-05-24 14:00:00+00:00,37.438362000000005,115.920752,0.7895999999999999,154.148714
2018-05-24 15:00:00+00:00,51.495678,110.51164,0.7322,162.739518
2018-05-24 16:00:00+00:00,65.98332,114.270556,0.4662,180.72007599999998
2018-05-24 17:00:00+00:00,50.92191,115.045388,0.2576,166.224898
2018-05-24 18:00:00+00:00,17.643366,83.23313999999999,0.10919999999999999,100.985706
2018-05-24 19:00:00+00:00,2.581956,47.23778,0.0238,49.843536
2018-05-24 20:00:00+00:00,0.0,23.350396,0.0056,23.355996
2018-05-24 21:00:00+00:00,0.14344200000000001,11.69604,0.0056,11.845082
2018-05-24 22:00:00+00:00,0.5737680000000001,7.069116,0.0084,7.651284
2018-05-24 23:00:00+00:00,0.5737680000000001,5.3012239999999995,0.0056,5.880592
2018-05-25 00:00:00+00:00,0.5737680000000001,4.813275999999999,0.0056,5.392644
2018-05-25 01:00:00+00:00,0.8606520000000001,4.717648,0.0098,5.5881
2018-05-25 02:00:00+00:00,1.004094,2.4569039999999998,0.018199999999999997,3.4791980000000002
2018-05-25 03:00:00+00:00,1.004094,0.689012,0.025199999999999997,1.718306
2018-05-25 04:00:00+00:00,0.43032600000000004,0.0,0.0084,0.43872600000000006
2018-05-25 05:00:00+00:00,0.0,0.19616,0.006999999999999999,0.20316
2018-05-25 06:00:00+00:00,0.0,0.0,0.018199999999999997,0.018199999999999997
2018-05-25 07:00:00+00:00,0.0,0.09808,0.049,0.14708
2018-05-25 08:00:00+00:00,0.43032600000000004,3.6829039999999997,0.091,4.20423
2018-05-25 09:00:00+00:00,13.053222,20.712044,0.17779999999999999,33.943065999999995
2018-05-25 10:00:00+00:00,27.110538,40.489875999999995,0.3626,67.963014
2018-05-25 11:00:00+00:00,34.856406,56.351864000000006,0.5781999999999999,91.78647
2018-05-25 12:00:00+00:00,31.700681999999997,60.856188,0.6831999999999999,93.24007
2018-05-25 13:00:00+00:00,23.094162,54.93706,0.6958,78.727022
2018-05-25 14:00:00+00:00,18.504018,46.168708,0.651,65.323726
2018-05-25 15:00:00+00:00,17.069598,41.203407999999996,0.518,58.791005999999996
2018-05-25 16:00:00+00:00,23.524488,43.503384,0.39899999999999997,67.426872
2018-05-25 17:00:00+00:00,25.963002,42.149879999999996,0.3122,68.425082
2018-05-25 18:00:00+00:00,13.483547999999999,30.046808000000002,0.16519999999999999,43.695555999999996
2018-05-25 19:00:00+00:00,3.58605,14.253476,0.0658,17.905326
2018-05-25 20:00:00+00:00,0.8606520000000001,5.033956,0.012599999999999998,5.907208
2018-05-25 21:00:00+00:00,0.14344200000000001,1.378024,0.0014,1.522866
2018-05-25 22:00:00+00:00,0.0,0.29424,0.0,0.29424
2018-05-25 23:00:00+00:00,0.14344200000000001,0.09808,0.0,0.24152200000000001
2018-05-26 00:00:00+00:00,0.28688400000000003,0.0,0.0,0.28688400000000003
2018-05-26 01:00:00+00:00,0.8606520000000001,0.100532,0.0028,0.9639840000000001
2018-05-26 02:00:00+00:00,1.7213040000000002,0.899884,0.0056,2.626788
2018-05-26 03:00:00+00:00,2.438514,3.587276,0.0056,6.031390000000001
2018-05-26 04:00:00+00:00,1.5778619999999999,4.970203999999999,0.0028,6.550865999999998
2018-05-26 05:00:00+00:00,2.008188,8.025396,0.0042,10.037784000000002
2018-05-26 06:00:00+00:00,5.02047,15.472119999999997,0.0266,20.519189999999995
2018-05-26 07:00:00+00:00,9.323730000000001,16.668695999999997,0.0784,26.070825999999997
2018-05-26 08:00:00+00:00,16.065504,20.861615999999998,0.12739999999999999,37.054520000000004
2018-05-26 09:00:00+00:00,23.811372,29.504915999999998,0.1624,53.478688
2018-05-26 10:00:00+00:00,30.983472,46.283952,0.20299999999999999,77.47042400000001
2018-05-26 11:00:00+00:00,32.27445,63.749548,0.26599999999999996,96.28999800000001
2018-05-26 12:00:00+00:00,25.532676,75.03365199999999,0.3752,100.94152799999999
2018-05-26 13:00:00+00:00,20.942531999999996,86.22703200000001,0.4788,107.64836400000002
2018-05-26 14:00:00+00:00,37.151478,102.020364,0.504,139.675842
2018-05-26 15:00:00+00:00,78.319332,118.69886799999999,0.4634,197.4816
2018-05-26 16:00:00+00:00,70.573464,118.70377199999999,0.39899999999999997,189.676236
2018-05-26 17:00:00+00:00,23.954814000000002,71.60330400000001,0.2702,95.82831800000001
2018-05-26 18:00:00+00:00,4.733586,19.527728000000003,0.147,24.408314
2018-05-26 19:00:00+00:00,0.5737680000000001,1.6943319999999997,0.077,2.3450999999999995
2018-05-26 20:00:00+00:00,0.0,0.593384,0.0462,0.639584
2018-05-26 21:00:00+00:00,0.0,8.420168,0.0294,8.449568000000001
2018-05-26 22:00:00+00:00,1.1475360000000001,19.537536,0.0112,20.696271999999997
2018-05-26 23:00:00+00:00,3.2991659999999996,20.5355,0.0014,23.836066
2018-05-27 00:00:00+00:00,4.016376,18.152155999999998,0.0,22.168532
2018-05-27 01:00:00+00:00,4.1598180000000005,15.874247999999998,0.0042,20.038266
2018-05-27 02:00:00+00:00,3.7294919999999996,12.613088,0.0294,16.371979999999997
2018-05-27 03:00:00+00:00,2.15163,7.458984000000001,0.036399999999999995,9.647014000000002
2018-05-27 04:00:00+00:00,0.43032600000000004,2.589312,0.0098,3.029438
2018-05-27 05:00:00+00:00,0.28688400000000003,3.180244,0.0098,3.476928
2018-05-27 06:00:00+00:00,0.28688400000000003,10.207676,0.0042,10.49876
2018-05-27 07:00:00+00:00,2.7253979999999998,20.417803999999997,0.0042,23.147401999999996
2018-05-27 08:00:00+00:00,11.475359999999998,32.724391999999995,0.0798,44.27955199999999
2018-05-27 09:00:00+00:00,20.08188,45.7298,0.2226,66.03428
2018-05-27 10:00:00+00:00,25.532676,54.576616,0.3164,80.425692
2018-05-27 11:00:00+00:00,29.118726000000002,64.718088,0.3626,94.199414
2018-05-27 12:00:00+00:00,36.864594,83.09827999999999,0.41579999999999995,120.37867399999999
2018-05-27 13:00:00+00:00,53.360424,105.271716,0.5334,159.16554
2018-05-27 14:00:00+00:00,69.425928,115.847192,0.7041999999999999,185.97732
2018-05-27 15:00:00+00:00,53.07354,96.71914,0.7546,150.54728
2018-05-27 16:00:00+00:00,25.676117999999995,75.364672,0.5642,101.60498999999999
2018-05-27 17:00:00+00:00,19.221228,63.315544,0.287,82.823772
2018-05-27 18:00:00+00:00,4.1598180000000005,38.30269199999999,0.1134,42.57590999999999
2018-05-27 19:00:00+00:00,3.4426080000000003,19.307047999999998,0.006999999999999999,22.756656
2018-05-27 20:00:00+00:00,7.889309999999999,8.834556,0.0294,16.753265999999996
2018-05-27 21:00:00+00:00,11.905686,6.659632,0.030799999999999998,18.596117999999997
2018-05-27 22:00:00+00:00,7.458983999999999,9.229327999999999,0.0168,16.705111999999996
2018-05-27 23:00:00+00:00,1.4344199999999998,7.821879999999999,0.1148,9.3711
2018-05-28 00:00:00+00:00,0.14344200000000001,5.632244,0.10359999999999998,5.8792860000000005
2018-05-28 01:00:00+00:00,0.0,5.9240319999999995,0.098,6.022031999999999
2018-05-28 02:00:00+00:00,0.0,8.000876,0.10079999999999999,8.101676
2018-05-28 03:00:00+00:00,0.0,8.895856,0.0448,8.940656
2018-05-28 04:00:00+00:00,0.0,8.000876,0.012599999999999998,8.013476
2018-05-28 05:00:00+00:00,0.0,11.747531999999998,0.0028,11.750331999999998
2018-05-28 06:00:00+00:00,0.0,7.696828,0.0,7.696828
2018-05-28 07:00:00+00:00,0.0,6.0098519999999995,0.0,6.0098519999999995
2018-05-28 08:00:00+00:00,0.0,29.102788,0.006999999999999999,29.109788
2018-05-28 09:00:00+00:00,5.881122,55.143027999999994,0.054599999999999996,61.07874999999999
2018-05-28 10:00:00+00:00,21.659741999999998,21.327496000000004,0.1316,43.118838000000004
2018-05-28 11:00:00+00:00,13.340106,2.667776,0.2338,16.241682
2018-05-28 12:00:00+00:00,0.43032600000000004,1.6673600000000002,0.30519999999999997,2.4028860000000005
2018-05-28 13:00:00+00:00,0.0,4.416052,0.189,4.605052
2018-05-28 14:00:00+00:00,4.5901440000000004,27.754188,0.05039999999999999,32.394732000000005
2018-05-28 15:00:00+00:00,3.2991659999999996,24.821596,0.013999999999999999,28.134762
2018-05-28 16:00:00+00:00,2.581956,5.718063999999999,0.0574,8.35742
2018-05-28 17:00:00+00:00,6.45489,11.428772,0.12039999999999998,18.004062
2018-05-28 18:00:00+00:00,2.7253979999999998,5.266896,0.1176,8.109893999999999
2018-05-28 19:00:00+00:00,0.28688400000000003,2.3759879999999995,0.08259999999999999,2.7454719999999995
2018-05-28 20:00:00+00:00,0.14344200000000001,1.382928,0.0532,1.57957
2018-05-28 21:00:00+00:00,0.0,0.09808,0.061599999999999995,0.15968
2018-05-28 22:00:00+00:00,0.0,0.100532,0.08259999999999999,0.183132
2018-05-28 23:00:00+00:00,0.14344200000000001,0.500208,0.13299999999999998,0.7766500000000001
2018-05-29 00:00:00+00:00,0.14344200000000001,1.1965759999999999,0.20159999999999997,1.541618
2018-05-29 01:00:00+00:00,0.5737680000000001,1.294656,0.238,2.106424
2018-05-29 02:00:00+00:00,2.008188,1.194124,0.217,3.419312
2018-05-29 03:00:00+00:00,2.438514,1.69188,0.0924,4.2227939999999995
2018-05-29 04:00:00+00:00,3.0122820000000003,3.185148,0.036399999999999995,6.233830000000001
2018-05-29 05:00:00+00:00,4.30326,8.939992,0.049,13.292252
2018-05-29 06:00:00+00:00,3.7294919999999996,16.44066,0.0644,20.234552
2018-05-29 07:00:00+00:00,5.737679999999999,28.987544,0.0966,34.821824
2018-05-29 08:00:00+00:00,12.622895999999999,50.986888,0.14279999999999998,63.752584
2018-05-29 09:00:00+00:00,17.499924,64.257112,0.1904,81.947436
2018-05-29 10:00:00+00:00,22.376952,69.999696,0.2506,92.62724800000001
2018-05-29 11:00:00+00:00,28.6884,73.275568,0.3136,102.277568
2018-05-29 12:00:00+00:00,37.151478,73.292732,0.3654,110.80960999999999
2018-05-29 13:00:00+00:00,49.200606,75.528956,0.4382,125.16776199999998
2018-05-29 14:00:00+00:00,59.815313999999994,78.86858,0.5277999999999999,139.211694
2018-05-29 15:00:00+00:00,64.5489,81.99488,0.6285999999999999,147.17238
2018-05-29 16:00:00+00:00,58.66777799999999,95.299432,0.6145999999999999,154.58181
2018-05-29 17:00:00+00:00,41.74162199999999,95.927144,0.427,138.095766
2018-05-29 18:00:00+00:00,23.524488,76.02426,0.24499999999999997,99.79374800000001
2018-05-29 19:00:00+00:00,11.618802,53.075992,0.13019999999999998,64.824994
2018-05-29 20:00:00+00:00,5.163912,33.533552,0.0644,38.761863999999996
2018-05-29 21:00:00+00:00,2.008188,22.144012,0.0238,24.176000000000002
2018-05-29 22:00:00+00:00,0.7172099999999999,18.976028,0.0084,19.701638000000003
2018-05-29 23:00:00+00:00,0.43032600000000004,17.781904,0.0042,18.216430000000003
2018-05-30 00:00:00+00:00,0.28688400000000003,15.994395999999998,0.0028,16.28408
2018-05-30 01:00:00+00:00,0.28688400000000003,12.922039999999999,0.0042,13.213124
2018-05-30 02:00:00+00:00,0.43032600000000004,10.450424,0.006999999999999999,10.88775
2018-05-30 03:00:00+00:00,0.43032600000000004,6.014756,0.0084,6.453482
2018-05-30 04:00:00+00:00,0.5737680000000001,3.459772,0.0196,4.05314
2018-05-30 05:00:00+00:00,2.438514,3.185148,0.0378,5.661461999999999
2018-05-30 06:00:00+00:00,6.024564000000001,6.66944,0.0686,12.762604
2018-05-30 07:00:00+00:00,8.463078,9.4402,0.1134,18.016678
2018-05-30 08:00:00+00:00,10.614707999999998,15.391204,0.1694,26.175311999999998
2018-05-30 09:00:00+00:00,13.340106,25.412528,0.2366,38.989234
2018-05-30 10:00:00+00:00,16.926156,37.42978,0.33319999999999994,54.689136
2018-05-30 11:00:00+00:00,19.508112,45.25411199999999,0.43539999999999995,65.19762399999999
2018-05-30 12:00:00+00:00,23.66793,50.6951,0.511,74.87402999999999
2018-05-30 13:00:00+00:00,32.848218,58.230096,0.5418,91.620114
2018-05-30 14:00:00+00:00,49.630932,72.829304,0.5376,122.99783599999999
2018-05-30 15:00:00+00:00,68.13494999999999,91.817592,0.5137999999999999,160.466342
2018-05-30 16:00:00+00:00,66.70053,106.522236,0.42979999999999996,173.652566
2018-05-30 17:00:00+00:00,40.594086,97.996632,0.3192,138.909918
2018-05-30 18:00:00+00:00,19.508112,71.306612,0.21,91.02472399999999
2018-05-30 19:00:00+00:00,7.028658000000001,42.233247999999996,0.1162,49.378105999999995
2018-05-30 20:00:00+00:00,1.290978,18.767608000000003,0.0378,20.096386000000003
2018-05-30 21:00:00+00:00,0.14344200000000001,8.876240000000001,0.0084,9.028082000000001
2018-05-30 22:00:00+00:00,0.0,5.220307999999999,0.0014,5.221708
2018-05-30 23:00:00+00:00,0.0,3.44506,0.0014,3.4464599999999996
2018-05-31 00:00:00+00:00,0.0,2.361276,0.0014,2.362676
2018-05-31 01:00:00+00:00,0.0,1.6722639999999998,0.0056,1.6778639999999998
2018-05-31 02:00:00+00:00,0.0,1.179412,0.013999999999999999,1.193412
2018-05-31 03:00:00+00:00,0.0,0.689012,0.0224,0.7114119999999999
2018-05-31 04:00:00+00:00,0.43032600000000004,1.088688,0.0448,1.563814
2018-05-31 05:00:00+00:00,4.1598180000000005,7.444272,0.0686,11.67269
2018-05-31 06:00:00+00:00,12.049128000000001,19.267816,0.10219999999999999,31.419144
2018-05-31 07:00:00+00:00,17.643366,28.592771999999997,0.147,46.383137999999995
2018-05-31 08:00:00+00:00,21.5163,36.223395999999994,0.20299999999999999,57.942696
2018-05-31 09:00:00+00:00,24.528582,42.569172,0.2716,67.36935400000002
2018-05-31 10:00:00+00:00,26.823654,47.232876000000005,0.36819999999999997,74.42473000000001
2018-05-31 11:00:00+00:00,29.692493999999996,53.09315599999999,0.4746,83.26024999999998
2018-05-31 12:00:00+00:00,34.139196,60.137752,0.574,94.850948
2018-05-31 13:00:00+00:00,38.72934,65.985772,0.6482,105.36331200000001
2018-05-31 14:00:00+00:00,43.893252,70.44596,0.6748,115.01401200000001
2018-05-31 15:00:00+00:00,52.786655999999994,77.79215199999999,0.63,131.20880799999998
2018-05-31 16:00:00+00:00,55.94238,90.80246399999999,0.4592,147.204044
2018-05-31 17:00:00+00:00,38.872782,95.32395199999999,0.2758,134.472534
2018-05-31 18:00:00+00:00,17.069598,67.346632,0.14279999999999998,84.55902999999999
2018-05-31 19:00:00+00:00,5.163912,35.487795999999996,0.041999999999999996,40.693708
2018-05-31 20:00:00+00:00,1.1475360000000001,14.010728000000002,0.0056,15.163864000000002
2018-05-31 21:00:00+00:00,0.28688400000000003,4.134072,0.0014,4.422356
2018-05-31 22:00:00+00:00,0.14344200000000001,1.081332,0.0,1.224774
2018-05-31 23:00:00+00:00,0.14344200000000001,0.689012,0.0,0.832454
2018-06-01 00:00:00+00:00,0.43032600000000004,1.0837839999999999,0.0,1.5141099999999998
2018-06-01 01:00:00+00:00,0.8606520000000001,1.976312,0.0014,2.838364
2018-06-01 02:00:00+00:00,1.290978,2.96692,0.006999999999999999,4.264898
2018-06-01 03:00:00+00:00,1.4344199999999998,3.0650000000000004,0.0084,4.507820000000001
2018-06-01 04:00:00+00:00,1.8647459999999998,8.013136,0.0294,9.907282
2018-06-01 05:00:00+00:00,9.897498,36.86582,0.091,46.854318
2018-06-01 06:00:00+00:00,20.942531999999996,65.551768,0.154,86.64829999999999
2018-06-01 07:00:00+00:00,27.97119,85.290368,0.23099999999999998,113.492558
2018-06-01 08:00:00+00:00,36.434267999999996,103.64849199999999,0.3248,140.40756
2018-06-01 09:00:00+00:00,46.044882,119.14022800000001,0.43119999999999997,165.61631
2018-06-01 10:00:00+00:00,55.22517,129.382232,0.5319999999999999,185.139402
2018-06-01 11:00:00+00:00,61.823502,133.869392,0.6202,196.313094
2018-06-01 12:00:00+00:00,67.991508,134.97769599999998,0.6803999999999999,203.64960399999998
2018-06-01 13:00:00+00:00,70.716906,133.10191600000002,0.6916,204.510422
2018-06-01 14:00:00+00:00,70.430022,128.23469599999999,0.644,199.308718
2018-06-01 15:00:00+00:00,66.84397200000001,121.89137199999999,0.5502,189.285544
2018-06-01 16:00:00+00:00,53.647308,108.687352,0.39899999999999997,162.73366000000001
2018-06-01 17:00:00+00:00,31.126914,85.202096,0.2744,116.60341
2018-06-01 18:00:00+00:00,16.065504,55.984064000000004,0.1498,72.199368
2018-06-01 19:00:00+00:00,7.315542,32.368852000000004,0.07139999999999999,39.755794
2018-06-01 20:00:00+00:00,2.7253979999999998,17.110056,0.0266,19.862053999999997
2018-06-01 21:00:00+00:00,0.8606520000000001,9.584868,0.0056,10.45112
2018-06-01 22:00:00+00:00,0.28688400000000003,6.617948,0.0014,6.906232
2018-06-01 23:00:00+00:00,0.14344200000000001,5.926483999999999,0.0028,6.072725999999999
2018-06-02 00:00:00+00:00,0.14344200000000001,5.136939999999999,0.0042,5.2845819999999994
2018-06-02 01:00:00+00:00,0.14344200000000001,3.7540120000000003,0.0056,3.903054
2018-06-02 02:00:00+00:00,0.14344200000000001,2.2705520000000003,0.0056,2.419594
2018-06-02 03:00:00+00:00,0.0,0.8876240000000001,0.0056,0.8932240000000001
2018-06-02 04:00:00+00:00,0.28688400000000003,0.29914399999999997,0.0112,0.597228
2018-06-02 05:00:00+00:00,1.7213040000000002,1.78996,0.012599999999999998,3.523864
2018-06-02 06:00:00+00:00,4.30326,8.035203999999998,0.018199999999999997,12.356663999999999
2018-06-02 07:00:00+00:00,7.028658000000001,16.457824,0.0294,23.515881999999998
2018-06-02 08:00:00+00:00,13.340106,30.851064,0.05039999999999999,44.24157
2018-06-02 09:00:00+00:00,20.368763999999995,49.81238,0.07139999999999999,70.25254399999999
2018-06-02 10:00:00+00:00,23.524488,65.375224,0.10079999999999999,89.00051200000001
2018-06-02 11:00:00+00:00,24.815466,70.301292,0.14279999999999998,95.259558
2018-06-02 12:00:00+00:00,26.680212,67.00825599999999,0.1876,93.87606799999999
2018-06-02 13:00:00+00:00,33.995754,72.973972,0.25339999999999996,107.22312600000001
2018-06-02 14:00:00+00:00,46.188324,89.47348,0.3514,136.013204
2018-06-02 15:00:00+00:00,58.094010000000004,104.07759199999998,0.4578,162.62940199999997
2018-06-02 16:00:00+00:00,62.684154,111.943608,0.4564,175.084162
2018-06-02 17:00:00+00:00,47.766186000000005,109.020824,0.3752,157.16221000000002
2018-06-02 18:00:00+00:00,24.672023999999997,87.504524,0.2576,112.434148
2018-06-02 19:00:00+00:00,10.327824,57.59748,0.17079999999999998,68.096104
2018-06-02 20:00:00+00:00,4.1598180000000005,37.677431999999996,0.098,41.935249999999996
2018-06-02 21:00:00+00:00,1.5778619999999999,26.28544,0.054599999999999996,27.917902
2018-06-02 22:00:00+00:00,0.5737680000000001,20.341791999999998,0.0294,20.94496
2018-06-02 23:00:00+00:00,0.28688400000000003,17.664208,0.015399999999999999,17.966492
2018-06-03 00:00:00+00:00,0.14344200000000001,15.879152,0.0084,16.030994
2018-06-03 01:00:00+00:00,0.14344200000000001,13.601244000000001,0.006999999999999999,13.751686000000001
2018-06-03 02:00:00+00:00,0.0,11.232612,0.0056,11.238211999999999
2018-06-03 03:00:00+00:00,0.0,4.825536,0.0028,4.828335999999999
2018-06-03 04:00:00+00:00,0.0,2.4667120000000002,0.0014,2.468112
2018-06-03 05:00:00+00:00,0.28688400000000003,1.1892200000000002,0.0,1.4761040000000003
2018-06-03 06:00:00+00:00,0.0,0.0,0.0014,0.0014
2018-06-03 07:00:00+00:00,0.0,0.0,0.0056,0.0056
2018-06-03 08:00:00+00:00,0.0,0.39232,0.030799999999999998,0.42312
2018-06-03 09:00:00+00:00,0.28688400000000003,2.861484,0.11199999999999999,3.260368
2018-06-03 10:00:00+00:00,1.7213040000000002,10.683364,0.23099999999999998,12.635667999999999
2018-06-03 11:00:00+00:00,6.024564000000001,24.372880000000002,0.39619999999999994,30.793644000000004
2018-06-03 12:00:00+00:00,10.327824,36.892792,0.5502,47.770815999999996
2018-06-03 13:00:00+00:00,12.479453999999999,40.04851599999999,0.6244,53.15236999999999
2018-06-03 14:00:00+00:00,19.221228,42.814372,0.6062,62.6418
2018-06-03 15:00:00+00:00,42.028506,53.53941999999999,0.5334,96.101326
2018-06-03 16:00:00+00:00,72.725094,85.861684,0.3892,158.97597799999997
2018-06-03 17:00:00+00:00,57.3768,110.183072,0.287,167.846872
2018-06-03 18:00:00+00:00,21.372858,89.09342000000001,0.1932,110.65947800000002
2018-06-03 19:00:00+00:00,8.319636000000001,56.190032,0.1176,64.627268
2018-06-03 20:00:00+00:00,3.4426080000000003,32.018216,0.055999999999999994,35.516824
2018-06-03 21:00:00+00:00,1.7213040000000002,24.10316,0.025199999999999997,25.849664
2018-06-03 22:00:00+00:00,1.290978,23.607856,0.013999999999999999,24.912834
2018-06-03 23:00:00+00:00,1.004094,24.392496,0.0098,25.40639
2018-06-04 00:00:00+00:00,0.5737680000000001,23.095388,0.0056,23.674756000000002
2018-06-04 01:00:00+00:00,0.43032600000000004,20.221644,0.0042,20.656170000000003
2018-06-04 02:00:00+00:00,0.28688400000000003,17.05366,0.0042,17.344744000000002
2018-06-04 03:00:00+00:00,0.14344200000000001,9.950216000000001,0.0014,10.095058000000002
2018-06-04 04:00:00+00:00,0.28688400000000003,8.0916,0.0014,8.379884
2018-06-04 05:00:00+00:00,0.14344200000000001,4.749524,0.0,4.892966
2018-06-04 06:00:00+00:00,0.0,0.0,0.0,0.0
2018-06-04 07:00:00+00:00,0.0,0.0,0.0,0.0
2018-06-04 08:00:00+00:00,0.0,0.0,0.0028,0.0028
2018-06-04 09:00:00+00:00,0.0,0.0,0.041999999999999996,0.041999999999999996
2018-06-04 10:00:00+00:00,0.14344200000000001,0.09808,0.147,0.38852200000000003
2018-06-04 11:00:00+00:00,1.5778619999999999,2.682488,0.2786,4.53895
2018-06-04 12:00:00+00:00,4.5901440000000004,12.51746,0.41859999999999997,17.526204000000003
2018-06-04 13:00:00+00:00,7.745868,28.0141,0.5236,36.283568
2018-06-04 14:00:00+00:00,10.614707999999998,33.54335999999999,0.5459999999999999,44.70406799999999
2018-06-04 15:00:00+00:00,25.963002,45.724896,0.5025999999999999,72.190498
2018-06-04 16:00:00+00:00,62.827596,80.379012,0.3794,143.58600800000002
2018-06-04 17:00:00+00:00,65.26611,110.668568,0.259,176.19367799999998
2018-06-04 18:00:00+00:00,31.844124,99.646828,0.1792,131.670152
2018-06-04 19:00:00+00:00,12.336011999999998,68.383828,0.12459999999999999,80.84443999999999
2018-06-04 20:00:00+00:00,5.594238,41.909583999999995,0.10079999999999999,47.60462199999999
2018-06-04 21:00:00+00:00,2.7253979999999998,29.539244,0.0798,32.344442
2018-06-04 22:00:00+00:00,1.004094,23.804016,0.055999999999999994,24.86411
2018-06-04 23:00:00+00:00,0.28688400000000003,19.248199999999997,0.0336,19.568683999999998
2018-06-05 00:00:00+00:00,0.0,14.496224000000002,0.015399999999999999,14.511624000000001
2018-06-05 01:00:00+00:00,0.0,10.737307999999999,0.006999999999999999,10.744307999999998
2018-06-05 02:00:00+00:00,0.0,7.476148,0.0042,7.480348
2018-06-05 03:00:00+00:00,0.0,2.8492240000000004,0.0028,2.8520240000000006
2018-06-05 04:00:00+00:00,0.0,2.265648,0.0,2.265648
2018-06-05 05:00:00+00:00,0.0,0.0,0.0,0.0
2018-06-05 06:00:00+00:00,0.0,0.0,0.0,0.0
2018-06-05 07:00:00+00:00,0.0,0.0,0.0,0.0
2018-06-05 08:00:00+00:00,0.0,0.09808,0.0,0.09808
2018-06-05 09:00:00+00:00,0.0,0.19616,0.0014,0.19756
2018-06-05 10:00:00+00:00,0.0,0.29424,0.013999999999999999,0.30824
2018-06-05 11:00:00+00:00,0.0,0.39232,0.0658,0.45811999999999997
2018-06-05 12:00:00+00:00,0.0,0.19616,0.1764,0.37256
2018-06-05 13:00:00+00:00,1.004094,0.69882,0.3234,2.026314
2018-06-05 14:00:00+00:00,7.458983999999999,8.898308,0.469,16.826292000000002
2018-06-05 15:00:00+00:00,11.331918,23.750072,0.5502,35.632189999999994
2018-06-05 16:00:00+00:00,27.397422000000002,55.876176,0.49979999999999997,83.773398
2018-06-05 17:00:00+00:00,43.893252,76.345472,0.31779999999999997,120.556524
2018-06-05 18:00:00+00:00,45.614556,76.94376,0.1414,122.699716
2018-06-05 19:00:00+00:00,23.524488,66.321696,0.063,89.90918400000001
2018-06-05 20:00:00+00:00,11.045034,50.685292000000004,0.0266,61.75692600000001
2018-06-05 21:00:00+00:00,6.168005999999999,40.058324,0.018199999999999997,46.24453
2018-06-05 22:00:00+00:00,3.7294919999999996,32.131008,0.020999999999999998,35.8815
2018-06-05 23:00:00+00:00,2.2950720000000002,24.806883999999997,0.0392,27.141156
2018-06-06 00:00:00+00:00,1.7213040000000002,18.272304000000002,0.10779999999999999,20.101408000000003
2018-06-06 01:00:00+00:00,1.4344199999999998,13.920003999999999,0.21839999999999998,15.572823999999999
2018-06-06 02:00:00+00:00,1.290978,11.646999999999998,0.301,13.238977999999998
2018-06-06 03:00:00+00:00,1.1475360000000001,9.383804000000001,0.20019999999999996,10.731540000000003
2018-06-06 04:00:00+00:00,0.5737680000000001,5.139392,0.1176,5.830760000000001
2018-06-06 05:00:00+00:00,1.004094,9.092016000000001,0.054599999999999996,10.150710000000002
2018-06-06 06:00:00+00:00,0.14344200000000001,8.297567999999998,0.0028,8.44381
2018-06-06 07:00:00+00:00,0.0,6.019659999999999,0.0,6.019659999999999
2018-06-06 08:00:00+00:00,0.0,1.9640520000000001,0.0,1.9640520000000001
2018-06-06 09:00:00+00:00,0.0,1.3731200000000001,0.012599999999999998,1.38572
2018-06-06 10:00:00+00:00,0.0,0.9808,0.05179999999999999,1.0326
2018-06-06 11:00:00+00:00,0.0,0.39232,0.12039999999999998,0.51272
2018-06-06 12:00:00+00:00,0.14344200000000001,0.0,0.20719999999999997,0.350642
2018-06-06 13:00:00+00:00,12.336011999999998,0.603192,0.3192,13.258403999999999
2018-06-06 14:00:00+00:00,47.479302000000004,33.80082,0.43539999999999995,81.715522
2018-06-06 15:00:00+00:00,95.96269800000002,99.85279600000001,0.5781999999999999,196.39369400000004
2018-06-06 16:00:00+00:00,104.71266,150.95024,0.5459999999999999,256.2089
2018-06-06 17:00:00+00:00,60.675965999999995,139.844916,0.3458,200.866682
2018-06-06 18:00:00+00:00,24.241698,108.064544,0.16519999999999999,132.471442
2018-06-06 19:00:00+00:00,7.889309999999999,74.030784,0.08679999999999999,82.00689399999999
2018-06-06 20:00:00+00:00,2.15163,54.39762,0.07139999999999999,56.62065
2018-06-06 21:00:00+00:00,0.7172099999999999,46.776804,0.0784,47.572414
2018-06-06 22:00:00+00:00,0.14344200000000001,40.835608,0.08399999999999999,41.063050000000004
2018-06-06 23:00:00+00:00,0.0,35.294087999999995,0.08259999999999999,35.376687999999994
2018-06-07 00:00:00+00:00,0.14344200000000001,31.437092,0.08259999999999999,31.663134
2018-06-07 01:00:00+00:00,0.28688400000000003,29.16654,0.105,29.558424000000002
2018-06-07 02:00:00+00:00,0.7172099999999999,29.274428,0.1722,30.163838000000002
2018-06-07 03:00:00+00:00,0.5737680000000001,22.578015999999998,0.14839999999999998,23.300183999999998
2018-06-07 04:00:00+00:00,0.14344200000000001,13.417344,0.14279999999999998,13.703586
2018-06-07 05:00:00+00:00,0.14344200000000001,12.044224,0.2632,12.450866
2018-06-07 06:00:00+00:00,0.7172099999999999,15.043019999999999,0.3122,16.072429999999997
2018-06-07 07:00:00+00:00,1.7213040000000002,5.951003999999999,0.259,7.931308
2018-06-07 08:00:00+00:00,0.0,0.296692,0.17359999999999998,0.470292
2018-06-07 09:00:00+00:00,0.0,0.19616,0.0938,0.28996
2018-06-07 10:00:00+00:00,0.0,0.4904,0.0448,0.5352
2018-06-07 11:00:00+00:00,0.0,0.88272,0.06019999999999999,0.94292
2018-06-07 12:00:00+00:00,0.0,0.88272,0.2366,1.1193199999999999
2018-06-07 13:00:00+00:00,1.290978,1.586444,0.6355999999999999,3.5130220000000003
2018-06-07 14:00:00+00:00,22.376952,31.6921,0.8623999999999999,54.931452
2018-06-07 15:00:00+00:00,75.020166,86.73459600000001,0.8525999999999999,162.60736200000002
2018-06-07 16:00:00+00:00,85.34799,139.305476,0.63,225.28346599999998
2018-06-07 17:00:00+00:00,35.573615999999994,125.67725999999999,0.3752,161.62607599999998
2018-06-07 18:00:00+00:00,11.331918,82.330804,0.189,93.851722
2018-06-07 19:00:00+00:00,4.877028,50.001184,0.077,54.955212
2018-06-07 20:00:00+00:00,3.872934,37.6382,0.0378,41.548933999999996
2018-06-07 21:00:00+00:00,3.7294919999999996,35.752612,0.0378,39.519904
2018-06-07 22:00:00+00:00,2.8688399999999996,36.833944,0.0574,39.760184
2018-06-07 23:00:00+00:00,2.15163,38.322308,0.0784,40.552338
2018-06-08 00:00:00+00:00,1.290978,37.142896,0.08679999999999999,38.520674
2018-06-08 01:00:00+00:00,0.8606520000000001,32.496356,0.07279999999999999,33.429808
2018-06-08 02:00:00+00:00,0.28688400000000003,26.160387999999998,0.0462,26.493471999999997
2018-06-08 03:00:00+00:00,0.0,12.421832,0.013999999999999999,12.435832
2018-06-08 04:00:00+00:00,0.0,6.127547999999999,0.0014,6.128947999999999
2018-06-08 05:00:00+00:00,0.0,1.69188,0.0,1.69188
2018-06-08 06:00:00+00:00,0.0,0.100532,0.0,0.100532
2018-06-08 07:00:00+00:00,0.0,0.0,0.0028,0.0028
2018-06-08 08:00:00+00:00,0.0,0.4904,0.027999999999999997,0.5184
2018-06-08 09:00:00+00:00,0.0,1.571732,0.0952,1.6669319999999999
2018-06-08 10:00:00+00:00,0.43032600000000004,1.571732,0.2296,2.231658
2018-06-08 11:00:00+00:00,5.307353999999999,11.980471999999999,0.434,17.721826
2018-06-08 12:00:00+00:00,15.348294,47.061236,0.644,63.05353
2018-06-08 13:00:00+00:00,28.114632000000004,66.43203600000001,0.7909999999999999,95.33766800000001
2018-06-08 14:00:00+00:00,60.675965999999995,89.18659600000001,0.8245999999999999,150.687162
2018-06-08 15:00:00+00:00,91.80287999999999,122.08508,0.728,214.61596
2018-06-08 16:00:00+00:00,79.753752,137.83182399999998,0.4732,218.058776
2018-06-08 17:00:00+00:00,41.45473799999999,119.52274,0.29119999999999996,161.268678
2018-06-08 18:00:00+00:00,17.643366,88.05622399999999,0.1624,105.86198999999999
2018-06-08 19:00:00+00:00,4.446701999999999,59.1545,0.09939999999999999,63.700602
2018-06-08 20:00:00+00:00,1.004094,39.700331999999996,0.0644,40.768826
2018-06-08 21:00:00+00:00,1.5778619999999999,34.026404,0.0462,35.650466
2018-06-08 22:00:00+00:00,2.8688399999999996,34.798784000000005,0.034999999999999996,37.702624
2018-06-08 23:00:00+00:00,3.7294919999999996,36.76774,0.027999999999999997,40.525232
2018-06-09 00:00:00+00:00,3.58605,39.03584,0.0224,42.64429
2018-06-09 01:00:00+00:00,3.0122820000000003,41.41428,0.0196,44.446161999999994
2018-06-09 02:00:00+00:00,2.438514,41.723231999999996,0.012599999999999998,44.17434599999999
2018-06-09 03:00:00+00:00,1.8647459999999998,33.648796,0.0042,35.51774199999999
2018-06-09 04:00:00+00:00,0.28688400000000003,20.165248000000002,0.0014,20.453532000000003
2018-06-09 05:00:00+00:00,0.28688400000000003,22.874708,0.0014,23.162992
2018-06-09 06:00:00+00:00,0.7172099999999999,17.448432,0.0014,18.167042000000002
2018-06-09 07:00:00+00:00,3.872934,15.204852,0.0028,19.080586
2018-06-09 08:00:00+00:00,5.163912,7.968999999999999,0.012599999999999998,13.145512
2018-06-09 09:00:00+00:00,10.75815,14.645796,0.0924,25.496346000000003
2018-06-09 10:00:00+00:00,14.487642,32.21928,0.2352,46.942122
2018-06-09 11:00:00+00:00,16.352388,49.831996,0.4466,66.630984
2018-06-09 12:00:00+00:00,22.090068,65.07607999999999,0.6733999999999999,87.839548
2018-06-09 13:00:00+00:00,34.856406,81.350004,0.8273999999999999,117.03381
2018-06-09 14:00:00+00:00,56.803032,98.46251199999999,0.8525999999999999,156.11814399999997
2018-06-09 15:00:00+00:00,72.151326,111.325704,0.7895999999999999,184.26663000000002
2018-06-09 16:00:00+00:00,65.552994,121.256304,0.6005999999999999,187.409898
2018-06-09 17:00:00+00:00,40.88097,114.709464,0.4256,156.016034
2018-06-09 18:00:00+00:00,18.790902,88.09300400000001,0.24219999999999997,107.12610600000001
2018-06-09 19:00:00+00:00,5.307353999999999,61.439764,0.147,66.894118
2018-06-09 20:00:00+00:00,0.7172099999999999,42.270027999999996,0.0966,43.083838
2018-06-09 21:00:00+00:00,0.5737680000000001,36.5961,0.0658,37.235668000000004
2018-06-09 22:00:00+00:00,1.004094,37.562188,0.0448,38.611082
2018-06-09 23:00:00+00:00,1.8647459999999998,38.4351,0.0336,40.333445999999995
2018-06-10 00:00:00+00:00,2.8688399999999996,38.420388,0.030799999999999998,41.320028
2018-06-10 01:00:00+00:00,3.872934,37.324343999999996,0.030799999999999998,41.228078
2018-06-10 02:00:00+00:00,5.02047,35.247499999999995,0.0322,40.30017
2018-06-10 03:00:00+00:00,4.877028,24.206144,0.015399999999999999,29.098571999999997
2018-06-10 04:00:00+00:00,2.438514,19.3095,0.0056,21.753614000000002
2018-06-10 05:00:00+00:00,0.14344200000000001,40.097556,0.0056,40.246598
2018-06-10 06:00:00+00:00,1.4344199999999998,48.674651999999995,0.0112,50.120272
2018-06-10 07:00:00+00:00,9.754056,58.54149999999999,0.05179999999999999,68.34735599999999
2018-06-10 08:00:00+00:00,17.21304,69.592664,0.161,86.966704
2018-06-10 09:00:00+00:00,25.102349999999998,84.905404,0.39619999999999994,110.403954
2018-06-10 10:00:00+00:00,37.294920000000005,106.26232399999998,0.7168,144.27404399999998
2018-06-10 11:00:00+00:00,59.241546,126.83215200000001,0.9422,187.01589800000002
2018-06-10 12:00:00+00:00,87.786504,144.44486799999999,1.0346,233.26597199999998
2018-06-10 13:00:00+00:00,101.556936,157.48215199999999,1.029,260.068088
2018-06-10 14:00:00+00:00,90.655344,159.721876,0.9408,251.31802000000002
2018-06-10 15:00:00+00:00,64.5489,144.405636,0.7546,209.709136
2018-06-10 16:00:00+00:00,41.74162199999999,112.88027199999999,0.49279999999999996,155.114694
2018-06-10 17:00:00+00:00,28.114632000000004,85.25849199999999,0.378,113.75112399999999
2018-06-10 18:00:00+00:00,10.184381999999998,55.444624,0.2296,65.858606
2018-06-10 19:00:00+00:00,2.581956,28.340215999999998,0.1176,31.039771999999996
2018-06-10 20:00:00+00:00,3.1557239999999998,16.0606,0.0644,19.280724
2018-06-10 21:00:00+00:00,5.307353999999999,15.673184000000001,0.0476,21.028138
2018-06-10 22:00:00+00:00,6.3114479999999995,19.630712,0.0406,25.98276
2018-06-10 23:00:00+00:00,6.3114479999999995,23.681416,0.0378,30.030663999999998
2018-06-11 00:00:00+00:00,6.024564000000001,23.67406,0.030799999999999998,29.729424
2018-06-11 01:00:00+00:00,6.024564000000001,21.008736,0.030799999999999998,27.0641
2018-06-11 02:00:00+00:00,6.024564000000001,18.350768,0.0378,24.413132
2018-06-11 03:00:00+00:00,5.4507959999999995,13.922456,0.030799999999999998,19.404052
2018-06-11 04:00:00+00:00,7.889309999999999,16.631916,0.061599999999999995,24.582825999999997
2018-06-11 05:00:00+00:00,20.225322,54.083764,0.14279999999999998,74.451886
2018-06-11 06:00:00+00:00,39.876876,97.37627599999999,0.2744,137.52755200000001
2018-06-11 07:00:00+00:00,57.807126000000004,122.11450400000001,0.44939999999999997,180.37103000000002
2018-06-11 08:00:00+00:00,71.577558,137.32425999999998,0.6285999999999999,209.530418
2018-06-11 09:00:00+00:00,84.774222,152.046068,0.784,237.60429
2018-06-11 10:00:00+00:00,94.384836,158.314428,0.9114,253.61066399999999
2018-06-11 11:00:00+00:00,101.556936,161.028792,0.9883999999999998,263.57412800000003
2018-06-11 12:00:00+00:00,104.13889199999998,162.0,0.9953999999999998,267.134292
2018-06-11 13:00:00+00:00,99.97907399999998,162.0,0.9324,262.91147399999994
2018-06-11 14:00:00+00:00,91.80287999999999,160.52613200000002,0.8203999999999999,253.149412
2018-06-11 15:00:00+00:00,72.86853599999999,154.89634,0.6748,228.43967600000002
2018-06-11 16:00:00+00:00,42.745716,128.85750399999998,0.4326,172.03581999999997
2018-06-11 17:00:00+00:00,21.372858,93.982708,0.24779999999999996,115.60336600000001
2018-06-11 18:00:00+00:00,9.897498,61.824728,0.1386,71.860826
2018-06-11 19:00:00+00:00,4.30326,37.827003999999995,0.07139999999999999,42.201663999999994
2018-06-11 20:00:00+00:00,2.8688399999999996,25.042276,0.041999999999999996,27.953116
2018-06-11 21:00:00+00:00,2.2950720000000002,17.705892,0.0336,20.034564
2018-06-11 22:00:00+00:00,1.4344199999999998,12.056484,0.0322,13.523103999999998
2018-06-11 23:00:00+00:00,0.8606520000000001,7.797359999999999,0.0336,8.691612
2018-06-12 00:00:00+00:00,0.7172099999999999,5.0266,0.030799999999999998,5.77461
2018-06-12 01:00:00+00:00,1.004094,3.4499640000000005,0.034999999999999996,4.489058000000001
2018-06-12 02:00:00+00:00,1.4344199999999998,3.854544,0.0476,5.336564
2018-06-12 03:00:00+00:00,1.5778619999999999,5.546424,0.0448,7.169086
2018-06-12 04:00:00+00:00,6.45489,27.347156,0.091,33.893046
2018-06-12 05:00:00+00:00,23.381046,80.690416,0.1442,104.215662
2018-06-12 06:00:00+00:00,37.581804,109.896188,0.1918,147.669792
2018-06-12 07:00:00+00:00,46.044882,122.71279200000001,0.2506,169.008274
2018-06-12 08:00:00+00:00,53.790749999999996,134.448064,0.3318,188.57061399999998
2018-06-12 09:00:00+00:00,62.110386,146.879704,0.4508,209.44089
2018-06-12 10:00:00+00:00,74.302956,157.91230000000002,0.6075999999999999,232.822856
2018-06-12 11:00:00+00:00,87.786504,162.0,0.7434,250.529904
2018-06-12 12:00:00+00:00,98.401212,162.0,0.8035999999999999,261.204812
2018-06-12 13:00:00+00:00,103.99545,162.0,0.7854,266.78085
2018-06-12 14:00:00+00:00,97.684002,161.531452,0.7266,259.94205400000004
2018-06-12 15:00:00+00:00,78.8931,156.00219199999998,0.6132,235.508492
2018-06-12 16:00:00+00:00,53.647308,135.237608,0.41439999999999994,189.299316
2018-06-12 17:00:00+00:00,28.401516,91.518448,0.21839999999999998,120.13836400000001
2018-06-12 18:00:00+00:00,14.631084,54.010204,0.12039999999999998,68.761688
2018-06-12 19:00:00+00:00,6.024564000000001,26.834688,0.055999999999999994,32.915251999999995
2018-06-12 20:00:00+00:00,2.7253979999999998,12.169276,0.034999999999999996,14.929674
2018-06-12 21:00:00+00:00,1.1475360000000001,5.732775999999999,0.0392,6.919512
2018-06-12 22:00:00+00:00,0.7172099999999999,3.2611599999999994,0.049,4.0273699999999995
2018-06-12 23:00:00+00:00,0.7172099999999999,2.768308,0.0588,3.544318
2018-06-13 00:00:00+00:00,1.004094,2.86884,0.06019999999999999,3.933134
2018-06-13 01:00:00+00:00,1.004094,2.773212,0.0588,3.8361060000000005
2018-06-13 02:00:00+00:00,1.1475360000000001,2.876196,0.06019999999999999,4.083932000000001
2018-06-13 03:00:00+00:00,1.4344199999999998,3.87416,0.05179999999999999,5.360379999999999
2018-06-13 04:00:00+00:00,6.885216000000001,17.66666,0.0658,24.617676
2018-06-13 05:00:00+00:00,10.614707999999998,25.799944,0.061599999999999995,36.476251999999995
2018-06-13 06:00:00+00:00,12.19257,27.491823999999998,0.054599999999999996,39.738994
2018-06-13 07:00:00+00:00,12.90978,28.484884,0.06019999999999999,41.454864
2018-06-13 08:00:00+00:00,15.06141,32.462028000000004,0.08539999999999999,47.608838000000006
2018-06-13 09:00:00+00:00,19.508112,40.61492799999999,0.1344,60.25743999999999
2018-06-13 10:00:00+00:00,26.106444,52.0437,0.21559999999999999,78.36574399999999
2018-06-13 11:00:00+00:00,33.565428,65.75283200000001,0.31779999999999997,99.63606000000001
2018-06-13 12:00:00+00:00,39.44655,79.24864,0.41859999999999997,119.11379
2018-06-13 13:00:00+00:00,42.602273999999994,88.36517599999999,0.476,131.44344999999998
2018-06-13 14:00:00+00:00,44.180136,93.30840799999999,0.46199999999999997,137.95054399999998
2018-06-13 15:00:00+00:00,46.188324,93.793904,0.3934,140.375628
2018-06-13 16:00:00+00:00,41.024412,87.224996,0.2744,128.52380800000003
2018-06-13 17:00:00+00:00,24.672023999999997,68.63638399999999,0.1834,93.49180799999999
2018-06-13 18:00:00+00:00,10.04094,45.180552000000006,0.11199999999999999,55.33349200000001
2018-06-13 19:00:00+00:00,1.8647459999999998,22.452964,0.05039999999999999,24.36811
2018-06-13 20:00:00+00:00,0.0,7.49086,0.012599999999999998,7.50346
2018-06-13 21:00:00+00:00,0.0,1.571732,0.0014,1.573132
2018-06-13 22:00:00+00:00,0.0,0.19616,0.0,0.19616
2018-06-13 23:00:00+00:00,0.28688400000000003,0.19616,0.0,0.48304400000000003
2018-06-14 00:00:00+00:00,0.8606520000000001,0.691464,0.0,1.552116
2018-06-14 01:00:00+00:00,1.290978,1.58154,0.0014,2.8739179999999998
2018-06-14 02:00:00+00:00,1.290978,2.373536,0.006999999999999999,3.671514
2018-06-14 03:00:00+00:00,1.4344199999999998,2.2754559999999997,0.006999999999999999,3.7168759999999996
2018-06-14 04:00:00+00:00,1.4344199999999998,2.2754559999999997,0.0028,3.7126759999999996
2018-06-14 05:00:00+00:00,3.4426080000000003,7.836591999999999,0.0028,11.282
2018-06-14 06:00:00+00:00,6.885216000000001,14.005824,0.006999999999999999,20.89804
2018-06-14 07:00:00+00:00,10.04094,18.485628,0.015399999999999999,28.541967999999997
2018-06-14 08:00:00+00:00,11.475359999999998,22.457867999999998,0.041999999999999996,33.975228
2018-06-14 09:00:00+00:00,12.336011999999998,26.22414,0.0966,38.656752
2018-06-14 10:00:00+00:00,13.770432000000001,31.876,0.1848,45.83123200000001
2018-06-14 11:00:00+00:00,16.208946,39.413448,0.3136,55.935994
2018-06-14 12:00:00+00:00,19.36467,47.948859999999996,0.4871999999999999,67.80073
2018-06-14 13:00:00+00:00,25.245791999999998,58.176152,0.6384,84.060344
2018-06-14 14:00:00+00:00,40.020318,70.70096799999999,0.6986,111.41988599999999
2018-06-14 15:00:00+00:00,72.43821,92.202556,0.644,165.284766
2018-06-14 16:00:00+00:00,78.462774,118.93426,0.469,197.86603399999998
2018-06-14 17:00:00+00:00,38.01213,115.609348,0.357,153.978478
2018-06-14 18:00:00+00:00,7.745868,69.37934,0.1764,77.301608
2018-06-14 19:00:00+00:00,0.28688400000000003,27.825296,0.055999999999999994,28.168180000000003
2018-06-14 20:00:00+00:00,0.0,7.6649519999999995,0.0098,7.674752
2018-06-14 21:00:00+00:00,0.14344200000000001,2.7462400000000002,0.0028,2.892482
2018-06-14 22:00:00+00:00,0.7172099999999999,2.454452,0.0042,3.1758619999999995
2018-06-14 23:00:00+00:00,1.7213040000000002,2.653064,0.006999999999999999,4.381368
2018-06-15 00:00:00+00:00,2.7253979999999998,2.9497560000000003,0.0112,5.686354
2018-06-15 01:00:00+00:00,3.58605,3.349432,0.0112,6.946682
2018-06-15 02:00:00+00:00,4.30326,4.24196,0.0084,8.55362
2018-06-15 03:00:00+00:00,5.307353999999999,5.03886,0.0056,10.351814
2018-06-15 04:00:00+00:00,5.737679999999999,10.08998,0.0084,15.83606
2018-06-15 05:00:00+00:00,13.340106,30.828995999999997,0.0168,44.185902
2018-06-15 06:00:00+00:00,22.520394,42.777592,0.030799999999999998,65.328786
2018-06-15 07:00:00+00:00,28.544958,49.054712,0.055999999999999994,77.65567
2018-06-15 08:00:00+00:00,33.278544000000004,56.89865999999999,0.10219999999999999,90.27940399999999
2018-06-15 09:00:00+00:00,39.44655,69.70055199999999,0.175,109.32210199999999
2018-06-15 10:00:00+00:00,46.905534,85.969572,0.27299999999999996,133.148106
2018-06-15 11:00:00+00:00,54.50796,101.04692,0.3794,155.93428
2018-06-15 12:00:00+00:00,60.675965999999995,111.56109599999999,0.4662,172.70326199999997
2018-06-15 13:00:00+00:00,65.552994,118.21091999999999,0.511,184.274914
2018-06-15 14:00:00+00:00,65.696436,120.395652,0.49279999999999996,186.58488799999998
2018-06-15 15:00:00+00:00,56.946474,115.82022,0.43119999999999997,173.197894
2018-06-15 16:00:00+00:00,37.438362000000005,102.687308,0.40739999999999993,140.53307
2018-06-15 17:00:00+00:00,21.946626,84.76318799999999,0.40459999999999996,107.11441399999998
2018-06-15 18:00:00+00:00,9.897498,60.015152,0.2702,70.18285
2018-06-15 19:00:00+00:00,2.15163,41.61534399999999,0.1386,43.90557399999999
2018-06-15 20:00:00+00:00,0.0,20.302560000000003,0.0294,20.331960000000002
2018-06-15 21:00:00+00:00,0.14344200000000001,8.552576,0.0014,8.697418
2018-06-15 22:00:00+00:00,0.28688400000000003,4.813275999999999,0.0098,5.109959999999999
2018-06-15 23:00:00+00:00,0.43032600000000004,3.0429319999999995,0.034999999999999996,3.5082579999999997
2018-06-16 00:00:00+00:00,0.7172099999999999,1.865972,0.0952,2.678382
2018-06-16 01:00:00+00:00,2.15163,1.4761039999999999,0.16519999999999999,3.792934
2018-06-16 02:00:00+00:00,5.881122,2.6775839999999995,0.2268,8.785506000000002
2018-06-16 03:00:00+00:00,13.340106,6.872956,0.2282,20.441262000000002
2018-06-16 04:00:00+00:00,15.635178,9.381352,0.055999999999999994,25.07253
2018-06-16 05:00:00+00:00,1.004094,0.0,0.0294,1.0334940000000001
2018-06-16 06:00:00+00:00,0.0,0.0,0.018199999999999997,0.018199999999999997
2018-06-16 07:00:00+00:00,0.14344200000000001,0.100532,0.012599999999999998,0.256574
2018-06-16 08:00:00+00:00,0.7172099999999999,1.098496,0.0098,1.8255059999999999
2018-06-16 09:00:00+00:00,2.008188,2.7977320000000003,0.020999999999999998,4.82692
2018-06-16 10:00:00+00:00,5.881122,7.7851,0.061599999999999995,13.727822000000002
2018-06-16 11:00:00+00:00,17.93025,23.524487999999998,0.17779999999999999,41.632538
2018-06-16 12:00:00+00:00,35.573615999999994,54.06660000000001,0.6188,90.259016
2018-06-16 13:00:00+00:00,45.18422999999999,86.124048,0.8819999999999999,132.190278
2018-06-16 14:00:00+00:00,59.67187199999999,99.818468,0.5781999999999999,160.06854
2018-06-16 15:00:00+00:00,104.85610199999999,128.114548,0.28979999999999995,233.26045000000002
2018-06-16 16:00:00+00:00,91.80287999999999,153.77718,0.17079999999999998,245.75086
2018-06-16 17:00:00+00:00,21.803183999999998,109.545552,0.07279999999999999,131.421536
2018-06-16 18:00:00+00:00,6.024564000000001,61.734004,0.1358,67.894368
2018-06-16 19:00:00+00:00,7.889309999999999,45.771483999999994,0.3864,54.047194
2018-06-16 20:00:00+00:00,2.8688399999999996,25.677343999999998,0.43539999999999995,28.981583999999998
2018-06-16 21:00:00+00:00,0.8606520000000001,10.999672,0.33319999999999994,12.193524
2018-06-16 22:00:00+00:00,0.43032600000000004,5.311032,0.16519999999999999,5.9065579999999995
2018-06-16 23:00:00+00:00,0.28688400000000003,3.5553999999999997,0.05179999999999999,3.894084
2018-06-17 00:00:00+00:00,0.14344200000000001,1.780152,0.013999999999999999,1.937594
2018-06-17 01:00:00+00:00,0.0,0.593384,0.006999999999999999,0.600384
2018-06-17 02:00:00+00:00,0.0,0.09808,0.0056,0.10368
2018-06-17 03:00:00+00:00,0.0,0.0,0.0028,0.0028
2018-06-17 04:00:00+00:00,0.0,0.0,0.012599999999999998,0.012599999999999998
2018-06-17 05:00:00+00:00,0.0,0.0,0.0784,0.0784
2018-06-17 06:00:00+00:00,0.0,1.3804759999999998,0.196,1.5764759999999998
2018-06-17 07:00:00+00:00,0.43032600000000004,7.0200759999999995,0.308,7.758401999999999
2018-06-17 08:00:00+00:00,1.8647459999999998,18.394904,0.42,20.679650000000002
2018-06-17 09:00:00+00:00,9.897498,51.531232,0.5292,61.957930000000005
2018-06-17 10:00:00+00:00,21.659741999999998,76.303788,0.6412,98.60472999999999
2018-06-17 11:00:00+00:00,28.114632000000004,83.323864,0.7546,112.193096
2018-06-17 12:00:00+00:00,42.17194799999999,86.9234,0.8442,129.939548
2018-06-17 13:00:00+00:00,64.692342,100.301512,0.8637999999999999,165.857654
2018-06-17 14:00:00+00:00,83.33980199999999,116.66615999999999,0.8245999999999999,200.830562
2018-06-17 15:00:00+00:00,82.766034,130.093312,0.707,213.566346
2018-06-17 16:00:00+00:00,59.098104,122.099792,0.4606,181.65849599999999
2018-06-17 17:00:00+00:00,29.549052,90.743616,0.28979999999999995,120.582468
2018-06-17 18:00:00+00:00,15.348294,60.42954,0.1932,75.971034
2018-06-17 19:00:00+00:00,7.458983999999999,36.635332,0.11199999999999999,44.206316
2018-06-17 20:00:00+00:00,2.15163,24.345908,0.05179999999999999,26.549338000000002
2018-06-17 21:00:00+00:00,0.8606520000000001,20.378572,0.0238,21.263024
2018-06-17 22:00:00+00:00,0.5737680000000001,19.78764,0.012599999999999998,20.374008
2018-06-17 23:00:00+00:00,0.5737680000000001,20.189768,0.0056,20.769136000000003
2018-06-18 00:00:00+00:00,0.7172099999999999,19.601288,0.0028,20.321298000000002
2018-06-18 01:00:00+00:00,0.8606520000000001,16.237144,0.0028,17.100596000000003
2018-06-18 02:00:00+00:00,0.7172099999999999,11.882392,0.0042,12.603802
2018-06-18 03:00:00+00:00,0.28688400000000003,5.347812,0.0014,5.636096
2018-06-18 04:00:00+00:00,0.28688400000000003,5.458152,0.006999999999999999,5.7520359999999995
2018-06-18 05:00:00+00:00,2.2950720000000002,6.671892,0.0266,8.993564000000001
2018-06-18 06:00:00+00:00,7.1721,10.967796,0.07279999999999999,18.212696
2018-06-18 07:00:00+00:00,11.475359999999998,21.489327999999997,0.1568,33.12148799999999
2018-06-18 08:00:00+00:00,15.348294,35.360292,0.2786,50.987185999999994
2018-06-18 09:00:00+00:00,17.499924,44.05998799999999,0.41859999999999997,61.97851199999999
2018-06-18 10:00:00+00:00,19.221228,49.000768,0.5334,68.755396
2018-06-18 11:00:00+00:00,23.811372,54.149968,0.6188,78.58014
2018-06-18 12:00:00+00:00,29.835935999999997,55.937476,0.6621999999999999,86.43561199999999
2018-06-18 13:00:00+00:00,36.864594,59.316332,0.6706,96.85152599999999
2018-06-18 14:00:00+00:00,44.323578,67.555052,0.6328,112.51143
2018-06-18 15:00:00+00:00,50.92191,79.783176,0.5684,131.273486
2018-06-18 16:00:00+00:00,49.057164,92.60468399999999,0.44799999999999995,142.109848
2018-06-18 17:00:00+00:00,36.434267999999996,85.314888,0.294,122.043156
2018-06-18 18:00:00+00:00,22.376952,62.950196,0.20299999999999999,85.530148
2018-06-18 19:00:00+00:00,12.336011999999998,43.594108,0.1442,56.07431999999999
2018-06-18 20:00:00+00:00,4.877028,27.325087999999994,0.0812,32.283316
2018-06-18 21:00:00+00:00,1.5778619999999999,20.280492,0.0392,21.897554
2018-06-18 22:00:00+00:00,0.5737680000000001,16.810912000000002,0.020999999999999998,17.405680000000004
2018-06-18 23:00:00+00:00,0.14344200000000001,14.130876,0.013999999999999999,14.288318
2018-06-19 00:00:00+00:00,0.0,11.453292,0.0098,11.463092
2018-06-19 01:00:00+00:00,0.0,9.373996,0.0056,9.379596
2018-06-19 02:00:00+00:00,0.0,8.0916,0.0014,8.093
2018-06-19 03:00:00+00:00,0.0,4.9334240000000005,0.0014,4.934824000000001
2018-06-19 04:00:00+00:00,0.0,3.45732,0.0056,3.46292
2018-06-19 05:00:00+00:00,1.004094,6.152068,0.0042,7.160362
2018-06-19 06:00:00+00:00,5.881122,13.920003999999999,0.0098,19.810926
2018-06-19 07:00:00+00:00,12.479453999999999,29.203319999999998,0.036399999999999995,41.719173999999995
2018-06-19 08:00:00+00:00,17.93025,44.447404,0.10219999999999999,62.479854
2018-06-19 09:00:00+00:00,20.512206,50.163016,0.2226,70.89782199999999
2018-06-19 10:00:00+00:00,21.372858,48.954179999999994,0.3864,70.71343799999998
2018-06-19 11:00:00+00:00,21.659741999999998,47.55654,0.5459999999999999,69.762282
2018-06-19 12:00:00+00:00,22.376952,46.66156000000001,0.6607999999999999,69.699312
2018-06-19 13:00:00+00:00,22.807278,45.173196000000004,0.7098,68.690274
2018-06-19 14:00:00+00:00,22.807278,42.196468,0.6986,65.702346
2018-06-19 15:00:00+00:00,23.381046,36.84620399999999,0.6062,60.83345
2018-06-19 16:00:00+00:00,28.975284,37.069336,0.4396,66.48422
2018-06-19 17:00:00+00:00,30.409703999999998,36.103248,0.3668,66.879752
2018-06-19 18:00:00+00:00,22.520394,25.895572,0.2366,48.652566
2018-06-19 19:00:00+00:00,14.3442,14.984172,0.13999999999999999,29.468372000000002
2018-06-19 20:00:00+00:00,8.893403999999999,7.743416,0.0798,16.71662
2018-06-19 21:00:00+00:00,5.4507959999999995,4.568076,0.05179999999999999,10.070671999999998
2018-06-19 22:00:00+00:00,3.4426080000000003,3.7711759999999996,0.0378,7.251584
2018-06-19 23:00:00+00:00,2.438514,3.9673359999999995,0.0238,6.429649999999999
2018-06-20 00:00:00+00:00,1.8647459999999998,5.151652,0.0112,7.027598
2018-06-20 01:00:00+00:00,1.8647459999999998,7.625719999999999,0.0028,9.493266
2018-06-20 02:00:00+00:00,2.438514,10.992316,0.0014,13.43223
2018-06-20 03:00:00+00:00,2.7253979999999998,11.200736,0.0,13.926134
2018-06-20 04:00:00+00:00,1.004094,4.95304,0.0028,5.959934
2018-06-20 05:00:00+00:00,0.0,0.0,0.0238,0.0238
2018-06-20 06:00:00+00:00,0.0,0.0,0.0812,0.0812
2018-06-20 07:00:00+00:00,0.43032600000000004,2.0842,0.196,2.710526
2018-06-20 08:00:00+00:00,10.327824,24.061476,0.371,34.7603
2018-06-20 09:00:00+00:00,25.532676,59.242772,0.5823999999999999,85.357848
2018-06-20 10:00:00+00:00,28.401516,73.577164,0.763,102.74168
2018-06-20 11:00:00+00:00,41.024412,83.16203200000001,0.8512,125.03764400000001
2018-06-20 12:00:00+00:00,64.5489,98.764108,0.8455999999999999,164.158608
2018-06-20 13:00:00+00:00,84.20045400000001,118.669444,0.7714,203.641298
2018-06-20 14:00:00+00:00,82.90947599999998,130.29928,0.6607999999999999,213.869556
2018-06-20 15:00:00+00:00,65.122668,127.474576,0.5404,193.137644
2018-06-20 16:00:00+00:00,45.614556,109.93296799999999,0.41579999999999995,155.96332399999997
2018-06-20 17:00:00+00:00,29.262168,87.05580799999998,0.40599999999999997,116.723976
2018-06-20 18:00:00+00:00,14.917967999999998,61.12836,0.31079999999999997,76.357128
2018-06-20 19:00:00+00:00,5.163912,39.977408,0.20859999999999998,45.34991999999999
2018-06-20 20:00:00+00:00,1.4344199999999998,27.871884,0.15539999999999998,29.461704
2018-06-20 21:00:00+00:00,0.7172099999999999,27.065175999999997,0.12319999999999999,27.905586
2018-06-20 22:00:00+00:00,0.43032600000000004,31.701908000000003,0.077,32.209234
2018-06-20 23:00:00+00:00,0.28688400000000003,32.084419999999994,0.0378,32.40910399999999
2018-06-21 00:00:00+00:00,0.28688400000000003,29.308756000000002,0.0168,29.612440000000003
2018-06-21 01:00:00+00:00,0.5737680000000001,28.121988,0.006999999999999999,28.702756000000004
2018-06-21 02:00:00+00:00,0.5737680000000001,22.678548,0.0042,23.256516
2018-06-21 03:00:00+00:00,0.43032600000000004,12.029512,0.0042,12.464038000000002
2018-06-21 04:00:00+00:00,0.28688400000000003,11.274296,0.0238,11.58498
2018-06-21 05:00:00+00:00,2.7253979999999998,23.997723999999998,0.05039999999999999,26.773521999999996
2018-06-21 06:00:00+00:00,8.319636000000001,46.433524,0.08539999999999999,54.83856
2018-06-21 07:00:00+00:00,18.504018,79.265804,0.14559999999999998,97.915422
2018-06-21 08:00:00+00:00,26.823654,110.4013,0.25479999999999997,137.47975399999999
2018-06-21 09:00:00+00:00,31.700681999999997,125.26287199999999,0.39899999999999997,157.362554
2018-06-21 10:00:00+00:00,35.286732,128.83053199999998,0.5207999999999999,164.63806399999999
2018-06-21 11:00:00+00:00,42.17194799999999,132.724308,0.5768,175.47305599999999
2018-06-21 12:00:00+00:00,48.626838000000006,135.335688,0.6048,184.56732600000004
2018-06-21 13:00:00+00:00,52.643214,134.960532,0.63,188.233746
2018-06-21 14:00:00+00:00,52.212888,129.71570400000002,0.6328,182.561392
2018-06-21 15:00:00+00:00,47.766186000000005,118.20846799999998,0.5684,166.54305399999998
2018-06-21 16:00:00+00:00,39.589992,98.940652,0.4256,138.956244
2018-06-21 17:00:00+00:00,26.53677,83.103184,0.378,110.017954
2018-06-21 18:00:00+00:00,11.188476,59.122624,0.25479999999999997,70.5659
2018-06-21 19:00:00+00:00,2.7253979999999998,39.545856,0.1498,42.421054
2018-06-21 20:00:00+00:00,0.5737680000000001,28.229876,0.06999999999999999,28.873644000000002
2018-06-21 21:00:00+00:00,0.5737680000000001,23.762331999999997,0.025199999999999997,24.3613
2018-06-21 22:00:00+00:00,0.8606520000000001,23.161592000000002,0.0084,24.030644000000006
2018-06-21 23:00:00+00:00,1.1475360000000001,22.761916,0.0028,23.912252
2018-06-22 00:00:00+00:00,1.004094,20.292752,0.0042,21.301046
2018-06-22 01:00:00+00:00,0.7172099999999999,15.955164,0.0098,16.682174
2018-06-22 02:00:00+00:00,0.5737680000000001,12.902424,0.015399999999999999,13.491591999999999
2018-06-22 03:00:00+00:00,0.43032600000000004,9.454912,0.006999999999999999,9.892238
2018-06-22 04:00:00+00:00,0.28688400000000003,5.225212,0.0056,5.517696
2018-06-22 05:00:00+00:00,2.15163,25.535128,0.0336,27.720358
2018-06-22 06:00:00+00:00,13.053222,50.844671999999996,0.15259999999999999,64.050494
2018-06-22 07:00:00+00:00,27.827748,77.26742399999999,0.3234,105.418572
2018-06-22 08:00:00+00:00,31.270356,93.823328,0.5222,125.615884
2018-06-22 09:00:00+00:00,30.696588,93.00435999999999,0.7336,124.43454799999998
2018-06-22 10:00:00+00:00,32.99166,85.564992,0.9282,119.48485200000002
2018-06-22 11:00:00+00:00,43.606367999999996,81.13668000000001,1.0373999999999999,125.78044800000002
2018-06-22 12:00:00+00:00,60.24564,80.10684,1.0066,141.35908
2018-06-22 13:00:00+00:00,69.139044,80.065156,0.8722,150.0764
2018-06-22 14:00:00+00:00,64.97922600000001,77.72104399999999,0.6859999999999999,143.38627
2018-06-22 15:00:00+00:00,55.081728000000005,77.135016,0.4871999999999999,132.703944
2018-06-22 16:00:00+00:00,43.319483999999996,83.04678799999999,0.3626,126.72887199999998
2018-06-22 17:00:00+00:00,31.126914,86.835128,0.3514,118.313442
2018-06-22 18:00:00+00:00,18.790902,71.772492,0.24919999999999998,90.812594
2018-06-22 19:00:00+00:00,9.323730000000001,54.083764,0.1792,63.586694
2018-06-22 20:00:00+00:00,4.016376,40.185828,0.12039999999999998,44.322604
2018-06-22 21:00:00+00:00,1.8647459999999998,31.657772,0.0798,33.602318
2018-06-22 22:00:00+00:00,0.8606520000000001,25.216368000000003,0.0462,26.123220000000003
2018-06-22 23:00:00+00:00,0.43032600000000004,19.768024,0.0238,20.222150000000003
2018-06-23 00:00:00+00:00,0.14344200000000001,15.511352000000002,0.015399999999999999,15.670194000000002
2018-06-23 01:00:00+00:00,0.14344200000000001,11.455744000000001,0.013999999999999999,11.613186
2018-06-23 02:00:00+00:00,0.0,7.797359999999999,0.012599999999999998,7.809959999999999
2018-06-23 03:00:00+00:00,0.0,3.651028,0.006999999999999999,3.6580280000000003
2018-06-23 04:00:00+00:00,0.28688400000000003,2.380892,0.020999999999999998,2.688776
2018-06-23 05:00:00+00:00,1.8647459999999998,2.5917640000000004,0.0644,4.52091
2018-06-23 06:00:00+00:00,1.7213040000000002,0.201064,0.1414,2.063768
2018-06-23 07:00:00+00:00,2.7253979999999998,1.390284,0.2296,4.345281999999999
2018-06-23 08:00:00+00:00,6.3114479999999995,5.745036000000001,0.3668,12.423284
2018-06-23 09:00:00+00:00,12.766338,18.863236,0.5459999999999999,32.175574
2018-06-23 10:00:00+00:00,21.5163,39.835192000000006,0.7462,62.09769200000001
2018-06-23 11:00:00+00:00,31.270356,56.001228,0.8904,88.16198399999999
2018-06-23 12:00:00+00:00,48.339954,71.196272,0.9366,120.472826
2018-06-23 13:00:00+00:00,69.85625399999999,86.01616,0.9142,156.786614
2018-06-23 14:00:00+00:00,84.34389599999999,103.140928,0.8315999999999999,188.316424
2018-06-23 15:00:00+00:00,80.901288,123.791672,0.6803999999999999,205.37336
2018-06-23 16:00:00+00:00,59.958755999999994,125.495812,0.469,185.923568
2018-06-23 17:00:00+00:00,37.438362000000005,105.139308,0.40459999999999996,142.98227
2018-06-23 18:00:00+00:00,26.393327999999997,86.56540799999999,0.3094,113.26813599999998
2018-06-23 19:00:00+00:00,15.06141,66.893012,0.2352,82.189622
2018-06-23 20:00:00+00:00,6.7417739999999995,50.484228,0.15539999999999998,57.381402
2018-06-23 21:00:00+00:00,3.0122820000000003,41.245092,0.10919999999999999,44.366574
2018-06-23 22:00:00+00:00,1.8647459999999998,35.69621599999999,0.08399999999999999,37.64496199999999
2018-06-23 23:00:00+00:00,1.4344199999999998,33.025988,0.0672,34.527608
2018-06-24 00:00:00+00:00,1.004094,31.640608,0.0532,32.697902
2018-06-24 01:00:00+00:00,0.43032600000000004,28.269108000000003,0.0476,28.747034000000003
2018-06-24 02:00:00+00:00,0.14344200000000001,22.820764,0.030799999999999998,22.995006
2018-06-24 03:00:00+00:00,0.0,14.128423999999999,0.0196,14.148024
2018-06-24 04:00:00+00:00,0.7172099999999999,16.533836,0.0336,17.284646000000002
2018-06-24 05:00:00+00:00,1.7213040000000002,13.490903999999999,0.034999999999999996,15.247207999999999
2018-06-24 06:00:00+00:00,0.5737680000000001,3.685356,0.041999999999999996,4.301124
2018-06-24 07:00:00+00:00,0.0,0.0,0.061599999999999995,0.061599999999999995
2018-06-24 08:00:00+00:00,0.0,0.0,0.11059999999999999,0.11059999999999999
2018-06-24 09:00:00+00:00,0.14344200000000001,0.0,0.20299999999999999,0.346442
2018-06-24 10:00:00+00:00,1.004094,0.696368,0.3318,2.032262
2018-06-24 11:00:00+00:00,4.30326,5.968168,0.4704,10.741828
2018-06-24 12:00:00+00:00,11.045034,23.448476,0.5711999999999999,35.06471
2018-06-24 13:00:00+00:00,19.794996,44.496444,0.6033999999999999,64.89483999999999
2018-06-24 14:00:00+00:00,33.421986000000004,57.683299999999996,0.574,91.679286
2018-06-24 15:00:00+00:00,58.81122,82.11748,0.518,141.4467
2018-06-24 16:00:00+00:00,70.860348,110.992232,0.40879999999999994,182.26138
2018-06-24 17:00:00+00:00,51.63912,111.899472,0.32899999999999996,163.867592
2018-06-24 18:00:00+00:00,31.270356,89.784884,0.2576,121.31284
2018-06-24 19:00:00+00:00,19.651554,64.669048,0.17359999999999998,84.494202
2018-06-24 20:00:00+00:00,10.75815,42.27248,0.10079999999999999,53.13143
2018-06-24 21:00:00+00:00,5.02047,26.226592,0.049,31.296062
2018-06-24 22:00:00+00:00,2.15163,17.11496,0.0196,19.28619
2018-06-24 23:00:00+00:00,0.7172099999999999,12.953916,0.0084,13.679526
2018-06-25 00:00:00+00:00,0.28688400000000003,11.465551999999999,0.0056,11.758035999999999
2018-06-25 01:00:00+00:00,0.14344200000000001,10.769184,0.0042,10.916826
2018-06-25 02:00:00+00:00,0.14344200000000001,9.481884,0.0028,9.628126000000002
2018-06-25 03:00:00+00:00,0.14344200000000001,6.127547999999999,0.0028,6.273789999999999
2018-06-25 04:00:00+00:00,0.7172099999999999,4.6588,0.006999999999999999,5.38301
2018-06-25 05:00:00+00:00,0.5737680000000001,1.09114,0.0098,1.674708
2018-06-25 06:00:00+00:00,0.0,0.0,0.0098,0.0098
2018-06-25 07:00:00+00:00,0.0,0.29424,0.0168,0.31104
2018-06-25 08:00:00+00:00,0.0,0.88272,0.0448,0.9275199999999999
2018-06-25 09:00:00+00:00,0.0,1.27504,0.09939999999999999,1.3744399999999999
2018-06-25 10:00:00+00:00,0.0,1.0788799999999998,0.1694,1.2482799999999998
2018-06-25 11:00:00+00:00,0.0,0.689012,0.25339999999999996,0.9424119999999999
2018-06-25 12:00:00+00:00,0.8606520000000001,3.700068,0.33319999999999994,4.89392
2018-06-25 13:00:00+00:00,13.483547999999999,43.138036,0.3934,57.014984
2018-06-25 14:00:00+00:00,23.66793,73.037724,0.4396,97.145254
2018-06-25 15:00:00+00:00,38.585898,95.83151600000001,0.4788,134.89621400000001
2018-06-25 16:00:00+00:00,69.28248599999999,120.34415999999999,0.46199999999999997,190.08864599999998
2018-06-25 17:00:00+00:00,69.139044,127.202404,0.39899999999999997,196.74044800000001
2018-06-25 18:00:00+00:00,39.159666,108.483836,0.2758,147.91930200000002
2018-06-25 19:00:00+00:00,18.217133999999998,74.587388,0.17779999999999999,92.98232200000001
2018-06-25 20:00:00+00:00,9.754056,46.421263999999994,0.10779999999999999,56.28311999999999
2018-06-25 21:00:00+00:00,5.881122,32.741556,0.0644,38.687078
2018-06-25 22:00:00+00:00,4.30326,26.795456,0.0378,31.136516000000004
2018-06-25 23:00:00+00:00,3.4426080000000003,25.508156,0.020999999999999998,28.971764
2018-06-26 00:00:00+00:00,2.8688399999999996,24.914772,0.0098,27.793411999999996
2018-06-26 01:00:00+00:00,2.581956,24.228212,0.0028,26.812967999999998
2018-06-26 02:00:00+00:00,2.581956,22.256804,0.0,24.83876
2018-06-26 03:00:00+00:00,2.15163,14.354007999999999,0.0,16.505637999999998
2018-06-26 04:00:00+00:00,1.7213040000000002,8.910568000000001,0.0,10.631872000000001
2018-06-26 05:00:00+00:00,1.8647459999999998,12.358080000000001,0.0,14.222826000000001
2018-06-26 06:00:00+00:00,1.1475360000000001,13.738555999999999,0.0,14.886092
2018-06-26 07:00:00+00:00,0.0,6.112836,0.0,6.112836
2018-06-26 08:00:00+00:00,0.0,1.4736520000000002,0.0014,1.4750520000000003
2018-06-26 09:00:00+00:00,0.0,0.88272,0.027999999999999997,0.91072
2018-06-26 10:00:00+00:00,0.0,0.6865600000000001,0.10919999999999999,0.79576
2018-06-26 11:00:00+00:00,0.0,0.19616,0.20719999999999997,0.40335999999999994
2018-06-26 12:00:00+00:00,0.0,0.0,0.29679999999999995,0.29679999999999995
2018-06-26 13:00:00+00:00,6.168005999999999,4.219892000000001,0.3626,10.750498
2018-06-26 14:00:00+00:00,21.5163,36.968804000000006,0.3934,58.87850400000001
2018-06-26 15:00:00+00:00,36.003942,79.035316,0.42279999999999995,115.46205799999998
2018-06-26 16:00:00+00:00,56.65959,120.133288,0.41579999999999995,177.208678
2018-06-26 17:00:00+00:00,54.651402,117.44099200000001,0.378,172.470394
2018-06-26 18:00:00+00:00,31.700681999999997,91.150648,0.2366,123.08793
2018-06-26 19:00:00+00:00,13.340106,57.66613600000001,0.1414,71.14764200000002
2018-06-26 20:00:00+00:00,6.3114479999999995,35.171488,0.0686,41.551536
2018-06-26 21:00:00+00:00,2.581956,23.200823999999997,0.027999999999999997,25.810779999999994
2018-06-26 22:00:00+00:00,0.7172099999999999,14.991528,0.0084,15.717138
2018-06-26 23:00:00+00:00,0.14344200000000001,10.244455999999998,0.0028,10.390697999999999
2018-06-27 00:00:00+00:00,0.0,7.4786,0.0042,7.4828
2018-06-27 01:00:00+00:00,0.0,5.109968,0.006999999999999999,5.116968
2018-06-27 02:00:00+00:00,0.0,3.731944,0.0098,3.7417439999999997
2018-06-27 03:00:00+00:00,0.0,2.554984,0.012599999999999998,2.567584
2018-06-27 04:00:00+00:00,0.0,1.081332,0.0042,1.085532
2018-06-27 05:00:00+00:00,0.0,2.265648,0.0,2.265648
2018-06-27 06:00:00+00:00,0.0,0.787092,0.0,0.787092
2018-06-27 07:00:00+00:00,0.0,0.0,0.0,0.0
2018-06-27 08:00:00+00:00,0.0,0.0,0.0056,0.0056
2018-06-27 09:00:00+00:00,0.0,0.0,0.061599999999999995,0.061599999999999995
2018-06-27 10:00:00+00:00,0.0,0.0,0.15539999999999998,0.15539999999999998
2018-06-27 11:00:00+00:00,0.8606520000000001,0.696368,0.2716,1.8286200000000001
2018-06-27 12:00:00+00:00,10.75815,31.439543999999998,0.3864,42.584094
2018-06-27 13:00:00+00:00,15.348294,56.253783999999996,0.4788,72.080878
2018-06-27 14:00:00+00:00,15.204851999999999,66.59386799999999,0.5067999999999999,82.30551999999999
2018-06-27 15:00:00+00:00,26.967095999999998,76.730436,0.4885999999999999,104.186132
2018-06-27 16:00:00+00:00,63.401363999999994,110.109512,0.5067999999999999,174.017676
2018-06-27 17:00:00+00:00,66.84397200000001,134.96788800000002,0.5025999999999999,202.31446000000003
2018-06-27 18:00:00+00:00,25.676117999999995,114.38334800000001,0.3122,140.371666
2018-06-27 19:00:00+00:00,5.163912,74.273532,0.147,79.584444
2018-06-27 20:00:00+00:00,1.290978,46.813584,0.0476,48.152162000000004
2018-06-27 21:00:00+00:00,0.8606520000000001,35.034175999999995,0.0098,35.904627999999995
2018-06-27 22:00:00+00:00,0.8606520000000001,29.092980000000004,0.0014,29.955032000000006
2018-06-27 23:00:00+00:00,1.004094,28.202904,0.0,29.206998
2018-06-28 00:00:00+00:00,1.004094,30.083588,0.0014,31.089081999999998
2018-06-28 01:00:00+00:00,1.7213040000000002,33.148588000000004,0.0112,34.88109200000001
2018-06-28 02:00:00+00:00,3.4426080000000003,40.57569599999999,0.0266,44.044903999999995
2018-06-28 03:00:00+00:00,3.4426080000000003,39.209932,0.0112,42.663740000000004
2018-06-28 04:00:00+00:00,1.290978,24.505287999999997,0.0042,25.800465999999997
2018-06-28 05:00:00+00:00,0.28688400000000003,34.114676,0.0098,34.41136
2018-06-28 06:00:00+00:00,0.28688400000000003,28.3206,0.018199999999999997,28.625684
2018-06-28 07:00:00+00:00,0.28688400000000003,12.573856,0.043399999999999994,12.90414
2018-06-28 08:00:00+00:00,0.14344200000000001,4.950588,0.10919999999999999,5.2032300000000005
2018-06-28 09:00:00+00:00,1.004094,9.815356000000001,0.2296,11.049050000000001
2018-06-28 10:00:00+00:00,5.594238,28.568252,0.41019999999999995,34.57269
2018-06-28 11:00:00+00:00,17.786807999999997,50.126236,0.623,68.536044
2018-06-28 12:00:00+00:00,28.831842,60.934652,0.7895999999999999,90.55609399999999
2018-06-28 13:00:00+00:00,50.491583999999996,77.635224,0.8876,129.01440799999997
2018-06-28 14:00:00+00:00,86.63896799999999,108.285224,0.9086,195.832792
2018-06-28 15:00:00+00:00,101.27005199999999,140.87230399999999,0.833,242.97535599999998
2018-06-28 16:00:00+00:00,76.884912,144.055,0.6621999999999999,221.602112
2018-06-28 17:00:00+00:00,46.762092,120.998844,0.41579999999999995,168.176736
2018-06-28 18:00:00+00:00,29.835935999999997,99.90919199999999,0.2632,130.008328
2018-06-28 19:00:00+00:00,18.360576000000002,79.265804,0.1722,97.79858000000002
2018-06-28 20:00:00+00:00,10.04094,60.606083999999996,0.13019999999999998,70.777224
2018-06-28 21:00:00+00:00,6.45489,49.885940000000005,0.12739999999999999,56.468230000000005
2018-06-28 22:00:00+00:00,5.163912,46.509536,0.12179999999999998,51.795247999999994
2018-06-28 23:00:00+00:00,4.1598180000000005,47.492788,0.10779999999999999,51.760405999999996
2018-06-29 00:00:00+00:00,3.872934,50.074743999999995,0.08539999999999999,54.033077999999996
2018-06-29 01:00:00+00:00,4.446701999999999,52.673863999999995,0.06999999999999999,57.190566
2018-06-29 02:00:00+00:00,5.307353999999999,49.917816,0.05179999999999999,55.27697
2018-06-29 03:00:00+00:00,5.4507959999999995,44.292928,0.05179999999999999,49.795524
2018-06-29 04:00:00+00:00,7.028658000000001,41.833572000000004,0.0952,48.95743
2018-06-29 05:00:00+00:00,8.463078,33.043152,0.13299999999999998,41.639230000000005
2018-06-29 06:00:00+00:00,10.614707999999998,18.801935999999998,0.1848,29.601443999999997
2018-06-29 07:00:00+00:00,8.176194,0.9047879999999999,0.252,9.332982000000001
2018-06-29 08:00:00+00:00,5.4507959999999995,0.100532,0.3444,5.895728
2018-06-29 09:00:00+00:00,6.598331999999999,0.49530399999999997,0.4606,7.5542359999999995
2018-06-29 10:00:00+00:00,10.901591999999999,2.876196,0.5823999999999999,14.360187999999999
2018-06-29 11:00:00+00:00,18.934344,13.113296000000002,0.6761999999999999,32.72384
2018-06-29 12:00:00+00:00,34.139196,48.858552,0.7322,83.72994800000001
2018-06-29 13:00:00+00:00,50.92191,71.41940399999999,0.7363999999999999,123.07771399999999
2018-06-29 14:00:00+00:00,66.84397200000001,90.974104,0.6873999999999999,158.50547600000002
2018-06-29 15:00:00+00:00,74.016072,113.09114399999999,0.595,187.702216
2018-06-29 16:00:00+00:00,67.84806599999999,123.867684,0.4522,192.16795
2018-06-29 17:00:00+00:00,53.934191999999996,116.26403200000001,0.34719999999999995,170.545424
2018-06-29 18:00:00+00:00,39.016224,97.886292,0.2954,137.197916
2018-06-29 19:00:00+00:00,23.66793,73.072052,0.259,96.998982
2018-06-29 20:00:00+00:00,14.774526,52.725356000000005,0.20579999999999998,67.705682
2018-06-29 21:00:00+00:00,9.323730000000001,41.117588,0.16519999999999999,50.606517999999994
2018-06-29 22:00:00+00:00,5.4507959999999995,33.871928,0.126,39.44872399999999
2018-06-29 23:00:00+00:00,3.58605,29.605448000000003,0.091,33.282498000000004
2018-06-30 00:00:00+00:00,2.438514,28.705564,0.054599999999999996,31.198678
2018-06-30 01:00:00+00:00,1.4344199999999998,27.60952,0.027999999999999997,29.071939999999998
2018-06-30 02:00:00+00:00,0.5737680000000001,23.446024,0.006999999999999999,24.026792000000004
2018-06-30 03:00:00+00:00,0.5737680000000001,16.818268000000003,0.0056,17.397636000000006
2018-06-30 04:00:00+00:00,1.7213040000000002,10.501916,0.0266,12.24982
2018-06-30 05:00:00+00:00,2.15163,4.864768,0.0322,7.048597999999999
2018-06-30 06:00:00+00:00,1.1475360000000001,0.201064,0.0448,1.3934
2018-06-30 07:00:00+00:00,0.0,0.0,0.077,0.077
2018-06-30 08:00:00+00:00,0.0,0.9808,0.1344,1.1152
2018-06-30 09:00:00+00:00,0.0,2.05968,0.20859999999999998,2.2682800000000003
2018-06-30 10:00:00+00:00,0.0,3.0429319999999995,0.3094,3.3523319999999996
2018-06-30 11:00:00+00:00,0.28688400000000003,3.741752,0.41859999999999997,4.447235999999999
2018-06-30 12:00:00+00:00,3.0122820000000003,17.51954,0.49979999999999997,21.031622
2018-06-30 13:00:00+00:00,16.065504,45.156031999999996,0.5474,61.768936000000004
2018-06-30 14:00:00+00:00,29.262168,60.152463999999995,0.5599999999999999,89.974632
2018-06-30 15:00:00+00:00,54.651402,79.314844,0.5418,134.50804599999998
2018-06-30 16:00:00+00:00,74.159514,110.58274800000001,0.4802,185.222462
2018-06-30 17:00:00+00:00,58.094010000000004,111.70331199999998,0.39899999999999997,170.19632199999998
2018-06-30 18:00:00+00:00,36.721152000000004,86.13876,0.322,123.18191200000001
2018-06-30 19:00:00+00:00,20.368763999999995,60.608535999999994,0.24359999999999996,81.22089999999999
2018-06-30 20:00:00+00:00,11.905686,41.3775,0.16799999999999998,53.451186
2018-06-30 21:00:00+00:00,7.315542,31.069292000000004,0.126,38.510834
2018-06-30 22:00:00+00:00,5.307353999999999,26.015719999999998,0.0966,31.419673999999997
2018-06-30 23:00:00+00:00,4.30326,24.733324,0.0644,29.100983999999997
2018-07-01 00:00:00+00:00,3.0122820000000003,23.046348,0.034999999999999996,26.093629999999997
2018-07-01 01:00:00+00:00,1.8647459999999998,19.282528,0.013999999999999999,21.161274
2018-07-01 02:00:00+00:00,1.1475360000000001,14.530552,0.0042,15.682288000000002
2018-07-01 03:00:00+00:00,1.004094,8.209296,0.0028,9.216190000000001
2018-07-01 04:00:00+00:00,1.290978,4.754428000000001,0.0028,6.048206
2018-07-01 05:00:00+00:00,1.004094,2.47652,0.0,3.480614
2018-07-01 06:00:00+00:00,0.0,0.492852,0.0,0.492852
2018-07-01 07:00:00+00:00,0.0,0.09808,0.0,0.09808
2018-07-01 08:00:00+00:00,0.0,0.09808,0.0,0.09808
2018-07-01 09:00:00+00:00,0.0,0.29424,0.013999999999999999,0.30824
2018-07-01 10:00:00+00:00,0.0,0.58848,0.061599999999999995,0.65008
2018-07-01 11:00:00+00:00,0.0,0.19616,0.10919999999999999,0.30535999999999996
2018-07-01 12:00:00+00:00,0.28688400000000003,2.483876,0.16519999999999999,2.93596
2018-07-01 13:00:00+00:00,4.016376,21.106816000000002,0.23099999999999998,25.354192000000005
2018-07-01 14:00:00+00:00,11.618802,37.434684000000004,0.3206,49.374086000000005
2018-07-01 15:00:00+00:00,19.794996,48.235744000000004,0.427,68.45774000000002
2018-07-01 16:00:00+00:00,42.17194799999999,80.75171599999999,0.5236,123.44726399999998
2018-07-01 17:00:00+00:00,52.35633,89.52497199999999,0.41859999999999997,142.299902
2018-07-01 18:00:00+00:00,33.995754,76.065944,0.2352,110.29689800000001
2018-07-01 19:00:00+00:00,19.36467,53.89986400000001,0.1344,73.39893400000001
2018-07-01 20:00:00+00:00,10.04094,36.331284000000004,0.0938,46.466024000000004
2018-07-01 21:00:00+00:00,5.594238,25.125644,0.0812,30.801082
2018-07-01 22:00:00+00:00,3.872934,20.072072,0.0672,24.012206
2018-07-01 23:00:00+00:00,3.1557239999999998,18.787224,0.05179999999999999,21.994747999999998
2018-07-02 00:00:00+00:00,2.8688399999999996,18.495436,0.0336,21.397876
2018-07-02 01:00:00+00:00,2.7253979999999998,18.005036,0.0168,20.747234
2018-07-02 02:00:00+00:00,2.7253979999999998,17.81378,0.0098,20.548977999999998
2018-07-02 03:00:00+00:00,2.15163,12.277163999999999,0.0042,14.432994
2018-07-02 04:00:00+00:00,2.15163,8.530508,0.0028,10.684937999999999
2018-07-02 05:00:00+00:00,2.15163,6.5468399999999995,0.0014,8.69987
2018-07-02 06:00:00+00:00,2.15163,4.1684,0.0,6.32003
2018-07-02 07:00:00+00:00,0.0,0.19616,0.0,0.19616
2018-07-02 08:00:00+00:00,0.0,0.0,0.0,0.0
2018-07-02 09:00:00+00:00,0.0,0.0,0.0084,0.0084
2018-07-02 10:00:00+00:00,0.0,0.09808,0.0882,0.18628
2018-07-02 11:00:00+00:00,0.0,0.09808,0.21559999999999999,0.31367999999999996
2018-07-02 12:00:00+00:00,0.14344200000000001,3.38376,0.33459999999999995,3.861802
2018-07-02 13:00:00+00:00,11.331918,46.896952,0.44799999999999995,58.67687
2018-07-02 14:00:00+00:00,23.094162,72.562036,0.5319999999999999,96.188198
2018-07-02 15:00:00+00:00,42.602273999999994,95.306788,0.5781999999999999,138.48726200000002
2018-07-02 16:00:00+00:00,65.26611,115.609348,0.49279999999999996,181.36825799999997
2018-07-02 17:00:00+00:00,50.92191,108.10132399999999,0.34299999999999997,159.366234
2018-07-02 18:00:00+00:00,25.389234,74.494212,0.21559999999999999,100.099046
2018-07-02 19:00:00+00:00,11.762244,46.117216,0.14279999999999998,58.02226
2018-07-02 20:00:00+00:00,5.4507959999999995,29.37496,0.0966,34.922356
2018-07-02 21:00:00+00:00,3.7294919999999996,22.845284,0.06999999999999999,26.644776
2018-07-02 22:00:00+00:00,3.0122820000000003,20.479104,0.06019999999999999,23.551585999999997
2018-07-02 23:00:00+00:00,2.7253979999999998,20.390832000000003,0.05179999999999999,23.16803
2018-07-03 00:00:00+00:00,2.2950720000000002,20.496268,0.041999999999999996,22.833340000000003
2018-07-03 01:00:00+00:00,2.008188,19.405127999999998,0.030799999999999998,21.444115999999998
2018-07-03 02:00:00+00:00,1.5778619999999999,17.816232,0.0196,19.413694
2018-07-03 03:00:00+00:00,1.004094,11.784312,0.0098,12.798206
2018-07-03 04:00:00+00:00,0.7172099999999999,5.154103999999999,0.0056,5.876913999999999
2018-07-03 05:00:00+00:00,0.43032600000000004,2.28036,0.0042,2.714886
2018-07-03 06:00:00+00:00,0.0,0.09808,0.0028,0.10088
2018-07-03 07:00:00+00:00,0.0,0.0,0.0042,0.0042
2018-07-03 08:00:00+00:00,0.0,0.0,0.0224,0.0224
2018-07-03 09:00:00+00:00,0.0,0.19616,0.07419999999999999,0.27036
2018-07-03 10:00:00+00:00,0.0,0.78464,0.13999999999999999,0.92464
2018-07-03 11:00:00+00:00,0.0,4.141427999999999,0.23099999999999998,4.372427999999999
2018-07-03 12:00:00+00:00,3.4426080000000003,29.517176,0.33459999999999995,33.294384
2018-07-03 13:00:00+00:00,15.06141,58.10504400000001,0.42279999999999995,73.589254
2018-07-03 14:00:00+00:00,19.508112,63.092411999999996,0.4746,83.07512399999999
2018-07-03 15:00:00+00:00,32.27445,71.223244,0.4788,103.976494
2018-07-03 16:00:00+00:00,50.491583999999996,98.38895200000002,0.41579999999999995,149.296336
2018-07-03 17:00:00+00:00,39.589992,99.25450800000002,0.35559999999999997,139.20010000000002
2018-07-03 18:00:00+00:00,14.200758,64.443464,0.20719999999999997,78.85142200000001
2018-07-03 19:00:00+00:00,3.4426080000000003,36.664756,0.12319999999999999,40.230563999999994
2018-07-03 20:00:00+00:00,0.5737680000000001,23.19592,0.07139999999999999,23.841088000000003
2018-07-03 21:00:00+00:00,0.28688400000000003,19.731244,0.0406,20.058728000000002
2018-07-03 22:00:00+00:00,0.43032600000000004,19.924952,0.025199999999999997,20.380478000000004
2018-07-03 23:00:00+00:00,0.43032600000000004,20.613964000000003,0.013999999999999999,21.058290000000003
2018-07-04 00:00:00+00:00,0.5737680000000001,20.908203999999998,0.0084,21.490372
2018-07-04 01:00:00+00:00,0.43032600000000004,20.712044,0.0056,21.14797
2018-07-04 02:00:00+00:00,0.43032600000000004,20.126016,0.0056,20.561942000000002
2018-07-04 03:00:00+00:00,0.14344200000000001,13.025024,0.0056,13.174066
2018-07-04 04:00:00+00:00,0.14344200000000001,5.338004,0.0042,5.485646
2018-07-04 05:00:00+00:00,0.0,3.1753400000000003,0.0056,3.18094
2018-07-04 06:00:00+00:00,0.0,0.0,0.006999999999999999,0.006999999999999999
2018-07-04 07:00:00+00:00,0.0,0.19616,0.0098,0.20596
2018-07-04 08:00:00+00:00,0.0,0.58848,0.0392,0.62768
2018-07-04 09:00:00+00:00,0.0,0.58848,0.10919999999999999,0.69768
2018-07-04 10:00:00+00:00,0.0,1.86352,0.1904,2.05392
2018-07-04 11:00:00+00:00,0.28688400000000003,13.103488,0.30379999999999996,13.694172000000002
2018-07-04 12:00:00+00:00,5.307353999999999,36.775096000000005,0.42279999999999995,42.505250000000004
2018-07-04 13:00:00+00:00,13.053222,55.062112,0.49839999999999995,68.61373400000001
2018-07-04 14:00:00+00:00,16.49583,52.565976000000006,0.5264,69.588206
2018-07-04 15:00:00+00:00,25.963002,56.643652,0.5362,83.142854
2018-07-04 16:00:00+00:00,48.05307,81.81098,0.4704,130.33445
2018-07-04 17:00:00+00:00,50.061257999999995,100.4094,0.3794,150.85005800000002
2018-07-04 18:00:00+00:00,21.946626,80.76397599999999,0.252,102.96260199999998
2018-07-04 19:00:00+00:00,5.594238,49.748628000000004,0.1638,55.506666
2018-07-04 20:00:00+00:00,1.004094,29.82858,0.10779999999999999,30.940474
2018-07-04 21:00:00+00:00,0.28688400000000003,23.487707999999998,0.0812,23.855791999999997
2018-07-04 22:00:00+00:00,0.28688400000000003,22.781532,0.0644,23.132816
2018-07-04 23:00:00+00:00,0.5737680000000001,23.752524,0.05179999999999999,24.378092000000002
2018-07-05 00:00:00+00:00,1.1475360000000001,25.817108,0.036399999999999995,27.001044
2018-07-05 01:00:00+00:00,1.8647459999999998,27.29076,0.0266,29.182105999999997
2018-07-05 02:00:00+00:00,2.438514,26.594392000000003,0.0224,29.055306000000005
2018-07-05 03:00:00+00:00,2.438514,15.550584,0.013999999999999999,18.003098
2018-07-05 04:00:00+00:00,1.4344199999999998,11.330691999999999,0.0112,12.776311999999999
2018-07-05 05:00:00+00:00,0.0,12.644963999999998,0.0224,12.667363999999997
2018-07-05 06:00:00+00:00,0.0,5.347812,0.0532,5.401012000000001
2018-07-05 07:00:00+00:00,0.0,0.0,0.105,0.105
2018-07-05 08:00:00+00:00,0.0,0.0,0.1946,0.1946
2018-07-05 09:00:00+00:00,0.0,0.0,0.315,0.315
2018-07-05 10:00:00+00:00,2.581956,0.201064,0.4718,3.25482
2018-07-05 11:00:00+00:00,10.901591999999999,6.385007999999999,0.6202,17.9068
2018-07-05 12:00:00+00:00,23.524488,40.977824,0.7223999999999999,65.224712
2018-07-05 13:00:00+00:00,36.290825999999996,64.16884,0.777,101.236666
2018-07-05 14:00:00+00:00,58.81122,89.355784,0.7644,148.931404
2018-07-05 15:00:00+00:00,75.737376,116.25912799999999,0.6916,192.68810399999998
2018-07-05 16:00:00+00:00,64.118574,127.72467999999999,0.5544,192.397654
2018-07-05 17:00:00+00:00,41.024412,116.5313,0.4662,158.021912
2018-07-05 18:00:00+00:00,24.241698,99.89447999999999,0.3206,124.45677799999999
2018-07-05 19:00:00+00:00,9.467172,74.432912,0.1876,84.08768400000001
2018-07-05 20:00:00+00:00,1.8647459999999998,45.75432,0.0896,47.708665999999994
2018-07-05 21:00:00+00:00,0.43032600000000004,28.318148,0.054599999999999996,28.803074000000002
2018-07-05 22:00:00+00:00,0.43032600000000004,16.639272,0.041999999999999996,17.111598
2018-07-05 23:00:00+00:00,1.004094,11.00948,0.0336,12.047174
2018-07-06 00:00:00+00:00,2.7253979999999998,10.224839999999999,0.025199999999999997,12.975437999999999
2018-07-06 01:00:00+00:00,5.4507959999999995,10.820675999999999,0.020999999999999998,16.292472
2018-07-06 02:00:00+00:00,7.315542,11.813736,0.0266,19.155877999999998
2018-07-06 03:00:00+00:00,7.889309999999999,8.871336,0.027999999999999997,16.788645999999996
2018-07-06 04:00:00+00:00,4.30326,7.395232,0.0378,11.736292
2018-07-06 05:00:00+00:00,4.016376,14.334392000000001,0.0588,18.409568000000004
2018-07-06 06:00:00+00:00,5.163912,17.745124,0.1134,23.022436
2018-07-06 07:00:00+00:00,11.331918,22.649124,0.1848,34.165842000000005
2018-07-06 08:00:00+00:00,17.786807999999997,30.113011999999998,0.294,48.19381999999999
2018-07-06 09:00:00+00:00,23.811372,39.545856,0.43539999999999995,63.792628
2018-07-06 10:00:00+00:00,30.266261999999998,49.672616,0.5922,80.531078
2018-07-06 11:00:00+00:00,38.72934,61.094032,0.7462,100.56957200000001
2018-07-06 12:00:00+00:00,48.483396,72.81949599999999,0.8483999999999999,122.15129199999998
2018-07-06 13:00:00+00:00,57.807126000000004,85.236424,0.8707999999999999,143.91435
2018-07-06 14:00:00+00:00,62.253828,95.544632,0.8161999999999999,158.61466
2018-07-06 15:00:00+00:00,54.50796,97.38118,0.6733999999999999,152.56253999999998
2018-07-06 16:00:00+00:00,36.434267999999996,93.01662,0.4788,129.929688
2018-07-06 17:00:00+00:00,18.217133999999998,77.824028,0.3626,96.403762
2018-07-06 18:00:00+00:00,5.4507959999999995,48.422095999999996,0.20719999999999997,54.08009199999999
2018-07-06 19:00:00+00:00,0.7172099999999999,24.343456,0.0952,25.155866
2018-07-06 20:00:00+00:00,0.28688400000000003,11.301268,0.0378,11.625952000000002
2018-07-06 21:00:00+00:00,0.5737680000000001,8.643300000000002,0.018199999999999997,9.235268000000001
2018-07-06 22:00:00+00:00,1.4344199999999998,9.930599999999998,0.0112,11.376219999999998
2018-07-06 23:00:00+00:00,2.15163,12.502748,0.0084,14.662778000000001
2018-07-07 00:00:00+00:00,2.581956,13.787596000000002,0.006999999999999999,16.376552000000004
2018-07-07 01:00:00+00:00,3.1557239999999998,13.292292000000002,0.0084,16.456416000000004
2018-07-07 02:00:00+00:00,4.016376,11.811284,0.0112,15.838860000000002
2018-07-07 03:00:00+00:00,4.016376,7.380520000000001,0.0084,11.405296000000002
2018-07-07 04:00:00+00:00,1.1475360000000001,3.64122,0.0056,4.7943560000000005
2018-07-07 05:00:00+00:00,0.0,6.220724,0.0056,6.226324
2018-07-07 06:00:00+00:00,0.8606520000000001,5.1492,0.018199999999999997,6.028052000000001
2018-07-07 07:00:00+00:00,2.15163,2.187184,0.0392,4.378013999999999
2018-07-07 08:00:00+00:00,2.8688399999999996,0.7968999999999999,0.0812,3.7469399999999995
2018-07-07 09:00:00+00:00,4.016376,0.89498,0.15259999999999999,5.063956
2018-07-07 10:00:00+00:00,6.45489,1.4908160000000001,0.25479999999999997,8.200505999999999
2018-07-07 11:00:00+00:00,9.036846,3.974692,0.3864,13.397938000000002
2018-07-07 12:00:00+00:00,12.19257,9.4402,0.5012,22.13397
2018-07-07 13:00:00+00:00,15.635178,17.583291999999997,0.5684,33.78686999999999
2018-07-07 14:00:00+00:00,19.221228,23.936424,0.5838,43.741451999999995
2018-07-07 15:00:00+00:00,27.110538,35.436304,0.5725999999999999,63.119442
2018-07-07 16:00:00+00:00,43.606367999999996,72.525256,0.518,116.64962399999999
2018-07-07 17:00:00+00:00,42.889157999999995,91.834756,0.48579999999999995,135.209714
2018-07-07 18:00:00+00:00,20.942531999999996,72.017692,0.29679999999999995,93.257024
2018-07-07 19:00:00+00:00,7.1721,46.185871999999996,0.13019999999999998,53.488172
2018-07-07 20:00:00+00:00,2.2950720000000002,29.725596000000003,0.034999999999999996,32.055668
2018-07-07 21:00:00+00:00,1.004094,19.623356,0.0056,20.63305
2018-07-07 22:00:00+00:00,0.5737680000000001,12.40712,0.0,12.980888
2018-07-07 23:00:00+00:00,0.43032600000000004,7.569324000000001,0.0,7.999650000000001
2018-07-08 00:00:00+00:00,0.43032600000000004,4.418503999999999,0.0,4.848829999999999
2018-07-08 01:00:00+00:00,0.43032600000000004,1.9616,0.0014,2.393326
2018-07-08 02:00:00+00:00,0.7172099999999999,0.6865600000000001,0.0056,1.40937
2018-07-08 03:00:00+00:00,0.8606520000000001,0.19616,0.0084,1.065212
2018-07-08 04:00:00+00:00,0.14344200000000001,0.0,0.0014,0.14484200000000003
2018-07-08 05:00:00+00:00,0.14344200000000001,0.0,0.0014,0.14484200000000003
2018-07-08 06:00:00+00:00,0.7172099999999999,1.883136,0.0042,2.604546
2018-07-08 07:00:00+00:00,1.290978,5.7499400000000005,0.012599999999999998,7.053518
2018-07-08 08:00:00+00:00,1.1475360000000001,7.527639999999999,0.0378,8.712976
2018-07-08 09:00:00+00:00,1.004094,4.744619999999999,0.08259999999999999,5.831314
2018-07-08 10:00:00+00:00,2.15163,3.3616919999999997,0.15539999999999998,5.668722
2018-07-08 11:00:00+00:00,6.3114479999999995,3.5774680000000005,0.2716,10.160516
2018-07-08 12:00:00+00:00,16.639272000000002,12.559144,0.43119999999999997,29.629616000000002
2018-07-08 13:00:00+00:00,25.532676,36.650044,0.581,62.763720000000006
2018-07-08 14:00:00+00:00,33.70887,50.749044,0.6538,85.11171399999999
2018-07-08 15:00:00+00:00,54.938286,75.357316,0.644,130.939602
2018-07-08 16:00:00+00:00,66.84397200000001,109.440116,0.511,176.795088
2018-07-08 17:00:00+00:00,36.864594,103.138476,0.42279999999999995,140.42586999999997
2018-07-08 18:00:00+00:00,10.327824,62.347004,0.2716,72.946428
2018-07-08 19:00:00+00:00,2.581956,34.48983199999999,0.13999999999999999,37.21178799999999
2018-07-08 20:00:00+00:00,1.4344199999999998,23.311164,0.049,24.794584
2018-07-08 21:00:00+00:00,1.004094,17.374872,0.013999999999999999,18.392965999999998
2018-07-08 22:00:00+00:00,0.5737680000000001,12.230576,0.0028,12.807144
2018-07-08 23:00:00+00:00,0.28688400000000003,8.07934,0.0014,8.367624000000001
2018-07-09 00:00:00+00:00,0.14344200000000001,5.019244,0.0014,5.164086
2018-07-09 01:00:00+00:00,0.14344200000000001,3.145916,0.0,3.289358
2018-07-09 02:00:00+00:00,0.14344200000000001,2.2607440000000003,0.0,2.404186
2018-07-09 03:00:00+00:00,0.0,1.277492,0.0,1.277492
2018-07-09 04:00:00+00:00,0.0,0.789544,0.0,0.789544
2018-07-09 05:00:00+00:00,0.0,0.0,0.0,0.0
2018-07-09 06:00:00+00:00,0.0,0.0,0.0028,0.0028
2018-07-09 07:00:00+00:00,0.0,0.0,0.018199999999999997,0.018199999999999997
2018-07-09 08:00:00+00:00,0.0,0.0,0.0588,0.0588
2018-07-09 09:00:00+00:00,0.0,0.0,0.12739999999999999,0.12739999999999999
2018-07-09 10:00:00+00:00,0.0,0.0,0.23099999999999998,0.23099999999999998
2018-07-09 11:00:00+00:00,0.5737680000000001,3.766272,0.3696,4.70964
2018-07-09 12:00:00+00:00,6.885216000000001,29.781992,0.5054,37.172608000000004
2018-07-09 13:00:00+00:00,21.946626,52.450732,0.5963999999999999,74.993758
2018-07-09 14:00:00+00:00,29.549052,57.570508000000004,0.6048,87.72436
2018-07-09 15:00:00+00:00,52.212888,75.50934000000001,0.5459999999999999,128.268228
2018-07-09 16:00:00+00:00,66.270204,109.44992399999998,0.40319999999999995,176.123328
2018-07-09 17:00:00+00:00,39.73343400000001,106.399636,0.34719999999999995,146.48027
2018-07-09 18:00:00+00:00,13.62699,69.6981,0.2366,83.56168999999998
2018-07-09 19:00:00+00:00,4.446701999999999,42.22344,0.13019999999999998,46.800342
2018-07-09 20:00:00+00:00,1.290978,26.4816,0.0462,27.818778
2018-07-09 21:00:00+00:00,0.14344200000000001,17.867724000000003,0.0168,18.027966000000003
2018-07-09 22:00:00+00:00,0.0,14.594304000000001,0.0112,14.605504000000002
2018-07-09 23:00:00+00:00,0.14344200000000001,15.673184000000001,0.0112,15.827826000000002
2018-07-10 00:00:00+00:00,0.7172099999999999,20.015676,0.0112,20.744086
2018-07-10 01:00:00+00:00,1.4344199999999998,24.463604,0.013999999999999999,25.912024
2018-07-10 02:00:00+00:00,1.5778619999999999,26.138319999999997,0.013999999999999999,27.730181999999996
2018-07-10 03:00:00+00:00,0.8606520000000001,19.917596,0.0056,20.783848000000003
2018-07-10 04:00:00+00:00,0.28688400000000003,13.135364,0.0042,13.426448
2018-07-10 05:00:00+00:00,0.14344200000000001,9.506404,0.0042,9.654046000000001
2018-07-10 06:00:00+00:00,0.0,0.0,0.0028,0.0028
2018-07-10 07:00:00+00:00,0.0,0.0,0.0084,0.0084
2018-07-10 08:00:00+00:00,0.0,0.0,0.041999999999999996,0.041999999999999996
2018-07-10 09:00:00+00:00,0.0,0.0,0.1372,0.1372
2018-07-10 10:00:00+00:00,0.0,0.0,0.26739999999999997,0.26739999999999997
2018-07-10 11:00:00+00:00,0.28688400000000003,0.0,0.42419999999999997,0.711084
2018-07-10 12:00:00+00:00,5.307353999999999,4.496968000000001,0.5656,10.369921999999999
2018-07-10 13:00:00+00:00,25.81956,49.128272,0.6496,75.59743200000001
2018-07-10 14:00:00+00:00,43.319483999999996,75.384288,0.6636,119.36737199999999
2018-07-10 15:00:00+00:00,68.85216,107.79972800000002,0.6244,177.27628800000002
2018-07-10 16:00:00+00:00,72.43821,127.322552,0.49699999999999994,200.257762
2018-07-10 17:00:00+00:00,48.626838000000006,112.55906,0.3794,161.565298
2018-07-10 18:00:00+00:00,26.967095999999998,82.924188,0.2702,110.161484
2018-07-10 19:00:00+00:00,14.3442,56.422971999999994,0.1722,70.93937199999999
2018-07-10 20:00:00+00:00,7.315542,36.909955999999994,0.1176,44.343098
2018-07-10 21:00:00+00:00,4.877028,31.964272,0.098,36.9393
2018-07-10 22:00:00+00:00,2.581956,29.176347999999997,0.10779999999999999,31.866103999999996
2018-07-10 23:00:00+00:00,1.1475360000000001,28.374544,0.098,29.620079999999998
2018-07-11 00:00:00+00:00,0.8606520000000001,29.470588,0.0924,30.423640000000002
2018-07-11 01:00:00+00:00,1.1475360000000001,30.56418,0.08679999999999999,31.798516
2018-07-11 02:00:00+00:00,1.7213040000000002,29.87762,0.07279999999999999,31.671724
2018-07-11 03:00:00+00:00,1.290978,20.187316,0.0448,21.523093999999997
2018-07-11 04:00:00+00:00,1.8647459999999998,15.261247999999998,0.055999999999999994,17.181994
2018-07-11 05:00:00+00:00,3.0122820000000003,12.600828,0.06019999999999999,15.67331
2018-07-11 06:00:00+00:00,3.2991659999999996,3.4891959999999997,0.055999999999999994,6.844361999999999
2018-07-11 07:00:00+00:00,0.14344200000000001,0.0,0.061599999999999995,0.205042
2018-07-11 08:00:00+00:00,0.0,0.0,0.0966,0.0966
2018-07-11 09:00:00+00:00,0.0,0.0,0.1694,0.1694
2018-07-11 10:00:00+00:00,0.0,0.0,0.28979999999999995,0.28979999999999995
2018-07-11 11:00:00+00:00,0.0,0.0,0.43539999999999995,0.43539999999999995
2018-07-11 12:00:00+00:00,0.0,0.0,0.5684,0.5684
2018-07-11 13:00:00+00:00,1.5778619999999999,0.50266,0.651,2.731522
2018-07-11 14:00:00+00:00,23.954814000000002,36.502924,0.6776,61.135338000000004
2018-07-11 15:00:00+00:00,51.208794,83.439108,0.6426,135.29050199999998
2018-07-11 16:00:00+00:00,76.02426,128.087576,0.5137999999999999,204.62563600000001
2018-07-11 17:00:00+00:00,59.958755999999994,123.61758,0.3906,183.966936
2018-07-11 18:00:00+00:00,37.294920000000005,102.400424,0.3318,140.027144
2018-07-11 19:00:00+00:00,26.393327999999997,78.569436,0.2366,105.19936399999999
2018-07-11 20:00:00+00:00,17.356482,56.177772000000004,0.16799999999999998,73.70225400000001
2018-07-11 21:00:00+00:00,13.483547999999999,45.386520000000004,0.1596,59.029668
2018-07-11 22:00:00+00:00,12.336011999999998,48.375507999999996,0.1498,60.86131999999999
2018-07-11 23:00:00+00:00,12.19257,54.42214,0.1288,66.74351
2018-07-12 00:00:00+00:00,12.90978,63.342516,0.11059999999999999,76.362896
2018-07-12 01:00:00+00:00,12.766338,67.400576,0.091,80.257914
2018-07-12 02:00:00+00:00,13.340106,64.546448,0.0644,77.95095400000001
2018-07-12 03:00:00+00:00,13.196663999999998,60.89787200000001,0.041999999999999996,74.136536
2018-07-12 04:00:00+00:00,12.049128000000001,46.629684,0.054599999999999996,58.733412
2018-07-12 05:00:00+00:00,10.04094,28.793836,0.0532,38.887975999999995
2018-07-12 06:00:00+00:00,8.463078,11.051164,0.0644,19.578642
2018-07-12 07:00:00+00:00,3.0122820000000003,0.100532,0.0882,3.2010140000000002
2018-07-12 08:00:00+00:00,0.28688400000000003,0.0,0.1358,0.42268400000000006
2018-07-12 09:00:00+00:00,0.0,0.0,0.2198,0.2198
2018-07-12 10:00:00+00:00,0.0,0.0,0.34159999999999996,0.34159999999999996
2018-07-12 11:00:00+00:00,0.0,0.0,0.476,0.476
2018-07-12 12:00:00+00:00,2.2950720000000002,0.801804,0.5823999999999999,3.6792759999999998
2018-07-12 13:00:00+00:00,18.360576000000002,22.712876,0.6468,41.720252
2018-07-12 14:00:00+00:00,36.147384,53.899863999999994,0.6706,90.71784799999999
2018-07-12 15:00:00+00:00,61.536618,84.34634799999999,0.6384,146.52136599999997
2018-07-12 16:00:00+00:00,75.593934,118.122648,0.5236,194.240182
2018-07-12 17:00:00+00:00,56.946474,114.064588,0.40599999999999997,171.41706200000002
2018-07-12 18:00:00+00:00,33.70887,93.649236,0.31079999999999997,127.66890599999999
2018-07-12 19:00:00+00:00,17.356482,67.719336,0.22119999999999998,85.297018
2018-07-12 20:00:00+00:00,8.032752,45.008911999999995,0.1596,53.201263999999995
2018-07-12 21:00:00+00:00,4.1598180000000005,32.82002,0.1358,37.115638000000004
2018-07-12 22:00:00+00:00,2.2950720000000002,28.55354,0.11199999999999999,30.960612
2018-07-12 23:00:00+00:00,1.290978,26.663047999999996,0.0952,28.049225999999994
2018-07-13 00:00:00+00:00,0.8606520000000001,23.985463999999997,0.0756,24.921716
2018-07-13 01:00:00+00:00,0.8606520000000001,21.317688,0.06019999999999999,22.23854
2018-07-13 02:00:00+00:00,0.8606520000000001,18.350768,0.0532,19.26462
2018-07-13 03:00:00+00:00,0.8606520000000001,13.917552,0.0574,14.835604
2018-07-13 04:00:00+00:00,2.15163,14.935132,0.0952,17.181962
2018-07-13 05:00:00+00:00,5.02047,15.670731999999997,0.1064,20.797601999999998
2018-07-13 06:00:00+00:00,7.745868,11.94124,0.12039999999999998,19.807508000000002
2018-07-13 07:00:00+00:00,6.7417739999999995,1.80222,0.1414,8.685394
2018-07-13 08:00:00+00:00,3.2991659999999996,0.397224,0.1834,3.87979
2018-07-13 09:00:00+00:00,4.733586,2.1798279999999997,0.2842,7.197614
2018-07-13 10:00:00+00:00,12.622895999999999,13.000504,0.4536,26.076999999999998
2018-07-13 11:00:00+00:00,22.520394,37.039912,0.6468,60.207105999999996
2018-07-13 12:00:00+00:00,29.979377999999997,53.49038,0.7686000000000001,84.238358
2018-07-13 13:00:00+00:00,41.45473799999999,64.70092399999999,0.7923999999999999,106.94806199999998
2018-07-13 14:00:00+00:00,58.237452000000005,78.00792799999999,0.7518,136.99718000000001
2018-07-13 15:00:00+00:00,68.708718,96.97169600000001,0.6761999999999999,166.356614
2018-07-13 16:00:00+00:00,55.94238,109.54555199999999,0.5418,166.029732
2018-07-13 17:00:00+00:00,34.856406,102.52302399999999,0.36119999999999997,137.74062999999998
2018-07-13 18:00:00+00:00,18.790902,76.078204,0.25479999999999997,95.123906
2018-07-13 19:00:00+00:00,7.315542,50.95256,0.1834,58.451502
2018-07-13 20:00:00+00:00,2.7253979999999998,31.902972,0.13019999999999998,34.75857
2018-07-13 21:00:00+00:00,2.008188,20.506076,0.10919999999999999,22.623464000000002
2018-07-13 22:00:00+00:00,2.8688399999999996,17.23756,0.1064,20.212799999999998
2018-07-13 23:00:00+00:00,4.1598180000000005,18.431684,0.098,22.689502
2018-07-14 00:00:00+00:00,5.881122,21.60212,0.10359999999999998,27.586842
2018-07-14 01:00:00+00:00,7.889309999999999,24.980976000000002,0.1344,33.004686
2018-07-14 02:00:00+00:00,10.614707999999998,28.654072,0.16659999999999997,39.43538
2018-07-14 03:00:00+00:00,10.327824,22.2519,0.19739999999999996,32.777124
2018-07-14 04:00:00+00:00,12.19257,20.716948,0.2716,33.181118
2018-07-14 05:00:00+00:00,14.487642,19.179544,0.2772,33.944386
2018-07-14 06:00:00+00:00,15.06141,12.863191999999998,0.28979999999999995,28.214402
2018-07-14 07:00:00+00:00,9.897498,0.902336,0.3234,11.123234
2018-07-14 08:00:00+00:00,10.04094,1.000416,0.4003999999999999,11.441756
2018-07-14 09:00:00+00:00,15.922062,8.579548,0.5418,25.043409999999998
2018-07-14 10:00:00+00:00,24.528582,31.952012000000003,0.7223999999999999,57.202994000000004
2018-07-14 11:00:00+00:00,32.131008,48.6109,0.8707999999999999,81.612708
2018-07-14 12:00:00+00:00,45.040788,65.465948,0.9506,111.45733599999998
2018-07-14 13:00:00+00:00,63.688248,83.341028,0.9645999999999999,147.99387599999997
2018-07-14 14:00:00+00:00,79.46686800000002,104.59986800000001,0.9114,184.97813600000003
2018-07-14 15:00:00+00:00,75.163608,118.473284,0.7784,194.415292
2018-07-14 16:00:00+00:00,47.33586,111.23988399999999,0.5306,159.10634399999998
2018-07-14 17:00:00+00:00,22.520394,82.956064,0.3136,105.79005799999999
2018-07-14 18:00:00+00:00,8.60652,51.452768000000006,0.1764,60.23568800000001
2018-07-14 19:00:00+00:00,1.8647459999999998,26.758676,0.10079999999999999,28.724222
2018-07-14 20:00:00+00:00,0.43032600000000004,11.816188,0.0686,12.315114000000001
2018-07-14 21:00:00+00:00,0.43032600000000004,6.684152,0.06019999999999999,7.174678
2018-07-14 22:00:00+00:00,0.8606520000000001,5.99514,0.05039999999999999,6.906192
2018-07-14 23:00:00+00:00,1.290978,7.081376,0.043399999999999994,8.415754
2018-07-15 00:00:00+00:00,1.7213040000000002,7.873372,0.043399999999999994,9.638076
2018-07-15 01:00:00+00:00,2.008188,7.481052,0.043399999999999994,9.53264
2018-07-15 02:00:00+00:00,2.15163,6.497800000000001,0.05179999999999999,8.70123
2018-07-15 03:00:00+00:00,1.7213040000000002,4.531296,0.043399999999999994,6.296
2018-07-15 04:00:00+00:00,1.4344199999999998,1.9738599999999997,0.0672,3.4754799999999997
2018-07-15 05:00:00+00:00,1.004094,0.394772,0.10079999999999999,1.499666
2018-07-15 06:00:00+00:00,0.5737680000000001,1.284848,0.1582,2.016816
2018-07-15 07:00:00+00:00,2.2950720000000002,9.221972000000001,0.252,11.769044000000003
2018-07-15 08:00:00+00:00,7.745868,24.215952,0.3808,32.342620000000004
2018-07-15 09:00:00+00:00,17.21304,42.880576000000005,0.5334,60.627016000000005
2018-07-15 10:00:00+00:00,23.66793,60.333912,0.6818,84.68364199999999
2018-07-15 11:00:00+00:00,28.114632000000004,71.721,0.8021999999999999,100.637832
2018-07-15 12:00:00+00:00,30.409703999999998,78.042256,0.8525999999999999,109.30455999999998
2018-07-15 13:00:00+00:00,32.131008,81.79381599999999,0.833,114.757824
2018-07-15 14:00:00+00:00,33.70887,84.56457599999999,0.7504,119.02384599999998
2018-07-15 15:00:00+00:00,40.307202000000004,88.264644,0.6103999999999999,129.182246
2018-07-15 16:00:00+00:00,54.651402,100.142132,0.43539999999999995,155.22893399999998
2018-07-15 17:00:00+00:00,49.917815999999995,109.8496,0.3514,160.118816
2018-07-15 18:00:00+00:00,22.233510000000003,82.637304,0.1946,105.06541399999999
2018-07-15 19:00:00+00:00,4.5901440000000004,42.387724,0.07139999999999999,47.049268
2018-07-15 20:00:00+00:00,0.43032600000000004,16.935964,0.013999999999999999,17.38029
2018-07-15 21:00:00+00:00,0.0,7.069116,0.0028,7.071916
2018-07-15 22:00:00+00:00,0.0,3.72704,0.0,3.72704
2018-07-15 23:00:00+00:00,0.14344200000000001,3.23664,0.0,3.380082
2018-07-16 00:00:00+00:00,0.28688400000000003,3.239092,0.0,3.525976
2018-07-16 01:00:00+00:00,0.43032600000000004,3.0429319999999995,0.0,3.4732579999999995
2018-07-16 02:00:00+00:00,0.7172099999999999,2.9473040000000004,0.0014,3.6659140000000003
2018-07-16 03:00:00+00:00,0.8606520000000001,2.2607440000000003,0.0014,3.122796
2018-07-16 04:00:00+00:00,0.28688400000000003,0.9832519999999999,0.0,1.270136
2018-07-16 05:00:00+00:00,0.0,0.9832519999999999,0.0,0.9832519999999999
2018-07-16 06:00:00+00:00,0.0,2.4667120000000002,0.0014,2.468112
2018-07-16 07:00:00+00:00,0.14344200000000001,7.618364,0.012599999999999998,7.774406
2018-07-16 08:00:00+00:00,3.0122820000000003,19.338924,0.0644,22.415605999999997
2018-07-16 09:00:00+00:00,12.049128000000001,35.843336,0.1876,48.08006400000001
2018-07-16 10:00:00+00:00,19.221228,47.549184,0.3906,67.161012
2018-07-16 11:00:00+00:00,21.085973999999997,55.368612,0.6033999999999999,77.05798599999999
2018-07-16 12:00:00+00:00,22.376952,59.213347999999996,0.7378,82.3281
2018-07-16 13:00:00+00:00,25.102349999999998,61.971848,0.7826000000000001,87.856798
2018-07-16 14:00:00+00:00,31.557239999999997,66.82925999999999,0.7448,99.13129999999998
2018-07-16 15:00:00+00:00,46.618649999999995,77.571472,0.6524,124.842522
2018-07-16 16:00:00+00:00,59.67187199999999,98.07019199999999,0.5418,158.28386399999997
2018-07-16 17:00:00+00:00,50.491583999999996,111.058436,0.4774,162.02741999999998
2018-07-16 18:00:00+00:00,25.102349999999998,95.86829599999999,0.29259999999999997,121.26324599999998
2018-07-16 19:00:00+00:00,6.885216000000001,63.41117200000001,0.16659999999999997,70.46298800000001
2018-07-16 20:00:00+00:00,1.004094,36.71624800000001,0.0952,37.81554200000001
2018-07-16 21:00:00+00:00,0.14344200000000001,21.673227999999998,0.055999999999999994,21.87267
2018-07-16 22:00:00+00:00,0.28688400000000003,15.354424,0.034999999999999996,15.676308
2018-07-16 23:00:00+00:00,0.8606520000000001,13.684612,0.0224,14.567663999999999
2018-07-17 00:00:00+00:00,1.290978,14.285352,0.013999999999999999,15.590329999999998
2018-07-17 01:00:00+00:00,1.4344199999999998,14.385883999999999,0.0084,15.828703999999998
2018-07-17 02:00:00+00:00,1.290978,13.002956000000001,0.0042,14.298134000000001
2018-07-17 03:00:00+00:00,0.8606520000000001,9.261204,0.0028,10.124656
2018-07-17 04:00:00+00:00,0.5737680000000001,5.718063999999999,0.0042,6.296031999999999
2018-07-17 05:00:00+00:00,0.0,5.8161439999999995,0.0056,5.821744
2018-07-17 06:00:00+00:00,0.0,3.54314,0.0056,3.54874
2018-07-17 07:00:00+00:00,0.0,2.8541279999999998,0.0168,2.8709279999999997
2018-07-17 08:00:00+00:00,0.14344200000000001,4.038444,0.061599999999999995,4.243486000000001
2018-07-17 09:00:00+00:00,0.7172099999999999,8.0916,0.1582,8.96701
2018-07-17 10:00:00+00:00,2.15163,15.621692,0.3276,18.100922
2018-07-17 11:00:00+00:00,7.028658000000001,26.550255999999997,0.5488,34.127714
2018-07-17 12:00:00+00:00,11.905686,36.782452000000006,0.7126,49.40073800000001
2018-07-17 13:00:00+00:00,14.3442,41.931652,0.7714,57.047252
2018-07-17 14:00:00+00:00,19.794996,45.695472,0.7322,66.22266800000001
2018-07-17 15:00:00+00:00,36.434267999999996,51.668544,0.6285999999999999,88.731412
2018-07-17 16:00:00+00:00,59.241546,74.952736,0.49279999999999996,134.68708199999998
2018-07-17 17:00:00+00:00,53.934191999999996,97.604312,0.41579999999999995,151.95430399999998
2018-07-17 18:00:00+00:00,25.245791999999998,85.98673600000001,0.24779999999999996,111.480328
2018-07-17 19:00:00+00:00,7.1721,55.616264,0.13999999999999999,62.928364
2018-07-17 20:00:00+00:00,1.004094,30.7113,0.0658,31.781194
2018-07-17 21:00:00+00:00,0.0,17.345447999999998,0.0322,17.377647999999997
2018-07-17 22:00:00+00:00,0.0,11.016836,0.0196,11.036436
2018-07-17 23:00:00+00:00,0.0,7.959192,0.012599999999999998,7.971792
2018-07-18 00:00:00+00:00,0.14344200000000001,6.186395999999999,0.006999999999999999,6.336837999999999
2018-07-18 01:00:00+00:00,0.14344200000000001,4.908904,0.0042,5.056546
2018-07-18 02:00:00+00:00,0.14344200000000001,3.337172,0.0028,3.483414
2018-07-18 03:00:00+00:00,0.14344200000000001,1.4711999999999998,0.0014,1.616042
2018-07-18 04:00:00+00:00,0.0,0.4904,0.0014,0.4918
2018-07-18 05:00:00+00:00,0.0,0.19616,0.0028,0.19896
2018-07-18 06:00:00+00:00,0.0,0.39232,0.0056,0.39792
2018-07-18 07:00:00+00:00,0.0,2.162664,0.0196,2.182264
2018-07-18 08:00:00+00:00,0.0,7.689472,0.049,7.738472000000001
2018-07-18 09:00:00+00:00,0.5737680000000001,22.452964,0.126,23.152732000000004
2018-07-18 10:00:00+00:00,5.737679999999999,45.388971999999995,0.28559999999999997,51.412251999999995
2018-07-18 11:00:00+00:00,13.913874,58.188412,0.511,72.61328599999999
2018-07-18 12:00:00+00:00,16.352388,63.22482,0.7028,80.280008
2018-07-18 13:00:00+00:00,20.08188,65.399744,0.7909999999999999,86.272624
2018-07-18 14:00:00+00:00,28.401516,68.094492,0.7714,97.267408
2018-07-18 15:00:00+00:00,43.749810000000004,70.333168,0.6482,114.731178
2018-07-18 16:00:00+00:00,57.663684,86.18534799999999,0.5362,144.385232
2018-07-18 17:00:00+00:00,48.77028,97.69994,0.49279999999999996,146.96301999999997
2018-07-18 18:00:00+00:00,22.807278,80.21718,0.34019999999999995,103.36465799999999
2018-07-18 19:00:00+00:00,7.1721,51.146268,0.19879999999999998,58.517168
2018-07-18 20:00:00+00:00,1.4344199999999998,29.122404000000003,0.10779999999999999,30.664624000000003
2018-07-18 21:00:00+00:00,0.14344200000000001,15.960068000000001,0.06019999999999999,16.16371
2018-07-18 22:00:00+00:00,0.14344200000000001,9.246492000000002,0.0322,9.422134000000002
2018-07-18 23:00:00+00:00,0.28688400000000003,6.782232,0.015399999999999999,7.084515999999999
2018-07-19 00:00:00+00:00,0.5737680000000001,6.291832,0.0084,6.8740000000000006
2018-07-19 01:00:00+00:00,1.1475360000000001,5.50474,0.0112,6.663476
2018-07-19 02:00:00+00:00,1.8647459999999998,4.42586,0.0196,6.310206
2018-07-19 03:00:00+00:00,2.15163,2.6579679999999994,0.0168,4.826397999999999
2018-07-19 04:00:00+00:00,1.004094,0.789544,0.013999999999999999,1.807638
2018-07-19 05:00:00+00:00,0.5737680000000001,0.296692,0.0336,0.90406
2018-07-19 06:00:00+00:00,0.5737680000000001,1.4810079999999999,0.077,2.131776
2018-07-19 07:00:00+00:00,2.15163,9.41568,0.14839999999999998,11.71571
2018-07-19 08:00:00+00:00,7.889309999999999,23.818728,0.25479999999999997,31.962837999999998
2018-07-19 09:00:00+00:00,19.508112,41.406924000000004,0.3794,61.294436
2018-07-19 10:00:00+00:00,26.393327999999997,56.192484,0.5319999999999999,83.117812
2018-07-19 11:00:00+00:00,31.270356,66.194192,0.7028,98.167348
2018-07-19 12:00:00+00:00,34.282638,69.045868,0.8455999999999999,104.17410600000001
2018-07-19 13:00:00+00:00,38.442456,69.12923599999999,0.9198,108.49149199999998
2018-07-19 14:00:00+00:00,48.77028,72.40756,0.9029999999999999,122.08084000000001
2018-07-19 15:00:00+00:00,70.28658,83.105636,0.749,154.14121600000001
2018-07-19 16:00:00+00:00,71.577558,109.464636,0.4634,181.505594
2018-07-19 17:00:00+00:00,33.70887,103.76128399999999,0.2646,137.73475399999998
2018-07-19 18:00:00+00:00,8.463078,60.557044,0.1316,69.151722
2018-07-19 19:00:00+00:00,1.1475360000000001,25.576811999999997,0.0462,26.770547999999994
2018-07-19 20:00:00+00:00,0.14344200000000001,11.239968,0.012599999999999998,11.39601
2018-07-19 21:00:00+00:00,0.14344200000000001,7.586487999999999,0.006999999999999999,7.736929999999999
2018-07-19 22:00:00+00:00,0.43032600000000004,8.280404,0.0084,8.719130000000002
2018-07-19 23:00:00+00:00,1.004094,11.149243999999998,0.0112,12.164537999999999
2018-07-20 00:00:00+00:00,1.4344199999999998,14.118616000000001,0.012599999999999998,15.565636000000001
2018-07-20 01:00:00+00:00,1.4344199999999998,15.2024,0.012599999999999998,16.64942
2018-07-20 02:00:00+00:00,1.5778619999999999,15.891411999999999,0.0112,17.480473999999997
2018-07-20 03:00:00+00:00,1.4344199999999998,13.331523999999998,0.0098,14.775743999999998
2018-07-20 04:00:00+00:00,2.438514,12.277163999999999,0.027999999999999997,14.743678
2018-07-20 05:00:00+00:00,6.7417739999999995,18.25514,0.06999999999999999,25.066914
2018-07-20 06:00:00+00:00,13.483547999999999,27.295664,0.12459999999999999,40.903812
2018-07-20 07:00:00+00:00,20.225322,39.589992,0.19879999999999998,60.014114
2018-07-20 08:00:00+00:00,30.696588,62.104256,0.315,93.115844
2018-07-20 09:00:00+00:00,40.307202000000004,79.95972,0.4522,120.71912200000001
2018-07-20 10:00:00+00:00,48.483396,88.490228,0.6075999999999999,137.581224
2018-07-20 11:00:00+00:00,60.389081999999995,97.435124,0.756,158.580206
2018-07-20 12:00:00+00:00,77.60212200000001,114.23867999999999,0.8567999999999999,192.697602
2018-07-20 13:00:00+00:00,88.647156,132.12847200000002,0.8959999999999999,221.671628
2018-07-20 14:00:00+00:00,86.925852,140.759512,0.8595999999999999,228.544964
2018-07-20 15:00:00+00:00,77.745564,140.44320399999998,0.7546,218.943368
2018-07-20 16:00:00+00:00,59.67187199999999,128.22734,0.5432,188.442412
2018-07-20 17:00:00+00:00,36.864594,103.753928,0.364,140.982522
2018-07-20 18:00:00+00:00,22.376952,85.13834399999999,0.2716,107.786896
2018-07-20 19:00:00+00:00,11.045034,59.318783999999994,0.1932,70.557018
2018-07-20 20:00:00+00:00,4.30326,40.158856,0.1498,44.611916
2018-07-20 21:00:00+00:00,1.7213040000000002,26.876372000000003,0.1316,28.729276000000002
2018-07-20 22:00:00+00:00,1.4344199999999998,20.82974,0.13019999999999998,22.39436
2018-07-20 23:00:00+00:00,1.8647459999999998,17.857916,0.13019999999999998,19.852862
2018-07-21 00:00:00+00:00,2.581956,15.089608,0.13019999999999998,17.801764
2018-07-21 01:00:00+00:00,3.2991659999999996,12.130044,0.12319999999999999,15.55241
2018-07-21 02:00:00+00:00,3.872934,8.974319999999999,0.11059999999999999,12.957854
2018-07-21 03:00:00+00:00,2.7253979999999998,5.325744,0.08679999999999999,8.137942
2018-07-21 04:00:00+00:00,1.290978,9.582416,0.12039999999999998,10.993794000000001
2018-07-21 05:00:00+00:00,4.733586,20.018128,0.12319999999999999,24.874914
2018-07-21 06:00:00+00:00,9.180288000000001,25.490992,0.13019999999999998,34.80148
2018-07-21 07:00:00+00:00,12.766338,30.448936000000003,0.1596,43.374874
2018-07-21 08:00:00+00:00,16.208946,37.880948000000004,0.22399999999999998,54.313894
2018-07-21 09:00:00+00:00,20.08188,46.600260000000006,0.3262,67.00834
2018-07-21 10:00:00+00:00,25.81956,55.925216,0.4662,82.210976
2018-07-21 11:00:00+00:00,34.712964,67.34418,0.6188,102.67594399999999
2018-07-21 12:00:00+00:00,49.057164,81.36716799999999,0.7392,131.163532
2018-07-21 13:00:00+00:00,63.544806,95.201352,0.7895999999999999,159.53575800000002
2018-07-21 14:00:00+00:00,74.016072,107.044512,0.7728,181.833384
2018-07-21 15:00:00+00:00,74.016072,115.001252,0.6818,189.69912399999998
2018-07-21 16:00:00+00:00,58.237452000000005,114.07439599999998,0.518,172.829848
2018-07-21 17:00:00+00:00,36.864594,100.2868,0.39479999999999993,137.54619399999999
2018-07-21 18:00:00+00:00,21.946626,74.329928,0.31779999999999997,96.594354
2018-07-21 19:00:00+00:00,12.622895999999999,52.39924,0.23099999999999998,65.253136
2018-07-21 20:00:00+00:00,6.885216000000001,36.431816000000005,0.1764,43.493432000000006
2018-07-21 21:00:00+00:00,4.30326,29.58338,0.147,34.03364
2018-07-21 22:00:00+00:00,2.8688399999999996,27.285855999999995,0.13299999999999998,30.287695999999993
2018-07-21 23:00:00+00:00,1.5778619999999999,24.390044,0.13299999999999998,26.100906
2018-07-22 00:00:00+00:00,0.8606520000000001,20.613964000000003,0.1316,21.606216000000003
2018-07-22 01:00:00+00:00,0.5737680000000001,17.639688,0.12039999999999998,18.333856
2018-07-22 02:00:00+00:00,0.7172099999999999,16.752064,0.11059999999999999,17.579874000000004
2018-07-22 03:00:00+00:00,1.004094,13.912648,0.0896,15.006342000000002
2018-07-22 04:00:00+00:00,3.4426080000000003,20.471748,0.0812,23.995556
2018-07-22 05:00:00+00:00,5.594238,22.884516,0.06999999999999999,28.548754000000002
2018-07-22 06:00:00+00:00,6.7417739999999995,20.045099999999998,0.07139999999999999,26.858273999999998
2018-07-22 07:00:00+00:00,4.1598180000000005,13.294743999999998,0.08259999999999999,17.537162
2018-07-22 08:00:00+00:00,2.15163,7.333931999999999,0.12319999999999999,9.608761999999999
2018-07-22 09:00:00+00:00,3.58605,11.205639999999999,0.2394,15.031089999999999
2018-07-22 10:00:00+00:00,11.762244,26.108896,0.4648,38.33594
2018-07-22 11:00:00+00:00,17.21304,38.42284,0.7223999999999999,56.35828
2018-07-22 12:00:00+00:00,24.241698,50.722072000000004,0.8862,75.84997000000001
2018-07-22 13:00:00+00:00,37.725246,64.61755600000001,0.945,103.287802
2018-07-22 14:00:00+00:00,64.118574,83.703924,0.9282,148.750698
2018-07-22 15:00:00+00:00,82.335708,106.495264,0.8413999999999999,189.672372
2018-07-22 16:00:00+00:00,65.26611,117.00943999999998,0.6103999999999999,182.88594999999998
2018-07-22 17:00:00+00:00,30.696588,101.07879600000001,0.3808,132.156184
2018-07-22 18:00:00+00:00,14.487642,69.421024,0.2352,84.143866
2018-07-22 19:00:00+00:00,5.02047,42.328875999999994,0.15259999999999999,47.501946
2018-07-22 20:00:00+00:00,1.4344199999999998,26.180003999999997,0.10079999999999999,27.715223999999996
2018-07-22 21:00:00+00:00,1.004094,20.425159999999998,0.077,21.506254
2018-07-22 22:00:00+00:00,2.008188,19.326664,0.0672,21.402052
2018-07-22 23:00:00+00:00,3.872934,19.917596,0.06999999999999999,23.86053
2018-07-23 00:00:00+00:00,6.168005999999999,21.106816000000002,0.077,27.351822000000002
2018-07-23 01:00:00+00:00,8.032752,21.310332,0.08679999999999999,29.429883999999998
2018-07-23 02:00:00+00:00,9.467172,21.217156000000003,0.10219999999999999,30.786528
2018-07-23 03:00:00+00:00,7.745868,16.879568,0.08679999999999999,24.712236
2018-07-23 04:00:00+00:00,4.733586,14.712,0.0672,19.512786
2018-07-23 05:00:00+00:00,5.163912,26.895988000000003,0.0476,32.1075
2018-07-23 06:00:00+00:00,5.4507959999999995,32.17023999999999,0.05179999999999999,37.67283599999999
2018-07-23 07:00:00+00:00,8.463078,34.077896,0.077,42.617974000000004
2018-07-23 08:00:00+00:00,12.90978,36.87808,0.1568,49.94465999999999
2018-07-23 09:00:00+00:00,17.499924,42.848699999999994,0.33039999999999997,60.67902399999999
2018-07-23 10:00:00+00:00,24.241698,51.793595999999994,0.595,76.63029399999999
2018-07-23 11:00:00+00:00,34.139196,65.115312,0.8413999999999999,100.095908
2018-07-23 12:00:00+00:00,49.487489999999994,83.596036,0.9757999999999999,134.059326
2018-07-23 13:00:00+00:00,71.577558,103.97215600000001,0.9995999999999999,176.54931399999998
2018-07-23 14:00:00+00:00,91.65943800000001,125.647836,0.9156,218.22287400000002
2018-07-23 15:00:00+00:00,85.491432,134.472584,0.7083999999999999,220.67241600000003
2018-07-23 16:00:00+00:00,46.331766,117.703356,0.45499999999999996,164.490122
2018-07-23 17:00:00+00:00,16.352388,82.42398,0.3094,99.085768
2018-07-23 18:00:00+00:00,3.7294919999999996,41.026863999999996,0.16519999999999999,44.921555999999995
2018-07-23 19:00:00+00:00,0.28688400000000003,14.388335999999999,0.07419999999999999,14.749419999999999
2018-07-23 20:00:00+00:00,0.14344200000000001,3.6338640000000004,0.036399999999999995,3.8137060000000003
2018-07-23 21:00:00+00:00,0.7172099999999999,2.062132,0.0224,2.801742
2018-07-23 22:00:00+00:00,2.15163,2.753596,0.0196,4.9248259999999995
2018-07-23 23:00:00+00:00,3.872934,4.1365240000000005,0.0238,8.033258
2018-07-24 00:00:00+00:00,5.307353999999999,5.916676,0.034999999999999996,11.25903
2018-07-24 01:00:00+00:00,6.598331999999999,7.995972,0.0532,14.647504
2018-07-24 02:00:00+00:00,7.889309999999999,9.680496000000002,0.0756,17.645406
2018-07-24 03:00:00+00:00,9.180288000000001,9.592224,0.0812,18.853711999999998
2018-07-24 04:00:00+00:00,7.6024259999999995,4.6588,0.05039999999999999,12.311626
2018-07-24 05:00:00+00:00,5.163912,1.785056,0.0392,6.988168
2018-07-24 06:00:00+00:00,3.58605,3.472032,0.0378,7.0958820000000005
2018-07-24 07:00:00+00:00,5.594238,11.632287999999999,0.061599999999999995,17.288126
2018-07-24 08:00:00+00:00,14.917967999999998,27.651204,0.10919999999999999,42.678371999999996
2018-07-24 09:00:00+00:00,22.090068,45.818072,0.1946,68.10274
2018-07-24 10:00:00+00:00,25.81956,64.14432,0.3234,90.28728
2018-07-24 11:00:00+00:00,31.126914,80.982204,0.4718,112.580918
2018-07-24 12:00:00+00:00,39.159666,96.346436,0.6188,136.124902
2018-07-24 13:00:00+00:00,49.917815999999995,108.557396,0.7644,159.239612
2018-07-24 14:00:00+00:00,63.401363999999994,118.201112,0.868,182.470476
2018-07-24 15:00:00+00:00,68.708718,119.919964,0.8413999999999999,189.470082
2018-07-24 16:00:00+00:00,58.094010000000004,121.02336399999999,0.6103999999999999,179.72777399999998
2018-07-24 17:00:00+00:00,32.848218,110.018788,0.42,143.287006
2018-07-24 18:00:00+00:00,10.471265999999998,79.15056,0.2198,89.841626
2018-07-24 19:00:00+00:00,1.4344199999999998,46.65420399999999,0.0644,48.153023999999995
2018-07-24 20:00:00+00:00,0.7172099999999999,25.250696,0.013999999999999999,25.981906000000002
2018-07-24 21:00:00+00:00,0.7172099999999999,13.9764,0.013999999999999999,14.707609999999999
2018-07-24 22:00:00+00:00,0.5737680000000001,8.449591999999999,0.0224,9.045759999999998
2018-07-24 23:00:00+00:00,0.5737680000000001,5.399304,0.0322,6.005272
2018-07-25 00:00:00+00:00,0.5737680000000001,3.7294919999999996,0.043399999999999994,4.34666
2018-07-25 01:00:00+00:00,0.7172099999999999,2.846772,0.06019999999999999,3.6241820000000002
2018-07-25 02:00:00+00:00,1.004094,2.062132,0.06999999999999999,3.136226
2018-07-25 03:00:00+00:00,1.4344199999999998,1.081332,0.07139999999999999,2.587152
2018-07-25 04:00:00+00:00,1.004094,0.296692,0.0196,1.320386
2018-07-25 05:00:00+00:00,0.43032600000000004,0.7919959999999999,0.0196,1.241922
2018-07-25 06:00:00+00:00,1.7213040000000002,1.689428,0.054599999999999996,3.4653320000000005
2018-07-25 07:00:00+00:00,3.872934,1.49572,0.105,5.473654
2018-07-25 08:00:00+00:00,7.6024259999999995,3.6951639999999997,0.1876,11.48519
2018-07-25 09:00:00+00:00,14.631084,12.772468,0.3374,27.740951999999997
2018-07-25 10:00:00+00:00,22.663836,26.003460000000004,0.5922,49.259496000000006
2018-07-25 11:00:00+00:00,31.270356,43.57204,0.8792,75.721596
2018-07-25 12:00:00+00:00,41.74162199999999,59.519847999999996,1.0654,102.32686999999999
2018-07-25 13:00:00+00:00,59.241546,71.909804,1.1144,132.26574999999997
2018-07-25 14:00:00+00:00,81.61849799999999,84.25072,1.043,166.912218
2018-07-25 15:00:00+00:00,76.02426,93.632072,0.7826000000000001,170.438932
2018-07-25 16:00:00+00:00,40.73752799999999,98.543428,0.43119999999999997,139.712156
2018-07-25 17:00:00+00:00,14.200758,71.36300800000001,0.2338,85.79756600000002
2018-07-25 18:00:00+00:00,4.5901440000000004,36.186616,0.0966,40.873360000000005
2018-07-25 19:00:00+00:00,1.1475360000000001,14.214243999999999,0.0238,15.38558
2018-07-25 20:00:00+00:00,0.28688400000000003,6.019659999999999,0.006999999999999999,6.3135439999999985
2018-07-25 21:00:00+00:00,0.43032600000000004,4.845152,0.0098,5.285278
2018-07-25 22:00:00+00:00,0.8606520000000001,8.812488,0.018199999999999997,9.69134
2018-07-25 23:00:00+00:00,0.7172099999999999,11.973116000000001,0.015399999999999999,12.705726
2018-07-26 00:00:00+00:00,0.28688400000000003,11.558728000000002,0.006999999999999999,11.852612000000002
2018-07-26 01:00:00+00:00,0.28688400000000003,11.35276,0.0014,11.641044
2018-07-26 02:00:00+00:00,0.5737680000000001,11.546467999999999,0.0,12.120235999999998
2018-07-26 03:00:00+00:00,0.7172099999999999,11.350307999999998,0.0,12.067517999999998
2018-07-26 04:00:00+00:00,0.8606520000000001,8.601616,0.0084,9.470668
2018-07-26 05:00:00+00:00,2.581956,12.183988,0.0406,14.806543999999999
2018-07-26 06:00:00+00:00,5.307353999999999,22.786436000000002,0.1162,28.20999
2018-07-26 07:00:00+00:00,8.893403999999999,34.764456,0.2268,43.88466
2018-07-26 08:00:00+00:00,14.917967999999998,47.948859999999996,0.36819999999999997,63.235028
2018-07-26 09:00:00+00:00,21.946626,62.528452,0.5642,85.039278
2018-07-26 10:00:00+00:00,30.983472,73.439852,0.7322,105.15552400000001
2018-07-26 11:00:00+00:00,40.307202000000004,79.895968,0.8623999999999999,121.06557
2018-07-26 12:00:00+00:00,51.495678,86.37169999999999,0.9282,138.79557799999998
2018-07-26 13:00:00+00:00,69.28248599999999,98.33746,0.9057999999999999,168.52574599999997
2018-07-26 14:00:00+00:00,82.766034,117.14184799999998,0.8077999999999999,200.71568199999996
2018-07-26 15:00:00+00:00,73.15542,134.30339600000002,0.6145999999999999,208.073416
2018-07-26 16:00:00+00:00,42.17194799999999,122.21994,0.3864,164.778288
2018-07-26 17:00:00+00:00,19.794996,87.286296,0.2632,107.34449199999999
2018-07-26 18:00:00+00:00,10.614707999999998,58.472843999999995,0.16519999999999999,69.25275199999999
2018-07-26 19:00:00+00:00,4.446701999999999,37.06933600000001,0.09939999999999999,41.61543800000001
2018-07-26 20:00:00+00:00,1.4344199999999998,23.813824,0.0574,25.305644
2018-07-26 21:00:00+00:00,0.7172099999999999,20.658099999999997,0.049,21.42431
2018-07-26 22:00:00+00:00,0.7172099999999999,22.144012,0.05179999999999999,22.913022
2018-07-26 23:00:00+00:00,0.5737680000000001,21.344659999999998,0.049,21.967427999999998
2018-07-27 00:00:00+00:00,0.28688400000000003,20.643388,0.0336,20.963872000000002
2018-07-27 01:00:00+00:00,0.14344200000000001,19.547344,0.0168,19.707586
2018-07-27 02:00:00+00:00,0.28688400000000003,18.453751999999998,0.006999999999999999,18.747636
2018-07-27 03:00:00+00:00,0.14344200000000001,13.907744000000001,0.0028,14.053986000000002
2018-07-27 04:00:00+00:00,0.0,14.327036,0.013999999999999999,14.341035999999999
2018-07-27 05:00:00+00:00,1.8647459999999998,22.080260000000003,0.018199999999999997,23.963206000000003
2018-07-27 06:00:00+00:00,6.024564000000001,29.833484,0.0322,35.890248
2018-07-27 07:00:00+00:00,11.331918,37.684788,0.07279999999999999,49.089506
2018-07-27 08:00:00+00:00,16.208946,47.89982,0.1512,64.259966
2018-07-27 09:00:00+00:00,21.372858,61.074416,0.2688,82.71607399999999
2018-07-27 10:00:00+00:00,26.53677,70.96823599999999,0.41019999999999995,97.915206
2018-07-27 11:00:00+00:00,35.286732,79.89842,0.5516,115.736752
2018-07-27 12:00:00+00:00,47.33586,89.647572,0.6496,137.633032
2018-07-27 13:00:00+00:00,61.393176,100.40449600000001,0.6958,162.493472
2018-07-27 14:00:00+00:00,67.274298,109.37146,0.6986,177.344358
2018-07-27 15:00:00+00:00,61.966944,112.257464,0.6552,174.879608
2018-07-27 16:00:00+00:00,49.917815999999995,107.57169199999998,0.5082,157.99770799999996
2018-07-27 17:00:00+00:00,34.569522,93.42610400000001,0.34719999999999995,128.342826
2018-07-27 18:00:00+00:00,19.938438,73.356484,0.24079999999999996,93.53572199999999
2018-07-27 19:00:00+00:00,9.754056,55.474048,0.1722,65.400304
2018-07-27 20:00:00+00:00,3.7294919999999996,44.253696000000005,0.12179999999999998,48.104988000000006
2018-07-27 21:00:00+00:00,1.4344199999999998,37.084047999999996,0.10219999999999999,38.620668
2018-07-27 22:00:00+00:00,0.8606520000000001,33.39624,0.10219999999999999,34.359092000000004
2018-07-27 23:00:00+00:00,0.8606520000000001,33.08974,0.10779999999999999,34.058192
2018-07-28 00:00:00+00:00,0.7172099999999999,31.890712,0.10779999999999999,32.715722
2018-07-28 01:00:00+00:00,0.5737680000000001,26.638528,0.1148,27.327096
2018-07-28 02:00:00+00:00,0.43032600000000004,19.414936,0.119,19.964262
2018-07-28 03:00:00+00:00,0.28688400000000003,11.723011999999999,0.10919999999999999,12.119095999999999
2018-07-28 04:00:00+00:00,1.004094,18.37774,0.14559999999999998,19.527434
2018-07-28 05:00:00+00:00,5.307353999999999,28.227424,0.1862,33.720977999999995
2018-07-28 06:00:00+00:00,9.180288000000001,28.470172,0.2198,37.87026
2018-07-28 07:00:00+00:00,12.336011999999998,26.319768000000003,0.2702,38.92598
2018-07-28 08:00:00+00:00,14.631084,22.364691999999998,0.35559999999999997,37.351376
2018-07-28 09:00:00+00:00,16.208946,20.971956,0.4788,37.659702
2018-07-28 10:00:00+00:00,20.225322,30.20864,0.6145999999999999,51.048562
2018-07-28 11:00:00+00:00,26.967095999999998,45.28844,0.7322,72.98773600000001
2018-07-28 12:00:00+00:00,40.020318,61.174948,0.8077999999999999,102.003066
2018-07-28 13:00:00+00:00,59.098104,81.543712,0.8497999999999999,141.491616
2018-07-28 14:00:00+00:00,77.60212200000001,106.89003600000001,0.868,185.360158
2018-07-28 15:00:00+00:00,79.753752,129.423916,0.819,209.99666799999997
2018-07-28 16:00:00+00:00,64.692342,130.94906,0.6314,196.272802
2018-07-28 17:00:00+00:00,48.05307,111.71312,0.39759999999999995,160.16379
2018-07-28 18:00:00+00:00,32.417892,88.752592,0.2716,121.44208400000002
2018-07-28 19:00:00+00:00,17.069598,63.51415600000001,0.20019999999999996,80.783954
2018-07-28 20:00:00+00:00,8.60652,46.33054,0.1582,55.09526
2018-07-28 21:00:00+00:00,4.5901440000000004,36.103248,0.1582,40.851592000000004
2018-07-28 22:00:00+00:00,3.2991659999999996,32.229088000000004,0.175,35.703254
2018-07-28 23:00:00+00:00,3.0122820000000003,31.33656,0.19879999999999998,34.547641999999996
2018-07-29 00:00:00+00:00,2.8688399999999996,32.224184,0.21,35.303024
2018-07-29 01:00:00+00:00,2.581956,29.652036000000003,0.21559999999999999,32.449592
2018-07-29 02:00:00+00:00,2.438514,25.103575999999997,0.20159999999999997,27.743689999999997
2018-07-29 03:00:00+00:00,2.15163,20.653196,0.1498,22.954626
2018-07-29 04:00:00+00:00,3.0122820000000003,22.05574,0.1638,25.231821999999998
2018-07-29 05:00:00+00:00,4.733586,22.590276000000003,0.13299999999999998,27.456862
2018-07-29 06:00:00+00:00,4.733586,15.589815999999999,0.1176,20.441001999999997
2018-07-29 07:00:00+00:00,2.8688399999999996,3.091972,0.13299999999999998,6.093812
2018-07-29 08:00:00+00:00,2.2950720000000002,0.500208,0.1904,2.98568
2018-07-29 09:00:00+00:00,3.7294919999999996,1.093592,0.2954,5.118484
2018-07-29 10:00:00+00:00,7.315542,5.5586839999999995,0.44099999999999995,13.315226000000001
2018-07-29 11:00:00+00:00,12.622895999999999,19.65278,0.5838,32.859475999999994
2018-07-29 12:00:00+00:00,18.217133999999998,36.238108,0.6761999999999999,55.131442
2018-07-29 13:00:00+00:00,22.807278,42.772688,0.714,66.293966
2018-07-29 14:00:00+00:00,32.417892,49.118464,0.6971999999999999,82.23355600000001
2018-07-29 15:00:00+00:00,47.909628000000005,58.754824,0.63,107.294452
2018-07-29 16:00:00+00:00,58.81122,85.76360399999999,0.4871999999999999,145.06202399999998
2018-07-29 17:00:00+00:00,45.040788,96.43716,0.3248,141.802748
2018-07-29 18:00:00+00:00,25.102349999999998,77.39492800000001,0.2254,102.722678
2018-07-29 19:00:00+00:00,11.762244,51.751912000000004,0.13999999999999999,63.65415600000001
2018-07-29 20:00:00+00:00,5.02047,32.417892,0.08679999999999999,37.525162
2018-07-29 21:00:00+00:00,2.008188,21.030804,0.061599999999999995,23.100592
2018-07-29 22:00:00+00:00,0.5737680000000001,15.984587999999999,0.0448,16.603156
2018-07-29 23:00:00+00:00,0.14344200000000001,12.713619999999999,0.0322,12.889261999999999
2018-07-30 00:00:00+00:00,0.0,10.038488,0.025199999999999997,10.063687999999999
2018-07-30 01:00:00+00:00,0.0,7.174552,0.030799999999999998,7.205352
2018-07-30 02:00:00+00:00,0.14344200000000001,4.418503999999999,0.034999999999999996,4.596945999999999
2018-07-30 03:00:00+00:00,0.14344200000000001,2.160212,0.034999999999999996,2.338654
2018-07-30 04:00:00+00:00,0.14344200000000001,2.5623400000000003,0.041999999999999996,2.747782
2018-07-30 05:00:00+00:00,1.4344199999999998,6.144712,0.0378,7.616931999999999
2018-07-30 06:00:00+00:00,4.30326,9.834972,0.0406,14.178832
2018-07-30 07:00:00+00:00,6.7417739999999995,15.09206,0.06019999999999999,21.894033999999998
2018-07-30 08:00:00+00:00,11.618802,24.517547999999998,0.10079999999999999,36.23715
2018-07-30 09:00:00+00:00,15.922062,35.338224,0.16659999999999997,51.426885999999996
2018-07-30 10:00:00+00:00,19.36467,45.560612,0.2716,65.196882
2018-07-30 11:00:00+00:00,22.376952,53.397204,0.41859999999999997,76.192756
2018-07-30 12:00:00+00:00,24.672023999999997,58.63958,0.574,83.885604
2018-07-30 13:00:00+00:00,27.25398,61.106291999999996,0.6789999999999999,89.039272
2018-07-30 14:00:00+00:00,32.99166,63.87705199999999,0.707,97.57571199999998
2018-07-30 15:00:00+00:00,46.475208,72.61598000000001,0.63,119.72118800000001
2018-07-30 16:00:00+00:00,61.106291999999996,96.86871199999999,0.44939999999999997,158.42440399999998
2018-07-30 17:00:00+00:00,47.048976,105.08045999999999,0.29819999999999997,152.427636
2018-07-30 18:00:00+00:00,20.225322,78.98872800000001,0.19879999999999998,99.41285000000002
2018-07-30 19:00:00+00:00,6.168005999999999,44.815203999999994,0.10219999999999999,51.085409999999996
2018-07-30 20:00:00+00:00,1.1475360000000001,23.009568,0.043399999999999994,24.200504
2018-07-30 21:00:00+00:00,0.0,12.318848,0.0196,12.338448
2018-07-30 22:00:00+00:00,0.0,8.268144,0.0098,8.277944
2018-07-30 23:00:00+00:00,0.0,6.983295999999999,0.0056,6.9888959999999996
2018-07-31 00:00:00+00:00,0.14344200000000001,6.095672,0.0042,6.243314000000001
2018-07-31 01:00:00+00:00,0.43032600000000004,4.9138079999999995,0.0056,5.349734
2018-07-31 02:00:00+00:00,0.7172099999999999,3.6338640000000004,0.0084,4.3594740000000005
2018-07-31 03:00:00+00:00,1.290978,2.2607440000000003,0.012599999999999998,3.564322
2018-07-31 04:00:00+00:00,1.004094,2.46426,0.025199999999999997,3.4935539999999996
2018-07-31 05:00:00+00:00,3.4426080000000003,8.817392,0.041999999999999996,12.302
2018-07-31 06:00:00+00:00,8.463078,15.881604000000001,0.0588,24.403482
2018-07-31 07:00:00+00:00,12.049128000000001,21.239224,0.08399999999999999,33.37235200000001
2018-07-31 08:00:00+00:00,15.204851999999999,28.872300000000003,0.1386,44.215751999999995
2018-07-31 09:00:00+00:00,18.790902,39.283491999999995,0.21839999999999998,58.292794
2018-07-31 10:00:00+00:00,22.520394,50.687743999999995,0.3444,73.55253799999998
2018-07-31 11:00:00+00:00,26.680212,60.902776,0.5067999999999999,88.089788
2018-07-31 12:00:00+00:00,31.270356,67.94246799999999,0.6496,99.86242399999999
2018-07-31 13:00:00+00:00,37.438362000000005,72.7018,0.728,110.868162
2018-07-31 14:00:00+00:00,49.917815999999995,81.24702,0.7322,131.897036
2018-07-31 15:00:00+00:00,64.97922600000001,92.803296,0.6384,158.42092200000002
2018-07-31 16:00:00+00:00,63.975132,107.22596,0.4592,171.66029200000003
2018-07-31 17:00:00+00:00,40.307202000000004,106.176504,0.322,146.805706
2018-07-31 18:00:00+00:00,16.926156,75.114568,0.217,92.25772400000001
2018-07-31 19:00:00+00:00,5.02047,41.151916,0.12459999999999999,46.296986000000004
2018-07-31 20:00:00+00:00,0.7172099999999999,20.73166,0.06019999999999999,21.50907
2018-07-31 21:00:00+00:00,0.14344200000000001,12.022156,0.0322,12.197798
2018-07-31 22:00:00+00:00,0.14344200000000001,10.931016,0.020999999999999998,11.095458
2018-07-31 23:00:00+00:00,0.5737680000000001,12.703812000000001,0.015399999999999999,13.29298
2018-08-01 00:00:00+00:00,1.4344199999999998,14.67522,0.013999999999999999,16.123639999999998
2018-08-01 01:00:00+00:00,2.7253979999999998,15.663376,0.012599999999999998,18.401373999999997
2018-08-01 02:00:00+00:00,3.7294919999999996,15.474571999999998,0.013999999999999999,19.218064
2018-08-01 03:00:00+00:00,4.016376,12.728331999999998,0.013999999999999999,16.758708
2018-08-01 04:00:00+00:00,2.438514,14.324584000000002,0.0266,16.789698
2018-08-01 05:00:00+00:00,5.737679999999999,39.003963999999996,0.0336,44.775243999999994
2018-08-01 06:00:00+00:00,13.340106,61.768332,0.05179999999999999,75.160238
2018-08-01 07:00:00+00:00,20.655648,75.68833599999999,0.0966,96.44058399999999
2018-08-01 08:00:00+00:00,28.258074,88.507392,0.1722,116.93766600000001
2018-08-01 09:00:00+00:00,36.434267999999996,100.921868,0.301,137.65713599999998
2018-08-01 10:00:00+00:00,47.33586,114.228872,0.4885999999999999,162.05333199999998
2018-08-01 11:00:00+00:00,61.536618,128.146424,0.6719999999999999,190.355042
2018-08-01 12:00:00+00:00,77.171796,141.26952799999998,0.7812,219.222524
2018-08-01 13:00:00+00:00,86.925852,150.508664,0.7923999999999999,238.22691600000002
2018-08-01 14:00:00+00:00,84.91766399999999,153.97334,0.7462,239.637204
2018-08-01 15:00:00+00:00,73.011978,150.378708,0.6482,224.038886
2018-08-01 16:00:00+00:00,50.92191,128.80846400000001,0.49699999999999994,180.22737400000003
2018-08-01 17:00:00+00:00,30.266261999999998,95.127792,0.36819999999999997,125.762254
2018-08-01 18:00:00+00:00,17.21304,66.714016,0.26739999999999997,84.19445599999999
2018-08-01 19:00:00+00:00,8.60652,44.47928,0.1918,53.27760000000001
2018-08-01 20:00:00+00:00,4.1598180000000005,31.285068,0.14279999999999998,35.587686
2018-08-01 21:00:00+00:00,2.7253979999999998,26.805264,0.119,29.649662
2018-08-01 22:00:00+00:00,2.7253979999999998,26.881276,0.105,29.711674
2018-08-01 23:00:00+00:00,3.4426080000000003,29.034132,0.0966,32.57334
2018-08-02 00:00:00+00:00,4.5901440000000004,31.493488,0.0966,36.180232000000004
2018-08-02 01:00:00+00:00,5.307353999999999,32.28058,0.1176,37.705534
2018-08-02 02:00:00+00:00,6.168005999999999,31.191891999999996,0.16799999999999998,37.52789799999999
2018-08-02 03:00:00+00:00,6.024564000000001,23.203275999999995,0.1582,29.386039999999998
2018-08-02 04:00:00+00:00,9.036846,37.800032,0.28559999999999997,47.122478
2018-08-02 05:00:00+00:00,17.786807999999997,65.294308,0.3136,83.39471599999999
2018-08-02 06:00:00+00:00,24.958907999999997,72.09860800000001,0.2716,97.32911600000001
2018-08-02 07:00:00+00:00,29.835935999999997,73.736544,0.25479999999999997,103.82727999999999
2018-08-02 08:00:00+00:00,34.139196,76.546536,0.28559999999999997,110.971332
2018-08-02 09:00:00+00:00,42.17194799999999,87.678616,0.378,130.22856399999998
2018-08-02 10:00:00+00:00,54.794844000000005,106.14708,0.518,161.459924
2018-08-02 11:00:00+00:00,71.00379,127.60208,0.6649999999999999,199.27086999999997
2018-08-02 12:00:00+00:00,85.34799,145.675772,0.7881999999999999,231.81196199999997
2018-08-02 13:00:00+00:00,91.372554,157.092284,0.8315999999999999,249.296438
2018-08-02 14:00:00+00:00,88.647156,160.52613200000002,0.8035999999999999,249.976888
2018-08-02 15:00:00+00:00,77.88900600000001,156.56510400000002,0.6958,235.14991
2018-08-02 16:00:00+00:00,58.81122,139.45259600000003,0.5222,198.78601600000002
2018-08-02 17:00:00+00:00,38.01213,108.250896,0.364,146.627026
2018-08-02 18:00:00+00:00,20.79909,71.69648000000001,0.2646,92.76017000000002
2018-08-02 19:00:00+00:00,10.614707999999998,48.73349999999999,0.2128,59.561007999999994
2018-08-02 20:00:00+00:00,6.168005999999999,34.725224,0.1876,41.08083
2018-08-02 21:00:00+00:00,5.02047,28.860039999999998,0.1848,34.065310000000004
2018-08-02 22:00:00+00:00,4.877028,28.158768000000002,0.1722,33.207996
2018-08-02 23:00:00+00:00,6.168005999999999,32.224184,0.14559999999999998,38.53779
2018-08-03 00:00:00+00:00,6.885216000000001,38.572412,0.13999999999999999,45.597628
2018-08-03 01:00:00+00:00,6.3114479999999995,40.749788,0.12179999999999998,47.183036
2018-08-03 02:00:00+00:00,6.598331999999999,42.750620000000005,0.11199999999999999,49.460952000000006
2018-08-03 03:00:00+00:00,6.3114479999999995,43.1552,0.08399999999999999,49.550648
2018-08-03 04:00:00+00:00,6.598331999999999,38.71217599999999,0.08259999999999999,45.39310799999999
2018-08-03 05:00:00+00:00,6.885216000000001,33.195176000000004,0.0812,40.161592000000006
2018-08-03 06:00:00+00:00,7.458983999999999,23.512228,0.10359999999999998,31.074812
2018-08-03 07:00:00+00:00,5.594238,14.395691999999999,0.1624,20.15233
2018-08-03 08:00:00+00:00,4.016376,5.857828,0.27299999999999996,10.147203999999999
2018-08-03 09:00:00+00:00,7.458983999999999,6.568908,0.4326,14.460492
2018-08-03 10:00:00+00:00,16.926156,20.704687999999997,0.6005999999999999,38.231443999999996
2018-08-03 11:00:00+00:00,24.958907999999997,40.050968,0.7462,65.756076
2018-08-03 12:00:00+00:00,38.442456,59.887648,0.8287999999999999,99.158904
2018-08-03 13:00:00+00:00,58.094010000000004,83.022268,0.8357999999999999,141.952078
2018-08-03 14:00:00+00:00,76.884912,107.167112,0.7868,184.83882400000002
2018-08-03 15:00:00+00:00,79.46686800000002,125.5424,0.6986,205.70786800000002
2018-08-03 16:00:00+00:00,53.07354,121.01110399999999,0.5012,174.585844
2018-08-03 17:00:00+00:00,26.106444,91.131032,0.287,117.524476
2018-08-03 18:00:00+00:00,12.336011999999998,58.239903999999996,0.1638,70.73971599999999
2018-08-03 19:00:00+00:00,4.733586,33.741972000000004,0.10079999999999999,38.576358000000006
2018-08-03 20:00:00+00:00,1.4344199999999998,19.177092000000002,0.061599999999999995,20.673112
2018-08-03 21:00:00+00:00,1.004094,12.64006,0.043399999999999994,13.687554
2018-08-03 22:00:00+00:00,1.1475360000000001,10.462684,0.034999999999999996,11.64522
2018-08-03 23:00:00+00:00,1.5778619999999999,10.462684,0.0336,12.074145999999999
2018-08-04 00:00:00+00:00,1.7213040000000002,11.252228,0.0392,13.012732
2018-08-04 01:00:00+00:00,1.5778619999999999,11.448388,0.0476,13.073849999999998
2018-08-04 02:00:00+00:00,1.4344199999999998,10.754472000000002,0.05179999999999999,12.240692000000001
2018-08-04 03:00:00+00:00,1.290978,9.376448,0.0406,10.708025999999998
2018-08-04 04:00:00+00:00,1.7213040000000002,5.73768,0.0392,7.498184
2018-08-04 05:00:00+00:00,2.008188,1.096044,0.036399999999999995,3.140632
2018-08-04 06:00:00+00:00,0.43032600000000004,0.198612,0.034999999999999996,0.663938
2018-08-04 07:00:00+00:00,0.0,0.296692,0.030799999999999998,0.327492
2018-08-04 08:00:00+00:00,0.14344200000000001,1.284848,0.05179999999999999,1.4800900000000001
2018-08-04 09:00:00+00:00,0.8606520000000001,5.65186,0.0966,6.609112
2018-08-04 10:00:00+00:00,3.7294919999999996,15.8767,0.17079999999999998,19.776992
2018-08-04 11:00:00+00:00,10.04094,31.37334,0.29679999999999995,41.711079999999995
2018-08-04 12:00:00+00:00,15.204851999999999,36.929572,0.4522,52.58662399999999
2018-08-04 13:00:00+00:00,16.065504,37.312084,0.588,53.965588000000004
2018-08-04 14:00:00+00:00,19.221228,37.802484,0.6636,57.687312000000006
2018-08-04 15:00:00+00:00,29.262168,44.648467999999994,0.6538,74.564436
2018-08-04 16:00:00+00:00,52.49977199999999,74.83503999999999,0.4941999999999999,127.82901199999999
2018-08-04 17:00:00+00:00,48.626838000000006,90.19927200000001,0.3136,139.13971000000004
2018-08-04 18:00:00+00:00,20.512206,70.93636,0.21,91.658566
2018-08-04 19:00:00+00:00,6.024564000000001,43.103708,0.1358,49.264072
2018-08-04 20:00:00+00:00,1.5778619999999999,24.583752,0.0644,26.226014
2018-08-04 21:00:00+00:00,0.5737680000000001,17.070824,0.027999999999999997,17.672592
2018-08-04 22:00:00+00:00,0.28688400000000003,15.096964,0.0112,15.395048000000001
2018-08-04 23:00:00+00:00,0.14344200000000001,14.506032000000001,0.0028,14.652274000000002
2018-08-05 00:00:00+00:00,0.14344200000000001,13.221184000000001,0.0,13.364626000000001
2018-08-05 01:00:00+00:00,0.14344200000000001,10.452876000000002,0.0,10.596318000000002
2018-08-05 02:00:00+00:00,0.14344200000000001,7.096088,0.0014,7.2409300000000005
2018-08-05 03:00:00+00:00,0.14344200000000001,2.95466,0.0014,3.0995019999999998
2018-08-05 04:00:00+00:00,0.0,0.492852,0.0042,0.497052
2018-08-05 05:00:00+00:00,0.0,0.0,0.0084,0.0084
2018-08-05 06:00:00+00:00,0.0,0.0,0.0168,0.0168
2018-08-05 07:00:00+00:00,0.0,0.4904,0.0392,0.5296
2018-08-05 08:00:00+00:00,0.0,2.9473040000000004,0.0938,3.0411040000000003
2018-08-05 09:00:00+00:00,0.5737680000000001,9.864396,0.1722,10.610363999999999
2018-08-05 10:00:00+00:00,5.02047,26.425204,0.2716,31.717274
2018-08-05 11:00:00+00:00,14.487642,46.298664,0.3906,61.176906
2018-08-05 12:00:00+00:00,19.077786,57.815708,0.4885999999999999,77.38209400000001
2018-08-05 13:00:00+00:00,22.950719999999997,57.693107999999995,0.5459999999999999,81.18982799999999
2018-08-05 14:00:00+00:00,34.282638,58.987764,0.5599999999999999,93.83040199999999
2018-08-05 15:00:00+00:00,58.81122,76.60783599999999,0.5529999999999999,135.97205599999998
2018-08-05 16:00:00+00:00,64.405458,108.802596,0.4606,173.668654
2018-08-05 17:00:00+00:00,39.016224,101.37303600000001,0.33319999999999994,140.72246
2018-08-05 18:00:00+00:00,20.08188,68.964952,0.2366,89.28343199999999
2018-08-05 19:00:00+00:00,10.471265999999998,42.473544000000004,0.16519999999999999,53.11001
2018-08-05 20:00:00+00:00,5.881122,28.595223999999998,0.09939999999999999,34.575746
2018-08-05 21:00:00+00:00,3.58605,25.817107999999998,0.07139999999999999,29.474558
2018-08-05 22:00:00+00:00,2.2950720000000002,29.968344000000002,0.06019999999999999,32.323616
2018-08-05 23:00:00+00:00,1.290978,33.619372,0.0392,34.94955
2018-08-06 00:00:00+00:00,0.5737680000000001,33.30306399999999,0.0294,33.906231999999996
2018-08-06 01:00:00+00:00,0.14344200000000001,30.218448000000002,0.020999999999999998,30.382890000000003
2018-08-06 02:00:00+00:00,0.14344200000000001,25.856340000000003,0.0112,26.010982000000002
2018-08-06 03:00:00+00:00,0.14344200000000001,17.561224000000003,0.0042,17.708866000000004
2018-08-06 04:00:00+00:00,0.0,9.378900000000002,0.0056,9.384500000000001
2018-08-06 05:00:00+00:00,0.28688400000000003,10.401384,0.015399999999999999,10.703668
2018-08-06 06:00:00+00:00,0.14344200000000001,1.488364,0.0406,1.672406
2018-08-06 07:00:00+00:00,0.14344200000000001,0.29914399999999997,0.077,0.519586
2018-08-06 08:00:00+00:00,0.43032600000000004,0.593384,0.13299999999999998,1.1567100000000001
2018-08-06 09:00:00+00:00,1.1475360000000001,2.174924,0.21839999999999998,3.54086
2018-08-06 10:00:00+00:00,4.016376,8.211748,0.34019999999999995,12.568324
2018-08-06 11:00:00+00:00,9.754056,27.739476000000003,0.48579999999999995,37.979332
2018-08-06 12:00:00+00:00,16.49583,48.483396,0.6103999999999999,65.589626
2018-08-06 13:00:00+00:00,23.66793,55.704536,0.6958,80.06826600000001
2018-08-06 14:00:00+00:00,40.88097,68.016028,0.7153999999999999,109.612398
2018-08-06 15:00:00+00:00,69.85625399999999,97.85196400000001,0.6496,168.35781799999998
2018-08-06 16:00:00+00:00,77.60212200000001,128.7913,0.4788,206.87222200000002
2018-08-06 17:00:00+00:00,48.77028,122.07282000000001,0.3066,171.1497
2018-08-06 18:00:00+00:00,22.807278,85.837164,0.1904,108.834842
2018-08-06 19:00:00+00:00,9.180288000000001,51.582724,0.10779999999999999,60.870812
2018-08-06 20:00:00+00:00,2.2950720000000002,32.552752,0.055999999999999994,34.90382399999999
2018-08-06 21:00:00+00:00,0.28688400000000003,22.14156,0.0392,22.467644
2018-08-06 22:00:00+00:00,0.0,15.499092000000001,0.036399999999999995,15.535492000000001
2018-08-06 23:00:00+00:00,0.0,11.536659999999998,0.034999999999999996,11.571659999999998
2018-08-07 00:00:00+00:00,0.14344200000000001,9.560348000000001,0.027999999999999997,9.731790000000002
2018-08-07 01:00:00+00:00,0.14344200000000001,9.0724,0.020999999999999998,9.236842000000001
2018-08-07 02:00:00+00:00,0.0,8.38584,0.015399999999999999,8.40124
2018-08-07 03:00:00+00:00,0.0,6.615495999999999,0.0112,6.626695999999999
2018-08-07 04:00:00+00:00,0.14344200000000001,3.467128,0.027999999999999997,3.63857
2018-08-07 05:00:00+00:00,0.28688400000000003,1.897848,0.0462,2.2309319999999997
2018-08-07 06:00:00+00:00,0.0,0.100532,0.06999999999999999,0.170532
2018-08-07 07:00:00+00:00,0.0,1.3804759999999998,0.105,1.4854759999999998
2018-08-07 08:00:00+00:00,0.43032600000000004,6.313899999999999,0.1694,6.913625999999999
2018-08-07 09:00:00+00:00,2.2950720000000002,16.011560000000003,0.2618,18.568432000000005
2018-08-07 10:00:00+00:00,7.1721,31.486132,0.3822,39.040431999999996
2018-08-07 11:00:00+00:00,15.922062,50.26599999999999,0.5306,66.718662
2018-08-07 12:00:00+00:00,23.094162,60.682095999999994,0.6663999999999999,84.442658
2018-08-07 13:00:00+00:00,34.569522,67.427548,0.7504,102.74747
2018-08-07 14:00:00+00:00,56.372706,84.44688,0.7644,141.58398599999998
2018-08-07 15:00:00+00:00,76.884912,111.306088,0.6958,188.8868
2018-08-07 16:00:00+00:00,70.716906,123.014388,0.49699999999999994,194.228294
2018-08-07 17:00:00+00:00,47.909628000000005,109.153232,0.3388,157.40166
2018-08-07 18:00:00+00:00,28.544958,82.909476,0.2618,111.71623399999999
2018-08-07 19:00:00+00:00,15.348294,55.99142,0.1918,71.531514
2018-08-07 20:00:00+00:00,6.885216000000001,34.864988000000004,0.14839999999999998,41.898604000000006
2018-08-07 21:00:00+00:00,3.4426080000000003,25.738644,0.13019999999999998,29.311452
2018-08-07 22:00:00+00:00,2.438514,23.058608,0.12179999999999998,25.618922
2018-08-07 23:00:00+00:00,2.15163,22.565756,0.12039999999999998,24.837786
2018-08-08 00:00:00+00:00,2.15163,21.084748,0.12459999999999999,23.360978000000003
2018-08-08 01:00:00+00:00,1.8647459999999998,19.003,0.1162,20.983946
2018-08-08 02:00:00+00:00,1.8647459999999998,17.122316,0.105,19.092062000000002
2018-08-08 03:00:00+00:00,1.4344199999999998,14.746327999999998,0.091,16.271748
2018-08-08 04:00:00+00:00,1.5778619999999999,13.961687999999999,0.10779999999999999,15.647349999999998
2018-08-08 05:00:00+00:00,2.438514,12.988244,0.1064,15.533158
2018-08-08 06:00:00+00:00,2.438514,8.562384,0.1176,11.118497999999999
2018-08-08 07:00:00+00:00,0.28688400000000003,2.187184,0.1442,2.618268
2018-08-08 08:00:00+00:00,0.28688400000000003,2.47652,0.1932,2.956604
2018-08-08 09:00:00+00:00,0.5737680000000001,7.6232679999999995,0.28559999999999997,8.482636
2018-08-08 10:00:00+00:00,2.15163,16.151324000000002,0.427,18.729954000000003
2018-08-08 11:00:00+00:00,6.885216000000001,34.102416,0.574,41.561631999999996
2018-08-08 12:00:00+00:00,16.639272000000002,52.860215999999994,0.6733999999999999,70.172888
2018-08-08 13:00:00+00:00,25.81956,63.66618,0.7293999999999999,90.21513999999999
2018-08-08 14:00:00+00:00,43.606367999999996,78.375728,0.735,122.71709599999998
2018-08-08 15:00:00+00:00,67.130856,102.351384,0.7028,170.18504
2018-08-08 16:00:00+00:00,70.28658,120.042564,0.5459999999999999,190.87514399999998
2018-08-08 17:00:00+00:00,52.643214,118.58607599999999,0.3752,171.60449
2018-08-08 18:00:00+00:00,31.557239999999997,95.978636,0.2324,127.76827599999999
2018-08-08 19:00:00+00:00,16.49583,66.086304,0.147,82.729134
2018-08-08 20:00:00+00:00,7.889309999999999,46.149091999999996,0.0952,54.133601999999996
2018-08-08 21:00:00+00:00,3.872934,35.031724,0.07279999999999999,38.977458
2018-08-08 22:00:00+00:00,2.008188,29.465684000000003,0.0644,31.538272000000003
2018-08-08 23:00:00+00:00,1.290978,26.778292,0.0588,28.12807
2018-08-09 00:00:00+00:00,1.290978,26.182456,0.06019999999999999,27.533633999999996
2018-08-09 01:00:00+00:00,1.4344199999999998,27.2785,0.05179999999999999,28.76472
2018-08-09 02:00:00+00:00,1.290978,26.192264,0.036399999999999995,27.519642
2018-08-09 03:00:00+00:00,0.7172099999999999,17.387132,0.0238,18.128142000000004
2018-08-09 04:00:00+00:00,0.43032600000000004,8.493728,0.018199999999999997,8.942254000000002
2018-08-09 05:00:00+00:00,0.0,7.910152,0.018199999999999997,7.928352
2018-08-09 06:00:00+00:00,0.28688400000000003,6.747904,0.0378,7.072588
2018-08-09 07:00:00+00:00,0.14344200000000001,0.100532,0.0952,0.33917400000000003
2018-08-09 08:00:00+00:00,0.14344200000000001,0.0,0.20299999999999999,0.346442
2018-08-09 09:00:00+00:00,0.14344200000000001,0.0,0.3388,0.482242
2018-08-09 10:00:00+00:00,0.5737680000000001,0.0,0.4662,1.039968
2018-08-09 11:00:00+00:00,3.58605,2.086652,0.5628,6.235502
2018-08-09 12:00:00+00:00,8.893403999999999,17.884887999999997,0.6103999999999999,27.388691999999992
2018-08-09 13:00:00+00:00,12.622895999999999,38.319856,0.63,51.572752
2018-08-09 14:00:00+00:00,17.21304,47.411872,0.63,65.25491199999999
2018-08-09 15:00:00+00:00,30.983472,61.976752000000005,0.6188,93.579024
2018-08-09 16:00:00+00:00,55.94238,90.689672,0.5502,147.18225199999998
2018-08-09 17:00:00+00:00,58.81122,111.671436,0.427,170.90965599999998
2018-08-09 18:00:00+00:00,37.438362000000005,105.740048,0.2884,143.46681
2018-08-09 19:00:00+00:00,16.639272000000002,76.068396,0.1904,92.89806800000001
2018-08-09 20:00:00+00:00,6.024564000000001,47.973380000000006,0.13019999999999998,54.128144000000006
2018-08-09 21:00:00+00:00,2.15163,34.592816,0.0896,36.834045999999994
2018-08-09 22:00:00+00:00,0.5737680000000001,27.062724000000003,0.06019999999999999,27.696692000000002
2018-08-09 23:00:00+00:00,0.14344200000000001,20.324628,0.0462,20.51427
2018-08-10 00:00:00+00:00,0.0,15.273508,0.0392,15.312707999999999
2018-08-10 01:00:00+00:00,0.0,11.615124,0.0224,11.637523999999999
2018-08-10 02:00:00+00:00,0.0,8.65556,0.0098,8.66536
2018-08-10 03:00:00+00:00,0.14344200000000001,4.813275999999999,0.0056,4.962318
2018-08-10 04:00:00+00:00,0.0,1.9665039999999998,0.0042,1.9707039999999998
2018-08-10 05:00:00+00:00,0.0,7.807168,0.0014,7.808568
2018-08-10 06:00:00+00:00,0.5737680000000001,7.238303999999999,0.0042,7.816272
2018-08-10 07:00:00+00:00,2.008188,6.642468,0.0168,8.667456
2018-08-10 08:00:00+00:00,2.15163,8.317184,0.055999999999999994,10.524813999999997
2018-08-10 09:00:00+00:00,3.2991659999999996,14.6507,0.12319999999999999,18.073066
2018-08-10 10:00:00+00:00,6.885216000000001,27.150996,0.21419999999999997,34.250412
2018-08-10 11:00:00+00:00,9.897498,38.763668,0.33039999999999997,48.991566
2018-08-10 12:00:00+00:00,10.901591999999999,40.340303999999996,0.4396,51.681495999999996
2018-08-10 13:00:00+00:00,14.200758,40.936139999999995,0.5067999999999999,55.64369799999999
2018-08-10 14:00:00+00:00,23.237604,43.540164000000004,0.518,67.29576800000001
2018-08-10 15:00:00+00:00,42.028506,54.995908,0.511,97.535414
2018-08-10 16:00:00+00:00,56.946474,86.511464,0.4746,143.93253800000002
2018-08-10 17:00:00+00:00,43.319483999999996,99.659088,0.364,143.342572
2018-08-10 18:00:00+00:00,18.360576000000002,81.948292,0.2226,100.53146799999999
2018-08-10 19:00:00+00:00,4.733586,51.614599999999996,0.14279999999999998,56.490986
2018-08-10 20:00:00+00:00,0.5737680000000001,29.607899999999997,0.077,30.258668
2018-08-10 21:00:00+00:00,0.0,18.42678,0.041999999999999996,18.468780000000002
2018-08-10 22:00:00+00:00,0.14344200000000001,14.081836,0.020999999999999998,14.246278
2018-08-10 23:00:00+00:00,0.14344200000000001,12.306588000000001,0.0084,12.458430000000002
2018-08-11 00:00:00+00:00,0.28688400000000003,11.227708,0.0042,11.518792000000001
2018-08-11 01:00:00+00:00,0.43032600000000004,9.454912,0.0042,9.889438000000002
2018-08-11 02:00:00+00:00,0.43032600000000004,6.990651999999999,0.0056,7.426577999999999
2018-08-11 03:00:00+00:00,0.5737680000000001,4.3302320000000005,0.0084,4.912400000000001
2018-08-11 04:00:00+00:00,0.28688400000000003,1.9738599999999997,0.0056,2.2663439999999997
2018-08-11 05:00:00+00:00,0.0,0.593384,0.0056,0.5989840000000001
2018-08-11 06:00:00+00:00,0.0,2.7634040000000004,0.0196,2.7830040000000005
2018-08-11 07:00:00+00:00,0.43032600000000004,12.750399999999999,0.054599999999999996,13.235326
2018-08-11 08:00:00+00:00,3.4426080000000003,30.196379999999998,0.13299999999999998,33.771988
2018-08-11 09:00:00+00:00,9.897498,51.44296,0.25339999999999996,61.593858
2018-08-11 10:00:00+00:00,14.487642,59.863128,0.41579999999999995,74.76657
2018-08-11 11:00:00+00:00,15.348294,57.96527999999999,0.5935999999999999,73.90717399999998
2018-08-11 12:00:00+00:00,16.926156,53.603172,0.6986,71.22792799999999
2018-08-11 13:00:00+00:00,20.512206,53.806688,0.7056,75.024494
2018-08-11 14:00:00+00:00,29.118726000000002,57.693107999999995,0.6355999999999999,87.447434
2018-08-11 15:00:00+00:00,44.323578,68.1656,0.5249999999999999,113.014178
2018-08-11 16:00:00+00:00,55.512054000000006,96.996216,0.4578,152.96607
2018-08-11 17:00:00+00:00,42.889157999999995,100.416756,0.40879999999999994,143.71471400000001
2018-08-11 18:00:00+00:00,22.376952,77.40228400000001,0.2772,100.056436
2018-08-11 19:00:00+00:00,10.04094,50.084552,0.1568,60.282292
2018-08-11 20:00:00+00:00,2.8688399999999996,31.142851999999998,0.07279999999999999,34.084492
2018-08-11 21:00:00+00:00,0.5737680000000001,22.318103999999998,0.041999999999999996,22.933872
2018-08-11 22:00:00+00:00,0.14344200000000001,19.539988,0.0336,19.71703
2018-08-11 23:00:00+00:00,0.0,18.443944,0.030799999999999998,18.474743999999998
2018-08-12 00:00:00+00:00,0.14344200000000001,17.048756,0.0294,17.221598
2018-08-12 01:00:00+00:00,0.14344200000000001,14.967008,0.025199999999999997,15.13565
2018-08-12 02:00:00+00:00,0.28688400000000003,12.694004000000001,0.018199999999999997,12.999088000000002
2018-08-12 03:00:00+00:00,0.43032600000000004,7.765484,0.0098,8.20561
2018-08-12 04:00:00+00:00,0.0,3.64122,0.015399999999999999,3.65662
2018-08-12 05:00:00+00:00,0.0,4.344944,0.041999999999999996,4.386944
2018-08-12 06:00:00+00:00,0.0,2.2681,0.0952,2.3633
2018-08-12 07:00:00+00:00,0.0,2.6579679999999994,0.14559999999999998,2.8035679999999994
2018-08-12 08:00:00+00:00,0.0,6.507607999999999,0.21839999999999998,6.726007999999999
2018-08-12 09:00:00+00:00,0.28688400000000003,14.324584000000002,0.33319999999999994,14.944668000000002
2018-08-12 10:00:00+00:00,2.008188,27.111764,0.48299999999999993,29.602952000000002
2018-08-12 11:00:00+00:00,6.7417739999999995,44.187492000000006,0.6258,51.555066000000004
2018-08-12 12:00:00+00:00,10.327824,50.910876,0.7098,61.9485
2018-08-12 13:00:00+00:00,13.483547999999999,52.980363999999994,0.735,67.19891199999999
2018-08-12 14:00:00+00:00,22.807278,57.756859999999996,0.7252,81.289338
2018-08-12 15:00:00+00:00,47.766186000000005,70.622504,0.6846,119.07329000000001
2018-08-12 16:00:00+00:00,72.007884,105.470328,0.5768,178.05501199999998
2018-08-12 17:00:00+00:00,59.958755999999994,125.804764,0.46199999999999997,186.22552
2018-08-12 18:00:00+00:00,32.27445,111.55864399999999,0.31779999999999997,144.150894
2018-08-12 19:00:00+00:00,15.922062,79.000988,0.20719999999999997,95.13025
2018-08-12 20:00:00+00:00,7.315542,52.117259999999995,0.1288,59.56160199999999
2018-08-12 21:00:00+00:00,3.1557239999999998,39.433064,0.08539999999999999,42.674188
2018-08-12 22:00:00+00:00,1.5778619999999999,33.18782,0.06019999999999999,34.82588200000001
2018-08-12 23:00:00+00:00,1.290978,27.636491999999997,0.049,28.976469999999996
2018-08-13 00:00:00+00:00,1.5778619999999999,23.77214,0.0476,25.397602
2018-08-13 01:00:00+00:00,2.008188,21.300524000000003,0.055999999999999994,23.364712000000004
2018-08-13 02:00:00+00:00,2.581956,20.317272,0.063,22.962228
2018-08-13 03:00:00+00:00,2.7253979999999998,19.343828,0.0644,22.133625999999996
2018-08-13 04:00:00+00:00,2.7253979999999998,15.817852,0.0896,18.63285
2018-08-13 05:00:00+00:00,5.163912,23.46564,0.12459999999999999,28.754152
2018-08-13 06:00:00+00:00,9.323730000000001,29.149376000000004,0.1876,38.660706000000005
2018-08-13 07:00:00+00:00,14.631084,37.314536000000004,0.28559999999999997,52.23122000000001
2018-08-13 08:00:00+00:00,19.938438,48.83158,0.413,69.183018
2018-08-13 09:00:00+00:00,27.540864000000003,64.41404,0.5823999999999999,92.537304
2018-08-13 10:00:00+00:00,39.44655,82.884956,0.7518,123.08330600000001
2018-08-13 11:00:00+00:00,57.807126000000004,101.772712,0.875,160.454838
2018-08-13 12:00:00+00:00,80.470962,121.469628,0.9338,202.87438999999998
2018-08-13 13:00:00+00:00,97.397118,140.857592,0.9408,239.19551
2018-08-13 14:00:00+00:00,95.53237200000001,154.14498,0.9002,250.57755200000003
2018-08-13 15:00:00+00:00,80.184078,153.100428,0.8077999999999999,234.09230599999998
2018-08-13 16:00:00+00:00,61.823502,134.09007200000002,0.6145999999999999,196.528174
2018-08-13 17:00:00+00:00,41.74162199999999,106.06125999999998,0.40599999999999997,148.20888199999996
2018-08-13 18:00:00+00:00,23.66793,82.492636,0.2716,106.43216600000001
2018-08-13 19:00:00+00:00,12.90978,61.513324,0.1904,74.61350399999999
2018-08-13 20:00:00+00:00,6.885216000000001,41.747752,0.17079999999999998,48.803768
2018-08-13 21:00:00+00:00,5.02047,33.01618,0.17079999999999998,38.20745
2018-08-13 22:00:00+00:00,4.733586,31.819603999999998,0.16799999999999998,36.72119
2018-08-13 23:00:00+00:00,5.163912,32.800404,0.1568,38.121115999999994
2018-08-14 00:00:00+00:00,5.594238,32.994112,0.16519999999999999,38.75355
2018-08-14 01:00:00+00:00,5.881122,31.608731999999996,0.175,37.66485399999999
2018-08-14 02:00:00+00:00,6.168005999999999,29.139567999999997,0.161,35.468574
2018-08-14 03:00:00+00:00,5.594238,22.028768,0.1316,27.754606
2018-08-14 04:00:00+00:00,4.733586,24.927032000000004,0.1764,29.837018000000004
2018-08-14 05:00:00+00:00,6.024564000000001,31.991244,0.1904,38.206208
2018-08-14 06:00:00+00:00,4.877028,31.424832000000002,0.1876,36.48946000000001
2018-08-14 07:00:00+00:00,3.58605,28.178384,0.21839999999999998,31.982834
2018-08-14 08:00:00+00:00,4.733586,29.58338,0.29119999999999996,34.608166000000004
2018-08-14 09:00:00+00:00,9.467172,39.813124,0.39759999999999995,49.677896
2018-08-14 10:00:00+00:00,17.21304,53.789524,0.511,71.513564
2018-08-14 11:00:00+00:00,20.368763999999995,65.571384,0.6132,86.553348
2018-08-14 12:00:00+00:00,24.958907999999997,74.879176,0.6803999999999999,100.518484
2018-08-14 13:00:00+00:00,35.286732,84.611164,0.714,120.611896
2018-08-14 14:00:00+00:00,53.07354,95.863392,0.6986,149.635532
2018-08-14 15:00:00+00:00,68.708718,104.95786000000001,0.6398,174.30637800000002
2018-08-14 16:00:00+00:00,61.536618,113.10340399999998,0.469,175.10902199999998
2018-08-14 17:00:00+00:00,36.147384,100.416756,0.3248,136.88894000000002
2018-08-14 18:00:00+00:00,17.21304,69.46761199999999,0.24079999999999996,86.92145199999997
2018-08-14 19:00:00+00:00,7.458983999999999,42.262671999999995,0.182,49.903656
2018-08-14 20:00:00+00:00,2.8688399999999996,25.017756,0.1288,28.015395999999996
2018-08-14 21:00:00+00:00,1.290978,18.873044,0.10779999999999999,20.271822
2018-08-14 22:00:00+00:00,0.8606520000000001,18.073692,0.0952,19.029544
2018-08-14 23:00:00+00:00,0.43032600000000004,17.56858,0.0784,18.077306
2018-08-15 00:00:00+00:00,0.28688400000000003,16.372004,0.0672,16.726088
2018-08-15 01:00:00+00:00,0.14344200000000001,15.378944,0.06019999999999999,15.582586000000001
2018-08-15 02:00:00+00:00,0.14344200000000001,14.88364,0.05179999999999999,15.078882
2018-08-15 03:00:00+00:00,0.0,11.23016,0.036399999999999995,11.26656
2018-08-15 04:00:00+00:00,0.14344200000000001,7.309412,0.036399999999999995,7.489254000000001
2018-08-15 05:00:00+00:00,0.8606520000000001,8.027848,0.025199999999999997,8.9137
2018-08-15 06:00:00+00:00,1.1475360000000001,3.979596,0.0196,5.146731999999999
2018-08-15 07:00:00+00:00,0.43032600000000004,0.100532,0.0098,0.5406580000000001
2018-08-15 08:00:00+00:00,0.28688400000000003,0.0,0.012599999999999998,0.29948400000000003
2018-08-15 09:00:00+00:00,0.28688400000000003,0.0,0.034999999999999996,0.321884
2018-08-15 10:00:00+00:00,0.7172099999999999,0.0,0.098,0.8152099999999999
2018-08-15 11:00:00+00:00,2.15163,0.9979640000000001,0.20859999999999998,3.358194
2018-08-15 12:00:00+00:00,6.168005999999999,8.86398,0.3206,15.352586
2018-08-15 13:00:00+00:00,9.897498,27.808132,0.4326,38.13823
2018-08-15 14:00:00+00:00,14.631084,36.218492,0.511,51.360576
2018-08-15 15:00:00+00:00,26.823654,49.000768,0.5432,76.367622
2018-08-15 16:00:00+00:00,50.061257999999995,78.48852,0.45499999999999996,129.00477800000002
2018-08-15 17:00:00+00:00,48.483396,92.609588,0.3094,141.402384
2018-08-15 18:00:00+00:00,24.241698,75.75454,0.196,100.192238
2018-08-15 19:00:00+00:00,8.319636000000001,45.9137,0.1162,54.349536
2018-08-15 20:00:00+00:00,2.008188,24.198787999999997,0.0588,26.265776
2018-08-15 21:00:00+00:00,0.7172099999999999,15.489283999999998,0.034999999999999996,16.241494
2018-08-15 22:00:00+00:00,0.28688400000000003,12.622896,0.0224,12.93218
2018-08-15 23:00:00+00:00,0.14344200000000001,11.24242,0.015399999999999999,11.401262
2018-08-16 00:00:00+00:00,0.0,11.14434,0.013999999999999999,11.158339999999999
2018-08-16 01:00:00+00:00,0.0,11.043807999999999,0.012599999999999998,11.056408
2018-08-16 02:00:00+00:00,0.0,10.349892,0.0112,10.361092000000001
2018-08-16 03:00:00+00:00,0.0,7.292247999999999,0.006999999999999999,7.299247999999999
2018-08-16 04:00:00+00:00,0.0,1.8733279999999999,0.0042,1.8775279999999999
2018-08-16 05:00:00+00:00,0.0,0.0,0.0014,0.0014
2018-08-16 06:00:00+00:00,0.0,0.0,0.0,0.0
2018-08-16 07:00:00+00:00,0.0,0.0,0.0,0.0
2018-08-16 08:00:00+00:00,0.0,0.09808,0.0028,0.10088
2018-08-16 09:00:00+00:00,0.0,0.19616,0.020999999999999998,0.21716
2018-08-16 10:00:00+00:00,0.0,0.9832519999999999,0.08259999999999999,1.0658519999999998
2018-08-16 11:00:00+00:00,1.004094,8.50844,0.20019999999999996,9.712734000000001
2018-08-16 12:00:00+00:00,6.885216000000001,32.918099999999995,0.35559999999999997,40.158916
2018-08-16 13:00:00+00:00,11.045034,45.523832,0.4871999999999999,57.056066
2018-08-16 14:00:00+00:00,12.479453999999999,48.36079599999999,0.5488,61.38904999999999
2018-08-16 15:00:00+00:00,21.659741999999998,55.99142,0.5319999999999999,78.183162
2018-08-16 16:00:00+00:00,47.33586,82.23027200000001,0.413,129.97913200000002
2018-08-16 17:00:00+00:00,47.479302000000004,91.86908399999999,0.2758,139.624186
2018-08-16 18:00:00+00:00,22.233510000000003,74.41574800000001,0.182,96.831258
2018-08-16 19:00:00+00:00,5.881122,43.015436,0.10919999999999999,49.005758
2018-08-16 20:00:00+00:00,1.004094,21.61438,0.049,22.667474
2018-08-16 21:00:00+00:00,0.28688400000000003,14.199532,0.0196,14.506016
2018-08-16 22:00:00+00:00,0.43032600000000004,14.501128000000001,0.0098,14.941254000000002
2018-08-16 23:00:00+00:00,0.43032600000000004,16.479892,0.0056,16.915818
2018-08-17 00:00:00+00:00,0.43032600000000004,16.96784,0.0056,17.403766
2018-08-17 01:00:00+00:00,0.43032600000000004,15.3863,0.0084,15.825026000000001
2018-08-17 02:00:00+00:00,0.28688400000000003,13.31436,0.012599999999999998,13.613844000000002
2018-08-17 03:00:00+00:00,0.14344200000000001,9.271012,0.013999999999999999,9.428454
2018-08-17 04:00:00+00:00,0.0,3.45732,0.0112,3.4685200000000003
2018-08-17 05:00:00+00:00,0.28688400000000003,2.287716,0.0168,2.5914
2018-08-17 06:00:00+00:00,0.14344200000000001,1.000416,0.0266,1.170458
2018-08-17 07:00:00+00:00,0.0,0.492852,0.0476,0.540452
2018-08-17 08:00:00+00:00,0.0,1.8733279999999999,0.0938,1.9671279999999998
2018-08-17 09:00:00+00:00,0.0,5.124680000000001,0.1764,5.301080000000001
2018-08-17 10:00:00+00:00,1.1475360000000001,19.478688000000002,0.3136,20.939824
2018-08-17 11:00:00+00:00,9.323730000000001,46.163804,0.49699999999999994,55.984534
2018-08-17 12:00:00+00:00,17.069598,61.052347999999995,0.6621999999999999,78.78414599999999
2018-08-17 13:00:00+00:00,21.803183999999998,63.61714,0.7504,86.17072399999999
2018-08-17 14:00:00+00:00,35.8605,73.758612,0.7588,110.377912
2018-08-17 15:00:00+00:00,62.110386,96.76327599999999,0.6566,159.530262
2018-08-17 16:00:00+00:00,64.5489,123.399352,0.44939999999999997,188.397652
2018-08-17 17:00:00+00:00,33.421986000000004,104.02119599999999,0.28559999999999997,137.72878199999997
2018-08-17 18:00:00+00:00,15.635178,67.72914399999999,0.1694,83.53372199999998
2018-08-17 19:00:00+00:00,7.458983999999999,43.44453600000001,0.0966,51.00012000000001
2018-08-17 20:00:00+00:00,2.8688399999999996,30.767696,0.061599999999999995,33.698136
2018-08-17 21:00:00+00:00,1.290978,25.211464,0.061599999999999995,26.564041999999997
2018-08-17 22:00:00+00:00,0.8606520000000001,23.119908,0.0812,24.06176
2018-08-17 23:00:00+00:00,0.8606520000000001,24.799528,0.098,25.75818
2018-08-18 00:00:00+00:00,1.004094,27.577644,0.10219999999999999,28.683937999999998
2018-08-18 01:00:00+00:00,1.004094,27.97732,0.0952,29.076613999999996
2018-08-18 02:00:00+00:00,0.8606520000000001,25.895572,0.0924,26.848624000000004
2018-08-18 03:00:00+00:00,0.43032600000000004,21.052872,0.0672,21.550398
2018-08-18 04:00:00+00:00,0.7172099999999999,15.246535999999999,0.098,16.061746
2018-08-18 05:00:00+00:00,2.2950720000000002,17.955996,0.12459999999999999,20.375668
2018-08-18 06:00:00+00:00,4.5901440000000004,19.878363999999998,0.1414,24.609908
2018-08-18 07:00:00+00:00,4.877028,15.04302,0.1722,20.092248
2018-08-18 08:00:00+00:00,3.4426080000000003,8.162708,0.2254,11.830716
2018-08-18 09:00:00+00:00,4.1598180000000005,9.638811999999998,0.3136,14.112229999999998
2018-08-18 10:00:00+00:00,7.889309999999999,17.477855999999996,0.434,25.801165999999995
2018-08-18 11:00:00+00:00,12.90978,33.945488,0.5614,47.416667999999994
2018-08-18 12:00:00+00:00,15.922062,44.616592,0.6482,61.186854
2018-08-18 13:00:00+00:00,21.085973999999997,48.48094400000001,0.6776,70.244518
2018-08-18 14:00:00+00:00,30.553145999999998,54.55209599999999,0.6733999999999999,85.77864199999999
2018-08-18 15:00:00+00:00,46.188324,68.376472,0.6482,115.212996
2018-08-18 16:00:00+00:00,56.372706,94.90956399999999,0.49699999999999994,151.77927
2018-08-18 17:00:00+00:00,42.745716,94.848264,0.3514,137.94538
2018-08-18 18:00:00+00:00,26.106444,70.47293199999999,0.259,96.83837599999998
2018-08-18 19:00:00+00:00,14.487642,47.750248,0.175,62.41289
2018-08-18 20:00:00+00:00,6.168005999999999,34.661472,0.126,40.955478
2018-08-18 21:00:00+00:00,2.581956,28.600127999999998,0.10779999999999999,31.289883999999997
2018-08-18 22:00:00+00:00,1.5778619999999999,27.303019999999997,0.098,28.978881999999995
2018-08-18 23:00:00+00:00,1.004094,26.106444,0.0952,27.205737999999997
2018-08-19 00:00:00+00:00,0.43032600000000004,21.741884,0.08399999999999999,22.25621
2018-08-19 01:00:00+00:00,0.14344200000000001,14.805176000000001,0.0686,15.017218000000002
2018-08-19 02:00:00+00:00,0.0,9.268559999999999,0.055999999999999994,9.324559999999998
2018-08-19 03:00:00+00:00,0.0,4.926068,0.0448,4.970868
2018-08-19 04:00:00+00:00,0.0,2.665324,0.0462,2.711524
2018-08-19 05:00:00+00:00,0.43032600000000004,3.3715,0.041999999999999996,3.843826
2018-08-19 06:00:00+00:00,0.43032600000000004,2.687392,0.041999999999999996,3.159718
2018-08-19 07:00:00+00:00,0.14344200000000001,3.356788,0.0462,3.5464299999999995
2018-08-19 08:00:00+00:00,0.0,5.021695999999999,0.07139999999999999,5.093095999999998
2018-08-19 09:00:00+00:00,0.14344200000000001,6.701316,0.1148,6.959558
2018-08-19 10:00:00+00:00,0.5737680000000001,7.503120000000001,0.17779999999999999,8.254688
2018-08-19 11:00:00+00:00,2.15163,14.54036,0.2702,16.96219
2018-08-19 12:00:00+00:00,6.168005999999999,28.026359999999997,0.378,34.572365999999995
2018-08-19 13:00:00+00:00,12.19257,38.082012,0.4746,50.749182
2018-08-19 14:00:00+00:00,16.782714,39.455132,0.5319999999999999,56.769845999999994
2018-08-19 15:00:00+00:00,33.995754,53.843468,0.5544,88.39362200000001
2018-08-19 16:00:00+00:00,64.118574,95.48088,0.4396,160.039054
2018-08-19 17:00:00+00:00,52.643214,106.777244,0.2954,159.715858
2018-08-19 18:00:00+00:00,23.811372,76.8089,0.21839999999999998,100.838672
2018-08-19 19:00:00+00:00,9.180288000000001,42.94678,0.14279999999999998,52.269867999999995
2018-08-19 20:00:00+00:00,3.4426080000000003,22.139108,0.0672,25.648916
2018-08-19 21:00:00+00:00,1.004094,11.848063999999999,0.030799999999999998,12.882957999999999
2018-08-19 22:00:00+00:00,0.14344200000000001,6.70622,0.015399999999999999,6.865062
2018-08-19 23:00:00+00:00,0.0,4.531296,0.006999999999999999,4.538296
2018-08-20 00:00:00+00:00,0.0,3.741752,0.0028,3.744552
2018-08-20 01:00:00+00:00,0.0,2.5574359999999996,0.0014,2.5588359999999994
2018-08-20 02:00:00+00:00,0.0,1.277492,0.0014,1.2788920000000001
2018-08-20 03:00:00+00:00,0.0,0.19616,0.0014,0.19756
2018-08-20 04:00:00+00:00,0.0,0.0,0.0014,0.0014
2018-08-20 05:00:00+00:00,0.0,0.0,0.0028,0.0028
2018-08-20 06:00:00+00:00,0.0,6.519868,0.0042,6.524068
2018-08-20 07:00:00+00:00,0.0,13.95188,0.015399999999999999,13.967279999999999
2018-08-20 08:00:00+00:00,0.0,14.040151999999999,0.0476,14.087751999999998
2018-08-20 09:00:00+00:00,0.0,10.156184,0.0938,10.249984
2018-08-20 10:00:00+00:00,0.14344200000000001,10.45778,0.14279999999999998,10.744022
2018-08-20 11:00:00+00:00,1.290978,17.311120000000003,0.21139999999999998,18.813498000000003
2018-08-20 12:00:00+00:00,5.163912,30.218447999999995,0.308,35.69035999999999
2018-08-20 13:00:00+00:00,11.475359999999998,41.862995999999995,0.41019999999999995,53.748555999999994
2018-08-20 14:00:00+00:00,10.327824,41.615344,0.49839999999999995,52.441568
2018-08-20 15:00:00+00:00,15.348294,47.326052,0.5319999999999999,63.206345999999996
2018-08-20 16:00:00+00:00,35.286732,64.71563599999999,0.44799999999999995,100.45036799999998
2018-08-20 17:00:00+00:00,44.323578,70.44596,0.2954,115.064938
2018-08-20 18:00:00+00:00,22.950719999999997,60.687,0.1694,83.80712
2018-08-20 19:00:00+00:00,6.7417739999999995,39.491912,0.0756,46.309286
2018-08-20 20:00:00+00:00,1.4344199999999998,22.627056000000003,0.018199999999999997,24.079676000000003
2018-08-20 21:00:00+00:00,0.14344200000000001,13.910196000000001,0.0028,14.056438000000002
2018-08-20 22:00:00+00:00,0.0,10.940823999999997,0.0,10.940823999999997
2018-08-20 23:00:00+00:00,0.14344200000000001,11.534208,0.0,11.67765
2018-08-21 00:00:00+00:00,0.43032600000000004,13.611051999999999,0.0,14.041378
2018-08-21 01:00:00+00:00,0.5737680000000001,15.19014,0.0014,15.765308
2018-08-21 02:00:00+00:00,0.7172099999999999,16.467632000000002,0.0014,17.186242000000004
2018-08-21 03:00:00+00:00,0.7172099999999999,14.292708000000001,0.0014,15.011318000000001
2018-08-21 04:00:00+00:00,0.5737680000000001,8.38584,0.0014,8.961008
2018-08-21 05:00:00+00:00,0.8606520000000001,5.539068,0.0028,6.40252
2018-08-21 06:00:00+00:00,0.0,0.0,0.0056,0.0056
2018-08-21 07:00:00+00:00,0.0,0.0,0.012599999999999998,0.012599999999999998
2018-08-21 08:00:00+00:00,0.0,0.0,0.0392,0.0392
2018-08-21 09:00:00+00:00,0.0,0.0,0.0882,0.0882
2018-08-21 10:00:00+00:00,0.14344200000000001,0.0,0.1792,0.322642
2018-08-21 11:00:00+00:00,2.7253979999999998,1.892944,0.322,4.940342
2018-08-21 12:00:00+00:00,10.471265999999998,17.982968,0.4885999999999999,28.942833999999998
2018-08-21 13:00:00+00:00,16.49583,37.424876,0.6062,54.526906
2018-08-21 14:00:00+00:00,23.381046,45.916152000000004,0.6398,69.936998
2018-08-21 15:00:00+00:00,44.323578,65.04910799999999,0.5922,109.96488599999999
2018-08-21 16:00:00+00:00,66.413646,103.006068,0.42979999999999996,169.849514
2018-08-21 17:00:00+00:00,45.757998,107.037156,0.30379999999999996,153.098954
2018-08-21 18:00:00+00:00,17.643366,74.876724,0.20299999999999999,92.72309
2018-08-21 19:00:00+00:00,6.598331999999999,43.90796399999999,0.1148,50.621095999999994
2018-08-21 20:00:00+00:00,1.8647459999999998,25.292379999999998,0.05179999999999999,27.208925999999998
2018-08-21 21:00:00+00:00,0.7172099999999999,19.061848,0.0224,19.801458000000004
2018-08-21 22:00:00+00:00,0.5737680000000001,19.655231999999998,0.013999999999999999,20.243
2018-08-21 23:00:00+00:00,0.7172099999999999,24.007531999999994,0.0098,24.734541999999994
2018-08-22 00:00:00+00:00,0.5737680000000001,28.646715999999998,0.0098,29.230283999999997
2018-08-22 01:00:00+00:00,0.28688400000000003,30.012480000000004,0.0084,30.307764000000006
2018-08-22 02:00:00+00:00,0.14344200000000001,28.019004,0.0056,28.168046
2018-08-22 03:00:00+00:00,0.0,19.809708,0.006999999999999999,19.816708000000002
2018-08-22 04:00:00+00:00,0.0,12.532172,0.0084,12.540572
2018-08-22 05:00:00+00:00,1.004094,9.398516,0.0098,10.412410000000001
2018-08-22 06:00:00+00:00,0.8606520000000001,0.399676,0.0112,1.2715280000000002
2018-08-22 07:00:00+00:00,0.14344200000000001,0.0,0.0084,0.151842
2018-08-22 08:00:00+00:00,0.14344200000000001,0.0,0.0196,0.16304200000000002
2018-08-22 09:00:00+00:00,0.14344200000000001,0.0,0.05039999999999999,0.19384200000000001
2018-08-22 10:00:00+00:00,1.1475360000000001,0.0,0.1162,1.2637360000000002
2018-08-22 11:00:00+00:00,5.307353999999999,0.402128,0.2282,5.937682
2018-08-22 12:00:00+00:00,11.331918,8.179872,0.39479999999999993,19.906589999999998
2018-08-22 13:00:00+00:00,17.356482,30.436676,0.5418,48.334958
2018-08-22 14:00:00+00:00,23.094162,43.893252000000004,0.6075999999999999,67.595014
2018-08-22 15:00:00+00:00,40.020318,66.98864,0.602,107.61095800000001
2018-08-22 16:00:00+00:00,59.958755999999994,101.54712800000001,0.43539999999999995,161.941284
2018-08-22 17:00:00+00:00,44.036694,97.023188,0.2772,141.337082
2018-08-22 18:00:00+00:00,18.647460000000002,68.440224,0.1904,87.27808399999999
2018-08-22 19:00:00+00:00,7.6024259999999995,41.836024,0.14559999999999998,49.584050000000005
2018-08-22 20:00:00+00:00,3.0122820000000003,27.673271999999997,0.11199999999999999,30.797553999999995
2018-08-22 21:00:00+00:00,1.5778619999999999,23.524487999999998,0.0784,25.180749999999996
2018-08-22 22:00:00+00:00,1.004094,22.739848,0.054599999999999996,23.798541999999998
2018-08-22 23:00:00+00:00,0.5737680000000001,22.845284,0.0378,23.456852
2018-08-23 00:00:00+00:00,0.43032600000000004,20.866519999999998,0.034999999999999996,21.331846
2018-08-23 01:00:00+00:00,0.28688400000000003,17.796616,0.0322,18.1157
2018-08-23 02:00:00+00:00,0.43032600000000004,14.824791999999999,0.0238,15.278917999999999
2018-08-23 03:00:00+00:00,0.43032600000000004,9.879107999999999,0.015399999999999999,10.324834
2018-08-23 04:00:00+00:00,0.28688400000000003,5.046215999999999,0.0084,5.341499999999999
2018-08-23 05:00:00+00:00,0.43032600000000004,5.352716,0.0056,5.788642
2018-08-23 06:00:00+00:00,0.7172099999999999,2.8737440000000003,0.0,3.590954
2018-08-23 07:00:00+00:00,0.0,0.0,0.0,0.0
2018-08-23 08:00:00+00:00,0.0,0.0,0.0014,0.0014
2018-08-23 09:00:00+00:00,0.0,0.0,0.012599999999999998,0.012599999999999998
2018-08-23 10:00:00+00:00,0.0,0.0,0.05179999999999999,0.05179999999999999
2018-08-23 11:00:00+00:00,0.0,0.0,0.1414,0.1414
2018-08-23 12:00:00+00:00,0.0,0.0,0.24359999999999996,0.24359999999999996
2018-08-23 13:00:00+00:00,0.28688400000000003,0.0,0.33599999999999997,0.622884
2018-08-23 14:00:00+00:00,8.60652,9.23178,0.41859999999999997,18.2569
2018-08-23 15:00:00+00:00,21.085973999999997,52.936228,0.5025999999999999,74.524802
2018-08-23 16:00:00+00:00,46.044882,107.019992,0.44799999999999995,153.512874
2018-08-23 17:00:00+00:00,53.790749999999996,113.998384,0.2786,168.067734
2018-08-23 18:00:00+00:00,35.286732,96.969244,0.1624,132.418376
2018-08-23 19:00:00+00:00,17.786807999999997,68.732012,0.09939999999999999,86.61822
2018-08-23 20:00:00+00:00,10.471265999999998,42.936972,0.07279999999999999,53.481038
2018-08-23 21:00:00+00:00,6.7417739999999995,31.049675999999998,0.0686,37.86005
2018-08-23 22:00:00+00:00,5.163912,27.29076,0.07279999999999999,32.527472
2018-08-23 23:00:00+00:00,4.877028,26.807716,0.07139999999999999,31.756144
2018-08-24 00:00:00+00:00,5.4507959999999995,27.810584,0.061599999999999995,33.322979999999994
2018-08-24 01:00:00+00:00,6.598331999999999,30.497975999999998,0.041999999999999996,37.138307999999995
2018-08-24 02:00:00+00:00,7.745868,35.262212,0.020999999999999998,43.02908
2018-08-24 03:00:00+00:00,7.889309999999999,36.463691999999995,0.0056,44.358602
2018-08-24 04:00:00+00:00,6.7417739999999995,26.680211999999997,0.0014,33.423385999999994
2018-08-24 05:00:00+00:00,7.1721,45.6685,0.0,52.8406
2018-08-24 06:00:00+00:00,8.463078,59.921975999999994,0.0,68.385054
2018-08-24 07:00:00+00:00,3.1557239999999998,42.672156,0.0,45.82788
2018-08-24 08:00:00+00:00,0.0,25.319352000000002,0.0042,25.323552000000003
2018-08-24 09:00:00+00:00,0.0,15.307836000000002,0.036399999999999995,15.344236000000002
2018-08-24 10:00:00+00:00,0.0,8.577096000000001,0.10359999999999998,8.680696000000001
2018-08-24 11:00:00+00:00,0.0,3.2439959999999997,0.21,3.4539959999999996
2018-08-24 12:00:00+00:00,0.14344200000000001,1.6722639999999998,0.34719999999999995,2.1629059999999996
2018-08-24 13:00:00+00:00,6.885216000000001,0.394772,0.46199999999999997,7.741988
2018-08-24 14:00:00+00:00,43.319483999999996,12.05158,0.518,55.889064
2018-08-24 15:00:00+00:00,86.925852,70.387112,0.5025999999999999,157.81556400000002
2018-08-24 16:00:00+00:00,87.786504,117.821052,0.3752,205.982756
2018-08-24 17:00:00+00:00,56.65959,112.323668,0.2268,169.210058
2018-08-24 18:00:00+00:00,29.118726000000002,87.43832,0.1288,116.68584600000001
2018-08-24 19:00:00+00:00,10.184381999999998,53.09806,0.07419999999999999,63.356641999999994
2018-08-24 20:00:00+00:00,3.0122820000000003,29.561312,0.0378,32.611394
2018-08-24 21:00:00+00:00,1.004094,18.461108,0.0294,19.494601999999997
2018-08-24 22:00:00+00:00,0.5737680000000001,13.21628,0.034999999999999996,13.825047999999999
2018-08-24 23:00:00+00:00,0.43032600000000004,11.63474,0.0336,12.098666000000001
2018-08-25 00:00:00+00:00,0.28688400000000003,11.735272,0.0294,12.051556000000001
2018-08-25 01:00:00+00:00,0.43032600000000004,12.036868,0.0196,12.486794000000002
2018-08-25 02:00:00+00:00,0.43032600000000004,11.548919999999999,0.0098,11.989046
2018-08-25 03:00:00+00:00,0.28688400000000003,9.180288000000001,0.0028,9.469972000000002
2018-08-25 04:00:00+00:00,0.28688400000000003,5.936292,0.0,6.223176
2018-08-25 05:00:00+00:00,0.43032600000000004,4.161044,0.0,4.59137
2018-08-25 06:00:00+00:00,0.14344200000000001,1.0837839999999999,0.0,1.227226
2018-08-25 07:00:00+00:00,0.0,0.09808,0.0,0.09808
2018-08-25 08:00:00+00:00,0.0,0.0,0.0014,0.0014
2018-08-25 09:00:00+00:00,0.0,0.0,0.018199999999999997,0.018199999999999997
2018-08-25 10:00:00+00:00,0.0,0.0,0.1344,0.1344
2018-08-25 11:00:00+00:00,0.0,0.0,0.39759999999999995,0.39759999999999995
2018-08-25 12:00:00+00:00,1.4344199999999998,3.19986,0.6244,5.25868
2018-08-25 13:00:00+00:00,25.389234,61.236248,0.7644,87.389882
2018-08-25 14:00:00+00:00,51.495678,104.141344,0.7504,156.38742200000002
2018-08-25 15:00:00+00:00,90.225018,138.719448,0.5684,229.512866
2018-08-25 16:00:00+00:00,87.929946,147.69376799999998,0.34719999999999995,235.97091399999996
2018-08-25 17:00:00+00:00,50.348142,130.99074399999998,0.2716,181.61048599999998
2018-08-25 18:00:00+00:00,20.368763999999995,95.154764,0.21419999999999997,115.737728
2018-08-25 19:00:00+00:00,9.036846,66.368284,0.1498,75.55493
2018-08-25 20:00:00+00:00,5.881122,50.42538,0.10219999999999999,56.408702
2018-08-25 21:00:00+00:00,5.737679999999999,50.123784,0.091,55.952464
2018-08-25 22:00:00+00:00,4.5901440000000004,51.092324,0.0924,55.774868
2018-08-25 23:00:00+00:00,3.2991659999999996,51.362044,0.105,54.766209999999994
2018-08-26 00:00:00+00:00,2.15163,53.323643999999994,0.0966,55.571873999999994
2018-08-26 01:00:00+00:00,1.8647459999999998,54.704119999999996,0.0966,56.665465999999995
2018-08-26 02:00:00+00:00,2.15163,51.236992,0.0952,53.483821999999996
2018-08-26 03:00:00+00:00,1.8647459999999998,43.93493599999999,0.08259999999999999,45.88228199999999
2018-08-26 04:00:00+00:00,3.872934,56.928084,0.10219999999999999,60.903218
2018-08-26 05:00:00+00:00,11.331918,76.828516,0.13999999999999999,88.300434
2018-08-26 06:00:00+00:00,19.938438,82.28176399999998,0.1834,102.40360199999999
2018-08-26 07:00:00+00:00,26.967095999999998,78.196732,0.238,105.401828
2018-08-26 08:00:00+00:00,33.135102,69.83541199999999,0.3206,103.291114
2018-08-26 09:00:00+00:00,38.442456,62.73442,0.4606,101.63747599999999
2018-08-26 10:00:00+00:00,46.475208,67.20932,0.644,114.328528
2018-08-26 11:00:00+00:00,60.819407999999996,83.691664,0.8133999999999999,145.32447200000001
2018-08-26 12:00:00+00:00,79.753752,107.235768,0.9169999999999999,187.90652
2018-08-26 13:00:00+00:00,90.798786,128.085124,0.9324,219.81631000000002
2018-08-26 14:00:00+00:00,89.93813399999999,138.37861999999998,0.8987999999999999,229.21555399999997
2018-08-26 15:00:00+00:00,77.60212200000001,137.824468,0.7881999999999999,216.21479
2018-08-26 16:00:00+00:00,56.22926400000001,118.09322399999999,0.5334,174.855888
2018-08-26 17:00:00+00:00,38.872782,95.51030399999999,0.35,134.733086
2018-08-26 18:00:00+00:00,24.958907999999997,77.907396,0.25339999999999996,103.119704
2018-08-26 19:00:00+00:00,16.926156,65.98332,0.19879999999999998,83.10827600000002
2018-08-26 20:00:00+00:00,12.479453999999999,57.337568,0.16659999999999997,69.983622
2018-08-26 21:00:00+00:00,12.19257,57.136504,0.1624,69.49147400000001
2018-08-26 22:00:00+00:00,11.905686,59.21825199999999,0.16799999999999998,71.291938
2018-08-26 23:00:00+00:00,13.62699,66.46146,0.17359999999999998,80.26204999999999
2018-08-27 00:00:00+00:00,14.631084,71.031988,0.1848,85.847872
2018-08-27 01:00:00+00:00,13.483547999999999,68.849708,0.1764,82.509656
2018-08-27 02:00:00+00:00,11.045034,64.759772,0.161,75.965806
2018-08-27 03:00:00+00:00,7.028658000000001,50.972176,0.12039999999999998,58.121233999999994
2018-08-27 04:00:00+00:00,6.7417739999999995,41.100424000000004,0.12179999999999998,47.963998000000004
2018-08-27 05:00:00+00:00,6.7417739999999995,29.539244,0.119,36.400018
2018-08-27 06:00:00+00:00,8.319636000000001,22.536332,0.10779999999999999,30.963768000000005
2018-08-27 07:00:00+00:00,10.75815,17.904504,0.1358,28.798454
2018-08-27 08:00:00+00:00,12.479453999999999,8.989032,0.1946,21.663086
2018-08-27 09:00:00+00:00,10.75815,4.401339999999999,0.29259999999999997,15.45209
2018-08-27 10:00:00+00:00,10.184381999999998,3.599536,0.4326,14.216517999999999
2018-08-27 11:00:00+00:00,13.340106,6.5909759999999995,0.5823999999999999,20.513482
2018-08-27 12:00:00+00:00,19.077786,14.753684,0.6901999999999999,34.52166999999999
2018-08-27 13:00:00+00:00,25.963002,28.053332,0.7238,54.740134
2018-08-27 14:00:00+00:00,36.434267999999996,37.586708,0.6958,74.716776
2018-08-27 15:00:00+00:00,54.221076,61.915452,0.616,116.752528
2018-08-27 16:00:00+00:00,56.803032,94.52214799999999,0.4466,151.77177999999998
2018-08-27 17:00:00+00:00,41.311296,92.04317599999999,0.3248,133.679272
2018-08-27 18:00:00+00:00,28.258074,77.890232,0.238,106.38630599999999
2018-08-27 19:00:00+00:00,17.643366,62.096900000000005,0.1568,79.89706600000001
2018-08-27 20:00:00+00:00,10.471265999999998,45.737156,0.0966,56.305022
2018-08-27 21:00:00+00:00,6.7417739999999995,36.912408,0.06019999999999999,43.714382
2018-08-27 22:00:00+00:00,5.307353999999999,31.468968000000004,0.0406,36.816922
2018-08-27 23:00:00+00:00,4.016376,27.908663999999998,0.0336,31.95864
2018-08-28 00:00:00+00:00,2.8688399999999996,23.156688000000003,0.0336,26.059128
2018-08-28 01:00:00+00:00,2.008188,18.507696,0.0266,20.542483999999998
2018-08-28 02:00:00+00:00,1.4344199999999998,15.638856,0.0168,17.090076
2018-08-28 03:00:00+00:00,1.004094,11.87994,0.0056,12.889634
2018-08-28 04:00:00+00:00,1.004094,8.61878,0.0042,9.627074
2018-08-28 05:00:00+00:00,0.7172099999999999,4.4601880000000005,0.0028,5.180198
2018-08-28 06:00:00+00:00,0.0,0.19616,0.0014,0.19756
2018-08-28 07:00:00+00:00,0.0,0.19616,0.0,0.19616
2018-08-28 08:00:00+00:00,0.0,1.7727959999999998,0.0028,1.7755959999999997
2018-08-28 09:00:00+00:00,0.0,2.9522079999999997,0.012599999999999998,2.9648079999999997
2018-08-28 10:00:00+00:00,0.0,2.9497560000000003,0.043399999999999994,2.9931560000000004
2018-08-28 11:00:00+00:00,0.0,1.669812,0.0896,1.759412
2018-08-28 12:00:00+00:00,0.0,1.576636,0.1582,1.734836
2018-08-28 13:00:00+00:00,2.438514,3.096876,0.25339999999999996,5.78879
2018-08-28 14:00:00+00:00,14.200758,15.589816,0.3696,30.160173999999998
2018-08-28 15:00:00+00:00,24.098256000000003,42.73836,0.5236,67.36021600000001
2018-08-28 16:00:00+00:00,48.626838000000006,85.05987999999999,0.5319999999999999,134.218718
2018-08-28 17:00:00+00:00,57.663684,95.794736,0.3598,153.81822
2018-08-28 18:00:00+00:00,40.020318,85.5135,0.1946,125.72841799999999
2018-08-28 19:00:00+00:00,20.368763999999995,62.04786,0.10219999999999999,82.518824
2018-08-28 20:00:00+00:00,11.045034,39.916108,0.049,51.010142
2018-08-28 21:00:00+00:00,6.7417739999999995,25.042276,0.0238,31.807850000000002
2018-08-28 22:00:00+00:00,4.446701999999999,16.622108,0.013999999999999999,21.08281
2018-08-28 23:00:00+00:00,3.1557239999999998,11.472908,0.0084,14.637032
2018-08-29 00:00:00+00:00,2.581956,8.802679999999999,0.0056,11.390235999999998
2018-08-29 01:00:00+00:00,2.008188,7.812072000000001,0.0028,9.823060000000002
2018-08-29 02:00:00+00:00,1.8647459999999998,8.503536,0.0014,10.369682000000001
2018-08-29 03:00:00+00:00,2.008188,9.790835999999999,0.0028,11.801824
2018-08-29 04:00:00+00:00,2.008188,7.427107999999999,0.0014,9.436696
2018-08-29 05:00:00+00:00,2.008188,10.295948,0.0,12.304136
2018-08-29 06:00:00+00:00,1.004094,16.531384,0.0,17.535477999999998
2018-08-29 07:00:00+00:00,0.0,22.23964,0.0,22.23964
2018-08-29 08:00:00+00:00,0.0,23.605403999999997,0.006999999999999999,23.612403999999998
2018-08-29 09:00:00+00:00,0.0,18.36548,0.041999999999999996,18.407480000000003
2018-08-29 10:00:00+00:00,0.0,10.953084,0.08399999999999999,11.037084
2018-08-29 11:00:00+00:00,0.0,4.6342799999999995,0.11199999999999999,4.74628
2018-08-29 12:00:00+00:00,0.0,0.6865600000000001,0.1414,0.82796
2018-08-29 13:00:00+00:00,5.02047,0.49530399999999997,0.20859999999999998,5.724374
2018-08-29 14:00:00+00:00,44.897346,33.651247999999995,0.34159999999999996,78.890194
2018-08-29 15:00:00+00:00,78.606216,91.464504,0.5124,170.58312
2018-08-29 16:00:00+00:00,75.450492,113.38048,0.49279999999999996,189.323772
2018-08-29 17:00:00+00:00,43.319483999999996,85.322244,0.2842,128.925928
2018-08-29 18:00:00+00:00,22.090068,55.253367999999995,0.14279999999999998,77.48623599999999
2018-08-29 19:00:00+00:00,11.618802,34.786524,0.08259999999999999,46.487926
2018-08-29 20:00:00+00:00,7.315542,23.37982,0.06019999999999999,30.755561999999998
2018-08-29 21:00:00+00:00,6.168005999999999,21.09946,0.0686,27.336066
2018-08-29 22:00:00+00:00,6.168005999999999,23.568624,0.0784,29.815029999999997
2018-08-29 23:00:00+00:00,6.598331999999999,28.313243999999997,0.07279999999999999,34.984376
2018-08-30 00:00:00+00:00,7.1721,32.577272,0.0658,39.815172000000004
2018-08-30 01:00:00+00:00,6.7417739999999995,31.491036,0.055999999999999994,38.28881
2018-08-30 02:00:00+00:00,5.4507959999999995,25.052084,0.049,30.55188
2018-08-30 03:00:00+00:00,3.1557239999999998,15.052828,0.0336,18.242152
2018-08-30 04:00:00+00:00,2.008188,6.053988,0.015399999999999999,8.077576
2018-08-30 05:00:00+00:00,1.1475360000000001,1.5937999999999999,0.0112,2.752536
2018-08-30 06:00:00+00:00,0.7172099999999999,0.100532,0.0084,0.8261419999999998
2018-08-30 07:00:00+00:00,0.0,0.0,0.0,0.0
2018-08-30 08:00:00+00:00,0.0,0.39232,0.0014,0.39372
2018-08-30 09:00:00+00:00,0.0,1.27504,0.0112,1.28624
2018-08-30 10:00:00+00:00,0.0,1.56928,0.091,1.66028
2018-08-30 11:00:00+00:00,0.0,2.358824,0.25339999999999996,2.612224
2018-08-30 12:00:00+00:00,0.0,9.727084000000001,0.36119999999999997,10.088284000000002
2018-08-30 13:00:00+00:00,5.594238,44.903476,0.4382,50.935914
2018-08-30 14:00:00+00:00,20.79909,61.162688,0.46199999999999997,82.42377800000001
2018-08-30 15:00:00+00:00,35.286732,82.11748,0.4662,117.870412
2018-08-30 16:00:00+00:00,46.188324,88.99043599999999,0.3514,135.53016
2018-08-30 17:00:00+00:00,32.131008,66.71646799999999,0.1904,99.037876
2018-08-30 18:00:00+00:00,18.360576000000002,46.065724,0.105,64.5313
2018-08-30 19:00:00+00:00,9.897498,28.710468,0.07139999999999999,38.679365999999995
2018-08-30 20:00:00+00:00,4.877028,18.203647999999998,0.061599999999999995,23.142275999999995
2018-08-30 21:00:00+00:00,3.1557239999999998,14.143135999999998,0.063,17.361859999999997
2018-08-30 22:00:00+00:00,2.438514,13.946976,0.07139999999999999,16.45689
2018-08-30 23:00:00+00:00,2.438514,16.624560000000002,0.07279999999999999,19.135874000000005
2018-08-31 00:00:00+00:00,2.438514,21.874292000000004,0.0644,24.377206000000005
2018-08-31 01:00:00+00:00,2.008188,26.126060000000003,0.0574,28.191648000000004
2018-08-31 02:00:00+00:00,1.4344199999999998,26.812619999999995,0.054599999999999996,28.301639999999995
2018-08-31 03:00:00+00:00,0.7172099999999999,21.464807999999998,0.036399999999999995,22.218418
2018-08-31 04:00:00+00:00,0.43032600000000004,12.27226,0.0168,12.719386
2018-08-31 05:00:00+00:00,0.43032600000000004,7.9248639999999995,0.018199999999999997,8.37339
2018-08-31 06:00:00+00:00,0.43032600000000004,6.147164,0.020999999999999998,6.59849
2018-08-31 07:00:00+00:00,0.14344200000000001,0.198612,0.0196,0.36165400000000003
2018-08-31 08:00:00+00:00,0.0,0.0,0.012599999999999998,0.012599999999999998
2018-08-31 09:00:00+00:00,0.0,0.0,0.030799999999999998,0.030799999999999998
2018-08-31 10:00:00+00:00,0.0,0.0,0.098,0.098
2018-08-31 11:00:00+00:00,0.0,0.0,0.20579999999999998,0.20579999999999998
2018-08-31 12:00:00+00:00,0.0,0.0,0.308,0.308
2018-08-31 13:00:00+00:00,0.5737680000000001,0.100532,0.3752,1.0495
2018-08-31 14:00:00+00:00,11.188476,27.457496,0.41159999999999997,39.057572
2018-08-31 15:00:00+00:00,28.114632000000004,77.760276,0.40739999999999993,106.282308
2018-08-31 16:00:00+00:00,44.897346,106.838544,0.36119999999999997,152.09708999999998
2018-08-31 17:00:00+00:00,33.278544000000004,88.60056800000001,0.2324,122.11151200000002
2018-08-31 18:00:00+00:00,15.204851999999999,58.794056,0.14279999999999998,74.141708
2018-08-31 19:00:00+00:00,6.598331999999999,36.19152,0.0938,42.883652
2018-08-31 20:00:00+00:00,3.0122820000000003,22.433348000000002,0.0644,25.51003
2018-08-31 21:00:00+00:00,1.5778619999999999,15.609432000000002,0.05179999999999999,17.239094
2018-08-31 22:00:00+00:00,1.1475360000000001,13.82928,0.0448,15.021616000000002
2018-08-31 23:00:00+00:00,1.1475360000000001,16.107188,0.0336,17.288324
2018-09-01 00:00:00+00:00,1.290978,19.275172,0.020999999999999998,20.58715
2018-09-01 01:00:00+00:00,1.4344199999999998,19.282528,0.0098,20.726747999999997
2018-09-01 02:00:00+00:00,1.5778619999999999,15.136196,0.0028,16.716858000000002
2018-09-01 03:00:00+00:00,1.290978,8.312280000000001,0.0014,9.604658
2018-09-01 04:00:00+00:00,0.7172099999999999,2.8737440000000003,0.0,3.590954
2018-09-01 05:00:00+00:00,0.28688400000000003,1.880684,0.0,2.167568
2018-09-01 06:00:00+00:00,0.0,3.35924,0.0,3.35924
2018-09-01 07:00:00+00:00,0.0,4.6342799999999995,0.0,4.6342799999999995
2018-09-01 08:00:00+00:00,0.0,5.2154039999999995,0.0,5.2154039999999995
2018-09-01 09:00:00+00:00,0.0,3.9305559999999997,0.0042,3.9347559999999997
2018-09-01 10:00:00+00:00,0.0,1.86352,0.0378,1.9013200000000001
2018-09-01 11:00:00+00:00,0.0,0.58848,0.14559999999999998,0.73408
2018-09-01 12:00:00+00:00,0.0,0.09808,0.24919999999999998,0.34728
2018-09-01 13:00:00+00:00,0.28688400000000003,0.100532,0.33319999999999994,0.7206159999999999
2018-09-01 14:00:00+00:00,19.077786,25.027563999999998,0.3864,44.49175
2018-09-01 15:00:00+00:00,34.999848,75.536312,0.41159999999999997,110.94775999999999
2018-09-01 16:00:00+00:00,42.602273999999994,94.191128,0.3094,137.10280200000003
2018-09-01 17:00:00+00:00,29.979377999999997,71.318872,0.1568,101.45505
2018-09-01 18:00:00+00:00,14.631084,45.857304,0.0784,60.566788
2018-09-01 19:00:00+00:00,7.315542,30.284652,0.049,37.649194
2018-09-01 20:00:00+00:00,2.7253979999999998,17.904504,0.034999999999999996,20.664901999999998
2018-09-01 21:00:00+00:00,1.1475360000000001,11.271844,0.030799999999999998,12.45018
2018-09-01 22:00:00+00:00,0.5737680000000001,8.400552,0.027999999999999997,9.00232
2018-09-01 23:00:00+00:00,0.43032600000000004,7.807168,0.0224,8.259894
2018-09-02 00:00:00+00:00,0.5737680000000001,7.905248,0.018199999999999997,8.497216
2018-09-02 01:00:00+00:00,0.5737680000000001,7.314316,0.012599999999999998,7.900684
2018-09-02 02:00:00+00:00,0.5737680000000001,6.424239999999999,0.006999999999999999,7.005007999999999
2018-09-02 03:00:00+00:00,0.43032600000000004,4.64654,0.0028,5.079666
2018-09-02 04:00:00+00:00,0.28688400000000003,2.079296,0.0014,2.36758
2018-09-02 05:00:00+00:00,0.14344200000000001,0.693916,0.0014,0.838758
2018-09-02 06:00:00+00:00,0.0,0.09808,0.0,0.09808
2018-09-02 07:00:00+00:00,0.0,0.0,0.0028,0.0028
2018-09-02 08:00:00+00:00,0.0,0.0,0.0238,0.0238
2018-09-02 09:00:00+00:00,0.0,0.0,0.0882,0.0882
2018-09-02 10:00:00+00:00,0.0,0.0,0.1638,0.1638
2018-09-02 11:00:00+00:00,0.14344200000000001,1.093592,0.2632,1.5002339999999998
2018-09-02 12:00:00+00:00,6.885216000000001,28.443199999999997,0.3528,35.681216
2018-09-02 13:00:00+00:00,17.643366,55.57458,0.385,73.602946
2018-09-02 14:00:00+00:00,18.360576000000002,62.234212,0.3668,80.96158799999999
2018-09-02 15:00:00+00:00,26.53677,72.969068,0.35,99.85583799999999
2018-09-02 16:00:00+00:00,36.147384,87.43832,0.40459999999999996,123.99030400000001
2018-09-02 17:00:00+00:00,29.692493999999996,78.08148800000001,0.29819999999999997,108.072182
2018-09-02 18:00:00+00:00,15.204851999999999,52.149136,0.1876,67.541588
2018-09-02 19:00:00+00:00,6.885216000000001,31.53272,0.13019999999999998,38.54813600000001
2018-09-02 20:00:00+00:00,2.7253979999999998,22.327911999999998,0.0966,25.149909999999995
2018-09-02 21:00:00+00:00,1.290978,21.432932,0.08259999999999999,22.80651
2018-09-02 22:00:00+00:00,0.43032600000000004,22.612344,0.0644,23.10707
2018-09-02 23:00:00+00:00,0.14344200000000001,22.308296000000002,0.041999999999999996,22.493738000000004
2018-09-03 00:00:00+00:00,0.14344200000000001,22.60744,0.0224,22.773282000000002
2018-09-03 01:00:00+00:00,0.14344200000000001,22.715328000000003,0.0098,22.868570000000002
2018-09-03 02:00:00+00:00,0.28688400000000003,21.839964000000002,0.0028,22.129648000000003
2018-09-03 03:00:00+00:00,0.14344200000000001,15.812948000000002,0.0014,15.957790000000003
2018-09-03 04:00:00+00:00,0.14344200000000001,5.634696,0.0,5.778138
2018-09-03 05:00:00+00:00,0.0,2.28036,0.0,2.28036
2018-09-03 06:00:00+00:00,0.14344200000000001,1.8953959999999999,0.0,2.0388379999999997
2018-09-03 07:00:00+00:00,0.0,0.198612,0.0042,0.20281200000000002
2018-09-03 08:00:00+00:00,0.0,0.885172,0.041999999999999996,0.927172
2018-09-03 09:00:00+00:00,0.14344200000000001,3.844736,0.1512,4.139378
2018-09-03 10:00:00+00:00,2.15163,12.456159999999997,0.33319999999999994,14.940989999999998
2018-09-03 11:00:00+00:00,6.3114479999999995,25.017756,0.5376,31.866804
2018-09-03 12:00:00+00:00,8.60652,35.826172,0.6607999999999999,45.093492000000005
2018-09-03 13:00:00+00:00,10.75815,42.390176000000004,0.651,53.79932600000001
2018-09-03 14:00:00+00:00,12.19257,42.377916,0.5656,55.136086000000006
2018-09-03 15:00:00+00:00,19.221228,52.995076000000005,0.44099999999999995,72.65730400000001
2018-09-03 16:00:00+00:00,27.540864000000003,70.3724,0.48439999999999994,98.39766399999999
2018-09-03 17:00:00+00:00,24.672023999999997,70.88486800000001,0.3906,95.94749200000001
2018-09-03 18:00:00+00:00,12.479453999999999,53.294219999999996,0.259,66.032674
2018-09-03 19:00:00+00:00,3.4426080000000003,34.232372,0.1582,37.83318
2018-09-03 20:00:00+00:00,0.28688400000000003,21.045516,0.0882,21.4206
2018-09-03 21:00:00+00:00,0.0,14.116164,0.05179999999999999,14.167964
2018-09-03 22:00:00+00:00,0.14344200000000001,10.163540000000001,0.0294,10.336382000000002
2018-09-03 23:00:00+00:00,0.14344200000000001,7.895439999999999,0.012599999999999998,8.051482
2018-09-04 00:00:00+00:00,0.14344200000000001,6.814108,0.0042,6.96175
2018-09-04 01:00:00+00:00,0.28688400000000003,6.819012000000001,0.0014,7.107296000000001
2018-09-04 02:00:00+00:00,0.7172099999999999,8.407908,0.0014,9.126518
2018-09-04 03:00:00+00:00,1.1475360000000001,11.090396,0.0028,12.240732000000001
2018-09-04 04:00:00+00:00,1.1475360000000001,9.420584000000002,0.0014,10.569520000000002
2018-09-04 05:00:00+00:00,2.2950720000000002,8.9498,0.0014,11.246272000000001
2018-09-04 06:00:00+00:00,7.745868,12.152111999999999,0.013999999999999999,19.911979999999996
2018-09-04 07:00:00+00:00,3.1557239999999998,1.9983799999999998,0.0406,5.194704
2018-09-04 08:00:00+00:00,1.004094,0.7968999999999999,0.0574,1.8583939999999999
2018-09-04 09:00:00+00:00,1.1475360000000001,2.483876,0.08259999999999999,3.714012
2018-09-04 10:00:00+00:00,3.872934,10.53134,0.126,14.530274
2018-09-04 11:00:00+00:00,11.762244,31.915231999999996,0.20019999999999996,43.877676
2018-09-04 12:00:00+00:00,12.766338,46.27414400000001,0.2884,59.32888200000001
2018-09-04 13:00:00+00:00,10.471265999999998,49.388184,0.3598,60.21925
2018-09-04 14:00:00+00:00,8.463078,45.6685,0.3892,54.52077800000001
2018-09-04 15:00:00+00:00,9.610614,48.23084,0.40879999999999994,58.250254
2018-09-04 16:00:00+00:00,13.913874,53.198592,0.518,67.630466
2018-09-04 17:00:00+00:00,14.917967999999998,46.48746800000001,0.40599999999999997,61.81143600000001
2018-09-04 18:00:00+00:00,9.180288000000001,32.805308000000004,0.2562,42.241796
2018-09-04 19:00:00+00:00,3.58605,19.907788,0.14559999999999998,23.639438000000002
2018-09-04 20:00:00+00:00,0.7172099999999999,10.982508,0.061599999999999995,11.761318
2018-09-04 21:00:00+00:00,0.0,5.335552,0.0196,5.3551519999999995
2018-09-04 22:00:00+00:00,0.0,2.4667120000000002,0.0028,2.4695120000000004
2018-09-04 23:00:00+00:00,0.0,1.4810079999999999,0.0,1.4810079999999999
2018-09-05 00:00:00+00:00,0.0,1.284848,0.0,1.284848
2018-09-05 01:00:00+00:00,0.14344200000000001,1.5839919999999998,0.0,1.727434
2018-09-05 02:00:00+00:00,0.14344200000000001,2.277908,0.0,2.42135
2018-09-05 03:00:00+00:00,0.14344200000000001,2.67268,0.0,2.816122
2018-09-05 04:00:00+00:00,0.0,2.3759879999999995,0.0,2.3759879999999995
2018-09-05 05:00:00+00:00,0.14344200000000001,3.373952,0.0,3.517394
2018-09-05 06:00:00+00:00,0.43032600000000004,9.621648,0.0028,10.054774000000002
2018-09-05 07:00:00+00:00,0.8606520000000001,16.148871999999997,0.0322,17.041724
2018-09-05 08:00:00+00:00,5.02047,30.927076,0.10359999999999998,36.051146
2018-09-05 09:00:00+00:00,16.926156,56.226812,0.2338,73.386768
2018-09-05 10:00:00+00:00,24.241698,79.02060399999999,0.43539999999999995,103.69770199999999
2018-09-05 11:00:00+00:00,29.262168,87.619768,0.6706,117.55253599999999
2018-09-05 12:00:00+00:00,34.712964,88.208248,0.8315999999999999,123.75281199999999
2018-09-05 13:00:00+00:00,45.040788,91.00598000000001,0.8707999999999999,136.91756800000002
2018-09-05 14:00:00+00:00,63.401363999999994,96.82947999999999,0.8133999999999999,161.044244
2018-09-05 15:00:00+00:00,68.278392,103.16299599999999,0.5963999999999999,172.03778799999998
2018-09-05 16:00:00+00:00,39.73343400000001,100.122516,0.42279999999999995,140.27875
2018-09-05 17:00:00+00:00,15.922062,67.966988,0.2814,84.17045
2018-09-05 18:00:00+00:00,4.877028,37.091404,0.1414,42.109832
2018-09-05 19:00:00+00:00,0.8606520000000001,20.246164,0.06019999999999999,21.167016
2018-09-05 20:00:00+00:00,0.28688400000000003,13.022571999999998,0.020999999999999998,13.330456
2018-09-05 21:00:00+00:00,0.28688400000000003,11.642095999999999,0.0084,11.93738
2018-09-05 22:00:00+00:00,0.43032600000000004,14.216696,0.0042,14.651222000000002
2018-09-05 23:00:00+00:00,0.5737680000000001,17.485211999999997,0.0028,18.06178
2018-09-06 00:00:00+00:00,0.5737680000000001,19.662588,0.0028,20.239156
2018-09-06 01:00:00+00:00,0.5737680000000001,19.956828,0.0056,20.536196000000004
2018-09-06 02:00:00+00:00,0.5737680000000001,17.872628,0.012599999999999998,18.458996
2018-09-06 03:00:00+00:00,0.5737680000000001,14.010728000000002,0.0224,14.606896
2018-09-06 04:00:00+00:00,0.28688400000000003,9.582416,0.0238,9.8931
2018-09-06 05:00:00+00:00,2.8688399999999996,15.869343999999998,0.07279999999999999,18.810983999999998
2018-09-06 06:00:00+00:00,9.610614,27.006328000000003,0.13999999999999999,36.756942
2018-09-06 07:00:00+00:00,17.356482,41.68154800000001,0.22119999999999998,59.25923000000001
2018-09-06 08:00:00+00:00,26.106444,61.010664,0.33599999999999997,87.453108
2018-09-06 09:00:00+00:00,36.003942,85.59196399999999,0.4648,122.06070599999998
2018-09-06 10:00:00+00:00,46.044882,105.52181999999999,0.6005999999999999,152.16730199999998
2018-09-06 11:00:00+00:00,56.946474,121.10182800000001,0.7308,178.779102
2018-09-06 12:00:00+00:00,67.41774,131.638072,0.8133999999999999,199.869212
2018-09-06 13:00:00+00:00,72.007884,135.531848,0.8217999999999999,208.361532
2018-09-06 14:00:00+00:00,65.839878,134.242096,0.7588,200.840774
2018-09-06 15:00:00+00:00,48.77028,119.917512,0.5922,169.279992
2018-09-06 16:00:00+00:00,27.97119,97.170308,0.3598,125.50129800000002
2018-09-06 17:00:00+00:00,14.774526,76.69856,0.2394,91.712486
2018-09-06 18:00:00+00:00,5.307353999999999,52.762136,0.1582,58.227689999999996
2018-09-06 19:00:00+00:00,0.8606520000000001,33.109356000000005,0.10079999999999999,34.07080800000001
2018-09-06 20:00:00+00:00,0.14344200000000001,20.126016,0.06019999999999999,20.329658
2018-09-06 21:00:00+00:00,0.28688400000000003,14.785559999999998,0.043399999999999994,15.115844
2018-09-06 22:00:00+00:00,0.5737680000000001,14.005824,0.0336,14.613192
2018-09-06 23:00:00+00:00,0.7172099999999999,14.020536,0.027999999999999997,14.765746
2018-09-07 00:00:00+00:00,0.5737680000000001,11.955952,0.027999999999999997,12.55772
2018-09-07 01:00:00+00:00,0.43032600000000004,7.606104,0.0294,8.065830000000002
2018-09-07 02:00:00+00:00,0.28688400000000003,3.258708,0.036399999999999995,3.581992
2018-09-07 03:00:00+00:00,0.28688400000000003,0.8876240000000001,0.0476,1.2221080000000002
2018-09-07 04:00:00+00:00,0.14344200000000001,0.693916,0.0644,0.9017580000000001
2018-09-07 05:00:00+00:00,2.2950720000000002,2.098912,0.119,4.512983999999999
2018-09-07 06:00:00+00:00,5.594238,4.984916,0.1596,10.738753999999998
2018-09-07 07:00:00+00:00,9.897498,14.704643999999998,0.21839999999999998,24.820542
2018-09-07 08:00:00+00:00,15.06141,30.566632,0.301,45.929042
2018-09-07 09:00:00+00:00,19.221228,47.022004,0.40319999999999995,66.646432
2018-09-07 10:00:00+00:00,23.237604,61.687416,0.5362,85.46122
2018-09-07 11:00:00+00:00,30.409703999999998,74.67075600000001,0.6803999999999999,105.76086000000002
2018-09-07 12:00:00+00:00,40.88097,82.70596,0.7937999999999998,124.38073
2018-09-07 13:00:00+00:00,53.790749999999996,93.23975200000001,0.8483999999999999,147.878902
2018-09-07 14:00:00+00:00,68.995602,110.24192,0.84,180.07752200000002
2018-09-07 15:00:00+00:00,78.032448,123.67887999999999,0.7462,202.45752799999997
2018-09-07 16:00:00+00:00,62.253828,120.003332,0.4774,182.73456
2018-09-07 17:00:00+00:00,40.88097,103.96234799999999,0.2842,145.12751799999998
2018-09-07 18:00:00+00:00,27.110538,80.788496,0.20719999999999997,108.106234
2018-09-07 19:00:00+00:00,19.221228,63.023756000000006,0.16659999999999997,82.411584
2018-09-07 20:00:00+00:00,12.90978,51.028572,0.1414,64.079752
2018-09-07 21:00:00+00:00,8.176194,37.939796,0.1162,46.23219
2018-09-07 22:00:00+00:00,5.02047,27.231912,0.098,32.350382
2018-09-07 23:00:00+00:00,3.2991659999999996,20.788055999999997,0.0812,24.168421999999996
2018-09-08 00:00:00+00:00,2.2950720000000002,17.119864,0.061599999999999995,19.476536
2018-09-08 01:00:00+00:00,1.290978,15.03076,0.036399999999999995,16.358138
2018-09-08 02:00:00+00:00,0.28688400000000003,11.259584,0.018199999999999997,11.564668000000001
2018-09-08 03:00:00+00:00,0.14344200000000001,7.397684000000001,0.012599999999999998,7.553726000000001
2018-09-08 04:00:00+00:00,0.14344200000000001,6.022112,0.049,6.214554000000001
2018-09-08 05:00:00+00:00,1.5778619999999999,7.826784,0.091,9.495645999999999
2018-09-08 06:00:00+00:00,4.016376,8.346608,0.10779999999999999,12.470784
2018-09-08 07:00:00+00:00,5.02047,6.772424000000001,0.1344,11.927294
2018-09-08 08:00:00+00:00,7.6024259999999995,10.349891999999999,0.1876,18.139917999999998
2018-09-08 09:00:00+00:00,12.90978,19.883268,0.2716,33.064648
2018-09-08 10:00:00+00:00,17.21304,36.551964,0.3668,54.131803999999995
2018-09-08 11:00:00+00:00,21.229415999999997,47.458459999999995,0.4871999999999999,69.17507599999999
2018-09-08 12:00:00+00:00,28.6884,59.360468,0.6258,88.674668
2018-09-08 13:00:00+00:00,40.020318,72.66502,0.7,113.385338
2018-09-08 14:00:00+00:00,57.3768,92.04808,0.7182,150.14308
2018-09-08 15:00:00+00:00,72.43821,114.11607999999998,0.6621999999999999,187.21649
2018-09-08 16:00:00+00:00,59.67187199999999,118.642472,0.42419999999999997,178.73854400000002
2018-09-08 17:00:00+00:00,38.01213,102.19690800000001,0.30379999999999996,140.51283800000002
2018-09-08 18:00:00+00:00,19.794996,73.734092,0.1848,93.713888
2018-09-08 19:00:00+00:00,8.893403999999999,45.7298,0.0966,54.719803999999996
2018-09-08 20:00:00+00:00,2.8688399999999996,26.596843999999997,0.0406,29.506283999999997
2018-09-08 21:00:00+00:00,0.5737680000000001,15.003788,0.012599999999999998,15.590156
2018-09-08 22:00:00+00:00,0.14344200000000001,8.076888,0.0042,8.224530000000001
2018-09-08 23:00:00+00:00,0.0,3.9305559999999997,0.0014,3.9319559999999996
2018-09-09 00:00:00+00:00,0.0,1.56928,0.0014,1.57068
2018-09-09 01:00:00+00:00,0.0,0.4904,0.0,0.4904
2018-09-09 02:00:00+00:00,0.0,0.19616,0.0014,0.19756
2018-09-09 03:00:00+00:00,0.14344200000000001,0.09808,0.0028,0.244322
2018-09-09 04:00:00+00:00,0.0,0.0,0.0014,0.0014
2018-09-09 05:00:00+00:00,0.0,0.0,0.0028,0.0028
2018-09-09 06:00:00+00:00,0.0,0.0,0.0028,0.0028
2018-09-09 07:00:00+00:00,0.0,0.0,0.0112,0.0112
2018-09-09 08:00:00+00:00,0.0,0.0,0.043399999999999994,0.043399999999999994
2018-09-09 09:00:00+00:00,0.14344200000000001,1.088688,0.091,1.3231300000000001
2018-09-09 10:00:00+00:00,1.8647459999999998,7.843947999999999,0.1582,9.866894
2018-09-09 11:00:00+00:00,7.889309999999999,26.614008000000002,0.2772,34.780518
2018-09-09 12:00:00+00:00,15.635178,44.28802400000001,0.42839999999999995,60.35160200000001
2018-09-09 13:00:00+00:00,20.08188,48.630516,0.5544,69.266796
2018-09-09 14:00:00+00:00,31.413798,55.871272,0.637,87.92206999999999
2018-09-09 15:00:00+00:00,53.216981999999994,75.026296,0.63,128.873278
2018-09-09 16:00:00+00:00,62.540712,105.713076,0.4662,168.71998799999997
2018-09-09 17:00:00+00:00,39.016224,105.26681199999999,0.3248,144.607836
2018-09-09 18:00:00+00:00,15.491736,75.68097999999999,0.21839999999999998,91.391116
2018-09-09 19:00:00+00:00,6.168005999999999,47.573704000000006,0.1316,53.873310000000004
2018-09-09 20:00:00+00:00,2.438514,31.912780000000005,0.0756,34.426894000000004
2018-09-09 21:00:00+00:00,0.8606520000000001,22.504456,0.0462,23.411308000000002
2018-09-09 22:00:00+00:00,0.28688400000000003,16.960484,0.0336,17.280968
2018-09-09 23:00:00+00:00,0.14344200000000001,12.610636000000001,0.020999999999999998,12.775078000000002
2018-09-10 00:00:00+00:00,0.14344200000000001,8.957156,0.013999999999999999,9.114597999999999
2018-09-10 01:00:00+00:00,0.0,6.098124,0.0098,6.107924000000001
2018-09-10 02:00:00+00:00,0.0,3.7343960000000003,0.006999999999999999,3.7413960000000004
2018-09-10 03:00:00+00:00,0.0,1.865972,0.0056,1.871572
2018-09-10 04:00:00+00:00,0.0,1.7727959999999998,0.020999999999999998,1.7937959999999997
2018-09-10 05:00:00+00:00,1.290978,4.4601880000000005,0.0448,5.795966000000001
2018-09-10 06:00:00+00:00,1.8647459999999998,1.5962519999999998,0.041999999999999996,3.5029979999999994
2018-09-10 07:00:00+00:00,0.5737680000000001,0.100532,0.0406,0.7149
2018-09-10 08:00:00+00:00,0.14344200000000001,0.0,0.0532,0.196642
2018-09-10 09:00:00+00:00,0.14344200000000001,0.0,0.0812,0.224642
2018-09-10 10:00:00+00:00,0.14344200000000001,0.09808,0.119,0.360522
2018-09-10 11:00:00+00:00,0.5737680000000001,0.7919959999999999,0.189,1.554764
2018-09-10 12:00:00+00:00,1.8647459999999998,4.2689319999999995,0.2814,6.415077999999999
2018-09-10 13:00:00+00:00,5.881122,19.353636,0.3668,25.601558000000004
2018-09-10 14:00:00+00:00,9.610614,30.473456,0.44939999999999997,40.533469999999994
2018-09-10 15:00:00+00:00,17.499924,51.256608,0.49279999999999996,69.249332
2018-09-10 16:00:00+00:00,34.856406,78.02264,0.4452,113.32424599999999
2018-09-10 17:00:00+00:00,40.88097,82.81630000000001,0.322,124.01927
2018-09-10 18:00:00+00:00,28.401516,73.076956,0.2338,101.712272
2018-09-10 19:00:00+00:00,15.635178,53.3923,0.175,69.202478
2018-09-10 20:00:00+00:00,9.754056,37.316988,0.12459999999999999,47.195644
2018-09-10 21:00:00+00:00,6.3114479999999995,28.889463999999997,0.08399999999999999,35.284912
2018-09-10 22:00:00+00:00,3.7294919999999996,24.524904000000003,0.0448,28.299196000000002
2018-09-10 23:00:00+00:00,2.2950720000000002,22.734944,0.015399999999999999,25.045416
2018-09-11 00:00:00+00:00,1.5778619999999999,22.134204,0.0028,23.714866
2018-09-11 01:00:00+00:00,1.1475360000000001,19.956828,0.0,21.104364
2018-09-11 02:00:00+00:00,1.1475360000000001,18.483176,0.0014,19.632112
2018-09-11 03:00:00+00:00,1.8647459999999998,19.292336000000002,0.018199999999999997,21.175282000000003
2018-09-11 04:00:00+00:00,2.008188,13.971496000000002,0.0196,15.999284000000003
2018-09-11 05:00:00+00:00,1.290978,10.791252,0.0042,12.08643
2018-09-11 06:00:00+00:00,0.14344200000000001,6.32616,0.0,6.469602
2018-09-11 07:00:00+00:00,0.0,4.146332,0.0,4.146332
2018-09-11 08:00:00+00:00,0.0,3.351884,0.0,3.351884
2018-09-11 09:00:00+00:00,0.0,2.46426,0.0,2.46426
2018-09-11 10:00:00+00:00,0.0,1.378024,0.0,1.378024
2018-09-11 11:00:00+00:00,0.0,0.29424,0.0028,0.29704
2018-09-11 12:00:00+00:00,0.0,0.09808,0.0266,0.12468
2018-09-11 13:00:00+00:00,5.737679999999999,0.201064,0.077,6.015743999999999
2018-09-11 14:00:00+00:00,21.5163,9.025812000000002,0.1722,30.714312000000003
2018-09-11 15:00:00+00:00,30.696588,42.493159999999996,0.3444,73.53414799999999
2018-09-11 16:00:00+00:00,32.561334,68.452484,0.3752,101.38901800000001
2018-09-11 17:00:00+00:00,22.376952,58.409091999999994,0.2352,81.021244
2018-09-11 18:00:00+00:00,14.3442,42.954136,0.12179999999999998,57.420136
2018-09-11 19:00:00+00:00,7.6024259999999995,31.412572,0.077,39.091998
2018-09-11 20:00:00+00:00,3.7294919999999996,22.96298,0.05179999999999999,26.744272000000002
2018-09-11 21:00:00+00:00,1.5778619999999999,14.0377,0.0336,15.649161999999999
2018-09-11 22:00:00+00:00,0.43032600000000004,6.809204,0.0238,7.26333
2018-09-11 23:00:00+00:00,0.14344200000000001,3.05274,0.0238,3.219982
2018-09-12 00:00:00+00:00,0.14344200000000001,2.265648,0.041999999999999996,2.4510899999999998
2018-09-12 01:00:00+00:00,1.004094,3.0650000000000004,0.0798,4.148894
2018-09-12 02:00:00+00:00,2.8688399999999996,4.9579439999999995,0.126,7.952783999999999
2018-09-12 03:00:00+00:00,5.163912,7.851304000000001,0.16799999999999998,13.183216
2018-09-12 04:00:00+00:00,3.872934,6.274668,0.0896,10.237202
2018-09-12 05:00:00+00:00,0.28688400000000003,1.20148,0.0322,1.5205640000000002
2018-09-12 06:00:00+00:00,0.0,2.187184,0.0112,2.198384
2018-09-12 07:00:00+00:00,0.0,19.280076,0.0042,19.284276000000002
2018-09-12 08:00:00+00:00,0.14344200000000001,43.716708,0.0224,43.882549999999995
2018-09-12 09:00:00+00:00,2.8688399999999996,63.121836,0.08399999999999999,66.07467600000001
2018-09-12 10:00:00+00:00,11.475359999999998,72.94209599999999,0.1792,84.59665599999998
2018-09-12 11:00:00+00:00,21.372858,78.522848,0.24639999999999998,100.14210599999998
2018-09-12 12:00:00+00:00,30.696588,77.076168,0.26039999999999996,108.03315599999999
2018-09-12 13:00:00+00:00,26.53677,62.761392,0.29119999999999996,89.58936200000001
2018-09-12 14:00:00+00:00,19.938438,57.447908,0.3528,77.739146
2018-09-12 15:00:00+00:00,22.520394,67.591832,0.4438,90.55602599999999
2018-09-12 16:00:00+00:00,25.963002,48.689364,0.41859999999999997,75.070966
2018-09-12 17:00:00+00:00,13.483547999999999,20.7807,0.21559999999999999,34.479848
2018-09-12 18:00:00+00:00,4.016376,8.248528,0.0686,12.333504000000001
2018-09-12 19:00:00+00:00,1.4344199999999998,3.87416,0.0168,5.325379999999999
2018-09-12 20:00:00+00:00,0.5737680000000001,1.093592,0.0056,1.67296
2018-09-12 21:00:00+00:00,0.14344200000000001,0.09808,0.0056,0.247122
2018-09-12 22:00:00+00:00,0.0,0.29424,0.012599999999999998,0.30684
2018-09-12 23:00:00+00:00,0.0,1.27504,0.0294,1.30444
2018-09-13 00:00:00+00:00,0.0,3.830024,0.025199999999999997,3.8552239999999998
2018-09-13 01:00:00+00:00,0.0,7.5766800000000005,0.0196,7.59628
2018-09-13 02:00:00+00:00,0.0,7.186812,0.018199999999999997,7.205012
2018-09-13 03:00:00+00:00,0.0,2.9497560000000003,0.0266,2.9763560000000004
2018-09-13 04:00:00+00:00,0.0,0.09808,0.020999999999999998,0.11907999999999999
2018-09-13 05:00:00+00:00,0.14344200000000001,0.0,0.013999999999999999,0.15744200000000003
2018-09-13 06:00:00+00:00,0.0,0.0,0.025199999999999997,0.025199999999999997
2018-09-13 07:00:00+00:00,0.0,0.0,0.0574,0.0574
2018-09-13 08:00:00+00:00,0.0,0.09808,0.14559999999999998,0.24367999999999998
2018-09-13 09:00:00+00:00,0.0,4.121812,0.252,4.373812
2018-09-13 10:00:00+00:00,3.7294919999999996,51.41353599999999,0.31779999999999997,55.46082799999999
2018-09-13 11:00:00+00:00,40.73752799999999,105.00199599999999,0.40599999999999997,146.145524
2018-09-13 12:00:00+00:00,28.258074,89.48328799999999,0.5725999999999999,118.31396199999998
2018-09-13 13:00:00+00:00,23.811372,80.844892,0.6678,105.32406399999999
2018-09-13 14:00:00+00:00,30.409703999999998,73.148064,0.5823999999999999,104.14016800000002
2018-09-13 15:00:00+00:00,40.73752799999999,72.22366,0.41159999999999997,113.37278799999999
2018-09-13 16:00:00+00:00,41.88506399999999,86.14611599999999,0.3248,128.35598
2018-09-13 17:00:00+00:00,31.126914,72.99604000000001,0.24779999999999996,104.370754
2018-09-13 18:00:00+00:00,16.926156,52.725356000000005,0.19879999999999998,69.850312
2018-09-13 19:00:00+00:00,7.745868,38.523371999999995,0.196,46.465239999999994
2018-09-13 20:00:00+00:00,4.877028,32.866608,0.1918,37.935436
2018-09-13 21:00:00+00:00,4.877028,37.123279999999994,0.17779999999999999,42.178107999999995
2018-09-13 22:00:00+00:00,6.168005999999999,44.756356,0.154,51.078362
2018-09-13 23:00:00+00:00,6.168005999999999,47.625196,0.12319999999999999,53.916402
2018-09-14 00:00:00+00:00,5.163912,48.809512,0.11199999999999999,54.085423999999996
2018-09-14 01:00:00+00:00,3.4426080000000003,47.711016,0.10219999999999999,51.255824000000004
2018-09-14 02:00:00+00:00,2.2950720000000002,44.734288,0.0798,47.109159999999996
2018-09-14 03:00:00+00:00,1.004094,36.122864,0.05039999999999999,37.177358000000005
2018-09-14 04:00:00+00:00,1.7213040000000002,33.854764,0.0658,35.64186800000001
2018-09-14 05:00:00+00:00,5.163912,35.181295999999996,0.17359999999999998,40.518808
2018-09-14 06:00:00+00:00,11.045034,37.324343999999996,0.25479999999999997,48.624178
2018-09-14 07:00:00+00:00,17.21304,37.179676,0.308,54.700716
2018-09-14 08:00:00+00:00,20.79909,17.477856,0.322,38.598946
2018-09-14 09:00:00+00:00,19.077786,6.921996,0.33319999999999994,26.332982
2018-09-14 10:00:00+00:00,14.631084,3.5137159999999996,0.3668,18.5116
2018-09-14 11:00:00+00:00,14.057316000000002,4.506776,0.44799999999999995,19.012092000000003
2018-09-14 12:00:00+00:00,19.794996,16.050792,0.5389999999999999,36.384788
2018-09-14 13:00:00+00:00,25.532676,40.619832,0.602,66.754508
2018-09-14 14:00:00+00:00,36.290825999999996,56.589708,0.6188,93.49933399999999
2018-09-14 15:00:00+00:00,53.503865999999995,82.009592,0.5459999999999999,136.05945799999998
2018-09-14 16:00:00+00:00,59.67187199999999,99.860152,0.43119999999999997,159.96322399999997
2018-09-14 17:00:00+00:00,44.897346,91.873988,0.34859999999999997,137.119934
2018-09-14 18:00:00+00:00,27.827748,74.78109599999999,0.2646,102.87344399999999
2018-09-14 19:00:00+00:00,16.926156,54.407428,0.1694,71.502984
2018-09-14 20:00:00+00:00,9.897498,36.748124,0.08259999999999999,46.728221999999995
2018-09-14 21:00:00+00:00,4.016376,26.02798,0.036399999999999995,30.080756
2018-09-14 22:00:00+00:00,1.1475360000000001,18.681788,0.020999999999999998,19.850324
2018-09-14 23:00:00+00:00,0.28688400000000003,13.728748,0.015399999999999999,14.031032
2018-09-15 00:00:00+00:00,0.14344200000000001,10.56812,0.013999999999999999,10.725562
2018-09-15 01:00:00+00:00,0.28688400000000003,9.094467999999999,0.0168,9.398152
2018-09-15 02:00:00+00:00,0.7172099999999999,8.611424,0.018199999999999997,9.346834
2018-09-15 03:00:00+00:00,1.4344199999999998,9.513760000000001,0.018199999999999997,10.966380000000001
2018-09-15 04:00:00+00:00,2.15163,8.628588,0.0084,10.788618000000001
2018-09-15 05:00:00+00:00,3.58605,9.236684,0.012599999999999998,12.835334000000001
2018-09-15 06:00:00+00:00,2.2950720000000002,5.264443999999999,0.0056,7.565116
2018-09-15 07:00:00+00:00,0.0,0.09808,0.0014,0.09948
2018-09-15 08:00:00+00:00,0.0,0.0,0.0028,0.0028
2018-09-15 09:00:00+00:00,0.0,0.09808,0.015399999999999999,0.11348
2018-09-15 10:00:00+00:00,0.0,0.29424,0.0462,0.34044
2018-09-15 11:00:00+00:00,0.0,0.9808,0.11059999999999999,1.0914
2018-09-15 12:00:00+00:00,0.0,2.162664,0.19739999999999996,2.360064
2018-09-15 13:00:00+00:00,0.7172099999999999,7.446724,0.29259999999999997,8.456534
2018-09-15 14:00:00+00:00,9.897498,31.554788,0.371,41.823286
2018-09-15 15:00:00+00:00,19.794996,58.171248000000006,0.42979999999999996,78.396044
2018-09-15 16:00:00+00:00,36.434267999999996,76.357732,0.42279999999999995,113.2148
2018-09-15 17:00:00+00:00,45.471114,72.25553599999999,0.29819999999999997,118.02484999999999
2018-09-15 18:00:00+00:00,29.835935999999997,64.38216399999999,0.20859999999999998,94.4267
2018-09-15 19:00:00+00:00,13.770432000000001,46.963156000000005,0.1442,60.877788
2018-09-15 20:00:00+00:00,7.889309999999999,32.47674,0.0882,40.45425
2018-09-15 21:00:00+00:00,5.163912,22.467675999999997,0.05039999999999999,27.681987999999997
2018-09-15 22:00:00+00:00,3.1557239999999998,15.332356,0.0266,18.51468
2018-09-15 23:00:00+00:00,2.2950720000000002,10.977604,0.012599999999999998,13.285276000000001
2018-09-16 00:00:00+00:00,1.8647459999999998,8.307376000000001,0.0056,10.177722000000001
2018-09-16 01:00:00+00:00,1.7213040000000002,6.823915999999999,0.0014,8.546619999999999
2018-09-16 02:00:00+00:00,1.5778619999999999,6.431596000000001,0.0,8.009458
2018-09-16 03:00:00+00:00,1.5778619999999999,7.326575999999999,0.0,8.904437999999999
2018-09-16 04:00:00+00:00,1.7213040000000002,7.039692,0.0,8.760996
2018-09-16 05:00:00+00:00,1.7213040000000002,5.852924,0.0,7.574228
2018-09-16 06:00:00+00:00,0.7172099999999999,1.883136,0.0,2.600346
2018-09-16 07:00:00+00:00,0.0,0.09808,0.0,0.09808
2018-09-16 08:00:00+00:00,0.0,0.19616,0.0,0.19616
2018-09-16 09:00:00+00:00,0.0,2.5623400000000003,0.0056,2.56794
2018-09-16 10:00:00+00:00,0.0,7.802264000000001,0.0392,7.841464000000001
2018-09-16 11:00:00+00:00,0.28688400000000003,13.353591999999999,0.10359999999999998,13.744076
2018-09-16 12:00:00+00:00,5.4507959999999995,23.718196,0.20159999999999997,29.370592
2018-09-16 13:00:00+00:00,18.934344,52.05596,0.31079999999999997,71.301104
2018-09-16 14:00:00+00:00,19.077786,59.939139999999995,0.40179999999999993,79.41872599999999
2018-09-16 15:00:00+00:00,30.696588,74.555512,0.4746,105.72669999999998
2018-09-16 16:00:00+00:00,55.512054000000006,95.74814799999999,0.413,151.673202
2018-09-16 17:00:00+00:00,54.50796,95.77512,0.28559999999999997,150.56867999999997
2018-09-16 18:00:00+00:00,30.840030000000002,74.27108,0.175,105.28611
2018-09-16 19:00:00+00:00,15.635178,51.805856,0.10779999999999999,67.548834
2018-09-16 20:00:00+00:00,9.323730000000001,40.99744,0.07139999999999999,50.39256999999999
2018-09-16 21:00:00+00:00,6.598331999999999,35.541740000000004,0.06019999999999999,42.200272000000005
2018-09-16 22:00:00+00:00,5.02047,32.861704,0.0574,37.93957400000001
2018-09-16 23:00:00+00:00,4.016376,28.497144,0.0532,32.56672
2018-09-17 00:00:00+00:00,2.7253979999999998,23.644636,0.034999999999999996,26.405033999999997
2018-09-17 01:00:00+00:00,2.8688399999999996,18.598419999999997,0.018199999999999997,21.485459999999996
2018-09-17 02:00:00+00:00,2.8688399999999996,14.341747999999999,0.0098,17.220387999999996
2018-09-17 03:00:00+00:00,2.2950720000000002,10.781443999999999,0.0042,13.080715999999999
2018-09-17 04:00:00+00:00,1.4344199999999998,5.740132,0.0028,7.177352
2018-09-17 05:00:00+00:00,1.004094,2.974276,0.0042,3.98257
2018-09-17 06:00:00+00:00,0.14344200000000001,0.296692,0.0014,0.44153400000000004
2018-09-17 07:00:00+00:00,0.0,0.0,0.0,0.0
2018-09-17 08:00:00+00:00,0.0,0.4904,0.0,0.4904
2018-09-17 09:00:00+00:00,0.0,2.84432,0.0,2.84432
2018-09-17 10:00:00+00:00,0.0,5.494932,0.0042,5.499132
2018-09-17 11:00:00+00:00,0.0,10.808416000000001,0.049,10.857416
2018-09-17 12:00:00+00:00,0.43032600000000004,26.265824,0.126,26.82215
2018-09-17 13:00:00+00:00,10.327824,59.90481200000001,0.2366,70.46923600000001
2018-09-17 14:00:00+00:00,13.340106,59.603216,0.3822,73.325522
2018-09-17 15:00:00+00:00,16.208946,55.878628000000006,0.5222,72.609774
2018-09-17 16:00:00+00:00,29.549052,57.771572,0.4662,87.786824
2018-09-17 17:00:00+00:00,40.020318,62.29306,0.2716,102.584978
2018-09-17 18:00:00+00:00,24.672023999999997,60.584016000000005,0.12319999999999999,85.37924
2018-09-17 19:00:00+00:00,9.180288000000001,42.277384000000005,0.054599999999999996,51.512272
2018-09-17 20:00:00+00:00,3.4426080000000003,24.922128,0.0196,28.384336
2018-09-17 21:00:00+00:00,1.290978,14.82234,0.0056,16.118918
2018-09-17 22:00:00+00:00,0.7172099999999999,10.470040000000001,0.0028,11.190050000000001
2018-09-17 23:00:00+00:00,0.5737680000000001,8.792872,0.0028,9.369439999999999
2018-09-18 00:00:00+00:00,0.43032600000000004,7.706636,0.0014,8.138362
2018-09-18 01:00:00+00:00,0.28688400000000003,6.027015999999999,0.0,6.3138999999999985
2018-09-18 02:00:00+00:00,0.14344200000000001,3.65348,0.0,3.796922
2018-09-18 03:00:00+00:00,0.0,1.7776999999999998,0.0,1.7776999999999998
2018-09-18 04:00:00+00:00,0.0,0.593384,0.0,0.593384
2018-09-18 05:00:00+00:00,0.0,0.100532,0.0,0.100532
2018-09-18 06:00:00+00:00,0.0,0.0,0.0,0.0
2018-09-18 07:00:00+00:00,0.0,0.58848,0.0,0.58848
2018-09-18 08:00:00+00:00,0.0,3.13856,0.0084,3.14696
2018-09-18 09:00:00+00:00,0.0,10.313112,0.05179999999999999,10.364912
2018-09-18 10:00:00+00:00,0.28688400000000003,30.7726,0.12459999999999999,31.184084000000002
2018-09-18 11:00:00+00:00,8.463078,60.745847999999995,0.24359999999999996,69.45252599999999
2018-09-18 12:00:00+00:00,18.790902,73.466824,0.39479999999999993,92.65252600000001
2018-09-18 13:00:00+00:00,22.376952,70.28658,0.5264,93.189932
2018-09-18 14:00:00+00:00,31.270356,74.49176,0.5851999999999999,106.34731599999999
2018-09-18 15:00:00+00:00,47.766186000000005,88.37008,0.5628,136.69906600000002
2018-09-18 16:00:00+00:00,59.958755999999994,104.408612,0.4256,164.792968
2018-09-18 17:00:00+00:00,35.8605,91.44243599999999,0.3192,127.62213599999998
2018-09-18 18:00:00+00:00,12.19257,56.932987999999995,0.20579999999999998,69.331358
2018-09-18 19:00:00+00:00,3.872934,33.619372,0.11059999999999999,37.602906
2018-09-18 20:00:00+00:00,1.004094,21.734528,0.05179999999999999,22.790422
2018-09-18 21:00:00+00:00,0.28688400000000003,16.884472,0.0266,17.197955999999998
2018-09-18 22:00:00+00:00,0.28688400000000003,16.08512,0.0196,16.391604
2018-09-18 23:00:00+00:00,0.28688400000000003,16.175844,0.015399999999999999,16.478128
2018-09-19 00:00:00+00:00,0.28688400000000003,15.967424000000001,0.015399999999999999,16.269708
2018-09-19 01:00:00+00:00,0.28688400000000003,15.069992000000001,0.015399999999999999,15.372276000000001
2018-09-19 02:00:00+00:00,0.5737680000000001,14.076932,0.0168,14.667499999999999
2018-09-19 03:00:00+00:00,0.8606520000000001,11.607768,0.0224,12.49082
2018-09-19 04:00:00+00:00,0.43032600000000004,7.481052,0.018199999999999997,7.929578
2018-09-19 05:00:00+00:00,0.28688400000000003,10.59264,0.0266,10.906124
2018-09-19 06:00:00+00:00,1.290978,9.646168,0.0392,10.976345999999998
2018-09-19 07:00:00+00:00,1.290978,2.8860040000000002,0.061599999999999995,4.238582000000001
2018-09-19 08:00:00+00:00,1.7213040000000002,2.974276,0.10219999999999999,4.79778
2018-09-19 09:00:00+00:00,2.581956,3.7638199999999995,0.1512,6.496975999999999
2018-09-19 10:00:00+00:00,3.58605,6.730739999999999,0.21839999999999998,10.53519
2018-09-19 11:00:00+00:00,7.1721,16.141516,0.3164,23.630016
2018-09-19 12:00:00+00:00,11.905686,33.008824,0.41439999999999994,45.32890999999999
2018-09-19 13:00:00+00:00,15.922062,38.650876,0.4788,55.05173799999999
2018-09-19 14:00:00+00:00,22.807278,43.115967999999995,0.504,66.427246
2018-09-19 15:00:00+00:00,37.438362000000005,59.62528400000001,0.44939999999999997,97.513046
2018-09-19 16:00:00+00:00,44.180136,80.906192,0.371,125.457328
2018-09-19 17:00:00+00:00,31.700681999999997,78.395344,0.2842,110.380226
2018-09-19 18:00:00+00:00,16.065504,61.255863999999995,0.1834,77.504768
2018-09-19 19:00:00+00:00,6.885216000000001,41.968432,0.098,48.951648
2018-09-19 20:00:00+00:00,2.581956,28.183288,0.041999999999999996,30.807244000000004
2018-09-19 21:00:00+00:00,1.004094,21.24658,0.018199999999999997,22.268874
2018-09-19 22:00:00+00:00,0.43032600000000004,17.485211999999997,0.0084,17.923938
2018-09-19 23:00:00+00:00,0.28688400000000003,14.224052,0.0028,14.513736000000002
2018-09-20 00:00:00+00:00,0.14344200000000001,11.458196000000001,0.0014,11.603038000000002
2018-09-20 01:00:00+00:00,0.14344200000000001,9.28082,0.0,9.424262
2018-09-20 02:00:00+00:00,0.14344200000000001,6.907284000000001,0.0,7.050726000000001
2018-09-20 03:00:00+00:00,0.14344200000000001,5.328196,0.0014,5.473038000000001
2018-09-20 04:00:00+00:00,0.14344200000000001,3.35924,0.0014,3.5040819999999995
2018-09-20 05:00:00+00:00,0.43032600000000004,3.2734199999999998,0.0014,3.7051459999999996
2018-09-20 06:00:00+00:00,0.43032600000000004,0.29914399999999997,0.0,0.7294700000000001
2018-09-20 07:00:00+00:00,0.0,0.0,0.0,0.0
2018-09-20 08:00:00+00:00,0.0,0.0,0.0,0.0
2018-09-20 09:00:00+00:00,0.0,0.9808,0.0014,0.9822
2018-09-20 10:00:00+00:00,0.0,2.6481600000000003,0.020999999999999998,2.66916
2018-09-20 11:00:00+00:00,0.0,6.291832,0.08399999999999999,6.375832
2018-09-20 12:00:00+00:00,0.43032600000000004,14.716904,0.16519999999999999,15.31243
2018-09-20 13:00:00+00:00,4.877028,35.325964,0.2758,40.478792
2018-09-20 14:00:00+00:00,9.897498,42.571624,0.41719999999999996,52.886322
2018-09-20 15:00:00+00:00,19.508112,55.140575999999996,0.504,75.152688
2018-09-20 16:00:00+00:00,39.44655,67.66293999999999,0.4788,107.58829
2018-09-20 17:00:00+00:00,41.024412,73.35158,0.322,114.697992
2018-09-20 18:00:00+00:00,23.237604,64.877468,0.19879999999999998,88.313872
2018-09-20 19:00:00+00:00,10.04094,40.43348,0.11199999999999999,50.586420000000004
2018-09-20 20:00:00+00:00,5.307353999999999,22.985048,0.0532,28.345602
2018-09-20 21:00:00+00:00,2.7253979999999998,13.076516000000002,0.0224,15.824314000000001
2018-09-20 22:00:00+00:00,1.1475360000000001,7.721347999999999,0.0084,8.877284
2018-09-20 23:00:00+00:00,0.43032600000000004,4.450379999999999,0.0028,4.883505999999999
2018-09-21 00:00:00+00:00,0.14344200000000001,2.8663879999999997,0.0014,3.0112299999999994
2018-09-21 01:00:00+00:00,0.14344200000000001,2.2730040000000002,0.0014,2.417846
2018-09-21 02:00:00+00:00,0.14344200000000001,2.471616,0.0,2.615058
2018-09-21 03:00:00+00:00,0.14344200000000001,2.471616,0.0,2.615058
2018-09-21 04:00:00+00:00,0.14344200000000001,1.7826039999999999,0.0,1.926046
2018-09-21 05:00:00+00:00,0.14344200000000001,0.693916,0.0,0.837358
2018-09-21 06:00:00+00:00,0.0,0.0,0.0,0.0
2018-09-21 07:00:00+00:00,0.0,0.09808,0.0014,0.09948
2018-09-21 08:00:00+00:00,0.0,1.17696,0.0084,1.18536
2018-09-21 09:00:00+00:00,0.0,3.834928,0.025199999999999997,3.860128
2018-09-21 10:00:00+00:00,0.0,6.598332,0.0588,6.657132
2018-09-21 11:00:00+00:00,0.28688400000000003,13.826827999999999,0.1148,14.228512
2018-09-21 12:00:00+00:00,3.0122820000000003,27.126476,0.196,30.334758
2018-09-21 13:00:00+00:00,8.463078,41.237736,0.28979999999999995,49.990613999999994
2018-09-21 14:00:00+00:00,8.032752,38.918144,0.3906,47.341496
2018-09-21 15:00:00+00:00,16.065504,49.802572,0.4606,66.328676
2018-09-21 16:00:00+00:00,31.557239999999997,62.65105200000001,0.4438,94.652092
2018-09-21 17:00:00+00:00,36.864594,64.190908,0.301,101.35650199999999
2018-09-21 18:00:00+00:00,19.36467,51.465028000000004,0.1876,71.01729800000001
2018-09-21 19:00:00+00:00,6.598331999999999,31.694552,0.1064,38.399284
2018-09-21 20:00:00+00:00,1.4344199999999998,16.614752000000003,0.05039999999999999,18.099572000000002
2018-09-21 21:00:00+00:00,0.43032600000000004,10.668652,0.0196,11.118578000000001
2018-09-21 22:00:00+00:00,0.14344200000000001,10.862359999999999,0.0056,11.011401999999999
2018-09-21 23:00:00+00:00,0.14344200000000001,13.238347999999998,0.0014,13.383189999999999
2018-09-22 00:00:00+00:00,0.28688400000000003,15.023404000000001,0.0,15.310288000000002
2018-09-22 01:00:00+00:00,0.43032600000000004,14.729164,0.0,15.159490000000002
2018-09-22 02:00:00+00:00,0.5737680000000001,12.458612,0.0,13.03238
2018-09-22 03:00:00+00:00,0.7172099999999999,9.297984,0.0,10.015194
2018-09-22 04:00:00+00:00,0.7172099999999999,4.357204,0.0,5.074414
2018-09-22 05:00:00+00:00,0.7172099999999999,1.689428,0.0,2.406638
2018-09-22 06:00:00+00:00,0.7172099999999999,0.100532,0.0014,0.8191419999999998
2018-09-22 07:00:00+00:00,0.14344200000000001,0.0,0.0014,0.14484200000000003
2018-09-22 08:00:00+00:00,0.0,0.0,0.0014,0.0014
2018-09-22 09:00:00+00:00,0.0,0.78464,0.0084,0.79304
2018-09-22 10:00:00+00:00,0.0,2.944852,0.0392,2.984052
2018-09-22 11:00:00+00:00,0.0,6.77978,0.105,6.88478
2018-09-22 12:00:00+00:00,1.4344199999999998,24.326292000000002,0.20439999999999997,25.965112
2018-09-22 13:00:00+00:00,7.458983999999999,45.715088,0.3136,53.487672
2018-09-22 14:00:00+00:00,7.1721,41.710972,0.41159999999999997,49.294672
2018-09-22 15:00:00+00:00,12.19257,44.555291999999994,0.4634,57.211262
2018-09-22 16:00:00+00:00,22.376952,51.317907999999996,0.39479999999999993,74.08966
2018-09-22 17:00:00+00:00,27.827748,52.835696,0.252,80.915444
2018-09-22 18:00:00+00:00,17.93025,44.78823200000001,0.14839999999999998,62.86688200000001
2018-09-22 19:00:00+00:00,8.463078,32.471835999999996,0.08539999999999999,41.02031399999999
2018-09-22 20:00:00+00:00,3.58605,21.266195999999997,0.0392,24.891446
2018-09-22 21:00:00+00:00,1.7213040000000002,13.444316,0.0224,15.18802
2018-09-22 22:00:00+00:00,1.1475360000000001,9.486788,0.018199999999999997,10.652524000000001
2018-09-22 23:00:00+00:00,1.290978,7.709088,0.015399999999999999,9.015466
2018-09-23 00:00:00+00:00,1.7213040000000002,6.723383999999999,0.012599999999999998,8.457288
2018-09-23 01:00:00+00:00,2.581956,7.125511999999999,0.0098,9.717267999999999
2018-09-23 02:00:00+00:00,3.7294919999999996,8.221556,0.0056,11.956648
2018-09-23 03:00:00+00:00,4.733586,8.724216,0.0028,13.460602000000002
2018-09-23 04:00:00+00:00,3.872934,7.642884,0.0014,11.517218
2018-09-23 05:00:00+00:00,2.581956,4.271383999999999,0.0014,6.85474
2018-09-23 06:00:00+00:00,1.4344199999999998,2.282812,0.0,3.7172319999999996
2018-09-23 07:00:00+00:00,0.14344200000000001,0.0,0.0,0.14344200000000001
2018-09-23 08:00:00+00:00,0.0,0.0,0.0,0.0
2018-09-23 09:00:00+00:00,0.0,0.09808,0.0014,0.09948
2018-09-23 10:00:00+00:00,0.0,0.689012,0.020999999999999998,0.710012
2018-09-23 11:00:00+00:00,0.14344200000000001,1.4761039999999999,0.0756,1.6951459999999998
2018-09-23 12:00:00+00:00,2.581956,10.01642,0.147,12.745376
2018-09-23 13:00:00+00:00,10.614707999999998,34.190688,0.21839999999999998,45.023796000000004
2018-09-23 14:00:00+00:00,8.032752,39.901396,0.29259999999999997,48.226748
2018-09-23 15:00:00+00:00,8.032752,47.362832,0.3822,55.777784
2018-09-23 16:00:00+00:00,10.184381999999998,43.961908,0.3906,54.53689
2018-09-23 17:00:00+00:00,10.75815,34.359876,0.24639999999999998,45.364426
2018-09-23 18:00:00+00:00,7.6024259999999995,24.247828,0.1316,31.981854
2018-09-23 19:00:00+00:00,3.872934,15.631499999999999,0.0686,19.573034
2018-09-23 20:00:00+00:00,2.15163,10.386672,0.0392,12.577502
2018-09-23 21:00:00+00:00,1.290978,6.2280799999999985,0.0238,7.542857999999998
2018-09-23 22:00:00+00:00,0.8606520000000001,4.053156,0.0112,4.925008
2018-09-23 23:00:00+00:00,0.8606520000000001,3.16308,0.006999999999999999,4.0307319999999995
2018-09-24 00:00:00+00:00,1.4344199999999998,3.165532,0.0112,4.611152
2018-09-24 01:00:00+00:00,2.2950720000000002,3.9624319999999997,0.0238,6.2813039999999996
2018-09-24 02:00:00+00:00,3.7294919999999996,6.152068,0.041999999999999996,9.92356
2018-09-24 03:00:00+00:00,6.024564000000001,10.131664,0.08399999999999999,16.240228000000002
2018-09-24 04:00:00+00:00,6.885216000000001,12.529720000000001,0.0924,19.507336000000002
2018-09-24 05:00:00+00:00,4.877028,7.169648,0.043399999999999994,12.090076
2018-09-24 06:00:00+00:00,2.438514,2.99144,0.0266,5.456554000000001
2018-09-24 07:00:00+00:00,0.28688400000000003,1.093592,0.0098,1.3902759999999998
2018-09-24 08:00:00+00:00,0.0,3.464676,0.0014,3.4660759999999997
2018-09-24 09:00:00+00:00,0.0,8.903212,0.0,8.903212
2018-09-24 10:00:00+00:00,0.0,15.629048,0.0028,15.631848
2018-09-24 11:00:00+00:00,0.7172099999999999,32.41544,0.012599999999999998,33.14525
2018-09-24 12:00:00+00:00,9.897498,47.524664,0.0406,57.462762
2018-09-24 13:00:00+00:00,18.790902,49.302364,0.12319999999999999,68.216466
2018-09-24 14:00:00+00:00,14.917967999999998,41.22547599999999,0.3094,56.452843999999985
2018-09-24 15:00:00+00:00,14.200758,41.963528,0.4732,56.637485999999996
2018-09-24 16:00:00+00:00,15.06141,38.089368,0.392,53.542778000000006
2018-09-24 17:00:00+00:00,12.049128000000001,30.485716000000004,0.1876,42.72244400000001
2018-09-24 18:00:00+00:00,5.737679999999999,19.9838,0.0756,25.79708
2018-09-24 19:00:00+00:00,1.4344199999999998,9.778576,0.018199999999999997,11.231195999999999
2018-09-24 20:00:00+00:00,0.28688400000000003,4.040896,0.0014,4.32918
2018-09-24 21:00:00+00:00,0.0,1.9689560000000002,0.0014,1.9703560000000002
2018-09-24 22:00:00+00:00,0.0,1.081332,0.0028,1.0841319999999999
2018-09-24 23:00:00+00:00,0.0,0.58848,0.0028,0.59128
2018-09-25 00:00:00+00:00,0.0,0.4904,0.0014,0.4918
2018-09-25 01:00:00+00:00,0.0,0.885172,0.0014,0.8865719999999999
2018-09-25 02:00:00+00:00,0.0,2.07194,0.0028,2.0747400000000003
2018-09-25 03:00:00+00:00,0.0,2.765856,0.0028,2.768656
2018-09-25 04:00:00+00:00,0.0,1.878232,0.0014,1.879632
2018-09-25 05:00:00+00:00,0.0,0.595836,0.0,0.595836
2018-09-25 06:00:00+00:00,0.0,0.198612,0.0,0.198612
2018-09-25 07:00:00+00:00,0.0,2.8590319999999996,0.0,2.8590319999999996
2018-09-25 08:00:00+00:00,0.0,12.919588000000001,0.0014,12.920988000000001
2018-09-25 09:00:00+00:00,0.43032600000000004,37.155156,0.027999999999999997,37.613482
2018-09-25 10:00:00+00:00,5.737679999999999,71.171752,0.10779999999999999,77.01723199999999
2018-09-25 11:00:00+00:00,13.340106,78.18202,0.21,91.732126
2018-09-25 12:00:00+00:00,16.926156,74.913504,0.3514,92.19106000000001
2018-09-25 13:00:00+00:00,17.499924,70.686256,0.49279999999999996,88.67898000000001
2018-09-25 14:00:00+00:00,19.36467,65.36541600000001,0.5725999999999999,85.30268600000001
2018-09-25 15:00:00+00:00,28.401516,70.073256,0.5277999999999999,99.002572
2018-09-25 16:00:00+00:00,36.721152000000004,80.320164,0.34719999999999995,117.38851600000001
2018-09-25 17:00:00+00:00,20.942531999999996,68.572632,0.20439999999999997,89.719564
2018-09-25 18:00:00+00:00,5.4507959999999995,40.649256,0.13019999999999998,46.230252
2018-09-25 19:00:00+00:00,0.5737680000000001,20.128468,0.08679999999999999,20.789036000000003
2018-09-25 20:00:00+00:00,0.14344200000000001,11.823543999999998,0.06019999999999999,12.027185999999999
2018-09-25 21:00:00+00:00,0.14344200000000001,11.333143999999999,0.05039999999999999,11.526985999999999
2018-09-25 22:00:00+00:00,0.14344200000000001,12.816604,0.0448,13.004846
2018-09-25 23:00:00+00:00,0.14344200000000001,14.694836,0.0392,14.877478
2018-09-26 00:00:00+00:00,0.0,15.19014,0.0322,15.222339999999999
2018-09-26 01:00:00+00:00,0.0,13.213828000000001,0.0266,13.240428000000001
2018-09-26 02:00:00+00:00,0.0,9.5628,0.0196,9.5824
2018-09-26 03:00:00+00:00,0.0,5.519451999999999,0.0084,5.527851999999999
2018-09-26 04:00:00+00:00,0.0,1.478556,0.0028,1.481356
2018-09-26 05:00:00+00:00,0.0,0.198612,0.0028,0.201412
2018-09-26 06:00:00+00:00,0.0,0.100532,0.0,0.100532
2018-09-26 07:00:00+00:00,0.0,0.58848,0.0,0.58848
2018-09-26 08:00:00+00:00,0.0,5.497384,0.0,5.497384
2018-09-26 09:00:00+00:00,0.0,15.253892,0.0084,15.262292
2018-09-26 10:00:00+00:00,0.0,37.223812,0.054599999999999996,37.278412
2018-09-26 11:00:00+00:00,1.7213040000000002,66.294724,0.12319999999999999,68.139228
2018-09-26 12:00:00+00:00,4.733586,66.282464,0.20719999999999997,71.22325000000001
2018-09-26 13:00:00+00:00,5.163912,48.338728,0.28559999999999997,53.78824
2018-09-26 14:00:00+00:00,3.4426080000000003,34.784071999999995,0.35419999999999996,38.58087999999999
2018-09-26 15:00:00+00:00,4.733586,36.090987999999996,0.42279999999999995,41.247374
2018-09-26 16:00:00+00:00,9.036846,36.713796,0.42839999999999995,46.179042
2018-09-26 17:00:00+00:00,13.913874,32.486548,0.2828,46.683222
2018-09-26 18:00:00+00:00,12.766338,27.35206,0.175,40.293397999999996
2018-09-26 19:00:00+00:00,6.885216000000001,19.623356,0.10779999999999999,26.616372000000002
2018-09-26 20:00:00+00:00,3.2991659999999996,11.296364,0.06019999999999999,14.65573
2018-09-26 21:00:00+00:00,1.290978,4.9554920000000005,0.0238,6.27027
2018-09-26 22:00:00+00:00,0.43032600000000004,2.1798279999999997,0.0084,2.6185539999999996
2018-09-26 23:00:00+00:00,0.14344200000000001,1.5839919999999998,0.0042,1.731634
2018-09-27 00:00:00+00:00,0.14344200000000001,2.474068,0.0028,2.62031
2018-09-27 01:00:00+00:00,0.14344200000000001,5.340456,0.0014,5.485298
2018-09-27 02:00:00+00:00,0.43032600000000004,8.900759999999998,0.0,9.331085999999999
2018-09-27 03:00:00+00:00,0.43032600000000004,9.88156,0.0,10.311886000000001
2018-09-27 04:00:00+00:00,0.28688400000000003,6.4168840000000005,0.0,6.703768
2018-09-27 05:00:00+00:00,0.28688400000000003,2.971824,0.0,3.258708
2018-09-27 06:00:00+00:00,0.0,0.0,0.0,0.0
2018-09-27 07:00:00+00:00,0.0,0.29424,0.0,0.29424
2018-09-27 08:00:00+00:00,0.0,3.64122,0.0014,3.64262
2018-09-27 09:00:00+00:00,0.0,10.93592,0.0098,10.94572
2018-09-27 10:00:00+00:00,0.0,23.691223999999995,0.0196,23.710823999999995
2018-09-27 11:00:00+00:00,1.4344199999999998,41.836024,0.0266,43.29704400000001
2018-09-27 12:00:00+00:00,3.2991659999999996,44.126191999999996,0.0378,47.46315799999999
2018-09-27 13:00:00+00:00,4.016376,33.428115999999996,0.0588,37.503291999999995
2018-09-27 14:00:00+00:00,2.2950720000000002,23.230248,0.10079999999999999,25.62612
2018-09-27 15:00:00+00:00,2.15163,26.2977,0.2366,28.68593
2018-09-27 16:00:00+00:00,2.2950720000000002,25.017756,0.3024,27.615228
2018-09-27 17:00:00+00:00,2.7253979999999998,18.990740000000002,0.1876,21.903738
2018-09-27 18:00:00+00:00,1.8647459999999998,11.865228,0.0966,13.826574
2018-09-27 19:00:00+00:00,1.004094,6.027015999999999,0.0322,7.063309999999999
2018-09-27 20:00:00+00:00,0.5737680000000001,3.35924,0.0084,3.941408
2018-09-27 21:00:00+00:00,0.5737680000000001,2.670228,0.0042,3.248196
2018-09-27 22:00:00+00:00,0.43032600000000004,2.2754559999999997,0.006999999999999999,2.712782
2018-09-27 23:00:00+00:00,0.43032600000000004,1.780152,0.015399999999999999,2.2258780000000002
2018-09-28 00:00:00+00:00,0.5737680000000001,1.7826039999999999,0.030799999999999998,2.387172
2018-09-28 01:00:00+00:00,1.004094,2.47652,0.05039999999999999,3.531014
2018-09-28 02:00:00+00:00,1.290978,2.9791799999999995,0.07279999999999999,4.342957999999999
2018-09-28 03:00:00+00:00,2.15163,4.080128,0.105,6.336758000000001
2018-09-28 04:00:00+00:00,3.872934,7.373164000000001,0.1162,11.362298
2018-09-28 05:00:00+00:00,1.7213040000000002,4.987368,0.0224,6.731072
2018-09-28 06:00:00+00:00,0.0,0.497756,0.0,0.497756
2018-09-28 07:00:00+00:00,0.0,0.9906079999999999,0.0,0.9906079999999999
2018-09-28 08:00:00+00:00,0.0,1.3804759999999998,0.015399999999999999,1.395876
2018-09-28 09:00:00+00:00,0.28688400000000003,2.172472,0.054599999999999996,2.5139560000000003
2018-09-28 10:00:00+00:00,5.4507959999999995,9.143507999999999,0.1316,14.725903999999998
2018-09-28 11:00:00+00:00,20.79909,35.742804,0.2576,56.799493999999996
2018-09-28 12:00:00+00:00,21.372858,55.57458,0.39759999999999995,77.345038
2018-09-28 13:00:00+00:00,23.811372,75.516696,0.48439999999999994,99.812468
2018-09-28 14:00:00+00:00,30.840030000000002,98.71506799999999,0.4871999999999999,130.042298
2018-09-28 15:00:00+00:00,39.73343400000001,112.897436,0.44939999999999997,153.08027
2018-09-28 16:00:00+00:00,32.131008,93.55606,0.39759999999999995,126.08466800000001
2018-09-28 17:00:00+00:00,9.180288000000001,35.821268,0.2226,45.22415600000001
2018-09-28 18:00:00+00:00,0.5737680000000001,6.806752,0.098,7.4785200000000005
2018-09-28 19:00:00+00:00,0.28688400000000003,5.830856,0.0266,6.14434
2018-09-28 20:00:00+00:00,2.15163,14.07448,0.0028,16.22891
2018-09-28 21:00:00+00:00,5.163912,23.298904,0.0,28.462816
2018-09-28 22:00:00+00:00,7.315542,30.726012,0.0028,38.044354
2018-09-28 23:00:00+00:00,9.897498,38.457168,0.0084,48.363066
2018-09-29 00:00:00+00:00,12.336011999999998,46.892048,0.0168,59.24486
2018-09-29 01:00:00+00:00,14.631084,55.527992,0.027999999999999997,70.187076
2018-09-29 02:00:00+00:00,16.639272000000002,61.59178800000001,0.05039999999999999,78.28146000000001
2018-09-29 03:00:00+00:00,20.08188,66.48352799999999,0.077,86.64240799999999
2018-09-29 04:00:00+00:00,24.098256000000003,61.488804,0.105,85.69206000000001
2018-09-29 05:00:00+00:00,15.06141,34.305932,0.036399999999999995,49.403742
2018-09-29 06:00:00+00:00,11.331918,29.00716,0.030799999999999998,40.369878
2018-09-29 07:00:00+00:00,5.4507959999999995,12.899972,0.0476,18.398367999999998
2018-09-29 08:00:00+00:00,0.14344200000000001,2.5746,0.0322,2.750242
2018-09-29 09:00:00+00:00,0.0,1.284848,0.0294,1.314248
2018-09-29 10:00:00+00:00,0.0,2.5746,0.041999999999999996,2.6166
2018-09-29 11:00:00+00:00,0.0,5.065832,0.0672,5.133032
2018-09-29 12:00:00+00:00,3.0122820000000003,6.174136000000001,0.09939999999999999,9.285818
2018-09-29 13:00:00+00:00,10.614707999999998,5.193336,0.15259999999999999,15.960643999999998
2018-09-29 14:00:00+00:00,14.200758,4.617116,0.24219999999999997,19.060074
2018-09-29 15:00:00+00:00,19.794996,13.333976,0.44099999999999995,33.56997200000001
2018-09-29 16:00:00+00:00,15.635178,18.995643999999995,0.4438,35.074622
2018-09-29 17:00:00+00:00,13.62699,21.1485,0.2268,35.002289999999995
2018-09-29 18:00:00+00:00,18.647460000000002,26.790551999999998,0.1134,45.551412
2018-09-29 19:00:00+00:00,29.118726000000002,35.607944,0.1386,64.86527000000001
2018-09-29 20:00:00+00:00,45.757998,49.182216,0.3024,95.242614
2018-09-29 21:00:00+00:00,62.971038,57.73233999999999,0.42139999999999994,121.12477799999999
2018-09-29 22:00:00+00:00,75.450492,56.091952,0.44939999999999997,131.991844
2018-09-29 23:00:00+00:00,78.319332,51.830376,0.49559999999999993,130.645308
2018-09-30 00:00:00+00:00,59.67187199999999,39.788604,0.5025999999999999,99.963076
2018-09-30 01:00:00+00:00,34.42608,32.233992,0.46199999999999997,67.122072
2018-09-30 02:00:00+00:00,16.926156,24.995688,0.4536,42.375444
2018-09-30 03:00:00+00:00,11.331918,11.470455999999999,0.5922,23.394574
2018-09-30 04:00:00+00:00,11.331918,13.007859999999999,0.6328,24.972578
2018-09-30 05:00:00+00:00,42.602273999999994,46.51444000000001,0.5418,89.658514
2018-09-30 06:00:00+00:00,76.311144,62.32984,0.7728,139.413784
2018-09-30 07:00:00+00:00,64.405458,57.4381,0.868,122.711558
2018-09-30 08:00:00+00:00,56.372706,35.070955999999995,0.6846,92.12826199999999
2018-09-30 09:00:00+00:00,37.581804,19.544892,0.5432,57.669895999999994
2018-09-30 10:00:00+00:00,71.721,71.34094,0.41859999999999997,143.48054
2018-09-30 11:00:00+00:00,75.30705,50.37634,0.3024,125.98579000000001
2018-09-30 12:00:00+00:00,41.74162199999999,19.19916,0.217,61.15778199999999
2018-09-30 13:00:00+00:00,27.97119,15.675635999999999,0.1624,43.809225999999995
2018-09-30 14:00:00+00:00,10.04094,10.465136000000001,0.2702,20.776276
2018-09-30 15:00:00+00:00,5.163912,8.047464000000002,0.49279999999999996,13.704176000000002
2018-09-30 16:00:00+00:00,1.004094,5.082996,0.40179999999999993,6.48889
2018-09-30 17:00:00+00:00,1.4344199999999998,4.0752239999999995,0.2254,5.735043999999999
2018-09-30 18:00:00+00:00,6.885216000000001,6.858243999999999,0.0882,13.83166
2018-09-30 19:00:00+00:00,8.319636000000001,8.049916,0.0448,16.414351999999997
2018-09-30 20:00:00+00:00,4.733586,5.6641200000000005,0.0574,10.455105999999999
2018-09-30 21:00:00+00:00,0.28688400000000003,2.778116,0.0574,3.1224
2018-09-30 22:00:00+00:00,0.7172099999999999,4.766688,0.0406,5.524498
2018-09-30 23:00:00+00:00,0.28688400000000003,1.991024,0.043399999999999994,2.321308
2018-10-01 00:00:00+00:00,3.58605,7.083828,0.05179999999999999,10.721678
2018-10-01 01:00:00+00:00,10.471265999999998,37.157608,0.12319999999999999,47.752074
2018-10-01 02:00:00+00:00,4.30326,21.006284,0.2128,25.522344000000004
2018-10-01 03:00:00+00:00,3.1557239999999998,6.3751999999999995,0.24779999999999996,9.778723999999999
2018-10-01 04:00:00+00:00,0.14344200000000001,0.198612,0.091,0.43305400000000005
2018-10-01 05:00:00+00:00,0.0,0.899884,0.0406,0.940484
2018-10-01 06:00:00+00:00,0.43032600000000004,0.201064,0.0644,0.69579
2018-10-01 07:00:00+00:00,0.0,0.0,0.0238,0.0238
2018-10-01 08:00:00+00:00,1.4344199999999998,7.8390439999999995,0.05039999999999999,9.323863999999999
2018-10-01 09:00:00+00:00,0.5737680000000001,19.40758,0.0896,20.070948
2018-10-01 10:00:00+00:00,0.43032600000000004,21.940496,0.1792,22.550022000000002
2018-10-01 11:00:00+00:00,48.05307,116.12917199999998,0.30379999999999996,164.48604199999997
2018-10-01 12:00:00+00:00,12.479453999999999,45.053048000000004,0.1596,57.692102
2018-10-01 13:00:00+00:00,16.208946,91.29286399999998,0.08399999999999999,107.58580999999998
2018-10-01 14:00:00+00:00,15.204851999999999,95.16457199999999,0.126,110.495424
2018-10-01 15:00:00+00:00,8.032752,60.115684,0.0574,68.205836
2018-10-01 16:00:00+00:00,6.598331999999999,44.530772,0.034999999999999996,51.164103999999995
2018-10-01 17:00:00+00:00,0.43032600000000004,18.613132,0.14559999999999998,19.189058000000003
2018-10-01 18:00:00+00:00,0.28688400000000003,7.763032,0.2618,8.311715999999999
2018-10-01 19:00:00+00:00,0.43032600000000004,4.418503999999999,0.24779999999999996,5.096629999999998
2018-10-01 20:00:00+00:00,0.5737680000000001,3.538236,0.1876,4.2996039999999995
2018-10-01 21:00:00+00:00,0.28688400000000003,3.8373800000000005,0.1134,4.2376640000000005
2018-10-01 22:00:00+00:00,0.14344200000000001,4.825536,0.0938,5.062778
2018-10-01 23:00:00+00:00,0.0,6.0074000000000005,0.0938,6.1012
2018-10-02 00:00:00+00:00,0.43032600000000004,8.184776,0.0784,8.693502
2018-10-02 01:00:00+00:00,1.8647459999999998,13.446767999999999,0.054599999999999996,15.366114
2018-10-02 02:00:00+00:00,6.024564000000001,22.009152,0.0462,28.079916
2018-10-02 03:00:00+00:00,10.614707999999998,27.714956,0.0476,38.377264000000004
2018-10-02 04:00:00+00:00,11.331918,26.072116,0.0392,37.443234000000004
2018-10-02 05:00:00+00:00,5.02047,16.63682,0.0112,21.66849
2018-10-02 06:00:00+00:00,0.43032600000000004,11.539112,0.0056,11.975038
2018-10-02 07:00:00+00:00,0.0,6.152068,0.006999999999999999,6.1590679999999995
2018-10-02 08:00:00+00:00,0.14344200000000001,4.555816,0.036399999999999995,4.735658000000001
2018-10-02 09:00:00+00:00,0.7172099999999999,4.656348,0.0938,5.467358
2018-10-02 10:00:00+00:00,1.4344199999999998,4.563172,0.1512,6.148791999999999
2018-10-02 11:00:00+00:00,3.1557239999999998,4.663703999999999,0.21,8.029428
2018-10-02 12:00:00+00:00,8.319636000000001,12.524816000000001,0.29259999999999997,21.137052000000004
2018-10-02 13:00:00+00:00,9.323730000000001,23.637279999999997,0.3234,33.28441
2018-10-02 14:00:00+00:00,10.471265999999998,41.14456,0.2772,51.893026
2018-10-02 15:00:00+00:00,18.504018,64.200716,0.28559999999999997,82.990334
2018-10-02 16:00:00+00:00,26.680212,71.96374800000001,0.29679999999999995,98.94076000000001
2018-10-02 17:00:00+00:00,21.5163,65.63023199999999,0.189,87.33553199999999
2018-10-02 18:00:00+00:00,10.471265999999998,49.537756,0.10079999999999999,60.109822
2018-10-02 19:00:00+00:00,3.7294919999999996,31.191892,0.0462,34.967583999999995
2018-10-02 20:00:00+00:00,1.004094,15.633952,0.012599999999999998,16.650646
2018-10-02 21:00:00+00:00,0.14344200000000001,8.197035999999999,0.0014,8.341878
2018-10-02 22:00:00+00:00,0.0,8.290212,0.0,8.290212
2018-10-02 23:00:00+00:00,0.14344200000000001,15.415724,0.0,15.559166000000001
2018-10-03 00:00:00+00:00,3.2991659999999996,33.881736000000004,0.0,37.180902
2018-10-03 01:00:00+00:00,17.786807999999997,59.639996,0.006999999999999999,77.433804
2018-10-03 02:00:00+00:00,31.270356,77.95398399999999,0.043399999999999994,109.26773999999999
2018-10-03 03:00:00+00:00,35.286732,79.778272,0.07279999999999999,115.137804
2018-10-03 04:00:00+00:00,30.12282,68.68052,0.0448,98.84814
2018-10-03 05:00:00+00:00,14.3442,39.67336,0.0028,54.020360000000004
2018-10-03 06:00:00+00:00,3.872934,37.983931999999996,0.0014,41.85826599999999
2018-10-03 07:00:00+00:00,0.14344200000000001,29.676556,0.0084,29.828398000000004
2018-10-03 08:00:00+00:00,0.0,22.036124,0.05039999999999999,22.086524
2018-10-03 09:00:00+00:00,0.0,15.707512000000001,0.08259999999999999,15.790112
2018-10-03 10:00:00+00:00,1.1475360000000001,11.264488,0.10779999999999999,12.519824
2018-10-03 11:00:00+00:00,5.881122,6.823915999999999,0.12459999999999999,12.829637999999997
2018-10-03 12:00:00+00:00,12.19257,4.663703999999999,0.13019999999999998,16.986473999999998
2018-10-03 13:00:00+00:00,15.922062,11.882392,0.13019999999999998,27.934654
2018-10-03 14:00:00+00:00,16.065504,19.777832,0.17079999999999998,36.014136
2018-10-03 15:00:00+00:00,19.794996,41.4388,0.33319999999999994,61.566995999999996
2018-10-03 16:00:00+00:00,16.926156,44.523416,0.3752,61.824771999999996
2018-10-03 17:00:00+00:00,11.475359999999998,35.115092000000004,0.259,46.849452
2018-10-03 18:00:00+00:00,8.176194,31.316943999999996,0.13019999999999998,39.623338
2018-10-03 19:00:00+00:00,5.4507959999999995,28.72518,0.0476,34.223576
2018-10-03 20:00:00+00:00,2.2950720000000002,22.96298,0.0098,25.267852
2018-10-03 21:00:00+00:00,0.7172099999999999,15.722224,0.0042,16.443634000000003
2018-10-03 22:00:00+00:00,0.7172099999999999,16.222432,0.006999999999999999,16.946642000000004
2018-10-03 23:00:00+00:00,1.290978,20.393284,0.0084,21.692662000000002
2018-10-04 00:00:00+00:00,2.581956,26.660595999999998,0.0112,29.253751999999995
2018-10-04 01:00:00+00:00,1.8647459999999998,30.537208,0.012599999999999998,32.414553999999995
2018-10-04 02:00:00+00:00,0.5737680000000001,25.961776,0.006999999999999999,26.542544000000003
2018-10-04 03:00:00+00:00,0.43032600000000004,20.003416,0.0028,20.436542000000003
2018-10-04 04:00:00+00:00,0.14344200000000001,11.96576,0.0,12.109202
2018-10-04 05:00:00+00:00,0.14344200000000001,3.050288,0.0,3.19373
2018-10-04 06:00:00+00:00,0.0,7.77284,0.0,7.77284
2018-10-04 07:00:00+00:00,0.0,11.879940000000001,0.0028,11.882740000000002
2018-10-04 08:00:00+00:00,0.0,13.451672,0.0098,13.461472
2018-10-04 09:00:00+00:00,0.14344200000000001,16.227336,0.030799999999999998,16.401578
2018-10-04 10:00:00+00:00,2.7253979999999998,28.021456000000004,0.077,30.823854000000004
2018-10-04 11:00:00+00:00,6.7417739999999995,47.8753,0.1596,54.776674
2018-10-04 12:00:00+00:00,10.184381999999998,53.951356000000004,0.28559999999999997,64.421338
2018-10-04 13:00:00+00:00,10.614707999999998,43.922675999999996,0.3906,54.927983999999995
2018-10-04 14:00:00+00:00,18.360576000000002,47.100468,0.4536,65.914644
2018-10-04 15:00:00+00:00,34.569522,69.56814399999999,0.41859999999999997,104.556266
2018-10-04 16:00:00+00:00,42.889157999999995,82.110124,0.3122,125.311482
2018-10-04 17:00:00+00:00,26.823654,67.312304,0.1876,94.323558
2018-10-04 18:00:00+00:00,15.491736,53.804236,0.12459999999999999,69.420572
2018-10-04 19:00:00+00:00,6.024564000000001,42.571624,0.08679999999999999,48.682987999999995
2018-10-04 20:00:00+00:00,1.290978,28.482432,0.0532,29.82661
2018-10-04 21:00:00+00:00,0.43032600000000004,17.786808,0.0294,18.246534
2018-10-04 22:00:00+00:00,0.14344200000000001,10.766732,0.0196,10.929774
2018-10-04 23:00:00+00:00,0.28688400000000003,9.195,0.0224,9.504284
2018-10-05 00:00:00+00:00,0.8606520000000001,12.973531999999999,0.015399999999999999,13.849583999999998
2018-10-05 01:00:00+00:00,1.290978,18.922084,0.0028,20.215862
2018-10-05 02:00:00+00:00,1.004094,20.979312,0.0,21.983406
2018-10-05 03:00:00+00:00,0.5737680000000001,17.595551999999998,0.0,18.16932
2018-10-05 04:00:00+00:00,0.28688400000000003,11.068328000000001,0.0,11.355212000000002
2018-10-05 05:00:00+00:00,0.28688400000000003,7.816976,0.0,8.103860000000001
2018-10-05 06:00:00+00:00,0.8606520000000001,3.2783240000000005,0.0014,4.140376000000001
2018-10-05 07:00:00+00:00,2.008188,2.1013640000000002,0.0014,4.110952000000001
2018-10-05 08:00:00+00:00,0.14344200000000001,0.09808,0.0,0.24152200000000001
2018-10-05 09:00:00+00:00,0.0,0.09808,0.0028,0.10088
2018-10-05 10:00:00+00:00,0.0,0.58848,0.012599999999999998,0.60108
2018-10-05 11:00:00+00:00,0.14344200000000001,4.6318280000000005,0.0476,4.822870000000001
2018-10-05 12:00:00+00:00,4.016376,17.81378,0.1162,21.946356
2018-10-05 13:00:00+00:00,8.463078,30.743176,0.2716,39.477854
2018-10-05 14:00:00+00:00,9.754056,37.373384,0.5222,47.64964
2018-10-05 15:00:00+00:00,19.794996,59.666968,0.476,79.937964
2018-10-05 16:00:00+00:00,33.852312,78.630736,0.2744,112.757448
2018-10-05 17:00:00+00:00,31.413798,77.74065999999999,0.12459999999999999,109.27905799999999
2018-10-05 18:00:00+00:00,19.36467,60.16472400000001,0.0644,79.59379400000002
2018-10-05 19:00:00+00:00,9.467172,42.292096,0.0322,51.791468
2018-10-05 20:00:00+00:00,2.8688399999999996,28.776672,0.015399999999999999,31.660912
2018-10-05 21:00:00+00:00,1.004094,16.884472,0.013999999999999999,17.902565999999997
2018-10-05 22:00:00+00:00,1.004094,13.2408,0.012599999999999998,14.257494000000001
2018-10-05 23:00:00+00:00,1.004094,14.829696,0.0028,15.836590000000001
2018-10-06 00:00:00+00:00,0.14344200000000001,13.025024,0.0014,13.169866
2018-10-06 01:00:00+00:00,0.0,5.7058040000000005,0.0028,5.708604
2018-10-06 02:00:00+00:00,0.0,1.571732,0.0014,1.573132
2018-10-06 03:00:00+00:00,0.0,1.081332,0.0,1.081332
2018-10-06 04:00:00+00:00,0.0,0.78464,0.0014,0.78604
2018-10-06 05:00:00+00:00,0.0,0.394772,0.0042,0.398972
2018-10-06 06:00:00+00:00,0.0,0.394772,0.0014,0.396172
2018-10-06 07:00:00+00:00,0.0,0.0,0.0,0.0
2018-10-06 08:00:00+00:00,0.0,0.0,0.0,0.0
2018-10-06 09:00:00+00:00,0.0,0.0,0.0,0.0
2018-10-06 10:00:00+00:00,0.0,0.0,0.0,0.0
2018-10-06 11:00:00+00:00,0.0,0.0,0.0056,0.0056
2018-10-06 12:00:00+00:00,0.14344200000000001,0.100532,0.0672,0.311174
2018-10-06 13:00:00+00:00,10.04094,15.5702,0.2226,25.83374
2018-10-06 14:00:00+00:00,12.766338,37.917728,0.4662,51.150265999999995
2018-10-06 15:00:00+00:00,19.651554,65.139832,0.5502,85.341586
2018-10-06 16:00:00+00:00,36.721152000000004,71.946584,0.4815999999999999,109.149336
2018-10-06 17:00:00+00:00,49.487489999999994,78.716556,0.2954,128.499446
2018-10-06 18:00:00+00:00,31.126914,72.79742800000001,0.1372,104.061542
2018-10-06 19:00:00+00:00,11.045034,47.33586,0.054599999999999996,58.435494
2018-10-06 20:00:00+00:00,4.30326,28.994899999999998,0.0238,33.32196
2018-10-06 21:00:00+00:00,2.15163,19.589028,0.012599999999999998,21.753258
2018-10-06 22:00:00+00:00,1.4344199999999998,14.439827999999999,0.0056,15.879847999999997
2018-10-06 23:00:00+00:00,1.1475360000000001,11.073232,0.0028,12.223568000000002
2018-10-07 00:00:00+00:00,0.8606520000000001,8.003328,0.013999999999999999,8.877979999999999
2018-10-07 01:00:00+00:00,1.004094,6.917092,0.0266,7.947786000000001
2018-10-07 02:00:00+00:00,1.290978,7.4173,0.0378,8.746078
2018-10-07 03:00:00+00:00,1.4344199999999998,8.41036,0.08259999999999999,9.92738
2018-10-07 04:00:00+00:00,1.004094,5.443440000000001,0.09939999999999999,6.546934000000001
2018-10-07 05:00:00+00:00,0.7172099999999999,2.6751319999999996,0.0266,3.4189419999999995
2018-10-07 06:00:00+00:00,0.0,0.198612,0.0028,0.201412
2018-10-07 07:00:00+00:00,0.0,0.0,0.0,0.0
2018-10-07 08:00:00+00:00,0.0,0.09808,0.0014,0.09948
2018-10-07 09:00:00+00:00,0.0,0.4904,0.0112,0.5016
2018-10-07 10:00:00+00:00,0.0,2.3563719999999995,0.05039999999999999,2.4067719999999992
2018-10-07 11:00:00+00:00,0.0,8.675176,0.1344,8.809576
2018-10-07 12:00:00+00:00,4.1598180000000005,35.012108,0.217,39.388926
2018-10-07 13:00:00+00:00,13.913874,62.396043999999996,0.3024,76.612318
2018-10-07 14:00:00+00:00,26.823654,81.59030000000001,0.41579999999999995,108.82975400000002
2018-10-07 15:00:00+00:00,56.085822,101.449048,0.42,157.95487
2018-10-07 16:00:00+00:00,76.454586,121.30289199999999,0.364,198.121478
2018-10-07 17:00:00+00:00,51.495678,125.84644800000001,0.3598,177.70192600000001
2018-10-07 18:00:00+00:00,21.803183999999998,90.076672,0.21,112.089856
2018-10-07 19:00:00+00:00,12.622895999999999,44.538128,0.08679999999999999,57.247823999999994
2018-10-07 20:00:00+00:00,5.4507959999999995,20.381024,0.1148,25.94662
2018-10-07 21:00:00+00:00,0.8606520000000001,8.996388,0.0784,9.93544
2018-10-07 22:00:00+00:00,0.14344200000000001,5.03886,0.0336,5.215902
2018-10-07 23:00:00+00:00,0.14344200000000001,4.244412,0.0112,4.399054
2018-10-08 00:00:00+00:00,0.43032600000000004,4.0458,0.0056,4.481726
2018-10-08 01:00:00+00:00,1.290978,4.7397160000000005,0.0,6.030694
2018-10-08 02:00:00+00:00,2.15163,6.519868,0.0,8.671498
2018-10-08 03:00:00+00:00,1.5778619999999999,7.304508,0.0,8.88237
2018-10-08 04:00:00+00:00,0.43032600000000004,4.6342799999999995,0.0,5.0646059999999995
2018-10-08 05:00:00+00:00,1.004094,3.067452,0.0,4.071546
2018-10-08 06:00:00+00:00,1.4344199999999998,0.201064,0.0028,1.6382839999999996
2018-10-08 07:00:00+00:00,0.28688400000000003,0.29424,0.006999999999999999,0.588124
2018-10-08 08:00:00+00:00,0.14344200000000001,1.6722639999999998,0.020999999999999998,1.8367059999999997
2018-10-08 09:00:00+00:00,0.28688400000000003,4.0335399999999995,0.049,4.3694239999999995
2018-10-08 10:00:00+00:00,0.5737680000000001,7.1917159999999996,0.08259999999999999,7.848084
2018-10-08 11:00:00+00:00,2.8688399999999996,20.567376000000003,0.13019999999999998,23.566416
2018-10-08 12:00:00+00:00,13.340106,45.911248,0.23099999999999998,59.482354
2018-10-08 13:00:00+00:00,16.352388,54.020011999999994,0.357,70.7294
2018-10-08 14:00:00+00:00,22.233510000000003,57.362088,0.39899999999999997,79.994598
2018-10-08 15:00:00+00:00,37.294920000000005,74.450076,0.41579999999999995,112.160796
2018-10-08 16:00:00+00:00,47.048976,91.981876,0.3514,139.38225200000002
2018-10-08 17:00:00+00:00,29.262168,78.142788,0.2352,107.640156
2018-10-08 18:00:00+00:00,11.618802,50.305232000000004,0.1582,62.08223400000001
2018-10-08 19:00:00+00:00,5.163912,33.638988,0.0966,38.899499999999996
2018-10-08 20:00:00+00:00,2.438514,23.93152,0.05179999999999999,26.421834
2018-10-08 21:00:00+00:00,1.1475360000000001,18.184032000000002,0.025199999999999997,19.356768000000002
2018-10-08 22:00:00+00:00,0.5737680000000001,14.12352,0.012599999999999998,14.709888
2018-10-08 23:00:00+00:00,0.28688400000000003,11.154148000000001,0.0056,11.446632000000001
2018-10-09 00:00:00+00:00,0.14344200000000001,8.783064,0.0014,8.927906
2018-10-09 01:00:00+00:00,0.14344200000000001,7.69928,0.0014,7.8441220000000005
2018-10-09 02:00:00+00:00,0.43032600000000004,7.902796,0.0014,8.334522000000002
2018-10-09 03:00:00+00:00,0.7172099999999999,8.996388,0.0014,9.714998
2018-10-09 04:00:00+00:00,0.8606520000000001,7.917508,0.0014,8.77956
2018-10-09 05:00:00+00:00,1.004094,5.450796,0.0,6.454890000000001
2018-10-09 06:00:00+00:00,0.28688400000000003,0.693916,0.0,0.9808
2018-10-09 07:00:00+00:00,0.0,0.09808,0.0028,0.10088
2018-10-09 08:00:00+00:00,0.0,1.277492,0.025199999999999997,1.302692
2018-10-09 09:00:00+00:00,0.0,6.20356,0.0574,6.260960000000001
2018-10-09 10:00:00+00:00,0.0,11.338047999999999,0.105,11.443048
2018-10-09 11:00:00+00:00,0.7172099999999999,23.441119999999998,0.1904,24.34873
2018-10-09 12:00:00+00:00,17.786807999999997,62.27099199999999,0.27999999999999997,80.33779999999999
2018-10-09 13:00:00+00:00,26.393327999999997,80.51142,0.34019999999999995,107.244948
2018-10-09 14:00:00+00:00,30.266261999999998,77.26006799999999,0.3752,107.90153
2018-10-09 15:00:00+00:00,40.020318,66.02255199999999,0.3444,106.38726999999999
2018-10-09 16:00:00+00:00,49.487489999999994,69.389148,0.3248,119.201438
2018-10-09 17:00:00+00:00,38.585898,75.26904400000001,0.2688,114.12374200000001
2018-10-09 18:00:00+00:00,22.376952,66.260396,0.20719999999999997,88.844548
2018-10-09 19:00:00+00:00,13.62699,57.089916,0.1512,70.868106
2018-10-09 20:00:00+00:00,9.610614,50.128688,0.10219999999999999,59.841502
2018-10-09 21:00:00+00:00,7.458983999999999,45.560612,0.0686,53.088195999999996
2018-10-09 22:00:00+00:00,5.881122,37.834360000000004,0.05039999999999999,43.765882000000005
2018-10-09 23:00:00+00:00,4.5901440000000004,30.301816,0.0336,34.92556
2018-10-10 00:00:00+00:00,3.7294919999999996,24.848568,0.0238,28.601860000000002
2018-10-10 01:00:00+00:00,2.8688399999999996,21.87184,0.018199999999999997,24.758879999999998
2018-10-10 02:00:00+00:00,2.581956,18.505243999999998,0.013999999999999999,21.101199999999995
2018-10-10 03:00:00+00:00,2.15163,14.640892,0.0084,16.800922
2018-10-10 04:00:00+00:00,1.5778619999999999,9.197452,0.0042,10.779514
2018-10-10 05:00:00+00:00,2.7253979999999998,6.740548,0.0196,9.485546000000001
2018-10-10 06:00:00+00:00,1.1475360000000001,1.194124,0.0168,2.35846
2018-10-10 07:00:00+00:00,0.0,0.0,0.0028,0.0028
2018-10-10 08:00:00+00:00,0.0,0.0,0.0014,0.0014
2018-10-10 09:00:00+00:00,0.0,0.19616,0.0014,0.19756
2018-10-10 10:00:00+00:00,0.0,0.78464,0.0056,0.79024
2018-10-10 11:00:00+00:00,0.0,0.39232,0.0448,0.43712
2018-10-10 12:00:00+00:00,0.5737680000000001,6.544388,0.1372,7.255356
2018-10-10 13:00:00+00:00,9.180288000000001,40.757144,0.2506,50.188032
2018-10-10 14:00:00+00:00,15.06141,55.015524000000006,0.3892,70.46613400000001
2018-10-10 15:00:00+00:00,26.823654,72.902864,0.4508,100.177318
2018-10-10 16:00:00+00:00,41.74162199999999,82.84082,0.364,124.94644199999999
2018-10-10 17:00:00+00:00,36.434267999999996,79.626248,0.2562,116.31671600000001
2018-10-10 18:00:00+00:00,19.221228,63.786328000000005,0.16659999999999997,83.17415600000001
2018-10-10 19:00:00+00:00,9.754056,50.175276,0.1176,60.046932
2018-10-10 20:00:00+00:00,6.168005999999999,41.939008,0.08539999999999999,48.192414
2018-10-10 21:00:00+00:00,3.872934,35.588328,0.06019999999999999,39.521462
2018-10-10 22:00:00+00:00,2.15163,27.258884000000002,0.041999999999999996,29.452514000000004
2018-10-10 23:00:00+00:00,1.004094,20.52324,0.030799999999999998,21.558134
2018-10-11 00:00:00+00:00,0.5737680000000001,16.175844,0.0238,16.773412000000004
2018-10-11 01:00:00+00:00,0.28688400000000003,13.120652,0.018199999999999997,13.425736
2018-10-11 02:00:00+00:00,0.28688400000000003,9.565252000000001,0.020999999999999998,9.873136000000002
2018-10-11 03:00:00+00:00,0.14344200000000001,6.5027040000000005,0.018199999999999997,6.664346000000001
2018-10-11 04:00:00+00:00,0.0,3.050288,0.013999999999999999,3.064288
2018-10-11 05:00:00+00:00,0.43032600000000004,2.07194,0.0238,2.526066
2018-10-11 06:00:00+00:00,0.0,0.0,0.018199999999999997,0.018199999999999997
2018-10-11 07:00:00+00:00,0.0,0.0,0.0056,0.0056
2018-10-11 08:00:00+00:00,0.0,0.09808,0.0,0.09808
2018-10-11 09:00:00+00:00,0.0,0.9808,0.0,0.9808
2018-10-11 10:00:00+00:00,0.0,2.1577599999999997,0.0014,2.1591599999999995
2018-10-11 11:00:00+00:00,0.0,1.0788799999999998,0.0084,1.0872799999999998
2018-10-11 12:00:00+00:00,0.43032600000000004,10.18806,0.05039999999999999,10.668786
2018-10-11 13:00:00+00:00,11.618802,51.773979999999995,0.13299999999999998,63.525782
2018-10-11 14:00:00+00:00,20.79909,84.983868,0.29819999999999997,106.081158
2018-10-11 15:00:00+00:00,35.286732,105.659132,0.42,141.365864
2018-10-11 16:00:00+00:00,54.938286,109.25131199999998,0.3864,164.575998
2018-10-11 17:00:00+00:00,52.643214,96.711784,0.27999999999999997,149.634998
2018-10-11 18:00:00+00:00,28.6884,78.07413199999999,0.2128,106.975332
2018-10-11 19:00:00+00:00,13.483547999999999,56.709856,0.175,70.368404
2018-10-11 20:00:00+00:00,6.3114479999999995,40.355016,0.126,46.792463999999995
2018-10-11 21:00:00+00:00,3.2991659999999996,30.441580000000002,0.0896,33.830346
2018-10-11 22:00:00+00:00,2.15163,24.100708,0.06999999999999999,26.322338000000002
2018-10-11 23:00:00+00:00,1.8647459999999998,19.944567999999997,0.0644,21.873713999999996
2018-10-12 00:00:00+00:00,2.15163,18.16932,0.07279999999999999,20.39375
2018-10-12 01:00:00+00:00,1.7213040000000002,16.487247999999997,0.08399999999999999,18.292551999999997
2018-10-12 02:00:00+00:00,2.15163,15.896315999999999,0.08539999999999999,18.133346
2018-10-12 03:00:00+00:00,2.2950720000000002,15.106772000000001,0.0644,17.466244
2018-10-12 04:00:00+00:00,1.4344199999999998,12.438996,0.0336,13.907015999999999
2018-10-12 05:00:00+00:00,4.016376,17.11496,0.0378,21.169136
2018-10-12 06:00:00+00:00,3.1557239999999998,8.819844,0.020999999999999998,11.996568
2018-10-12 07:00:00+00:00,0.0,0.0,0.006999999999999999,0.006999999999999999
2018-10-12 08:00:00+00:00,0.0,0.0,0.0014,0.0014
2018-10-12 09:00:00+00:00,0.0,0.0,0.0028,0.0028
2018-10-12 10:00:00+00:00,0.0,0.0,0.0112,0.0112
2018-10-12 11:00:00+00:00,1.004094,1.485912,0.12319999999999999,2.6132060000000004
2018-10-12 12:00:00+00:00,6.168005999999999,15.369136000000001,0.3262,21.863342
2018-10-12 13:00:00+00:00,12.90978,34.141648,0.518,47.569428
2018-10-12 14:00:00+00:00,20.368763999999995,50.48668,0.6272,71.482644
2018-10-12 15:00:00+00:00,39.016224,80.04553999999999,0.5137999999999999,119.57556399999999
2018-10-12 16:00:00+00:00,58.524336,104.41106400000001,0.40319999999999995,163.3386
2018-10-12 17:00:00+00:00,45.757998,101.086152,0.31079999999999997,147.15495
2018-10-12 18:00:00+00:00,21.5163,72.69444399999999,0.23099999999999998,94.44174399999999
2018-10-12 19:00:00+00:00,8.319636000000001,46.180968,0.16519999999999999,54.665804
2018-10-12 20:00:00+00:00,2.8688399999999996,29.929111999999996,0.09939999999999999,32.897352
2018-10-12 21:00:00+00:00,0.8606520000000001,23.301356,0.061599999999999995,24.223608
2018-10-12 22:00:00+00:00,0.28688400000000003,18.456204,0.0378,18.780888
2018-10-12 23:00:00+00:00,0.0,15.293123999999999,0.0196,15.312724
2018-10-13 00:00:00+00:00,0.0,14.108808000000002,0.0084,14.117208000000002
2018-10-13 01:00:00+00:00,0.14344200000000001,13.819472,0.0014,13.964314
2018-10-13 02:00:00+00:00,0.43032600000000004,14.520744,0.0014,14.952470000000002
2018-10-13 03:00:00+00:00,0.7172099999999999,14.334392000000001,0.0014,15.053002000000001
2018-10-13 04:00:00+00:00,1.290978,12.770016,0.0028,14.063794000000001
2018-10-13 05:00:00+00:00,1.5778619999999999,12.980888,0.0,14.55875
2018-10-13 06:00:00+00:00,1.1475360000000001,12.375244,0.0,13.522780000000001
2018-10-13 07:00:00+00:00,0.28688400000000003,9.001292,0.0,9.288176
2018-10-13 08:00:00+00:00,0.0,6.811656,0.0,6.811656
2018-10-13 09:00:00+00:00,0.0,5.32084,0.0014,5.32224
2018-10-13 10:00:00+00:00,0.0,3.54314,0.0056,3.54874
2018-10-13 11:00:00+00:00,0.0,1.770344,0.0196,1.789944
2018-10-13 12:00:00+00:00,0.0,0.19616,0.0378,0.23396
2018-10-13 13:00:00+00:00,1.7213040000000002,0.0,0.0686,1.7899040000000002
2018-10-13 14:00:00+00:00,16.352388,5.40666,0.1764,21.935448
2018-10-13 15:00:00+00:00,34.856406,40.37218,0.40319999999999995,75.631786
2018-10-13 16:00:00+00:00,44.323578,79.638508,0.42279999999999995,124.384886
2018-10-13 17:00:00+00:00,38.01213,91.123676,0.322,129.457806
2018-10-13 18:00:00+00:00,23.524488,81.96545599999999,0.21139999999999998,105.70134399999999
2018-10-13 19:00:00+00:00,14.3442,69.00908799999999,0.11199999999999999,83.46528799999999
2018-10-13 20:00:00+00:00,9.897498,56.888852,0.05039999999999999,66.83675
2018-10-13 21:00:00+00:00,6.168005999999999,44.094316,0.0196,50.281921999999994
2018-10-13 22:00:00+00:00,3.58605,33.896448,0.012599999999999998,37.495098
2018-10-13 23:00:00+00:00,2.008188,26.577227999999998,0.013999999999999999,28.599415999999998
2018-10-14 00:00:00+00:00,1.4344199999999998,22.03122,0.020999999999999998,23.48664
2018-10-14 01:00:00+00:00,1.290978,19.564508000000004,0.0322,20.887686000000002
2018-10-14 02:00:00+00:00,1.5778619999999999,18.090856,0.05039999999999999,19.719117999999998
2018-10-14 03:00:00+00:00,2.008188,17.70344,0.07279999999999999,19.784428000000002
2018-10-14 04:00:00+00:00,1.8647459999999998,15.53342,0.0952,17.493365999999998
2018-10-14 05:00:00+00:00,1.5778619999999999,8.42262,0.0266,10.027082
2018-10-14 06:00:00+00:00,2.15163,6.946515999999999,0.0056,9.103746
2018-10-14 07:00:00+00:00,0.43032600000000004,0.89498,0.0,1.325306
2018-10-14 08:00:00+00:00,0.0,0.0,0.0,0.0
2018-10-14 09:00:00+00:00,0.0,0.0,0.0014,0.0014
2018-10-14 10:00:00+00:00,0.0,0.0,0.0224,0.0224
2018-10-14 11:00:00+00:00,0.0,0.0,0.1344,0.1344
2018-10-14 12:00:00+00:00,0.14344200000000001,0.198612,0.26599999999999996,0.608054
2018-10-14 13:00:00+00:00,7.028658000000001,18.434136000000002,0.41719999999999996,25.879994000000003
2018-10-14 14:00:00+00:00,15.06141,42.110648,0.6033999999999999,57.775458
2018-10-14 15:00:00+00:00,34.42608,83.390068,0.623,118.439148
2018-10-14 16:00:00+00:00,54.938286,105.146664,0.40319999999999995,160.48815
2018-10-14 17:00:00+00:00,47.479302000000004,102.57206400000001,0.20859999999999998,150.25996600000002
2018-10-14 18:00:00+00:00,22.807278,82.72557599999999,0.119,105.65185399999999
2018-10-14 19:00:00+00:00,12.622895999999999,59.89009999999999,0.077,72.58999599999999
2018-10-14 20:00:00+00:00,7.745868,45.413492000000005,0.06019999999999999,53.21956000000001
2018-10-14 21:00:00+00:00,5.02047,33.925872,0.0672,39.013542
2018-10-14 22:00:00+00:00,3.4426080000000003,26.013267999999997,0.08679999999999999,29.542675999999997
2018-10-14 23:00:00+00:00,2.7253979999999998,21.163211999999998,0.08679999999999999,23.975409999999997
2018-10-15 00:00:00+00:00,2.7253979999999998,19.584124000000003,0.0686,22.378122
2018-10-15 01:00:00+00:00,3.4426080000000003,18.397356,0.054599999999999996,21.894564
2018-10-15 02:00:00+00:00,4.733586,17.906956,0.0392,22.679742
2018-10-15 03:00:00+00:00,4.016376,16.923704,0.0238,20.963880000000003
2018-10-15 04:00:00+00:00,2.581956,11.678875999999999,0.0112,14.272032
2018-10-15 05:00:00+00:00,4.016376,8.130831999999998,0.015399999999999999,12.162607999999999
2018-10-15 06:00:00+00:00,3.2991659999999996,3.0821640000000006,0.0168,6.39813
2018-10-15 07:00:00+00:00,0.14344200000000001,0.0,0.0042,0.14764200000000002
2018-10-15 08:00:00+00:00,0.0,0.0,0.0,0.0
2018-10-15 09:00:00+00:00,0.0,0.0,0.0,0.0
2018-10-15 10:00:00+00:00,0.0,0.0,0.0042,0.0042
2018-10-15 11:00:00+00:00,0.0,0.0,0.0574,0.0574
2018-10-15 12:00:00+00:00,0.0,0.394772,0.20579999999999998,0.600572
2018-10-15 13:00:00+00:00,4.877028,18.404712,0.42279999999999995,23.704539999999998
2018-10-15 14:00:00+00:00,14.917967999999998,41.870352,0.6524,57.44072
2018-10-15 15:00:00+00:00,29.979377999999997,74.67566,0.6145999999999999,105.26963799999999
2018-10-15 16:00:00+00:00,48.05307,90.706836,0.39899999999999997,139.158906
2018-10-15 17:00:00+00:00,50.348142,91.86663200000001,0.2254,142.440174
2018-10-15 18:00:00+00:00,30.696588,81.401496,0.1358,112.233884
2018-10-15 19:00:00+00:00,15.348294,59.43157599999999,0.11059999999999999,74.89047
2018-10-15 20:00:00+00:00,9.323730000000001,45.545899999999996,0.09939999999999999,54.969030000000004
2018-10-15 21:00:00+00:00,6.598331999999999,35.843336,0.105,42.546668
2018-10-15 22:00:00+00:00,5.02047,30.789763999999998,0.12459999999999999,35.934834
2018-10-15 23:00:00+00:00,3.7294919999999996,29.784443999999997,0.13019999999999998,33.644135999999996
2018-10-16 00:00:00+00:00,3.0122820000000003,30.85842,0.119,33.989702
2018-10-16 01:00:00+00:00,2.2950720000000002,31.047224,0.10079999999999999,33.443096
2018-10-16 02:00:00+00:00,2.008188,30.547016,0.077,32.632203999999994
2018-10-16 03:00:00+00:00,1.8647459999999998,28.168576,0.05039999999999999,30.083722
2018-10-16 04:00:00+00:00,1.4344199999999998,20.361407999999997,0.027999999999999997,21.823827999999995
2018-10-16 05:00:00+00:00,3.872934,19.216324,0.0378,23.127058
2018-10-16 06:00:00+00:00,4.5901440000000004,13.294743999999998,0.0294,17.914287999999996
2018-10-16 07:00:00+00:00,1.1475360000000001,0.201064,0.0028,1.3514
2018-10-16 08:00:00+00:00,0.0,0.0,0.0014,0.0014
2018-10-16 09:00:00+00:00,0.0,0.0,0.0042,0.0042
2018-10-16 10:00:00+00:00,0.0,0.0,0.0224,0.0224
2018-10-16 11:00:00+00:00,0.0,0.0,0.0784,0.0784
2018-10-16 12:00:00+00:00,0.0,0.0,0.1904,0.1904
2018-10-16 13:00:00+00:00,3.1557239999999998,6.485539999999999,0.3696,10.010864
2018-10-16 14:00:00+00:00,22.376952,42.12536,0.6314,65.133712
2018-10-16 15:00:00+00:00,47.766186000000005,93.624716,0.6412,142.032102
2018-10-16 16:00:00+00:00,57.950568,111.482632,0.4522,169.8854
2018-10-16 17:00:00+00:00,40.16376,100.06612000000001,0.3024,140.53228000000001
2018-10-16 18:00:00+00:00,21.085973999999997,83.007556,0.21,104.30352999999998
2018-10-16 19:00:00+00:00,13.340106,66.738536,0.175,80.253642
2018-10-16 20:00:00+00:00,8.319636000000001,54.738448,0.1582,63.216284
2018-10-16 21:00:00+00:00,4.877028,42.22834399999999,0.1386,47.24397199999999
2018-10-16 22:00:00+00:00,3.872934,36.493116,0.105,40.47105
2018-10-16 23:00:00+00:00,4.446701999999999,33.231956,0.0812,37.759858
2018-10-17 00:00:00+00:00,4.877028,30.375376,0.0658,35.318204
2018-10-17 01:00:00+00:00,4.877028,26.915604000000002,0.0448,31.837432
2018-10-17 02:00:00+00:00,4.446701999999999,22.958076,0.027999999999999997,27.432777999999995
2018-10-17 03:00:00+00:00,3.58605,20.182412,0.013999999999999999,23.782462
2018-10-17 04:00:00+00:00,2.7253979999999998,16.622108,0.0056,19.353106
2018-10-17 05:00:00+00:00,4.30326,16.352388,0.006999999999999999,20.662648
2018-10-17 06:00:00+00:00,3.58605,11.205639999999999,0.0098,14.80149
2018-10-17 07:00:00+00:00,0.8606520000000001,3.2636119999999993,0.0042,4.128463999999999
2018-10-17 08:00:00+00:00,0.0,0.29424,0.0014,0.29564
2018-10-17 09:00:00+00:00,0.0,0.0,0.0,0.0
2018-10-17 10:00:00+00:00,0.0,0.0,0.0028,0.0028
2018-10-17 11:00:00+00:00,0.0,0.0,0.0196,0.0196
2018-10-17 12:00:00+00:00,0.14344200000000001,0.0,0.14559999999999998,0.289042
2018-10-17 13:00:00+00:00,6.024564000000001,7.704183999999999,0.3598,14.088548
2018-10-17 14:00:00+00:00,13.770432000000001,29.882524,0.6118,44.264756000000006
2018-10-17 15:00:00+00:00,31.700681999999997,71.252668,0.5963999999999999,103.54975
2018-10-17 16:00:00+00:00,46.331766,95.39506,0.43539999999999995,142.162226
2018-10-17 17:00:00+00:00,42.17194799999999,91.155552,0.2632,133.5907
2018-10-17 18:00:00+00:00,29.262168,79.471772,0.182,108.91594
2018-10-17 19:00:00+00:00,17.21304,63.168424,0.15539999999999998,80.536864
2018-10-17 20:00:00+00:00,8.893403999999999,49.081683999999996,0.13019999999999998,58.105287999999994
2018-10-17 21:00:00+00:00,5.4507959999999995,39.962696,0.10779999999999999,45.521291999999995
2018-10-17 22:00:00+00:00,3.872934,34.524159999999995,0.0798,38.476893999999994
2018-10-17 23:00:00+00:00,3.4426080000000003,29.480396000000002,0.054599999999999996,32.97760400000001
2018-10-18 00:00:00+00:00,3.7294919999999996,26.420299999999997,0.05039999999999999,30.200191999999998
2018-10-18 01:00:00+00:00,4.1598180000000005,23.063512,0.05039999999999999,27.27373
2018-10-18 02:00:00+00:00,4.30326,21.087200000000003,0.0574,25.447860000000006
2018-10-18 03:00:00+00:00,3.0122820000000003,18.313988000000002,0.06999999999999999,21.39627
2018-10-18 04:00:00+00:00,1.5778619999999999,13.856251999999998,0.0756,15.509713999999997
2018-10-18 05:00:00+00:00,2.7253979999999998,15.062635999999998,0.0392,17.827233999999997
2018-10-18 06:00:00+00:00,2.2950720000000002,14.380980000000001,0.012599999999999998,16.688652
2018-10-18 07:00:00+00:00,1.004094,9.3176,0.0014,10.323094000000001
2018-10-18 08:00:00+00:00,0.0,3.6608359999999998,0.0,3.6608359999999998
2018-10-18 09:00:00+00:00,0.0,0.29424,0.0,0.29424
2018-10-18 10:00:00+00:00,0.0,0.0,0.0,0.0
2018-10-18 11:00:00+00:00,0.0,0.0,0.0056,0.0056
2018-10-18 12:00:00+00:00,12.766338,3.302844,0.0812,16.150381999999997
2018-10-18 13:00:00+00:00,30.12282,27.048012,0.2366,57.40743200000001
2018-10-18 14:00:00+00:00,41.167854,57.89172,0.4003999999999999,99.459974
2018-10-18 15:00:00+00:00,42.458831999999994,84.905404,0.40179999999999993,127.766036
2018-10-18 16:00:00+00:00,39.303108,85.07949599999999,0.287,124.66960399999999
2018-10-18 17:00:00+00:00,31.270356,75.663816,0.1722,107.106372
2018-10-18 18:00:00+00:00,17.786807999999997,61.10384,0.12039999999999998,79.011048
2018-10-18 19:00:00+00:00,9.897498,44.910832,0.12039999999999998,54.928729999999995
2018-10-18 20:00:00+00:00,5.737679999999999,36.500471999999995,0.12459999999999999,42.36275199999999
2018-10-18 21:00:00+00:00,6.3114479999999995,35.524575999999996,0.11199999999999999,41.948024
2018-10-18 22:00:00+00:00,8.749962,35.343128,0.08259999999999999,44.17569
2018-10-18 23:00:00+00:00,10.901591999999999,38.9255,0.0644,49.891492
2018-10-19 00:00:00+00:00,12.19257,42.6035,0.0672,54.86327
2018-10-19 01:00:00+00:00,12.336011999999998,41.82131199999999,0.077,54.23432399999999
2018-10-19 02:00:00+00:00,11.905686,37.966768,0.08259999999999999,49.955054000000004
2018-10-19 03:00:00+00:00,9.754056,29.750116000000002,0.077,39.581172
2018-10-19 04:00:00+00:00,5.737679999999999,16.75942,0.061599999999999995,22.558699999999995
2018-10-19 05:00:00+00:00,2.8688399999999996,7.537448000000001,0.025199999999999997,10.431488
2018-10-19 06:00:00+00:00,1.5778619999999999,3.07726,0.0112,4.666321999999999
2018-10-19 07:00:00+00:00,0.0,0.0,0.0028,0.0028
2018-10-19 08:00:00+00:00,0.0,0.0,0.0014,0.0014
2018-10-19 09:00:00+00:00,0.0,0.0,0.0,0.0
2018-10-19 10:00:00+00:00,0.0,0.0,0.0028,0.0028
2018-10-19 11:00:00+00:00,0.0,0.0,0.06019999999999999,0.06019999999999999
2018-10-19 12:00:00+00:00,0.7172099999999999,0.100532,0.21839999999999998,1.036142
2018-10-19 13:00:00+00:00,5.307353999999999,8.579548,0.39899999999999997,14.285901999999998
2018-10-19 14:00:00+00:00,8.893403999999999,19.510564000000002,0.5319999999999999,28.935968
2018-10-19 15:00:00+00:00,21.946626,45.121704,0.4438,67.51213
2018-10-19 16:00:00+00:00,32.131008,59.076036,0.27999999999999997,91.487044
2018-10-19 17:00:00+00:00,29.549052,55.859012,0.16519999999999999,85.573264
2018-10-19 18:00:00+00:00,17.786807999999997,42.618212,0.10219999999999999,60.50722
2018-10-19 19:00:00+00:00,8.893403999999999,29.602995999999997,0.0798,38.57619999999999
2018-10-19 20:00:00+00:00,5.02047,19.785188,0.077,24.882658000000003
2018-10-19 21:00:00+00:00,3.1557239999999998,12.264904000000001,0.0672,15.487828
2018-10-19 22:00:00+00:00,1.8647459999999998,7.218687999999999,0.05039999999999999,9.133833999999998
2018-10-19 23:00:00+00:00,0.8606520000000001,3.955076,0.0378,4.853528
2018-10-20 00:00:00+00:00,0.43032600000000004,2.2730040000000002,0.0238,2.7271300000000003
2018-10-20 01:00:00+00:00,0.43032600000000004,1.58154,0.0112,2.023066
2018-10-20 02:00:00+00:00,0.43032600000000004,1.6845240000000001,0.0056,2.12045
2018-10-20 03:00:00+00:00,0.28688400000000003,1.8855879999999998,0.0028,2.175272
2018-10-20 04:00:00+00:00,0.14344200000000001,1.9885719999999998,0.0014,2.1334139999999997
2018-10-20 05:00:00+00:00,0.14344200000000001,0.7968999999999999,0.0014,0.941742
2018-10-20 06:00:00+00:00,0.0,0.397224,0.0014,0.39862400000000003
2018-10-20 07:00:00+00:00,0.0,0.789544,0.0,0.789544
2018-10-20 08:00:00+00:00,0.0,0.4904,0.0014,0.4918
2018-10-20 09:00:00+00:00,0.0,0.9808,0.0028,0.9836
2018-10-20 10:00:00+00:00,0.0,4.938328,0.018199999999999997,4.9565280000000005
2018-10-20 11:00:00+00:00,3.872934,21.437836,0.061599999999999995,25.37237
2018-10-20 12:00:00+00:00,13.62699,39.938176,0.0924,53.657565999999996
2018-10-20 13:00:00+00:00,16.49583,48.235744,0.14559999999999998,64.877174
2018-10-20 14:00:00+00:00,18.934344,54.311800000000005,0.20859999999999998,73.454744
2018-10-20 15:00:00+00:00,23.237604,55.375968,0.2758,78.88937200000001
2018-10-20 16:00:00+00:00,25.389234,53.228016,0.217,78.83425
2018-10-20 17:00:00+00:00,16.49583,42.122907999999995,0.147,58.76573799999999
2018-10-20 18:00:00+00:00,7.315542,29.012064,0.0924,36.420005999999994
2018-10-20 19:00:00+00:00,2.438514,19.282528,0.0476,21.768642
2018-10-20 20:00:00+00:00,0.43032600000000004,10.455328,0.020999999999999998,10.906654000000001
2018-10-20 21:00:00+00:00,0.14344200000000001,6.794492,0.0056,6.9435340000000005
2018-10-20 22:00:00+00:00,0.0,5.114871999999999,0.0014,5.1162719999999995
2018-10-20 23:00:00+00:00,0.0,3.8324759999999998,0.0014,3.8338759999999996
2018-10-21 00:00:00+00:00,0.14344200000000001,2.454452,0.0028,2.600694
2018-10-21 01:00:00+00:00,0.14344200000000001,1.4736520000000002,0.0042,1.6212940000000002
2018-10-21 02:00:00+00:00,0.28688400000000003,0.9832519999999999,0.006999999999999999,1.2771359999999998
2018-10-21 03:00:00+00:00,0.43032600000000004,0.9832519999999999,0.0112,1.424778
2018-10-21 04:00:00+00:00,0.8606520000000001,1.478556,0.013999999999999999,2.353208
2018-10-21 05:00:00+00:00,0.7172099999999999,1.976312,0.018199999999999997,2.711722
2018-10-21 06:00:00+00:00,1.5778619999999999,9.398516,0.0266,11.002978
2018-10-21 07:00:00+00:00,4.446701999999999,19.41984,0.018199999999999997,23.884742
2018-10-21 08:00:00+00:00,6.598331999999999,27.759092000000003,0.020999999999999998,34.378424
2018-10-21 09:00:00+00:00,8.893403999999999,33.705192,0.0378,42.63639599999999
2018-10-21 10:00:00+00:00,11.188476,41.129847999999996,0.0672,52.385524
2018-10-21 11:00:00+00:00,11.188476,46.163804,0.11199999999999999,57.46428
2018-10-21 12:00:00+00:00,9.036846,43.961908,0.16519999999999999,53.163954000000004
2018-10-21 13:00:00+00:00,6.024564000000001,36.613264,0.20299999999999999,42.840828
2018-10-21 14:00:00+00:00,2.7253979999999998,25.211464,0.21139999999999998,28.148262
2018-10-21 15:00:00+00:00,0.8606520000000001,14.908160000000002,0.26739999999999997,16.036212000000003
2018-10-21 16:00:00+00:00,0.43032600000000004,6.112836,0.2352,6.7783619999999996
2018-10-21 17:00:00+00:00,0.43032600000000004,2.5647919999999997,0.12179999999999998,3.1169179999999996
2018-10-21 18:00:00+00:00,1.4344199999999998,2.277908,0.0462,3.7585279999999996
2018-10-21 19:00:00+00:00,4.1598180000000005,4.276288,0.025199999999999997,8.461306
2018-10-21 20:00:00+00:00,9.754056,9.962476,0.0378,19.754332
2018-10-21 21:00:00+00:00,19.077786,19.132956,0.0784,38.289142
2018-10-21 22:00:00+00:00,30.409703999999998,26.905795999999995,0.1386,57.45409999999999
2018-10-21 23:00:00+00:00,44.610462,36.269984,0.20719999999999997,81.087646
2018-10-22 00:00:00+00:00,57.950568,46.830748,0.28559999999999997,105.066916
2018-10-22 01:00:00+00:00,69.425928,57.685751999999994,0.385,127.49668
2018-10-22 02:00:00+00:00,80.901288,71.919612,0.5137999999999999,153.3347
2018-10-22 03:00:00+00:00,96.39302400000001,93.406488,0.6663999999999999,190.465912
2018-10-22 04:00:00+00:00,107.151174,105.13440399999999,0.644,212.929578
2018-10-22 05:00:00+00:00,89.220924,78.39044,0.29119999999999996,167.90256399999998
2018-10-22 06:00:00+00:00,54.50796,48.8561,0.2562,103.62026
2018-10-22 07:00:00+00:00,17.643366,26.32222,0.21,44.175586
2018-10-22 08:00:00+00:00,13.340106,24.730871999999998,0.1582,38.229178
2018-10-22 09:00:00+00:00,16.639272000000002,29.014516,0.1442,45.797988000000004
2018-10-22 10:00:00+00:00,23.524488,37.076691999999994,0.14559999999999998,60.74678
2018-10-22 11:00:00+00:00,27.397422000000002,43.142939999999996,0.1414,70.681762
2018-10-22 12:00:00+00:00,22.663836,38.658232,0.1134,61.435468
2018-10-22 13:00:00+00:00,12.19257,25.927448000000002,0.06999999999999999,38.190018
2018-10-22 14:00:00+00:00,3.1557239999999998,13.299648000000001,0.030799999999999998,16.486172
2018-10-22 15:00:00+00:00,0.14344200000000001,6.049084000000001,0.049,6.241526000000001
2018-10-22 16:00:00+00:00,0.14344200000000001,3.871708,0.16519999999999999,4.18035
2018-10-22 17:00:00+00:00,2.15163,2.8860040000000002,0.385,5.422634
2018-10-22 18:00:00+00:00,7.745868,3.3862120000000004,0.6188,11.75088
2018-10-22 19:00:00+00:00,15.635178,9.244039999999998,0.8063999999999999,25.685617999999998
2018-10-22 20:00:00+00:00,25.532676,22.342624,0.9156,48.79089999999999
2018-10-22 21:00:00+00:00,41.45473799999999,47.166672,0.9645999999999999,89.58601
2018-10-22 22:00:00+00:00,58.66777799999999,78.765596,0.9352,138.368574
2018-10-22 23:00:00+00:00,75.020166,108.081708,0.8959999999999999,183.997874
2018-10-23 00:00:00+00:00,91.372554,129.816236,0.9086,222.09739
2018-10-23 01:00:00+00:00,100.696284,142.41461199999998,0.9757999999999999,244.08669599999996
2018-10-23 02:00:00+00:00,113.74950600000001,157.236952,0.9827999999999999,271.969258
2018-10-23 03:00:00+00:00,117.0,161.24864,0.9324,279.18104
2018-10-23 04:00:00+00:00,117.0,161.83711999999997,0.9029999999999999,279.74012
2018-10-23 05:00:00+00:00,117.0,147.76978,0.581,265.35078
2018-10-23 06:00:00+00:00,110.737224,145.840056,0.49699999999999994,257.07428
2018-10-23 07:00:00+00:00,117.0,162.0,0.5684,279.5684
2018-10-23 08:00:00+00:00,117.0,162.0,0.6244,279.6244
2018-10-23 09:00:00+00:00,117.0,162.0,0.6215999999999999,279.6216
2018-10-23 10:00:00+00:00,117.0,162.0,0.63,279.63
2018-10-23 11:00:00+00:00,117.0,162.0,0.707,279.707
2018-10-23 12:00:00+00:00,117.0,157.81584,0.6958,275.51164
2018-10-23 13:00:00+00:00,91.372554,121.724636,0.518,213.61519
2018-10-23 14:00:00+00:00,34.569522,52.820984,0.3864,87.776906
2018-10-23 15:00:00+00:00,12.766338,26.687568,0.25479999999999997,39.708706
2018-10-23 16:00:00+00:00,9.754056,22.624603999999998,0.10359999999999998,32.48226
2018-10-23 17:00:00+00:00,11.618802,26.40804,0.0322,38.059042000000005
2018-10-23 18:00:00+00:00,15.635178,34.07054,0.012599999999999998,49.718318000000004
2018-10-23 19:00:00+00:00,25.389234,56.057624000000004,0.0098,81.456658
2018-10-23 20:00:00+00:00,34.999848,74.5408,0.0238,109.564448
2018-10-23 21:00:00+00:00,33.421986000000004,68.751628,0.0644,102.238014
2018-10-23 22:00:00+00:00,24.672023999999997,47.86304,0.1344,72.66946399999999
2018-10-23 23:00:00+00:00,26.249885999999996,46.264336,0.2254,72.73962199999998
2018-10-24 00:00:00+00:00,37.008036,65.03439600000002,0.30379999999999996,102.34623200000001
2018-10-24 01:00:00+00:00,50.92191,95.532372,0.364,146.81828199999998
2018-10-24 02:00:00+00:00,65.122668,118.27712399999999,0.371,183.770792
2018-10-24 03:00:00+00:00,64.5489,122.494564,0.3906,187.434064
2018-10-24 04:00:00+00:00,54.50796,126.035252,0.49839999999999995,181.041612
2018-10-24 05:00:00+00:00,38.442456,95.875652,0.5319999999999999,134.850108
2018-10-24 06:00:00+00:00,67.130856,139.761548,0.3136,207.206004
2018-10-24 07:00:00+00:00,97.684002,162.0,0.24219999999999997,259.92620200000005
2018-10-24 08:00:00+00:00,98.831538,162.0,0.18059999999999998,261.01213800000005
2018-10-24 09:00:00+00:00,91.372554,162.0,0.15539999999999998,253.52795399999997
2018-10-24 10:00:00+00:00,81.61849799999999,151.77634799999998,0.3374,233.73224599999998
2018-10-24 11:00:00+00:00,71.864442,130.632752,0.5418,203.038994
2018-10-24 12:00:00+00:00,76.884912,130.573904,0.5599999999999999,208.01881600000002
2018-10-24 13:00:00+00:00,73.298862,129.30131599999999,0.5319999999999999,203.13217799999998
2018-10-24 14:00:00+00:00,48.91372200000001,114.20680399999998,0.43679999999999997,163.557326
2018-10-24 15:00:00+00:00,33.421986000000004,101.48828,0.3934,135.30366600000002
2018-10-24 16:00:00+00:00,24.672023999999997,81.70063999999999,0.25479999999999997,106.62746399999999
2018-10-24 17:00:00+00:00,13.053222,60.206408,0.098,73.35763
2018-10-24 18:00:00+00:00,6.7417739999999995,52.541456,0.012599999999999998,59.295829999999995
2018-10-24 19:00:00+00:00,17.643366,63.37684399999999,0.0042,81.02440999999999
2018-10-24 20:00:00+00:00,37.008036,87.34024,0.0322,124.380476
2018-10-24 21:00:00+00:00,51.782562,108.59907999999999,0.0882,160.469842
2018-10-24 22:00:00+00:00,61.966944,123.119824,0.1386,185.225368
2018-10-24 23:00:00+00:00,71.577558,129.406752,0.1764,201.16071
2018-10-25 00:00:00+00:00,80.040636,131.309504,0.2366,211.58674000000002
2018-10-25 01:00:00+00:00,87.356178,138.25111599999997,0.33599999999999997,225.94329399999998
2018-10-25 02:00:00+00:00,95.38893,141.24746,0.4718,237.10819
2018-10-25 03:00:00+00:00,102.991356,145.71990799999998,0.6328,249.34406399999997
2018-10-25 04:00:00+00:00,106.43396399999999,143.93730399999998,0.7476,251.118868
2018-10-25 05:00:00+00:00,102.130704,126.41040799999999,0.49699999999999994,229.038112
2018-10-25 06:00:00+00:00,117.0,162.0,0.7658,279.7658
2018-10-25 07:00:00+00:00,117.0,162.0,1.0093999999999999,280.0094
2018-10-25 08:00:00+00:00,117.0,162.0,1.1536,280.1536
2018-10-25 09:00:00+00:00,117.0,162.0,1.2726,280.2726
2018-10-25 10:00:00+00:00,117.0,162.0,1.337,280.337
2018-10-25 11:00:00+00:00,117.0,162.0,1.3594,280.3594
2018-10-25 12:00:00+00:00,117.0,162.0,1.3579999999999999,280.358
2018-10-25 13:00:00+00:00,117.0,162.0,1.3425999999999998,280.3426
2018-10-25 14:00:00+00:00,117.0,162.0,1.281,280.281
2018-10-25 15:00:00+00:00,117.0,162.0,1.1102,280.1102
2018-10-25 16:00:00+00:00,117.0,162.0,0.9967999999999999,279.9968
2018-10-25 17:00:00+00:00,112.02820200000001,161.07923599999998,0.9086,274.016038
2018-10-25 18:00:00+00:00,104.99954399999999,149.58671199999998,0.9072,255.49345599999995
2018-10-25 19:00:00+00:00,102.417588,154.946784,0.9282,258.292572
2018-10-25 20:00:00+00:00,90.36845999999998,151.75428,0.9114,243.03413999999995
2018-10-25 21:00:00+00:00,72.43821,147.154328,0.9029999999999999,220.49553799999998
2018-10-25 22:00:00+00:00,66.987414,137.18939999999998,0.9254,205.10221399999998
2018-10-25 23:00:00+00:00,67.84806599999999,119.67966799999999,0.9715999999999999,188.49933399999998
2018-10-26 00:00:00+00:00,72.43821,117.11732799999999,1.0317999999999998,190.587338
2018-10-26 01:00:00+00:00,73.298862,126.788016,1.1004,201.18727800000002
2018-10-26 02:00:00+00:00,69.999696,133.641356,1.162,204.803052
2018-10-26 03:00:00+00:00,73.44230400000001,144.17269599999997,1.2082,218.82319999999999
2018-10-26 04:00:00+00:00,82.335708,149.26795199999998,1.2011999999999998,232.80486
2018-10-26 05:00:00+00:00,101.41349399999999,162.0,1.2642,264.67769400000003
2018-10-26 06:00:00+00:00,103.421682,162.0,1.3076,266.729282
2018-10-26 07:00:00+00:00,98.401212,162.0,1.2726,261.673812
2018-10-26 08:00:00+00:00,95.102046,159.721876,1.2193999999999998,256.043322
2018-10-26 09:00:00+00:00,96.249582,160.52613200000002,1.1844,257.960114
2018-10-26 10:00:00+00:00,97.110234,161.531452,1.1605999999999999,259.802286
2018-10-26 11:00:00+00:00,93.23729999999999,160.02347200000003,1.1242,254.38497200000003
2018-10-26 12:00:00+00:00,86.925852,155.866284,1.0724,243.86453600000002
2018-10-26 13:00:00+00:00,78.8931,147.122452,0.9673999999999998,226.982952
2018-10-26 14:00:00+00:00,64.5489,132.81258,0.7336,198.09508
2018-10-26 15:00:00+00:00,49.917815999999995,113.53986,0.5418,163.999476
2018-10-26 16:00:00+00:00,38.01213,93.20051999999998,0.41719999999999996,131.62985
2018-10-26 17:00:00+00:00,23.094162,69.766756,0.3024,93.163318
2018-10-26 18:00:00+00:00,14.631084,50.192440000000005,0.21419999999999997,65.03772400000001
2018-10-26 19:00:00+00:00,10.471265999999998,39.361956,0.1442,49.977422
2018-10-26 20:00:00+00:00,6.885216000000001,32.506164,0.0924,39.483779999999996
2018-10-26 21:00:00+00:00,3.4426080000000003,24.26254,0.0392,27.744348000000002
2018-10-26 22:00:00+00:00,1.004094,15.528516,0.0112,16.543809999999997
2018-10-26 23:00:00+00:00,0.14344200000000001,8.194583999999999,0.0014,8.339426
2018-10-27 00:00:00+00:00,0.0,3.447512,0.0014,3.448912
2018-10-27 01:00:00+00:00,0.0,1.375572,0.006999999999999999,1.382572
2018-10-27 02:00:00+00:00,0.0,0.58848,0.0378,0.62628
2018-10-27 03:00:00+00:00,0.28688400000000003,0.985704,0.10079999999999999,1.373388
2018-10-27 04:00:00+00:00,1.7213040000000002,2.773212,0.17779999999999999,4.672316
2018-10-27 05:00:00+00:00,1.5778619999999999,7.434463999999998,0.091,9.103325999999997
2018-10-27 06:00:00+00:00,2.15163,13.873415999999999,0.054599999999999996,16.079646
2018-10-27 07:00:00+00:00,1.8647459999999998,11.298815999999999,0.0224,13.185961999999998
2018-10-27 08:00:00+00:00,0.8606520000000001,6.539484,0.0084,7.408536
2018-10-27 09:00:00+00:00,0.43032600000000004,2.6751319999999996,0.0028,3.1082579999999997
2018-10-27 10:00:00+00:00,0.0,0.7919959999999999,0.0014,0.7933959999999999
2018-10-27 11:00:00+00:00,0.0,0.296692,0.0014,0.298092
2018-10-27 12:00:00+00:00,1.4344199999999998,0.89498,0.0028,2.3322
2018-10-27 13:00:00+00:00,4.446701999999999,3.587276,0.0042,8.038178
2018-10-27 14:00:00+00:00,7.6024259999999995,8.75364,0.0084,16.364466
2018-10-27 15:00:00+00:00,11.475359999999998,19.562056,0.0406,31.078015999999998
2018-10-27 16:00:00+00:00,15.778619999999998,34.710511999999994,0.1316,50.62073199999999
2018-10-27 17:00:00+00:00,26.680212,62.28325199999999,0.30519999999999997,89.26866399999999
2018-10-27 18:00:00+00:00,50.491583999999996,102.13315600000001,0.5725999999999999,153.19734
2018-10-27 19:00:00+00:00,80.184078,134.070456,0.7476,215.002134
2018-10-27 20:00:00+00:00,101.41349399999999,148.804524,0.84,251.05801799999998
2018-10-27 21:00:00+00:00,112.60197,155.18462800000003,0.8694,268.655998
2018-10-27 22:00:00+00:00,117.0,156.34464,0.868,274.21264
2018-10-27 23:00:00+00:00,117.0,156.34464,0.8525999999999999,274.19724
2018-10-28 00:00:00+00:00,117.0,155.95232,0.84,273.79231999999996
2018-10-28 01:00:00+00:00,117.0,155.75616,0.8315999999999999,273.58776
2018-10-28 02:00:00+00:00,117.0,155.85424,0.8315999999999999,273.68584
2018-10-28 03:00:00+00:00,117.0,157.22736,0.8301999999999999,275.05755999999997
2018-10-28 04:00:00+00:00,117.0,157.32544000000001,0.7784,275.10384
2018-10-28 05:00:00+00:00,117.0,146.075448,0.434,263.509448
2018-10-28 06:00:00+00:00,117.0,162.0,0.5418,279.5418
2018-10-28 07:00:00+00:00,117.0,160.16976,0.5908,277.76056
2018-10-28 08:00:00+00:00,101.41349399999999,149.70686,0.49979999999999997,251.62015399999999
2018-10-28 09:00:00+00:00,86.63896799999999,134.502008,0.42139999999999994,221.56237599999997
2018-10-28 10:00:00+00:00,71.721,116.31552399999998,0.357,188.39352399999999
2018-10-28 11:00:00+00:00,61.536618,101.203848,0.3206,163.061066
2018-10-28 12:00:00+00:00,58.66777799999999,93.649236,0.308,152.625014
2018-10-28 13:00:00+00:00,59.958755999999994,94.539312,0.2716,154.769668
2018-10-28 14:00:00+00:00,66.84397200000001,106.840996,0.2576,173.94256800000002
2018-10-28 15:00:00+00:00,92.089764,143.59157199999999,0.42419999999999997,236.105536
2018-10-28 16:00:00+00:00,116.90522999999999,162.0,0.5992,279.50442999999996
2018-10-28 17:00:00+00:00,117.0,162.0,0.7476,279.7476
2018-10-28 18:00:00+00:00,117.0,162.0,0.868,279.868
2018-10-28 19:00:00+00:00,117.0,162.0,0.9618,279.9618
2018-10-28 20:00:00+00:00,117.0,162.0,0.9743999999999998,279.9744
2018-10-28 21:00:00+00:00,117.0,162.0,0.9548,279.9548
2018-10-28 22:00:00+00:00,117.0,162.0,0.9436,279.9436
2018-10-28 23:00:00+00:00,117.0,162.0,0.9184,279.9184
2018-10-29 00:00:00+00:00,117.0,162.0,0.8987999999999999,279.8988
2018-10-29 01:00:00+00:00,117.0,162.0,0.8805999999999999,279.8806
2018-10-29 02:00:00+00:00,117.0,162.0,0.8764,279.8764
2018-10-29 03:00:00+00:00,117.0,162.0,0.8637999999999999,279.8638
2018-10-29 04:00:00+00:00,117.0,162.0,0.8077999999999999,279.8078
2018-10-29 05:00:00+00:00,117.0,162.0,0.4508,279.4508
2018-10-29 06:00:00+00:00,117.0,162.0,0.39899999999999997,279.399
2018-10-29 07:00:00+00:00,117.0,162.0,0.5194,279.5194
2018-10-29 08:00:00+00:00,111.16754999999999,155.56,0.3458,267.07335
2018-10-29 09:00:00+00:00,75.450492,125.177052,0.2296,200.857144
2018-10-29 10:00:00+00:00,46.188324,90.87111999999999,0.154,137.21344399999998
2018-10-29 11:00:00+00:00,28.401516,62.04786,0.098,90.547376
2018-10-29 12:00:00+00:00,19.938438,44.175231999999994,0.0658,64.17947
2018-10-29 13:00:00+00:00,16.782714,37.231168,0.0476,54.061482
2018-10-29 14:00:00+00:00,23.954814000000002,54.10338,0.043399999999999994,78.101594
2018-10-29 15:00:00+00:00,53.216981999999994,101.755548,0.061599999999999995,155.03413
2018-10-29 16:00:00+00:00,99.261864,148.863372,0.147,248.272236
2018-10-29 17:00:00+00:00,117.0,162.0,0.378,279.378
2018-10-29 18:00:00+00:00,117.0,162.0,0.6986,279.6986
2018-10-29 19:00:00+00:00,117.0,162.0,0.8834,279.8834
2018-10-29 20:00:00+00:00,117.0,162.0,0.8917999999999999,279.8918
2018-10-29 21:00:00+00:00,117.0,162.0,0.9212,279.9212
2018-10-29 22:00:00+00:00,117.0,162.0,0.9604,279.9604
2018-10-29 23:00:00+00:00,117.0,162.0,0.9967999999999999,279.9968
2018-10-30 00:00:00+00:00,117.0,162.0,1.0177999999999998,280.0178
2018-10-30 01:00:00+00:00,117.0,162.0,1.0275999999999998,280.0276
2018-10-30 02:00:00+00:00,117.0,162.0,1.0275999999999998,280.0276
2018-10-30 03:00:00+00:00,117.0,162.0,1.015,280.015
2018-10-30 04:00:00+00:00,117.0,162.0,0.9534,279.9534
2018-10-30 05:00:00+00:00,117.0,154.0888,0.5459999999999999,271.6348
2018-10-30 06:00:00+00:00,115.901136,147.61552,0.25339999999999996,263.770056
2018-10-30 07:00:00+00:00,117.0,155.16768000000002,0.301,272.46868
2018-10-30 08:00:00+00:00,81.61849799999999,116.367016,0.21559999999999999,198.201114
2018-10-30 09:00:00+00:00,45.901439999999994,71.738164,0.1512,117.790804
2018-10-30 10:00:00+00:00,26.53677,41.924296,0.11199999999999999,68.573066
2018-10-30 11:00:00+00:00,15.348294,22.749656,0.08399999999999999,38.18195
2018-10-30 12:00:00+00:00,9.897498,13.21628,0.0658,23.179578
2018-10-30 13:00:00+00:00,8.60652,11.529304,0.049,20.184824
2018-10-30 14:00:00+00:00,16.352388,26.712088,0.0406,43.105076
2018-10-30 15:00:00+00:00,43.893252,69.779016,0.0924,113.764668
2018-10-30 16:00:00+00:00,93.09385800000001,129.08554,0.294,222.47339800000003
2018-10-30 17:00:00+00:00,117.0,162.0,0.5922,279.5922
2018-10-30 18:00:00+00:00,117.0,162.0,0.7504,279.7504
2018-10-30 19:00:00+00:00,117.0,162.0,0.84,279.84
2018-10-30 20:00:00+00:00,117.0,162.0,0.9282,279.9282
2018-10-30 21:00:00+00:00,117.0,162.0,0.9995999999999999,279.9996
2018-10-30 22:00:00+00:00,117.0,162.0,1.0304,280.0304
2018-10-30 23:00:00+00:00,117.0,161.83711999999997,1.0122,279.84932
2018-10-31 00:00:00+00:00,117.0,161.05248,0.9911999999999999,279.04368
2018-10-31 01:00:00+00:00,117.0,159.9736,0.9757999999999999,277.9494
2018-10-31 02:00:00+00:00,117.0,159.58128,0.9715999999999999,277.55288
2018-10-31 03:00:00+00:00,117.0,158.69856,0.9771999999999998,276.67575999999997
2018-10-31 04:00:00+00:00,117.0,157.42352,0.9422,275.36572
2018-10-31 05:00:00+00:00,117.0,144.18272,0.5922,261.77492
2018-10-31 06:00:00+00:00,117.0,125.18440799999999,0.34299999999999997,242.52740799999998
2018-10-31 07:00:00+00:00,117.0,142.92462799999998,0.3094,260.23402799999997
2018-10-31 08:00:00+00:00,82.766034,109.704932,0.20159999999999997,192.67256600000002
2018-10-31 09:00:00+00:00,47.33586,68.940432,0.1596,116.435892
2018-10-31 10:00:00+00:00,30.12282,46.176064,0.14839999999999998,76.447284
2018-10-31 11:00:00+00:00,21.5163,34.448147999999996,0.14279999999999998,56.107248
2018-10-31 12:00:00+00:00,18.647460000000002,29.970796,0.1414,48.759656
2018-10-31 13:00:00+00:00,20.79909,35.220528,0.12179999999999998,56.141418
2018-10-31 14:00:00+00:00,40.73752799999999,70.35033200000001,0.12319999999999999,111.21106
2018-10-31 15:00:00+00:00,90.225018,135.230252,0.259,225.71427
2018-10-31 16:00:00+00:00,117.0,162.0,0.6005999999999999,279.6006
2018-10-31 17:00:00+00:00,117.0,162.0,0.8273999999999999,279.8274
2018-10-31 18:00:00+00:00,117.0,162.0,0.9743999999999998,279.9744
2018-10-31 19:00:00+00:00,117.0,162.0,1.0373999999999999,280.0374
2018-10-31 20:00:00+00:00,117.0,162.0,1.0275999999999998,280.0276
2018-10-31 21:00:00+00:00,117.0,162.0,1.0108,280.0108
2018-10-31 22:00:00+00:00,117.0,162.0,0.9939999999999999,279.994
2018-10-31 23:00:00+00:00,117.0,162.0,0.9869999999999999,279.987
2018-11-01 00:00:00+00:00,117.0,161.83711999999997,0.9855999999999999,279.82271999999995
2018-11-01 01:00:00+00:00,117.0,160.36592000000002,0.9855999999999999,278.35152
2018-11-01 02:00:00+00:00,117.0,159.67936,0.9827999999999999,277.66216
2018-11-01 03:00:00+00:00,117.0,160.36592000000002,0.9897999999999999,278.35572
2018-11-01 04:00:00+00:00,117.0,161.05248,0.9743999999999998,279.02688
2018-11-01 05:00:00+00:00,117.0,150.656,0.6075999999999999,268.2636
2018-11-01 06:00:00+00:00,117.0,147.61552,0.3626,264.97812
2018-11-01 07:00:00+00:00,117.0,162.0,0.5502,279.5502
2018-11-01 08:00:00+00:00,117.0,158.40431999999998,0.5823999999999999,275.98672
2018-11-01 09:00:00+00:00,114.03639,149.02520399999997,0.504,263.565594
2018-11-01 10:00:00+00:00,103.27824,135.710844,0.40599999999999997,239.395084
2018-11-01 11:00:00+00:00,91.229112,122.39648399999999,0.2996,213.92519599999997
2018-11-01 12:00:00+00:00,79.753752,109.977104,0.20439999999999997,189.935256
2018-11-01 13:00:00+00:00,68.708718,101.22591600000001,0.1134,170.04803400000003
2018-11-01 14:00:00+00:00,64.835784,108.84918400000001,0.055999999999999994,173.74096800000004
2018-11-01 15:00:00+00:00,85.921758,144.506168,0.061599999999999995,230.489526
2018-11-01 16:00:00+00:00,109.876572,162.0,0.1582,272.03477200000003
2018-11-01 17:00:00+00:00,117.0,162.0,0.3864,279.3864
2018-11-01 18:00:00+00:00,117.0,162.0,0.6733999999999999,279.6734
2018-11-01 19:00:00+00:00,117.0,162.0,0.8287999999999999,279.8288
2018-11-01 20:00:00+00:00,117.0,162.0,0.9296,279.9296
2018-11-01 21:00:00+00:00,117.0,161.83711999999997,0.9981999999999999,279.83531999999997
2018-11-01 22:00:00+00:00,117.0,157.91392000000002,1.0206,275.93452
2018-11-01 23:00:00+00:00,117.0,155.75616,0.9883999999999998,273.74456000000004
2018-11-02 00:00:00+00:00,117.0,156.34464,0.9254,274.27004000000005
2018-11-02 01:00:00+00:00,117.0,158.79664,0.8987999999999999,276.69544
2018-11-02 02:00:00+00:00,117.0,160.75824,0.9057999999999999,278.66404
2018-11-02 03:00:00+00:00,117.0,162.0,0.9169999999999999,279.917
2018-11-02 04:00:00+00:00,117.0,161.15055999999998,0.9002,279.05075999999997
2018-11-02 05:00:00+00:00,117.0,147.32128,0.4815999999999999,264.80288
2018-11-02 06:00:00+00:00,114.46671599999999,149.1848,0.2128,263.86431600000003
2018-11-02 07:00:00+00:00,117.0,161.73904,0.3822,279.12124
2018-11-02 08:00:00+00:00,109.01592,151.317824,0.39759999999999995,260.73134400000004
2018-11-02 09:00:00+00:00,83.33980199999999,122.188064,0.32899999999999996,205.856866
2018-11-02 10:00:00+00:00,57.807126000000004,89.274868,0.238,147.319994
2018-11-02 11:00:00+00:00,40.16376,65.110408,0.1582,105.432368
2018-11-02 12:00:00+00:00,32.561334,53.382492,0.10919999999999999,86.053026
2018-11-02 13:00:00+00:00,33.421986000000004,54.966483999999994,0.08259999999999999,88.47107
2018-11-02 14:00:00+00:00,46.044882,74.7247,0.0686,120.838182
2018-11-02 15:00:00+00:00,76.454586,116.6539,0.07279999999999999,193.181286
2018-11-02 16:00:00+00:00,100.265958,146.990044,0.10219999999999999,247.35820200000003
2018-11-02 17:00:00+00:00,112.745412,159.67936,0.24219999999999997,272.66697200000004
2018-11-02 18:00:00+00:00,117.0,159.87552,0.5544,277.42992
2018-11-02 19:00:00+00:00,117.0,154.87344000000002,0.7322,272.60564
2018-11-02 20:00:00+00:00,117.0,143.35127599999998,0.8133999999999999,261.164676
2018-11-02 21:00:00+00:00,113.74950600000001,137.312,0.9057999999999999,251.967306
2018-11-02 22:00:00+00:00,112.88885400000001,137.807304,0.9478,251.643958
2018-11-02 23:00:00+00:00,113.175738,137.118292,0.9422,251.23623
2018-11-03 00:00:00+00:00,111.597876,131.473788,0.8959999999999999,243.96766399999998
2018-11-03 01:00:00+00:00,109.01592,124.74059599999998,0.8203999999999999,234.57691599999998
2018-11-03 02:00:00+00:00,106.43396399999999,117.605276,0.7854,224.82464000000002
2018-11-03 03:00:00+00:00,106.003638,115.31510800000001,0.7686000000000001,222.087346
2018-11-03 04:00:00+00:00,108.585594,118.99556000000001,0.7363999999999999,228.31755400000003
2018-11-03 05:00:00+00:00,96.39302400000001,119.257924,0.3654,216.01634800000002
2018-11-03 06:00:00+00:00,102.70447199999998,125.40508799999999,0.29119999999999996,228.40076
2018-11-03 07:00:00+00:00,85.634874,80.599692,0.41859999999999997,166.653166
2018-11-03 08:00:00+00:00,51.782562,40.879744,0.42839999999999995,93.090706
2018-11-03 09:00:00+00:00,39.159666,27.256431999999997,0.3794,66.79549800000001
2018-11-03 10:00:00+00:00,35.430174,21.697747999999997,0.3318,57.459722
2018-11-03 11:00:00+00:00,30.409703999999998,18.416972,0.294,49.120675999999996
2018-11-03 12:00:00+00:00,24.958907999999997,16.521576,0.24919999999999998,41.729684
2018-11-03 13:00:00+00:00,24.098256000000003,18.30418,0.1932,42.595636
2018-11-03 14:00:00+00:00,29.262168,31.608731999999996,0.20579999999999998,61.07669999999999
2018-11-03 15:00:00+00:00,44.610462,63.98494,0.3934,108.988802
2018-11-03 16:00:00+00:00,58.81122,85.55273199999999,0.6482,145.012152
2018-11-03 17:00:00+00:00,69.56936999999999,90.94958399999999,0.784,161.30295399999997
2018-11-03 18:00:00+00:00,72.43821,85.52575999999999,0.7784,158.74237
2018-11-03 19:00:00+00:00,71.577558,77.022224,0.6986,149.298382
2018-11-03 20:00:00+00:00,67.704624,64.529284,0.5684,132.80230799999998
2018-11-03 21:00:00+00:00,59.958755999999994,48.039584,0.39759999999999995,108.39593999999998
2018-11-03 22:00:00+00:00,51.782562,36.404844000000004,0.294,88.481406
2018-11-03 23:00:00+00:00,43.462926,27.545768000000002,0.24919999999999998,71.25789400000001
2018-11-04 00:00:00+00:00,34.139196,19.368348,0.2366,53.744144
2018-11-04 01:00:00+00:00,24.528582,12.377695999999998,0.24639999999999998,37.152678
2018-11-04 02:00:00+00:00,17.21304,7.98126,0.287,25.481299999999997
2018-11-04 03:00:00+00:00,16.208946,7.380520000000001,0.3668,23.956266000000003
2018-11-04 04:00:00+00:00,19.794996,9.180288000000001,0.41019999999999995,29.385484
2018-11-04 05:00:00+00:00,15.491736,6.990652,0.1624,22.644788000000002
2018-11-04 06:00:00+00:00,10.471265999999998,4.788755999999999,0.10359999999999998,15.363621999999998
2018-11-04 07:00:00+00:00,7.315542,4.7863039999999994,0.0966,12.198445999999999
2018-11-04 08:00:00+00:00,4.5901440000000004,4.087484,0.07419999999999999,8.751828
2018-11-04 09:00:00+00:00,3.872934,4.286096,0.0532,8.21223
2018-11-04 10:00:00+00:00,5.4507959999999995,7.370712,0.07139999999999999,12.892908
2018-11-04 11:00:00+00:00,9.897498,15.322548000000001,0.161,25.381046000000005
2018-11-04 12:00:00+00:00,13.770432000000001,26.042692,0.3206,40.133724
2018-11-04 13:00:00+00:00,12.766338,33.07012400000001,0.4592,46.29566200000001
2018-11-04 14:00:00+00:00,8.463078,34.122032,0.3864,42.97151
2018-11-04 15:00:00+00:00,5.02047,28.023908,0.2814,33.325778
2018-11-04 16:00:00+00:00,5.02047,15.131292,0.1582,20.309962000000002
2018-11-04 17:00:00+00:00,3.872934,6.921996,0.06019999999999999,10.85513
2018-11-04 18:00:00+00:00,1.1475360000000001,2.3759879999999995,0.015399999999999999,3.5389239999999997
2018-11-04 19:00:00+00:00,0.0,0.49530399999999997,0.0028,0.498104
2018-11-04 20:00:00+00:00,0.0,0.198612,0.0014,0.20001200000000002
2018-11-04 21:00:00+00:00,0.28688400000000003,0.794448,0.0028,1.084132
2018-11-04 22:00:00+00:00,1.7213040000000002,2.780568,0.0056,4.507472000000001
2018-11-04 23:00:00+00:00,3.7294919999999996,6.745451999999999,0.0084,10.483343999999999
2018-11-05 00:00:00+00:00,4.446701999999999,10.207676,0.0098,14.664177999999998
2018-11-05 01:00:00+00:00,4.733586,11.784312,0.012599999999999998,16.530497999999998
2018-11-05 02:00:00+00:00,6.3114479999999995,12.176632,0.0196,18.50768
2018-11-05 03:00:00+00:00,9.036846,12.0761,0.0322,21.145146
2018-11-05 04:00:00+00:00,12.479453999999999,11.784312,0.036399999999999995,24.300165999999997
2018-11-05 05:00:00+00:00,11.045034,10.901592,0.018199999999999997,21.964826000000002
2018-11-05 06:00:00+00:00,14.3442,18.461108,0.013999999999999999,32.819308
2018-11-05 07:00:00+00:00,18.073692,24.338552,0.0084,42.420644
2018-11-05 08:00:00+00:00,22.376952,35.27202,0.006999999999999999,57.655972
2018-11-05 09:00:00+00:00,26.967095999999998,50.467064,0.0112,77.44536
2018-11-05 10:00:00+00:00,33.278544000000004,72.10105999999999,0.025199999999999997,105.404804
2018-11-05 11:00:00+00:00,37.294920000000005,91.43753199999999,0.061599999999999995,128.794052
2018-11-05 12:00:00+00:00,40.020318,107.20389200000001,0.12739999999999999,147.35161000000002
2018-11-05 13:00:00+00:00,43.462926,117.428732,0.20299999999999999,161.094658
2018-11-05 14:00:00+00:00,38.72934,111.460564,0.2226,150.412504
2018-11-05 15:00:00+00:00,30.983472,90.787752,0.2646,122.03582399999999
2018-11-05 16:00:00+00:00,26.967095999999998,85.41542000000001,0.25339999999999996,112.63591600000001
2018-11-05 17:00:00+00:00,18.647460000000002,71.9049,0.21839999999999998,90.77076
2018-11-05 18:00:00+00:00,11.618802,62.452439999999996,0.1582,74.22944199999999
2018-11-05 19:00:00+00:00,8.60652,57.95792399999999,0.0882,66.652644
2018-11-05 20:00:00+00:00,7.6024259999999995,47.723276,0.030799999999999998,55.356502
2018-11-05 21:00:00+00:00,8.893403999999999,43.863828,0.0112,52.768432
2018-11-05 22:00:00+00:00,11.618802,43.390592,0.006999999999999999,55.016394
2018-11-05 23:00:00+00:00,13.770432000000001,42.51768,0.006999999999999999,56.295111999999996
2018-11-06 00:00:00+00:00,15.348294,44.3199,0.0056,59.673794
2018-11-06 01:00:00+00:00,16.639272000000002,44.731836,0.0028,61.37390800000001
2018-11-06 02:00:00+00:00,16.782714,46.619876000000005,0.0028,63.405390000000004
2018-11-06 03:00:00+00:00,14.057316000000002,43.250828,0.0014,57.309543999999995
2018-11-06 04:00:00+00:00,11.188476,36.713796,0.0028,47.905072000000004
2018-11-06 05:00:00+00:00,7.889309999999999,27.589903999999997,0.0028,35.482014
2018-11-06 06:00:00+00:00,10.04094,30.5887,0.0,40.62964
2018-11-06 07:00:00+00:00,9.897498,26.332028,0.0014,36.230926
2018-11-06 08:00:00+00:00,9.754056,26.329576000000003,0.0028,36.086432
2018-11-06 09:00:00+00:00,11.475359999999998,31.3856,0.0112,42.87216
2018-11-06 10:00:00+00:00,13.483547999999999,37.434684,0.0378,50.95603199999999
2018-11-06 11:00:00+00:00,14.487642,41.899776,0.08679999999999999,56.474218
2018-11-06 12:00:00+00:00,12.336011999999998,39.609607999999994,0.14559999999999998,52.09121999999999
2018-11-06 13:00:00+00:00,8.893403999999999,31.454256,0.196,40.543659999999996
2018-11-06 14:00:00+00:00,4.5901440000000004,21.01364,0.2324,25.836183999999996
2018-11-06 15:00:00+00:00,1.7213040000000002,12.760207999999999,0.3094,14.790911999999999
2018-11-06 16:00:00+00:00,0.43032600000000004,7.005364000000001,0.26739999999999997,7.703090000000001
2018-11-06 17:00:00+00:00,0.14344200000000001,3.148368,0.161,3.45281
2018-11-06 18:00:00+00:00,0.0,1.0788799999999998,0.0644,1.1432799999999999
2018-11-06 19:00:00+00:00,0.0,0.29424,0.012599999999999998,0.30684
2018-11-06 20:00:00+00:00,0.0,0.09808,0.0014,0.09948
2018-11-06 21:00:00+00:00,0.0,0.09808,0.0,0.09808
2018-11-06 22:00:00+00:00,0.0,0.0,0.0014,0.0014
2018-11-06 23:00:00+00:00,0.0,0.0,0.0112,0.0112
2018-11-07 00:00:00+00:00,0.14344200000000001,0.0,0.0406,0.184042
2018-11-07 01:00:00+00:00,0.5737680000000001,0.198612,0.08539999999999999,0.8577800000000001
2018-11-07 02:00:00+00:00,1.4344199999999998,0.9979640000000001,0.1288,2.561184
2018-11-07 03:00:00+00:00,3.7294919999999996,4.384176,0.15259999999999999,8.266268
2018-11-07 04:00:00+00:00,9.180288000000001,12.149659999999999,0.1722,21.502148000000002
2018-11-07 05:00:00+00:00,9.610614,13.346236000000001,0.0882,23.045050000000003
2018-11-07 06:00:00+00:00,2.2950720000000002,9.136152,0.025199999999999997,11.456424
2018-11-07 07:00:00+00:00,0.28688400000000003,5.443440000000001,0.0042,5.734524
2018-11-07 08:00:00+00:00,0.0,3.84964,0.0,3.84964
2018-11-07 09:00:00+00:00,0.0,3.256256,0.0,3.256256
2018-11-07 10:00:00+00:00,0.14344200000000001,2.8663879999999997,0.0014,3.0112299999999994
2018-11-07 11:00:00+00:00,0.43032600000000004,1.878232,0.0028,2.3113580000000002
2018-11-07 12:00:00+00:00,0.8606520000000001,1.1892200000000002,0.0056,2.055472
2018-11-07 13:00:00+00:00,1.5778619999999999,1.6943319999999997,0.012599999999999998,3.2847939999999998
2018-11-07 14:00:00+00:00,2.438514,4.587692,0.043399999999999994,7.069606
2018-11-07 15:00:00+00:00,3.58605,13.71894,0.08259999999999999,17.38759
2018-11-07 16:00:00+00:00,3.58605,22.021411999999998,0.0896,25.697062
2018-11-07 17:00:00+00:00,3.1557239999999998,26.550255999999997,0.10359999999999998,29.809579999999997
2018-11-07 18:00:00+00:00,3.1557239999999998,29.311208,0.1372,32.604132
2018-11-07 19:00:00+00:00,4.5901440000000004,31.598924,0.20299999999999999,36.392068
2018-11-07 20:00:00+00:00,6.7417739999999995,33.604659999999996,0.2814,40.62783399999999
2018-11-07 21:00:00+00:00,7.745868,33.234408,0.33039999999999997,41.310676
2018-11-07 22:00:00+00:00,9.754056,34.644307999999995,0.3752,44.77356399999999
2018-11-07 23:00:00+00:00,14.631084,39.337436,0.42139999999999994,54.38992
2018-11-08 00:00:00+00:00,20.512206,43.233664000000005,0.4564,64.20227
2018-11-08 01:00:00+00:00,25.81956,46.337896,0.4732,72.630656
2018-11-08 02:00:00+00:00,30.840030000000002,49.140532,0.4802,80.460762
2018-11-08 03:00:00+00:00,36.147384,49.95704799999999,0.4732,86.57763200000001
2018-11-08 04:00:00+00:00,41.74162199999999,50.079648000000006,0.45499999999999996,92.27627
2018-11-08 05:00:00+00:00,31.270356,33.869476000000006,0.217,65.35683200000001
2018-11-08 06:00:00+00:00,11.188476,19.397772000000003,0.0658,30.652048000000004
2018-11-08 07:00:00+00:00,3.4426080000000003,16.568164,0.0056,20.016372
2018-11-08 08:00:00+00:00,1.4344199999999998,13.275127999999999,0.0014,14.710947999999998
2018-11-08 09:00:00+00:00,0.5737680000000001,8.206844,0.0014,8.782012
2018-11-08 10:00:00+00:00,0.28688400000000003,4.24196,0.0014,4.530244
2018-11-08 11:00:00+00:00,0.0,1.7727959999999998,0.0028,1.7755959999999997
2018-11-08 12:00:00+00:00,0.0,0.492852,0.0042,0.497052
2018-11-08 13:00:00+00:00,1.004094,0.0,0.006999999999999999,1.011094
2018-11-08 14:00:00+00:00,11.045034,3.2145719999999995,0.0392,14.298805999999997
2018-11-08 15:00:00+00:00,18.217133999999998,16.401428,0.09939999999999999,34.717962
2018-11-08 16:00:00+00:00,14.631084,28.376996,0.0952,43.10328
2018-11-08 17:00:00+00:00,9.754056,34.847824,0.0896,44.69148
2018-11-08 18:00:00+00:00,8.463078,34.607528,0.0952,43.165805999999996
2018-11-08 19:00:00+00:00,12.766338,37.780416,0.1134,50.660154
2018-11-08 20:00:00+00:00,25.389234,54.981196,0.22399999999999998,80.59443
2018-11-08 21:00:00+00:00,45.471114,81.64179200000001,0.34019999999999995,127.453106
2018-11-08 22:00:00+00:00,66.84397200000001,104.420872,0.4256,171.690444
2018-11-08 23:00:00+00:00,79.753752,113.18432,0.511,193.449072
2018-11-09 00:00:00+00:00,88.360272,117.477772,0.588,206.426044
2018-11-09 01:00:00+00:00,97.54056,122.36706,0.6202,220.52782000000002
2018-11-09 02:00:00+00:00,102.84791399999999,125.35604799999999,0.602,228.805962
2018-11-09 03:00:00+00:00,107.00773199999999,128.5461,0.5684,236.122232
2018-11-09 04:00:00+00:00,107.86838399999999,129.960904,0.5418,238.371088
2018-11-09 05:00:00+00:00,90.081576,106.25251599999999,0.33459999999999995,196.668692
2018-11-09 06:00:00+00:00,72.725094,101.784972,0.24359999999999996,174.75366599999998
2018-11-09 07:00:00+00:00,47.33586,85.30998399999999,0.2352,132.88104399999997
2018-11-09 08:00:00+00:00,23.524488,57.653876,0.1848,81.363164
2018-11-09 09:00:00+00:00,16.49583,42.659896,0.175,59.330726
2018-11-09 10:00:00+00:00,14.774526,34.627144,0.182,49.583670000000005
2018-11-09 11:00:00+00:00,13.483547999999999,29.06846,0.1848,42.736808
2018-11-09 12:00:00+00:00,11.475359999999998,23.801564,0.1764,35.453323999999995
2018-11-09 13:00:00+00:00,8.749962,18.73328,0.1638,27.647042
2018-11-09 14:00:00+00:00,7.889309999999999,20.11866,0.21419999999999997,28.22217
2018-11-09 15:00:00+00:00,15.491736,37.96922000000001,0.40319999999999995,53.86415600000001
2018-11-09 16:00:00+00:00,37.008036,72.32909599999999,0.6342,109.971332
2018-11-09 17:00:00+00:00,72.007884,109.12871200000001,0.7546,181.891196
2018-11-09 18:00:00+00:00,100.12251599999999,130.730832,0.7504,231.603748
2018-11-09 19:00:00+00:00,117.0,137.905384,0.7504,255.655784
2018-11-09 20:00:00+00:00,117.0,138.626272,0.7658,256.392072
2018-11-09 21:00:00+00:00,117.0,134.278876,0.8007999999999998,252.079676
2018-11-09 22:00:00+00:00,117.0,130.41697599999998,0.8315999999999999,248.24857599999999
2018-11-09 23:00:00+00:00,117.0,130.007492,0.8819999999999999,247.88949200000002
2018-11-10 00:00:00+00:00,114.32327400000001,125.83663999999999,0.8567999999999999,241.016714
2018-11-10 01:00:00+00:00,107.151174,119.17946,0.8077999999999999,227.138434
2018-11-10 02:00:00+00:00,97.54056,109.258668,0.7965999999999999,207.595828
2018-11-10 03:00:00+00:00,88.360272,100.615368,0.7308,189.70644
2018-11-10 04:00:00+00:00,79.036542,90.08402799999999,0.7686000000000001,169.88916999999998
2018-11-10 05:00:00+00:00,54.077634,57.881912,0.5684,112.527946
2018-11-10 06:00:00+00:00,30.553145999999998,34.379492,0.5544,65.487038
2018-11-10 07:00:00+00:00,8.60652,13.20402,0.3864,22.196939999999998
2018-11-10 08:00:00+00:00,3.0122820000000003,4.960396,0.21419999999999997,8.186878
2018-11-10 09:00:00+00:00,2.581956,3.673096,0.1316,6.386652
2018-11-10 10:00:00+00:00,2.8688399999999996,4.070320000000001,0.08399999999999999,7.02316
2018-11-10 11:00:00+00:00,2.438514,3.869256,0.05039999999999999,6.358169999999999
2018-11-10 12:00:00+00:00,3.0122820000000003,5.166364,0.025199999999999997,8.203846
2018-11-10 13:00:00+00:00,3.2991659999999996,5.9657160000000005,0.0112,9.276082
2018-11-10 14:00:00+00:00,5.307353999999999,10.734856,0.0042,16.04641
2018-11-10 15:00:00+00:00,5.02047,15.869343999999998,0.0014,20.891213999999998
2018-11-10 16:00:00+00:00,2.15163,13.657639999999999,0.0196,15.828869999999998
2018-11-10 17:00:00+00:00,0.5737680000000001,9.879107999999999,0.09939999999999999,10.552275999999997
2018-11-10 18:00:00+00:00,0.14344200000000001,7.799812000000001,0.2254,8.168654000000002
2018-11-10 19:00:00+00:00,0.0,6.321255999999999,0.3122,6.633455999999999
2018-11-10 20:00:00+00:00,0.14344200000000001,4.742168,0.32899999999999996,5.21461
2018-11-10 21:00:00+00:00,0.43032600000000004,3.5578519999999996,0.3024,4.290578
2018-11-10 22:00:00+00:00,0.8606520000000001,2.670228,0.27299999999999996,3.80388
2018-11-10 23:00:00+00:00,1.004094,1.978764,0.26739999999999997,3.250258
2018-11-11 00:00:00+00:00,1.004094,1.5839919999999998,0.2618,2.8498859999999997
2018-11-11 01:00:00+00:00,1.1475360000000001,1.1892200000000002,0.2618,2.5985560000000003
2018-11-11 02:00:00+00:00,1.4344199999999998,1.191672,0.2786,2.904692
2018-11-11 03:00:00+00:00,1.8647459999999998,1.392736,0.2884,3.5458819999999998
2018-11-11 04:00:00+00:00,3.7294919999999996,2.491232,0.2884,6.509124
2018-11-11 05:00:00+00:00,3.7294919999999996,2.496136,0.1162,6.341828
2018-11-11 06:00:00+00:00,0.0,0.198612,0.027999999999999997,0.226612
2018-11-11 07:00:00+00:00,0.0,0.09808,0.0168,0.11488
2018-11-11 08:00:00+00:00,0.14344200000000001,0.397224,0.0266,0.567266
2018-11-11 09:00:00+00:00,0.8606520000000001,1.78996,0.054599999999999996,2.7052120000000004
2018-11-11 10:00:00+00:00,4.877028,5.2791559999999995,0.0952,10.251384
2018-11-11 11:00:00+00:00,9.897498,9.962476,0.1316,19.991574
2018-11-11 12:00:00+00:00,12.19257,15.633951999999999,0.15539999999999998,27.981921999999997
2018-11-11 13:00:00+00:00,12.049128000000001,19.902884,0.1582,32.110212000000004
2018-11-11 14:00:00+00:00,11.762244,27.339799999999997,0.14559999999999998,39.247644
2018-11-11 15:00:00+00:00,11.331918,32.75381599999999,0.1568,44.24253399999999
2018-11-11 16:00:00+00:00,9.180288000000001,27.849816,0.119,37.149104
2018-11-11 17:00:00+00:00,4.877028,20.981764,0.061599999999999995,25.920391999999996
2018-11-11 18:00:00+00:00,1.7213040000000002,16.707928000000003,0.018199999999999997,18.447432000000003
2018-11-11 19:00:00+00:00,0.7172099999999999,14.427568,0.0028,15.147578000000001
2018-11-11 20:00:00+00:00,0.8606520000000001,13.741007999999997,0.0,14.601659999999997
2018-11-11 21:00:00+00:00,1.5778619999999999,14.545264,0.0,16.123126
2018-11-11 22:00:00+00:00,2.15163,16.141516,0.0,18.293146
2018-11-11 23:00:00+00:00,2.8688399999999996,17.742672,0.0014,20.612911999999998
2018-11-12 00:00:00+00:00,3.2991659999999996,18.252688,0.0042,21.556054
2018-11-12 01:00:00+00:00,3.58605,17.472952,0.0098,21.068801999999998
2018-11-12 02:00:00+00:00,3.7294919999999996,16.39162,0.013999999999999999,20.135112
2018-11-12 03:00:00+00:00,3.58605,13.915099999999999,0.0196,17.52075
2018-11-12 04:00:00+00:00,3.58605,11.338048,0.0266,14.950698000000001
2018-11-12 05:00:00+00:00,2.15163,5.67638,0.013999999999999999,7.84201
2018-11-12 06:00:00+00:00,0.0,0.296692,0.0014,0.298092
2018-11-12 07:00:00+00:00,0.0,0.0,0.0014,0.0014
2018-11-12 08:00:00+00:00,0.0,0.0,0.0028,0.0028
2018-11-12 09:00:00+00:00,0.0,0.0,0.006999999999999999,0.006999999999999999
2018-11-12 10:00:00+00:00,0.7172099999999999,0.100532,0.018199999999999997,0.8359419999999999
2018-11-12 11:00:00+00:00,4.733586,1.902752,0.0322,6.668538
2018-11-12 12:00:00+00:00,10.471265999999998,7.802263999999999,0.05179999999999999,18.325329999999997
2018-11-12 13:00:00+00:00,10.75815,15.369135999999997,0.0798,26.207085999999997
2018-11-12 14:00:00+00:00,12.19257,30.664712,0.16519999999999999,43.022482
2018-11-12 15:00:00+00:00,11.475359999999998,44.38855600000001,0.2814,56.145316
2018-11-12 16:00:00+00:00,10.327824,43.317032,0.2338,53.878656
2018-11-12 17:00:00+00:00,8.893403999999999,39.50907599999999,0.1344,48.53687999999999
2018-11-12 18:00:00+00:00,7.745868,37.314536,0.0644,45.124804
2018-11-12 19:00:00+00:00,8.60652,41.495196,0.041999999999999996,50.143716
2018-11-12 20:00:00+00:00,12.622895999999999,51.95788,0.0658,64.646576
2018-11-12 21:00:00+00:00,20.368763999999995,65.519892,0.12179999999999998,86.01045599999999
2018-11-12 22:00:00+00:00,29.835935999999997,74.72715199999999,0.1764,104.739488
2018-11-12 23:00:00+00:00,37.294920000000005,76.362636,0.2254,113.882956
2018-11-13 00:00:00+00:00,45.327672,77.669552,0.2338,123.23102399999999
2018-11-13 01:00:00+00:00,53.503865999999995,81.043504,0.2268,134.77417
2018-11-13 02:00:00+00:00,60.96285,86.8008,0.24639999999999998,148.01004999999998
2018-11-13 03:00:00+00:00,68.13494999999999,92.462468,0.29119999999999996,160.888618
2018-11-13 04:00:00+00:00,73.15542,95.55444,0.3836,169.09346
2018-11-13 05:00:00+00:00,53.216981999999994,70.14191199999999,0.24919999999999998,123.608094
2018-11-13 06:00:00+00:00,25.963002,50.697552,0.1316,76.79215400000001
2018-11-13 07:00:00+00:00,16.926156,57.938308,0.1176,74.982064
2018-11-13 08:00:00+00:00,13.483547999999999,56.903564,0.14839999999999998,70.535512
2018-11-13 09:00:00+00:00,12.19257,48.946824,0.189,61.328393999999996
2018-11-13 10:00:00+00:00,11.188476,40.610024,0.2198,52.0183
2018-11-13 11:00:00+00:00,8.893403999999999,32.086872,0.21839999999999998,41.198676
2018-11-13 12:00:00+00:00,5.737679999999999,22.972788,0.16799999999999998,28.878467999999998
2018-11-13 13:00:00+00:00,2.7253979999999998,11.090396,0.061599999999999995,13.877394
2018-11-13 14:00:00+00:00,2.7253979999999998,0.8876240000000001,0.013999999999999999,3.6270219999999997
2018-11-13 15:00:00+00:00,9.180288000000001,4.185563999999999,0.07279999999999999,13.438652000000001
2018-11-13 16:00:00+00:00,8.176194,15.881604000000001,0.1358,24.193598
2018-11-13 17:00:00+00:00,2.7253979999999998,17.919216000000002,0.21559999999999999,20.860214
2018-11-13 18:00:00+00:00,0.28688400000000003,13.731200000000001,0.29819999999999997,14.316284000000001
2018-11-13 19:00:00+00:00,0.0,8.871336,0.378,9.249336
2018-11-13 20:00:00+00:00,0.14344200000000001,6.2011080000000005,0.45499999999999996,6.799550000000001
2018-11-13 21:00:00+00:00,1.004094,5.414015999999999,0.5319999999999999,6.95011
2018-11-13 22:00:00+00:00,2.15163,5.217855999999999,0.5893999999999999,7.958886
2018-11-13 23:00:00+00:00,2.581956,5.021695999999999,0.6258,8.229451999999998
2018-11-14 00:00:00+00:00,2.15163,4.528844,0.6103999999999999,7.2908740000000005
2018-11-14 01:00:00+00:00,1.290978,4.92852,0.595,6.8144979999999995
2018-11-14 02:00:00+00:00,0.8606520000000001,7.512928,0.5642,8.93778
2018-11-14 03:00:00+00:00,0.8606520000000001,10.783895999999999,0.5347999999999999,12.179348
2018-11-14 04:00:00+00:00,1.1475360000000001,12.451255999999999,0.518,14.116792
2018-11-14 05:00:00+00:00,1.004094,9.486788,0.25339999999999996,10.744282
2018-11-14 06:00:00+00:00,1.5778619999999999,12.774920000000002,0.14559999999999998,14.498382000000001
2018-11-14 07:00:00+00:00,2.438514,10.712788,0.0896,13.240902
2018-11-14 08:00:00+00:00,1.5778619999999999,5.3625240000000005,0.0532,6.9935860000000005
2018-11-14 09:00:00+00:00,2.2950720000000002,2.4887799999999998,0.034999999999999996,4.818852
2018-11-14 10:00:00+00:00,5.02047,4.877028,0.036399999999999995,9.933898000000001
2018-11-14 11:00:00+00:00,7.6024259999999995,11.627384,0.0574,19.28721
2018-11-14 12:00:00+00:00,8.749962,15.084703999999999,0.0938,23.928466
2018-11-14 13:00:00+00:00,10.184381999999998,19.532632,0.1134,29.830413999999998
2018-11-14 14:00:00+00:00,11.045034,28.61484,0.16799999999999998,39.827874
2018-11-14 15:00:00+00:00,11.331918,33.940584,0.21,45.482502000000004
2018-11-14 16:00:00+00:00,10.471265999999998,30.287104,0.16519999999999999,40.92357
2018-11-14 17:00:00+00:00,7.6024259999999995,25.238436,0.0938,32.934662
2018-11-14 18:00:00+00:00,3.4426080000000003,18.990740000000002,0.034999999999999996,22.468348000000002
2018-11-14 19:00:00+00:00,0.8606520000000001,12.149659999999999,0.0084,13.018711999999999
2018-11-14 20:00:00+00:00,0.14344200000000001,5.715611999999999,0.0014,5.860454
2018-11-14 21:00:00+00:00,0.0,2.851676,0.0014,2.8530759999999997
2018-11-14 22:00:00+00:00,0.0,1.868424,0.0028,1.871224
2018-11-14 23:00:00+00:00,0.0,1.375572,0.0056,1.381172
2018-11-15 00:00:00+00:00,0.0,1.375572,0.006999999999999999,1.382572
2018-11-15 01:00:00+00:00,0.0,1.6722639999999998,0.0098,1.6820639999999998
2018-11-15 02:00:00+00:00,0.0,2.1651160000000003,0.013999999999999999,2.179116
2018-11-15 03:00:00+00:00,0.0,1.574184,0.018199999999999997,1.592384
2018-11-15 04:00:00+00:00,0.0,0.4904,0.027999999999999997,0.5184
2018-11-15 05:00:00+00:00,0.0,0.09808,0.018199999999999997,0.11628
2018-11-15 06:00:00+00:00,0.0,0.09808,0.0056,0.10368
2018-11-15 07:00:00+00:00,0.0,0.0,0.0042,0.0042
2018-11-15 08:00:00+00:00,0.14344200000000001,0.0,0.0042,0.14764200000000002
2018-11-15 09:00:00+00:00,0.7172099999999999,0.497756,0.0112,1.226166
2018-11-15 10:00:00+00:00,3.0122820000000003,4.68332,0.0336,7.729202000000001
2018-11-15 11:00:00+00:00,5.881122,14.33194,0.07279999999999999,20.285862
2018-11-15 12:00:00+00:00,6.598331999999999,22.364691999999998,0.1176,29.080623999999997
2018-11-15 13:00:00+00:00,6.45489,27.111764,0.13999999999999999,33.706654
2018-11-15 14:00:00+00:00,4.733586,27.477111999999998,0.20859999999999998,32.419298
2018-11-15 15:00:00+00:00,4.30326,24.470959999999998,0.2618,29.03602
2018-11-15 16:00:00+00:00,6.168005999999999,22.673643999999996,0.15539999999999998,28.997049999999994
2018-11-15 17:00:00+00:00,6.3114479999999995,22.161175999999998,0.043399999999999994,28.516023999999994
2018-11-15 18:00:00+00:00,4.30326,16.200364,0.0056,20.509224000000003
2018-11-15 19:00:00+00:00,4.877028,12.647416,0.0014,17.525844
2018-11-15 20:00:00+00:00,7.6024259999999995,14.648247999999999,0.0042,22.254873999999997
2018-11-15 21:00:00+00:00,11.475359999999998,18.919632,0.0322,30.427191999999998
2018-11-15 22:00:00+00:00,15.06141,22.394116000000004,0.10079999999999999,37.556326000000006
2018-11-15 23:00:00+00:00,18.073692,25.471376,0.196,43.741068
2018-11-16 00:00:00+00:00,20.225322,26.766032,0.28559999999999997,47.276954
2018-11-16 01:00:00+00:00,22.233510000000003,25.486088000000002,0.3906,48.110198000000004
2018-11-16 02:00:00+00:00,23.66793,22.418636,0.4536,46.540166
2018-11-16 03:00:00+00:00,22.520394,18.154608000000003,0.44239999999999996,41.117402000000006
2018-11-16 04:00:00+00:00,20.79909,14.488868,0.39899999999999997,35.686958000000004
2018-11-16 05:00:00+00:00,14.487642,8.738927999999998,0.28979999999999995,23.516369999999995
2018-11-16 06:00:00+00:00,11.475359999999998,9.935504,0.3248,21.735663999999996
2018-11-16 07:00:00+00:00,15.06141,17.20078,0.49139999999999995,32.75359
2018-11-16 08:00:00+00:00,18.934344,25.351228000000003,0.6524,44.937972
2018-11-16 09:00:00+00:00,23.524488,33.695384,0.6986,57.918471999999994
2018-11-16 10:00:00+00:00,28.975284,44.02566,0.6649999999999999,73.66594400000001
2018-11-16 11:00:00+00:00,28.258074,47.68159200000001,0.574,76.51366600000001
2018-11-16 12:00:00+00:00,25.532676,44.38855600000001,0.4396,70.360832
2018-11-16 13:00:00+00:00,21.803183999999998,38.91324,0.3094,61.025824
2018-11-16 14:00:00+00:00,16.926156,35.107735999999996,0.2282,52.262091999999996
2018-11-16 15:00:00+00:00,12.622895999999999,32.788144,0.1694,45.58044
2018-11-16 16:00:00+00:00,6.598331999999999,25.532676000000002,0.10779999999999999,32.238808
2018-11-16 17:00:00+00:00,1.290978,15.119032,0.036399999999999995,16.44641
2018-11-16 18:00:00+00:00,0.14344200000000001,7.100992000000001,0.0042,7.248634000000001
2018-11-16 19:00:00+00:00,0.14344200000000001,5.134488,0.0,5.2779300000000005
2018-11-16 20:00:00+00:00,1.4344199999999998,6.931803999999999,0.0,8.366223999999999
2018-11-16 21:00:00+00:00,2.8688399999999996,10.01642,0.0014,12.88666
2018-11-16 22:00:00+00:00,3.4426080000000003,11.507235999999999,0.0056,14.955443999999998
2018-11-16 23:00:00+00:00,4.733586,13.000504,0.0168,17.75089
2018-11-17 00:00:00+00:00,8.319636000000001,18.078595999999997,0.027999999999999997,26.426232
2018-11-17 01:00:00+00:00,13.62699,26.935219999999997,0.0336,40.59580999999999
2018-11-17 02:00:00+00:00,21.229415999999997,39.173151999999995,0.05039999999999999,60.45296799999999
2018-11-17 03:00:00+00:00,37.151478,58.791604,0.10919999999999999,96.052282
2018-11-17 04:00:00+00:00,64.692342,87.25932399999999,0.20719999999999997,152.158866
2018-11-17 05:00:00+00:00,61.680060000000005,77.645032,0.14279999999999998,139.467892
2018-11-17 06:00:00+00:00,35.573615999999994,50.258644,0.06019999999999999,85.89245999999999
2018-11-17 07:00:00+00:00,19.794996,47.071044,0.036399999999999995,66.90244
2018-11-17 08:00:00+00:00,11.045034,38.785736,0.0266,49.85737
2018-11-17 09:00:00+00:00,7.028658000000001,28.352476000000003,0.025199999999999997,35.406334
2018-11-17 10:00:00+00:00,4.5901440000000004,20.51098,0.0322,25.133323999999998
2018-11-17 11:00:00+00:00,3.0122820000000003,15.749196000000001,0.0406,18.802078
2018-11-17 12:00:00+00:00,2.15163,11.882392,0.0406,14.074622
2018-11-17 13:00:00+00:00,1.5778619999999999,8.322088,0.0238,9.92375
2018-11-17 14:00:00+00:00,1.290978,4.349848,0.0028,5.643625999999999
2018-11-17 15:00:00+00:00,0.43032600000000004,5.6248879999999986,0.0084,6.0636139999999985
2018-11-17 16:00:00+00:00,0.14344200000000001,15.410820000000001,0.05039999999999999,15.604662000000001
2018-11-17 17:00:00+00:00,2.008188,38.484140000000004,0.16519999999999999,40.657528
2018-11-17 18:00:00+00:00,12.19257,75.303372,0.3626,87.858542
2018-11-17 19:00:00+00:00,39.589992,107.669772,0.5544,147.81416399999998
2018-11-17 20:00:00+00:00,75.163608,126.648252,0.6663999999999999,202.47826
2018-11-17 21:00:00+00:00,97.110234,135.745172,0.6706,233.52600600000002
2018-11-17 22:00:00+00:00,109.876572,139.950352,0.693,250.51992400000003
2018-11-17 23:00:00+00:00,115.61425200000001,143.743596,0.7238,260.081648
2018-11-18 00:00:00+00:00,117.0,149.397908,0.8133999999999999,267.21130800000003
2018-11-18 01:00:00+00:00,117.0,151.93104,0.8735999999999999,269.80464
2018-11-18 02:00:00+00:00,117.0,156.34464,0.9128,274.25744000000003
2018-11-18 03:00:00+00:00,117.0,159.09088,0.9548,277.04567999999995
2018-11-18 04:00:00+00:00,117.0,159.9736,1.0164,277.99
2018-11-18 05:00:00+00:00,117.0,149.57711999999998,0.7448,267.32192
2018-11-18 06:00:00+00:00,105.42987000000001,122.381772,0.48579999999999995,228.29744200000002
2018-11-18 07:00:00+00:00,96.679908,127.55794399999999,0.5781999999999999,224.81605199999998
2018-11-18 08:00:00+00:00,61.106291999999996,100.178912,0.469,161.754204
2018-11-18 09:00:00+00:00,32.561334,68.646192,0.3584,101.565926
2018-11-18 10:00:00+00:00,21.229415999999997,50.648512,0.29259999999999997,72.17052799999999
2018-11-18 11:00:00+00:00,13.770432000000001,35.340676,0.25479999999999997,49.365908000000005
2018-11-18 12:00:00+00:00,8.893403999999999,23.423955999999997,0.20719999999999997,32.524559999999994
2018-11-18 13:00:00+00:00,5.307353999999999,16.077764000000002,0.16799999999999998,21.553118
2018-11-18 14:00:00+00:00,6.598331999999999,16.774132,0.21419999999999997,23.586664000000003
2018-11-18 15:00:00+00:00,26.393327999999997,41.281872,0.4438,68.11899999999999
2018-11-18 16:00:00+00:00,74.016072,91.942644,0.7363999999999999,166.69511599999998
2018-11-18 17:00:00+00:00,113.175738,134.097428,0.8777999999999999,248.150966
2018-11-18 18:00:00+00:00,117.0,148.718704,0.9282,266.646904
2018-11-18 19:00:00+00:00,117.0,153.007252,0.9506,270.957852
2018-11-18 20:00:00+00:00,117.0,155.56,0.9212,273.4812
2018-11-18 21:00:00+00:00,117.0,155.85424,0.9212,273.77544
2018-11-18 22:00:00+00:00,117.0,154.38304,0.9338,272.31684
2018-11-18 23:00:00+00:00,117.0,152.15886,0.9212,270.08006
2018-11-19 00:00:00+00:00,117.0,147.69621999999998,0.9044,265.60062
2018-11-19 01:00:00+00:00,117.0,139.464856,0.9029999999999999,257.367856
2018-11-19 02:00:00+00:00,117.0,131.331572,0.8889999999999999,249.220572
2018-11-19 03:00:00+00:00,114.179832,120.90812000000001,0.8582,235.94615200000004
2018-11-19 04:00:00+00:00,110.16345600000001,109.300352,0.8231999999999999,220.28700800000001
2018-11-19 05:00:00+00:00,88.647156,70.745104,0.63,160.02226
2018-11-19 06:00:00+00:00,44.323578,31.233576,0.48299999999999993,76.040154
2018-11-19 07:00:00+00:00,9.467172,4.680868,0.6958,14.84384
2018-11-19 08:00:00+00:00,1.004094,0.29914399999999997,0.49699999999999994,1.8002379999999998
2018-11-19 09:00:00+00:00,0.0,0.09808,0.2632,0.36128
2018-11-19 10:00:00+00:00,0.28688400000000003,1.292204,0.12739999999999999,1.706488
2018-11-19 11:00:00+00:00,1.7213040000000002,7.360904000000001,0.0644,9.146608
2018-11-19 12:00:00+00:00,3.2991659999999996,13.218732,0.0476,16.565497999999998
2018-11-19 13:00:00+00:00,3.2991659999999996,17.867724,0.061599999999999995,21.228489999999997
2018-11-19 14:00:00+00:00,3.2991659999999996,27.746831999999998,0.13299999999999998,31.178997999999996
2018-11-19 15:00:00+00:00,0.8606520000000001,27.788516,0.24779999999999996,28.896968000000005
2018-11-19 16:00:00+00:00,0.14344200000000001,17.566128,0.3836,18.09317
2018-11-19 17:00:00+00:00,2.2950720000000002,17.291504,0.44799999999999995,20.034576
2018-11-19 18:00:00+00:00,7.745868,22.384308,0.42139999999999994,30.551575999999997
2018-11-19 19:00:00+00:00,15.06141,32.545396,0.3864,47.993206
2018-11-19 20:00:00+00:00,21.659741999999998,40.53156,0.385,62.57630199999999
2018-11-19 21:00:00+00:00,28.114632000000004,44.562647999999996,0.4466,73.12388
2018-11-19 22:00:00+00:00,26.53677,38.9255,0.41439999999999994,65.87667
2018-11-19 23:00:00+00:00,22.090068,29.794252,0.40319999999999995,52.28752
2018-11-20 00:00:00+00:00,19.077786,24.914772,0.40179999999999993,44.394358000000004
2018-11-20 01:00:00+00:00,17.069598,21.928236,0.3122,39.310033999999995
2018-11-20 02:00:00+00:00,7.889309999999999,10.965344,0.31779999999999997,19.172454
2018-11-20 03:00:00+00:00,6.598331999999999,6.686604,0.48579999999999995,13.770735999999998
2018-11-20 04:00:00+00:00,11.045034,15.060184,0.5222,26.627418000000002
2018-11-20 05:00:00+00:00,9.036846,18.032008,0.2618,27.330654000000003
2018-11-20 06:00:00+00:00,2.438514,12.541979999999999,0.0882,15.068693999999999
2018-11-20 07:00:00+00:00,1.4344199999999998,18.561639999999997,0.0224,20.018459999999997
2018-11-20 08:00:00+00:00,0.7172099999999999,17.745124,0.0056,18.467934000000003
2018-11-20 09:00:00+00:00,0.28688400000000003,12.880355999999999,0.006999999999999999,13.17424
2018-11-20 10:00:00+00:00,0.0,6.929352,0.0112,6.940551999999999
2018-11-20 11:00:00+00:00,0.0,2.86884,0.0168,2.88564
2018-11-20 12:00:00+00:00,0.0,1.088688,0.0224,1.111088
2018-11-20 13:00:00+00:00,0.14344200000000001,0.394772,0.043399999999999994,0.581614
2018-11-20 14:00:00+00:00,2.438514,0.696368,0.1372,3.272082
2018-11-20 15:00:00+00:00,1.004094,0.995512,0.13999999999999999,2.139606
2018-11-20 16:00:00+00:00,0.28688400000000003,3.351884,0.1372,3.775968
2018-11-20 17:00:00+00:00,2.2950720000000002,13.034832,0.10919999999999999,15.439103999999999
2018-11-20 18:00:00+00:00,10.04094,31.576856000000003,0.06019999999999999,41.67799600000001
2018-11-20 19:00:00+00:00,19.508112,54.211268000000004,0.09939999999999999,73.81878
2018-11-20 20:00:00+00:00,27.684306,77.25761599999998,0.20439999999999997,105.14632199999998
2018-11-20 21:00:00+00:00,36.290825999999996,102.41023200000001,0.19739999999999996,138.89845799999998
2018-11-20 22:00:00+00:00,41.74162199999999,119.72625599999998,0.2828,161.750678
2018-11-20 23:00:00+00:00,48.483396,121.256304,0.3458,170.0855
2018-11-21 00:00:00+00:00,61.106291999999996,118.51987199999999,0.33319999999999994,179.959364
2018-11-21 01:00:00+00:00,67.704624,115.945272,0.39899999999999997,184.048896
2018-11-21 02:00:00+00:00,69.712812,115.53823999999999,0.44099999999999995,185.692052
2018-11-21 03:00:00+00:00,66.84397200000001,112.137316,0.4578,179.439088
2018-11-21 04:00:00+00:00,60.675965999999995,103.7809,0.41019999999999995,164.867066
2018-11-21 05:00:00+00:00,49.057164,83.039432,0.252,132.34859600000001
2018-11-21 06:00:00+00:00,25.676117999999995,50.950108,0.05039999999999999,76.676626
2018-11-21 07:00:00+00:00,9.467172,31.415024,0.006999999999999999,40.889196
2018-11-21 08:00:00+00:00,3.872934,17.404296,0.0084,21.28563
2018-11-21 09:00:00+00:00,1.004094,7.895439999999999,0.0112,8.910734
2018-11-21 10:00:00+00:00,0.7172099999999999,2.765856,0.0098,3.492866
2018-11-21 11:00:00+00:00,4.30326,1.78996,0.0098,6.10302
2018-11-21 12:00:00+00:00,6.885216000000001,3.594632,0.0098,10.489648
2018-11-21 13:00:00+00:00,7.028658000000001,6.296735999999999,0.018199999999999997,13.343594
2018-11-21 14:00:00+00:00,10.04094,15.48438,0.07139999999999999,25.59672
2018-11-21 15:00:00+00:00,5.737679999999999,16.558356,0.119,22.415036
2018-11-21 16:00:00+00:00,2.2950720000000002,8.660464000000001,0.1176,11.073136000000002
2018-11-21 17:00:00+00:00,0.7172099999999999,3.472032,0.07279999999999999,4.262042
2018-11-21 18:00:00+00:00,0.14344200000000001,1.382928,0.030799999999999998,1.55717
2018-11-21 19:00:00+00:00,0.28688400000000003,1.184316,0.006999999999999999,1.4782
2018-11-21 20:00:00+00:00,0.28688400000000003,1.8757800000000002,0.0,2.1626640000000004
2018-11-21 21:00:00+00:00,0.14344200000000001,4.641636,0.018199999999999997,4.803278000000001
2018-11-21 22:00:00+00:00,2.15163,12.054031999999998,0.10219999999999999,14.307861999999997
2018-11-21 23:00:00+00:00,11.331918,18.188935999999998,0.11059999999999999,29.631454
2018-11-22 00:00:00+00:00,19.508112,19.08882,0.0532,38.65013199999999
2018-11-22 01:00:00+00:00,16.065504,18.005036,0.012599999999999998,34.08314
2018-11-22 02:00:00+00:00,7.1721,14.640892,0.0014,21.814392
2018-11-22 03:00:00+00:00,2.8688399999999996,8.20194,0.0014,11.07218
2018-11-22 04:00:00+00:00,0.5737680000000001,2.85658,0.0028,3.4331480000000005
2018-11-22 05:00:00+00:00,0.0,0.19616,0.0056,0.20176
2018-11-22 06:00:00+00:00,0.43032600000000004,0.500208,0.0042,0.934734
2018-11-22 07:00:00+00:00,3.7294919999999996,12.02706,0.006999999999999999,15.763551999999999
2018-11-22 08:00:00+00:00,4.5901440000000004,10.729952,0.0084,15.328496000000001
2018-11-22 09:00:00+00:00,3.872934,6.772424000000001,0.0294,10.674758000000002
2018-11-22 10:00:00+00:00,3.872934,5.585656,0.15259999999999999,9.61119
2018-11-22 11:00:00+00:00,10.327824,13.95188,0.29119999999999996,24.570904
2018-11-22 12:00:00+00:00,11.618802,18.80684,0.1162,30.541842000000003
2018-11-22 13:00:00+00:00,7.889309999999999,20.555115999999998,0.0532,28.497625999999997
2018-11-22 14:00:00+00:00,3.58605,25.554744,0.098,29.238794
2018-11-22 15:00:00+00:00,1.7213040000000002,26.883727999999998,0.1162,28.721231999999997
2018-11-22 16:00:00+00:00,1.1475360000000001,17.759836,0.0966,19.003971999999997
2018-11-22 17:00:00+00:00,1.1475360000000001,8.170064,0.07279999999999999,9.390400000000001
2018-11-22 18:00:00+00:00,1.4344199999999998,3.047836,0.041999999999999996,4.524255999999999
2018-11-22 19:00:00+00:00,1.7213040000000002,1.081332,0.025199999999999997,2.827836
2018-11-22 20:00:00+00:00,1.5778619999999999,0.394772,0.0196,1.9922339999999998
2018-11-22 21:00:00+00:00,1.5778619999999999,0.198612,0.0224,1.7988739999999999
2018-11-22 22:00:00+00:00,1.7213040000000002,0.100532,0.030799999999999998,1.8526360000000002
2018-11-22 23:00:00+00:00,1.7213040000000002,0.201064,0.0336,1.9559680000000002
2018-11-23 00:00:00+00:00,1.8647459999999998,0.50266,0.036399999999999995,2.403806
2018-11-23 01:00:00+00:00,2.008188,0.801804,0.0448,2.854792
2018-11-23 02:00:00+00:00,2.15163,1.1009479999999998,0.0532,3.3057779999999997
2018-11-23 03:00:00+00:00,1.4344199999999998,1.20148,0.054599999999999996,2.6905
2018-11-23 04:00:00+00:00,1.004094,1.098496,0.043399999999999994,2.1459900000000003
2018-11-23 05:00:00+00:00,1.004094,1.49572,0.0462,2.5460139999999996
2018-11-23 06:00:00+00:00,0.28688400000000003,0.995512,0.05039999999999999,1.3327959999999999
2018-11-23 07:00:00+00:00,1.004094,4.1831119999999995,0.0322,5.219405999999999
2018-11-23 08:00:00+00:00,5.4507959999999995,13.235896,0.030799999999999998,18.717492
2018-11-23 09:00:00+00:00,17.069598,33.217244,0.0532,50.340042
2018-11-23 10:00:00+00:00,27.684306,65.478208,0.0686,93.23111399999999
2018-11-23 11:00:00+00:00,28.401516,88.237672,0.054599999999999996,116.693788
2018-11-23 12:00:00+00:00,28.114632000000004,94.91692,0.020999999999999998,123.052552
2018-11-23 13:00:00+00:00,28.6884,91.523352,0.0028,120.214552
2018-11-23 14:00:00+00:00,27.97119,79.842024,0.0,107.81321399999999
2018-11-23 15:00:00+00:00,24.815466,73.689956,0.0,98.505422
2018-11-23 16:00:00+00:00,10.471265999999998,53.897412,0.0,64.368678
2018-11-23 17:00:00+00:00,2.8688399999999996,31.356175999999998,0.0,34.225016
2018-11-23 18:00:00+00:00,1.004094,18.67198,0.0042,19.680274
2018-11-23 19:00:00+00:00,1.5778619999999999,13.343784,0.020999999999999998,14.942646
2018-11-23 20:00:00+00:00,4.016376,13.270223999999999,0.0406,17.3272
2018-11-23 21:00:00+00:00,7.889309999999999,17.367516,0.05179999999999999,25.308625999999997
2018-11-23 22:00:00+00:00,10.75815,21.854675999999998,0.055999999999999994,32.668825999999996
2018-11-23 23:00:00+00:00,13.053222,28.315696,0.0644,41.433318
2018-11-24 00:00:00+00:00,13.196663999999998,30.196379999999998,0.0784,43.471444
2018-11-24 01:00:00+00:00,11.905686,23.24496,0.10919999999999999,35.259845999999996
2018-11-24 02:00:00+00:00,10.614707999999998,13.814568,0.15259999999999999,24.581875999999998
2018-11-24 03:00:00+00:00,11.331918,10.64168,0.1792,22.152798
2018-11-24 04:00:00+00:00,12.336011999999998,10.840292,0.18059999999999998,23.356903999999997
2018-11-24 05:00:00+00:00,10.327824,10.73976,0.10779999999999999,21.175384
2018-11-24 06:00:00+00:00,9.897498,14.606564,0.036399999999999995,24.540462
2018-11-24 07:00:00+00:00,10.614707999999998,19.77538,0.0098,30.399887999999997
2018-11-24 08:00:00+00:00,12.19257,25.53758,0.0014,37.73154999999999
2018-11-24 09:00:00+00:00,14.200758,31.694552,0.0,45.89531
2018-11-24 10:00:00+00:00,16.49583,39.344792,0.0,55.840621999999996
2018-11-24 11:00:00+00:00,17.499924,46.693436,0.0,64.19336
2018-11-24 12:00:00+00:00,15.635178,48.868359999999996,0.0,64.50353799999999
2018-11-24 13:00:00+00:00,11.045034,44.58962,0.0,55.634654
2018-11-24 14:00:00+00:00,7.1721,39.813124,0.0084,46.993624000000004
2018-11-24 15:00:00+00:00,5.163912,36.814328,0.0532,42.031439999999996
2018-11-24 16:00:00+00:00,3.872934,35.02682,0.077,38.976754
2018-11-24 17:00:00+00:00,3.1557239999999998,34.730128,0.0644,37.950252
2018-11-24 18:00:00+00:00,2.7253979999999998,36.311668,0.0406,39.077665999999994
2018-11-24 19:00:00+00:00,2.7253979999999998,39.175604,0.018199999999999997,41.919202
2018-11-24 20:00:00+00:00,2.15163,39.246712,0.0042,41.402542
2018-11-24 21:00:00+00:00,1.290978,35.647176,0.0,36.938154000000004
2018-11-24 22:00:00+00:00,1.4344199999999998,33.44528,0.0,34.8797
2018-11-24 23:00:00+00:00,2.008188,36.103248,0.0,38.111436
2018-11-25 00:00:00+00:00,2.7253979999999998,40.352564,0.0014,43.079361999999996
2018-11-25 01:00:00+00:00,3.1557239999999998,41.733039999999995,0.0042,44.89296399999999
2018-11-25 02:00:00+00:00,3.0122820000000003,34.09506,0.0098,37.117141999999994
2018-11-25 03:00:00+00:00,3.4426080000000003,25.395364,0.0112,28.849172
2018-11-25 04:00:00+00:00,4.1598180000000005,17.298859999999998,0.0084,21.467078
2018-11-25 05:00:00+00:00,3.4426080000000003,17.203232,0.0056,20.65144
2018-11-25 06:00:00+00:00,4.877028,28.749699999999997,0.0112,33.637928
2018-11-25 07:00:00+00:00,10.614707999999998,35.325964,0.06999999999999999,46.010672
2018-11-25 08:00:00+00:00,11.045034,33.339844,0.119,44.503878
2018-11-25 09:00:00+00:00,9.180288000000001,27.587452,0.1512,36.918940000000006
2018-11-25 10:00:00+00:00,11.618802,30.174312,0.1904,41.983514
2018-11-25 11:00:00+00:00,10.75815,27.687984,0.2254,38.671534
2018-11-25 12:00:00+00:00,10.901591999999999,26.594392,0.2842,37.780184
2018-11-25 13:00:00+00:00,7.028658000000001,21.217156000000003,0.2716,28.517414000000002
2018-11-25 14:00:00+00:00,4.877028,15.751648,0.259,20.887676
2018-11-25 15:00:00+00:00,3.0122820000000003,11.284104,0.24079999999999996,14.537186
2018-11-25 16:00:00+00:00,2.15163,7.716444,0.161,10.029074
2018-11-25 17:00:00+00:00,1.290978,5.732775999999999,0.0798,7.103553999999999
2018-11-25 18:00:00+00:00,0.28688400000000003,3.057644,0.0196,3.364128
2018-11-25 19:00:00+00:00,0.0,0.6865600000000001,0.0042,0.69076
2018-11-25 20:00:00+00:00,0.0,0.09808,0.0056,0.10368
2018-11-25 21:00:00+00:00,0.43032600000000004,0.0,0.0098,0.440126
2018-11-25 22:00:00+00:00,0.5737680000000001,0.100532,0.015399999999999999,0.6897
2018-11-25 23:00:00+00:00,0.43032600000000004,0.198612,0.018199999999999997,0.647138
2018-11-26 00:00:00+00:00,0.8606520000000001,0.198612,0.0196,1.0788640000000003
2018-11-26 01:00:00+00:00,2.7253979999999998,1.096044,0.0266,3.848042
2018-11-26 02:00:00+00:00,5.737679999999999,5.379688000000001,0.0238,11.141167999999999
2018-11-26 03:00:00+00:00,8.60652,13.432056,0.0294,22.067975999999998
2018-11-26 04:00:00+00:00,14.774526,23.774592000000002,0.055999999999999994,38.605118
2018-11-26 05:00:00+00:00,19.794996,28.266656000000005,0.0644,48.12605200000001
2018-11-26 06:00:00+00:00,11.045034,21.376536,0.018199999999999997,32.43977
2018-11-26 07:00:00+00:00,4.016376,15.773715999999997,0.015399999999999999,19.805491999999997
2018-11-26 08:00:00+00:00,1.004094,9.013552,0.025199999999999997,10.042846
2018-11-26 09:00:00+00:00,0.28688400000000003,4.8476040000000005,0.0378,5.172288
2018-11-26 10:00:00+00:00,0.14344200000000001,3.2636119999999993,0.041999999999999996,3.449053999999999
2018-11-26 11:00:00+00:00,0.14344200000000001,2.667776,0.036399999999999995,2.8476179999999998
2018-11-26 12:00:00+00:00,0.43032600000000004,2.567244,0.0294,3.02697
2018-11-26 13:00:00+00:00,0.5737680000000001,1.7752480000000002,0.0196,2.3686160000000003
2018-11-26 14:00:00+00:00,0.43032600000000004,1.677168,0.0028,2.110294
2018-11-26 15:00:00+00:00,0.28688400000000003,4.158592,0.0014,4.446876
2018-11-26 16:00:00+00:00,0.5737680000000001,8.932635999999999,0.0028,9.509203999999999
2018-11-26 17:00:00+00:00,2.8688399999999996,16.595136,0.015399999999999999,19.479376
2018-11-26 18:00:00+00:00,7.1721,25.844079999999998,0.055999999999999994,33.072179999999996
2018-11-26 19:00:00+00:00,12.479453999999999,31.804892,0.12179999999999998,44.406146
2018-11-26 20:00:00+00:00,16.782714,34.090156,0.22399999999999998,51.096869999999996
2018-11-26 21:00:00+00:00,24.241698,44.03301599999999,0.31779999999999997,68.592514
2018-11-26 22:00:00+00:00,35.286732,65.28695199999999,0.3906,100.96428399999999
2018-11-26 23:00:00+00:00,47.766186000000005,82.777068,0.4732,131.01645399999998
2018-11-27 00:00:00+00:00,60.532523999999995,94.039104,0.5781999999999999,155.14982799999999
2018-11-27 01:00:00+00:00,70.573464,106.27703599999998,0.6663999999999999,177.5169
2018-11-27 02:00:00+00:00,80.61440400000001,118.79694800000001,0.6986,200.10995200000002
2018-11-27 03:00:00+00:00,90.081576,126.447188,0.6958,217.224564
2018-11-27 04:00:00+00:00,95.81925600000001,126.56243199999999,0.6846,223.066288
2018-11-27 05:00:00+00:00,98.831538,119.96655200000001,0.6552,219.45329
2018-11-27 06:00:00+00:00,95.81925600000001,103.94028,0.4871999999999999,200.24673600000003
2018-11-27 07:00:00+00:00,84.34389599999999,97.052612,0.41859999999999997,181.81510799999998
2018-11-27 08:00:00+00:00,76.74147,102.13806,0.518,179.39753
2018-11-27 09:00:00+00:00,74.159514,104.01629199999999,0.4732,178.64900599999999
2018-11-27 10:00:00+00:00,77.745564,112.35064,0.40599999999999997,190.502204
2018-11-27 11:00:00+00:00,71.577558,108.05963999999999,0.39759999999999995,180.034798
2018-11-27 12:00:00+00:00,54.50796,91.31983600000001,0.42979999999999996,146.257596
2018-11-27 13:00:00+00:00,45.614556,87.89439200000001,0.35559999999999997,133.864548
2018-11-27 14:00:00+00:00,51.63912,97.006024,0.4003999999999999,149.04554399999998
2018-11-27 15:00:00+00:00,66.126762,107.542268,0.6412,174.31023000000002
2018-11-27 16:00:00+00:00,86.0652,125.66254800000002,0.9239999999999999,212.65174800000003
2018-11-27 17:00:00+00:00,104.56921799999999,141.29895199999999,1.0135999999999998,246.88176999999996
2018-11-27 18:00:00+00:00,114.46671599999999,146.37704399999998,0.9743999999999998,261.81816
2018-11-27 19:00:00+00:00,117.0,147.085672,0.9492,265.034872
2018-11-27 20:00:00+00:00,117.0,149.10611999999998,0.9645999999999999,267.07072
2018-11-27 21:00:00+00:00,117.0,150.06752,0.9548,268.02232
2018-11-27 22:00:00+00:00,117.0,148.6944,0.9408,266.6352
2018-11-27 23:00:00+00:00,117.0,147.02704,0.9142,264.94124
2018-11-28 00:00:00+00:00,117.0,141.237652,0.8876,259.12525200000005
2018-11-28 01:00:00+00:00,117.0,136.983432,0.8805999999999999,254.86403199999998
2018-11-28 02:00:00+00:00,117.0,136.19143599999998,0.8694,254.060836
2018-11-28 03:00:00+00:00,117.0,133.90862399999997,0.8623999999999999,251.77102399999998
2018-11-28 04:00:00+00:00,115.901136,129.74758,0.8623999999999999,246.511116
2018-11-28 05:00:00+00:00,102.417588,106.93417199999999,0.6803999999999999,210.03215999999998
2018-11-28 06:00:00+00:00,66.413646,66.56934799999999,0.5207999999999999,133.503794
2018-11-28 07:00:00+00:00,42.458831999999994,58.095236,0.7363999999999999,101.290468
2018-11-28 08:00:00+00:00,30.266261999999998,52.54636,0.6803999999999999,83.49302200000001
2018-11-28 09:00:00+00:00,19.938438,42.083676,0.609,62.631114000000004
2018-11-28 10:00:00+00:00,14.774526,33.334939999999996,0.5935999999999999,48.703066
2018-11-28 11:00:00+00:00,10.614707999999998,26.278084,0.5446,37.437392
2018-11-28 12:00:00+00:00,6.168005999999999,16.84524,0.48999999999999994,23.503245999999997
2018-11-28 13:00:00+00:00,1.8647459999999998,7.226043999999999,0.34019999999999995,9.430989999999998
2018-11-28 14:00:00+00:00,0.14344200000000001,1.086236,0.30519999999999997,1.534878
2018-11-28 15:00:00+00:00,0.0,0.7919959999999999,0.5823999999999999,1.374396
2018-11-28 16:00:00+00:00,1.8647459999999998,4.565624,0.7881999999999999,7.21857
2018-11-28 17:00:00+00:00,5.307353999999999,8.638396,0.9309999999999999,14.87675
2018-11-28 18:00:00+00:00,16.352388,19.476236,0.9254,36.75402400000001
2018-11-28 19:00:00+00:00,28.975284,34.771812,0.8203999999999999,64.567496
2018-11-28 20:00:00+00:00,40.88097,40.252032,0.7923999999999999,81.925402
2018-11-28 21:00:00+00:00,51.208794,43.76819999999999,0.7868,95.76379399999999
2018-11-28 22:00:00+00:00,46.044882,40.095104,0.7322,86.872186
2018-11-28 23:00:00+00:00,31.844124,32.530684,0.7322,65.10700800000001
2018-11-29 00:00:00+00:00,20.942531999999996,25.468923999999998,0.7826000000000001,47.194055999999996
2018-11-29 01:00:00+00:00,13.770432000000001,19.204064000000002,0.784,33.758496
2018-11-29 02:00:00+00:00,9.754056,16.313156,0.6958,26.763011999999996
2018-11-29 03:00:00+00:00,8.893403999999999,20.577184,0.644,30.114587999999998
2018-11-29 04:00:00+00:00,11.905686,33.477155999999994,0.602,45.98484199999999
2018-11-29 05:00:00+00:00,17.21304,48.662392,0.4606,66.33603199999999
2018-11-29 06:00:00+00:00,17.786807999999997,44.999104,0.2562,63.042111999999996
2018-11-29 07:00:00+00:00,10.614707999999998,38.989252,0.15539999999999998,49.75936
2018-11-29 08:00:00+00:00,12.766338,60.915036,0.13999999999999999,73.821374
2018-11-29 09:00:00+00:00,19.221228,74.820328,0.0882,94.129756
2018-11-29 10:00:00+00:00,22.663836,80.496708,0.034999999999999996,103.195544
2018-11-29 11:00:00+00:00,19.651554,74.756576,0.0084,94.41653
2018-11-29 12:00:00+00:00,14.774526,65.04910799999999,0.006999999999999999,79.83063399999999
2018-11-29 13:00:00+00:00,6.598331999999999,46.793968,0.0084,53.4007
2018-11-29 14:00:00+00:00,1.290978,31.689648,0.0168,32.997426000000004
2018-11-29 15:00:00+00:00,1.004094,24.355716,0.020999999999999998,25.38081
2018-11-29 16:00:00+00:00,4.5901440000000004,27.261336,0.018199999999999997,31.869680000000002
2018-11-29 17:00:00+00:00,10.471265999999998,33.540908,0.012599999999999998,44.024774
2018-11-29 18:00:00+00:00,14.3442,36.824135999999996,0.012599999999999998,51.180935999999996
2018-11-29 19:00:00+00:00,15.491736,36.517635999999996,0.013999999999999999,52.023372
2018-11-29 20:00:00+00:00,17.069598,37.010487999999995,0.013999999999999999,54.094086
2018-11-29 21:00:00+00:00,18.360576000000002,36.711344,0.0056,55.07752
2018-11-29 22:00:00+00:00,16.926156,32.932812,0.006999999999999999,49.865967999999995
2018-11-29 23:00:00+00:00,13.62699,27.565384,0.0112,41.203574
2018-11-30 00:00:00+00:00,9.897498,21.805636,0.012599999999999998,31.715733999999998
2018-11-30 01:00:00+00:00,6.598331999999999,15.65602,0.0084,22.262752
2018-11-30 02:00:00+00:00,4.30326,10.705432,0.0042,15.012892
2018-11-30 03:00:00+00:00,3.2991659999999996,9.025812,0.0028,12.327778
2018-11-30 04:00:00+00:00,3.7294919999999996,10.320468,0.0056,14.055559999999998
2018-11-30 05:00:00+00:00,4.1598180000000005,10.229744,0.0098,14.399362000000002
2018-11-30 06:00:00+00:00,1.5778619999999999,7.446724,0.0,9.024586
2018-11-30 07:00:00+00:00,2.008188,21.003832,0.0,23.01202
2018-11-30 08:00:00+00:00,4.446701999999999,39.710139999999996,0.0014,44.158241999999994
2018-11-30 09:00:00+00:00,12.622895999999999,60.216215999999996,0.0098,72.848912
2018-11-30 10:00:00+00:00,19.221228,79.44725199999999,0.0322,98.70067999999999
2018-11-30 11:00:00+00:00,22.807278,92.04072400000001,0.06999999999999999,114.918002
2018-11-30 12:00:00+00:00,26.249885999999996,98.967624,0.1176,125.33511
2018-11-30 13:00:00+00:00,32.27445,98.59737200000001,0.2324,131.10422200000002
2018-11-30 14:00:00+00:00,36.147384,91.99904000000001,0.4871999999999999,128.63362400000003
2018-11-30 15:00:00+00:00,49.057164,103.44742799999999,0.48439999999999994,152.988992
2018-11-30 16:00:00+00:00,36.721152000000004,97.54546400000001,0.39899999999999997,134.665616
2018-11-30 17:00:00+00:00,16.926156,76.995252,0.2744,94.19580799999999
2018-11-30 18:00:00+00:00,4.016376,53.132388,0.16659999999999997,57.315364
2018-11-30 19:00:00+00:00,0.14344200000000001,35.512316000000006,0.061599999999999995,35.717358000000004
2018-11-30 20:00:00+00:00,0.8606520000000001,24.762748000000002,0.0098,25.633200000000002
2018-11-30 21:00:00+00:00,5.02047,21.545724,0.0084,26.574594
2018-11-30 22:00:00+00:00,10.901591999999999,20.197124000000002,0.018199999999999997,31.116916000000003
2018-11-30 23:00:00+00:00,15.635178,20.015676,0.0322,35.683054
2018-12-01 00:00:00+00:00,19.221228,20.219192,0.0476,39.488020000000006
2018-12-01 01:00:00+00:00,21.946626,20.817479999999996,0.0812,42.845306
2018-12-01 02:00:00+00:00,24.958907999999997,21.616832,0.1148,46.69054
2018-12-01 03:00:00+00:00,29.692493999999996,24.31158,0.17779999999999999,54.18187399999999
2018-12-01 04:00:00+00:00,33.70887,27.994484,0.252,61.955354
2018-12-01 05:00:00+00:00,29.118726000000002,25.324256,0.2198,54.662782
2018-12-01 06:00:00+00:00,33.995754,42.422052,0.2394,76.657206
2018-12-01 07:00:00+00:00,44.323578,58.629772,0.34019999999999995,103.29355
2018-12-01 08:00:00+00:00,40.88097,55.135672,0.4382,96.45484199999999
2018-12-01 09:00:00+00:00,34.139196,47.779672,0.4578,82.37666800000001
2018-12-01 10:00:00+00:00,30.840030000000002,43.221404,0.40879999999999994,74.470234
2018-12-01 11:00:00+00:00,29.549052,41.742847999999995,0.35419999999999996,71.6461
2018-12-01 12:00:00+00:00,24.528582,38.059944,0.322,62.910526000000004
2018-12-01 13:00:00+00:00,16.208946,29.69372,0.2394,46.142066
2018-12-01 14:00:00+00:00,7.315542,23.100292,0.14839999999999998,30.564234
2018-12-01 15:00:00+00:00,2.008188,15.035664,0.1176,17.161452
2018-12-01 16:00:00+00:00,0.28688400000000003,8.094052,0.10919999999999999,8.490136
2018-12-01 17:00:00+00:00,0.0,3.8422840000000003,0.0812,3.923484
2018-12-01 18:00:00+00:00,0.0,3.4524160000000004,0.055999999999999994,3.5084160000000004
2018-12-01 19:00:00+00:00,1.004094,6.237888,0.0532,7.2951820000000005
2018-12-01 20:00:00+00:00,4.016376,12.012348,0.07279999999999999,16.101524
2018-12-01 21:00:00+00:00,8.319636000000001,19.674847999999997,0.0798,28.074284
2018-12-01 22:00:00+00:00,13.340106,30.318980000000003,0.0756,43.734686
2018-12-01 23:00:00+00:00,24.38514,55.572128,0.07139999999999999,80.028668
2018-12-02 00:00:00+00:00,44.323578,94.31618,0.0798,138.719558
2018-12-02 01:00:00+00:00,69.28248599999999,125.402636,0.10359999999999998,194.78872199999998
2018-12-02 02:00:00+00:00,87.786504,136.647508,0.1344,224.568412
2018-12-02 03:00:00+00:00,103.13479799999999,142.13998800000002,0.21,245.484786
2018-12-02 04:00:00+00:00,116.18802000000001,151.04832,0.38780000000000003,267.62414
2018-12-02 05:00:00+00:00,116.90522999999999,148.00784,0.3864,265.2994699999999
2018-12-02 06:00:00+00:00,115.040484,152.02911999999998,0.25339999999999996,267.32300399999997
2018-12-02 07:00:00+00:00,117.0,162.0,0.3934,279.3934
2018-12-02 08:00:00+00:00,115.040484,162.0,0.34019999999999995,277.380684
2018-12-02 09:00:00+00:00,89.507808,152.83316,0.2618,242.60276799999997
2018-12-02 10:00:00+00:00,64.262016,125.89793999999999,0.2268,190.386756
2018-12-02 11:00:00+00:00,41.88506399999999,97.474356,0.21559999999999999,139.57502
2018-12-02 12:00:00+00:00,19.508112,55.248464,0.17779999999999999,74.934376
2018-12-02 13:00:00+00:00,8.463078,24.502836000000002,0.1876,33.153514
2018-12-02 14:00:00+00:00,21.803183999999998,35.659436,0.315,57.77762
2018-12-02 15:00:00+00:00,58.237452000000005,84.89559600000001,0.6314,143.76444800000004
2018-12-02 16:00:00+00:00,79.036542,106.252516,0.7714,186.060458
2018-12-02 17:00:00+00:00,100.12251599999999,115.864356,0.7909999999999999,216.777872
2018-12-02 18:00:00+00:00,112.45852800000002,118.38256000000001,0.7602,231.601288
2018-12-02 19:00:00+00:00,112.171644,93.644332,0.7644,206.580376
2018-12-02 20:00:00+00:00,117.0,102.402876,0.8231999999999999,220.22607599999998
2018-12-02 21:00:00+00:00,117.0,148.6944,0.854,266.54839999999996
2018-12-02 22:00:00+00:00,117.0,155.36383999999998,0.9044,273.26824
2018-12-02 23:00:00+00:00,117.0,154.38304,0.875,272.25804
2018-12-03 00:00:00+00:00,117.0,155.56,0.8273999999999999,273.3874
2018-12-03 01:00:00+00:00,117.0,153.79456,0.8483999999999999,271.64296
2018-12-03 02:00:00+00:00,117.0,153.69648,0.8483999999999999,271.54488000000003
2018-12-03 03:00:00+00:00,117.0,153.5984,0.8623999999999999,271.46079999999995
2018-12-03 04:00:00+00:00,117.0,149.96944,0.8652,267.83464
2018-12-03 05:00:00+00:00,117.0,136.247832,0.8834,254.13123199999998
2018-12-03 06:00:00+00:00,113.175738,117.38459600000002,0.6607999999999999,231.221134
2018-12-03 07:00:00+00:00,103.99545,113.174512,0.8049999999999999,217.974962
2018-12-03 08:00:00+00:00,88.50371399999999,109.63627599999998,0.8946,199.03458999999995
2018-12-03 09:00:00+00:00,66.413646,99.14662,0.9366,166.496866
2018-12-03 10:00:00+00:00,46.762092,83.193908,0.9394,130.8954
2018-12-03 11:00:00+00:00,33.278544000000004,70.132104,0.8862,104.29684800000001
2018-12-03 12:00:00+00:00,24.528582,61.165139999999994,0.7965999999999999,86.49032199999999
2018-12-03 13:00:00+00:00,14.631084,42.807016000000004,0.6285999999999999,58.066700000000004
2018-12-03 14:00:00+00:00,9.323730000000001,30.515140000000002,0.8203999999999999,40.65927
2018-12-03 15:00:00+00:00,4.016376,20.096592,1.0066,25.119568
2018-12-03 16:00:00+00:00,1.004094,13.054447999999997,0.945,15.003541999999998
2018-12-03 17:00:00+00:00,0.8606520000000001,13.554655999999998,0.8483999999999999,15.263707999999998
2018-12-03 18:00:00+00:00,4.016376,18.321344,0.7546,23.09232
2018-12-03 19:00:00+00:00,9.754056,24.375332,0.6706,34.799988
2018-12-03 20:00:00+00:00,12.766338,27.653656,0.6048,41.024794
2018-12-03 21:00:00+00:00,16.208946,31.233576,0.5277999999999999,47.970321999999996
2018-12-03 22:00:00+00:00,21.946626,36.900148,0.4536,59.300374
2018-12-03 23:00:00+00:00,27.110538,40.085296,0.40319999999999995,67.59903399999999
2018-12-04 00:00:00+00:00,28.544958,39.484556,0.2758,68.30531400000001
2018-12-04 01:00:00+00:00,27.25398,37.28266,0.1358,64.67244000000001
2018-12-04 02:00:00+00:00,24.38514,32.790596,0.0798,57.255536
2018-12-04 03:00:00+00:00,19.794996,24.649956000000003,0.0686,44.513552000000004
2018-12-04 04:00:00+00:00,16.065504,17.916764,0.06019999999999999,34.04246800000001
2018-12-04 05:00:00+00:00,10.75815,10.796156,0.049,21.603306
2018-12-04 06:00:00+00:00,8.176194,11.595508,0.0882,19.859902
2018-12-04 07:00:00+00:00,10.327824,16.680956000000002,0.1862,27.19498
2018-12-04 08:00:00+00:00,15.491736,24.931936,0.25339999999999996,40.677071999999995
2018-12-04 09:00:00+00:00,19.938438,33.663508,0.3444,53.946346
2018-12-04 10:00:00+00:00,20.368763999999995,37.223811999999995,0.3906,57.98317599999999
2018-12-04 11:00:00+00:00,19.794996,38.8029,0.3906,58.988496000000005
2018-12-04 12:00:00+00:00,17.499924,38.297788,0.3822,56.179911999999995
2018-12-04 13:00:00+00:00,13.483547999999999,34.901768000000004,0.3122,48.697516
2018-12-04 14:00:00+00:00,7.889309999999999,33.254024,0.25339999999999996,41.396734
2018-12-04 15:00:00+00:00,2.7253979999999998,26.165291999999997,0.1862,29.076889999999995
2018-12-04 16:00:00+00:00,0.43032600000000004,15.763908,0.0686,16.262834
2018-12-04 17:00:00+00:00,0.0,8.062176,0.0056,8.067775999999999
2018-12-04 18:00:00+00:00,0.0,4.9138079999999995,0.0,4.9138079999999995
2018-12-04 19:00:00+00:00,0.5737680000000001,4.2297,0.0042,4.8076680000000005
2018-12-04 20:00:00+00:00,3.58605,5.134488,0.041999999999999996,8.762538000000001
2018-12-04 21:00:00+00:00,8.893403999999999,6.939159999999999,0.12179999999999998,15.954363999999998
2018-12-04 22:00:00+00:00,15.204851999999999,10.440615999999999,0.20299999999999999,25.848467999999997
2018-12-04 23:00:00+00:00,21.659741999999998,14.23386,0.24219999999999997,36.135802
2018-12-05 00:00:00+00:00,24.958907999999997,16.430852,0.26039999999999996,41.65015999999999
2018-12-05 01:00:00+00:00,25.963002,17.627428000000002,0.3136,43.90403
2018-12-05 02:00:00+00:00,27.25398,21.008736,0.3276,48.590315999999994
2018-12-05 03:00:00+00:00,34.712964,29.556407999999998,0.3906,64.65997200000001
2018-12-05 04:00:00+00:00,43.176041999999995,34.921384,0.5067999999999999,78.604226
2018-12-05 05:00:00+00:00,37.725246,28.658976000000003,0.46199999999999997,66.846222
2018-12-05 06:00:00+00:00,26.823654,21.101912,0.3738,48.299366000000006
2018-12-05 07:00:00+00:00,36.003942,33.536004000000005,0.6663999999999999,70.20634600000001
2018-12-05 08:00:00+00:00,47.766186000000005,49.827092,0.7644,98.35767799999999
2018-12-05 09:00:00+00:00,53.360424,60.539880000000004,0.7798,114.680104
2018-12-05 10:00:00+00:00,53.07354,62.116516000000004,0.7504,115.940456
2018-12-05 11:00:00+00:00,47.33586,57.136504,0.7028,105.175164
2018-12-05 12:00:00+00:00,37.725246,49.179764,0.616,87.52101
2018-12-05 13:00:00+00:00,24.098256000000003,37.150252,0.44099999999999995,61.689508000000004
2018-12-05 14:00:00+00:00,12.049128000000001,25.417432,0.3248,37.791360000000005
2018-12-05 15:00:00+00:00,4.877028,13.297196,0.22399999999999998,18.398224
2018-12-05 16:00:00+00:00,1.8647459999999998,4.259124,0.1414,6.26527
2018-12-05 17:00:00+00:00,0.7172099999999999,0.689012,0.10219999999999999,1.508422
2018-12-05 18:00:00+00:00,0.14344200000000001,1.3804759999999998,0.11059999999999999,1.634518
2018-12-05 19:00:00+00:00,0.14344200000000001,8.807584,0.1722,9.123226
2018-12-05 20:00:00+00:00,1.1475360000000001,19.120696000000002,0.3136,20.581832000000002
2018-12-05 21:00:00+00:00,8.319636000000001,26.077019999999997,0.427,34.823656
2018-12-05 22:00:00+00:00,22.233510000000003,45.44781999999999,0.4662,68.14753
2018-12-05 23:00:00+00:00,30.696588,55.704536000000004,0.4003999999999999,86.80152400000001
2018-12-06 00:00:00+00:00,34.139196,48.772732,0.36819999999999997,83.28012799999999
2018-12-06 01:00:00+00:00,34.999848,36.973708,0.41859999999999997,72.392156
2018-12-06 02:00:00+00:00,34.42608,34.796332,0.4438,69.66621199999999
2018-12-06 03:00:00+00:00,36.434267999999996,40.666419999999995,0.5586,77.65928799999999
2018-12-06 04:00:00+00:00,39.589992,50.986888,0.5823999999999999,91.15928000000001
2018-12-06 05:00:00+00:00,44.036694,69.744688,0.6048,114.38618199999999
2018-12-06 06:00:00+00:00,48.77028,109.83734000000001,0.5459999999999999,159.15362
2018-12-06 07:00:00+00:00,73.011978,147.88011999999998,0.7909999999999999,221.68309799999997
2018-12-06 08:00:00+00:00,83.33980199999999,155.21159999999998,0.8203999999999999,239.37180199999997
2018-12-06 09:00:00+00:00,89.507808,159.56635200000002,0.8077999999999999,249.88196
2018-12-06 10:00:00+00:00,96.679908,162.0,0.847,259.526908
2018-12-06 11:00:00+00:00,101.84382,162.0,0.8442,264.68802
2018-12-06 12:00:00+00:00,107.00773199999999,162.0,0.7546,269.76233199999996
2018-12-06 13:00:00+00:00,97.54056,162.0,0.63,260.17056
2018-12-06 14:00:00+00:00,76.884912,148.94428800000003,0.6258,226.455
2018-12-06 15:00:00+00:00,75.163608,146.97533199999998,0.6663999999999999,222.80534
2018-12-06 16:00:00+00:00,81.61849799999999,148.17435999999998,0.7153999999999999,230.50825799999996
2018-12-06 17:00:00+00:00,91.65943800000001,145.90871199999998,0.7223999999999999,238.29055
2018-12-06 18:00:00+00:00,99.261864,156.126196,0.7462,256.13426
2018-12-06 19:00:00+00:00,101.27005199999999,161.28029999999998,0.7153999999999999,263.26575199999996
2018-12-06 20:00:00+00:00,100.40939999999999,162.0,0.6258,263.03520000000003
2018-12-06 21:00:00+00:00,102.417588,162.0,0.6103999999999999,265.02798800000005
2018-12-06 22:00:00+00:00,95.102046,162.0,0.8357999999999999,257.937846
2018-12-06 23:00:00+00:00,91.515996,162.0,0.8567999999999999,254.372796
2018-12-07 00:00:00+00:00,89.364366,158.367324,0.8147999999999999,248.54649
2018-12-07 01:00:00+00:00,90.798786,154.691776,0.7812,246.27176200000002
2018-12-07 02:00:00+00:00,92.52009,154.395084,0.8133999999999999,247.72857399999998
2018-12-07 03:00:00+00:00,90.36845999999998,149.12573600000002,0.8694,240.363596
2018-12-07 04:00:00+00:00,86.63896799999999,140.114636,0.8819999999999999,227.635604
2018-12-07 05:00:00+00:00,88.50371399999999,142.245424,0.8483999999999999,231.59753800000001
2018-12-07 06:00:00+00:00,105.716754,160.282336,0.8623999999999999,266.86148999999995
2018-12-07 07:00:00+00:00,113.032296,162.0,1.0808,276.113096
2018-12-07 08:00:00+00:00,113.892948,162.0,1.232,277.124948
2018-12-07 09:00:00+00:00,116.18802000000001,162.0,1.246,279.43402
2018-12-07 10:00:00+00:00,117.0,162.0,1.2376,280.2376
2018-12-07 11:00:00+00:00,117.0,162.0,1.1913999999999998,280.1914
2018-12-07 12:00:00+00:00,117.0,162.0,1.1381999999999999,280.1382
2018-12-07 13:00:00+00:00,110.306898,162.0,1.0346,273.341498
2018-12-07 14:00:00+00:00,88.360272,144.16043599999998,0.9366,233.45730799999995
2018-12-07 15:00:00+00:00,77.745564,128.678508,0.8917999999999999,207.31587199999998
2018-12-07 16:00:00+00:00,68.278392,114.763408,0.8035999999999999,183.84539999999998
2018-12-07 17:00:00+00:00,60.24564,108.41027600000001,0.7378,169.393716
2018-12-07 18:00:00+00:00,53.647308,103.540604,0.7083999999999999,157.89631200000002
2018-12-07 19:00:00+00:00,49.487489999999994,96.79024799999999,0.7182,146.995938
2018-12-07 20:00:00+00:00,54.794844000000005,87.077876,0.6873999999999999,142.56012
2018-12-07 21:00:00+00:00,50.061257999999995,73.064696,0.6384,123.764354
2018-12-07 22:00:00+00:00,41.59818,56.26114,0.595,98.45432
2018-12-07 23:00:00+00:00,34.42608,41.85564,0.5418,76.82352
2018-12-08 00:00:00+00:00,34.282638,31.74114,0.5082,66.531978
2018-12-08 01:00:00+00:00,39.589992,24.52,0.4438,64.553792
2018-12-08 02:00:00+00:00,46.044882,22.067999999999998,0.42,68.532882
2018-12-08 03:00:00+00:00,46.331766,21.687939999999998,0.3794,68.399106
2018-12-08 04:00:00+00:00,43.319483999999996,22.482388,0.34019999999999995,66.142072
2018-12-08 05:00:00+00:00,33.852312,19.392868,0.29259999999999997,53.53778
2018-12-08 06:00:00+00:00,25.245791999999998,14.31968,0.2366,39.802072
2018-12-08 07:00:00+00:00,18.790902,9.754056,0.2716,28.816558
2018-12-08 08:00:00+00:00,12.049128000000001,6.475732000000001,0.2772,18.802060000000004
2018-12-08 09:00:00+00:00,9.036846,6.078507999999999,0.2786,15.393954
2018-12-08 10:00:00+00:00,8.749962,7.370712,0.25339999999999996,16.374074
2018-12-08 11:00:00+00:00,9.036846,9.359284,0.21839999999999998,18.61453
2018-12-08 12:00:00+00:00,9.897498,11.448388,0.1624,21.508286000000002
2018-12-08 13:00:00+00:00,10.184381999999998,13.135364,0.10359999999999998,23.423345999999995
2018-12-08 14:00:00+00:00,9.897498,17.78926,0.0966,27.783357999999996
2018-12-08 15:00:00+00:00,7.745868,19.047136,0.098,26.891003999999995
2018-12-08 16:00:00+00:00,5.307353999999999,15.844824,0.0882,21.240378
2018-12-08 17:00:00+00:00,3.0122820000000003,11.468004,0.08539999999999999,14.565686000000001
2018-12-08 18:00:00+00:00,1.1475360000000001,7.1034440000000005,0.0644,8.31538
2018-12-08 19:00:00+00:00,0.43032600000000004,3.3469800000000003,0.0476,3.8249060000000004
2018-12-08 20:00:00+00:00,0.43032600000000004,1.277492,0.05039999999999999,1.758218
2018-12-08 21:00:00+00:00,0.43032600000000004,0.4904,0.054599999999999996,0.975326
2018-12-08 22:00:00+00:00,0.28688400000000003,0.19616,0.054599999999999996,0.537644
2018-12-08 23:00:00+00:00,0.43032600000000004,0.19616,0.05179999999999999,0.6782860000000001
2018-12-09 00:00:00+00:00,1.8647459999999998,0.691464,0.05039999999999999,2.6066099999999994
2018-12-09 01:00:00+00:00,3.4426080000000003,2.3784400000000003,0.0462,5.867248000000001
2018-12-09 02:00:00+00:00,5.737679999999999,6.456116,0.043399999999999994,12.237195999999999
2018-12-09 03:00:00+00:00,9.180288000000001,13.128008,0.041999999999999996,22.350296
2018-12-09 04:00:00+00:00,14.487642,22.004248,0.055999999999999994,36.547889999999995
2018-12-09 05:00:00+00:00,16.208946,24.703899999999997,0.063,40.975846000000004
2018-12-09 06:00:00+00:00,10.471265999999998,20.905752,0.043399999999999994,31.420417999999998
2018-12-09 07:00:00+00:00,7.889309999999999,25.235984,0.0532,33.17849399999999
2018-12-09 08:00:00+00:00,5.737679999999999,26.091732,0.0756,31.905012
2018-12-09 09:00:00+00:00,4.30326,20.530596000000003,0.098,24.931856000000003
2018-12-09 10:00:00+00:00,3.4426080000000003,13.091228000000001,0.1148,16.648636
2018-12-09 11:00:00+00:00,1.004094,9.221972000000001,0.10219999999999999,10.328266000000001
2018-12-09 12:00:00+00:00,0.28688400000000003,6.843532,0.0532,7.183616
2018-12-09 13:00:00+00:00,0.43032600000000004,3.5725640000000003,0.013999999999999999,4.016890000000001
2018-12-09 14:00:00+00:00,0.5737680000000001,0.696368,0.013999999999999999,1.284136
2018-12-09 15:00:00+00:00,0.28688400000000003,0.0,0.013999999999999999,0.30088400000000004
2018-12-09 16:00:00+00:00,0.0,0.09808,0.0042,0.10228
2018-12-09 17:00:00+00:00,0.0,0.394772,0.0056,0.400372
2018-12-09 18:00:00+00:00,0.0,1.0837839999999999,0.0238,1.107584
2018-12-09 19:00:00+00:00,0.43032600000000004,2.9620159999999998,0.10079999999999999,3.4931419999999997
2018-12-09 20:00:00+00:00,3.0122820000000003,7.814524,0.2394,11.066206
2018-12-09 21:00:00+00:00,7.745868,15.751648,0.35559999999999997,23.853115999999996
2018-12-09 22:00:00+00:00,11.188476,19.532632,0.39479999999999993,31.115908
2018-12-09 23:00:00+00:00,10.614707999999998,16.960484,0.4003999999999999,27.975592000000002
2018-12-10 00:00:00+00:00,7.6024259999999995,10.511724000000001,0.40459999999999996,18.51875
2018-12-10 01:00:00+00:00,5.163912,4.163496,0.42279999999999995,9.750208
2018-12-10 02:00:00+00:00,3.1557239999999998,0.892528,0.4508,4.499052
2018-12-10 03:00:00+00:00,3.0122820000000003,0.397224,0.4885999999999999,3.8981060000000003
2018-12-10 04:00:00+00:00,4.016376,0.497756,0.5319999999999999,5.046132
2018-12-10 05:00:00+00:00,5.02047,0.799352,0.3864,6.206222
2018-12-10 06:00:00+00:00,2.15163,0.29914399999999997,0.14839999999999998,2.599174
2018-12-10 07:00:00+00:00,1.5778619999999999,1.093592,0.1722,2.843654
2018-12-10 08:00:00+00:00,4.30326,4.678416,0.2394,9.221076
2018-12-10 09:00:00+00:00,8.60652,11.056068,0.29679999999999995,19.959388
2018-12-10 10:00:00+00:00,14.917967999999998,23.100291999999996,0.33319999999999994,38.351459999999996
2018-12-10 11:00:00+00:00,17.356482,32.425247999999996,0.3514,50.133129999999994
2018-12-10 12:00:00+00:00,12.622895999999999,29.80406,0.33459999999999995,42.761556
2018-12-10 13:00:00+00:00,7.028658000000001,20.633580000000002,0.25339999999999996,27.915638
2018-12-10 14:00:00+00:00,2.8688399999999996,13.946976,0.20579999999999998,17.021615999999998
2018-12-10 15:00:00+00:00,1.1475360000000001,7.2971520000000005,0.1568,8.601488000000002
2018-12-10 16:00:00+00:00,1.290978,3.844736,0.1134,5.2491140000000005
2018-12-10 17:00:00+00:00,3.4426080000000003,3.464676,0.1134,7.020684000000001
2018-12-10 18:00:00+00:00,8.463078,5.372331999999999,0.15539999999999998,13.99081
2018-12-10 19:00:00+00:00,14.3442,7.677211999999999,0.2226,22.244011999999998
2018-12-10 20:00:00+00:00,17.643366,9.077304,0.3206,27.041269999999997
2018-12-10 21:00:00+00:00,18.647460000000002,9.972284,0.4438,29.063544000000004
2018-12-10 22:00:00+00:00,18.504018,10.565668,0.5488,29.618485999999997
2018-12-10 23:00:00+00:00,18.217133999999998,10.96044,0.644,29.821574
2018-12-11 00:00:00+00:00,19.077786,12.051579999999998,0.6621999999999999,31.791565999999996
2018-12-11 01:00:00+00:00,20.368763999999995,12.647416,0.7223999999999999,33.73857999999999
2018-12-11 02:00:00+00:00,21.803183999999998,10.6662,0.6188,33.088184
2018-12-11 03:00:00+00:00,22.376952,9.682948,0.5236,32.5835
2018-12-11 04:00:00+00:00,21.659741999999998,10.577928,0.5222,32.75986999999999
2018-12-11 05:00:00+00:00,21.659741999999998,12.061388,0.40179999999999993,34.122930000000004
2018-12-11 06:00:00+00:00,19.077786,10.867263999999999,0.2996,30.24465
2018-12-11 07:00:00+00:00,29.40561,19.032424,0.7028,49.140834000000005
2018-12-11 08:00:00+00:00,36.434267999999996,25.888216,0.8357999999999999,63.158283999999995
2018-12-11 09:00:00+00:00,37.581804,29.066007999999997,0.8035999999999999,67.45141199999999
2018-12-11 10:00:00+00:00,36.434267999999996,32.53804,0.7546,69.726908
2018-12-11 11:00:00+00:00,34.139196,35.110188,0.6986,69.94798399999999
2018-12-11 12:00:00+00:00,28.975284,32.312456,0.6215999999999999,61.90934
2018-12-11 13:00:00+00:00,20.512206,25.932352,0.4732,46.917758
2018-12-11 14:00:00+00:00,12.049128000000001,22.01896,0.3794,34.447488
2018-12-11 15:00:00+00:00,6.3114479999999995,16.720188,0.28979999999999995,23.321436
2018-12-11 16:00:00+00:00,4.5901440000000004,11.659260000000002,0.2366,16.486004
2018-12-11 17:00:00+00:00,6.024564000000001,9.9919,0.20019999999999996,16.216663999999998
2018-12-11 18:00:00+00:00,8.176194,12.08836,0.196,20.460554000000002
2018-12-11 19:00:00+00:00,11.045034,16.15868,0.24359999999999996,27.447314
2018-12-11 20:00:00+00:00,14.774526,19.829324,0.3136,34.91745
2018-12-11 21:00:00+00:00,18.504018,23.217988,0.371,42.093005999999995
2018-12-11 22:00:00+00:00,21.659741999999998,27.992032000000002,0.4396,50.091374
2018-12-11 23:00:00+00:00,23.66793,33.442828,0.4871999999999999,57.597958
2018-12-12 00:00:00+00:00,24.672023999999997,37.78532,0.5502,63.00754399999999
2018-12-12 01:00:00+00:00,24.958907999999997,39.845,0.588,65.39190799999999
2018-12-12 02:00:00+00:00,25.532676,38.940212,0.5935999999999999,65.06648799999999
2018-12-12 03:00:00+00:00,25.81956,34.673732,0.6244,61.117692
2018-12-12 04:00:00+00:00,26.53677,28.830616,0.6328,56.000186
2018-12-12 05:00:00+00:00,25.676117999999995,22.502004,0.5236,48.701722
2018-12-12 06:00:00+00:00,17.786807999999997,17.271888,0.3822,35.440895999999995
2018-12-12 07:00:00+00:00,20.79909,20.390831999999996,0.6803999999999999,41.870321999999994
2018-12-12 08:00:00+00:00,25.389234,25.189396,0.8917999999999999,51.47042999999999
2018-12-12 09:00:00+00:00,34.139196,38.211968,0.945,73.29616399999999
2018-12-12 10:00:00+00:00,45.471114,59.657160000000005,0.9799999999999999,106.10827400000001
2018-12-12 11:00:00+00:00,52.35633,77.105592,0.9757999999999999,130.437722
2018-12-12 12:00:00+00:00,55.512054000000006,86.805704,0.9394,143.25715800000003
2018-12-12 13:00:00+00:00,48.77028,86.661036,0.8147999999999999,136.24611599999997
2018-12-12 14:00:00+00:00,34.139196,78.94704399999999,0.7153999999999999,113.80163999999999
2018-12-12 15:00:00+00:00,21.5163,74.832588,0.7672,97.116088
2018-12-12 16:00:00+00:00,14.631084,67.667844,0.7308,83.029728
2018-12-12 17:00:00+00:00,11.045034,59.11772,0.6706,70.83335399999999
2018-12-12 18:00:00+00:00,9.897498,49.491168,0.6244,60.013066
2018-12-12 19:00:00+00:00,10.471265999999998,40.970468000000004,0.5432,51.984934
2018-12-12 20:00:00+00:00,10.901591999999999,34.737484,0.4326,46.071676000000004
2018-12-12 21:00:00+00:00,12.049128000000001,32.77098,0.3444,45.164508000000005
2018-12-12 22:00:00+00:00,13.913874,34.274056,0.30519999999999997,48.49313
2018-12-12 23:00:00+00:00,16.49583,35.877664,0.427,52.80049400000001
2018-12-13 00:00:00+00:00,20.512206,41.853188,0.5236,62.888994000000004
2018-12-13 01:00:00+00:00,19.938438,47.725728000000004,0.5558,68.21996600000001
2018-12-13 02:00:00+00:00,17.643366,48.336276,0.518,66.497642
2018-12-13 03:00:00+00:00,12.479453999999999,40.391796,0.39899999999999997,53.27025
2018-12-13 04:00:00+00:00,6.7417739999999995,28.761960000000002,0.2562,35.759934
2018-12-13 05:00:00+00:00,2.581956,15.359327999999998,0.16659999999999997,18.107883999999995
2018-12-13 06:00:00+00:00,6.024564000000001,16.575519999999997,0.3024,22.902483999999998
2018-12-13 07:00:00+00:00,8.032752,11.73282,0.38780000000000003,20.153371999999997
2018-12-13 08:00:00+00:00,7.6024259999999995,8.268144,0.3752,16.24577
2018-12-13 09:00:00+00:00,7.1721,7.179456,0.364,14.715556000000001
2018-12-13 10:00:00+00:00,7.028658000000001,6.882764,0.364,14.275422000000002
2018-12-13 11:00:00+00:00,6.45489,6.58362,0.35559999999999997,13.39411
2018-12-13 12:00:00+00:00,5.02047,6.478184000000001,0.3234,11.822054000000001
2018-12-13 13:00:00+00:00,3.58605,5.379688000000001,0.24779999999999996,9.213538000000002
2018-12-13 14:00:00+00:00,3.0122820000000003,6.958776,0.2296,10.200658
2018-12-13 15:00:00+00:00,1.8647459999999998,6.049084000000001,0.1792,8.09303
2018-12-13 16:00:00+00:00,1.004094,4.25422,0.091,5.349314000000001
2018-12-13 17:00:00+00:00,0.5737680000000001,3.756464,0.030799999999999998,4.361032
2018-12-13 18:00:00+00:00,0.7172099999999999,4.452832,0.0112,5.181241999999999
2018-12-13 19:00:00+00:00,1.4344199999999998,6.345776,0.0098,7.789996
2018-12-13 20:00:00+00:00,2.438514,9.337215999999998,0.018199999999999997,11.793929999999998
2018-12-13 21:00:00+00:00,3.872934,14.716904,0.0294,18.619238
2018-12-13 22:00:00+00:00,5.881122,23.073320000000002,0.0448,28.999242000000002
2018-12-13 23:00:00+00:00,8.463078,32.327168,0.0644,40.854645999999995
2018-12-14 00:00:00+00:00,12.336011999999998,41.98804799999999,0.077,54.40105999999999
2018-12-14 01:00:00+00:00,17.93025,51.756816,0.091,69.778066
2018-12-14 02:00:00+00:00,25.676117999999995,61.121004,0.10779999999999999,86.904922
2018-12-14 03:00:00+00:00,35.573615999999994,64.53664,0.147,100.257256
2018-12-14 04:00:00+00:00,49.917815999999995,68.15334,0.21419999999999997,118.28535600000001
2018-12-14 05:00:00+00:00,55.081728000000005,61.687416000000006,0.196,116.96514400000001
2018-12-14 06:00:00+00:00,34.139196,45.131512,0.06999999999999999,79.34070799999999
2018-12-14 07:00:00+00:00,16.782714,47.095564,0.055999999999999994,63.934278
2018-12-14 08:00:00+00:00,7.745868,38.10162799999999,0.0406,45.88809599999999
2018-12-14 09:00:00+00:00,4.016376,27.08234,0.020999999999999998,31.119716
2018-12-14 10:00:00+00:00,1.8647459999999998,18.944152000000003,0.0084,20.817298000000005
2018-12-14 11:00:00+00:00,0.7172099999999999,12.993148,0.0028,13.713158
2018-12-14 12:00:00+00:00,0.14344200000000001,8.930184,0.0014,9.075026000000001
2018-12-14 13:00:00+00:00,0.0,6.252599999999999,0.0028,6.255399999999999
2018-12-14 14:00:00+00:00,0.28688400000000003,6.84108,0.013999999999999999,7.141964
2018-12-14 15:00:00+00:00,2.008188,15.557939999999999,0.07139999999999999,17.637528
2018-12-14 16:00:00+00:00,12.90978,40.448192,0.21,53.567972
2018-12-14 17:00:00+00:00,47.33586,87.820832,0.49699999999999994,135.653692
2018-12-14 18:00:00+00:00,99.54874799999999,140.529024,0.77,240.847772
2018-12-14 19:00:00+00:00,117.0,161.05248,0.8862,278.93868
2018-12-14 20:00:00+00:00,117.0,162.0,0.8819999999999999,279.882
2018-12-14 21:00:00+00:00,117.0,162.0,0.8161999999999999,279.8162
2018-12-14 22:00:00+00:00,117.0,162.0,0.8049999999999999,279.805
2018-12-14 23:00:00+00:00,117.0,162.0,0.8035999999999999,279.8036
2018-12-15 00:00:00+00:00,117.0,162.0,0.7951999999999999,279.7952
2018-12-15 01:00:00+00:00,117.0,160.464,0.8021999999999999,278.2662
2018-12-15 02:00:00+00:00,117.0,159.18896,0.8652,277.05416
2018-12-15 03:00:00+00:00,117.0,158.40431999999998,0.8525999999999999,276.25692
2018-12-15 04:00:00+00:00,117.0,157.0312,0.84,274.8712
2018-12-15 05:00:00+00:00,117.0,152.91183999999998,0.7336,270.64544
2018-12-15 06:00:00+00:00,117.0,150.95024,0.5432,268.49344
2018-12-15 07:00:00+00:00,117.0,150.06752,0.84,267.90752
2018-12-15 08:00:00+00:00,107.00773199999999,137.454216,0.8847999999999999,245.34674800000002
2018-12-15 09:00:00+00:00,72.294768,109.77358799999999,0.7937999999999998,182.862156
2018-12-15 10:00:00+00:00,50.92191,83.02472,0.7293999999999999,134.67603
2018-12-15 11:00:00+00:00,39.589992,67.51581999999999,0.637,107.74281199999999
2018-12-15 12:00:00+00:00,30.983472,55.692276,0.48999999999999994,87.165748
2018-12-15 13:00:00+00:00,16.926156,39.187864,0.3836,56.49762
2018-12-15 14:00:00+00:00,15.778619999999998,42.26022,0.6706,58.709439999999994
2018-12-15 15:00:00+00:00,36.003942,69.29352,1.015,106.312462
2018-12-15 16:00:00+00:00,83.48324399999998,112.03678400000001,1.0542,196.574228
2018-12-15 17:00:00+00:00,117.0,146.722776,1.0415999999999999,264.764376
2018-12-15 18:00:00+00:00,117.0,160.36592000000002,1.0444,278.41032
2018-12-15 19:00:00+00:00,117.0,161.54288000000003,1.0388,279.58168
2018-12-15 20:00:00+00:00,117.0,162.0,1.0275999999999998,280.0276
2018-12-15 21:00:00+00:00,117.0,161.54288000000003,1.015,279.55788
2018-12-15 22:00:00+00:00,117.0,159.38512,1.0122,277.39732000000004
2018-12-15 23:00:00+00:00,117.0,156.24656,1.015,274.26156
2018-12-16 00:00:00+00:00,117.0,151.6368,0.9757999999999999,269.6126
2018-12-16 01:00:00+00:00,117.0,145.85008,0.9618,263.81188
2018-12-16 02:00:00+00:00,117.0,138.756228,0.9492,256.705428
2018-12-16 03:00:00+00:00,117.0,129.352808,0.9254,247.278208
2018-12-16 04:00:00+00:00,116.61834599999999,115.69026399999998,0.9198,233.22841
2018-12-16 05:00:00+00:00,105.286428,85.97938,0.8512,192.117008
2018-12-16 06:00:00+00:00,70.716906,51.413536,0.7308,122.86124199999999
2018-12-16 07:00:00+00:00,35.717058,34.036212,0.7686000000000001,70.52187
2018-12-16 08:00:00+00:00,22.376952,40.842963999999995,0.7826000000000001,64.002516
2018-12-16 09:00:00+00:00,21.5163,47.277012,0.7028,69.496112
2018-12-16 10:00:00+00:00,18.934344,43.476411999999996,0.5137999999999999,62.924555999999995
2018-12-16 11:00:00+00:00,14.631084,37.003131999999994,0.3752,52.009415999999995
2018-12-16 12:00:00+00:00,11.045034,29.262168000000003,0.3206,40.627802
2018-12-16 13:00:00+00:00,10.04094,23.043896000000004,0.2576,33.342436
2018-12-16 14:00:00+00:00,12.90978,26.263372,0.21839999999999998,39.391552000000004
2018-12-16 15:00:00+00:00,8.463078,23.860412000000004,0.1722,32.49569
2018-12-16 16:00:00+00:00,2.7253979999999998,16.058148,0.12179999999999998,18.905345999999998
2018-12-16 17:00:00+00:00,0.5737680000000001,10.855004000000001,0.0924,11.521172
2018-12-16 18:00:00+00:00,0.5737680000000001,9.45246,0.0686,10.094828
2018-12-16 19:00:00+00:00,1.5778619999999999,13.010312,0.063,14.651174000000001
2018-12-16 20:00:00+00:00,4.016376,18.350768,0.0658,22.432944
2018-12-16 21:00:00+00:00,9.897498,28.352476000000003,0.0658,38.315774000000005
2018-12-16 22:00:00+00:00,17.21304,41.348076,0.061599999999999995,58.622716
2018-12-16 23:00:00+00:00,22.520394,53.2697,0.0574,75.847494
2018-12-17 00:00:00+00:00,24.958907999999997,59.0319,0.06019999999999999,84.051008
2018-12-17 01:00:00+00:00,26.53677,60.11813599999999,0.0588,86.713706
2018-12-17 02:00:00+00:00,27.827748,60.015152,0.055999999999999994,87.8989
2018-12-17 03:00:00+00:00,29.118726000000002,58.134468,0.0644,87.31759400000001
2018-12-17 04:00:00+00:00,29.262168,53.578652,0.0966,82.93741999999999
2018-12-17 05:00:00+00:00,28.975284,44.790684,0.08679999999999999,73.852768
2018-12-17 06:00:00+00:00,21.229415999999997,37.473916,0.0378,58.741132
2018-12-17 07:00:00+00:00,21.803183999999998,53.350615999999995,0.077,75.23079999999999
2018-12-17 08:00:00+00:00,27.827748,66.687044,0.20299999999999999,94.717792
2018-12-17 09:00:00+00:00,36.290825999999996,81.78891200000001,0.32899999999999996,118.408738
2018-12-17 10:00:00+00:00,42.889157999999995,95.782476,0.5012,139.172834
2018-12-17 11:00:00+00:00,45.471114,101.127836,0.6538,147.25275
2018-12-17 12:00:00+00:00,45.471114,98.143752,0.6846,144.299466
2018-12-17 13:00:00+00:00,38.72934,85.932792,0.5628,125.22493200000001
2018-12-17 14:00:00+00:00,29.979377999999997,70.622504,0.49699999999999994,101.098882
2018-12-17 15:00:00+00:00,21.946626,58.195768,0.44939999999999997,80.591794
2018-12-17 16:00:00+00:00,16.49583,48.559408,0.41019999999999995,65.465438
2018-12-17 17:00:00+00:00,12.90978,43.770652,0.39479999999999993,57.07523199999999
2018-12-17 18:00:00+00:00,13.196663999999998,41.384856,0.43539999999999995,55.01692
2018-12-17 19:00:00+00:00,16.065504,41.399568,0.5194,57.984472000000004
2018-12-17 20:00:00+00:00,20.08188,42.598596,0.6103999999999999,63.290876
2018-12-17 21:00:00+00:00,20.225322,41.607988,0.6048,62.438109999999995
2018-12-17 22:00:00+00:00,20.08188,37.728924,0.5599999999999999,58.37080400000001
2018-12-17 23:00:00+00:00,19.221228,32.184952,0.4774,51.88358000000001
2018-12-18 00:00:00+00:00,14.631084,23.951135999999998,0.4003999999999999,38.98262
2018-12-18 01:00:00+00:00,11.905686,14.633536,0.3514,26.890622
2018-12-18 02:00:00+00:00,10.04094,7.902796,0.33459999999999995,18.278336
2018-12-18 03:00:00+00:00,11.045034,4.644088,0.2996,15.988722
2018-12-18 04:00:00+00:00,12.19257,1.387832,0.2772,13.857602
2018-12-18 05:00:00+00:00,14.631084,0.703724,0.21419999999999997,15.549007999999999
2018-12-18 06:00:00+00:00,7.6024259999999995,0.801804,0.1512,8.55543
2018-12-18 07:00:00+00:00,5.02047,4.2689319999999995,0.1946,9.484001999999998
2018-12-18 08:00:00+00:00,5.594238,13.1795,0.20019999999999996,18.973938
2018-12-18 09:00:00+00:00,6.885216000000001,20.307464,0.1876,27.38028
2018-12-18 10:00:00+00:00,7.889309999999999,20.503624000000002,0.17359999999999998,28.566534
2018-12-18 11:00:00+00:00,7.458983999999999,15.942903999999999,0.1414,23.543288
2018-12-18 12:00:00+00:00,5.881122,10.886880000000001,0.08399999999999999,16.852002000000002
2018-12-18 13:00:00+00:00,4.1598180000000005,6.7209319999999995,0.034999999999999996,10.91575
2018-12-18 14:00:00+00:00,1.8647459999999998,2.9595639999999994,0.012599999999999998,4.836909999999999
2018-12-18 15:00:00+00:00,0.14344200000000001,2.265648,0.0014,2.41049
2018-12-18 16:00:00+00:00,0.14344200000000001,6.725835999999999,0.0014,6.870678
2018-12-18 17:00:00+00:00,1.4344199999999998,15.359327999999998,0.0042,16.797947999999998
2018-12-18 18:00:00+00:00,4.30326,25.875956,0.036399999999999995,30.215615999999997
2018-12-18 19:00:00+00:00,9.754056,35.902184000000005,0.16799999999999998,45.82424
2018-12-18 20:00:00+00:00,22.233510000000003,49.133176,0.3514,71.718086
2018-12-18 21:00:00+00:00,36.147384,56.317536,0.511,92.97592
2018-12-18 22:00:00+00:00,40.73752799999999,53.96606799999999,0.6719999999999999,95.37559599999997
2018-12-18 23:00:00+00:00,38.01213,43.549972,0.714,82.276102
2018-12-19 00:00:00+00:00,29.979377999999997,28.749700000000004,0.7462,59.475278
2018-12-19 01:00:00+00:00,22.520394,19.007904,0.8231999999999999,42.351498
2018-12-19 02:00:00+00:00,17.356482,14.226504,0.8623999999999999,32.445386
2018-12-19 03:00:00+00:00,12.622895999999999,11.235064,0.8525999999999999,24.710559999999997
2018-12-19 04:00:00+00:00,9.754056,8.049916,0.833,18.636972
2018-12-19 05:00:00+00:00,8.319636000000001,5.963264000000001,0.6258,14.908700000000001
2018-12-19 06:00:00+00:00,4.30326,5.563588,0.2716,10.138448
2018-12-19 07:00:00+00:00,4.446701999999999,14.501127999999998,0.19879999999999998,19.146629999999995
2018-12-19 08:00:00+00:00,8.176194,27.800776,0.20719999999999997,36.18417
2018-12-19 09:00:00+00:00,13.62699,44.555291999999994,0.21559999999999999,58.397881999999996
2018-12-19 10:00:00+00:00,20.79909,61.80266,0.26039999999999996,82.86215000000001
2018-12-19 11:00:00+00:00,29.835935999999997,77.76518,0.3668,107.96791599999999
2018-12-19 12:00:00+00:00,38.442456,87.099944,0.40319999999999995,125.94559999999998
2018-12-19 13:00:00+00:00,39.589992,84.63078,0.32899999999999996,124.549772
2018-12-19 14:00:00+00:00,29.262168,67.832128,0.31079999999999997,97.405096
2018-12-19 15:00:00+00:00,21.229415999999997,59.973468,0.2758,81.478684
2018-12-19 16:00:00+00:00,17.786807999999997,63.928544,0.1904,81.90575199999999
2018-12-19 17:00:00+00:00,17.786807999999997,70.45576799999999,0.14559999999999998,88.38817599999999
2018-12-19 18:00:00+00:00,19.794996,67.481492,0.13019999999999998,87.406688
2018-12-19 19:00:00+00:00,28.975284,71.679316,0.1512,100.8058
2018-12-19 20:00:00+00:00,41.59818,86.195156,0.21559999999999999,128.008936
2018-12-19 21:00:00+00:00,57.663684,109.53084,0.35,167.544524
2018-12-19 22:00:00+00:00,70.143138,127.99439999999998,0.602,198.73953799999998
2018-12-19 23:00:00+00:00,80.61440400000001,141.813872,0.7462,223.174476
2018-12-20 00:00:00+00:00,85.634874,143.807348,0.6916,230.13382199999998
2018-12-20 01:00:00+00:00,83.48324399999998,144.18986,0.7476,228.420704
2018-12-20 02:00:00+00:00,77.745564,143.081556,0.8147999999999999,221.64192
2018-12-20 03:00:00+00:00,69.85625399999999,131.179548,0.8917999999999999,201.92760199999998
2018-12-20 04:00:00+00:00,63.401363999999994,122.53134399999999,0.7895999999999999,186.722308
2018-12-20 05:00:00+00:00,52.643214,111.29628,0.6566,164.596094
2018-12-20 06:00:00+00:00,46.044882,119.75567999999998,0.6188,166.41936199999998
2018-12-20 07:00:00+00:00,56.803032,135.495068,0.8707999999999999,193.1689
2018-12-20 08:00:00+00:00,67.41774,139.025948,0.9352,207.37888800000002
2018-12-20 09:00:00+00:00,74.016072,139.256436,0.9212,214.19370800000002
2018-12-20 10:00:00+00:00,76.884912,140.565804,0.9044,218.355116
2018-12-20 11:00:00+00:00,74.58984000000001,137.59152799999998,0.8862,213.067568
2018-12-20 12:00:00+00:00,65.696436,130.54448,0.7951999999999999,197.036116
2018-12-20 13:00:00+00:00,48.483396,113.55212,0.4802,162.515716
2018-12-20 14:00:00+00:00,32.131008,80.673252,0.3136,113.11786
2018-12-20 15:00:00+00:00,24.38514,65.56648,0.2688,90.22041999999999
2018-12-20 16:00:00+00:00,17.499924,56.023295999999995,0.1834,73.70662
2018-12-20 17:00:00+00:00,13.62699,46.982772,0.12459999999999999,60.734362
2018-12-20 18:00:00+00:00,12.049128000000001,39.339888,0.08679999999999999,51.475816
2018-12-20 19:00:00+00:00,10.75815,37.640652,0.0658,48.464602000000006
2018-12-20 20:00:00+00:00,11.045034,37.150252,0.05039999999999999,48.245686000000006
2018-12-20 21:00:00+00:00,11.188476,37.545024,0.0476,48.7811
2018-12-20 22:00:00+00:00,10.614707999999998,37.84662,0.06019999999999999,48.521528
2018-12-20 23:00:00+00:00,9.897498,37.55238,0.0658,47.515678
2018-12-21 00:00:00+00:00,9.180288000000001,34.786524,0.06019999999999999,44.027012000000006
2018-12-21 01:00:00+00:00,8.032752,30.831448,0.0406,38.9048
2018-12-21 02:00:00+00:00,5.737679999999999,26.275632,0.0406,32.053912
2018-12-21 03:00:00+00:00,3.872934,18.841168000000003,0.0266,22.740702000000002
2018-12-21 04:00:00+00:00,1.8647459999999998,10.210128,0.0098,12.084674
2018-12-21 05:00:00+00:00,0.8606520000000001,5.249732,0.0014,6.111784
2018-12-21 06:00:00+00:00,1.004094,6.441404,0.013999999999999999,7.459498000000001
2018-12-21 07:00:00+00:00,2.7253979999999998,6.544388,0.027999999999999997,9.297786
2018-12-21 08:00:00+00:00,2.581956,5.654312,0.0294,8.265668
2018-12-21 09:00:00+00:00,2.438514,4.764236,0.034999999999999996,7.23775
2018-12-21 10:00:00+00:00,1.8647459999999998,3.4769360000000002,0.0448,5.386482000000001
2018-12-21 11:00:00+00:00,1.4344199999999998,3.2783240000000005,0.055999999999999994,4.768744000000001
2018-12-21 12:00:00+00:00,1.4344199999999998,3.673096,0.0686,5.176116
2018-12-21 13:00:00+00:00,1.1475360000000001,4.067868,0.0966,5.312003999999999
2018-12-21 14:00:00+00:00,0.8606520000000001,5.649407999999999,0.1904,6.70046
2018-12-21 15:00:00+00:00,0.5737680000000001,7.228496,0.2716,8.073864
2018-12-21 16:00:00+00:00,0.7172099999999999,10.886880000000001,0.22119999999999998,11.82529
2018-12-21 17:00:00+00:00,1.290978,15.138648,0.119,16.548626
2018-12-21 18:00:00+00:00,1.5778619999999999,16.521576,0.041999999999999996,18.141438
2018-12-21 19:00:00+00:00,1.8647459999999998,16.325416,0.0112,18.201362
2018-12-21 20:00:00+00:00,2.15163,16.533836,0.0056,18.691066000000003
2018-12-21 21:00:00+00:00,2.581956,17.634784,0.012599999999999998,20.22934
2018-12-21 22:00:00+00:00,2.7253979999999998,20.224096,0.0266,22.976093999999996
2018-12-21 23:00:00+00:00,3.0122820000000003,22.916392000000002,0.043399999999999994,25.972074
2018-12-22 00:00:00+00:00,3.872934,24.821596,0.06019999999999999,28.75473
2018-12-22 01:00:00+00:00,5.4507959999999995,26.62872,0.077,32.156515999999996
2018-12-22 02:00:00+00:00,9.036846,30.032096000000003,0.0882,39.15714200000001
2018-12-22 03:00:00+00:00,14.200758,33.148588000000004,0.0952,47.444546
2018-12-22 04:00:00+00:00,18.504018,32.579724,0.10079999999999999,51.184542
2018-12-22 05:00:00+00:00,17.21304,25.520416,0.06999999999999999,42.803456000000004
2018-12-22 06:00:00+00:00,8.463078,17.43372,0.0014,25.898198
2018-12-22 07:00:00+00:00,0.0,10.521532,0.0028,10.524332000000001
2018-12-22 08:00:00+00:00,0.0,1.382928,0.0112,1.394128
2018-12-22 09:00:00+00:00,0.0,0.09808,0.0112,0.10928
2018-12-22 10:00:00+00:00,0.28688400000000003,0.0,0.015399999999999999,0.30228400000000005
2018-12-22 11:00:00+00:00,1.004094,0.201064,0.025199999999999997,1.2303579999999998
2018-12-22 12:00:00+00:00,2.15163,0.801804,0.0406,2.9940339999999996
2018-12-22 13:00:00+00:00,3.4426080000000003,1.6060599999999998,0.07139999999999999,5.120068
2018-12-22 14:00:00+00:00,4.30326,3.7098759999999995,0.1414,8.154536
2018-12-22 15:00:00+00:00,3.2991659999999996,4.403791999999999,0.1694,7.872357999999998
2018-12-22 16:00:00+00:00,2.15163,3.9967599999999996,0.13019999999999998,6.2785899999999994
2018-12-22 17:00:00+00:00,1.4344199999999998,3.888872,0.07139999999999999,5.394692
2018-12-22 18:00:00+00:00,1.5778619999999999,4.384176,0.030799999999999998,5.992838
2018-12-22 19:00:00+00:00,2.2950720000000002,5.779363999999999,0.0196,8.094036
2018-12-22 20:00:00+00:00,3.2991659999999996,7.476148,0.030799999999999998,10.806113999999999
2018-12-22 21:00:00+00:00,4.30326,9.670688,0.0574,14.031348
2018-12-22 22:00:00+00:00,5.737679999999999,13.358495999999999,0.08259999999999999,19.178776
2018-12-22 23:00:00+00:00,8.319636000000001,18.338507999999997,0.098,26.756144
2018-12-23 00:00:00+00:00,11.331918,22.926199999999998,0.10219999999999999,34.360318
2018-12-23 01:00:00+00:00,14.631084,26.523283999999997,0.091,41.245368
2018-12-23 02:00:00+00:00,18.934344,31.912779999999998,0.08399999999999999,50.931124
2018-12-23 03:00:00+00:00,23.954814000000002,38.893624,0.0882,62.936638
2018-12-23 04:00:00+00:00,29.262168,44.378748,0.1064,73.747316
2018-12-23 05:00:00+00:00,30.696588,44.570004,0.10079999999999999,75.36739200000001
2018-12-23 06:00:00+00:00,15.204851999999999,25.915188,0.013999999999999999,41.134040000000006
2018-12-23 07:00:00+00:00,3.4426080000000003,23.046348,0.0,26.488955999999998
2018-12-23 08:00:00+00:00,0.28688400000000003,10.599996,0.0,10.886880000000001
2018-12-23 09:00:00+00:00,0.0,3.3616919999999997,0.0014,3.3630919999999995
2018-12-23 10:00:00+00:00,0.0,0.890076,0.0056,0.895676
2018-12-23 11:00:00+00:00,0.0,0.198612,0.0084,0.207012
2018-12-23 12:00:00+00:00,0.8606520000000001,0.100532,0.0112,0.972384
2018-12-23 13:00:00+00:00,3.2991659999999996,0.603192,0.0224,3.9247579999999997
2018-12-23 14:00:00+00:00,7.028658000000001,3.4131839999999998,0.0532,10.495042000000002
2018-12-23 15:00:00+00:00,4.733586,4.411148,0.063,9.207734
2018-12-23 16:00:00+00:00,1.8647459999999998,3.400924,0.0462,5.31187
2018-12-23 17:00:00+00:00,0.43032600000000004,2.09646,0.025199999999999997,2.551986
2018-12-23 18:00:00+00:00,0.14344200000000001,1.1965759999999999,0.0084,1.348418
2018-12-23 19:00:00+00:00,0.0,0.69882,0.0014,0.70022
2018-12-23 20:00:00+00:00,0.0,0.497756,0.0,0.497756
2018-12-23 21:00:00+00:00,0.0,0.198612,0.0,0.198612
2018-12-23 22:00:00+00:00,0.0,0.296692,0.0,0.296692
2018-12-23 23:00:00+00:00,0.0,0.590932,0.0014,0.592332
2018-12-24 00:00:00+00:00,0.14344200000000001,2.069488,0.0042,2.21713
2018-12-24 01:00:00+00:00,0.43032600000000004,4.626924,0.018199999999999997,5.07545
2018-12-24 02:00:00+00:00,0.7172099999999999,5.112419999999999,0.043399999999999994,5.873029999999999
2018-12-24 03:00:00+00:00,1.1475360000000001,3.830024,0.06999999999999999,5.047560000000001
2018-12-24 04:00:00+00:00,1.5778619999999999,2.160212,0.0966,3.834674
2018-12-24 05:00:00+00:00,2.008188,0.9808,0.1162,3.105188
2018-12-24 06:00:00+00:00,0.14344200000000001,0.885172,0.06999999999999999,1.098614
2018-12-24 07:00:00+00:00,0.14344200000000001,4.656348,0.10359999999999998,4.903390000000001
2018-12-24 08:00:00+00:00,1.7213040000000002,6.4585680000000005,0.1876,8.367472000000001
2018-12-24 09:00:00+00:00,3.7294919999999996,7.861112,0.22399999999999998,11.814604
2018-12-24 10:00:00+00:00,4.733586,8.363771999999999,0.21,13.307358
2018-12-24 11:00:00+00:00,4.30326,7.272632,0.175,11.750892
2018-12-24 12:00:00+00:00,2.581956,5.2791559999999995,0.13299999999999998,7.994111999999999
2018-12-24 13:00:00+00:00,1.5778619999999999,4.577884,0.105,6.260746
2018-12-24 14:00:00+00:00,1.290978,6.561551999999999,0.11059999999999999,7.963129999999999
2018-12-24 15:00:00+00:00,0.7172099999999999,8.829652,0.105,9.651862
2018-12-24 16:00:00+00:00,1.004094,14.868927999999997,0.06019999999999999,15.933221999999997
2018-12-24 17:00:00+00:00,3.7294919999999996,29.058652000000002,0.015399999999999999,32.803544
2018-12-24 18:00:00+00:00,10.471265999999998,50.317492,0.0014,60.790158
2018-12-24 19:00:00+00:00,22.090068,74.383872,0.0,96.47394
2018-12-24 20:00:00+00:00,38.01213,97.96966,0.0014,135.98318999999998
2018-12-24 21:00:00+00:00,52.643214,113.60116,0.006999999999999999,166.251374
2018-12-24 22:00:00+00:00,64.5489,121.87420800000001,0.0294,186.45250800000002
2018-12-24 23:00:00+00:00,77.745564,127.65602399999997,0.0756,205.47718799999998
2018-12-25 00:00:00+00:00,90.081576,132.037748,0.1358,222.255124
2018-12-25 01:00:00+00:00,101.987262,138.106448,0.21839999999999998,240.31211
2018-12-25 02:00:00+00:00,111.597876,145.352108,0.33319999999999994,257.28318399999995
2018-12-25 03:00:00+00:00,117.0,151.73487999999998,0.49839999999999995,269.23328
2018-12-25 04:00:00+00:00,117.0,155.75616,0.5908,273.34696
2018-12-25 05:00:00+00:00,117.0,150.85216,0.3864,268.23856
2018-12-25 06:00:00+00:00,100.83972599999998,125.64048,0.25339999999999996,226.73360599999998
2018-12-25 07:00:00+00:00,92.376648,137.2507,0.364,229.991348
2018-12-25 08:00:00+00:00,56.372706,120.75364400000001,0.378,177.50435
2018-12-25 09:00:00+00:00,29.549052,90.38562399999999,0.34019999999999995,120.27487599999999
2018-12-25 10:00:00+00:00,20.942531999999996,69.310684,0.31079999999999997,90.564016
2018-12-25 11:00:00+00:00,16.49583,52.536552,0.259,69.291382
2018-12-25 12:00:00+00:00,10.75815,33.99698,0.1862,44.94133
2018-12-25 13:00:00+00:00,5.163912,14.564879999999999,0.0798,19.808591999999997
2018-12-25 14:00:00+00:00,2.2950720000000002,4.56072,0.055999999999999994,6.911792
2018-12-25 15:00:00+00:00,0.28688400000000003,0.892528,0.09939999999999999,1.278812
2018-12-25 16:00:00+00:00,0.0,0.0,0.12179999999999998,0.12179999999999998
2018-12-25 17:00:00+00:00,0.0,0.198612,0.119,0.317612
2018-12-25 18:00:00+00:00,0.14344200000000001,1.390284,0.2198,1.7535260000000001
2018-12-25 19:00:00+00:00,1.004094,3.2734199999999998,0.3626,4.640114
2018-12-25 20:00:00+00:00,1.1475360000000001,3.8643519999999993,0.4452,5.457087999999999
2018-12-25 21:00:00+00:00,1.5778619999999999,4.259124,0.44939999999999997,6.286385999999999
2018-12-25 22:00:00+00:00,2.008188,6.1373560000000005,0.41579999999999995,8.561344000000002
2018-12-25 23:00:00+00:00,2.15163,9.697659999999999,0.34719999999999995,12.19649
2018-12-26 00:00:00+00:00,2.7253979999999998,13.051995999999999,0.2618,16.039194
2018-12-26 01:00:00+00:00,4.30326,13.630668,0.22119999999999998,18.155128
2018-12-26 02:00:00+00:00,6.598331999999999,9.974736,0.21839999999999998,16.791468
2018-12-26 03:00:00+00:00,8.319636000000001,5.539068,0.2394,14.098104000000001
2018-12-26 04:00:00+00:00,7.889309999999999,3.479388,0.238,11.606697999999998
2018-12-26 05:00:00+00:00,6.598331999999999,3.7907919999999997,0.20159999999999997,10.590723999999998
2018-12-26 06:00:00+00:00,4.1598180000000005,3.59218,0.0798,7.831798
2018-12-26 07:00:00+00:00,7.6024259999999995,13.532588,0.126,21.261014
2018-12-26 08:00:00+00:00,15.635178,37.530312,0.21419999999999997,53.379690000000004
2018-12-26 09:00:00+00:00,19.221228,48.520176000000006,0.217,67.958404
2018-12-26 10:00:00+00:00,21.085973999999997,58.524336000000005,0.1876,79.79791
2018-12-26 11:00:00+00:00,25.963002,71.313968,0.18059999999999998,97.45757
2018-12-26 12:00:00+00:00,29.835935999999997,78.05206399999999,0.19879999999999998,108.08679999999998
2018-12-26 13:00:00+00:00,25.963002,68.016028,0.1904,94.16943
2018-12-26 14:00:00+00:00,16.065504,50.802988,0.189,67.057492
2018-12-26 15:00:00+00:00,9.610614,38.979444,0.161,48.751058
2018-12-26 16:00:00+00:00,5.594238,27.190227999999998,0.12039999999999998,32.90486599999999
2018-12-26 17:00:00+00:00,6.45489,20.37612,0.10779999999999999,26.93881
2018-12-26 18:00:00+00:00,9.897498,17.931476,0.126,27.954974000000004
2018-12-26 19:00:00+00:00,16.352388,20.44968,0.1722,36.974268
2018-12-26 20:00:00+00:00,24.672023999999997,24.252732,0.2506,49.175356
2018-12-26 21:00:00+00:00,35.286732,29.838388000000002,0.3654,65.49052
2018-12-26 22:00:00+00:00,46.905534,38.702368,0.4746,86.08250199999999
2018-12-26 23:00:00+00:00,56.516148,47.855684000000004,0.5768,104.94863200000002
2018-12-27 00:00:00+00:00,65.696436,61.263220000000004,0.6803999999999999,127.64005600000002
2018-12-27 01:00:00+00:00,75.450492,75.85752399999998,0.7293999999999999,152.03741599999998
2018-12-27 02:00:00+00:00,85.491432,92.93079999999999,0.6706,179.09283200000002
2018-12-27 03:00:00+00:00,88.790598,103.937828,0.5963999999999999,193.324826
2018-12-27 04:00:00+00:00,94.384836,117.94365199999999,0.5922,212.92068799999998
2018-12-27 05:00:00+00:00,83.33980199999999,117.23502399999998,0.518,201.09282599999997
2018-12-27 06:00:00+00:00,72.43821,127.88651200000001,0.5137999999999999,200.838522
2018-12-27 07:00:00+00:00,92.376648,160.82772799999998,0.7028,253.90717599999996
2018-12-27 08:00:00+00:00,116.331462,162.0,1.0752,279.406662
2018-12-27 09:00:00+00:00,117.0,162.0,1.2418,280.2418
2018-12-27 10:00:00+00:00,117.0,162.0,1.288,280.288
2018-12-27 11:00:00+00:00,117.0,162.0,1.2782,280.2782
2018-12-27 12:00:00+00:00,117.0,162.0,1.2291999999999998,280.2292
2018-12-27 13:00:00+00:00,117.0,162.0,1.127,280.127
2018-12-27 14:00:00+00:00,101.556936,161.22985599999998,1.0304,263.817192
2018-12-27 15:00:00+00:00,91.946322,159.92293999999998,1.0206,252.889862
2018-12-27 16:00:00+00:00,93.23729999999999,161.531452,1.0626,255.831352
2018-12-27 17:00:00+00:00,93.380742,159.090664,1.1088,253.580206
2018-12-27 18:00:00+00:00,93.95451,159.475628,1.1409999999999998,254.571138
2018-12-27 19:00:00+00:00,103.70856599999999,159.666884,1.1242,264.49965
2018-12-27 20:00:00+00:00,99.97907399999998,155.17727200000002,1.0737999999999999,256.230146
2018-12-27 21:00:00+00:00,99.54874799999999,155.86138,0.9883999999999998,256.398528
2018-12-27 22:00:00+00:00,101.987262,162.0,0.9044,264.891662
2018-12-27 23:00:00+00:00,99.83563199999999,161.22985599999998,0.8175999999999999,261.883088
2018-12-28 00:00:00+00:00,92.23320600000001,149.206652,0.7546,242.19445800000003
2018-12-28 01:00:00+00:00,85.061106,136.902516,0.6733999999999999,222.63702199999997
2018-12-28 02:00:00+00:00,74.016072,125.96414399999999,0.5978,200.578016
2018-12-28 03:00:00+00:00,62.253828,107.870836,0.4941999999999999,170.618864
2018-12-28 04:00:00+00:00,55.22517,92.678244,0.35559999999999997,148.259014
2018-12-28 05:00:00+00:00,49.057164,82.176328,0.217,131.45049200000003
2018-12-28 06:00:00+00:00,46.618649999999995,79.97688400000001,0.15539999999999998,126.75093400000002
2018-12-28 07:00:00+00:00,50.92191,78.93723600000001,0.21559999999999999,130.074746
2018-12-28 08:00:00+00:00,50.491583999999996,75.00667999999999,0.30379999999999996,125.80206399999997
2018-12-28 09:00:00+00:00,49.487489999999994,77.892684,0.5236,127.903774
2018-12-28 10:00:00+00:00,49.487489999999994,83.333672,0.6888,133.509962
2018-12-28 11:00:00+00:00,48.05307,87.283844,0.735,136.07191400000002
2018-12-28 12:00:00+00:00,46.044882,89.059092,0.707,135.810974
2018-12-28 13:00:00+00:00,35.14329,83.88046800000001,0.5277999999999999,119.55155800000001
2018-12-28 14:00:00+00:00,27.827748,73.827268,0.40459999999999996,102.059616
2018-12-28 15:00:00+00:00,25.676117999999995,65.38257999999999,0.33459999999999995,91.39329799999999
2018-12-28 16:00:00+00:00,21.803183999999998,51.29584,0.2576,73.356624
2018-12-28 17:00:00+00:00,18.360576000000002,38.20215999999999,0.189,56.751735999999994
2018-12-28 18:00:00+00:00,14.917967999999998,25.888216,0.11199999999999999,40.918184000000004
2018-12-28 19:00:00+00:00,11.618802,16.948224,0.0784,28.645425999999997
2018-12-28 20:00:00+00:00,10.471265999999998,12.880355999999999,0.061599999999999995,23.413221999999998
2018-12-28 21:00:00+00:00,11.045034,11.394444,0.06019999999999999,22.499678
2018-12-28 22:00:00+00:00,13.340106,11.504784,0.0644,24.90929
2018-12-28 23:00:00+00:00,14.774526,11.61022,0.0644,26.449146
2018-12-29 00:00:00+00:00,15.491736,10.622064,0.0574,26.1712
2018-12-29 01:00:00+00:00,16.208946,9.040524,0.0378,25.287270000000003
2018-12-29 02:00:00+00:00,17.069598,8.05482,0.020999999999999998,25.145418
2018-12-29 03:00:00+00:00,16.926156,5.975523999999999,0.0224,22.92408
2018-12-29 04:00:00+00:00,16.639272000000002,4.190468,0.043399999999999994,20.87314
2018-12-29 05:00:00+00:00,15.635178,4.5925959999999995,0.077,20.304774000000002
2018-12-29 06:00:00+00:00,9.610614,3.288132,0.0672,12.965945999999999
2018-12-29 07:00:00+00:00,6.168005999999999,4.85496,0.055999999999999994,11.078966
2018-12-29 08:00:00+00:00,3.58605,4.744619999999999,0.054599999999999996,8.38527
2018-12-29 09:00:00+00:00,2.2950720000000002,3.158176,0.055999999999999994,5.509248
2018-12-29 10:00:00+00:00,1.5778619999999999,1.8757800000000002,0.0574,3.511042
2018-12-29 11:00:00+00:00,1.004094,0.890076,0.06019999999999999,1.95437
2018-12-29 12:00:00+00:00,1.004094,0.397224,0.054599999999999996,1.455918
2018-12-29 13:00:00+00:00,1.5778619999999999,0.301596,0.0392,1.9186579999999998
2018-12-29 14:00:00+00:00,3.0122820000000003,1.1058519999999998,0.0392,4.1573340000000005
2018-12-29 15:00:00+00:00,2.2950720000000002,2.30488,0.0294,4.629352
2018-12-29 16:00:00+00:00,1.004094,2.79528,0.0168,3.816174
2018-12-29 17:00:00+00:00,0.43032600000000004,2.7830199999999996,0.0084,3.2217459999999996
2018-12-29 18:00:00+00:00,0.14344200000000001,2.6775839999999995,0.0042,2.8252259999999993
2018-12-29 19:00:00+00:00,0.14344200000000001,2.277908,0.0028,2.42415
2018-12-29 20:00:00+00:00,0.14344200000000001,1.878232,0.0028,2.024474
2018-12-29 21:00:00+00:00,0.28688400000000003,1.2823959999999999,0.0042,1.57348
2018-12-29 22:00:00+00:00,1.004094,1.086236,0.006999999999999999,2.09733
2018-12-29 23:00:00+00:00,1.8647459999999998,0.988156,0.015399999999999999,2.868302
2018-12-30 00:00:00+00:00,2.2950720000000002,1.186768,0.015399999999999999,3.49724
2018-12-30 01:00:00+00:00,2.15163,1.382928,0.0196,3.5541579999999997
2018-12-30 02:00:00+00:00,1.7213040000000002,1.4810079999999999,0.030799999999999998,3.233112
2018-12-30 03:00:00+00:00,1.290978,1.3804759999999998,0.05039999999999999,2.7218539999999996
2018-12-30 04:00:00+00:00,1.004094,1.378024,0.077,2.459118
2018-12-30 05:00:00+00:00,0.8606520000000001,1.277492,0.10779999999999999,2.245944
2018-12-30 06:00:00+00:00,0.14344200000000001,0.9832519999999999,0.10219999999999999,1.228894
2018-12-30 07:00:00+00:00,0.28688400000000003,3.464676,0.13019999999999998,3.88176
2018-12-30 08:00:00+00:00,0.14344200000000001,4.4601880000000005,0.13999999999999999,4.7436300000000005
2018-12-30 09:00:00+00:00,0.7172099999999999,10.026228,0.1624,10.905838
2018-12-30 10:00:00+00:00,5.163912,20.95234,0.1624,26.278652
2018-12-30 11:00:00+00:00,10.614707999999998,30.67452,0.1764,41.465628
2018-12-30 12:00:00+00:00,11.905686,36.115508000000005,0.20579999999999998,48.226994000000005
2018-12-30 13:00:00+00:00,10.614707999999998,35.691311999999996,0.1596,46.465619999999994
2018-12-30 14:00:00+00:00,8.893403999999999,37.233619999999995,0.20299999999999999,46.330023999999995
2018-12-30 15:00:00+00:00,8.60652,38.687656000000004,0.25339999999999996,47.54757600000001
2018-12-30 16:00:00+00:00,8.176194,34.813496,0.2562,43.24589
2018-12-30 17:00:00+00:00,8.176194,30.752983999999998,0.238,39.167178
2018-12-30 18:00:00+00:00,8.749962,31.145304,0.2282,40.123466
2018-12-30 19:00:00+00:00,8.319636000000001,30.137532,0.21559999999999999,38.672768000000005
2018-12-30 20:00:00+00:00,7.458983999999999,25.081508,0.20019999999999996,32.740692
2018-12-30 21:00:00+00:00,7.315542,20.736564,0.20299999999999999,28.255106
2018-12-30 22:00:00+00:00,7.315542,17.092892,0.2226,24.631034
2018-12-30 23:00:00+00:00,6.45489,14.133327999999999,0.2688,20.857017999999997
2018-12-31 00:00:00+00:00,4.733586,9.089564,0.28979999999999995,14.112949999999998
2018-12-31 01:00:00+00:00,3.58605,5.433632,0.2716,9.291281999999999
2018-12-31 02:00:00+00:00,2.2950720000000002,2.7634040000000004,0.2254,5.283876
2018-12-31 03:00:00+00:00,1.290978,0.492852,0.16519999999999999,1.94903
2018-12-31 04:00:00+00:00,2.15163,0.0,0.0798,2.23143
2018-12-31 05:00:00+00:00,7.028658000000001,0.500208,0.0406,7.569466000000001
2018-12-31 06:00:00+00:00,0.43032600000000004,0.0,0.05039999999999999,0.48072600000000004
2018-12-31 07:00:00+00:00,0.0,0.296692,0.10219999999999999,0.398892
2018-12-31 08:00:00+00:00,0.0,0.885172,0.0924,0.977572
2018-12-31 09:00:00+00:00,0.0,2.1651160000000003,0.0784,2.243516
2018-12-31 10:00:00+00:00,0.0,4.040896,0.063,4.103896
2018-12-31 11:00:00+00:00,0.0,5.6224359999999995,0.05039999999999999,5.672835999999999
2018-12-31 12:00:00+00:00,1.004094,7.69928,0.0378,8.741174
2018-12-31 13:00:00+00:00,1.5778619999999999,11.269392,0.0196,12.866854
2018-12-31 14:00:00+00:00,2.008188,23.978108,0.0028,25.989096
2018-12-31 15:00:00+00:00,3.0122820000000003,43.704448,0.0,46.71673
2018-12-31 16:00:00+00:00,16.639272000000002,62.447536,0.0028,79.089608
2018-12-31 17:00:00+00:00,44.897346,84.022684,0.0392,128.95923
2018-12-31 18:00:00+00:00,71.721,107.351012,0.21,179.282012
2018-12-31 19:00:00+00:00,93.09385800000001,134.13666,0.5502,227.780718
2018-12-31 20:00:00+00:00,114.179832,154.09594,0.8623999999999999,269.138172
2018-12-31 21:00:00+00:00,117.0,160.26784,0.9576,278.22544
2018-12-31 22:00:00+00:00,117.0,162.0,0.9436,279.9436
2018-12-31 23:00:00+00:00,117.0,162.0,0.9268,279.9268
